

/home/daniel.z/ICML_PIECLAM_020425/experiments/scripts/link_prediction/hypers_search/hypers_search_splits.py:97:::  Using device: cuda


/home/daniel.z/ICML_PIECLAM_020425/experiments/scripts/link_prediction/hypers_search/hypers_search_splits.py:119:::  Running cross val link splits for squirrel with model pieclam


/home/daniel.z/ICML_PIECLAM_020425/experiments/scripts/link_prediction/hypers_search/hypers_search_splits.py:120:::  args=Namespace(model_name='pieclam', ds_name='squirrel', dim_feats=[50, 100, 200], l1_regs=[], s_regs=[0.0, 0.1], n_iters_feats=[500, 1000, 3000], lr_feats=[5e-06, 5e-07], dim_attr=[], n_iters_prior=[500, 1000, 3000], lr_prior=[5e-06, 5e-07], noise_amps=[0.05, 0.1], n_back_forth=[], first_funcs_in_fit=[], use_global_config_base=False, densify=False, attr_opt=False, test_p=0.1, val_p=0.1, val_dyads_path=None, test_dyads_path=None, random_search=True, num_draws_random=20, test_only=False, n_reps=1, reverse_test_set_order=True)


/home/daniel.z/ICML_PIECLAM_020425/experiments/optimization_utils.py:511:::  on test set /home/daniel.z/ICML_PIECLAM_020425/experiments/results/link_prediction/auc/squirrel/pieclam, split_12-46_03-05-25


/home/daniel.z/ICML_PIECLAM_020425/experiments/optimization_utils.py:626:::  RunSaver defined to acc_configs path /home/daniel.z/ICML_PIECLAM_020425/experiments/results/link_prediction/auc/squirrel/pieclam/split_12-46_03-05-25/valid/acc_configs23-01_20-05-25.json


/home/daniel.z/ICML_PIECLAM_020425/experiments/optimization_utils.py:648:::  Repetition no. 0


/home/daniel.z/ICML_PIECLAM_020425/experiments/../trainer.py:161:::  
Using dataset specific configuration and not global 




/home/daniel.z/ICML_PIECLAM_020425/experiments/../trainer.py:335:::  
 2025-05-20 23:01:58 starting optimization of pieclam on squirrel on device cuda

 configs_dict: 
{
    "clamiter_init": {
        "dim_feat": 100,
        "dim_attr": 100,
        "s_reg": 0.0,
        "l1_reg": 1,
        "T": 1,
        "hidden_dim": 64,
        "num_coupling_blocks": 32,
        "num_layers_mlp": 2
    },
    "feat_opt": {
        "lr": 5e-07,
        "n_iter": 1000,
        "early_stop": 0
    },
    "prior_opt": {
        "n_iter": 2000,
        "lr": 5e-06,
        "noise_amp": 0.1,
        "weight_decay": 0.1,
        "early_stop": 0
    },
    "back_forth": {
        "n_back_forth": 7,
        "scheduler_step_size": 3,
        "scheduler_gamma": 0.5,
        "early_stop_fit": 0,
        "first_func_in_fit": "fit_feats"
    }
}


/home/daniel.z/ICML_PIECLAM_020425/experiments/../clamiter.py:577:::  
in fit,
first_func_in_fit='fit_feats'
second_function_name='fit_prior'


/home/daniel.z/ICML_PIECLAM_020425/experiments/../clamiter.py:637:::  
back and forth 1/7


/home/daniel.z/ICML_PIECLAM_020425/experiments/../clamiter.py:364:::  staring fit_feats for 1000 iterations


/home/daniel.z/ICML_PIECLAM_020425/experiments/../clamiter.py:364:::  staring fit_prior for 2000 iterations


/home/daniel.z/ICML_PIECLAM_020425/experiments/../clamiter.py:637:::  
back and forth 2/7


/home/daniel.z/ICML_PIECLAM_020425/experiments/../clamiter.py:364:::  staring fit_feats for 1000 iterations


/home/daniel.z/ICML_PIECLAM_020425/experiments/../clamiter.py:364:::  staring fit_prior for 2000 iterations


/home/daniel.z/ICML_PIECLAM_020425/experiments/../clamiter.py:637:::  
back and forth 3/7


/home/daniel.z/ICML_PIECLAM_020425/experiments/../clamiter.py:364:::  staring fit_feats for 1000 iterations


/home/daniel.z/ICML_PIECLAM_020425/experiments/../clamiter.py:364:::  staring fit_prior for 2000 iterations


/home/daniel.z/ICML_PIECLAM_020425/experiments/../clamiter.py:637:::  
back and forth 4/7


/home/daniel.z/ICML_PIECLAM_020425/experiments/../clamiter.py:364:::  staring fit_feats for 1000 iterations


/home/daniel.z/ICML_PIECLAM_020425/experiments/../clamiter.py:364:::  staring fit_prior for 2000 iterations


/home/daniel.z/ICML_PIECLAM_020425/experiments/../clamiter.py:637:::  
back and forth 5/7


/home/daniel.z/ICML_PIECLAM_020425/experiments/../clamiter.py:364:::  staring fit_feats for 1000 iterations


/home/daniel.z/ICML_PIECLAM_020425/experiments/../clamiter.py:364:::  staring fit_prior for 2000 iterations


/home/daniel.z/ICML_PIECLAM_020425/experiments/../clamiter.py:637:::  
back and forth 6/7


/home/daniel.z/ICML_PIECLAM_020425/experiments/../clamiter.py:364:::  staring fit_feats for 1000 iterations


/home/daniel.z/ICML_PIECLAM_020425/experiments/../clamiter.py:364:::  staring fit_prior for 2000 iterations


/home/daniel.z/ICML_PIECLAM_020425/experiments/../clamiter.py:637:::  
back and forth 7/7


/home/daniel.z/ICML_PIECLAM_020425/experiments/../clamiter.py:364:::  staring fit_feats for 1000 iterations


/home/daniel.z/ICML_PIECLAM_020425/experiments/../clamiter.py:364:::  staring fit_prior for 2000 iterations


/home/daniel.z/ICML_PIECLAM_020425/experiments/../clamiter.py:704:::  
fit end, no early stopping


/home/daniel.z/ICML_PIECLAM_020425/experiments/../trainer.py:419:::  
train_model_on_params on pieclam squirrel 
took 2655.0219967365265 seconds


/home/daniel.z/ICML_PIECLAM_020425/experiments/../trainer.py:437:::  


FINISHED train 
 last accuracies:
test
key='auc': 0.9441724225033068
val
key='auc': 0.9416337437505374




/home/daniel.z/ICML_PIECLAM_020425/experiments/optimization_utils.py:648:::  Repetition no. 0


/home/daniel.z/ICML_PIECLAM_020425/experiments/../trainer.py:161:::  
Using dataset specific configuration and not global 




/home/daniel.z/ICML_PIECLAM_020425/experiments/../trainer.py:335:::  
 2025-05-20 23:46:13 starting optimization of pieclam on squirrel on device cuda

 configs_dict: 
{
    "clamiter_init": {
        "dim_feat": 200,
        "dim_attr": 100,
        "s_reg": 0.0,
        "l1_reg": 1,
        "T": 1,
        "hidden_dim": 64,
        "num_coupling_blocks": 32,
        "num_layers_mlp": 2
    },
    "feat_opt": {
        "lr": 5e-06,
        "n_iter": 500,
        "early_stop": 0
    },
    "prior_opt": {
        "n_iter": 2000,
        "lr": 5e-06,
        "noise_amp": 0.1,
        "weight_decay": 0.1,
        "early_stop": 0
    },
    "back_forth": {
        "n_back_forth": 7,
        "scheduler_step_size": 3,
        "scheduler_gamma": 0.5,
        "early_stop_fit": 0,
        "first_func_in_fit": "fit_feats"
    }
}


/home/daniel.z/ICML_PIECLAM_020425/experiments/../clamiter.py:577:::  
in fit,
first_func_in_fit='fit_feats'
second_function_name='fit_prior'


/home/daniel.z/ICML_PIECLAM_020425/experiments/../clamiter.py:637:::  
back and forth 1/7


/home/daniel.z/ICML_PIECLAM_020425/experiments/../clamiter.py:364:::  staring fit_feats for 500 iterations


/home/daniel.z/ICML_PIECLAM_020425/experiments/../clamiter.py:364:::  staring fit_prior for 2000 iterations


/home/daniel.z/ICML_PIECLAM_020425/experiments/../clamiter.py:637:::  
back and forth 2/7


/home/daniel.z/ICML_PIECLAM_020425/experiments/../clamiter.py:364:::  staring fit_feats for 500 iterations


/home/daniel.z/ICML_PIECLAM_020425/experiments/../clamiter.py:364:::  staring fit_prior for 2000 iterations


/home/daniel.z/ICML_PIECLAM_020425/experiments/../clamiter.py:637:::  
back and forth 3/7


/home/daniel.z/ICML_PIECLAM_020425/experiments/../clamiter.py:364:::  staring fit_feats for 500 iterations


/home/daniel.z/ICML_PIECLAM_020425/experiments/../clamiter.py:364:::  staring fit_prior for 2000 iterations


/home/daniel.z/ICML_PIECLAM_020425/experiments/../clamiter.py:637:::  
back and forth 4/7


/home/daniel.z/ICML_PIECLAM_020425/experiments/../clamiter.py:364:::  staring fit_feats for 500 iterations


/home/daniel.z/ICML_PIECLAM_020425/experiments/../clamiter.py:364:::  staring fit_prior for 2000 iterations


/home/daniel.z/ICML_PIECLAM_020425/experiments/../clamiter.py:637:::  
back and forth 5/7


/home/daniel.z/ICML_PIECLAM_020425/experiments/../clamiter.py:364:::  staring fit_feats for 500 iterations


/home/daniel.z/ICML_PIECLAM_020425/experiments/../clamiter.py:364:::  staring fit_prior for 2000 iterations


/home/daniel.z/ICML_PIECLAM_020425/experiments/../clamiter.py:637:::  
back and forth 6/7


/home/daniel.z/ICML_PIECLAM_020425/experiments/../clamiter.py:364:::  staring fit_feats for 500 iterations


/home/daniel.z/ICML_PIECLAM_020425/experiments/../clamiter.py:364:::  staring fit_prior for 2000 iterations


/home/daniel.z/ICML_PIECLAM_020425/experiments/../clamiter.py:637:::  
back and forth 7/7


/home/daniel.z/ICML_PIECLAM_020425/experiments/../clamiter.py:364:::  staring fit_feats for 500 iterations


/home/daniel.z/ICML_PIECLAM_020425/experiments/../clamiter.py:364:::  staring fit_prior for 2000 iterations


/home/daniel.z/ICML_PIECLAM_020425/experiments/../clamiter.py:704:::  
fit end, no early stopping


/home/daniel.z/ICML_PIECLAM_020425/experiments/../trainer.py:419:::  
train_model_on_params on pieclam squirrel 
took 2125.768206357956 seconds


/home/daniel.z/ICML_PIECLAM_020425/experiments/../trainer.py:437:::  


FINISHED train 
 last accuracies:
test
key='auc': 0.9863903687490423
val
key='auc': 0.9859392358283222




/home/daniel.z/ICML_PIECLAM_020425/experiments/optimization_utils.py:648:::  Repetition no. 0


/home/daniel.z/ICML_PIECLAM_020425/experiments/../trainer.py:161:::  
Using dataset specific configuration and not global 




/home/daniel.z/ICML_PIECLAM_020425/experiments/../trainer.py:335:::  
 2025-05-21 00:21:40 starting optimization of pieclam on squirrel on device cuda

 configs_dict: 
{
    "clamiter_init": {
        "dim_feat": 50,
        "dim_attr": 100,
        "s_reg": 0.0,
        "l1_reg": 1,
        "T": 1,
        "hidden_dim": 64,
        "num_coupling_blocks": 32,
        "num_layers_mlp": 2
    },
    "feat_opt": {
        "lr": 5e-07,
        "n_iter": 3000,
        "early_stop": 0
    },
    "prior_opt": {
        "n_iter": 2000,
        "lr": 5e-06,
        "noise_amp": 0.1,
        "weight_decay": 0.1,
        "early_stop": 0
    },
    "back_forth": {
        "n_back_forth": 7,
        "scheduler_step_size": 3,
        "scheduler_gamma": 0.5,
        "early_stop_fit": 0,
        "first_func_in_fit": "fit_feats"
    }
}


/home/daniel.z/ICML_PIECLAM_020425/experiments/../clamiter.py:577:::  
in fit,
first_func_in_fit='fit_feats'
second_function_name='fit_prior'


/home/daniel.z/ICML_PIECLAM_020425/experiments/../clamiter.py:637:::  
back and forth 1/7


/home/daniel.z/ICML_PIECLAM_020425/experiments/../clamiter.py:364:::  staring fit_feats for 3000 iterations


/home/daniel.z/ICML_PIECLAM_020425/experiments/../clamiter.py:364:::  staring fit_prior for 2000 iterations


/home/daniel.z/ICML_PIECLAM_020425/experiments/../clamiter.py:637:::  
back and forth 2/7


/home/daniel.z/ICML_PIECLAM_020425/experiments/../clamiter.py:364:::  staring fit_feats for 3000 iterations


/home/daniel.z/ICML_PIECLAM_020425/experiments/../clamiter.py:364:::  staring fit_prior for 2000 iterations


/home/daniel.z/ICML_PIECLAM_020425/experiments/../clamiter.py:637:::  
back and forth 3/7


/home/daniel.z/ICML_PIECLAM_020425/experiments/../clamiter.py:364:::  staring fit_feats for 3000 iterations


/home/daniel.z/ICML_PIECLAM_020425/experiments/../clamiter.py:364:::  staring fit_prior for 2000 iterations


/home/daniel.z/ICML_PIECLAM_020425/experiments/../clamiter.py:637:::  
back and forth 4/7


/home/daniel.z/ICML_PIECLAM_020425/experiments/../clamiter.py:364:::  staring fit_feats for 3000 iterations


/home/daniel.z/ICML_PIECLAM_020425/experiments/../clamiter.py:364:::  staring fit_prior for 2000 iterations


/home/daniel.z/ICML_PIECLAM_020425/experiments/../clamiter.py:637:::  
back and forth 5/7


/home/daniel.z/ICML_PIECLAM_020425/experiments/../clamiter.py:364:::  staring fit_feats for 3000 iterations


/home/daniel.z/ICML_PIECLAM_020425/experiments/../clamiter.py:364:::  staring fit_prior for 2000 iterations


/home/daniel.z/ICML_PIECLAM_020425/experiments/../clamiter.py:637:::  
back and forth 6/7


/home/daniel.z/ICML_PIECLAM_020425/experiments/../clamiter.py:364:::  staring fit_feats for 3000 iterations


/home/daniel.z/ICML_PIECLAM_020425/experiments/../clamiter.py:364:::  staring fit_prior for 2000 iterations


/home/daniel.z/ICML_PIECLAM_020425/experiments/../clamiter.py:637:::  
back and forth 7/7


/home/daniel.z/ICML_PIECLAM_020425/experiments/../clamiter.py:364:::  staring fit_feats for 3000 iterations


/home/daniel.z/ICML_PIECLAM_020425/experiments/../clamiter.py:364:::  staring fit_prior for 2000 iterations


/home/daniel.z/ICML_PIECLAM_020425/experiments/../clamiter.py:704:::  
fit end, no early stopping


/home/daniel.z/ICML_PIECLAM_020425/experiments/../trainer.py:419:::  
train_model_on_params on pieclam squirrel 
took 4636.0451600551605 seconds


/home/daniel.z/ICML_PIECLAM_020425/experiments/../trainer.py:437:::  


FINISHED train 
 last accuracies:
test
key='auc': 0.9772781091853393
val
key='auc': 0.976318628126221




/home/daniel.z/ICML_PIECLAM_020425/experiments/optimization_utils.py:648:::  Repetition no. 0


/home/daniel.z/ICML_PIECLAM_020425/experiments/../trainer.py:161:::  
Using dataset specific configuration and not global 




/home/daniel.z/ICML_PIECLAM_020425/experiments/../trainer.py:335:::  
 2025-05-21 01:38:56 starting optimization of pieclam on squirrel on device cuda

 configs_dict: 
{
    "clamiter_init": {
        "dim_feat": 100,
        "dim_attr": 100,
        "s_reg": 0.1,
        "l1_reg": 1,
        "T": 1,
        "hidden_dim": 64,
        "num_coupling_blocks": 32,
        "num_layers_mlp": 2
    },
    "feat_opt": {
        "lr": 5e-07,
        "n_iter": 1000,
        "early_stop": 0
    },
    "prior_opt": {
        "n_iter": 2000,
        "lr": 5e-06,
        "noise_amp": 0.1,
        "weight_decay": 0.1,
        "early_stop": 0
    },
    "back_forth": {
        "n_back_forth": 7,
        "scheduler_step_size": 3,
        "scheduler_gamma": 0.5,
        "early_stop_fit": 0,
        "first_func_in_fit": "fit_feats"
    }
}


/home/daniel.z/ICML_PIECLAM_020425/experiments/../clamiter.py:577:::  
in fit,
first_func_in_fit='fit_feats'
second_function_name='fit_prior'


/home/daniel.z/ICML_PIECLAM_020425/experiments/../clamiter.py:637:::  
back and forth 1/7


/home/daniel.z/ICML_PIECLAM_020425/experiments/../clamiter.py:364:::  staring fit_feats for 1000 iterations


/home/daniel.z/ICML_PIECLAM_020425/experiments/../clamiter.py:364:::  staring fit_prior for 2000 iterations


/home/daniel.z/ICML_PIECLAM_020425/experiments/../clamiter.py:637:::  
back and forth 2/7


/home/daniel.z/ICML_PIECLAM_020425/experiments/../clamiter.py:364:::  staring fit_feats for 1000 iterations


/home/daniel.z/ICML_PIECLAM_020425/experiments/../clamiter.py:364:::  staring fit_prior for 2000 iterations


/home/daniel.z/ICML_PIECLAM_020425/experiments/../clamiter.py:637:::  
back and forth 3/7


/home/daniel.z/ICML_PIECLAM_020425/experiments/../clamiter.py:364:::  staring fit_feats for 1000 iterations


/home/daniel.z/ICML_PIECLAM_020425/experiments/../clamiter.py:364:::  staring fit_prior for 2000 iterations


/home/daniel.z/ICML_PIECLAM_020425/experiments/../clamiter.py:637:::  
back and forth 4/7


/home/daniel.z/ICML_PIECLAM_020425/experiments/../clamiter.py:364:::  staring fit_feats for 1000 iterations


/home/daniel.z/ICML_PIECLAM_020425/experiments/../clamiter.py:364:::  staring fit_prior for 2000 iterations


/home/daniel.z/ICML_PIECLAM_020425/experiments/../clamiter.py:637:::  
back and forth 5/7


/home/daniel.z/ICML_PIECLAM_020425/experiments/../clamiter.py:364:::  staring fit_feats for 1000 iterations


/home/daniel.z/ICML_PIECLAM_020425/experiments/../clamiter.py:364:::  staring fit_prior for 2000 iterations


/home/daniel.z/ICML_PIECLAM_020425/experiments/../clamiter.py:637:::  
back and forth 6/7


/home/daniel.z/ICML_PIECLAM_020425/experiments/../clamiter.py:364:::  staring fit_feats for 1000 iterations


/home/daniel.z/ICML_PIECLAM_020425/experiments/../clamiter.py:364:::  staring fit_prior for 2000 iterations


/home/daniel.z/ICML_PIECLAM_020425/experiments/../clamiter.py:637:::  
back and forth 7/7


/home/daniel.z/ICML_PIECLAM_020425/experiments/../clamiter.py:364:::  staring fit_feats for 1000 iterations


/home/daniel.z/ICML_PIECLAM_020425/experiments/../clamiter.py:364:::  staring fit_prior for 2000 iterations


/home/daniel.z/ICML_PIECLAM_020425/experiments/../clamiter.py:704:::  
fit end, no early stopping


/home/daniel.z/ICML_PIECLAM_020425/experiments/../trainer.py:419:::  
train_model_on_params on pieclam squirrel 
took 2630.9815402030945 seconds


/home/daniel.z/ICML_PIECLAM_020425/experiments/../trainer.py:437:::  


FINISHED train 
 last accuracies:
test
key='auc': 0.9442800880057343
val
key='auc': 0.9434853986897762




/home/daniel.z/ICML_PIECLAM_020425/experiments/optimization_utils.py:648:::  Repetition no. 0


/home/daniel.z/ICML_PIECLAM_020425/experiments/../trainer.py:161:::  
Using dataset specific configuration and not global 




/home/daniel.z/ICML_PIECLAM_020425/experiments/../trainer.py:335:::  
 2025-05-21 02:22:48 starting optimization of pieclam on squirrel on device cuda

 configs_dict: 
{
    "clamiter_init": {
        "dim_feat": 200,
        "dim_attr": 100,
        "s_reg": 0.1,
        "l1_reg": 1,
        "T": 1,
        "hidden_dim": 64,
        "num_coupling_blocks": 32,
        "num_layers_mlp": 2
    },
    "feat_opt": {
        "lr": 5e-06,
        "n_iter": 1000,
        "early_stop": 0
    },
    "prior_opt": {
        "n_iter": 2000,
        "lr": 5e-06,
        "noise_amp": 0.1,
        "weight_decay": 0.1,
        "early_stop": 0
    },
    "back_forth": {
        "n_back_forth": 7,
        "scheduler_step_size": 3,
        "scheduler_gamma": 0.5,
        "early_stop_fit": 0,
        "first_func_in_fit": "fit_feats"
    }
}


/home/daniel.z/ICML_PIECLAM_020425/experiments/../clamiter.py:577:::  
in fit,
first_func_in_fit='fit_feats'
second_function_name='fit_prior'


/home/daniel.z/ICML_PIECLAM_020425/experiments/../clamiter.py:637:::  
back and forth 1/7


/home/daniel.z/ICML_PIECLAM_020425/experiments/../clamiter.py:364:::  staring fit_feats for 1000 iterations


/home/daniel.z/ICML_PIECLAM_020425/experiments/../clamiter.py:364:::  staring fit_prior for 2000 iterations


/home/daniel.z/ICML_PIECLAM_020425/experiments/../clamiter.py:637:::  
back and forth 2/7


/home/daniel.z/ICML_PIECLAM_020425/experiments/../clamiter.py:364:::  staring fit_feats for 1000 iterations


/home/daniel.z/ICML_PIECLAM_020425/experiments/../clamiter.py:364:::  staring fit_prior for 2000 iterations


/home/daniel.z/ICML_PIECLAM_020425/experiments/../clamiter.py:637:::  
back and forth 3/7


/home/daniel.z/ICML_PIECLAM_020425/experiments/../clamiter.py:364:::  staring fit_feats for 1000 iterations


/home/daniel.z/ICML_PIECLAM_020425/experiments/../clamiter.py:364:::  staring fit_prior for 2000 iterations


/home/daniel.z/ICML_PIECLAM_020425/experiments/../clamiter.py:637:::  
back and forth 4/7


/home/daniel.z/ICML_PIECLAM_020425/experiments/../clamiter.py:364:::  staring fit_feats for 1000 iterations


/home/daniel.z/ICML_PIECLAM_020425/experiments/../clamiter.py:364:::  staring fit_prior for 2000 iterations


/home/daniel.z/ICML_PIECLAM_020425/experiments/../clamiter.py:637:::  
back and forth 5/7


/home/daniel.z/ICML_PIECLAM_020425/experiments/../clamiter.py:364:::  staring fit_feats for 1000 iterations


/home/daniel.z/ICML_PIECLAM_020425/experiments/../clamiter.py:364:::  staring fit_prior for 2000 iterations


/home/daniel.z/ICML_PIECLAM_020425/experiments/../clamiter.py:637:::  
back and forth 6/7


/home/daniel.z/ICML_PIECLAM_020425/experiments/../clamiter.py:364:::  staring fit_feats for 1000 iterations


/home/daniel.z/ICML_PIECLAM_020425/experiments/../clamiter.py:364:::  staring fit_prior for 2000 iterations


/home/daniel.z/ICML_PIECLAM_020425/experiments/../clamiter.py:637:::  
back and forth 7/7


/home/daniel.z/ICML_PIECLAM_020425/experiments/../clamiter.py:364:::  staring fit_feats for 1000 iterations


/home/daniel.z/ICML_PIECLAM_020425/experiments/../clamiter.py:364:::  staring fit_prior for 2000 iterations


/home/daniel.z/ICML_PIECLAM_020425/experiments/../clamiter.py:704:::  
fit end, no early stopping


/home/daniel.z/ICML_PIECLAM_020425/experiments/../trainer.py:419:::  
train_model_on_params on pieclam squirrel 
took 2773.4384994506836 seconds


/home/daniel.z/ICML_PIECLAM_020425/experiments/../trainer.py:437:::  


FINISHED train 
 last accuracies:
test
key='auc': 0.990024387048921
val
key='auc': 0.9896637257246789




/home/daniel.z/ICML_PIECLAM_020425/experiments/optimization_utils.py:648:::  Repetition no. 0


/home/daniel.z/ICML_PIECLAM_020425/experiments/../trainer.py:161:::  
Using dataset specific configuration and not global 




/home/daniel.z/ICML_PIECLAM_020425/experiments/../trainer.py:335:::  
 2025-05-21 03:09:03 starting optimization of pieclam on squirrel on device cuda

 configs_dict: 
{
    "clamiter_init": {
        "dim_feat": 50,
        "dim_attr": 100,
        "s_reg": 0.1,
        "l1_reg": 1,
        "T": 1,
        "hidden_dim": 64,
        "num_coupling_blocks": 32,
        "num_layers_mlp": 2
    },
    "feat_opt": {
        "lr": 5e-07,
        "n_iter": 500,
        "early_stop": 0
    },
    "prior_opt": {
        "n_iter": 2000,
        "lr": 5e-06,
        "noise_amp": 0.1,
        "weight_decay": 0.1,
        "early_stop": 0
    },
    "back_forth": {
        "n_back_forth": 7,
        "scheduler_step_size": 3,
        "scheduler_gamma": 0.5,
        "early_stop_fit": 0,
        "first_func_in_fit": "fit_feats"
    }
}


/home/daniel.z/ICML_PIECLAM_020425/experiments/../clamiter.py:577:::  
in fit,
first_func_in_fit='fit_feats'
second_function_name='fit_prior'


/home/daniel.z/ICML_PIECLAM_020425/experiments/../clamiter.py:637:::  
back and forth 1/7


/home/daniel.z/ICML_PIECLAM_020425/experiments/../clamiter.py:364:::  staring fit_feats for 500 iterations


/home/daniel.z/ICML_PIECLAM_020425/experiments/../clamiter.py:364:::  staring fit_prior for 2000 iterations


/home/daniel.z/ICML_PIECLAM_020425/experiments/../clamiter.py:637:::  
back and forth 2/7


/home/daniel.z/ICML_PIECLAM_020425/experiments/../clamiter.py:364:::  staring fit_feats for 500 iterations


/home/daniel.z/ICML_PIECLAM_020425/experiments/../clamiter.py:364:::  staring fit_prior for 2000 iterations


/home/daniel.z/ICML_PIECLAM_020425/experiments/../clamiter.py:637:::  
back and forth 3/7


/home/daniel.z/ICML_PIECLAM_020425/experiments/../clamiter.py:364:::  staring fit_feats for 500 iterations


/home/daniel.z/ICML_PIECLAM_020425/experiments/../clamiter.py:364:::  staring fit_prior for 2000 iterations


/home/daniel.z/ICML_PIECLAM_020425/experiments/../clamiter.py:637:::  
back and forth 4/7


/home/daniel.z/ICML_PIECLAM_020425/experiments/../clamiter.py:364:::  staring fit_feats for 500 iterations


/home/daniel.z/ICML_PIECLAM_020425/experiments/../clamiter.py:364:::  staring fit_prior for 2000 iterations


/home/daniel.z/ICML_PIECLAM_020425/experiments/../clamiter.py:637:::  
back and forth 5/7


/home/daniel.z/ICML_PIECLAM_020425/experiments/../clamiter.py:364:::  staring fit_feats for 500 iterations


/home/daniel.z/ICML_PIECLAM_020425/experiments/../clamiter.py:364:::  staring fit_prior for 2000 iterations


/home/daniel.z/ICML_PIECLAM_020425/experiments/../clamiter.py:637:::  
back and forth 6/7


/home/daniel.z/ICML_PIECLAM_020425/experiments/../clamiter.py:364:::  staring fit_feats for 500 iterations


/home/daniel.z/ICML_PIECLAM_020425/experiments/../clamiter.py:364:::  staring fit_prior for 2000 iterations


/home/daniel.z/ICML_PIECLAM_020425/experiments/../clamiter.py:637:::  
back and forth 7/7


/home/daniel.z/ICML_PIECLAM_020425/experiments/../clamiter.py:364:::  staring fit_feats for 500 iterations


/home/daniel.z/ICML_PIECLAM_020425/experiments/../clamiter.py:364:::  staring fit_prior for 2000 iterations


/home/daniel.z/ICML_PIECLAM_020425/experiments/../clamiter.py:704:::  
fit end, no early stopping


/home/daniel.z/ICML_PIECLAM_020425/experiments/../trainer.py:419:::  
train_model_on_params on pieclam squirrel 
took 1991.0678899288177 seconds


/home/daniel.z/ICML_PIECLAM_020425/experiments/../trainer.py:437:::  


FINISHED train 
 last accuracies:
test
key='auc': 0.91290294542969
val
key='auc': 0.9106899167553051




/home/daniel.z/ICML_PIECLAM_020425/experiments/optimization_utils.py:648:::  Repetition no. 0


/home/daniel.z/ICML_PIECLAM_020425/experiments/../trainer.py:161:::  
Using dataset specific configuration and not global 




/home/daniel.z/ICML_PIECLAM_020425/experiments/../trainer.py:335:::  
 2025-05-21 03:42:14 starting optimization of pieclam on squirrel on device cuda

 configs_dict: 
{
    "clamiter_init": {
        "dim_feat": 200,
        "dim_attr": 100,
        "s_reg": 0.1,
        "l1_reg": 1,
        "T": 1,
        "hidden_dim": 64,
        "num_coupling_blocks": 32,
        "num_layers_mlp": 2
    },
    "feat_opt": {
        "lr": 5e-06,
        "n_iter": 500,
        "early_stop": 0
    },
    "prior_opt": {
        "n_iter": 2000,
        "lr": 5e-06,
        "noise_amp": 0.1,
        "weight_decay": 0.1,
        "early_stop": 0
    },
    "back_forth": {
        "n_back_forth": 7,
        "scheduler_step_size": 3,
        "scheduler_gamma": 0.5,
        "early_stop_fit": 0,
        "first_func_in_fit": "fit_feats"
    }
}


/home/daniel.z/ICML_PIECLAM_020425/experiments/../clamiter.py:577:::  
in fit,
first_func_in_fit='fit_feats'
second_function_name='fit_prior'


/home/daniel.z/ICML_PIECLAM_020425/experiments/../clamiter.py:637:::  
back and forth 1/7


/home/daniel.z/ICML_PIECLAM_020425/experiments/../clamiter.py:364:::  staring fit_feats for 500 iterations


/home/daniel.z/ICML_PIECLAM_020425/experiments/../clamiter.py:364:::  staring fit_prior for 2000 iterations


/home/daniel.z/ICML_PIECLAM_020425/experiments/../clamiter.py:637:::  
back and forth 2/7


/home/daniel.z/ICML_PIECLAM_020425/experiments/../clamiter.py:364:::  staring fit_feats for 500 iterations


/home/daniel.z/ICML_PIECLAM_020425/experiments/../clamiter.py:364:::  staring fit_prior for 2000 iterations


/home/daniel.z/ICML_PIECLAM_020425/experiments/../clamiter.py:637:::  
back and forth 3/7


/home/daniel.z/ICML_PIECLAM_020425/experiments/../clamiter.py:364:::  staring fit_feats for 500 iterations


/home/daniel.z/ICML_PIECLAM_020425/experiments/../clamiter.py:364:::  staring fit_prior for 2000 iterations


/home/daniel.z/ICML_PIECLAM_020425/experiments/../clamiter.py:637:::  
back and forth 4/7


/home/daniel.z/ICML_PIECLAM_020425/experiments/../clamiter.py:364:::  staring fit_feats for 500 iterations


/home/daniel.z/ICML_PIECLAM_020425/experiments/../clamiter.py:364:::  staring fit_prior for 2000 iterations


/home/daniel.z/ICML_PIECLAM_020425/experiments/../clamiter.py:637:::  
back and forth 5/7


/home/daniel.z/ICML_PIECLAM_020425/experiments/../clamiter.py:364:::  staring fit_feats for 500 iterations


/home/daniel.z/ICML_PIECLAM_020425/experiments/../clamiter.py:364:::  staring fit_prior for 2000 iterations


/home/daniel.z/ICML_PIECLAM_020425/experiments/../clamiter.py:637:::  
back and forth 6/7


/home/daniel.z/ICML_PIECLAM_020425/experiments/../clamiter.py:364:::  staring fit_feats for 500 iterations


/home/daniel.z/ICML_PIECLAM_020425/experiments/../clamiter.py:364:::  staring fit_prior for 2000 iterations


/home/daniel.z/ICML_PIECLAM_020425/experiments/../clamiter.py:637:::  
back and forth 7/7


/home/daniel.z/ICML_PIECLAM_020425/experiments/../clamiter.py:364:::  staring fit_feats for 500 iterations


/home/daniel.z/ICML_PIECLAM_020425/experiments/../clamiter.py:364:::  staring fit_prior for 2000 iterations


/home/daniel.z/ICML_PIECLAM_020425/experiments/../clamiter.py:704:::  
fit end, no early stopping


/home/daniel.z/ICML_PIECLAM_020425/experiments/../trainer.py:419:::  
train_model_on_params on pieclam squirrel 
took 2118.1808104515076 seconds


/home/daniel.z/ICML_PIECLAM_020425/experiments/../trainer.py:437:::  


FINISHED train 
 last accuracies:
test
key='auc': 0.9848049511267937
val
key='auc': 0.9845029150100817




/home/daniel.z/ICML_PIECLAM_020425/experiments/optimization_utils.py:648:::  Repetition no. 0


/home/daniel.z/ICML_PIECLAM_020425/experiments/../trainer.py:161:::  
Using dataset specific configuration and not global 




/home/daniel.z/ICML_PIECLAM_020425/experiments/../trainer.py:335:::  
 2025-05-21 04:17:34 starting optimization of pieclam on squirrel on device cuda

 configs_dict: 
{
    "clamiter_init": {
        "dim_feat": 100,
        "dim_attr": 100,
        "s_reg": 0.1,
        "l1_reg": 1,
        "T": 1,
        "hidden_dim": 64,
        "num_coupling_blocks": 32,
        "num_layers_mlp": 2
    },
    "feat_opt": {
        "lr": 5e-07,
        "n_iter": 500,
        "early_stop": 0
    },
    "prior_opt": {
        "n_iter": 2000,
        "lr": 5e-06,
        "noise_amp": 0.1,
        "weight_decay": 0.1,
        "early_stop": 0
    },
    "back_forth": {
        "n_back_forth": 7,
        "scheduler_step_size": 3,
        "scheduler_gamma": 0.5,
        "early_stop_fit": 0,
        "first_func_in_fit": "fit_feats"
    }
}


/home/daniel.z/ICML_PIECLAM_020425/experiments/../clamiter.py:577:::  
in fit,
first_func_in_fit='fit_feats'
second_function_name='fit_prior'


/home/daniel.z/ICML_PIECLAM_020425/experiments/../clamiter.py:637:::  
back and forth 1/7


/home/daniel.z/ICML_PIECLAM_020425/experiments/../clamiter.py:364:::  staring fit_feats for 500 iterations


/home/daniel.z/ICML_PIECLAM_020425/experiments/../clamiter.py:364:::  staring fit_prior for 2000 iterations


/home/daniel.z/ICML_PIECLAM_020425/experiments/../clamiter.py:637:::  
back and forth 2/7


/home/daniel.z/ICML_PIECLAM_020425/experiments/../clamiter.py:364:::  staring fit_feats for 500 iterations


/home/daniel.z/ICML_PIECLAM_020425/experiments/../clamiter.py:364:::  staring fit_prior for 2000 iterations


/home/daniel.z/ICML_PIECLAM_020425/experiments/../clamiter.py:637:::  
back and forth 3/7


/home/daniel.z/ICML_PIECLAM_020425/experiments/../clamiter.py:364:::  staring fit_feats for 500 iterations


/home/daniel.z/ICML_PIECLAM_020425/experiments/../clamiter.py:364:::  staring fit_prior for 2000 iterations


/home/daniel.z/ICML_PIECLAM_020425/experiments/../clamiter.py:637:::  
back and forth 4/7


/home/daniel.z/ICML_PIECLAM_020425/experiments/../clamiter.py:364:::  staring fit_feats for 500 iterations


/home/daniel.z/ICML_PIECLAM_020425/experiments/../clamiter.py:364:::  staring fit_prior for 2000 iterations


/home/daniel.z/ICML_PIECLAM_020425/experiments/../clamiter.py:637:::  
back and forth 5/7


/home/daniel.z/ICML_PIECLAM_020425/experiments/../clamiter.py:364:::  staring fit_feats for 500 iterations


/home/daniel.z/ICML_PIECLAM_020425/experiments/../clamiter.py:364:::  staring fit_prior for 2000 iterations


/home/daniel.z/ICML_PIECLAM_020425/experiments/../clamiter.py:637:::  
back and forth 6/7


/home/daniel.z/ICML_PIECLAM_020425/experiments/../clamiter.py:364:::  staring fit_feats for 500 iterations


/home/daniel.z/ICML_PIECLAM_020425/experiments/../clamiter.py:364:::  staring fit_prior for 2000 iterations


/home/daniel.z/ICML_PIECLAM_020425/experiments/../clamiter.py:637:::  
back and forth 7/7


/home/daniel.z/ICML_PIECLAM_020425/experiments/../clamiter.py:364:::  staring fit_feats for 500 iterations


/home/daniel.z/ICML_PIECLAM_020425/experiments/../clamiter.py:364:::  staring fit_prior for 2000 iterations


/home/daniel.z/ICML_PIECLAM_020425/experiments/../clamiter.py:704:::  
fit end, no early stopping


/home/daniel.z/ICML_PIECLAM_020425/experiments/../trainer.py:419:::  
train_model_on_params on pieclam squirrel 
took 2044.01780128479 seconds


/home/daniel.z/ICML_PIECLAM_020425/experiments/../trainer.py:437:::  


FINISHED train 
 last accuracies:
test
key='auc': 0.905156496774254
val
key='auc': 0.9023065011404934




/home/daniel.z/ICML_PIECLAM_020425/experiments/optimization_utils.py:648:::  Repetition no. 0


/home/daniel.z/ICML_PIECLAM_020425/experiments/../trainer.py:161:::  
Using dataset specific configuration and not global 




/home/daniel.z/ICML_PIECLAM_020425/experiments/../trainer.py:335:::  
 2025-05-21 04:51:38 starting optimization of pieclam on squirrel on device cuda

 configs_dict: 
{
    "clamiter_init": {
        "dim_feat": 50,
        "dim_attr": 100,
        "s_reg": 0.1,
        "l1_reg": 1,
        "T": 1,
        "hidden_dim": 64,
        "num_coupling_blocks": 32,
        "num_layers_mlp": 2
    },
    "feat_opt": {
        "lr": 5e-06,
        "n_iter": 3000,
        "early_stop": 0
    },
    "prior_opt": {
        "n_iter": 2000,
        "lr": 5e-06,
        "noise_amp": 0.1,
        "weight_decay": 0.1,
        "early_stop": 0
    },
    "back_forth": {
        "n_back_forth": 7,
        "scheduler_step_size": 3,
        "scheduler_gamma": 0.5,
        "early_stop_fit": 0,
        "first_func_in_fit": "fit_feats"
    }
}


/home/daniel.z/ICML_PIECLAM_020425/experiments/../clamiter.py:577:::  
in fit,
first_func_in_fit='fit_feats'
second_function_name='fit_prior'


/home/daniel.z/ICML_PIECLAM_020425/experiments/../clamiter.py:637:::  
back and forth 1/7


/home/daniel.z/ICML_PIECLAM_020425/experiments/../clamiter.py:364:::  staring fit_feats for 3000 iterations


/home/daniel.z/ICML_PIECLAM_020425/experiments/../clamiter.py:364:::  staring fit_prior for 2000 iterations


/home/daniel.z/ICML_PIECLAM_020425/experiments/../clamiter.py:637:::  
back and forth 2/7


/home/daniel.z/ICML_PIECLAM_020425/experiments/../clamiter.py:364:::  staring fit_feats for 3000 iterations


/home/daniel.z/ICML_PIECLAM_020425/experiments/../clamiter.py:364:::  staring fit_prior for 2000 iterations


/home/daniel.z/ICML_PIECLAM_020425/experiments/../clamiter.py:637:::  
back and forth 3/7


/home/daniel.z/ICML_PIECLAM_020425/experiments/../clamiter.py:364:::  staring fit_feats for 3000 iterations


/home/daniel.z/ICML_PIECLAM_020425/experiments/../clamiter.py:364:::  staring fit_prior for 2000 iterations


/home/daniel.z/ICML_PIECLAM_020425/experiments/../clamiter.py:637:::  
back and forth 4/7


/home/daniel.z/ICML_PIECLAM_020425/experiments/../clamiter.py:364:::  staring fit_feats for 3000 iterations


/home/daniel.z/ICML_PIECLAM_020425/experiments/../clamiter.py:364:::  staring fit_prior for 2000 iterations


/home/daniel.z/ICML_PIECLAM_020425/experiments/../clamiter.py:637:::  
back and forth 5/7


/home/daniel.z/ICML_PIECLAM_020425/experiments/../clamiter.py:364:::  staring fit_feats for 3000 iterations


/home/daniel.z/ICML_PIECLAM_020425/experiments/../clamiter.py:364:::  staring fit_prior for 2000 iterations


/home/daniel.z/ICML_PIECLAM_020425/experiments/../clamiter.py:637:::  
back and forth 6/7


/home/daniel.z/ICML_PIECLAM_020425/experiments/../clamiter.py:364:::  staring fit_feats for 3000 iterations


/home/daniel.z/ICML_PIECLAM_020425/experiments/../clamiter.py:364:::  staring fit_prior for 2000 iterations


/home/daniel.z/ICML_PIECLAM_020425/experiments/../clamiter.py:637:::  
back and forth 7/7


/home/daniel.z/ICML_PIECLAM_020425/experiments/../clamiter.py:364:::  staring fit_feats for 3000 iterations


/home/daniel.z/ICML_PIECLAM_020425/experiments/../clamiter.py:364:::  staring fit_prior for 2000 iterations


/home/daniel.z/ICML_PIECLAM_020425/experiments/../clamiter.py:704:::  
fit end, no early stopping


/home/daniel.z/ICML_PIECLAM_020425/experiments/../trainer.py:419:::  
train_model_on_params on pieclam squirrel 
took 4619.51265835762 seconds


/home/daniel.z/ICML_PIECLAM_020425/experiments/../trainer.py:437:::  


FINISHED train 
 last accuracies:
test
key='auc': 0.9873179436371211
val
key='auc': 0.9872591082621294




/home/daniel.z/ICML_PIECLAM_020425/experiments/optimization_utils.py:648:::  Repetition no. 0


/home/daniel.z/ICML_PIECLAM_020425/experiments/../trainer.py:161:::  
Using dataset specific configuration and not global 




/home/daniel.z/ICML_PIECLAM_020425/experiments/../trainer.py:335:::  
 2025-05-21 06:08:39 starting optimization of pieclam on squirrel on device cuda

 configs_dict: 
{
    "clamiter_init": {
        "dim_feat": 100,
        "dim_attr": 100,
        "s_reg": 0.1,
        "l1_reg": 1,
        "T": 1,
        "hidden_dim": 64,
        "num_coupling_blocks": 32,
        "num_layers_mlp": 2
    },
    "feat_opt": {
        "lr": 5e-06,
        "n_iter": 1000,
        "early_stop": 0
    },
    "prior_opt": {
        "n_iter": 2000,
        "lr": 5e-06,
        "noise_amp": 0.1,
        "weight_decay": 0.1,
        "early_stop": 0
    },
    "back_forth": {
        "n_back_forth": 7,
        "scheduler_step_size": 3,
        "scheduler_gamma": 0.5,
        "early_stop_fit": 0,
        "first_func_in_fit": "fit_feats"
    }
}


/home/daniel.z/ICML_PIECLAM_020425/experiments/../clamiter.py:577:::  
in fit,
first_func_in_fit='fit_feats'
second_function_name='fit_prior'


/home/daniel.z/ICML_PIECLAM_020425/experiments/../clamiter.py:637:::  
back and forth 1/7


/home/daniel.z/ICML_PIECLAM_020425/experiments/../clamiter.py:364:::  staring fit_feats for 1000 iterations


/home/daniel.z/ICML_PIECLAM_020425/experiments/../clamiter.py:364:::  staring fit_prior for 2000 iterations


/home/daniel.z/ICML_PIECLAM_020425/experiments/../clamiter.py:637:::  
back and forth 2/7


/home/daniel.z/ICML_PIECLAM_020425/experiments/../clamiter.py:364:::  staring fit_feats for 1000 iterations


/home/daniel.z/ICML_PIECLAM_020425/experiments/../clamiter.py:364:::  staring fit_prior for 2000 iterations


/home/daniel.z/ICML_PIECLAM_020425/experiments/../clamiter.py:637:::  
back and forth 3/7


/home/daniel.z/ICML_PIECLAM_020425/experiments/../clamiter.py:364:::  staring fit_feats for 1000 iterations


/home/daniel.z/ICML_PIECLAM_020425/experiments/../clamiter.py:364:::  staring fit_prior for 2000 iterations


/home/daniel.z/ICML_PIECLAM_020425/experiments/../clamiter.py:637:::  
back and forth 4/7


/home/daniel.z/ICML_PIECLAM_020425/experiments/../clamiter.py:364:::  staring fit_feats for 1000 iterations


/home/daniel.z/ICML_PIECLAM_020425/experiments/../clamiter.py:364:::  staring fit_prior for 2000 iterations


/home/daniel.z/ICML_PIECLAM_020425/experiments/../clamiter.py:637:::  
back and forth 5/7


/home/daniel.z/ICML_PIECLAM_020425/experiments/../clamiter.py:364:::  staring fit_feats for 1000 iterations


/home/daniel.z/ICML_PIECLAM_020425/experiments/../clamiter.py:364:::  staring fit_prior for 2000 iterations


/home/daniel.z/ICML_PIECLAM_020425/experiments/../clamiter.py:637:::  
back and forth 6/7


/home/daniel.z/ICML_PIECLAM_020425/experiments/../clamiter.py:364:::  staring fit_feats for 1000 iterations


/home/daniel.z/ICML_PIECLAM_020425/experiments/../clamiter.py:364:::  staring fit_prior for 2000 iterations


/home/daniel.z/ICML_PIECLAM_020425/experiments/../clamiter.py:637:::  
back and forth 7/7


/home/daniel.z/ICML_PIECLAM_020425/experiments/../clamiter.py:364:::  staring fit_feats for 1000 iterations


/home/daniel.z/ICML_PIECLAM_020425/experiments/../clamiter.py:364:::  staring fit_prior for 2000 iterations


/home/daniel.z/ICML_PIECLAM_020425/experiments/../clamiter.py:704:::  
fit end, no early stopping


/home/daniel.z/ICML_PIECLAM_020425/experiments/../trainer.py:419:::  
train_model_on_params on pieclam squirrel 
took 2576.2945413589478 seconds


/home/daniel.z/ICML_PIECLAM_020425/experiments/../trainer.py:437:::  


FINISHED train 
 last accuracies:
test
key='auc': 0.9882931690822655
val
key='auc': 0.9881727494586273




/home/daniel.z/ICML_PIECLAM_020425/experiments/optimization_utils.py:648:::  Repetition no. 0


/home/daniel.z/ICML_PIECLAM_020425/experiments/../trainer.py:161:::  
Using dataset specific configuration and not global 




/home/daniel.z/ICML_PIECLAM_020425/experiments/../trainer.py:335:::  
 2025-05-21 06:51:36 starting optimization of pieclam on squirrel on device cuda

 configs_dict: 
{
    "clamiter_init": {
        "dim_feat": 200,
        "dim_attr": 100,
        "s_reg": 0.1,
        "l1_reg": 1,
        "T": 1,
        "hidden_dim": 64,
        "num_coupling_blocks": 32,
        "num_layers_mlp": 2
    },
    "feat_opt": {
        "lr": 5e-07,
        "n_iter": 500,
        "early_stop": 0
    },
    "prior_opt": {
        "n_iter": 2000,
        "lr": 5e-06,
        "noise_amp": 0.1,
        "weight_decay": 0.1,
        "early_stop": 0
    },
    "back_forth": {
        "n_back_forth": 7,
        "scheduler_step_size": 3,
        "scheduler_gamma": 0.5,
        "early_stop_fit": 0,
        "first_func_in_fit": "fit_feats"
    }
}


/home/daniel.z/ICML_PIECLAM_020425/experiments/../clamiter.py:577:::  
in fit,
first_func_in_fit='fit_feats'
second_function_name='fit_prior'


/home/daniel.z/ICML_PIECLAM_020425/experiments/../clamiter.py:637:::  
back and forth 1/7


/home/daniel.z/ICML_PIECLAM_020425/experiments/../clamiter.py:364:::  staring fit_feats for 500 iterations


/home/daniel.z/ICML_PIECLAM_020425/experiments/../clamiter.py:364:::  staring fit_prior for 2000 iterations


/home/daniel.z/ICML_PIECLAM_020425/experiments/../clamiter.py:637:::  
back and forth 2/7


/home/daniel.z/ICML_PIECLAM_020425/experiments/../clamiter.py:364:::  staring fit_feats for 500 iterations


/home/daniel.z/ICML_PIECLAM_020425/experiments/../clamiter.py:364:::  staring fit_prior for 2000 iterations


/home/daniel.z/ICML_PIECLAM_020425/experiments/../clamiter.py:637:::  
back and forth 3/7


/home/daniel.z/ICML_PIECLAM_020425/experiments/../clamiter.py:364:::  staring fit_feats for 500 iterations


/home/daniel.z/ICML_PIECLAM_020425/experiments/../clamiter.py:364:::  staring fit_prior for 2000 iterations


/home/daniel.z/ICML_PIECLAM_020425/experiments/../clamiter.py:637:::  
back and forth 4/7


/home/daniel.z/ICML_PIECLAM_020425/experiments/../clamiter.py:364:::  staring fit_feats for 500 iterations


/home/daniel.z/ICML_PIECLAM_020425/experiments/../clamiter.py:364:::  staring fit_prior for 2000 iterations


/home/daniel.z/ICML_PIECLAM_020425/experiments/../clamiter.py:637:::  
back and forth 5/7


/home/daniel.z/ICML_PIECLAM_020425/experiments/../clamiter.py:364:::  staring fit_feats for 500 iterations


/home/daniel.z/ICML_PIECLAM_020425/experiments/../clamiter.py:364:::  staring fit_prior for 2000 iterations


/home/daniel.z/ICML_PIECLAM_020425/experiments/../clamiter.py:637:::  
back and forth 6/7


/home/daniel.z/ICML_PIECLAM_020425/experiments/../clamiter.py:364:::  staring fit_feats for 500 iterations


/home/daniel.z/ICML_PIECLAM_020425/experiments/../clamiter.py:364:::  staring fit_prior for 2000 iterations


/home/daniel.z/ICML_PIECLAM_020425/experiments/../clamiter.py:637:::  
back and forth 7/7


/home/daniel.z/ICML_PIECLAM_020425/experiments/../clamiter.py:364:::  staring fit_feats for 500 iterations


/home/daniel.z/ICML_PIECLAM_020425/experiments/../clamiter.py:364:::  staring fit_prior for 2000 iterations


/home/daniel.z/ICML_PIECLAM_020425/experiments/../clamiter.py:704:::  
fit end, no early stopping


/home/daniel.z/ICML_PIECLAM_020425/experiments/../trainer.py:419:::  
train_model_on_params on pieclam squirrel 
took 2134.110395669937 seconds


/home/daniel.z/ICML_PIECLAM_020425/experiments/../trainer.py:437:::  


FINISHED train 
 last accuracies:
test
key='auc': 0.9003165310654002
val
key='auc': 0.8961970842240481




/home/daniel.z/ICML_PIECLAM_020425/experiments/optimization_utils.py:648:::  Repetition no. 0


/home/daniel.z/ICML_PIECLAM_020425/experiments/../trainer.py:161:::  
Using dataset specific configuration and not global 




/home/daniel.z/ICML_PIECLAM_020425/experiments/../trainer.py:335:::  
 2025-05-21 07:27:11 starting optimization of pieclam on squirrel on device cuda

 configs_dict: 
{
    "clamiter_init": {
        "dim_feat": 100,
        "dim_attr": 100,
        "s_reg": 0.0,
        "l1_reg": 1,
        "T": 1,
        "hidden_dim": 64,
        "num_coupling_blocks": 32,
        "num_layers_mlp": 2
    },
    "feat_opt": {
        "lr": 5e-06,
        "n_iter": 3000,
        "early_stop": 0
    },
    "prior_opt": {
        "n_iter": 2000,
        "lr": 5e-06,
        "noise_amp": 0.1,
        "weight_decay": 0.1,
        "early_stop": 0
    },
    "back_forth": {
        "n_back_forth": 7,
        "scheduler_step_size": 3,
        "scheduler_gamma": 0.5,
        "early_stop_fit": 0,
        "first_func_in_fit": "fit_feats"
    }
}


/home/daniel.z/ICML_PIECLAM_020425/experiments/../clamiter.py:577:::  
in fit,
first_func_in_fit='fit_feats'
second_function_name='fit_prior'


/home/daniel.z/ICML_PIECLAM_020425/experiments/../clamiter.py:637:::  
back and forth 1/7


/home/daniel.z/ICML_PIECLAM_020425/experiments/../clamiter.py:364:::  staring fit_feats for 3000 iterations


/home/daniel.z/ICML_PIECLAM_020425/experiments/../clamiter.py:364:::  staring fit_prior for 2000 iterations


/home/daniel.z/ICML_PIECLAM_020425/experiments/../clamiter.py:637:::  
back and forth 2/7


/home/daniel.z/ICML_PIECLAM_020425/experiments/../clamiter.py:364:::  staring fit_feats for 3000 iterations


/home/daniel.z/ICML_PIECLAM_020425/experiments/../clamiter.py:364:::  staring fit_prior for 2000 iterations


/home/daniel.z/ICML_PIECLAM_020425/experiments/../clamiter.py:637:::  
back and forth 3/7


/home/daniel.z/ICML_PIECLAM_020425/experiments/../clamiter.py:364:::  staring fit_feats for 3000 iterations


/home/daniel.z/ICML_PIECLAM_020425/experiments/../clamiter.py:364:::  staring fit_prior for 2000 iterations


/home/daniel.z/ICML_PIECLAM_020425/experiments/../clamiter.py:637:::  
back and forth 4/7


/home/daniel.z/ICML_PIECLAM_020425/experiments/../clamiter.py:364:::  staring fit_feats for 3000 iterations


/home/daniel.z/ICML_PIECLAM_020425/experiments/../clamiter.py:364:::  staring fit_prior for 2000 iterations


/home/daniel.z/ICML_PIECLAM_020425/experiments/../clamiter.py:637:::  
back and forth 5/7


/home/daniel.z/ICML_PIECLAM_020425/experiments/../clamiter.py:364:::  staring fit_feats for 3000 iterations


/home/daniel.z/ICML_PIECLAM_020425/experiments/../clamiter.py:364:::  staring fit_prior for 2000 iterations


/home/daniel.z/ICML_PIECLAM_020425/experiments/../clamiter.py:637:::  
back and forth 6/7


/home/daniel.z/ICML_PIECLAM_020425/experiments/../clamiter.py:364:::  staring fit_feats for 3000 iterations


/home/daniel.z/ICML_PIECLAM_020425/experiments/../clamiter.py:364:::  staring fit_prior for 2000 iterations


/home/daniel.z/ICML_PIECLAM_020425/experiments/../clamiter.py:637:::  
back and forth 7/7


/home/daniel.z/ICML_PIECLAM_020425/experiments/../clamiter.py:364:::  staring fit_feats for 3000 iterations


/home/daniel.z/ICML_PIECLAM_020425/experiments/../clamiter.py:364:::  staring fit_prior for 2000 iterations


/home/daniel.z/ICML_PIECLAM_020425/experiments/../clamiter.py:704:::  
fit end, no early stopping


/home/daniel.z/ICML_PIECLAM_020425/experiments/../trainer.py:419:::  
train_model_on_params on pieclam squirrel 
took 4880.484599113464 seconds


/home/daniel.z/ICML_PIECLAM_020425/experiments/../trainer.py:437:::  


FINISHED train 
 last accuracies:
test
key='auc': 0.9889452234646622
val
key='auc': 0.9884623191400078




/home/daniel.z/ICML_PIECLAM_020425/experiments/optimization_utils.py:648:::  Repetition no. 0


/home/daniel.z/ICML_PIECLAM_020425/experiments/../trainer.py:161:::  
Using dataset specific configuration and not global 




/home/daniel.z/ICML_PIECLAM_020425/experiments/../trainer.py:335:::  
 2025-05-21 08:48:33 starting optimization of pieclam on squirrel on device cuda

 configs_dict: 
{
    "clamiter_init": {
        "dim_feat": 100,
        "dim_attr": 100,
        "s_reg": 0.0,
        "l1_reg": 1,
        "T": 1,
        "hidden_dim": 64,
        "num_coupling_blocks": 32,
        "num_layers_mlp": 2
    },
    "feat_opt": {
        "lr": 5e-07,
        "n_iter": 3000,
        "early_stop": 0
    },
    "prior_opt": {
        "n_iter": 2000,
        "lr": 5e-06,
        "noise_amp": 0.1,
        "weight_decay": 0.1,
        "early_stop": 0
    },
    "back_forth": {
        "n_back_forth": 7,
        "scheduler_step_size": 3,
        "scheduler_gamma": 0.5,
        "early_stop_fit": 0,
        "first_func_in_fit": "fit_feats"
    }
}


/home/daniel.z/ICML_PIECLAM_020425/experiments/../clamiter.py:577:::  
in fit,
first_func_in_fit='fit_feats'
second_function_name='fit_prior'


/home/daniel.z/ICML_PIECLAM_020425/experiments/../clamiter.py:637:::  
back and forth 1/7


/home/daniel.z/ICML_PIECLAM_020425/experiments/../clamiter.py:364:::  staring fit_feats for 3000 iterations


/home/daniel.z/ICML_PIECLAM_020425/experiments/../clamiter.py:364:::  staring fit_prior for 2000 iterations


/home/daniel.z/ICML_PIECLAM_020425/experiments/../clamiter.py:637:::  
back and forth 2/7


/home/daniel.z/ICML_PIECLAM_020425/experiments/../clamiter.py:364:::  staring fit_feats for 3000 iterations


/home/daniel.z/ICML_PIECLAM_020425/experiments/../clamiter.py:364:::  staring fit_prior for 2000 iterations


/home/daniel.z/ICML_PIECLAM_020425/experiments/../clamiter.py:637:::  
back and forth 3/7


/home/daniel.z/ICML_PIECLAM_020425/experiments/../clamiter.py:364:::  staring fit_feats for 3000 iterations


/home/daniel.z/ICML_PIECLAM_020425/experiments/../clamiter.py:364:::  staring fit_prior for 2000 iterations


/home/daniel.z/ICML_PIECLAM_020425/experiments/../clamiter.py:637:::  
back and forth 4/7


/home/daniel.z/ICML_PIECLAM_020425/experiments/../clamiter.py:364:::  staring fit_feats for 3000 iterations


/home/daniel.z/ICML_PIECLAM_020425/experiments/../clamiter.py:364:::  staring fit_prior for 2000 iterations


/home/daniel.z/ICML_PIECLAM_020425/experiments/../clamiter.py:637:::  
back and forth 5/7


/home/daniel.z/ICML_PIECLAM_020425/experiments/../clamiter.py:364:::  staring fit_feats for 3000 iterations


/home/daniel.z/ICML_PIECLAM_020425/experiments/../clamiter.py:364:::  staring fit_prior for 2000 iterations


/home/daniel.z/ICML_PIECLAM_020425/experiments/../clamiter.py:637:::  
back and forth 6/7


/home/daniel.z/ICML_PIECLAM_020425/experiments/../clamiter.py:364:::  staring fit_feats for 3000 iterations


/home/daniel.z/ICML_PIECLAM_020425/experiments/../clamiter.py:364:::  staring fit_prior for 2000 iterations


/home/daniel.z/ICML_PIECLAM_020425/experiments/../clamiter.py:637:::  
back and forth 7/7


/home/daniel.z/ICML_PIECLAM_020425/experiments/../clamiter.py:364:::  staring fit_feats for 3000 iterations


/home/daniel.z/ICML_PIECLAM_020425/experiments/../clamiter.py:364:::  staring fit_prior for 2000 iterations


/home/daniel.z/ICML_PIECLAM_020425/experiments/../clamiter.py:704:::  
fit end, no early stopping


/home/daniel.z/ICML_PIECLAM_020425/experiments/../trainer.py:419:::  
train_model_on_params on pieclam squirrel 
took 4921.114452123642 seconds


/home/daniel.z/ICML_PIECLAM_020425/experiments/../trainer.py:437:::  


FINISHED train 
 last accuracies:
test
key='auc': 0.9804493932867466
val
key='auc': 0.9793669910072855




/home/daniel.z/ICML_PIECLAM_020425/experiments/optimization_utils.py:648:::  Repetition no. 0


/home/daniel.z/ICML_PIECLAM_020425/experiments/../trainer.py:161:::  
Using dataset specific configuration and not global 




/home/daniel.z/ICML_PIECLAM_020425/experiments/../trainer.py:335:::  
 2025-05-21 10:10:35 starting optimization of pieclam on squirrel on device cuda

 configs_dict: 
{
    "clamiter_init": {
        "dim_feat": 100,
        "dim_attr": 100,
        "s_reg": 0.1,
        "l1_reg": 1,
        "T": 1,
        "hidden_dim": 64,
        "num_coupling_blocks": 32,
        "num_layers_mlp": 2
    },
    "feat_opt": {
        "lr": 5e-06,
        "n_iter": 3000,
        "early_stop": 0
    },
    "prior_opt": {
        "n_iter": 2000,
        "lr": 5e-06,
        "noise_amp": 0.1,
        "weight_decay": 0.1,
        "early_stop": 0
    },
    "back_forth": {
        "n_back_forth": 7,
        "scheduler_step_size": 3,
        "scheduler_gamma": 0.5,
        "early_stop_fit": 0,
        "first_func_in_fit": "fit_feats"
    }
}


/home/daniel.z/ICML_PIECLAM_020425/experiments/../clamiter.py:577:::  
in fit,
first_func_in_fit='fit_feats'
second_function_name='fit_prior'


/home/daniel.z/ICML_PIECLAM_020425/experiments/../clamiter.py:637:::  
back and forth 1/7


/home/daniel.z/ICML_PIECLAM_020425/experiments/../clamiter.py:364:::  staring fit_feats for 3000 iterations


/home/daniel.z/ICML_PIECLAM_020425/experiments/../clamiter.py:364:::  staring fit_prior for 2000 iterations


/home/daniel.z/ICML_PIECLAM_020425/experiments/../clamiter.py:637:::  
back and forth 2/7


/home/daniel.z/ICML_PIECLAM_020425/experiments/../clamiter.py:364:::  staring fit_feats for 3000 iterations


/home/daniel.z/ICML_PIECLAM_020425/experiments/../clamiter.py:364:::  staring fit_prior for 2000 iterations


/home/daniel.z/ICML_PIECLAM_020425/experiments/../clamiter.py:637:::  
back and forth 3/7


/home/daniel.z/ICML_PIECLAM_020425/experiments/../clamiter.py:364:::  staring fit_feats for 3000 iterations


/home/daniel.z/ICML_PIECLAM_020425/experiments/../clamiter.py:364:::  staring fit_prior for 2000 iterations


/home/daniel.z/ICML_PIECLAM_020425/experiments/../clamiter.py:637:::  
back and forth 4/7


/home/daniel.z/ICML_PIECLAM_020425/experiments/../clamiter.py:364:::  staring fit_feats for 3000 iterations


/home/daniel.z/ICML_PIECLAM_020425/experiments/../clamiter.py:364:::  staring fit_prior for 2000 iterations


/home/daniel.z/ICML_PIECLAM_020425/experiments/../clamiter.py:637:::  
back and forth 5/7


/home/daniel.z/ICML_PIECLAM_020425/experiments/../clamiter.py:364:::  staring fit_feats for 3000 iterations


/home/daniel.z/ICML_PIECLAM_020425/experiments/../clamiter.py:364:::  staring fit_prior for 2000 iterations


/home/daniel.z/ICML_PIECLAM_020425/experiments/../clamiter.py:637:::  
back and forth 6/7


/home/daniel.z/ICML_PIECLAM_020425/experiments/../clamiter.py:364:::  staring fit_feats for 3000 iterations


/home/daniel.z/ICML_PIECLAM_020425/experiments/../clamiter.py:364:::  staring fit_prior for 2000 iterations


/home/daniel.z/ICML_PIECLAM_020425/experiments/../clamiter.py:637:::  
back and forth 7/7


/home/daniel.z/ICML_PIECLAM_020425/experiments/../clamiter.py:364:::  staring fit_feats for 3000 iterations


/home/daniel.z/ICML_PIECLAM_020425/experiments/../clamiter.py:364:::  staring fit_prior for 2000 iterations


/home/daniel.z/ICML_PIECLAM_020425/experiments/../clamiter.py:704:::  
fit end, no early stopping


/home/daniel.z/ICML_PIECLAM_020425/experiments/../trainer.py:419:::  
train_model_on_params on pieclam squirrel 
took 4982.468730211258 seconds


/home/daniel.z/ICML_PIECLAM_020425/experiments/../trainer.py:437:::  


FINISHED train 
 last accuracies:
test
key='auc': 0.9885435001288904
val
key='auc': 0.9886322571439959




/home/daniel.z/ICML_PIECLAM_020425/experiments/optimization_utils.py:648:::  Repetition no. 0


/home/daniel.z/ICML_PIECLAM_020425/experiments/../trainer.py:161:::  
Using dataset specific configuration and not global 




/home/daniel.z/ICML_PIECLAM_020425/experiments/../trainer.py:335:::  
 2025-05-21 11:33:38 starting optimization of pieclam on squirrel on device cuda

 configs_dict: 
{
    "clamiter_init": {
        "dim_feat": 100,
        "dim_attr": 100,
        "s_reg": 0.0,
        "l1_reg": 1,
        "T": 1,
        "hidden_dim": 64,
        "num_coupling_blocks": 32,
        "num_layers_mlp": 2
    },
    "feat_opt": {
        "lr": 5e-06,
        "n_iter": 1000,
        "early_stop": 0
    },
    "prior_opt": {
        "n_iter": 2000,
        "lr": 5e-06,
        "noise_amp": 0.1,
        "weight_decay": 0.1,
        "early_stop": 0
    },
    "back_forth": {
        "n_back_forth": 7,
        "scheduler_step_size": 3,
        "scheduler_gamma": 0.5,
        "early_stop_fit": 0,
        "first_func_in_fit": "fit_feats"
    }
}


/home/daniel.z/ICML_PIECLAM_020425/experiments/../clamiter.py:577:::  
in fit,
first_func_in_fit='fit_feats'
second_function_name='fit_prior'


/home/daniel.z/ICML_PIECLAM_020425/experiments/../clamiter.py:637:::  
back and forth 1/7


/home/daniel.z/ICML_PIECLAM_020425/experiments/../clamiter.py:364:::  staring fit_feats for 1000 iterations


/home/daniel.z/ICML_PIECLAM_020425/experiments/../clamiter.py:364:::  staring fit_prior for 2000 iterations


/home/daniel.z/ICML_PIECLAM_020425/experiments/../clamiter.py:637:::  
back and forth 2/7


/home/daniel.z/ICML_PIECLAM_020425/experiments/../clamiter.py:364:::  staring fit_feats for 1000 iterations


/home/daniel.z/ICML_PIECLAM_020425/experiments/../clamiter.py:364:::  staring fit_prior for 2000 iterations


/home/daniel.z/ICML_PIECLAM_020425/experiments/../clamiter.py:637:::  
back and forth 3/7


/home/daniel.z/ICML_PIECLAM_020425/experiments/../clamiter.py:364:::  staring fit_feats for 1000 iterations


/home/daniel.z/ICML_PIECLAM_020425/experiments/../clamiter.py:364:::  staring fit_prior for 2000 iterations


/home/daniel.z/ICML_PIECLAM_020425/experiments/../clamiter.py:637:::  
back and forth 4/7


/home/daniel.z/ICML_PIECLAM_020425/experiments/../clamiter.py:364:::  staring fit_feats for 1000 iterations


/home/daniel.z/ICML_PIECLAM_020425/experiments/../clamiter.py:364:::  staring fit_prior for 2000 iterations


/home/daniel.z/ICML_PIECLAM_020425/experiments/../clamiter.py:637:::  
back and forth 5/7


/home/daniel.z/ICML_PIECLAM_020425/experiments/../clamiter.py:364:::  staring fit_feats for 1000 iterations


/home/daniel.z/ICML_PIECLAM_020425/experiments/../clamiter.py:364:::  staring fit_prior for 2000 iterations


/home/daniel.z/ICML_PIECLAM_020425/experiments/../clamiter.py:637:::  
back and forth 6/7


/home/daniel.z/ICML_PIECLAM_020425/experiments/../clamiter.py:364:::  staring fit_feats for 1000 iterations


/home/daniel.z/ICML_PIECLAM_020425/experiments/../clamiter.py:364:::  staring fit_prior for 2000 iterations


/home/daniel.z/ICML_PIECLAM_020425/experiments/../clamiter.py:637:::  
back and forth 7/7


/home/daniel.z/ICML_PIECLAM_020425/experiments/../clamiter.py:364:::  staring fit_feats for 1000 iterations


/home/daniel.z/ICML_PIECLAM_020425/experiments/../clamiter.py:364:::  staring fit_prior for 2000 iterations


/home/daniel.z/ICML_PIECLAM_020425/experiments/../clamiter.py:704:::  
fit end, no early stopping


/home/daniel.z/ICML_PIECLAM_020425/experiments/../trainer.py:419:::  
train_model_on_params on pieclam squirrel 
took 2649.9109456539154 seconds


/home/daniel.z/ICML_PIECLAM_020425/experiments/../trainer.py:437:::  


FINISHED train 
 last accuracies:
test
key='auc': 0.988727822473643
val
key='auc': 0.9870643965403576




/home/daniel.z/ICML_PIECLAM_020425/experiments/optimization_utils.py:648:::  Repetition no. 0


/home/daniel.z/ICML_PIECLAM_020425/experiments/../trainer.py:161:::  
Using dataset specific configuration and not global 




/home/daniel.z/ICML_PIECLAM_020425/experiments/../trainer.py:335:::  
 2025-05-21 12:17:49 starting optimization of pieclam on squirrel on device cuda

 configs_dict: 
{
    "clamiter_init": {
        "dim_feat": 50,
        "dim_attr": 100,
        "s_reg": 0.1,
        "l1_reg": 1,
        "T": 1,
        "hidden_dim": 64,
        "num_coupling_blocks": 32,
        "num_layers_mlp": 2
    },
    "feat_opt": {
        "lr": 5e-06,
        "n_iter": 1000,
        "early_stop": 0
    },
    "prior_opt": {
        "n_iter": 2000,
        "lr": 5e-06,
        "noise_amp": 0.1,
        "weight_decay": 0.1,
        "early_stop": 0
    },
    "back_forth": {
        "n_back_forth": 7,
        "scheduler_step_size": 3,
        "scheduler_gamma": 0.5,
        "early_stop_fit": 0,
        "first_func_in_fit": "fit_feats"
    }
}


/home/daniel.z/ICML_PIECLAM_020425/experiments/../clamiter.py:577:::  
in fit,
first_func_in_fit='fit_feats'
second_function_name='fit_prior'


/home/daniel.z/ICML_PIECLAM_020425/experiments/../clamiter.py:637:::  
back and forth 1/7


/home/daniel.z/ICML_PIECLAM_020425/experiments/../clamiter.py:364:::  staring fit_feats for 1000 iterations


/home/daniel.z/ICML_PIECLAM_020425/experiments/../clamiter.py:364:::  staring fit_prior for 2000 iterations


/home/daniel.z/ICML_PIECLAM_020425/experiments/../clamiter.py:637:::  
back and forth 2/7


/home/daniel.z/ICML_PIECLAM_020425/experiments/../clamiter.py:364:::  staring fit_feats for 1000 iterations


/home/daniel.z/ICML_PIECLAM_020425/experiments/../clamiter.py:364:::  staring fit_prior for 2000 iterations


/home/daniel.z/ICML_PIECLAM_020425/experiments/../clamiter.py:637:::  
back and forth 3/7


/home/daniel.z/ICML_PIECLAM_020425/experiments/../clamiter.py:364:::  staring fit_feats for 1000 iterations


/home/daniel.z/ICML_PIECLAM_020425/experiments/../clamiter.py:364:::  staring fit_prior for 2000 iterations


/home/daniel.z/ICML_PIECLAM_020425/experiments/../clamiter.py:637:::  
back and forth 4/7


/home/daniel.z/ICML_PIECLAM_020425/experiments/../clamiter.py:364:::  staring fit_feats for 1000 iterations


/home/daniel.z/ICML_PIECLAM_020425/experiments/../clamiter.py:364:::  staring fit_prior for 2000 iterations


/home/daniel.z/ICML_PIECLAM_020425/experiments/../clamiter.py:637:::  
back and forth 5/7


/home/daniel.z/ICML_PIECLAM_020425/experiments/../clamiter.py:364:::  staring fit_feats for 1000 iterations


/home/daniel.z/ICML_PIECLAM_020425/experiments/../clamiter.py:364:::  staring fit_prior for 2000 iterations


/home/daniel.z/ICML_PIECLAM_020425/experiments/../clamiter.py:637:::  
back and forth 6/7


/home/daniel.z/ICML_PIECLAM_020425/experiments/../clamiter.py:364:::  staring fit_feats for 1000 iterations


/home/daniel.z/ICML_PIECLAM_020425/experiments/../clamiter.py:364:::  staring fit_prior for 2000 iterations


/home/daniel.z/ICML_PIECLAM_020425/experiments/../clamiter.py:637:::  
back and forth 7/7


/home/daniel.z/ICML_PIECLAM_020425/experiments/../clamiter.py:364:::  staring fit_feats for 1000 iterations


/home/daniel.z/ICML_PIECLAM_020425/experiments/../clamiter.py:364:::  staring fit_prior for 2000 iterations


/home/daniel.z/ICML_PIECLAM_020425/experiments/../clamiter.py:704:::  
fit end, no early stopping


/home/daniel.z/ICML_PIECLAM_020425/experiments/../trainer.py:419:::  
train_model_on_params on pieclam squirrel 
took 2488.6446380615234 seconds


/home/daniel.z/ICML_PIECLAM_020425/experiments/../trainer.py:437:::  


FINISHED train 
 last accuracies:
test
key='auc': 0.9858507311711459
val
key='auc': 0.9858619646731976




/home/daniel.z/ICML_PIECLAM_020425/experiments/optimization_utils.py:648:::  Repetition no. 0


/home/daniel.z/ICML_PIECLAM_020425/experiments/../trainer.py:161:::  
Using dataset specific configuration and not global 




/home/daniel.z/ICML_PIECLAM_020425/experiments/../trainer.py:335:::  
 2025-05-21 12:59:18 starting optimization of pieclam on squirrel on device cuda

 configs_dict: 
{
    "clamiter_init": {
        "dim_feat": 200,
        "dim_attr": 100,
        "s_reg": 0.0,
        "l1_reg": 1,
        "T": 1,
        "hidden_dim": 64,
        "num_coupling_blocks": 32,
        "num_layers_mlp": 2
    },
    "feat_opt": {
        "lr": 5e-06,
        "n_iter": 3000,
        "early_stop": 0
    },
    "prior_opt": {
        "n_iter": 2000,
        "lr": 5e-06,
        "noise_amp": 0.1,
        "weight_decay": 0.1,
        "early_stop": 0
    },
    "back_forth": {
        "n_back_forth": 7,
        "scheduler_step_size": 3,
        "scheduler_gamma": 0.5,
        "early_stop_fit": 0,
        "first_func_in_fit": "fit_feats"
    }
}


/home/daniel.z/ICML_PIECLAM_020425/experiments/../clamiter.py:577:::  
in fit,
first_func_in_fit='fit_feats'
second_function_name='fit_prior'


/home/daniel.z/ICML_PIECLAM_020425/experiments/../clamiter.py:637:::  
back and forth 1/7


/home/daniel.z/ICML_PIECLAM_020425/experiments/../clamiter.py:364:::  staring fit_feats for 3000 iterations


/home/daniel.z/ICML_PIECLAM_020425/experiments/../clamiter.py:364:::  staring fit_prior for 2000 iterations


/home/daniel.z/ICML_PIECLAM_020425/experiments/../clamiter.py:637:::  
back and forth 2/7


/home/daniel.z/ICML_PIECLAM_020425/experiments/../clamiter.py:364:::  staring fit_feats for 3000 iterations


/home/daniel.z/ICML_PIECLAM_020425/experiments/../clamiter.py:364:::  staring fit_prior for 2000 iterations


/home/daniel.z/ICML_PIECLAM_020425/experiments/../clamiter.py:637:::  
back and forth 3/7


/home/daniel.z/ICML_PIECLAM_020425/experiments/../clamiter.py:364:::  staring fit_feats for 3000 iterations


/home/daniel.z/ICML_PIECLAM_020425/experiments/../clamiter.py:364:::  staring fit_prior for 2000 iterations


/home/daniel.z/ICML_PIECLAM_020425/experiments/../clamiter.py:637:::  
back and forth 4/7


/home/daniel.z/ICML_PIECLAM_020425/experiments/../clamiter.py:364:::  staring fit_feats for 3000 iterations


/home/daniel.z/ICML_PIECLAM_020425/experiments/../clamiter.py:364:::  staring fit_prior for 2000 iterations


/home/daniel.z/ICML_PIECLAM_020425/experiments/../clamiter.py:637:::  
back and forth 5/7


/home/daniel.z/ICML_PIECLAM_020425/experiments/../clamiter.py:364:::  staring fit_feats for 3000 iterations


/home/daniel.z/ICML_PIECLAM_020425/experiments/../clamiter.py:364:::  staring fit_prior for 2000 iterations


/home/daniel.z/ICML_PIECLAM_020425/experiments/../clamiter.py:637:::  
back and forth 6/7


/home/daniel.z/ICML_PIECLAM_020425/experiments/../clamiter.py:364:::  staring fit_feats for 3000 iterations


/home/daniel.z/ICML_PIECLAM_020425/experiments/../clamiter.py:364:::  staring fit_prior for 2000 iterations


/home/daniel.z/ICML_PIECLAM_020425/experiments/../clamiter.py:637:::  
back and forth 7/7


/home/daniel.z/ICML_PIECLAM_020425/experiments/../clamiter.py:364:::  staring fit_feats for 3000 iterations


/home/daniel.z/ICML_PIECLAM_020425/experiments/../clamiter.py:364:::  staring fit_prior for 2000 iterations


/home/daniel.z/ICML_PIECLAM_020425/experiments/../clamiter.py:704:::  
fit end, no early stopping


/home/daniel.z/ICML_PIECLAM_020425/experiments/../trainer.py:419:::  
train_model_on_params on pieclam squirrel 
took 5481.187492132187 seconds


/home/daniel.z/ICML_PIECLAM_020425/experiments/../trainer.py:437:::  


FINISHED train 
 last accuracies:
test
key='auc': 0.9879797330215137
val
key='auc': 0.9876004374059459




/home/daniel.z/ICML_PIECLAM_020425/experiments/optimization_utils.py:648:::  Repetition no. 0


/home/daniel.z/ICML_PIECLAM_020425/experiments/../trainer.py:161:::  
Using dataset specific configuration and not global 




/home/daniel.z/ICML_PIECLAM_020425/experiments/../trainer.py:335:::  
 2025-05-21 14:30:41 starting optimization of pieclam on squirrel on device cuda

 configs_dict: 
{
    "clamiter_init": {
        "dim_feat": 200,
        "dim_attr": 100,
        "s_reg": 0.1,
        "l1_reg": 1,
        "T": 1,
        "hidden_dim": 64,
        "num_coupling_blocks": 32,
        "num_layers_mlp": 2
    },
    "feat_opt": {
        "lr": 5e-07,
        "n_iter": 3000,
        "early_stop": 0
    },
    "prior_opt": {
        "n_iter": 2000,
        "lr": 5e-06,
        "noise_amp": 0.1,
        "weight_decay": 0.1,
        "early_stop": 0
    },
    "back_forth": {
        "n_back_forth": 7,
        "scheduler_step_size": 3,
        "scheduler_gamma": 0.5,
        "early_stop_fit": 0,
        "first_func_in_fit": "fit_feats"
    }
}


/home/daniel.z/ICML_PIECLAM_020425/experiments/../clamiter.py:577:::  
in fit,
first_func_in_fit='fit_feats'
second_function_name='fit_prior'


/home/daniel.z/ICML_PIECLAM_020425/experiments/../clamiter.py:637:::  
back and forth 1/7


/home/daniel.z/ICML_PIECLAM_020425/experiments/../clamiter.py:364:::  staring fit_feats for 3000 iterations


/home/daniel.z/ICML_PIECLAM_020425/experiments/../clamiter.py:364:::  staring fit_prior for 2000 iterations


/home/daniel.z/ICML_PIECLAM_020425/experiments/../clamiter.py:637:::  
back and forth 2/7


/home/daniel.z/ICML_PIECLAM_020425/experiments/../clamiter.py:364:::  staring fit_feats for 3000 iterations


/home/daniel.z/ICML_PIECLAM_020425/experiments/../clamiter.py:364:::  staring fit_prior for 2000 iterations


/home/daniel.z/ICML_PIECLAM_020425/experiments/../clamiter.py:637:::  
back and forth 3/7


/home/daniel.z/ICML_PIECLAM_020425/experiments/../clamiter.py:364:::  staring fit_feats for 3000 iterations


/home/daniel.z/ICML_PIECLAM_020425/experiments/../clamiter.py:364:::  staring fit_prior for 2000 iterations


/home/daniel.z/ICML_PIECLAM_020425/experiments/../clamiter.py:637:::  
back and forth 4/7


/home/daniel.z/ICML_PIECLAM_020425/experiments/../clamiter.py:364:::  staring fit_feats for 3000 iterations


/home/daniel.z/ICML_PIECLAM_020425/experiments/../clamiter.py:364:::  staring fit_prior for 2000 iterations


/home/daniel.z/ICML_PIECLAM_020425/experiments/../clamiter.py:637:::  
back and forth 5/7


/home/daniel.z/ICML_PIECLAM_020425/experiments/../clamiter.py:364:::  staring fit_feats for 3000 iterations


/home/daniel.z/ICML_PIECLAM_020425/experiments/../clamiter.py:364:::  staring fit_prior for 2000 iterations


/home/daniel.z/ICML_PIECLAM_020425/experiments/../clamiter.py:637:::  
back and forth 6/7


/home/daniel.z/ICML_PIECLAM_020425/experiments/../clamiter.py:364:::  staring fit_feats for 3000 iterations


/home/daniel.z/ICML_PIECLAM_020425/experiments/../clamiter.py:364:::  staring fit_prior for 2000 iterations


/home/daniel.z/ICML_PIECLAM_020425/experiments/../clamiter.py:637:::  
back and forth 7/7


/home/daniel.z/ICML_PIECLAM_020425/experiments/../clamiter.py:364:::  staring fit_feats for 3000 iterations


/home/daniel.z/ICML_PIECLAM_020425/experiments/../clamiter.py:364:::  staring fit_prior for 2000 iterations


/home/daniel.z/ICML_PIECLAM_020425/experiments/../clamiter.py:704:::  
fit end, no early stopping


/home/daniel.z/ICML_PIECLAM_020425/experiments/../trainer.py:419:::  
train_model_on_params on pieclam squirrel 
took 5582.932703495026 seconds


/home/daniel.z/ICML_PIECLAM_020425/experiments/../trainer.py:437:::  


FINISHED train 
 last accuracies:
test
key='auc': 0.980205684293476
val
key='auc': 0.978889557856914




/home/daniel.z/ICML_PIECLAM_020425/experiments/optimization_utils.py:648:::  Repetition no. 0


/home/daniel.z/ICML_PIECLAM_020425/experiments/../trainer.py:161:::  
Using dataset specific configuration and not global 




/home/daniel.z/ICML_PIECLAM_020425/experiments/../trainer.py:335:::  
 2025-05-21 16:03:45 starting optimization of pieclam on squirrel on device cuda

 configs_dict: 
{
    "clamiter_init": {
        "dim_feat": 100,
        "dim_attr": 100,
        "s_reg": 0.0,
        "l1_reg": 1,
        "T": 1,
        "hidden_dim": 64,
        "num_coupling_blocks": 32,
        "num_layers_mlp": 2
    },
    "feat_opt": {
        "lr": 5e-06,
        "n_iter": 500,
        "early_stop": 0
    },
    "prior_opt": {
        "n_iter": 2000,
        "lr": 5e-06,
        "noise_amp": 0.1,
        "weight_decay": 0.1,
        "early_stop": 0
    },
    "back_forth": {
        "n_back_forth": 7,
        "scheduler_step_size": 3,
        "scheduler_gamma": 0.5,
        "early_stop_fit": 0,
        "first_func_in_fit": "fit_feats"
    }
}


/home/daniel.z/ICML_PIECLAM_020425/experiments/../clamiter.py:577:::  
in fit,
first_func_in_fit='fit_feats'
second_function_name='fit_prior'


/home/daniel.z/ICML_PIECLAM_020425/experiments/../clamiter.py:637:::  
back and forth 1/7


/home/daniel.z/ICML_PIECLAM_020425/experiments/../clamiter.py:364:::  staring fit_feats for 500 iterations


/home/daniel.z/ICML_PIECLAM_020425/experiments/../clamiter.py:364:::  staring fit_prior for 2000 iterations


/home/daniel.z/ICML_PIECLAM_020425/experiments/../clamiter.py:637:::  
back and forth 2/7


/home/daniel.z/ICML_PIECLAM_020425/experiments/../clamiter.py:364:::  staring fit_feats for 500 iterations


/home/daniel.z/ICML_PIECLAM_020425/experiments/../clamiter.py:364:::  staring fit_prior for 2000 iterations


/home/daniel.z/ICML_PIECLAM_020425/experiments/../clamiter.py:637:::  
back and forth 3/7


/home/daniel.z/ICML_PIECLAM_020425/experiments/../clamiter.py:364:::  staring fit_feats for 500 iterations


/home/daniel.z/ICML_PIECLAM_020425/experiments/../clamiter.py:364:::  staring fit_prior for 2000 iterations


/home/daniel.z/ICML_PIECLAM_020425/experiments/../clamiter.py:637:::  
back and forth 4/7


/home/daniel.z/ICML_PIECLAM_020425/experiments/../clamiter.py:364:::  staring fit_feats for 500 iterations


/home/daniel.z/ICML_PIECLAM_020425/experiments/../clamiter.py:364:::  staring fit_prior for 2000 iterations


/home/daniel.z/ICML_PIECLAM_020425/experiments/../clamiter.py:637:::  
back and forth 5/7


/home/daniel.z/ICML_PIECLAM_020425/experiments/../clamiter.py:364:::  staring fit_feats for 500 iterations


/home/daniel.z/ICML_PIECLAM_020425/experiments/../clamiter.py:364:::  staring fit_prior for 2000 iterations


/home/daniel.z/ICML_PIECLAM_020425/experiments/../clamiter.py:637:::  
back and forth 6/7


/home/daniel.z/ICML_PIECLAM_020425/experiments/../clamiter.py:364:::  staring fit_feats for 500 iterations


/home/daniel.z/ICML_PIECLAM_020425/experiments/../clamiter.py:364:::  staring fit_prior for 2000 iterations


/home/daniel.z/ICML_PIECLAM_020425/experiments/../clamiter.py:637:::  
back and forth 7/7


/home/daniel.z/ICML_PIECLAM_020425/experiments/../clamiter.py:364:::  staring fit_feats for 500 iterations


/home/daniel.z/ICML_PIECLAM_020425/experiments/../clamiter.py:364:::  staring fit_prior for 2000 iterations


/home/daniel.z/ICML_PIECLAM_020425/experiments/../clamiter.py:704:::  
fit end, no early stopping


/home/daniel.z/ICML_PIECLAM_020425/experiments/../trainer.py:419:::  
train_model_on_params on pieclam squirrel 
took 2039.9492194652557 seconds


/home/daniel.z/ICML_PIECLAM_020425/experiments/../trainer.py:437:::  


FINISHED train 
 last accuracies:
test
key='auc': 0.9849495082455313
val
key='auc': 0.9834047932506449




/home/daniel.z/ICML_PIECLAM_020425/experiments/optimization_utils.py:648:::  Repetition no. 0


/home/daniel.z/ICML_PIECLAM_020425/experiments/../trainer.py:161:::  
Using dataset specific configuration and not global 




/home/daniel.z/ICML_PIECLAM_020425/experiments/../trainer.py:335:::  
 2025-05-21 16:37:46 starting optimization of pieclam on squirrel on device cuda

 configs_dict: 
{
    "clamiter_init": {
        "dim_feat": 100,
        "dim_attr": 100,
        "s_reg": 0.1,
        "l1_reg": 1,
        "T": 1,
        "hidden_dim": 64,
        "num_coupling_blocks": 32,
        "num_layers_mlp": 2
    },
    "feat_opt": {
        "lr": 5e-06,
        "n_iter": 500,
        "early_stop": 0
    },
    "prior_opt": {
        "n_iter": 2000,
        "lr": 5e-06,
        "noise_amp": 0.1,
        "weight_decay": 0.1,
        "early_stop": 0
    },
    "back_forth": {
        "n_back_forth": 7,
        "scheduler_step_size": 3,
        "scheduler_gamma": 0.5,
        "early_stop_fit": 0,
        "first_func_in_fit": "fit_feats"
    }
}


/home/daniel.z/ICML_PIECLAM_020425/experiments/../clamiter.py:577:::  
in fit,
first_func_in_fit='fit_feats'
second_function_name='fit_prior'


/home/daniel.z/ICML_PIECLAM_020425/experiments/../clamiter.py:637:::  
back and forth 1/7


/home/daniel.z/ICML_PIECLAM_020425/experiments/../clamiter.py:364:::  staring fit_feats for 500 iterations


/home/daniel.z/ICML_PIECLAM_020425/experiments/../clamiter.py:364:::  staring fit_prior for 2000 iterations


/home/daniel.z/ICML_PIECLAM_020425/experiments/../clamiter.py:637:::  
back and forth 2/7


/home/daniel.z/ICML_PIECLAM_020425/experiments/../clamiter.py:364:::  staring fit_feats for 500 iterations


/home/daniel.z/ICML_PIECLAM_020425/experiments/../clamiter.py:364:::  staring fit_prior for 2000 iterations


/home/daniel.z/ICML_PIECLAM_020425/experiments/../clamiter.py:637:::  
back and forth 3/7


/home/daniel.z/ICML_PIECLAM_020425/experiments/../clamiter.py:364:::  staring fit_feats for 500 iterations


/home/daniel.z/ICML_PIECLAM_020425/experiments/../clamiter.py:364:::  staring fit_prior for 2000 iterations


/home/daniel.z/ICML_PIECLAM_020425/experiments/../clamiter.py:637:::  
back and forth 4/7


/home/daniel.z/ICML_PIECLAM_020425/experiments/../clamiter.py:364:::  staring fit_feats for 500 iterations


/home/daniel.z/ICML_PIECLAM_020425/experiments/../clamiter.py:364:::  staring fit_prior for 2000 iterations


/home/daniel.z/ICML_PIECLAM_020425/experiments/../clamiter.py:637:::  
back and forth 5/7


/home/daniel.z/ICML_PIECLAM_020425/experiments/../clamiter.py:364:::  staring fit_feats for 500 iterations


/home/daniel.z/ICML_PIECLAM_020425/experiments/../clamiter.py:364:::  staring fit_prior for 2000 iterations


/home/daniel.z/ICML_PIECLAM_020425/experiments/../clamiter.py:637:::  
back and forth 6/7


/home/daniel.z/ICML_PIECLAM_020425/experiments/../clamiter.py:364:::  staring fit_feats for 500 iterations


/home/daniel.z/ICML_PIECLAM_020425/experiments/../clamiter.py:364:::  staring fit_prior for 2000 iterations


/home/daniel.z/ICML_PIECLAM_020425/experiments/../clamiter.py:637:::  
back and forth 7/7


/home/daniel.z/ICML_PIECLAM_020425/experiments/../clamiter.py:364:::  staring fit_feats for 500 iterations


/home/daniel.z/ICML_PIECLAM_020425/experiments/../clamiter.py:364:::  staring fit_prior for 2000 iterations


/home/daniel.z/ICML_PIECLAM_020425/experiments/../clamiter.py:704:::  
fit end, no early stopping


/home/daniel.z/ICML_PIECLAM_020425/experiments/../trainer.py:419:::  
train_model_on_params on pieclam squirrel 
took 2071.016335964203 seconds


/home/daniel.z/ICML_PIECLAM_020425/experiments/../trainer.py:437:::  


FINISHED train 
 last accuracies:
test
key='auc': 0.9840713932243323
val
key='auc': 0.9834610768249005




/home/daniel.z/ICML_PIECLAM_020425/experiments/optimization_utils.py:722:::  

Finished CrossVal!




/home/daniel.z/ICML_PIECLAM_020425/experiments/optimization_utils.py:511:::  on test set /home/daniel.z/ICML_PIECLAM_020425/experiments/results/link_prediction/auc/squirrel/pieclam, split_12-33_03-05-25


/home/daniel.z/ICML_PIECLAM_020425/experiments/optimization_utils.py:626:::  RunSaver defined to acc_configs path /home/daniel.z/ICML_PIECLAM_020425/experiments/results/link_prediction/auc/squirrel/pieclam/split_12-33_03-05-25/valid/acc_configs17-12_21-05-25.json


/home/daniel.z/ICML_PIECLAM_020425/experiments/optimization_utils.py:648:::  Repetition no. 0


/home/daniel.z/ICML_PIECLAM_020425/experiments/../trainer.py:161:::  
Using dataset specific configuration and not global 




/home/daniel.z/ICML_PIECLAM_020425/experiments/../trainer.py:335:::  
 2025-05-21 17:12:20 starting optimization of pieclam on squirrel on device cuda

 configs_dict: 
{
    "clamiter_init": {
        "dim_feat": 100,
        "dim_attr": 100,
        "s_reg": 0.0,
        "l1_reg": 1,
        "T": 1,
        "hidden_dim": 64,
        "num_coupling_blocks": 32,
        "num_layers_mlp": 2
    },
    "feat_opt": {
        "lr": 5e-07,
        "n_iter": 1000,
        "early_stop": 0
    },
    "prior_opt": {
        "n_iter": 2000,
        "lr": 5e-06,
        "noise_amp": 0.1,
        "weight_decay": 0.1,
        "early_stop": 0
    },
    "back_forth": {
        "n_back_forth": 7,
        "scheduler_step_size": 3,
        "scheduler_gamma": 0.5,
        "early_stop_fit": 0,
        "first_func_in_fit": "fit_feats"
    }
}


/home/daniel.z/ICML_PIECLAM_020425/experiments/../clamiter.py:577:::  
in fit,
first_func_in_fit='fit_feats'
second_function_name='fit_prior'


/home/daniel.z/ICML_PIECLAM_020425/experiments/../clamiter.py:637:::  
back and forth 1/7


/home/daniel.z/ICML_PIECLAM_020425/experiments/../clamiter.py:364:::  staring fit_feats for 1000 iterations


/home/daniel.z/ICML_PIECLAM_020425/experiments/../clamiter.py:364:::  staring fit_prior for 2000 iterations


/home/daniel.z/ICML_PIECLAM_020425/experiments/../clamiter.py:637:::  
back and forth 2/7


/home/daniel.z/ICML_PIECLAM_020425/experiments/../clamiter.py:364:::  staring fit_feats for 1000 iterations


/home/daniel.z/ICML_PIECLAM_020425/experiments/../clamiter.py:364:::  staring fit_prior for 2000 iterations


/home/daniel.z/ICML_PIECLAM_020425/experiments/../clamiter.py:637:::  
back and forth 3/7


/home/daniel.z/ICML_PIECLAM_020425/experiments/../clamiter.py:364:::  staring fit_feats for 1000 iterations


/home/daniel.z/ICML_PIECLAM_020425/experiments/../clamiter.py:364:::  staring fit_prior for 2000 iterations


/home/daniel.z/ICML_PIECLAM_020425/experiments/../clamiter.py:637:::  
back and forth 4/7


/home/daniel.z/ICML_PIECLAM_020425/experiments/../clamiter.py:364:::  staring fit_feats for 1000 iterations


/home/daniel.z/ICML_PIECLAM_020425/experiments/../clamiter.py:364:::  staring fit_prior for 2000 iterations


/home/daniel.z/ICML_PIECLAM_020425/experiments/../clamiter.py:637:::  
back and forth 5/7


/home/daniel.z/ICML_PIECLAM_020425/experiments/../clamiter.py:364:::  staring fit_feats for 1000 iterations


/home/daniel.z/ICML_PIECLAM_020425/experiments/../clamiter.py:364:::  staring fit_prior for 2000 iterations


/home/daniel.z/ICML_PIECLAM_020425/experiments/../clamiter.py:637:::  
back and forth 6/7


/home/daniel.z/ICML_PIECLAM_020425/experiments/../clamiter.py:364:::  staring fit_feats for 1000 iterations


/home/daniel.z/ICML_PIECLAM_020425/experiments/../clamiter.py:364:::  staring fit_prior for 2000 iterations


/home/daniel.z/ICML_PIECLAM_020425/experiments/../clamiter.py:637:::  
back and forth 7/7


/home/daniel.z/ICML_PIECLAM_020425/experiments/../clamiter.py:364:::  staring fit_feats for 1000 iterations


/home/daniel.z/ICML_PIECLAM_020425/experiments/../clamiter.py:364:::  staring fit_prior for 2000 iterations


/home/daniel.z/ICML_PIECLAM_020425/experiments/../clamiter.py:704:::  
fit end, no early stopping


/home/daniel.z/ICML_PIECLAM_020425/experiments/../trainer.py:419:::  
train_model_on_params on pieclam squirrel 
took 2765.9530477523804 seconds


/home/daniel.z/ICML_PIECLAM_020425/experiments/../trainer.py:437:::  


FINISHED train 
 last accuracies:
test
key='auc': 0.9412521609414547
val
key='auc': 0.9406169972449283




/home/daniel.z/ICML_PIECLAM_020425/experiments/optimization_utils.py:648:::  Repetition no. 0


/home/daniel.z/ICML_PIECLAM_020425/experiments/../trainer.py:161:::  
Using dataset specific configuration and not global 




/home/daniel.z/ICML_PIECLAM_020425/experiments/../trainer.py:335:::  
 2025-05-21 17:58:27 starting optimization of pieclam on squirrel on device cuda

 configs_dict: 
{
    "clamiter_init": {
        "dim_feat": 200,
        "dim_attr": 100,
        "s_reg": 0.0,
        "l1_reg": 1,
        "T": 1,
        "hidden_dim": 64,
        "num_coupling_blocks": 32,
        "num_layers_mlp": 2
    },
    "feat_opt": {
        "lr": 5e-06,
        "n_iter": 500,
        "early_stop": 0
    },
    "prior_opt": {
        "n_iter": 2000,
        "lr": 5e-06,
        "noise_amp": 0.1,
        "weight_decay": 0.1,
        "early_stop": 0
    },
    "back_forth": {
        "n_back_forth": 7,
        "scheduler_step_size": 3,
        "scheduler_gamma": 0.5,
        "early_stop_fit": 0,
        "first_func_in_fit": "fit_feats"
    }
}


/home/daniel.z/ICML_PIECLAM_020425/experiments/../clamiter.py:577:::  
in fit,
first_func_in_fit='fit_feats'
second_function_name='fit_prior'


/home/daniel.z/ICML_PIECLAM_020425/experiments/../clamiter.py:637:::  
back and forth 1/7


/home/daniel.z/ICML_PIECLAM_020425/experiments/../clamiter.py:364:::  staring fit_feats for 500 iterations


/home/daniel.z/ICML_PIECLAM_020425/experiments/../clamiter.py:364:::  staring fit_prior for 2000 iterations


/home/daniel.z/ICML_PIECLAM_020425/experiments/../clamiter.py:637:::  
back and forth 2/7


/home/daniel.z/ICML_PIECLAM_020425/experiments/../clamiter.py:364:::  staring fit_feats for 500 iterations


/home/daniel.z/ICML_PIECLAM_020425/experiments/../clamiter.py:364:::  staring fit_prior for 2000 iterations


/home/daniel.z/ICML_PIECLAM_020425/experiments/../clamiter.py:637:::  
back and forth 3/7


/home/daniel.z/ICML_PIECLAM_020425/experiments/../clamiter.py:364:::  staring fit_feats for 500 iterations


/home/daniel.z/ICML_PIECLAM_020425/experiments/../clamiter.py:364:::  staring fit_prior for 2000 iterations


/home/daniel.z/ICML_PIECLAM_020425/experiments/../clamiter.py:637:::  
back and forth 4/7


/home/daniel.z/ICML_PIECLAM_020425/experiments/../clamiter.py:364:::  staring fit_feats for 500 iterations


/home/daniel.z/ICML_PIECLAM_020425/experiments/../clamiter.py:364:::  staring fit_prior for 2000 iterations


/home/daniel.z/ICML_PIECLAM_020425/experiments/../clamiter.py:637:::  
back and forth 5/7


/home/daniel.z/ICML_PIECLAM_020425/experiments/../clamiter.py:364:::  staring fit_feats for 500 iterations


/home/daniel.z/ICML_PIECLAM_020425/experiments/../clamiter.py:364:::  staring fit_prior for 2000 iterations


/home/daniel.z/ICML_PIECLAM_020425/experiments/../clamiter.py:637:::  
back and forth 6/7


/home/daniel.z/ICML_PIECLAM_020425/experiments/../clamiter.py:364:::  staring fit_feats for 500 iterations


/home/daniel.z/ICML_PIECLAM_020425/experiments/../clamiter.py:364:::  staring fit_prior for 2000 iterations


/home/daniel.z/ICML_PIECLAM_020425/experiments/../clamiter.py:637:::  
back and forth 7/7


/home/daniel.z/ICML_PIECLAM_020425/experiments/../clamiter.py:364:::  staring fit_feats for 500 iterations


/home/daniel.z/ICML_PIECLAM_020425/experiments/../clamiter.py:364:::  staring fit_prior for 2000 iterations


/home/daniel.z/ICML_PIECLAM_020425/experiments/../clamiter.py:704:::  
fit end, no early stopping


/home/daniel.z/ICML_PIECLAM_020425/experiments/../trainer.py:419:::  
train_model_on_params on pieclam squirrel 
took 2101.452142238617 seconds


/home/daniel.z/ICML_PIECLAM_020425/experiments/../trainer.py:437:::  


FINISHED train 
 last accuracies:
test
key='auc': 0.9856991819784238
val
key='auc': 0.9842622139321295




/home/daniel.z/ICML_PIECLAM_020425/experiments/optimization_utils.py:648:::  Repetition no. 0


/home/daniel.z/ICML_PIECLAM_020425/experiments/../trainer.py:161:::  
Using dataset specific configuration and not global 




/home/daniel.z/ICML_PIECLAM_020425/experiments/../trainer.py:335:::  
 2025-05-21 18:33:29 starting optimization of pieclam on squirrel on device cuda

 configs_dict: 
{
    "clamiter_init": {
        "dim_feat": 50,
        "dim_attr": 100,
        "s_reg": 0.0,
        "l1_reg": 1,
        "T": 1,
        "hidden_dim": 64,
        "num_coupling_blocks": 32,
        "num_layers_mlp": 2
    },
    "feat_opt": {
        "lr": 5e-07,
        "n_iter": 3000,
        "early_stop": 0
    },
    "prior_opt": {
        "n_iter": 2000,
        "lr": 5e-06,
        "noise_amp": 0.1,
        "weight_decay": 0.1,
        "early_stop": 0
    },
    "back_forth": {
        "n_back_forth": 7,
        "scheduler_step_size": 3,
        "scheduler_gamma": 0.5,
        "early_stop_fit": 0,
        "first_func_in_fit": "fit_feats"
    }
}


/home/daniel.z/ICML_PIECLAM_020425/experiments/../clamiter.py:577:::  
in fit,
first_func_in_fit='fit_feats'
second_function_name='fit_prior'


/home/daniel.z/ICML_PIECLAM_020425/experiments/../clamiter.py:637:::  
back and forth 1/7


/home/daniel.z/ICML_PIECLAM_020425/experiments/../clamiter.py:364:::  staring fit_feats for 3000 iterations


/home/daniel.z/ICML_PIECLAM_020425/experiments/../clamiter.py:364:::  staring fit_prior for 2000 iterations


/home/daniel.z/ICML_PIECLAM_020425/experiments/../clamiter.py:637:::  
back and forth 2/7


/home/daniel.z/ICML_PIECLAM_020425/experiments/../clamiter.py:364:::  staring fit_feats for 3000 iterations


/home/daniel.z/ICML_PIECLAM_020425/experiments/../clamiter.py:364:::  staring fit_prior for 2000 iterations


/home/daniel.z/ICML_PIECLAM_020425/experiments/../clamiter.py:637:::  
back and forth 3/7


/home/daniel.z/ICML_PIECLAM_020425/experiments/../clamiter.py:364:::  staring fit_feats for 3000 iterations


/home/daniel.z/ICML_PIECLAM_020425/experiments/../clamiter.py:364:::  staring fit_prior for 2000 iterations


/home/daniel.z/ICML_PIECLAM_020425/experiments/../clamiter.py:637:::  
back and forth 4/7


/home/daniel.z/ICML_PIECLAM_020425/experiments/../clamiter.py:364:::  staring fit_feats for 3000 iterations


/home/daniel.z/ICML_PIECLAM_020425/experiments/../clamiter.py:364:::  staring fit_prior for 2000 iterations


/home/daniel.z/ICML_PIECLAM_020425/experiments/../clamiter.py:637:::  
back and forth 5/7


/home/daniel.z/ICML_PIECLAM_020425/experiments/../clamiter.py:364:::  staring fit_feats for 3000 iterations


/home/daniel.z/ICML_PIECLAM_020425/experiments/../clamiter.py:364:::  staring fit_prior for 2000 iterations


/home/daniel.z/ICML_PIECLAM_020425/experiments/../clamiter.py:637:::  
back and forth 6/7


/home/daniel.z/ICML_PIECLAM_020425/experiments/../clamiter.py:364:::  staring fit_feats for 3000 iterations


/home/daniel.z/ICML_PIECLAM_020425/experiments/../clamiter.py:364:::  staring fit_prior for 2000 iterations


/home/daniel.z/ICML_PIECLAM_020425/experiments/../clamiter.py:637:::  
back and forth 7/7


/home/daniel.z/ICML_PIECLAM_020425/experiments/../clamiter.py:364:::  staring fit_feats for 3000 iterations


/home/daniel.z/ICML_PIECLAM_020425/experiments/../clamiter.py:364:::  staring fit_prior for 2000 iterations


/home/daniel.z/ICML_PIECLAM_020425/experiments/../clamiter.py:704:::  
fit end, no early stopping


/home/daniel.z/ICML_PIECLAM_020425/experiments/../trainer.py:419:::  
train_model_on_params on pieclam squirrel 
took 4636.171183347702 seconds


/home/daniel.z/ICML_PIECLAM_020425/experiments/../trainer.py:437:::  


FINISHED train 
 last accuracies:
test
key='auc': 0.9779201931957272
val
key='auc': 0.9766756825756197




/home/daniel.z/ICML_PIECLAM_020425/experiments/optimization_utils.py:648:::  Repetition no. 0


/home/daniel.z/ICML_PIECLAM_020425/experiments/../trainer.py:161:::  
Using dataset specific configuration and not global 




/home/daniel.z/ICML_PIECLAM_020425/experiments/../trainer.py:335:::  
 2025-05-21 19:50:46 starting optimization of pieclam on squirrel on device cuda

 configs_dict: 
{
    "clamiter_init": {
        "dim_feat": 100,
        "dim_attr": 100,
        "s_reg": 0.1,
        "l1_reg": 1,
        "T": 1,
        "hidden_dim": 64,
        "num_coupling_blocks": 32,
        "num_layers_mlp": 2
    },
    "feat_opt": {
        "lr": 5e-07,
        "n_iter": 1000,
        "early_stop": 0
    },
    "prior_opt": {
        "n_iter": 2000,
        "lr": 5e-06,
        "noise_amp": 0.1,
        "weight_decay": 0.1,
        "early_stop": 0
    },
    "back_forth": {
        "n_back_forth": 7,
        "scheduler_step_size": 3,
        "scheduler_gamma": 0.5,
        "early_stop_fit": 0,
        "first_func_in_fit": "fit_feats"
    }
}


/home/daniel.z/ICML_PIECLAM_020425/experiments/../clamiter.py:577:::  
in fit,
first_func_in_fit='fit_feats'
second_function_name='fit_prior'


/home/daniel.z/ICML_PIECLAM_020425/experiments/../clamiter.py:637:::  
back and forth 1/7


/home/daniel.z/ICML_PIECLAM_020425/experiments/../clamiter.py:364:::  staring fit_feats for 1000 iterations


/home/daniel.z/ICML_PIECLAM_020425/experiments/../clamiter.py:364:::  staring fit_prior for 2000 iterations


/home/daniel.z/ICML_PIECLAM_020425/experiments/../clamiter.py:637:::  
back and forth 2/7


/home/daniel.z/ICML_PIECLAM_020425/experiments/../clamiter.py:364:::  staring fit_feats for 1000 iterations


/home/daniel.z/ICML_PIECLAM_020425/experiments/../clamiter.py:364:::  staring fit_prior for 2000 iterations


/home/daniel.z/ICML_PIECLAM_020425/experiments/../clamiter.py:637:::  
back and forth 3/7


/home/daniel.z/ICML_PIECLAM_020425/experiments/../clamiter.py:364:::  staring fit_feats for 1000 iterations


/home/daniel.z/ICML_PIECLAM_020425/experiments/../clamiter.py:364:::  staring fit_prior for 2000 iterations


/home/daniel.z/ICML_PIECLAM_020425/experiments/../clamiter.py:637:::  
back and forth 4/7


/home/daniel.z/ICML_PIECLAM_020425/experiments/../clamiter.py:364:::  staring fit_feats for 1000 iterations


/home/daniel.z/ICML_PIECLAM_020425/experiments/../clamiter.py:364:::  staring fit_prior for 2000 iterations


/home/daniel.z/ICML_PIECLAM_020425/experiments/../clamiter.py:637:::  
back and forth 5/7


/home/daniel.z/ICML_PIECLAM_020425/experiments/../clamiter.py:364:::  staring fit_feats for 1000 iterations


/home/daniel.z/ICML_PIECLAM_020425/experiments/../clamiter.py:364:::  staring fit_prior for 2000 iterations


/home/daniel.z/ICML_PIECLAM_020425/experiments/../clamiter.py:637:::  
back and forth 6/7


/home/daniel.z/ICML_PIECLAM_020425/experiments/../clamiter.py:364:::  staring fit_feats for 1000 iterations


/home/daniel.z/ICML_PIECLAM_020425/experiments/../clamiter.py:364:::  staring fit_prior for 2000 iterations


/home/daniel.z/ICML_PIECLAM_020425/experiments/../clamiter.py:637:::  
back and forth 7/7


/home/daniel.z/ICML_PIECLAM_020425/experiments/../clamiter.py:364:::  staring fit_feats for 1000 iterations


/home/daniel.z/ICML_PIECLAM_020425/experiments/../clamiter.py:364:::  staring fit_prior for 2000 iterations


/home/daniel.z/ICML_PIECLAM_020425/experiments/../clamiter.py:704:::  
fit end, no early stopping


/home/daniel.z/ICML_PIECLAM_020425/experiments/../trainer.py:419:::  
train_model_on_params on pieclam squirrel 
took 2630.422264814377 seconds


/home/daniel.z/ICML_PIECLAM_020425/experiments/../trainer.py:437:::  


FINISHED train 
 last accuracies:
test
key='auc': 0.9431665017598229
val
key='auc': 0.9426845749180588




/home/daniel.z/ICML_PIECLAM_020425/experiments/optimization_utils.py:648:::  Repetition no. 0


/home/daniel.z/ICML_PIECLAM_020425/experiments/../trainer.py:161:::  
Using dataset specific configuration and not global 




/home/daniel.z/ICML_PIECLAM_020425/experiments/../trainer.py:335:::  
 2025-05-21 20:34:38 starting optimization of pieclam on squirrel on device cuda

 configs_dict: 
{
    "clamiter_init": {
        "dim_feat": 200,
        "dim_attr": 100,
        "s_reg": 0.1,
        "l1_reg": 1,
        "T": 1,
        "hidden_dim": 64,
        "num_coupling_blocks": 32,
        "num_layers_mlp": 2
    },
    "feat_opt": {
        "lr": 5e-06,
        "n_iter": 1000,
        "early_stop": 0
    },
    "prior_opt": {
        "n_iter": 2000,
        "lr": 5e-06,
        "noise_amp": 0.1,
        "weight_decay": 0.1,
        "early_stop": 0
    },
    "back_forth": {
        "n_back_forth": 7,
        "scheduler_step_size": 3,
        "scheduler_gamma": 0.5,
        "early_stop_fit": 0,
        "first_func_in_fit": "fit_feats"
    }
}


/home/daniel.z/ICML_PIECLAM_020425/experiments/../clamiter.py:577:::  
in fit,
first_func_in_fit='fit_feats'
second_function_name='fit_prior'


/home/daniel.z/ICML_PIECLAM_020425/experiments/../clamiter.py:637:::  
back and forth 1/7


/home/daniel.z/ICML_PIECLAM_020425/experiments/../clamiter.py:364:::  staring fit_feats for 1000 iterations


/home/daniel.z/ICML_PIECLAM_020425/experiments/../clamiter.py:364:::  staring fit_prior for 2000 iterations


/home/daniel.z/ICML_PIECLAM_020425/experiments/../clamiter.py:637:::  
back and forth 2/7


/home/daniel.z/ICML_PIECLAM_020425/experiments/../clamiter.py:364:::  staring fit_feats for 1000 iterations


/home/daniel.z/ICML_PIECLAM_020425/experiments/../clamiter.py:364:::  staring fit_prior for 2000 iterations


/home/daniel.z/ICML_PIECLAM_020425/experiments/../clamiter.py:637:::  
back and forth 3/7


/home/daniel.z/ICML_PIECLAM_020425/experiments/../clamiter.py:364:::  staring fit_feats for 1000 iterations


/home/daniel.z/ICML_PIECLAM_020425/experiments/../clamiter.py:364:::  staring fit_prior for 2000 iterations


/home/daniel.z/ICML_PIECLAM_020425/experiments/../clamiter.py:637:::  
back and forth 4/7


/home/daniel.z/ICML_PIECLAM_020425/experiments/../clamiter.py:364:::  staring fit_feats for 1000 iterations


/home/daniel.z/ICML_PIECLAM_020425/experiments/../clamiter.py:364:::  staring fit_prior for 2000 iterations


/home/daniel.z/ICML_PIECLAM_020425/experiments/../clamiter.py:637:::  
back and forth 5/7


/home/daniel.z/ICML_PIECLAM_020425/experiments/../clamiter.py:364:::  staring fit_feats for 1000 iterations


/home/daniel.z/ICML_PIECLAM_020425/experiments/../clamiter.py:364:::  staring fit_prior for 2000 iterations


/home/daniel.z/ICML_PIECLAM_020425/experiments/../clamiter.py:637:::  
back and forth 6/7


/home/daniel.z/ICML_PIECLAM_020425/experiments/../clamiter.py:364:::  staring fit_feats for 1000 iterations


/home/daniel.z/ICML_PIECLAM_020425/experiments/../clamiter.py:364:::  staring fit_prior for 2000 iterations


/home/daniel.z/ICML_PIECLAM_020425/experiments/../clamiter.py:637:::  
back and forth 7/7


/home/daniel.z/ICML_PIECLAM_020425/experiments/../clamiter.py:364:::  staring fit_feats for 1000 iterations


/home/daniel.z/ICML_PIECLAM_020425/experiments/../clamiter.py:364:::  staring fit_prior for 2000 iterations


/home/daniel.z/ICML_PIECLAM_020425/experiments/../clamiter.py:704:::  
fit end, no early stopping


/home/daniel.z/ICML_PIECLAM_020425/experiments/../trainer.py:419:::  
train_model_on_params on pieclam squirrel 
took 2784.9015209674835 seconds


/home/daniel.z/ICML_PIECLAM_020425/experiments/../trainer.py:437:::  


FINISHED train 
 last accuracies:
test
key='auc': 0.9890885008798007
val
key='auc': 0.9879121187237643




/home/daniel.z/ICML_PIECLAM_020425/experiments/optimization_utils.py:648:::  Repetition no. 0


/home/daniel.z/ICML_PIECLAM_020425/experiments/../trainer.py:161:::  
Using dataset specific configuration and not global 




/home/daniel.z/ICML_PIECLAM_020425/experiments/../trainer.py:335:::  
 2025-05-21 21:21:03 starting optimization of pieclam on squirrel on device cuda

 configs_dict: 
{
    "clamiter_init": {
        "dim_feat": 50,
        "dim_attr": 100,
        "s_reg": 0.1,
        "l1_reg": 1,
        "T": 1,
        "hidden_dim": 64,
        "num_coupling_blocks": 32,
        "num_layers_mlp": 2
    },
    "feat_opt": {
        "lr": 5e-07,
        "n_iter": 500,
        "early_stop": 0
    },
    "prior_opt": {
        "n_iter": 2000,
        "lr": 5e-06,
        "noise_amp": 0.1,
        "weight_decay": 0.1,
        "early_stop": 0
    },
    "back_forth": {
        "n_back_forth": 7,
        "scheduler_step_size": 3,
        "scheduler_gamma": 0.5,
        "early_stop_fit": 0,
        "first_func_in_fit": "fit_feats"
    }
}


/home/daniel.z/ICML_PIECLAM_020425/experiments/../clamiter.py:577:::  
in fit,
first_func_in_fit='fit_feats'
second_function_name='fit_prior'


/home/daniel.z/ICML_PIECLAM_020425/experiments/../clamiter.py:637:::  
back and forth 1/7


/home/daniel.z/ICML_PIECLAM_020425/experiments/../clamiter.py:364:::  staring fit_feats for 500 iterations


/home/daniel.z/ICML_PIECLAM_020425/experiments/../clamiter.py:364:::  staring fit_prior for 2000 iterations


/home/daniel.z/ICML_PIECLAM_020425/experiments/../clamiter.py:637:::  
back and forth 2/7


/home/daniel.z/ICML_PIECLAM_020425/experiments/../clamiter.py:364:::  staring fit_feats for 500 iterations


/home/daniel.z/ICML_PIECLAM_020425/experiments/../clamiter.py:364:::  staring fit_prior for 2000 iterations


/home/daniel.z/ICML_PIECLAM_020425/experiments/../clamiter.py:637:::  
back and forth 3/7


/home/daniel.z/ICML_PIECLAM_020425/experiments/../clamiter.py:364:::  staring fit_feats for 500 iterations


/home/daniel.z/ICML_PIECLAM_020425/experiments/../clamiter.py:364:::  staring fit_prior for 2000 iterations


/home/daniel.z/ICML_PIECLAM_020425/experiments/../clamiter.py:637:::  
back and forth 4/7


/home/daniel.z/ICML_PIECLAM_020425/experiments/../clamiter.py:364:::  staring fit_feats for 500 iterations


/home/daniel.z/ICML_PIECLAM_020425/experiments/../clamiter.py:364:::  staring fit_prior for 2000 iterations


/home/daniel.z/ICML_PIECLAM_020425/experiments/../clamiter.py:637:::  
back and forth 5/7


/home/daniel.z/ICML_PIECLAM_020425/experiments/../clamiter.py:364:::  staring fit_feats for 500 iterations


/home/daniel.z/ICML_PIECLAM_020425/experiments/../clamiter.py:364:::  staring fit_prior for 2000 iterations


/home/daniel.z/ICML_PIECLAM_020425/experiments/../clamiter.py:637:::  
back and forth 6/7


/home/daniel.z/ICML_PIECLAM_020425/experiments/../clamiter.py:364:::  staring fit_feats for 500 iterations


/home/daniel.z/ICML_PIECLAM_020425/experiments/../clamiter.py:364:::  staring fit_prior for 2000 iterations


/home/daniel.z/ICML_PIECLAM_020425/experiments/../clamiter.py:637:::  
back and forth 7/7


/home/daniel.z/ICML_PIECLAM_020425/experiments/../clamiter.py:364:::  staring fit_feats for 500 iterations


/home/daniel.z/ICML_PIECLAM_020425/experiments/../clamiter.py:364:::  staring fit_prior for 2000 iterations


/home/daniel.z/ICML_PIECLAM_020425/experiments/../clamiter.py:704:::  
fit end, no early stopping


/home/daniel.z/ICML_PIECLAM_020425/experiments/../trainer.py:419:::  
train_model_on_params on pieclam squirrel 
took 1973.3765895366669 seconds


/home/daniel.z/ICML_PIECLAM_020425/experiments/../trainer.py:437:::  


FINISHED train 
 last accuracies:
test
key='auc': 0.9115261409027864
val
key='auc': 0.9105945788190954




/home/daniel.z/ICML_PIECLAM_020425/experiments/optimization_utils.py:648:::  Repetition no. 0


/home/daniel.z/ICML_PIECLAM_020425/experiments/../trainer.py:161:::  
Using dataset specific configuration and not global 




/home/daniel.z/ICML_PIECLAM_020425/experiments/../trainer.py:335:::  
 2025-05-21 21:53:57 starting optimization of pieclam on squirrel on device cuda

 configs_dict: 
{
    "clamiter_init": {
        "dim_feat": 200,
        "dim_attr": 100,
        "s_reg": 0.1,
        "l1_reg": 1,
        "T": 1,
        "hidden_dim": 64,
        "num_coupling_blocks": 32,
        "num_layers_mlp": 2
    },
    "feat_opt": {
        "lr": 5e-06,
        "n_iter": 500,
        "early_stop": 0
    },
    "prior_opt": {
        "n_iter": 2000,
        "lr": 5e-06,
        "noise_amp": 0.1,
        "weight_decay": 0.1,
        "early_stop": 0
    },
    "back_forth": {
        "n_back_forth": 7,
        "scheduler_step_size": 3,
        "scheduler_gamma": 0.5,
        "early_stop_fit": 0,
        "first_func_in_fit": "fit_feats"
    }
}


/home/daniel.z/ICML_PIECLAM_020425/experiments/../clamiter.py:577:::  
in fit,
first_func_in_fit='fit_feats'
second_function_name='fit_prior'


/home/daniel.z/ICML_PIECLAM_020425/experiments/../clamiter.py:637:::  
back and forth 1/7


/home/daniel.z/ICML_PIECLAM_020425/experiments/../clamiter.py:364:::  staring fit_feats for 500 iterations


/home/daniel.z/ICML_PIECLAM_020425/experiments/../clamiter.py:364:::  staring fit_prior for 2000 iterations


/home/daniel.z/ICML_PIECLAM_020425/experiments/../clamiter.py:637:::  
back and forth 2/7


/home/daniel.z/ICML_PIECLAM_020425/experiments/../clamiter.py:364:::  staring fit_feats for 500 iterations


/home/daniel.z/ICML_PIECLAM_020425/experiments/../clamiter.py:364:::  staring fit_prior for 2000 iterations


/home/daniel.z/ICML_PIECLAM_020425/experiments/../clamiter.py:637:::  
back and forth 3/7


/home/daniel.z/ICML_PIECLAM_020425/experiments/../clamiter.py:364:::  staring fit_feats for 500 iterations


/home/daniel.z/ICML_PIECLAM_020425/experiments/../clamiter.py:364:::  staring fit_prior for 2000 iterations


/home/daniel.z/ICML_PIECLAM_020425/experiments/../clamiter.py:637:::  
back and forth 4/7


/home/daniel.z/ICML_PIECLAM_020425/experiments/../clamiter.py:364:::  staring fit_feats for 500 iterations


/home/daniel.z/ICML_PIECLAM_020425/experiments/../clamiter.py:364:::  staring fit_prior for 2000 iterations


/home/daniel.z/ICML_PIECLAM_020425/experiments/../clamiter.py:637:::  
back and forth 5/7


/home/daniel.z/ICML_PIECLAM_020425/experiments/../clamiter.py:364:::  staring fit_feats for 500 iterations


/home/daniel.z/ICML_PIECLAM_020425/experiments/../clamiter.py:364:::  staring fit_prior for 2000 iterations


/home/daniel.z/ICML_PIECLAM_020425/experiments/../clamiter.py:637:::  
back and forth 6/7


/home/daniel.z/ICML_PIECLAM_020425/experiments/../clamiter.py:364:::  staring fit_feats for 500 iterations


/home/daniel.z/ICML_PIECLAM_020425/experiments/../clamiter.py:364:::  staring fit_prior for 2000 iterations


/home/daniel.z/ICML_PIECLAM_020425/experiments/../clamiter.py:637:::  
back and forth 7/7


/home/daniel.z/ICML_PIECLAM_020425/experiments/../clamiter.py:364:::  staring fit_feats for 500 iterations


/home/daniel.z/ICML_PIECLAM_020425/experiments/../clamiter.py:364:::  staring fit_prior for 2000 iterations


/home/daniel.z/ICML_PIECLAM_020425/experiments/../clamiter.py:704:::  
fit end, no early stopping


/home/daniel.z/ICML_PIECLAM_020425/experiments/../trainer.py:419:::  
train_model_on_params on pieclam squirrel 
took 2110.765095472336 seconds


/home/daniel.z/ICML_PIECLAM_020425/experiments/../trainer.py:437:::  


FINISHED train 
 last accuracies:
test
key='auc': 0.9852164539248238
val
key='auc': 0.9840893711014199




/home/daniel.z/ICML_PIECLAM_020425/experiments/optimization_utils.py:648:::  Repetition no. 0


/home/daniel.z/ICML_PIECLAM_020425/experiments/../trainer.py:161:::  
Using dataset specific configuration and not global 




/home/daniel.z/ICML_PIECLAM_020425/experiments/../trainer.py:335:::  
 2025-05-21 22:29:09 starting optimization of pieclam on squirrel on device cuda

 configs_dict: 
{
    "clamiter_init": {
        "dim_feat": 100,
        "dim_attr": 100,
        "s_reg": 0.1,
        "l1_reg": 1,
        "T": 1,
        "hidden_dim": 64,
        "num_coupling_blocks": 32,
        "num_layers_mlp": 2
    },
    "feat_opt": {
        "lr": 5e-07,
        "n_iter": 500,
        "early_stop": 0
    },
    "prior_opt": {
        "n_iter": 2000,
        "lr": 5e-06,
        "noise_amp": 0.1,
        "weight_decay": 0.1,
        "early_stop": 0
    },
    "back_forth": {
        "n_back_forth": 7,
        "scheduler_step_size": 3,
        "scheduler_gamma": 0.5,
        "early_stop_fit": 0,
        "first_func_in_fit": "fit_feats"
    }
}


/home/daniel.z/ICML_PIECLAM_020425/experiments/../clamiter.py:577:::  
in fit,
first_func_in_fit='fit_feats'
second_function_name='fit_prior'


/home/daniel.z/ICML_PIECLAM_020425/experiments/../clamiter.py:637:::  
back and forth 1/7


/home/daniel.z/ICML_PIECLAM_020425/experiments/../clamiter.py:364:::  staring fit_feats for 500 iterations


/home/daniel.z/ICML_PIECLAM_020425/experiments/../clamiter.py:364:::  staring fit_prior for 2000 iterations


/home/daniel.z/ICML_PIECLAM_020425/experiments/../clamiter.py:637:::  
back and forth 2/7


/home/daniel.z/ICML_PIECLAM_020425/experiments/../clamiter.py:364:::  staring fit_feats for 500 iterations


/home/daniel.z/ICML_PIECLAM_020425/experiments/../clamiter.py:364:::  staring fit_prior for 2000 iterations


/home/daniel.z/ICML_PIECLAM_020425/experiments/../clamiter.py:637:::  
back and forth 3/7


/home/daniel.z/ICML_PIECLAM_020425/experiments/../clamiter.py:364:::  staring fit_feats for 500 iterations


/home/daniel.z/ICML_PIECLAM_020425/experiments/../clamiter.py:364:::  staring fit_prior for 2000 iterations


/home/daniel.z/ICML_PIECLAM_020425/experiments/../clamiter.py:637:::  
back and forth 4/7


/home/daniel.z/ICML_PIECLAM_020425/experiments/../clamiter.py:364:::  staring fit_feats for 500 iterations


/home/daniel.z/ICML_PIECLAM_020425/experiments/../clamiter.py:364:::  staring fit_prior for 2000 iterations


/home/daniel.z/ICML_PIECLAM_020425/experiments/../clamiter.py:637:::  
back and forth 5/7


/home/daniel.z/ICML_PIECLAM_020425/experiments/../clamiter.py:364:::  staring fit_feats for 500 iterations


/home/daniel.z/ICML_PIECLAM_020425/experiments/../clamiter.py:364:::  staring fit_prior for 2000 iterations


/home/daniel.z/ICML_PIECLAM_020425/experiments/../clamiter.py:637:::  
back and forth 6/7


/home/daniel.z/ICML_PIECLAM_020425/experiments/../clamiter.py:364:::  staring fit_feats for 500 iterations


/home/daniel.z/ICML_PIECLAM_020425/experiments/../clamiter.py:364:::  staring fit_prior for 2000 iterations


/home/daniel.z/ICML_PIECLAM_020425/experiments/../clamiter.py:637:::  
back and forth 7/7


/home/daniel.z/ICML_PIECLAM_020425/experiments/../clamiter.py:364:::  staring fit_feats for 500 iterations


/home/daniel.z/ICML_PIECLAM_020425/experiments/../clamiter.py:364:::  staring fit_prior for 2000 iterations


/home/daniel.z/ICML_PIECLAM_020425/experiments/../clamiter.py:704:::  
fit end, no early stopping


/home/daniel.z/ICML_PIECLAM_020425/experiments/../trainer.py:419:::  
train_model_on_params on pieclam squirrel 
took 2023.568020582199 seconds


/home/daniel.z/ICML_PIECLAM_020425/experiments/../trainer.py:437:::  


FINISHED train 
 last accuracies:
test
key='auc': 0.9007892138057333
val
key='auc': 0.9014883415362632




/home/daniel.z/ICML_PIECLAM_020425/experiments/optimization_utils.py:648:::  Repetition no. 0


/home/daniel.z/ICML_PIECLAM_020425/experiments/../trainer.py:161:::  
Using dataset specific configuration and not global 




/home/daniel.z/ICML_PIECLAM_020425/experiments/../trainer.py:335:::  
 2025-05-21 23:02:54 starting optimization of pieclam on squirrel on device cuda

 configs_dict: 
{
    "clamiter_init": {
        "dim_feat": 50,
        "dim_attr": 100,
        "s_reg": 0.1,
        "l1_reg": 1,
        "T": 1,
        "hidden_dim": 64,
        "num_coupling_blocks": 32,
        "num_layers_mlp": 2
    },
    "feat_opt": {
        "lr": 5e-06,
        "n_iter": 3000,
        "early_stop": 0
    },
    "prior_opt": {
        "n_iter": 2000,
        "lr": 5e-06,
        "noise_amp": 0.1,
        "weight_decay": 0.1,
        "early_stop": 0
    },
    "back_forth": {
        "n_back_forth": 7,
        "scheduler_step_size": 3,
        "scheduler_gamma": 0.5,
        "early_stop_fit": 0,
        "first_func_in_fit": "fit_feats"
    }
}


/home/daniel.z/ICML_PIECLAM_020425/experiments/../clamiter.py:577:::  
in fit,
first_func_in_fit='fit_feats'
second_function_name='fit_prior'


/home/daniel.z/ICML_PIECLAM_020425/experiments/../clamiter.py:637:::  
back and forth 1/7


/home/daniel.z/ICML_PIECLAM_020425/experiments/../clamiter.py:364:::  staring fit_feats for 3000 iterations


/home/daniel.z/ICML_PIECLAM_020425/experiments/../clamiter.py:364:::  staring fit_prior for 2000 iterations


/home/daniel.z/ICML_PIECLAM_020425/experiments/../clamiter.py:637:::  
back and forth 2/7


/home/daniel.z/ICML_PIECLAM_020425/experiments/../clamiter.py:364:::  staring fit_feats for 3000 iterations


/home/daniel.z/ICML_PIECLAM_020425/experiments/../clamiter.py:364:::  staring fit_prior for 2000 iterations


/home/daniel.z/ICML_PIECLAM_020425/experiments/../clamiter.py:637:::  
back and forth 3/7


/home/daniel.z/ICML_PIECLAM_020425/experiments/../clamiter.py:364:::  staring fit_feats for 3000 iterations


/home/daniel.z/ICML_PIECLAM_020425/experiments/../clamiter.py:364:::  staring fit_prior for 2000 iterations


/home/daniel.z/ICML_PIECLAM_020425/experiments/../clamiter.py:637:::  
back and forth 4/7


/home/daniel.z/ICML_PIECLAM_020425/experiments/../clamiter.py:364:::  staring fit_feats for 3000 iterations


/home/daniel.z/ICML_PIECLAM_020425/experiments/../clamiter.py:364:::  staring fit_prior for 2000 iterations


/home/daniel.z/ICML_PIECLAM_020425/experiments/../clamiter.py:637:::  
back and forth 5/7


/home/daniel.z/ICML_PIECLAM_020425/experiments/../clamiter.py:364:::  staring fit_feats for 3000 iterations


/home/daniel.z/ICML_PIECLAM_020425/experiments/../clamiter.py:364:::  staring fit_prior for 2000 iterations


/home/daniel.z/ICML_PIECLAM_020425/experiments/../clamiter.py:637:::  
back and forth 6/7


/home/daniel.z/ICML_PIECLAM_020425/experiments/../clamiter.py:364:::  staring fit_feats for 3000 iterations


/home/daniel.z/ICML_PIECLAM_020425/experiments/../clamiter.py:364:::  staring fit_prior for 2000 iterations


/home/daniel.z/ICML_PIECLAM_020425/experiments/../clamiter.py:637:::  
back and forth 7/7


/home/daniel.z/ICML_PIECLAM_020425/experiments/../clamiter.py:364:::  staring fit_feats for 3000 iterations


/home/daniel.z/ICML_PIECLAM_020425/experiments/../clamiter.py:364:::  staring fit_prior for 2000 iterations


/home/daniel.z/ICML_PIECLAM_020425/experiments/../clamiter.py:704:::  
fit end, no early stopping


/home/daniel.z/ICML_PIECLAM_020425/experiments/../trainer.py:419:::  
train_model_on_params on pieclam squirrel 
took 4607.660488605499 seconds


/home/daniel.z/ICML_PIECLAM_020425/experiments/../trainer.py:437:::  


FINISHED train 
 last accuracies:
test
key='auc': 0.9872870631738928
val
key='auc': 0.987474714986689




/home/daniel.z/ICML_PIECLAM_020425/experiments/optimization_utils.py:648:::  Repetition no. 0


/home/daniel.z/ICML_PIECLAM_020425/experiments/../trainer.py:161:::  
Using dataset specific configuration and not global 




/home/daniel.z/ICML_PIECLAM_020425/experiments/../trainer.py:335:::  
 2025-05-22 00:19:42 starting optimization of pieclam on squirrel on device cuda

 configs_dict: 
{
    "clamiter_init": {
        "dim_feat": 100,
        "dim_attr": 100,
        "s_reg": 0.1,
        "l1_reg": 1,
        "T": 1,
        "hidden_dim": 64,
        "num_coupling_blocks": 32,
        "num_layers_mlp": 2
    },
    "feat_opt": {
        "lr": 5e-06,
        "n_iter": 1000,
        "early_stop": 0
    },
    "prior_opt": {
        "n_iter": 2000,
        "lr": 5e-06,
        "noise_amp": 0.1,
        "weight_decay": 0.1,
        "early_stop": 0
    },
    "back_forth": {
        "n_back_forth": 7,
        "scheduler_step_size": 3,
        "scheduler_gamma": 0.5,
        "early_stop_fit": 0,
        "first_func_in_fit": "fit_feats"
    }
}


/home/daniel.z/ICML_PIECLAM_020425/experiments/../clamiter.py:577:::  
in fit,
first_func_in_fit='fit_feats'
second_function_name='fit_prior'


/home/daniel.z/ICML_PIECLAM_020425/experiments/../clamiter.py:637:::  
back and forth 1/7


/home/daniel.z/ICML_PIECLAM_020425/experiments/../clamiter.py:364:::  staring fit_feats for 1000 iterations


/home/daniel.z/ICML_PIECLAM_020425/experiments/../clamiter.py:364:::  staring fit_prior for 2000 iterations


/home/daniel.z/ICML_PIECLAM_020425/experiments/../clamiter.py:637:::  
back and forth 2/7


/home/daniel.z/ICML_PIECLAM_020425/experiments/../clamiter.py:364:::  staring fit_feats for 1000 iterations


/home/daniel.z/ICML_PIECLAM_020425/experiments/../clamiter.py:364:::  staring fit_prior for 2000 iterations


/home/daniel.z/ICML_PIECLAM_020425/experiments/../clamiter.py:637:::  
back and forth 3/7


/home/daniel.z/ICML_PIECLAM_020425/experiments/../clamiter.py:364:::  staring fit_feats for 1000 iterations


/home/daniel.z/ICML_PIECLAM_020425/experiments/../clamiter.py:364:::  staring fit_prior for 2000 iterations


/home/daniel.z/ICML_PIECLAM_020425/experiments/../clamiter.py:637:::  
back and forth 4/7


/home/daniel.z/ICML_PIECLAM_020425/experiments/../clamiter.py:364:::  staring fit_feats for 1000 iterations


/home/daniel.z/ICML_PIECLAM_020425/experiments/../clamiter.py:364:::  staring fit_prior for 2000 iterations


/home/daniel.z/ICML_PIECLAM_020425/experiments/../clamiter.py:637:::  
back and forth 5/7


/home/daniel.z/ICML_PIECLAM_020425/experiments/../clamiter.py:364:::  staring fit_feats for 1000 iterations


/home/daniel.z/ICML_PIECLAM_020425/experiments/../clamiter.py:364:::  staring fit_prior for 2000 iterations


/home/daniel.z/ICML_PIECLAM_020425/experiments/../clamiter.py:637:::  
back and forth 6/7


/home/daniel.z/ICML_PIECLAM_020425/experiments/../clamiter.py:364:::  staring fit_feats for 1000 iterations


/home/daniel.z/ICML_PIECLAM_020425/experiments/../clamiter.py:364:::  staring fit_prior for 2000 iterations


/home/daniel.z/ICML_PIECLAM_020425/experiments/../clamiter.py:637:::  
back and forth 7/7


/home/daniel.z/ICML_PIECLAM_020425/experiments/../clamiter.py:364:::  staring fit_feats for 1000 iterations


/home/daniel.z/ICML_PIECLAM_020425/experiments/../clamiter.py:364:::  staring fit_prior for 2000 iterations


/home/daniel.z/ICML_PIECLAM_020425/experiments/../clamiter.py:704:::  
fit end, no early stopping


/home/daniel.z/ICML_PIECLAM_020425/experiments/../trainer.py:419:::  
train_model_on_params on pieclam squirrel 
took 2557.04536151886 seconds


/home/daniel.z/ICML_PIECLAM_020425/experiments/../trainer.py:437:::  


FINISHED train 
 last accuracies:
test
key='auc': 0.9882934149231908
val
key='auc': 0.9876674130405008




/home/daniel.z/ICML_PIECLAM_020425/experiments/optimization_utils.py:648:::  Repetition no. 0


/home/daniel.z/ICML_PIECLAM_020425/experiments/../trainer.py:161:::  
Using dataset specific configuration and not global 




/home/daniel.z/ICML_PIECLAM_020425/experiments/../trainer.py:335:::  
 2025-05-22 01:02:20 starting optimization of pieclam on squirrel on device cuda

 configs_dict: 
{
    "clamiter_init": {
        "dim_feat": 200,
        "dim_attr": 100,
        "s_reg": 0.1,
        "l1_reg": 1,
        "T": 1,
        "hidden_dim": 64,
        "num_coupling_blocks": 32,
        "num_layers_mlp": 2
    },
    "feat_opt": {
        "lr": 5e-07,
        "n_iter": 500,
        "early_stop": 0
    },
    "prior_opt": {
        "n_iter": 2000,
        "lr": 5e-06,
        "noise_amp": 0.1,
        "weight_decay": 0.1,
        "early_stop": 0
    },
    "back_forth": {
        "n_back_forth": 7,
        "scheduler_step_size": 3,
        "scheduler_gamma": 0.5,
        "early_stop_fit": 0,
        "first_func_in_fit": "fit_feats"
    }
}


/home/daniel.z/ICML_PIECLAM_020425/experiments/../clamiter.py:577:::  
in fit,
first_func_in_fit='fit_feats'
second_function_name='fit_prior'


/home/daniel.z/ICML_PIECLAM_020425/experiments/../clamiter.py:637:::  
back and forth 1/7


/home/daniel.z/ICML_PIECLAM_020425/experiments/../clamiter.py:364:::  staring fit_feats for 500 iterations


/home/daniel.z/ICML_PIECLAM_020425/experiments/../clamiter.py:364:::  staring fit_prior for 2000 iterations


/home/daniel.z/ICML_PIECLAM_020425/experiments/../clamiter.py:637:::  
back and forth 2/7


/home/daniel.z/ICML_PIECLAM_020425/experiments/../clamiter.py:364:::  staring fit_feats for 500 iterations


/home/daniel.z/ICML_PIECLAM_020425/experiments/../clamiter.py:364:::  staring fit_prior for 2000 iterations


/home/daniel.z/ICML_PIECLAM_020425/experiments/../clamiter.py:637:::  
back and forth 3/7


/home/daniel.z/ICML_PIECLAM_020425/experiments/../clamiter.py:364:::  staring fit_feats for 500 iterations


/home/daniel.z/ICML_PIECLAM_020425/experiments/../clamiter.py:364:::  staring fit_prior for 2000 iterations


/home/daniel.z/ICML_PIECLAM_020425/experiments/../clamiter.py:637:::  
back and forth 4/7


/home/daniel.z/ICML_PIECLAM_020425/experiments/../clamiter.py:364:::  staring fit_feats for 500 iterations


/home/daniel.z/ICML_PIECLAM_020425/experiments/../clamiter.py:364:::  staring fit_prior for 2000 iterations


/home/daniel.z/ICML_PIECLAM_020425/experiments/../clamiter.py:637:::  
back and forth 5/7


/home/daniel.z/ICML_PIECLAM_020425/experiments/../clamiter.py:364:::  staring fit_feats for 500 iterations


/home/daniel.z/ICML_PIECLAM_020425/experiments/../clamiter.py:364:::  staring fit_prior for 2000 iterations


/home/daniel.z/ICML_PIECLAM_020425/experiments/../clamiter.py:637:::  
back and forth 6/7


/home/daniel.z/ICML_PIECLAM_020425/experiments/../clamiter.py:364:::  staring fit_feats for 500 iterations


/home/daniel.z/ICML_PIECLAM_020425/experiments/../clamiter.py:364:::  staring fit_prior for 2000 iterations


/home/daniel.z/ICML_PIECLAM_020425/experiments/../clamiter.py:637:::  
back and forth 7/7


/home/daniel.z/ICML_PIECLAM_020425/experiments/../clamiter.py:364:::  staring fit_feats for 500 iterations


/home/daniel.z/ICML_PIECLAM_020425/experiments/../clamiter.py:364:::  staring fit_prior for 2000 iterations


/home/daniel.z/ICML_PIECLAM_020425/experiments/../clamiter.py:704:::  
fit end, no early stopping


/home/daniel.z/ICML_PIECLAM_020425/experiments/../trainer.py:419:::  
train_model_on_params on pieclam squirrel 
took 2128.2394666671753 seconds


/home/daniel.z/ICML_PIECLAM_020425/experiments/../trainer.py:437:::  


FINISHED train 
 last accuracies:
test
key='auc': 0.8977599455962462
val
key='auc': 0.8996048572906934




/home/daniel.z/ICML_PIECLAM_020425/experiments/optimization_utils.py:648:::  Repetition no. 0


/home/daniel.z/ICML_PIECLAM_020425/experiments/../trainer.py:161:::  
Using dataset specific configuration and not global 




/home/daniel.z/ICML_PIECLAM_020425/experiments/../trainer.py:335:::  
 2025-05-22 01:37:49 starting optimization of pieclam on squirrel on device cuda

 configs_dict: 
{
    "clamiter_init": {
        "dim_feat": 100,
        "dim_attr": 100,
        "s_reg": 0.0,
        "l1_reg": 1,
        "T": 1,
        "hidden_dim": 64,
        "num_coupling_blocks": 32,
        "num_layers_mlp": 2
    },
    "feat_opt": {
        "lr": 5e-06,
        "n_iter": 3000,
        "early_stop": 0
    },
    "prior_opt": {
        "n_iter": 2000,
        "lr": 5e-06,
        "noise_amp": 0.1,
        "weight_decay": 0.1,
        "early_stop": 0
    },
    "back_forth": {
        "n_back_forth": 7,
        "scheduler_step_size": 3,
        "scheduler_gamma": 0.5,
        "early_stop_fit": 0,
        "first_func_in_fit": "fit_feats"
    }
}


/home/daniel.z/ICML_PIECLAM_020425/experiments/../clamiter.py:577:::  
in fit,
first_func_in_fit='fit_feats'
second_function_name='fit_prior'


/home/daniel.z/ICML_PIECLAM_020425/experiments/../clamiter.py:637:::  
back and forth 1/7


/home/daniel.z/ICML_PIECLAM_020425/experiments/../clamiter.py:364:::  staring fit_feats for 3000 iterations


/home/daniel.z/ICML_PIECLAM_020425/experiments/../clamiter.py:364:::  staring fit_prior for 2000 iterations


/home/daniel.z/ICML_PIECLAM_020425/experiments/../clamiter.py:637:::  
back and forth 2/7


/home/daniel.z/ICML_PIECLAM_020425/experiments/../clamiter.py:364:::  staring fit_feats for 3000 iterations


/home/daniel.z/ICML_PIECLAM_020425/experiments/../clamiter.py:364:::  staring fit_prior for 2000 iterations


/home/daniel.z/ICML_PIECLAM_020425/experiments/../clamiter.py:637:::  
back and forth 3/7


/home/daniel.z/ICML_PIECLAM_020425/experiments/../clamiter.py:364:::  staring fit_feats for 3000 iterations


/home/daniel.z/ICML_PIECLAM_020425/experiments/../clamiter.py:364:::  staring fit_prior for 2000 iterations


/home/daniel.z/ICML_PIECLAM_020425/experiments/../clamiter.py:637:::  
back and forth 4/7


/home/daniel.z/ICML_PIECLAM_020425/experiments/../clamiter.py:364:::  staring fit_feats for 3000 iterations


/home/daniel.z/ICML_PIECLAM_020425/experiments/../clamiter.py:364:::  staring fit_prior for 2000 iterations


/home/daniel.z/ICML_PIECLAM_020425/experiments/../clamiter.py:637:::  
back and forth 5/7


/home/daniel.z/ICML_PIECLAM_020425/experiments/../clamiter.py:364:::  staring fit_feats for 3000 iterations


/home/daniel.z/ICML_PIECLAM_020425/experiments/../clamiter.py:364:::  staring fit_prior for 2000 iterations


/home/daniel.z/ICML_PIECLAM_020425/experiments/../clamiter.py:637:::  
back and forth 6/7


/home/daniel.z/ICML_PIECLAM_020425/experiments/../clamiter.py:364:::  staring fit_feats for 3000 iterations


/home/daniel.z/ICML_PIECLAM_020425/experiments/../clamiter.py:364:::  staring fit_prior for 2000 iterations


/home/daniel.z/ICML_PIECLAM_020425/experiments/../clamiter.py:637:::  
back and forth 7/7


/home/daniel.z/ICML_PIECLAM_020425/experiments/../clamiter.py:364:::  staring fit_feats for 3000 iterations


/home/daniel.z/ICML_PIECLAM_020425/experiments/../clamiter.py:364:::  staring fit_prior for 2000 iterations


/home/daniel.z/ICML_PIECLAM_020425/experiments/../clamiter.py:704:::  
fit end, no early stopping


/home/daniel.z/ICML_PIECLAM_020425/experiments/../trainer.py:419:::  
train_model_on_params on pieclam squirrel 
took 4878.244893789291 seconds


/home/daniel.z/ICML_PIECLAM_020425/experiments/../trainer.py:437:::  


FINISHED train 
 last accuracies:
test
key='auc': 0.9879894215001608
val
key='auc': 0.9861653682670143




/home/daniel.z/ICML_PIECLAM_020425/experiments/optimization_utils.py:648:::  Repetition no. 0


/home/daniel.z/ICML_PIECLAM_020425/experiments/../trainer.py:161:::  
Using dataset specific configuration and not global 




/home/daniel.z/ICML_PIECLAM_020425/experiments/../trainer.py:335:::  
 2025-05-22 02:59:08 starting optimization of pieclam on squirrel on device cuda

 configs_dict: 
{
    "clamiter_init": {
        "dim_feat": 100,
        "dim_attr": 100,
        "s_reg": 0.0,
        "l1_reg": 1,
        "T": 1,
        "hidden_dim": 64,
        "num_coupling_blocks": 32,
        "num_layers_mlp": 2
    },
    "feat_opt": {
        "lr": 5e-07,
        "n_iter": 3000,
        "early_stop": 0
    },
    "prior_opt": {
        "n_iter": 2000,
        "lr": 5e-06,
        "noise_amp": 0.1,
        "weight_decay": 0.1,
        "early_stop": 0
    },
    "back_forth": {
        "n_back_forth": 7,
        "scheduler_step_size": 3,
        "scheduler_gamma": 0.5,
        "early_stop_fit": 0,
        "first_func_in_fit": "fit_feats"
    }
}


/home/daniel.z/ICML_PIECLAM_020425/experiments/../clamiter.py:577:::  
in fit,
first_func_in_fit='fit_feats'
second_function_name='fit_prior'


/home/daniel.z/ICML_PIECLAM_020425/experiments/../clamiter.py:637:::  
back and forth 1/7


/home/daniel.z/ICML_PIECLAM_020425/experiments/../clamiter.py:364:::  staring fit_feats for 3000 iterations


/home/daniel.z/ICML_PIECLAM_020425/experiments/../clamiter.py:364:::  staring fit_prior for 2000 iterations


/home/daniel.z/ICML_PIECLAM_020425/experiments/../clamiter.py:637:::  
back and forth 2/7


/home/daniel.z/ICML_PIECLAM_020425/experiments/../clamiter.py:364:::  staring fit_feats for 3000 iterations


/home/daniel.z/ICML_PIECLAM_020425/experiments/../clamiter.py:364:::  staring fit_prior for 2000 iterations


/home/daniel.z/ICML_PIECLAM_020425/experiments/../clamiter.py:637:::  
back and forth 3/7


/home/daniel.z/ICML_PIECLAM_020425/experiments/../clamiter.py:364:::  staring fit_feats for 3000 iterations


/home/daniel.z/ICML_PIECLAM_020425/experiments/../clamiter.py:364:::  staring fit_prior for 2000 iterations


/home/daniel.z/ICML_PIECLAM_020425/experiments/../clamiter.py:637:::  
back and forth 4/7


/home/daniel.z/ICML_PIECLAM_020425/experiments/../clamiter.py:364:::  staring fit_feats for 3000 iterations


/home/daniel.z/ICML_PIECLAM_020425/experiments/../clamiter.py:364:::  staring fit_prior for 2000 iterations


/home/daniel.z/ICML_PIECLAM_020425/experiments/../clamiter.py:637:::  
back and forth 5/7


/home/daniel.z/ICML_PIECLAM_020425/experiments/../clamiter.py:364:::  staring fit_feats for 3000 iterations


/home/daniel.z/ICML_PIECLAM_020425/experiments/../clamiter.py:364:::  staring fit_prior for 2000 iterations


/home/daniel.z/ICML_PIECLAM_020425/experiments/../clamiter.py:637:::  
back and forth 6/7


/home/daniel.z/ICML_PIECLAM_020425/experiments/../clamiter.py:364:::  staring fit_feats for 3000 iterations


/home/daniel.z/ICML_PIECLAM_020425/experiments/../clamiter.py:364:::  staring fit_prior for 2000 iterations


/home/daniel.z/ICML_PIECLAM_020425/experiments/../clamiter.py:637:::  
back and forth 7/7


/home/daniel.z/ICML_PIECLAM_020425/experiments/../clamiter.py:364:::  staring fit_feats for 3000 iterations


/home/daniel.z/ICML_PIECLAM_020425/experiments/../clamiter.py:364:::  staring fit_prior for 2000 iterations


/home/daniel.z/ICML_PIECLAM_020425/experiments/../clamiter.py:704:::  
fit end, no early stopping


/home/daniel.z/ICML_PIECLAM_020425/experiments/../trainer.py:419:::  
train_model_on_params on pieclam squirrel 
took 4827.198940038681 seconds


/home/daniel.z/ICML_PIECLAM_020425/experiments/../trainer.py:437:::  


FINISHED train 
 last accuracies:
test
key='auc': 0.9803164817990406
val
key='auc': 0.979108498509766




/home/daniel.z/ICML_PIECLAM_020425/experiments/optimization_utils.py:648:::  Repetition no. 0


/home/daniel.z/ICML_PIECLAM_020425/experiments/../trainer.py:161:::  
Using dataset specific configuration and not global 




/home/daniel.z/ICML_PIECLAM_020425/experiments/../trainer.py:335:::  
 2025-05-22 04:19:37 starting optimization of pieclam on squirrel on device cuda

 configs_dict: 
{
    "clamiter_init": {
        "dim_feat": 100,
        "dim_attr": 100,
        "s_reg": 0.1,
        "l1_reg": 1,
        "T": 1,
        "hidden_dim": 64,
        "num_coupling_blocks": 32,
        "num_layers_mlp": 2
    },
    "feat_opt": {
        "lr": 5e-06,
        "n_iter": 3000,
        "early_stop": 0
    },
    "prior_opt": {
        "n_iter": 2000,
        "lr": 5e-06,
        "noise_amp": 0.1,
        "weight_decay": 0.1,
        "early_stop": 0
    },
    "back_forth": {
        "n_back_forth": 7,
        "scheduler_step_size": 3,
        "scheduler_gamma": 0.5,
        "early_stop_fit": 0,
        "first_func_in_fit": "fit_feats"
    }
}


/home/daniel.z/ICML_PIECLAM_020425/experiments/../clamiter.py:577:::  
in fit,
first_func_in_fit='fit_feats'
second_function_name='fit_prior'


/home/daniel.z/ICML_PIECLAM_020425/experiments/../clamiter.py:637:::  
back and forth 1/7


/home/daniel.z/ICML_PIECLAM_020425/experiments/../clamiter.py:364:::  staring fit_feats for 3000 iterations


/home/daniel.z/ICML_PIECLAM_020425/experiments/../clamiter.py:364:::  staring fit_prior for 2000 iterations


/home/daniel.z/ICML_PIECLAM_020425/experiments/../clamiter.py:637:::  
back and forth 2/7


/home/daniel.z/ICML_PIECLAM_020425/experiments/../clamiter.py:364:::  staring fit_feats for 3000 iterations


/home/daniel.z/ICML_PIECLAM_020425/experiments/../clamiter.py:364:::  staring fit_prior for 2000 iterations


/home/daniel.z/ICML_PIECLAM_020425/experiments/../clamiter.py:637:::  
back and forth 3/7


/home/daniel.z/ICML_PIECLAM_020425/experiments/../clamiter.py:364:::  staring fit_feats for 3000 iterations


/home/daniel.z/ICML_PIECLAM_020425/experiments/../clamiter.py:364:::  staring fit_prior for 2000 iterations


/home/daniel.z/ICML_PIECLAM_020425/experiments/../clamiter.py:637:::  
back and forth 4/7


/home/daniel.z/ICML_PIECLAM_020425/experiments/../clamiter.py:364:::  staring fit_feats for 3000 iterations


/home/daniel.z/ICML_PIECLAM_020425/experiments/../clamiter.py:364:::  staring fit_prior for 2000 iterations


/home/daniel.z/ICML_PIECLAM_020425/experiments/../clamiter.py:637:::  
back and forth 5/7


/home/daniel.z/ICML_PIECLAM_020425/experiments/../clamiter.py:364:::  staring fit_feats for 3000 iterations


/home/daniel.z/ICML_PIECLAM_020425/experiments/../clamiter.py:364:::  staring fit_prior for 2000 iterations


/home/daniel.z/ICML_PIECLAM_020425/experiments/../clamiter.py:637:::  
back and forth 6/7


/home/daniel.z/ICML_PIECLAM_020425/experiments/../clamiter.py:364:::  staring fit_feats for 3000 iterations


/home/daniel.z/ICML_PIECLAM_020425/experiments/../clamiter.py:364:::  staring fit_prior for 2000 iterations


/home/daniel.z/ICML_PIECLAM_020425/experiments/../clamiter.py:637:::  
back and forth 7/7


/home/daniel.z/ICML_PIECLAM_020425/experiments/../clamiter.py:364:::  staring fit_feats for 3000 iterations


/home/daniel.z/ICML_PIECLAM_020425/experiments/../clamiter.py:364:::  staring fit_prior for 2000 iterations


/home/daniel.z/ICML_PIECLAM_020425/experiments/../clamiter.py:704:::  
fit end, no early stopping


/home/daniel.z/ICML_PIECLAM_020425/experiments/../trainer.py:419:::  
train_model_on_params on pieclam squirrel 
took 4880.952403306961 seconds


/home/daniel.z/ICML_PIECLAM_020425/experiments/../trainer.py:437:::  


FINISHED train 
 last accuracies:
test
key='auc': 0.9885150426836153
val
key='auc': 0.988071705028825




/home/daniel.z/ICML_PIECLAM_020425/experiments/optimization_utils.py:648:::  Repetition no. 0


/home/daniel.z/ICML_PIECLAM_020425/experiments/../trainer.py:161:::  
Using dataset specific configuration and not global 




/home/daniel.z/ICML_PIECLAM_020425/experiments/../trainer.py:335:::  
 2025-05-22 05:40:59 starting optimization of pieclam on squirrel on device cuda

 configs_dict: 
{
    "clamiter_init": {
        "dim_feat": 100,
        "dim_attr": 100,
        "s_reg": 0.0,
        "l1_reg": 1,
        "T": 1,
        "hidden_dim": 64,
        "num_coupling_blocks": 32,
        "num_layers_mlp": 2
    },
    "feat_opt": {
        "lr": 5e-06,
        "n_iter": 1000,
        "early_stop": 0
    },
    "prior_opt": {
        "n_iter": 2000,
        "lr": 5e-06,
        "noise_amp": 0.1,
        "weight_decay": 0.1,
        "early_stop": 0
    },
    "back_forth": {
        "n_back_forth": 7,
        "scheduler_step_size": 3,
        "scheduler_gamma": 0.5,
        "early_stop_fit": 0,
        "first_func_in_fit": "fit_feats"
    }
}


/home/daniel.z/ICML_PIECLAM_020425/experiments/../clamiter.py:577:::  
in fit,
first_func_in_fit='fit_feats'
second_function_name='fit_prior'


/home/daniel.z/ICML_PIECLAM_020425/experiments/../clamiter.py:637:::  
back and forth 1/7


/home/daniel.z/ICML_PIECLAM_020425/experiments/../clamiter.py:364:::  staring fit_feats for 1000 iterations


/home/daniel.z/ICML_PIECLAM_020425/experiments/../clamiter.py:364:::  staring fit_prior for 2000 iterations


/home/daniel.z/ICML_PIECLAM_020425/experiments/../clamiter.py:637:::  
back and forth 2/7


/home/daniel.z/ICML_PIECLAM_020425/experiments/../clamiter.py:364:::  staring fit_feats for 1000 iterations


/home/daniel.z/ICML_PIECLAM_020425/experiments/../clamiter.py:364:::  staring fit_prior for 2000 iterations


/home/daniel.z/ICML_PIECLAM_020425/experiments/../clamiter.py:637:::  
back and forth 3/7


/home/daniel.z/ICML_PIECLAM_020425/experiments/../clamiter.py:364:::  staring fit_feats for 1000 iterations


/home/daniel.z/ICML_PIECLAM_020425/experiments/../clamiter.py:364:::  staring fit_prior for 2000 iterations


/home/daniel.z/ICML_PIECLAM_020425/experiments/../clamiter.py:637:::  
back and forth 4/7


/home/daniel.z/ICML_PIECLAM_020425/experiments/../clamiter.py:364:::  staring fit_feats for 1000 iterations


/home/daniel.z/ICML_PIECLAM_020425/experiments/../clamiter.py:364:::  staring fit_prior for 2000 iterations


/home/daniel.z/ICML_PIECLAM_020425/experiments/../clamiter.py:637:::  
back and forth 5/7


/home/daniel.z/ICML_PIECLAM_020425/experiments/../clamiter.py:364:::  staring fit_feats for 1000 iterations


/home/daniel.z/ICML_PIECLAM_020425/experiments/../clamiter.py:364:::  staring fit_prior for 2000 iterations


/home/daniel.z/ICML_PIECLAM_020425/experiments/../clamiter.py:637:::  
back and forth 6/7


/home/daniel.z/ICML_PIECLAM_020425/experiments/../clamiter.py:364:::  staring fit_feats for 1000 iterations


/home/daniel.z/ICML_PIECLAM_020425/experiments/../clamiter.py:364:::  staring fit_prior for 2000 iterations


/home/daniel.z/ICML_PIECLAM_020425/experiments/../clamiter.py:637:::  
back and forth 7/7


/home/daniel.z/ICML_PIECLAM_020425/experiments/../clamiter.py:364:::  staring fit_feats for 1000 iterations


/home/daniel.z/ICML_PIECLAM_020425/experiments/../clamiter.py:364:::  staring fit_prior for 2000 iterations


/home/daniel.z/ICML_PIECLAM_020425/experiments/../clamiter.py:704:::  
fit end, no early stopping


/home/daniel.z/ICML_PIECLAM_020425/experiments/../trainer.py:419:::  
train_model_on_params on pieclam squirrel 
took 2534.5998175144196 seconds


/home/daniel.z/ICML_PIECLAM_020425/experiments/../trainer.py:437:::  


FINISHED train 
 last accuracies:
test
key='auc': 0.9891142716432733
val
key='auc': 0.9899233859336534




/home/daniel.z/ICML_PIECLAM_020425/experiments/optimization_utils.py:648:::  Repetition no. 0


/home/daniel.z/ICML_PIECLAM_020425/experiments/../trainer.py:161:::  
Using dataset specific configuration and not global 




/home/daniel.z/ICML_PIECLAM_020425/experiments/../trainer.py:335:::  
 2025-05-22 06:23:16 starting optimization of pieclam on squirrel on device cuda

 configs_dict: 
{
    "clamiter_init": {
        "dim_feat": 50,
        "dim_attr": 100,
        "s_reg": 0.1,
        "l1_reg": 1,
        "T": 1,
        "hidden_dim": 64,
        "num_coupling_blocks": 32,
        "num_layers_mlp": 2
    },
    "feat_opt": {
        "lr": 5e-06,
        "n_iter": 1000,
        "early_stop": 0
    },
    "prior_opt": {
        "n_iter": 2000,
        "lr": 5e-06,
        "noise_amp": 0.1,
        "weight_decay": 0.1,
        "early_stop": 0
    },
    "back_forth": {
        "n_back_forth": 7,
        "scheduler_step_size": 3,
        "scheduler_gamma": 0.5,
        "early_stop_fit": 0,
        "first_func_in_fit": "fit_feats"
    }
}


/home/daniel.z/ICML_PIECLAM_020425/experiments/../clamiter.py:577:::  
in fit,
first_func_in_fit='fit_feats'
second_function_name='fit_prior'


/home/daniel.z/ICML_PIECLAM_020425/experiments/../clamiter.py:637:::  
back and forth 1/7


/home/daniel.z/ICML_PIECLAM_020425/experiments/../clamiter.py:364:::  staring fit_feats for 1000 iterations


/home/daniel.z/ICML_PIECLAM_020425/experiments/../clamiter.py:364:::  staring fit_prior for 2000 iterations


/home/daniel.z/ICML_PIECLAM_020425/experiments/../clamiter.py:637:::  
back and forth 2/7


/home/daniel.z/ICML_PIECLAM_020425/experiments/../clamiter.py:364:::  staring fit_feats for 1000 iterations


/home/daniel.z/ICML_PIECLAM_020425/experiments/../clamiter.py:364:::  staring fit_prior for 2000 iterations


/home/daniel.z/ICML_PIECLAM_020425/experiments/../clamiter.py:637:::  
back and forth 3/7


/home/daniel.z/ICML_PIECLAM_020425/experiments/../clamiter.py:364:::  staring fit_feats for 1000 iterations


/home/daniel.z/ICML_PIECLAM_020425/experiments/../clamiter.py:364:::  staring fit_prior for 2000 iterations


/home/daniel.z/ICML_PIECLAM_020425/experiments/../clamiter.py:637:::  
back and forth 4/7


/home/daniel.z/ICML_PIECLAM_020425/experiments/../clamiter.py:364:::  staring fit_feats for 1000 iterations


/home/daniel.z/ICML_PIECLAM_020425/experiments/../clamiter.py:364:::  staring fit_prior for 2000 iterations


/home/daniel.z/ICML_PIECLAM_020425/experiments/../clamiter.py:637:::  
back and forth 5/7


/home/daniel.z/ICML_PIECLAM_020425/experiments/../clamiter.py:364:::  staring fit_feats for 1000 iterations


/home/daniel.z/ICML_PIECLAM_020425/experiments/../clamiter.py:364:::  staring fit_prior for 2000 iterations


/home/daniel.z/ICML_PIECLAM_020425/experiments/../clamiter.py:637:::  
back and forth 6/7


/home/daniel.z/ICML_PIECLAM_020425/experiments/../clamiter.py:364:::  staring fit_feats for 1000 iterations


/home/daniel.z/ICML_PIECLAM_020425/experiments/../clamiter.py:364:::  staring fit_prior for 2000 iterations


/home/daniel.z/ICML_PIECLAM_020425/experiments/../clamiter.py:637:::  
back and forth 7/7


/home/daniel.z/ICML_PIECLAM_020425/experiments/../clamiter.py:364:::  staring fit_feats for 1000 iterations


/home/daniel.z/ICML_PIECLAM_020425/experiments/../clamiter.py:364:::  staring fit_prior for 2000 iterations


/home/daniel.z/ICML_PIECLAM_020425/experiments/../clamiter.py:704:::  
fit end, no early stopping


/home/daniel.z/ICML_PIECLAM_020425/experiments/../trainer.py:419:::  
train_model_on_params on pieclam squirrel 
took 2451.3896927833557 seconds


/home/daniel.z/ICML_PIECLAM_020425/experiments/../trainer.py:437:::  


FINISHED train 
 last accuracies:
test
key='auc': 0.9857973548771783
val
key='auc': 0.9849072067992698




/home/daniel.z/ICML_PIECLAM_020425/experiments/optimization_utils.py:648:::  Repetition no. 0


/home/daniel.z/ICML_PIECLAM_020425/experiments/../trainer.py:161:::  
Using dataset specific configuration and not global 




/home/daniel.z/ICML_PIECLAM_020425/experiments/../trainer.py:335:::  
 2025-05-22 07:04:08 starting optimization of pieclam on squirrel on device cuda

 configs_dict: 
{
    "clamiter_init": {
        "dim_feat": 200,
        "dim_attr": 100,
        "s_reg": 0.0,
        "l1_reg": 1,
        "T": 1,
        "hidden_dim": 64,
        "num_coupling_blocks": 32,
        "num_layers_mlp": 2
    },
    "feat_opt": {
        "lr": 5e-06,
        "n_iter": 3000,
        "early_stop": 0
    },
    "prior_opt": {
        "n_iter": 2000,
        "lr": 5e-06,
        "noise_amp": 0.1,
        "weight_decay": 0.1,
        "early_stop": 0
    },
    "back_forth": {
        "n_back_forth": 7,
        "scheduler_step_size": 3,
        "scheduler_gamma": 0.5,
        "early_stop_fit": 0,
        "first_func_in_fit": "fit_feats"
    }
}


/home/daniel.z/ICML_PIECLAM_020425/experiments/../clamiter.py:577:::  
in fit,
first_func_in_fit='fit_feats'
second_function_name='fit_prior'


/home/daniel.z/ICML_PIECLAM_020425/experiments/../clamiter.py:637:::  
back and forth 1/7


/home/daniel.z/ICML_PIECLAM_020425/experiments/../clamiter.py:364:::  staring fit_feats for 3000 iterations


/home/daniel.z/ICML_PIECLAM_020425/experiments/../clamiter.py:364:::  staring fit_prior for 2000 iterations


/home/daniel.z/ICML_PIECLAM_020425/experiments/../clamiter.py:637:::  
back and forth 2/7


/home/daniel.z/ICML_PIECLAM_020425/experiments/../clamiter.py:364:::  staring fit_feats for 3000 iterations


/home/daniel.z/ICML_PIECLAM_020425/experiments/../clamiter.py:364:::  staring fit_prior for 2000 iterations


/home/daniel.z/ICML_PIECLAM_020425/experiments/../clamiter.py:637:::  
back and forth 3/7


/home/daniel.z/ICML_PIECLAM_020425/experiments/../clamiter.py:364:::  staring fit_feats for 3000 iterations


/home/daniel.z/ICML_PIECLAM_020425/experiments/../clamiter.py:364:::  staring fit_prior for 2000 iterations


/home/daniel.z/ICML_PIECLAM_020425/experiments/../clamiter.py:637:::  
back and forth 4/7


/home/daniel.z/ICML_PIECLAM_020425/experiments/../clamiter.py:364:::  staring fit_feats for 3000 iterations


/home/daniel.z/ICML_PIECLAM_020425/experiments/../clamiter.py:364:::  staring fit_prior for 2000 iterations


/home/daniel.z/ICML_PIECLAM_020425/experiments/../clamiter.py:637:::  
back and forth 5/7


/home/daniel.z/ICML_PIECLAM_020425/experiments/../clamiter.py:364:::  staring fit_feats for 3000 iterations


/home/daniel.z/ICML_PIECLAM_020425/experiments/../clamiter.py:364:::  staring fit_prior for 2000 iterations


/home/daniel.z/ICML_PIECLAM_020425/experiments/../clamiter.py:637:::  
back and forth 6/7


/home/daniel.z/ICML_PIECLAM_020425/experiments/../clamiter.py:364:::  staring fit_feats for 3000 iterations


/home/daniel.z/ICML_PIECLAM_020425/experiments/../clamiter.py:364:::  staring fit_prior for 2000 iterations


/home/daniel.z/ICML_PIECLAM_020425/experiments/../clamiter.py:637:::  
back and forth 7/7


/home/daniel.z/ICML_PIECLAM_020425/experiments/../clamiter.py:364:::  staring fit_feats for 3000 iterations


/home/daniel.z/ICML_PIECLAM_020425/experiments/../clamiter.py:364:::  staring fit_prior for 2000 iterations


/home/daniel.z/ICML_PIECLAM_020425/experiments/../clamiter.py:704:::  
fit end, no early stopping


/home/daniel.z/ICML_PIECLAM_020425/experiments/../trainer.py:419:::  
train_model_on_params on pieclam squirrel 
took 5577.783443450928 seconds


/home/daniel.z/ICML_PIECLAM_020425/experiments/../trainer.py:437:::  


FINISHED train 
 last accuracies:
test
key='auc': 0.9900225496634455
val
key='auc': 0.9884430162357392




/home/daniel.z/ICML_PIECLAM_020425/experiments/optimization_utils.py:648:::  Repetition no. 0


/home/daniel.z/ICML_PIECLAM_020425/experiments/../trainer.py:161:::  
Using dataset specific configuration and not global 




/home/daniel.z/ICML_PIECLAM_020425/experiments/../trainer.py:335:::  
 2025-05-22 08:37:07 starting optimization of pieclam on squirrel on device cuda

 configs_dict: 
{
    "clamiter_init": {
        "dim_feat": 200,
        "dim_attr": 100,
        "s_reg": 0.1,
        "l1_reg": 1,
        "T": 1,
        "hidden_dim": 64,
        "num_coupling_blocks": 32,
        "num_layers_mlp": 2
    },
    "feat_opt": {
        "lr": 5e-07,
        "n_iter": 3000,
        "early_stop": 0
    },
    "prior_opt": {
        "n_iter": 2000,
        "lr": 5e-06,
        "noise_amp": 0.1,
        "weight_decay": 0.1,
        "early_stop": 0
    },
    "back_forth": {
        "n_back_forth": 7,
        "scheduler_step_size": 3,
        "scheduler_gamma": 0.5,
        "early_stop_fit": 0,
        "first_func_in_fit": "fit_feats"
    }
}


/home/daniel.z/ICML_PIECLAM_020425/experiments/../clamiter.py:577:::  
in fit,
first_func_in_fit='fit_feats'
second_function_name='fit_prior'


/home/daniel.z/ICML_PIECLAM_020425/experiments/../clamiter.py:637:::  
back and forth 1/7


/home/daniel.z/ICML_PIECLAM_020425/experiments/../clamiter.py:364:::  staring fit_feats for 3000 iterations


/home/daniel.z/ICML_PIECLAM_020425/experiments/../clamiter.py:364:::  staring fit_prior for 2000 iterations


/home/daniel.z/ICML_PIECLAM_020425/experiments/../clamiter.py:637:::  
back and forth 2/7


/home/daniel.z/ICML_PIECLAM_020425/experiments/../clamiter.py:364:::  staring fit_feats for 3000 iterations


/home/daniel.z/ICML_PIECLAM_020425/experiments/../clamiter.py:364:::  staring fit_prior for 2000 iterations


/home/daniel.z/ICML_PIECLAM_020425/experiments/../clamiter.py:637:::  
back and forth 3/7


/home/daniel.z/ICML_PIECLAM_020425/experiments/../clamiter.py:364:::  staring fit_feats for 3000 iterations


/home/daniel.z/ICML_PIECLAM_020425/experiments/../clamiter.py:364:::  staring fit_prior for 2000 iterations


/home/daniel.z/ICML_PIECLAM_020425/experiments/../clamiter.py:637:::  
back and forth 4/7


/home/daniel.z/ICML_PIECLAM_020425/experiments/../clamiter.py:364:::  staring fit_feats for 3000 iterations


/home/daniel.z/ICML_PIECLAM_020425/experiments/../clamiter.py:364:::  staring fit_prior for 2000 iterations


/home/daniel.z/ICML_PIECLAM_020425/experiments/../clamiter.py:637:::  
back and forth 5/7


/home/daniel.z/ICML_PIECLAM_020425/experiments/../clamiter.py:364:::  staring fit_feats for 3000 iterations


/home/daniel.z/ICML_PIECLAM_020425/experiments/../clamiter.py:364:::  staring fit_prior for 2000 iterations


/home/daniel.z/ICML_PIECLAM_020425/experiments/../clamiter.py:637:::  
back and forth 6/7


/home/daniel.z/ICML_PIECLAM_020425/experiments/../clamiter.py:364:::  staring fit_feats for 3000 iterations


/home/daniel.z/ICML_PIECLAM_020425/experiments/../clamiter.py:364:::  staring fit_prior for 2000 iterations


/home/daniel.z/ICML_PIECLAM_020425/experiments/../clamiter.py:637:::  
back and forth 7/7


/home/daniel.z/ICML_PIECLAM_020425/experiments/../clamiter.py:364:::  staring fit_feats for 3000 iterations


/home/daniel.z/ICML_PIECLAM_020425/experiments/../clamiter.py:364:::  staring fit_prior for 2000 iterations


/home/daniel.z/ICML_PIECLAM_020425/experiments/../clamiter.py:704:::  
fit end, no early stopping


/home/daniel.z/ICML_PIECLAM_020425/experiments/../trainer.py:419:::  
train_model_on_params on pieclam squirrel 
took 5681.031257867813 seconds


/home/daniel.z/ICML_PIECLAM_020425/experiments/../trainer.py:437:::  


FINISHED train 
 last accuracies:
test
key='auc': 0.9802172051976885
val
key='auc': 0.9789475563727909




/home/daniel.z/ICML_PIECLAM_020425/experiments/optimization_utils.py:648:::  Repetition no. 0


/home/daniel.z/ICML_PIECLAM_020425/experiments/../trainer.py:161:::  
Using dataset specific configuration and not global 




/home/daniel.z/ICML_PIECLAM_020425/experiments/../trainer.py:335:::  
 2025-05-22 10:11:49 starting optimization of pieclam on squirrel on device cuda

 configs_dict: 
{
    "clamiter_init": {
        "dim_feat": 100,
        "dim_attr": 100,
        "s_reg": 0.0,
        "l1_reg": 1,
        "T": 1,
        "hidden_dim": 64,
        "num_coupling_blocks": 32,
        "num_layers_mlp": 2
    },
    "feat_opt": {
        "lr": 5e-06,
        "n_iter": 500,
        "early_stop": 0
    },
    "prior_opt": {
        "n_iter": 2000,
        "lr": 5e-06,
        "noise_amp": 0.1,
        "weight_decay": 0.1,
        "early_stop": 0
    },
    "back_forth": {
        "n_back_forth": 7,
        "scheduler_step_size": 3,
        "scheduler_gamma": 0.5,
        "early_stop_fit": 0,
        "first_func_in_fit": "fit_feats"
    }
}


/home/daniel.z/ICML_PIECLAM_020425/experiments/../clamiter.py:577:::  
in fit,
first_func_in_fit='fit_feats'
second_function_name='fit_prior'


/home/daniel.z/ICML_PIECLAM_020425/experiments/../clamiter.py:637:::  
back and forth 1/7


/home/daniel.z/ICML_PIECLAM_020425/experiments/../clamiter.py:364:::  staring fit_feats for 500 iterations


/home/daniel.z/ICML_PIECLAM_020425/experiments/../clamiter.py:364:::  staring fit_prior for 2000 iterations


/home/daniel.z/ICML_PIECLAM_020425/experiments/../clamiter.py:637:::  
back and forth 2/7


/home/daniel.z/ICML_PIECLAM_020425/experiments/../clamiter.py:364:::  staring fit_feats for 500 iterations


/home/daniel.z/ICML_PIECLAM_020425/experiments/../clamiter.py:364:::  staring fit_prior for 2000 iterations


/home/daniel.z/ICML_PIECLAM_020425/experiments/../clamiter.py:637:::  
back and forth 3/7


/home/daniel.z/ICML_PIECLAM_020425/experiments/../clamiter.py:364:::  staring fit_feats for 500 iterations


/home/daniel.z/ICML_PIECLAM_020425/experiments/../clamiter.py:364:::  staring fit_prior for 2000 iterations


/home/daniel.z/ICML_PIECLAM_020425/experiments/../clamiter.py:637:::  
back and forth 4/7


/home/daniel.z/ICML_PIECLAM_020425/experiments/../clamiter.py:364:::  staring fit_feats for 500 iterations


/home/daniel.z/ICML_PIECLAM_020425/experiments/../clamiter.py:364:::  staring fit_prior for 2000 iterations


/home/daniel.z/ICML_PIECLAM_020425/experiments/../clamiter.py:637:::  
back and forth 5/7


/home/daniel.z/ICML_PIECLAM_020425/experiments/../clamiter.py:364:::  staring fit_feats for 500 iterations


/home/daniel.z/ICML_PIECLAM_020425/experiments/../clamiter.py:364:::  staring fit_prior for 2000 iterations


/home/daniel.z/ICML_PIECLAM_020425/experiments/../clamiter.py:637:::  
back and forth 6/7


/home/daniel.z/ICML_PIECLAM_020425/experiments/../clamiter.py:364:::  staring fit_feats for 500 iterations


/home/daniel.z/ICML_PIECLAM_020425/experiments/../clamiter.py:364:::  staring fit_prior for 2000 iterations


/home/daniel.z/ICML_PIECLAM_020425/experiments/../clamiter.py:637:::  
back and forth 7/7


/home/daniel.z/ICML_PIECLAM_020425/experiments/../clamiter.py:364:::  staring fit_feats for 500 iterations


/home/daniel.z/ICML_PIECLAM_020425/experiments/../clamiter.py:364:::  staring fit_prior for 2000 iterations


/home/daniel.z/ICML_PIECLAM_020425/experiments/../clamiter.py:704:::  
fit end, no early stopping


/home/daniel.z/ICML_PIECLAM_020425/experiments/../trainer.py:419:::  
train_model_on_params on pieclam squirrel 
took 2005.8942682743073 seconds


/home/daniel.z/ICML_PIECLAM_020425/experiments/../trainer.py:437:::  


FINISHED train 
 last accuracies:
test
key='auc': 0.9852002414523735
val
key='auc': 0.9837651296861425




/home/daniel.z/ICML_PIECLAM_020425/experiments/optimization_utils.py:648:::  Repetition no. 0


/home/daniel.z/ICML_PIECLAM_020425/experiments/../trainer.py:161:::  
Using dataset specific configuration and not global 




/home/daniel.z/ICML_PIECLAM_020425/experiments/../trainer.py:335:::  
 2025-05-22 10:45:16 starting optimization of pieclam on squirrel on device cuda

 configs_dict: 
{
    "clamiter_init": {
        "dim_feat": 100,
        "dim_attr": 100,
        "s_reg": 0.1,
        "l1_reg": 1,
        "T": 1,
        "hidden_dim": 64,
        "num_coupling_blocks": 32,
        "num_layers_mlp": 2
    },
    "feat_opt": {
        "lr": 5e-06,
        "n_iter": 500,
        "early_stop": 0
    },
    "prior_opt": {
        "n_iter": 2000,
        "lr": 5e-06,
        "noise_amp": 0.1,
        "weight_decay": 0.1,
        "early_stop": 0
    },
    "back_forth": {
        "n_back_forth": 7,
        "scheduler_step_size": 3,
        "scheduler_gamma": 0.5,
        "early_stop_fit": 0,
        "first_func_in_fit": "fit_feats"
    }
}


/home/daniel.z/ICML_PIECLAM_020425/experiments/../clamiter.py:577:::  
in fit,
first_func_in_fit='fit_feats'
second_function_name='fit_prior'


/home/daniel.z/ICML_PIECLAM_020425/experiments/../clamiter.py:637:::  
back and forth 1/7


/home/daniel.z/ICML_PIECLAM_020425/experiments/../clamiter.py:364:::  staring fit_feats for 500 iterations


/home/daniel.z/ICML_PIECLAM_020425/experiments/../clamiter.py:364:::  staring fit_prior for 2000 iterations


/home/daniel.z/ICML_PIECLAM_020425/experiments/../clamiter.py:637:::  
back and forth 2/7


/home/daniel.z/ICML_PIECLAM_020425/experiments/../clamiter.py:364:::  staring fit_feats for 500 iterations


/home/daniel.z/ICML_PIECLAM_020425/experiments/../clamiter.py:364:::  staring fit_prior for 2000 iterations


/home/daniel.z/ICML_PIECLAM_020425/experiments/../clamiter.py:637:::  
back and forth 3/7


/home/daniel.z/ICML_PIECLAM_020425/experiments/../clamiter.py:364:::  staring fit_feats for 500 iterations


/home/daniel.z/ICML_PIECLAM_020425/experiments/../clamiter.py:364:::  staring fit_prior for 2000 iterations


/home/daniel.z/ICML_PIECLAM_020425/experiments/../clamiter.py:637:::  
back and forth 4/7


/home/daniel.z/ICML_PIECLAM_020425/experiments/../clamiter.py:364:::  staring fit_feats for 500 iterations


/home/daniel.z/ICML_PIECLAM_020425/experiments/../clamiter.py:364:::  staring fit_prior for 2000 iterations


/home/daniel.z/ICML_PIECLAM_020425/experiments/../clamiter.py:637:::  
back and forth 5/7


/home/daniel.z/ICML_PIECLAM_020425/experiments/../clamiter.py:364:::  staring fit_feats for 500 iterations


/home/daniel.z/ICML_PIECLAM_020425/experiments/../clamiter.py:364:::  staring fit_prior for 2000 iterations


/home/daniel.z/ICML_PIECLAM_020425/experiments/../clamiter.py:637:::  
back and forth 6/7


/home/daniel.z/ICML_PIECLAM_020425/experiments/../clamiter.py:364:::  staring fit_feats for 500 iterations


/home/daniel.z/ICML_PIECLAM_020425/experiments/../clamiter.py:364:::  staring fit_prior for 2000 iterations


/home/daniel.z/ICML_PIECLAM_020425/experiments/../clamiter.py:637:::  
back and forth 7/7


/home/daniel.z/ICML_PIECLAM_020425/experiments/../clamiter.py:364:::  staring fit_feats for 500 iterations


/home/daniel.z/ICML_PIECLAM_020425/experiments/../clamiter.py:364:::  staring fit_prior for 2000 iterations


/home/daniel.z/ICML_PIECLAM_020425/experiments/../clamiter.py:704:::  
fit end, no early stopping


/home/daniel.z/ICML_PIECLAM_020425/experiments/../trainer.py:419:::  
train_model_on_params on pieclam squirrel 
took 1983.210682630539 seconds


/home/daniel.z/ICML_PIECLAM_020425/experiments/../trainer.py:437:::  


FINISHED train 
 last accuracies:
test
key='auc': 0.9860627260085912
val
key='auc': 0.9842456116919132




/home/daniel.z/ICML_PIECLAM_020425/experiments/optimization_utils.py:722:::  

Finished CrossVal!




/home/daniel.z/ICML_PIECLAM_020425/experiments/optimization_utils.py:511:::  on test set /home/daniel.z/ICML_PIECLAM_020425/experiments/results/link_prediction/auc/squirrel/pieclam, split_12-31_03-05-25


/home/daniel.z/ICML_PIECLAM_020425/experiments/optimization_utils.py:626:::  RunSaver defined to acc_configs path /home/daniel.z/ICML_PIECLAM_020425/experiments/results/link_prediction/auc/squirrel/pieclam/split_12-31_03-05-25/valid/acc_configs11-18_22-05-25.json


/home/daniel.z/ICML_PIECLAM_020425/experiments/optimization_utils.py:648:::  Repetition no. 0


/home/daniel.z/ICML_PIECLAM_020425/experiments/../trainer.py:161:::  
Using dataset specific configuration and not global 




/home/daniel.z/ICML_PIECLAM_020425/experiments/../trainer.py:335:::  
 2025-05-22 11:18:22 starting optimization of pieclam on squirrel on device cuda

 configs_dict: 
{
    "clamiter_init": {
        "dim_feat": 100,
        "dim_attr": 100,
        "s_reg": 0.0,
        "l1_reg": 1,
        "T": 1,
        "hidden_dim": 64,
        "num_coupling_blocks": 32,
        "num_layers_mlp": 2
    },
    "feat_opt": {
        "lr": 5e-07,
        "n_iter": 1000,
        "early_stop": 0
    },
    "prior_opt": {
        "n_iter": 2000,
        "lr": 5e-06,
        "noise_amp": 0.1,
        "weight_decay": 0.1,
        "early_stop": 0
    },
    "back_forth": {
        "n_back_forth": 7,
        "scheduler_step_size": 3,
        "scheduler_gamma": 0.5,
        "early_stop_fit": 0,
        "first_func_in_fit": "fit_feats"
    }
}


/home/daniel.z/ICML_PIECLAM_020425/experiments/../clamiter.py:577:::  
in fit,
first_func_in_fit='fit_feats'
second_function_name='fit_prior'


/home/daniel.z/ICML_PIECLAM_020425/experiments/../clamiter.py:637:::  
back and forth 1/7


/home/daniel.z/ICML_PIECLAM_020425/experiments/../clamiter.py:364:::  staring fit_feats for 1000 iterations


/home/daniel.z/ICML_PIECLAM_020425/experiments/../clamiter.py:364:::  staring fit_prior for 2000 iterations


/home/daniel.z/ICML_PIECLAM_020425/experiments/../clamiter.py:637:::  
back and forth 2/7


/home/daniel.z/ICML_PIECLAM_020425/experiments/../clamiter.py:364:::  staring fit_feats for 1000 iterations


/home/daniel.z/ICML_PIECLAM_020425/experiments/../clamiter.py:364:::  staring fit_prior for 2000 iterations


/home/daniel.z/ICML_PIECLAM_020425/experiments/../clamiter.py:637:::  
back and forth 3/7


/home/daniel.z/ICML_PIECLAM_020425/experiments/../clamiter.py:364:::  staring fit_feats for 1000 iterations


/home/daniel.z/ICML_PIECLAM_020425/experiments/../clamiter.py:364:::  staring fit_prior for 2000 iterations


/home/daniel.z/ICML_PIECLAM_020425/experiments/../clamiter.py:637:::  
back and forth 4/7


/home/daniel.z/ICML_PIECLAM_020425/experiments/../clamiter.py:364:::  staring fit_feats for 1000 iterations


/home/daniel.z/ICML_PIECLAM_020425/experiments/../clamiter.py:364:::  staring fit_prior for 2000 iterations


/home/daniel.z/ICML_PIECLAM_020425/experiments/../clamiter.py:637:::  
back and forth 5/7


/home/daniel.z/ICML_PIECLAM_020425/experiments/../clamiter.py:364:::  staring fit_feats for 1000 iterations


/home/daniel.z/ICML_PIECLAM_020425/experiments/../clamiter.py:364:::  staring fit_prior for 2000 iterations


/home/daniel.z/ICML_PIECLAM_020425/experiments/../clamiter.py:637:::  
back and forth 6/7


/home/daniel.z/ICML_PIECLAM_020425/experiments/../clamiter.py:364:::  staring fit_feats for 1000 iterations


/home/daniel.z/ICML_PIECLAM_020425/experiments/../clamiter.py:364:::  staring fit_prior for 2000 iterations


/home/daniel.z/ICML_PIECLAM_020425/experiments/../clamiter.py:637:::  
back and forth 7/7


/home/daniel.z/ICML_PIECLAM_020425/experiments/../clamiter.py:364:::  staring fit_feats for 1000 iterations


/home/daniel.z/ICML_PIECLAM_020425/experiments/../clamiter.py:364:::  staring fit_prior for 2000 iterations


/home/daniel.z/ICML_PIECLAM_020425/experiments/../clamiter.py:704:::  
fit end, no early stopping


/home/daniel.z/ICML_PIECLAM_020425/experiments/../trainer.py:419:::  
train_model_on_params on pieclam squirrel 
took 2622.350122690201 seconds


/home/daniel.z/ICML_PIECLAM_020425/experiments/../trainer.py:437:::  


FINISHED train 
 last accuracies:
test
key='auc': 0.9410469072844792
val
key='auc': 0.9402592433955196




/home/daniel.z/ICML_PIECLAM_020425/experiments/optimization_utils.py:648:::  Repetition no. 0


/home/daniel.z/ICML_PIECLAM_020425/experiments/../trainer.py:161:::  
Using dataset specific configuration and not global 




/home/daniel.z/ICML_PIECLAM_020425/experiments/../trainer.py:335:::  
 2025-05-22 12:02:05 starting optimization of pieclam on squirrel on device cuda

 configs_dict: 
{
    "clamiter_init": {
        "dim_feat": 200,
        "dim_attr": 100,
        "s_reg": 0.0,
        "l1_reg": 1,
        "T": 1,
        "hidden_dim": 64,
        "num_coupling_blocks": 32,
        "num_layers_mlp": 2
    },
    "feat_opt": {
        "lr": 5e-06,
        "n_iter": 500,
        "early_stop": 0
    },
    "prior_opt": {
        "n_iter": 2000,
        "lr": 5e-06,
        "noise_amp": 0.1,
        "weight_decay": 0.1,
        "early_stop": 0
    },
    "back_forth": {
        "n_back_forth": 7,
        "scheduler_step_size": 3,
        "scheduler_gamma": 0.5,
        "early_stop_fit": 0,
        "first_func_in_fit": "fit_feats"
    }
}


/home/daniel.z/ICML_PIECLAM_020425/experiments/../clamiter.py:577:::  
in fit,
first_func_in_fit='fit_feats'
second_function_name='fit_prior'


/home/daniel.z/ICML_PIECLAM_020425/experiments/../clamiter.py:637:::  
back and forth 1/7


/home/daniel.z/ICML_PIECLAM_020425/experiments/../clamiter.py:364:::  staring fit_feats for 500 iterations


/home/daniel.z/ICML_PIECLAM_020425/experiments/../clamiter.py:364:::  staring fit_prior for 2000 iterations


/home/daniel.z/ICML_PIECLAM_020425/experiments/../clamiter.py:637:::  
back and forth 2/7


/home/daniel.z/ICML_PIECLAM_020425/experiments/../clamiter.py:364:::  staring fit_feats for 500 iterations


/home/daniel.z/ICML_PIECLAM_020425/experiments/../clamiter.py:364:::  staring fit_prior for 2000 iterations


/home/daniel.z/ICML_PIECLAM_020425/experiments/../clamiter.py:637:::  
back and forth 3/7


/home/daniel.z/ICML_PIECLAM_020425/experiments/../clamiter.py:364:::  staring fit_feats for 500 iterations


/home/daniel.z/ICML_PIECLAM_020425/experiments/../clamiter.py:364:::  staring fit_prior for 2000 iterations


/home/daniel.z/ICML_PIECLAM_020425/experiments/../clamiter.py:637:::  
back and forth 4/7


/home/daniel.z/ICML_PIECLAM_020425/experiments/../clamiter.py:364:::  staring fit_feats for 500 iterations


/home/daniel.z/ICML_PIECLAM_020425/experiments/../clamiter.py:364:::  staring fit_prior for 2000 iterations


/home/daniel.z/ICML_PIECLAM_020425/experiments/../clamiter.py:637:::  
back and forth 5/7


/home/daniel.z/ICML_PIECLAM_020425/experiments/../clamiter.py:364:::  staring fit_feats for 500 iterations


/home/daniel.z/ICML_PIECLAM_020425/experiments/../clamiter.py:364:::  staring fit_prior for 2000 iterations


/home/daniel.z/ICML_PIECLAM_020425/experiments/../clamiter.py:637:::  
back and forth 6/7


/home/daniel.z/ICML_PIECLAM_020425/experiments/../clamiter.py:364:::  staring fit_feats for 500 iterations


/home/daniel.z/ICML_PIECLAM_020425/experiments/../clamiter.py:364:::  staring fit_prior for 2000 iterations


/home/daniel.z/ICML_PIECLAM_020425/experiments/../clamiter.py:637:::  
back and forth 7/7


/home/daniel.z/ICML_PIECLAM_020425/experiments/../clamiter.py:364:::  staring fit_feats for 500 iterations


/home/daniel.z/ICML_PIECLAM_020425/experiments/../clamiter.py:364:::  staring fit_prior for 2000 iterations


/home/daniel.z/ICML_PIECLAM_020425/experiments/../clamiter.py:704:::  
fit end, no early stopping


/home/daniel.z/ICML_PIECLAM_020425/experiments/../trainer.py:419:::  
train_model_on_params on pieclam squirrel 
took 2107.2190041542053 seconds


/home/daniel.z/ICML_PIECLAM_020425/experiments/../trainer.py:437:::  


FINISHED train 
 last accuracies:
test
key='auc': 0.9847354496838541
val
key='auc': 0.9841427926023409




/home/daniel.z/ICML_PIECLAM_020425/experiments/optimization_utils.py:648:::  Repetition no. 0


/home/daniel.z/ICML_PIECLAM_020425/experiments/../trainer.py:161:::  
Using dataset specific configuration and not global 




/home/daniel.z/ICML_PIECLAM_020425/experiments/../trainer.py:335:::  
 2025-05-22 12:37:13 starting optimization of pieclam on squirrel on device cuda

 configs_dict: 
{
    "clamiter_init": {
        "dim_feat": 50,
        "dim_attr": 100,
        "s_reg": 0.0,
        "l1_reg": 1,
        "T": 1,
        "hidden_dim": 64,
        "num_coupling_blocks": 32,
        "num_layers_mlp": 2
    },
    "feat_opt": {
        "lr": 5e-07,
        "n_iter": 3000,
        "early_stop": 0
    },
    "prior_opt": {
        "n_iter": 2000,
        "lr": 5e-06,
        "noise_amp": 0.1,
        "weight_decay": 0.1,
        "early_stop": 0
    },
    "back_forth": {
        "n_back_forth": 7,
        "scheduler_step_size": 3,
        "scheduler_gamma": 0.5,
        "early_stop_fit": 0,
        "first_func_in_fit": "fit_feats"
    }
}


/home/daniel.z/ICML_PIECLAM_020425/experiments/../clamiter.py:577:::  
in fit,
first_func_in_fit='fit_feats'
second_function_name='fit_prior'


/home/daniel.z/ICML_PIECLAM_020425/experiments/../clamiter.py:637:::  
back and forth 1/7


/home/daniel.z/ICML_PIECLAM_020425/experiments/../clamiter.py:364:::  staring fit_feats for 3000 iterations


/home/daniel.z/ICML_PIECLAM_020425/experiments/../clamiter.py:364:::  staring fit_prior for 2000 iterations


/home/daniel.z/ICML_PIECLAM_020425/experiments/../clamiter.py:637:::  
back and forth 2/7


/home/daniel.z/ICML_PIECLAM_020425/experiments/../clamiter.py:364:::  staring fit_feats for 3000 iterations


/home/daniel.z/ICML_PIECLAM_020425/experiments/../clamiter.py:364:::  staring fit_prior for 2000 iterations


/home/daniel.z/ICML_PIECLAM_020425/experiments/../clamiter.py:637:::  
back and forth 3/7


/home/daniel.z/ICML_PIECLAM_020425/experiments/../clamiter.py:364:::  staring fit_feats for 3000 iterations


/home/daniel.z/ICML_PIECLAM_020425/experiments/../clamiter.py:364:::  staring fit_prior for 2000 iterations


/home/daniel.z/ICML_PIECLAM_020425/experiments/../clamiter.py:637:::  
back and forth 4/7


/home/daniel.z/ICML_PIECLAM_020425/experiments/../clamiter.py:364:::  staring fit_feats for 3000 iterations


/home/daniel.z/ICML_PIECLAM_020425/experiments/../clamiter.py:364:::  staring fit_prior for 2000 iterations


/home/daniel.z/ICML_PIECLAM_020425/experiments/../clamiter.py:637:::  
back and forth 5/7


/home/daniel.z/ICML_PIECLAM_020425/experiments/../clamiter.py:364:::  staring fit_feats for 3000 iterations


/home/daniel.z/ICML_PIECLAM_020425/experiments/../clamiter.py:364:::  staring fit_prior for 2000 iterations


/home/daniel.z/ICML_PIECLAM_020425/experiments/../clamiter.py:637:::  
back and forth 6/7


/home/daniel.z/ICML_PIECLAM_020425/experiments/../clamiter.py:364:::  staring fit_feats for 3000 iterations


/home/daniel.z/ICML_PIECLAM_020425/experiments/../clamiter.py:364:::  staring fit_prior for 2000 iterations


/home/daniel.z/ICML_PIECLAM_020425/experiments/../clamiter.py:637:::  
back and forth 7/7


/home/daniel.z/ICML_PIECLAM_020425/experiments/../clamiter.py:364:::  staring fit_feats for 3000 iterations


/home/daniel.z/ICML_PIECLAM_020425/experiments/../clamiter.py:364:::  staring fit_prior for 2000 iterations


/home/daniel.z/ICML_PIECLAM_020425/experiments/../clamiter.py:704:::  
fit end, no early stopping


/home/daniel.z/ICML_PIECLAM_020425/experiments/../trainer.py:419:::  
train_model_on_params on pieclam squirrel 
took 4648.832168340683 seconds


/home/daniel.z/ICML_PIECLAM_020425/experiments/../trainer.py:437:::  


FINISHED train 
 last accuracies:
test
key='auc': 0.9781794437760534
val
key='auc': 0.9784010293901968




/home/daniel.z/ICML_PIECLAM_020425/experiments/optimization_utils.py:648:::  Repetition no. 0


/home/daniel.z/ICML_PIECLAM_020425/experiments/../trainer.py:161:::  
Using dataset specific configuration and not global 




/home/daniel.z/ICML_PIECLAM_020425/experiments/../trainer.py:335:::  
 2025-05-22 13:54:43 starting optimization of pieclam on squirrel on device cuda

 configs_dict: 
{
    "clamiter_init": {
        "dim_feat": 100,
        "dim_attr": 100,
        "s_reg": 0.1,
        "l1_reg": 1,
        "T": 1,
        "hidden_dim": 64,
        "num_coupling_blocks": 32,
        "num_layers_mlp": 2
    },
    "feat_opt": {
        "lr": 5e-07,
        "n_iter": 1000,
        "early_stop": 0
    },
    "prior_opt": {
        "n_iter": 2000,
        "lr": 5e-06,
        "noise_amp": 0.1,
        "weight_decay": 0.1,
        "early_stop": 0
    },
    "back_forth": {
        "n_back_forth": 7,
        "scheduler_step_size": 3,
        "scheduler_gamma": 0.5,
        "early_stop_fit": 0,
        "first_func_in_fit": "fit_feats"
    }
}


/home/daniel.z/ICML_PIECLAM_020425/experiments/../clamiter.py:577:::  
in fit,
first_func_in_fit='fit_feats'
second_function_name='fit_prior'


/home/daniel.z/ICML_PIECLAM_020425/experiments/../clamiter.py:637:::  
back and forth 1/7


/home/daniel.z/ICML_PIECLAM_020425/experiments/../clamiter.py:364:::  staring fit_feats for 1000 iterations


/home/daniel.z/ICML_PIECLAM_020425/experiments/../clamiter.py:364:::  staring fit_prior for 2000 iterations


/home/daniel.z/ICML_PIECLAM_020425/experiments/../clamiter.py:637:::  
back and forth 2/7


/home/daniel.z/ICML_PIECLAM_020425/experiments/../clamiter.py:364:::  staring fit_feats for 1000 iterations


/home/daniel.z/ICML_PIECLAM_020425/experiments/../clamiter.py:364:::  staring fit_prior for 2000 iterations


/home/daniel.z/ICML_PIECLAM_020425/experiments/../clamiter.py:637:::  
back and forth 3/7


/home/daniel.z/ICML_PIECLAM_020425/experiments/../clamiter.py:364:::  staring fit_feats for 1000 iterations


/home/daniel.z/ICML_PIECLAM_020425/experiments/../clamiter.py:364:::  staring fit_prior for 2000 iterations


/home/daniel.z/ICML_PIECLAM_020425/experiments/../clamiter.py:637:::  
back and forth 4/7


/home/daniel.z/ICML_PIECLAM_020425/experiments/../clamiter.py:364:::  staring fit_feats for 1000 iterations


/home/daniel.z/ICML_PIECLAM_020425/experiments/../clamiter.py:364:::  staring fit_prior for 2000 iterations


/home/daniel.z/ICML_PIECLAM_020425/experiments/../clamiter.py:637:::  
back and forth 5/7


/home/daniel.z/ICML_PIECLAM_020425/experiments/../clamiter.py:364:::  staring fit_feats for 1000 iterations


/home/daniel.z/ICML_PIECLAM_020425/experiments/../clamiter.py:364:::  staring fit_prior for 2000 iterations


/home/daniel.z/ICML_PIECLAM_020425/experiments/../clamiter.py:637:::  
back and forth 6/7


/home/daniel.z/ICML_PIECLAM_020425/experiments/../clamiter.py:364:::  staring fit_feats for 1000 iterations


/home/daniel.z/ICML_PIECLAM_020425/experiments/../clamiter.py:364:::  staring fit_prior for 2000 iterations


/home/daniel.z/ICML_PIECLAM_020425/experiments/../clamiter.py:637:::  
back and forth 7/7


/home/daniel.z/ICML_PIECLAM_020425/experiments/../clamiter.py:364:::  staring fit_feats for 1000 iterations


/home/daniel.z/ICML_PIECLAM_020425/experiments/../clamiter.py:364:::  staring fit_prior for 2000 iterations


/home/daniel.z/ICML_PIECLAM_020425/experiments/../clamiter.py:704:::  
fit end, no early stopping


/home/daniel.z/ICML_PIECLAM_020425/experiments/../trainer.py:419:::  
train_model_on_params on pieclam squirrel 
took 2641.603440284729 seconds


/home/daniel.z/ICML_PIECLAM_020425/experiments/../trainer.py:437:::  


FINISHED train 
 last accuracies:
test
key='auc': 0.9431334512030605
val
key='auc': 0.943338611131469




/home/daniel.z/ICML_PIECLAM_020425/experiments/optimization_utils.py:648:::  Repetition no. 0


/home/daniel.z/ICML_PIECLAM_020425/experiments/../trainer.py:161:::  
Using dataset specific configuration and not global 




/home/daniel.z/ICML_PIECLAM_020425/experiments/../trainer.py:335:::  
 2025-05-22 14:38:45 starting optimization of pieclam on squirrel on device cuda

 configs_dict: 
{
    "clamiter_init": {
        "dim_feat": 200,
        "dim_attr": 100,
        "s_reg": 0.1,
        "l1_reg": 1,
        "T": 1,
        "hidden_dim": 64,
        "num_coupling_blocks": 32,
        "num_layers_mlp": 2
    },
    "feat_opt": {
        "lr": 5e-06,
        "n_iter": 1000,
        "early_stop": 0
    },
    "prior_opt": {
        "n_iter": 2000,
        "lr": 5e-06,
        "noise_amp": 0.1,
        "weight_decay": 0.1,
        "early_stop": 0
    },
    "back_forth": {
        "n_back_forth": 7,
        "scheduler_step_size": 3,
        "scheduler_gamma": 0.5,
        "early_stop_fit": 0,
        "first_func_in_fit": "fit_feats"
    }
}


/home/daniel.z/ICML_PIECLAM_020425/experiments/../clamiter.py:577:::  
in fit,
first_func_in_fit='fit_feats'
second_function_name='fit_prior'


/home/daniel.z/ICML_PIECLAM_020425/experiments/../clamiter.py:637:::  
back and forth 1/7


/home/daniel.z/ICML_PIECLAM_020425/experiments/../clamiter.py:364:::  staring fit_feats for 1000 iterations


/home/daniel.z/ICML_PIECLAM_020425/experiments/../clamiter.py:364:::  staring fit_prior for 2000 iterations


/home/daniel.z/ICML_PIECLAM_020425/experiments/../clamiter.py:637:::  
back and forth 2/7


/home/daniel.z/ICML_PIECLAM_020425/experiments/../clamiter.py:364:::  staring fit_feats for 1000 iterations


/home/daniel.z/ICML_PIECLAM_020425/experiments/../clamiter.py:364:::  staring fit_prior for 2000 iterations


/home/daniel.z/ICML_PIECLAM_020425/experiments/../clamiter.py:637:::  
back and forth 3/7


/home/daniel.z/ICML_PIECLAM_020425/experiments/../clamiter.py:364:::  staring fit_feats for 1000 iterations


/home/daniel.z/ICML_PIECLAM_020425/experiments/../clamiter.py:364:::  staring fit_prior for 2000 iterations


/home/daniel.z/ICML_PIECLAM_020425/experiments/../clamiter.py:637:::  
back and forth 4/7


/home/daniel.z/ICML_PIECLAM_020425/experiments/../clamiter.py:364:::  staring fit_feats for 1000 iterations


/home/daniel.z/ICML_PIECLAM_020425/experiments/../clamiter.py:364:::  staring fit_prior for 2000 iterations


/home/daniel.z/ICML_PIECLAM_020425/experiments/../clamiter.py:637:::  
back and forth 5/7


/home/daniel.z/ICML_PIECLAM_020425/experiments/../clamiter.py:364:::  staring fit_feats for 1000 iterations


/home/daniel.z/ICML_PIECLAM_020425/experiments/../clamiter.py:364:::  staring fit_prior for 2000 iterations


/home/daniel.z/ICML_PIECLAM_020425/experiments/../clamiter.py:637:::  
back and forth 6/7


/home/daniel.z/ICML_PIECLAM_020425/experiments/../clamiter.py:364:::  staring fit_feats for 1000 iterations


/home/daniel.z/ICML_PIECLAM_020425/experiments/../clamiter.py:364:::  staring fit_prior for 2000 iterations


/home/daniel.z/ICML_PIECLAM_020425/experiments/../clamiter.py:637:::  
back and forth 7/7


/home/daniel.z/ICML_PIECLAM_020425/experiments/../clamiter.py:364:::  staring fit_feats for 1000 iterations


/home/daniel.z/ICML_PIECLAM_020425/experiments/../clamiter.py:364:::  staring fit_prior for 2000 iterations


/home/daniel.z/ICML_PIECLAM_020425/experiments/../clamiter.py:704:::  
fit end, no early stopping


/home/daniel.z/ICML_PIECLAM_020425/experiments/../trainer.py:419:::  
train_model_on_params on pieclam squirrel 
took 2783.5189850330353 seconds


/home/daniel.z/ICML_PIECLAM_020425/experiments/../trainer.py:437:::  


FINISHED train 
 last accuracies:
test
key='auc': 0.9886831870368188
val
key='auc': 0.9889319215470257




/home/daniel.z/ICML_PIECLAM_020425/experiments/optimization_utils.py:648:::  Repetition no. 0


/home/daniel.z/ICML_PIECLAM_020425/experiments/../trainer.py:161:::  
Using dataset specific configuration and not global 




/home/daniel.z/ICML_PIECLAM_020425/experiments/../trainer.py:335:::  
 2025-05-22 15:25:09 starting optimization of pieclam on squirrel on device cuda

 configs_dict: 
{
    "clamiter_init": {
        "dim_feat": 50,
        "dim_attr": 100,
        "s_reg": 0.1,
        "l1_reg": 1,
        "T": 1,
        "hidden_dim": 64,
        "num_coupling_blocks": 32,
        "num_layers_mlp": 2
    },
    "feat_opt": {
        "lr": 5e-07,
        "n_iter": 500,
        "early_stop": 0
    },
    "prior_opt": {
        "n_iter": 2000,
        "lr": 5e-06,
        "noise_amp": 0.1,
        "weight_decay": 0.1,
        "early_stop": 0
    },
    "back_forth": {
        "n_back_forth": 7,
        "scheduler_step_size": 3,
        "scheduler_gamma": 0.5,
        "early_stop_fit": 0,
        "first_func_in_fit": "fit_feats"
    }
}


/home/daniel.z/ICML_PIECLAM_020425/experiments/../clamiter.py:577:::  
in fit,
first_func_in_fit='fit_feats'
second_function_name='fit_prior'


/home/daniel.z/ICML_PIECLAM_020425/experiments/../clamiter.py:637:::  
back and forth 1/7


/home/daniel.z/ICML_PIECLAM_020425/experiments/../clamiter.py:364:::  staring fit_feats for 500 iterations


/home/daniel.z/ICML_PIECLAM_020425/experiments/../clamiter.py:364:::  staring fit_prior for 2000 iterations


/home/daniel.z/ICML_PIECLAM_020425/experiments/../clamiter.py:637:::  
back and forth 2/7


/home/daniel.z/ICML_PIECLAM_020425/experiments/../clamiter.py:364:::  staring fit_feats for 500 iterations


/home/daniel.z/ICML_PIECLAM_020425/experiments/../clamiter.py:364:::  staring fit_prior for 2000 iterations


/home/daniel.z/ICML_PIECLAM_020425/experiments/../clamiter.py:637:::  
back and forth 3/7


/home/daniel.z/ICML_PIECLAM_020425/experiments/../clamiter.py:364:::  staring fit_feats for 500 iterations


/home/daniel.z/ICML_PIECLAM_020425/experiments/../clamiter.py:364:::  staring fit_prior for 2000 iterations


/home/daniel.z/ICML_PIECLAM_020425/experiments/../clamiter.py:637:::  
back and forth 4/7


/home/daniel.z/ICML_PIECLAM_020425/experiments/../clamiter.py:364:::  staring fit_feats for 500 iterations


/home/daniel.z/ICML_PIECLAM_020425/experiments/../clamiter.py:364:::  staring fit_prior for 2000 iterations


/home/daniel.z/ICML_PIECLAM_020425/experiments/../clamiter.py:637:::  
back and forth 5/7


/home/daniel.z/ICML_PIECLAM_020425/experiments/../clamiter.py:364:::  staring fit_feats for 500 iterations


/home/daniel.z/ICML_PIECLAM_020425/experiments/../clamiter.py:364:::  staring fit_prior for 2000 iterations


/home/daniel.z/ICML_PIECLAM_020425/experiments/../clamiter.py:637:::  
back and forth 6/7


/home/daniel.z/ICML_PIECLAM_020425/experiments/../clamiter.py:364:::  staring fit_feats for 500 iterations


/home/daniel.z/ICML_PIECLAM_020425/experiments/../clamiter.py:364:::  staring fit_prior for 2000 iterations


/home/daniel.z/ICML_PIECLAM_020425/experiments/../clamiter.py:637:::  
back and forth 7/7


/home/daniel.z/ICML_PIECLAM_020425/experiments/../clamiter.py:364:::  staring fit_feats for 500 iterations


/home/daniel.z/ICML_PIECLAM_020425/experiments/../clamiter.py:364:::  staring fit_prior for 2000 iterations


/home/daniel.z/ICML_PIECLAM_020425/experiments/../clamiter.py:704:::  
fit end, no early stopping


/home/daniel.z/ICML_PIECLAM_020425/experiments/../trainer.py:419:::  
train_model_on_params on pieclam squirrel 
took 1976.7564516067505 seconds


/home/daniel.z/ICML_PIECLAM_020425/experiments/../trainer.py:437:::  


FINISHED train 
 last accuracies:
test
key='auc': 0.9099534556638593
val
key='auc': 0.9108885874877714




/home/daniel.z/ICML_PIECLAM_020425/experiments/optimization_utils.py:648:::  Repetition no. 0


/home/daniel.z/ICML_PIECLAM_020425/experiments/../trainer.py:161:::  
Using dataset specific configuration and not global 




/home/daniel.z/ICML_PIECLAM_020425/experiments/../trainer.py:335:::  
 2025-05-22 15:58:07 starting optimization of pieclam on squirrel on device cuda

 configs_dict: 
{
    "clamiter_init": {
        "dim_feat": 200,
        "dim_attr": 100,
        "s_reg": 0.1,
        "l1_reg": 1,
        "T": 1,
        "hidden_dim": 64,
        "num_coupling_blocks": 32,
        "num_layers_mlp": 2
    },
    "feat_opt": {
        "lr": 5e-06,
        "n_iter": 500,
        "early_stop": 0
    },
    "prior_opt": {
        "n_iter": 2000,
        "lr": 5e-06,
        "noise_amp": 0.1,
        "weight_decay": 0.1,
        "early_stop": 0
    },
    "back_forth": {
        "n_back_forth": 7,
        "scheduler_step_size": 3,
        "scheduler_gamma": 0.5,
        "early_stop_fit": 0,
        "first_func_in_fit": "fit_feats"
    }
}


/home/daniel.z/ICML_PIECLAM_020425/experiments/../clamiter.py:577:::  
in fit,
first_func_in_fit='fit_feats'
second_function_name='fit_prior'


/home/daniel.z/ICML_PIECLAM_020425/experiments/../clamiter.py:637:::  
back and forth 1/7


/home/daniel.z/ICML_PIECLAM_020425/experiments/../clamiter.py:364:::  staring fit_feats for 500 iterations


/home/daniel.z/ICML_PIECLAM_020425/experiments/../clamiter.py:364:::  staring fit_prior for 2000 iterations


/home/daniel.z/ICML_PIECLAM_020425/experiments/../clamiter.py:637:::  
back and forth 2/7


/home/daniel.z/ICML_PIECLAM_020425/experiments/../clamiter.py:364:::  staring fit_feats for 500 iterations


/home/daniel.z/ICML_PIECLAM_020425/experiments/../clamiter.py:364:::  staring fit_prior for 2000 iterations


/home/daniel.z/ICML_PIECLAM_020425/experiments/../clamiter.py:637:::  
back and forth 3/7


/home/daniel.z/ICML_PIECLAM_020425/experiments/../clamiter.py:364:::  staring fit_feats for 500 iterations


/home/daniel.z/ICML_PIECLAM_020425/experiments/../clamiter.py:364:::  staring fit_prior for 2000 iterations


/home/daniel.z/ICML_PIECLAM_020425/experiments/../clamiter.py:637:::  
back and forth 4/7


/home/daniel.z/ICML_PIECLAM_020425/experiments/../clamiter.py:364:::  staring fit_feats for 500 iterations


/home/daniel.z/ICML_PIECLAM_020425/experiments/../clamiter.py:364:::  staring fit_prior for 2000 iterations


/home/daniel.z/ICML_PIECLAM_020425/experiments/../clamiter.py:637:::  
back and forth 5/7


/home/daniel.z/ICML_PIECLAM_020425/experiments/../clamiter.py:364:::  staring fit_feats for 500 iterations


/home/daniel.z/ICML_PIECLAM_020425/experiments/../clamiter.py:364:::  staring fit_prior for 2000 iterations


/home/daniel.z/ICML_PIECLAM_020425/experiments/../clamiter.py:637:::  
back and forth 6/7


/home/daniel.z/ICML_PIECLAM_020425/experiments/../clamiter.py:364:::  staring fit_feats for 500 iterations


/home/daniel.z/ICML_PIECLAM_020425/experiments/../clamiter.py:364:::  staring fit_prior for 2000 iterations


/home/daniel.z/ICML_PIECLAM_020425/experiments/../clamiter.py:637:::  
back and forth 7/7


/home/daniel.z/ICML_PIECLAM_020425/experiments/../clamiter.py:364:::  staring fit_feats for 500 iterations


/home/daniel.z/ICML_PIECLAM_020425/experiments/../clamiter.py:364:::  staring fit_prior for 2000 iterations


/home/daniel.z/ICML_PIECLAM_020425/experiments/../clamiter.py:704:::  
fit end, no early stopping


/home/daniel.z/ICML_PIECLAM_020425/experiments/../trainer.py:419:::  
train_model_on_params on pieclam squirrel 
took 2125.6740670204163 seconds


/home/daniel.z/ICML_PIECLAM_020425/experiments/../trainer.py:437:::  


FINISHED train 
 last accuracies:
test
key='auc': 0.9851226216773286
val
key='auc': 0.9849356027751917




/home/daniel.z/ICML_PIECLAM_020425/experiments/optimization_utils.py:648:::  Repetition no. 0


/home/daniel.z/ICML_PIECLAM_020425/experiments/../trainer.py:161:::  
Using dataset specific configuration and not global 




/home/daniel.z/ICML_PIECLAM_020425/experiments/../trainer.py:335:::  
 2025-05-22 16:33:33 starting optimization of pieclam on squirrel on device cuda

 configs_dict: 
{
    "clamiter_init": {
        "dim_feat": 100,
        "dim_attr": 100,
        "s_reg": 0.1,
        "l1_reg": 1,
        "T": 1,
        "hidden_dim": 64,
        "num_coupling_blocks": 32,
        "num_layers_mlp": 2
    },
    "feat_opt": {
        "lr": 5e-07,
        "n_iter": 500,
        "early_stop": 0
    },
    "prior_opt": {
        "n_iter": 2000,
        "lr": 5e-06,
        "noise_amp": 0.1,
        "weight_decay": 0.1,
        "early_stop": 0
    },
    "back_forth": {
        "n_back_forth": 7,
        "scheduler_step_size": 3,
        "scheduler_gamma": 0.5,
        "early_stop_fit": 0,
        "first_func_in_fit": "fit_feats"
    }
}


/home/daniel.z/ICML_PIECLAM_020425/experiments/../clamiter.py:577:::  
in fit,
first_func_in_fit='fit_feats'
second_function_name='fit_prior'


/home/daniel.z/ICML_PIECLAM_020425/experiments/../clamiter.py:637:::  
back and forth 1/7


/home/daniel.z/ICML_PIECLAM_020425/experiments/../clamiter.py:364:::  staring fit_feats for 500 iterations


/home/daniel.z/ICML_PIECLAM_020425/experiments/../clamiter.py:364:::  staring fit_prior for 2000 iterations


/home/daniel.z/ICML_PIECLAM_020425/experiments/../clamiter.py:637:::  
back and forth 2/7


/home/daniel.z/ICML_PIECLAM_020425/experiments/../clamiter.py:364:::  staring fit_feats for 500 iterations


/home/daniel.z/ICML_PIECLAM_020425/experiments/../clamiter.py:364:::  staring fit_prior for 2000 iterations


/home/daniel.z/ICML_PIECLAM_020425/experiments/../clamiter.py:637:::  
back and forth 3/7


/home/daniel.z/ICML_PIECLAM_020425/experiments/../clamiter.py:364:::  staring fit_feats for 500 iterations


/home/daniel.z/ICML_PIECLAM_020425/experiments/../clamiter.py:364:::  staring fit_prior for 2000 iterations


/home/daniel.z/ICML_PIECLAM_020425/experiments/../clamiter.py:637:::  
back and forth 4/7


/home/daniel.z/ICML_PIECLAM_020425/experiments/../clamiter.py:364:::  staring fit_feats for 500 iterations


/home/daniel.z/ICML_PIECLAM_020425/experiments/../clamiter.py:364:::  staring fit_prior for 2000 iterations


/home/daniel.z/ICML_PIECLAM_020425/experiments/../clamiter.py:637:::  
back and forth 5/7


/home/daniel.z/ICML_PIECLAM_020425/experiments/../clamiter.py:364:::  staring fit_feats for 500 iterations


/home/daniel.z/ICML_PIECLAM_020425/experiments/../clamiter.py:364:::  staring fit_prior for 2000 iterations


/home/daniel.z/ICML_PIECLAM_020425/experiments/../clamiter.py:637:::  
back and forth 6/7


/home/daniel.z/ICML_PIECLAM_020425/experiments/../clamiter.py:364:::  staring fit_feats for 500 iterations


/home/daniel.z/ICML_PIECLAM_020425/experiments/../clamiter.py:364:::  staring fit_prior for 2000 iterations


/home/daniel.z/ICML_PIECLAM_020425/experiments/../clamiter.py:637:::  
back and forth 7/7


/home/daniel.z/ICML_PIECLAM_020425/experiments/../clamiter.py:364:::  staring fit_feats for 500 iterations


/home/daniel.z/ICML_PIECLAM_020425/experiments/../clamiter.py:364:::  staring fit_prior for 2000 iterations


/home/daniel.z/ICML_PIECLAM_020425/experiments/../clamiter.py:704:::  
fit end, no early stopping


/home/daniel.z/ICML_PIECLAM_020425/experiments/../trainer.py:419:::  
train_model_on_params on pieclam squirrel 
took 2031.8618755340576 seconds


/home/daniel.z/ICML_PIECLAM_020425/experiments/../trainer.py:437:::  


FINISHED train 
 last accuracies:
test
key='auc': 0.9027484477845735
val
key='auc': 0.9018125514666055




/home/daniel.z/ICML_PIECLAM_020425/experiments/optimization_utils.py:648:::  Repetition no. 0


/home/daniel.z/ICML_PIECLAM_020425/experiments/../trainer.py:161:::  
Using dataset specific configuration and not global 




/home/daniel.z/ICML_PIECLAM_020425/experiments/../trainer.py:335:::  
 2025-05-22 17:07:26 starting optimization of pieclam on squirrel on device cuda

 configs_dict: 
{
    "clamiter_init": {
        "dim_feat": 50,
        "dim_attr": 100,
        "s_reg": 0.1,
        "l1_reg": 1,
        "T": 1,
        "hidden_dim": 64,
        "num_coupling_blocks": 32,
        "num_layers_mlp": 2
    },
    "feat_opt": {
        "lr": 5e-06,
        "n_iter": 3000,
        "early_stop": 0
    },
    "prior_opt": {
        "n_iter": 2000,
        "lr": 5e-06,
        "noise_amp": 0.1,
        "weight_decay": 0.1,
        "early_stop": 0
    },
    "back_forth": {
        "n_back_forth": 7,
        "scheduler_step_size": 3,
        "scheduler_gamma": 0.5,
        "early_stop_fit": 0,
        "first_func_in_fit": "fit_feats"
    }
}


/home/daniel.z/ICML_PIECLAM_020425/experiments/../clamiter.py:577:::  
in fit,
first_func_in_fit='fit_feats'
second_function_name='fit_prior'


/home/daniel.z/ICML_PIECLAM_020425/experiments/../clamiter.py:637:::  
back and forth 1/7


/home/daniel.z/ICML_PIECLAM_020425/experiments/../clamiter.py:364:::  staring fit_feats for 3000 iterations


/home/daniel.z/ICML_PIECLAM_020425/experiments/../clamiter.py:364:::  staring fit_prior for 2000 iterations


/home/daniel.z/ICML_PIECLAM_020425/experiments/../clamiter.py:637:::  
back and forth 2/7


/home/daniel.z/ICML_PIECLAM_020425/experiments/../clamiter.py:364:::  staring fit_feats for 3000 iterations


/home/daniel.z/ICML_PIECLAM_020425/experiments/../clamiter.py:364:::  staring fit_prior for 2000 iterations


/home/daniel.z/ICML_PIECLAM_020425/experiments/../clamiter.py:637:::  
back and forth 3/7


/home/daniel.z/ICML_PIECLAM_020425/experiments/../clamiter.py:364:::  staring fit_feats for 3000 iterations


/home/daniel.z/ICML_PIECLAM_020425/experiments/../clamiter.py:364:::  staring fit_prior for 2000 iterations


/home/daniel.z/ICML_PIECLAM_020425/experiments/../clamiter.py:637:::  
back and forth 4/7


/home/daniel.z/ICML_PIECLAM_020425/experiments/../clamiter.py:364:::  staring fit_feats for 3000 iterations


/home/daniel.z/ICML_PIECLAM_020425/experiments/../clamiter.py:364:::  staring fit_prior for 2000 iterations


/home/daniel.z/ICML_PIECLAM_020425/experiments/../clamiter.py:637:::  
back and forth 5/7


/home/daniel.z/ICML_PIECLAM_020425/experiments/../clamiter.py:364:::  staring fit_feats for 3000 iterations


/home/daniel.z/ICML_PIECLAM_020425/experiments/../clamiter.py:364:::  staring fit_prior for 2000 iterations


/home/daniel.z/ICML_PIECLAM_020425/experiments/../clamiter.py:637:::  
back and forth 6/7


/home/daniel.z/ICML_PIECLAM_020425/experiments/../clamiter.py:364:::  staring fit_feats for 3000 iterations


/home/daniel.z/ICML_PIECLAM_020425/experiments/../clamiter.py:364:::  staring fit_prior for 2000 iterations


/home/daniel.z/ICML_PIECLAM_020425/experiments/../clamiter.py:637:::  
back and forth 7/7


/home/daniel.z/ICML_PIECLAM_020425/experiments/../clamiter.py:364:::  staring fit_feats for 3000 iterations


/home/daniel.z/ICML_PIECLAM_020425/experiments/../clamiter.py:364:::  staring fit_prior for 2000 iterations


/home/daniel.z/ICML_PIECLAM_020425/experiments/../clamiter.py:704:::  
fit end, no early stopping


/home/daniel.z/ICML_PIECLAM_020425/experiments/../trainer.py:419:::  
train_model_on_params on pieclam squirrel 
took 4562.559266090393 seconds


/home/daniel.z/ICML_PIECLAM_020425/experiments/../trainer.py:437:::  


FINISHED train 
 last accuracies:
test
key='auc': 0.9868492322176444
val
key='auc': 0.9869521918993771




/home/daniel.z/ICML_PIECLAM_020425/experiments/optimization_utils.py:648:::  Repetition no. 0


/home/daniel.z/ICML_PIECLAM_020425/experiments/../trainer.py:161:::  
Using dataset specific configuration and not global 




/home/daniel.z/ICML_PIECLAM_020425/experiments/../trainer.py:335:::  
 2025-05-22 18:23:29 starting optimization of pieclam on squirrel on device cuda

 configs_dict: 
{
    "clamiter_init": {
        "dim_feat": 100,
        "dim_attr": 100,
        "s_reg": 0.1,
        "l1_reg": 1,
        "T": 1,
        "hidden_dim": 64,
        "num_coupling_blocks": 32,
        "num_layers_mlp": 2
    },
    "feat_opt": {
        "lr": 5e-06,
        "n_iter": 1000,
        "early_stop": 0
    },
    "prior_opt": {
        "n_iter": 2000,
        "lr": 5e-06,
        "noise_amp": 0.1,
        "weight_decay": 0.1,
        "early_stop": 0
    },
    "back_forth": {
        "n_back_forth": 7,
        "scheduler_step_size": 3,
        "scheduler_gamma": 0.5,
        "early_stop_fit": 0,
        "first_func_in_fit": "fit_feats"
    }
}


/home/daniel.z/ICML_PIECLAM_020425/experiments/../clamiter.py:577:::  
in fit,
first_func_in_fit='fit_feats'
second_function_name='fit_prior'


/home/daniel.z/ICML_PIECLAM_020425/experiments/../clamiter.py:637:::  
back and forth 1/7


/home/daniel.z/ICML_PIECLAM_020425/experiments/../clamiter.py:364:::  staring fit_feats for 1000 iterations


/home/daniel.z/ICML_PIECLAM_020425/experiments/../clamiter.py:364:::  staring fit_prior for 2000 iterations


/home/daniel.z/ICML_PIECLAM_020425/experiments/../clamiter.py:637:::  
back and forth 2/7


/home/daniel.z/ICML_PIECLAM_020425/experiments/../clamiter.py:364:::  staring fit_feats for 1000 iterations


/home/daniel.z/ICML_PIECLAM_020425/experiments/../clamiter.py:364:::  staring fit_prior for 2000 iterations


/home/daniel.z/ICML_PIECLAM_020425/experiments/../clamiter.py:637:::  
back and forth 3/7


/home/daniel.z/ICML_PIECLAM_020425/experiments/../clamiter.py:364:::  staring fit_feats for 1000 iterations


/home/daniel.z/ICML_PIECLAM_020425/experiments/../clamiter.py:364:::  staring fit_prior for 2000 iterations


/home/daniel.z/ICML_PIECLAM_020425/experiments/../clamiter.py:637:::  
back and forth 4/7


/home/daniel.z/ICML_PIECLAM_020425/experiments/../clamiter.py:364:::  staring fit_feats for 1000 iterations


/home/daniel.z/ICML_PIECLAM_020425/experiments/../clamiter.py:364:::  staring fit_prior for 2000 iterations


/home/daniel.z/ICML_PIECLAM_020425/experiments/../clamiter.py:637:::  
back and forth 5/7


/home/daniel.z/ICML_PIECLAM_020425/experiments/../clamiter.py:364:::  staring fit_feats for 1000 iterations


/home/daniel.z/ICML_PIECLAM_020425/experiments/../clamiter.py:364:::  staring fit_prior for 2000 iterations


/home/daniel.z/ICML_PIECLAM_020425/experiments/../clamiter.py:637:::  
back and forth 6/7


/home/daniel.z/ICML_PIECLAM_020425/experiments/../clamiter.py:364:::  staring fit_feats for 1000 iterations


/home/daniel.z/ICML_PIECLAM_020425/experiments/../clamiter.py:364:::  staring fit_prior for 2000 iterations


/home/daniel.z/ICML_PIECLAM_020425/experiments/../clamiter.py:637:::  
back and forth 7/7


/home/daniel.z/ICML_PIECLAM_020425/experiments/../clamiter.py:364:::  staring fit_feats for 1000 iterations


/home/daniel.z/ICML_PIECLAM_020425/experiments/../clamiter.py:364:::  staring fit_prior for 2000 iterations


/home/daniel.z/ICML_PIECLAM_020425/experiments/../clamiter.py:704:::  
fit end, no early stopping


/home/daniel.z/ICML_PIECLAM_020425/experiments/../trainer.py:419:::  
train_model_on_params on pieclam squirrel 
took 2559.5965547561646 seconds


/home/daniel.z/ICML_PIECLAM_020425/experiments/../trainer.py:437:::  


FINISHED train 
 last accuracies:
test
key='auc': 0.9879983655071725
val
key='auc': 0.9882907193274877




/home/daniel.z/ICML_PIECLAM_020425/experiments/optimization_utils.py:648:::  Repetition no. 0


/home/daniel.z/ICML_PIECLAM_020425/experiments/../trainer.py:161:::  
Using dataset specific configuration and not global 




/home/daniel.z/ICML_PIECLAM_020425/experiments/../trainer.py:335:::  
 2025-05-22 19:06:10 starting optimization of pieclam on squirrel on device cuda

 configs_dict: 
{
    "clamiter_init": {
        "dim_feat": 200,
        "dim_attr": 100,
        "s_reg": 0.1,
        "l1_reg": 1,
        "T": 1,
        "hidden_dim": 64,
        "num_coupling_blocks": 32,
        "num_layers_mlp": 2
    },
    "feat_opt": {
        "lr": 5e-07,
        "n_iter": 500,
        "early_stop": 0
    },
    "prior_opt": {
        "n_iter": 2000,
        "lr": 5e-06,
        "noise_amp": 0.1,
        "weight_decay": 0.1,
        "early_stop": 0
    },
    "back_forth": {
        "n_back_forth": 7,
        "scheduler_step_size": 3,
        "scheduler_gamma": 0.5,
        "early_stop_fit": 0,
        "first_func_in_fit": "fit_feats"
    }
}


/home/daniel.z/ICML_PIECLAM_020425/experiments/../clamiter.py:577:::  
in fit,
first_func_in_fit='fit_feats'
second_function_name='fit_prior'


/home/daniel.z/ICML_PIECLAM_020425/experiments/../clamiter.py:637:::  
back and forth 1/7


/home/daniel.z/ICML_PIECLAM_020425/experiments/../clamiter.py:364:::  staring fit_feats for 500 iterations


/home/daniel.z/ICML_PIECLAM_020425/experiments/../clamiter.py:364:::  staring fit_prior for 2000 iterations


/home/daniel.z/ICML_PIECLAM_020425/experiments/../clamiter.py:637:::  
back and forth 2/7


/home/daniel.z/ICML_PIECLAM_020425/experiments/../clamiter.py:364:::  staring fit_feats for 500 iterations


/home/daniel.z/ICML_PIECLAM_020425/experiments/../clamiter.py:364:::  staring fit_prior for 2000 iterations


/home/daniel.z/ICML_PIECLAM_020425/experiments/../clamiter.py:637:::  
back and forth 3/7


/home/daniel.z/ICML_PIECLAM_020425/experiments/../clamiter.py:364:::  staring fit_feats for 500 iterations


/home/daniel.z/ICML_PIECLAM_020425/experiments/../clamiter.py:364:::  staring fit_prior for 2000 iterations


/home/daniel.z/ICML_PIECLAM_020425/experiments/../clamiter.py:637:::  
back and forth 4/7


/home/daniel.z/ICML_PIECLAM_020425/experiments/../clamiter.py:364:::  staring fit_feats for 500 iterations


/home/daniel.z/ICML_PIECLAM_020425/experiments/../clamiter.py:364:::  staring fit_prior for 2000 iterations


/home/daniel.z/ICML_PIECLAM_020425/experiments/../clamiter.py:637:::  
back and forth 5/7


/home/daniel.z/ICML_PIECLAM_020425/experiments/../clamiter.py:364:::  staring fit_feats for 500 iterations


/home/daniel.z/ICML_PIECLAM_020425/experiments/../clamiter.py:364:::  staring fit_prior for 2000 iterations


/home/daniel.z/ICML_PIECLAM_020425/experiments/../clamiter.py:637:::  
back and forth 6/7


/home/daniel.z/ICML_PIECLAM_020425/experiments/../clamiter.py:364:::  staring fit_feats for 500 iterations


/home/daniel.z/ICML_PIECLAM_020425/experiments/../clamiter.py:364:::  staring fit_prior for 2000 iterations


/home/daniel.z/ICML_PIECLAM_020425/experiments/../clamiter.py:637:::  
back and forth 7/7


/home/daniel.z/ICML_PIECLAM_020425/experiments/../clamiter.py:364:::  staring fit_feats for 500 iterations


/home/daniel.z/ICML_PIECLAM_020425/experiments/../clamiter.py:364:::  staring fit_prior for 2000 iterations


/home/daniel.z/ICML_PIECLAM_020425/experiments/../clamiter.py:704:::  
fit end, no early stopping


/home/daniel.z/ICML_PIECLAM_020425/experiments/../trainer.py:419:::  
train_model_on_params on pieclam squirrel 
took 2150.7337696552277 seconds


/home/daniel.z/ICML_PIECLAM_020425/experiments/../trainer.py:437:::  


FINISHED train 
 last accuracies:
test
key='auc': 0.8980075834456397
val
key='auc': 0.8973154294744399




/home/daniel.z/ICML_PIECLAM_020425/experiments/optimization_utils.py:648:::  Repetition no. 0


/home/daniel.z/ICML_PIECLAM_020425/experiments/../trainer.py:161:::  
Using dataset specific configuration and not global 




/home/daniel.z/ICML_PIECLAM_020425/experiments/../trainer.py:335:::  
 2025-05-22 19:42:01 starting optimization of pieclam on squirrel on device cuda

 configs_dict: 
{
    "clamiter_init": {
        "dim_feat": 100,
        "dim_attr": 100,
        "s_reg": 0.0,
        "l1_reg": 1,
        "T": 1,
        "hidden_dim": 64,
        "num_coupling_blocks": 32,
        "num_layers_mlp": 2
    },
    "feat_opt": {
        "lr": 5e-06,
        "n_iter": 3000,
        "early_stop": 0
    },
    "prior_opt": {
        "n_iter": 2000,
        "lr": 5e-06,
        "noise_amp": 0.1,
        "weight_decay": 0.1,
        "early_stop": 0
    },
    "back_forth": {
        "n_back_forth": 7,
        "scheduler_step_size": 3,
        "scheduler_gamma": 0.5,
        "early_stop_fit": 0,
        "first_func_in_fit": "fit_feats"
    }
}


/home/daniel.z/ICML_PIECLAM_020425/experiments/../clamiter.py:577:::  
in fit,
first_func_in_fit='fit_feats'
second_function_name='fit_prior'


/home/daniel.z/ICML_PIECLAM_020425/experiments/../clamiter.py:637:::  
back and forth 1/7


/home/daniel.z/ICML_PIECLAM_020425/experiments/../clamiter.py:364:::  staring fit_feats for 3000 iterations


/home/daniel.z/ICML_PIECLAM_020425/experiments/../clamiter.py:364:::  staring fit_prior for 2000 iterations


/home/daniel.z/ICML_PIECLAM_020425/experiments/../clamiter.py:637:::  
back and forth 2/7


/home/daniel.z/ICML_PIECLAM_020425/experiments/../clamiter.py:364:::  staring fit_feats for 3000 iterations


/home/daniel.z/ICML_PIECLAM_020425/experiments/../clamiter.py:364:::  staring fit_prior for 2000 iterations


/home/daniel.z/ICML_PIECLAM_020425/experiments/../clamiter.py:637:::  
back and forth 3/7


/home/daniel.z/ICML_PIECLAM_020425/experiments/../clamiter.py:364:::  staring fit_feats for 3000 iterations


/home/daniel.z/ICML_PIECLAM_020425/experiments/../clamiter.py:364:::  staring fit_prior for 2000 iterations


/home/daniel.z/ICML_PIECLAM_020425/experiments/../clamiter.py:637:::  
back and forth 4/7


/home/daniel.z/ICML_PIECLAM_020425/experiments/../clamiter.py:364:::  staring fit_feats for 3000 iterations


/home/daniel.z/ICML_PIECLAM_020425/experiments/../clamiter.py:364:::  staring fit_prior for 2000 iterations


/home/daniel.z/ICML_PIECLAM_020425/experiments/../clamiter.py:637:::  
back and forth 5/7


/home/daniel.z/ICML_PIECLAM_020425/experiments/../clamiter.py:364:::  staring fit_feats for 3000 iterations


/home/daniel.z/ICML_PIECLAM_020425/experiments/../clamiter.py:364:::  staring fit_prior for 2000 iterations


/home/daniel.z/ICML_PIECLAM_020425/experiments/../clamiter.py:637:::  
back and forth 6/7


/home/daniel.z/ICML_PIECLAM_020425/experiments/../clamiter.py:364:::  staring fit_feats for 3000 iterations


/home/daniel.z/ICML_PIECLAM_020425/experiments/../clamiter.py:364:::  staring fit_prior for 2000 iterations


/home/daniel.z/ICML_PIECLAM_020425/experiments/../clamiter.py:637:::  
back and forth 7/7


/home/daniel.z/ICML_PIECLAM_020425/experiments/../clamiter.py:364:::  staring fit_feats for 3000 iterations


/home/daniel.z/ICML_PIECLAM_020425/experiments/../clamiter.py:364:::  staring fit_prior for 2000 iterations


/home/daniel.z/ICML_PIECLAM_020425/experiments/../clamiter.py:704:::  
fit end, no early stopping


/home/daniel.z/ICML_PIECLAM_020425/experiments/../trainer.py:419:::  
train_model_on_params on pieclam squirrel 
took 4885.247736692429 seconds


/home/daniel.z/ICML_PIECLAM_020425/experiments/../trainer.py:437:::  


FINISHED train 
 last accuracies:
test
key='auc': 0.9883616450845812
val
key='auc': 0.9891109010131418




/home/daniel.z/ICML_PIECLAM_020425/experiments/optimization_utils.py:648:::  Repetition no. 0


/home/daniel.z/ICML_PIECLAM_020425/experiments/../trainer.py:161:::  
Using dataset specific configuration and not global 




/home/daniel.z/ICML_PIECLAM_020425/experiments/../trainer.py:335:::  
 2025-05-22 21:03:27 starting optimization of pieclam on squirrel on device cuda

 configs_dict: 
{
    "clamiter_init": {
        "dim_feat": 100,
        "dim_attr": 100,
        "s_reg": 0.0,
        "l1_reg": 1,
        "T": 1,
        "hidden_dim": 64,
        "num_coupling_blocks": 32,
        "num_layers_mlp": 2
    },
    "feat_opt": {
        "lr": 5e-07,
        "n_iter": 3000,
        "early_stop": 0
    },
    "prior_opt": {
        "n_iter": 2000,
        "lr": 5e-06,
        "noise_amp": 0.1,
        "weight_decay": 0.1,
        "early_stop": 0
    },
    "back_forth": {
        "n_back_forth": 7,
        "scheduler_step_size": 3,
        "scheduler_gamma": 0.5,
        "early_stop_fit": 0,
        "first_func_in_fit": "fit_feats"
    }
}


/home/daniel.z/ICML_PIECLAM_020425/experiments/../clamiter.py:577:::  
in fit,
first_func_in_fit='fit_feats'
second_function_name='fit_prior'


/home/daniel.z/ICML_PIECLAM_020425/experiments/../clamiter.py:637:::  
back and forth 1/7


/home/daniel.z/ICML_PIECLAM_020425/experiments/../clamiter.py:364:::  staring fit_feats for 3000 iterations


/home/daniel.z/ICML_PIECLAM_020425/experiments/../clamiter.py:364:::  staring fit_prior for 2000 iterations


/home/daniel.z/ICML_PIECLAM_020425/experiments/../clamiter.py:637:::  
back and forth 2/7


/home/daniel.z/ICML_PIECLAM_020425/experiments/../clamiter.py:364:::  staring fit_feats for 3000 iterations


/home/daniel.z/ICML_PIECLAM_020425/experiments/../clamiter.py:364:::  staring fit_prior for 2000 iterations


/home/daniel.z/ICML_PIECLAM_020425/experiments/../clamiter.py:637:::  
back and forth 3/7


/home/daniel.z/ICML_PIECLAM_020425/experiments/../clamiter.py:364:::  staring fit_feats for 3000 iterations


/home/daniel.z/ICML_PIECLAM_020425/experiments/../clamiter.py:364:::  staring fit_prior for 2000 iterations


/home/daniel.z/ICML_PIECLAM_020425/experiments/../clamiter.py:637:::  
back and forth 4/7


/home/daniel.z/ICML_PIECLAM_020425/experiments/../clamiter.py:364:::  staring fit_feats for 3000 iterations


/home/daniel.z/ICML_PIECLAM_020425/experiments/../clamiter.py:364:::  staring fit_prior for 2000 iterations


/home/daniel.z/ICML_PIECLAM_020425/experiments/../clamiter.py:637:::  
back and forth 5/7


/home/daniel.z/ICML_PIECLAM_020425/experiments/../clamiter.py:364:::  staring fit_feats for 3000 iterations


/home/daniel.z/ICML_PIECLAM_020425/experiments/../clamiter.py:364:::  staring fit_prior for 2000 iterations


/home/daniel.z/ICML_PIECLAM_020425/experiments/../clamiter.py:637:::  
back and forth 6/7


/home/daniel.z/ICML_PIECLAM_020425/experiments/../clamiter.py:364:::  staring fit_feats for 3000 iterations


/home/daniel.z/ICML_PIECLAM_020425/experiments/../clamiter.py:364:::  staring fit_prior for 2000 iterations


/home/daniel.z/ICML_PIECLAM_020425/experiments/../clamiter.py:637:::  
back and forth 7/7


/home/daniel.z/ICML_PIECLAM_020425/experiments/../clamiter.py:364:::  staring fit_feats for 3000 iterations


/home/daniel.z/ICML_PIECLAM_020425/experiments/../clamiter.py:364:::  staring fit_prior for 2000 iterations


/home/daniel.z/ICML_PIECLAM_020425/experiments/../clamiter.py:704:::  
fit end, no early stopping


/home/daniel.z/ICML_PIECLAM_020425/experiments/../trainer.py:419:::  
train_model_on_params on pieclam squirrel 
took 4919.623547554016 seconds


/home/daniel.z/ICML_PIECLAM_020425/experiments/../trainer.py:437:::  


FINISHED train 
 last accuracies:
test
key='auc': 0.9792897608504646
val
key='auc': 0.978502486119194




/home/daniel.z/ICML_PIECLAM_020425/experiments/optimization_utils.py:648:::  Repetition no. 0


/home/daniel.z/ICML_PIECLAM_020425/experiments/../trainer.py:161:::  
Using dataset specific configuration and not global 




/home/daniel.z/ICML_PIECLAM_020425/experiments/../trainer.py:335:::  
 2025-05-22 22:25:29 starting optimization of pieclam on squirrel on device cuda

 configs_dict: 
{
    "clamiter_init": {
        "dim_feat": 100,
        "dim_attr": 100,
        "s_reg": 0.1,
        "l1_reg": 1,
        "T": 1,
        "hidden_dim": 64,
        "num_coupling_blocks": 32,
        "num_layers_mlp": 2
    },
    "feat_opt": {
        "lr": 5e-06,
        "n_iter": 3000,
        "early_stop": 0
    },
    "prior_opt": {
        "n_iter": 2000,
        "lr": 5e-06,
        "noise_amp": 0.1,
        "weight_decay": 0.1,
        "early_stop": 0
    },
    "back_forth": {
        "n_back_forth": 7,
        "scheduler_step_size": 3,
        "scheduler_gamma": 0.5,
        "early_stop_fit": 0,
        "first_func_in_fit": "fit_feats"
    }
}


/home/daniel.z/ICML_PIECLAM_020425/experiments/../clamiter.py:577:::  
in fit,
first_func_in_fit='fit_feats'
second_function_name='fit_prior'


/home/daniel.z/ICML_PIECLAM_020425/experiments/../clamiter.py:637:::  
back and forth 1/7


/home/daniel.z/ICML_PIECLAM_020425/experiments/../clamiter.py:364:::  staring fit_feats for 3000 iterations


/home/daniel.z/ICML_PIECLAM_020425/experiments/../clamiter.py:364:::  staring fit_prior for 2000 iterations


/home/daniel.z/ICML_PIECLAM_020425/experiments/../clamiter.py:637:::  
back and forth 2/7


/home/daniel.z/ICML_PIECLAM_020425/experiments/../clamiter.py:364:::  staring fit_feats for 3000 iterations


/home/daniel.z/ICML_PIECLAM_020425/experiments/../clamiter.py:364:::  staring fit_prior for 2000 iterations


/home/daniel.z/ICML_PIECLAM_020425/experiments/../clamiter.py:637:::  
back and forth 3/7


/home/daniel.z/ICML_PIECLAM_020425/experiments/../clamiter.py:364:::  staring fit_feats for 3000 iterations


/home/daniel.z/ICML_PIECLAM_020425/experiments/../clamiter.py:364:::  staring fit_prior for 2000 iterations


/home/daniel.z/ICML_PIECLAM_020425/experiments/../clamiter.py:637:::  
back and forth 4/7


/home/daniel.z/ICML_PIECLAM_020425/experiments/../clamiter.py:364:::  staring fit_feats for 3000 iterations


/home/daniel.z/ICML_PIECLAM_020425/experiments/../clamiter.py:364:::  staring fit_prior for 2000 iterations


/home/daniel.z/ICML_PIECLAM_020425/experiments/../clamiter.py:637:::  
back and forth 5/7


/home/daniel.z/ICML_PIECLAM_020425/experiments/../clamiter.py:364:::  staring fit_feats for 3000 iterations


/home/daniel.z/ICML_PIECLAM_020425/experiments/../clamiter.py:364:::  staring fit_prior for 2000 iterations


/home/daniel.z/ICML_PIECLAM_020425/experiments/../clamiter.py:637:::  
back and forth 6/7


/home/daniel.z/ICML_PIECLAM_020425/experiments/../clamiter.py:364:::  staring fit_feats for 3000 iterations


/home/daniel.z/ICML_PIECLAM_020425/experiments/../clamiter.py:364:::  staring fit_prior for 2000 iterations


/home/daniel.z/ICML_PIECLAM_020425/experiments/../clamiter.py:637:::  
back and forth 7/7


/home/daniel.z/ICML_PIECLAM_020425/experiments/../clamiter.py:364:::  staring fit_feats for 3000 iterations


/home/daniel.z/ICML_PIECLAM_020425/experiments/../clamiter.py:364:::  staring fit_prior for 2000 iterations


/home/daniel.z/ICML_PIECLAM_020425/experiments/../clamiter.py:704:::  
fit end, no early stopping


/home/daniel.z/ICML_PIECLAM_020425/experiments/../trainer.py:419:::  
train_model_on_params on pieclam squirrel 
took 4867.982652425766 seconds


/home/daniel.z/ICML_PIECLAM_020425/experiments/../trainer.py:437:::  


FINISHED train 
 last accuracies:
test
key='auc': 0.989424546697624
val
key='auc': 0.9895917083744596




/home/daniel.z/ICML_PIECLAM_020425/experiments/optimization_utils.py:648:::  Repetition no. 0


/home/daniel.z/ICML_PIECLAM_020425/experiments/../trainer.py:161:::  
Using dataset specific configuration and not global 




/home/daniel.z/ICML_PIECLAM_020425/experiments/../trainer.py:335:::  
 2025-05-22 23:46:37 starting optimization of pieclam on squirrel on device cuda

 configs_dict: 
{
    "clamiter_init": {
        "dim_feat": 100,
        "dim_attr": 100,
        "s_reg": 0.0,
        "l1_reg": 1,
        "T": 1,
        "hidden_dim": 64,
        "num_coupling_blocks": 32,
        "num_layers_mlp": 2
    },
    "feat_opt": {
        "lr": 5e-06,
        "n_iter": 1000,
        "early_stop": 0
    },
    "prior_opt": {
        "n_iter": 2000,
        "lr": 5e-06,
        "noise_amp": 0.1,
        "weight_decay": 0.1,
        "early_stop": 0
    },
    "back_forth": {
        "n_back_forth": 7,
        "scheduler_step_size": 3,
        "scheduler_gamma": 0.5,
        "early_stop_fit": 0,
        "first_func_in_fit": "fit_feats"
    }
}


/home/daniel.z/ICML_PIECLAM_020425/experiments/../clamiter.py:577:::  
in fit,
first_func_in_fit='fit_feats'
second_function_name='fit_prior'


/home/daniel.z/ICML_PIECLAM_020425/experiments/../clamiter.py:637:::  
back and forth 1/7


/home/daniel.z/ICML_PIECLAM_020425/experiments/../clamiter.py:364:::  staring fit_feats for 1000 iterations


/home/daniel.z/ICML_PIECLAM_020425/experiments/../clamiter.py:364:::  staring fit_prior for 2000 iterations


/home/daniel.z/ICML_PIECLAM_020425/experiments/../clamiter.py:637:::  
back and forth 2/7


/home/daniel.z/ICML_PIECLAM_020425/experiments/../clamiter.py:364:::  staring fit_feats for 1000 iterations


/home/daniel.z/ICML_PIECLAM_020425/experiments/../clamiter.py:364:::  staring fit_prior for 2000 iterations


/home/daniel.z/ICML_PIECLAM_020425/experiments/../clamiter.py:637:::  
back and forth 3/7


/home/daniel.z/ICML_PIECLAM_020425/experiments/../clamiter.py:364:::  staring fit_feats for 1000 iterations


/home/daniel.z/ICML_PIECLAM_020425/experiments/../clamiter.py:364:::  staring fit_prior for 2000 iterations


/home/daniel.z/ICML_PIECLAM_020425/experiments/../clamiter.py:637:::  
back and forth 4/7


/home/daniel.z/ICML_PIECLAM_020425/experiments/../clamiter.py:364:::  staring fit_feats for 1000 iterations


/home/daniel.z/ICML_PIECLAM_020425/experiments/../clamiter.py:364:::  staring fit_prior for 2000 iterations


/home/daniel.z/ICML_PIECLAM_020425/experiments/../clamiter.py:637:::  
back and forth 5/7


/home/daniel.z/ICML_PIECLAM_020425/experiments/../clamiter.py:364:::  staring fit_feats for 1000 iterations


/home/daniel.z/ICML_PIECLAM_020425/experiments/../clamiter.py:364:::  staring fit_prior for 2000 iterations


/home/daniel.z/ICML_PIECLAM_020425/experiments/../clamiter.py:637:::  
back and forth 6/7


/home/daniel.z/ICML_PIECLAM_020425/experiments/../clamiter.py:364:::  staring fit_feats for 1000 iterations


/home/daniel.z/ICML_PIECLAM_020425/experiments/../clamiter.py:364:::  staring fit_prior for 2000 iterations


/home/daniel.z/ICML_PIECLAM_020425/experiments/../clamiter.py:637:::  
back and forth 7/7


/home/daniel.z/ICML_PIECLAM_020425/experiments/../clamiter.py:364:::  staring fit_feats for 1000 iterations


/home/daniel.z/ICML_PIECLAM_020425/experiments/../clamiter.py:364:::  staring fit_prior for 2000 iterations


/home/daniel.z/ICML_PIECLAM_020425/experiments/../clamiter.py:704:::  
fit end, no early stopping


/home/daniel.z/ICML_PIECLAM_020425/experiments/../trainer.py:419:::  
train_model_on_params on pieclam squirrel 
took 2582.6984720230103 seconds


/home/daniel.z/ICML_PIECLAM_020425/experiments/../trainer.py:437:::  


FINISHED train 
 last accuracies:
test
key='auc': 0.9864045243089464
val
key='auc': 0.9869794468656474




/home/daniel.z/ICML_PIECLAM_020425/experiments/optimization_utils.py:648:::  Repetition no. 0


/home/daniel.z/ICML_PIECLAM_020425/experiments/../trainer.py:161:::  
Using dataset specific configuration and not global 




/home/daniel.z/ICML_PIECLAM_020425/experiments/../trainer.py:335:::  
 2025-05-23 00:29:41 starting optimization of pieclam on squirrel on device cuda

 configs_dict: 
{
    "clamiter_init": {
        "dim_feat": 50,
        "dim_attr": 100,
        "s_reg": 0.1,
        "l1_reg": 1,
        "T": 1,
        "hidden_dim": 64,
        "num_coupling_blocks": 32,
        "num_layers_mlp": 2
    },
    "feat_opt": {
        "lr": 5e-06,
        "n_iter": 1000,
        "early_stop": 0
    },
    "prior_opt": {
        "n_iter": 2000,
        "lr": 5e-06,
        "noise_amp": 0.1,
        "weight_decay": 0.1,
        "early_stop": 0
    },
    "back_forth": {
        "n_back_forth": 7,
        "scheduler_step_size": 3,
        "scheduler_gamma": 0.5,
        "early_stop_fit": 0,
        "first_func_in_fit": "fit_feats"
    }
}


/home/daniel.z/ICML_PIECLAM_020425/experiments/../clamiter.py:577:::  
in fit,
first_func_in_fit='fit_feats'
second_function_name='fit_prior'


/home/daniel.z/ICML_PIECLAM_020425/experiments/../clamiter.py:637:::  
back and forth 1/7


/home/daniel.z/ICML_PIECLAM_020425/experiments/../clamiter.py:364:::  staring fit_feats for 1000 iterations


/home/daniel.z/ICML_PIECLAM_020425/experiments/../clamiter.py:364:::  staring fit_prior for 2000 iterations


/home/daniel.z/ICML_PIECLAM_020425/experiments/../clamiter.py:637:::  
back and forth 2/7


/home/daniel.z/ICML_PIECLAM_020425/experiments/../clamiter.py:364:::  staring fit_feats for 1000 iterations


/home/daniel.z/ICML_PIECLAM_020425/experiments/../clamiter.py:364:::  staring fit_prior for 2000 iterations


/home/daniel.z/ICML_PIECLAM_020425/experiments/../clamiter.py:637:::  
back and forth 3/7


/home/daniel.z/ICML_PIECLAM_020425/experiments/../clamiter.py:364:::  staring fit_feats for 1000 iterations


/home/daniel.z/ICML_PIECLAM_020425/experiments/../clamiter.py:364:::  staring fit_prior for 2000 iterations


/home/daniel.z/ICML_PIECLAM_020425/experiments/../clamiter.py:637:::  
back and forth 4/7


/home/daniel.z/ICML_PIECLAM_020425/experiments/../clamiter.py:364:::  staring fit_feats for 1000 iterations


/home/daniel.z/ICML_PIECLAM_020425/experiments/../clamiter.py:364:::  staring fit_prior for 2000 iterations


/home/daniel.z/ICML_PIECLAM_020425/experiments/../clamiter.py:637:::  
back and forth 5/7


/home/daniel.z/ICML_PIECLAM_020425/experiments/../clamiter.py:364:::  staring fit_feats for 1000 iterations


/home/daniel.z/ICML_PIECLAM_020425/experiments/../clamiter.py:364:::  staring fit_prior for 2000 iterations


/home/daniel.z/ICML_PIECLAM_020425/experiments/../clamiter.py:637:::  
back and forth 6/7


/home/daniel.z/ICML_PIECLAM_020425/experiments/../clamiter.py:364:::  staring fit_feats for 1000 iterations


/home/daniel.z/ICML_PIECLAM_020425/experiments/../clamiter.py:364:::  staring fit_prior for 2000 iterations


/home/daniel.z/ICML_PIECLAM_020425/experiments/../clamiter.py:637:::  
back and forth 7/7


/home/daniel.z/ICML_PIECLAM_020425/experiments/../clamiter.py:364:::  staring fit_feats for 1000 iterations


/home/daniel.z/ICML_PIECLAM_020425/experiments/../clamiter.py:364:::  staring fit_prior for 2000 iterations


/home/daniel.z/ICML_PIECLAM_020425/experiments/../clamiter.py:704:::  
fit end, no early stopping


/home/daniel.z/ICML_PIECLAM_020425/experiments/../trainer.py:419:::  
train_model_on_params on pieclam squirrel 
took 2451.2763051986694 seconds


/home/daniel.z/ICML_PIECLAM_020425/experiments/../trainer.py:437:::  


FINISHED train 
 last accuracies:
test
key='auc': 0.985876402415118
val
key='auc': 0.9860749172008552




/home/daniel.z/ICML_PIECLAM_020425/experiments/optimization_utils.py:648:::  Repetition no. 0


/home/daniel.z/ICML_PIECLAM_020425/experiments/../trainer.py:161:::  
Using dataset specific configuration and not global 




/home/daniel.z/ICML_PIECLAM_020425/experiments/../trainer.py:335:::  
 2025-05-23 01:10:33 starting optimization of pieclam on squirrel on device cuda

 configs_dict: 
{
    "clamiter_init": {
        "dim_feat": 200,
        "dim_attr": 100,
        "s_reg": 0.0,
        "l1_reg": 1,
        "T": 1,
        "hidden_dim": 64,
        "num_coupling_blocks": 32,
        "num_layers_mlp": 2
    },
    "feat_opt": {
        "lr": 5e-06,
        "n_iter": 3000,
        "early_stop": 0
    },
    "prior_opt": {
        "n_iter": 2000,
        "lr": 5e-06,
        "noise_amp": 0.1,
        "weight_decay": 0.1,
        "early_stop": 0
    },
    "back_forth": {
        "n_back_forth": 7,
        "scheduler_step_size": 3,
        "scheduler_gamma": 0.5,
        "early_stop_fit": 0,
        "first_func_in_fit": "fit_feats"
    }
}


/home/daniel.z/ICML_PIECLAM_020425/experiments/../clamiter.py:577:::  
in fit,
first_func_in_fit='fit_feats'
second_function_name='fit_prior'


/home/daniel.z/ICML_PIECLAM_020425/experiments/../clamiter.py:637:::  
back and forth 1/7


/home/daniel.z/ICML_PIECLAM_020425/experiments/../clamiter.py:364:::  staring fit_feats for 3000 iterations


/home/daniel.z/ICML_PIECLAM_020425/experiments/../clamiter.py:364:::  staring fit_prior for 2000 iterations


/home/daniel.z/ICML_PIECLAM_020425/experiments/../clamiter.py:637:::  
back and forth 2/7


/home/daniel.z/ICML_PIECLAM_020425/experiments/../clamiter.py:364:::  staring fit_feats for 3000 iterations


/home/daniel.z/ICML_PIECLAM_020425/experiments/../clamiter.py:364:::  staring fit_prior for 2000 iterations


/home/daniel.z/ICML_PIECLAM_020425/experiments/../clamiter.py:637:::  
back and forth 3/7


/home/daniel.z/ICML_PIECLAM_020425/experiments/../clamiter.py:364:::  staring fit_feats for 3000 iterations


/home/daniel.z/ICML_PIECLAM_020425/experiments/../clamiter.py:364:::  staring fit_prior for 2000 iterations


/home/daniel.z/ICML_PIECLAM_020425/experiments/../clamiter.py:637:::  
back and forth 4/7


/home/daniel.z/ICML_PIECLAM_020425/experiments/../clamiter.py:364:::  staring fit_feats for 3000 iterations


/home/daniel.z/ICML_PIECLAM_020425/experiments/../clamiter.py:364:::  staring fit_prior for 2000 iterations


/home/daniel.z/ICML_PIECLAM_020425/experiments/../clamiter.py:637:::  
back and forth 5/7


/home/daniel.z/ICML_PIECLAM_020425/experiments/../clamiter.py:364:::  staring fit_feats for 3000 iterations


/home/daniel.z/ICML_PIECLAM_020425/experiments/../clamiter.py:364:::  staring fit_prior for 2000 iterations


/home/daniel.z/ICML_PIECLAM_020425/experiments/../clamiter.py:637:::  
back and forth 6/7


/home/daniel.z/ICML_PIECLAM_020425/experiments/../clamiter.py:364:::  staring fit_feats for 3000 iterations


/home/daniel.z/ICML_PIECLAM_020425/experiments/../clamiter.py:364:::  staring fit_prior for 2000 iterations


/home/daniel.z/ICML_PIECLAM_020425/experiments/../clamiter.py:637:::  
back and forth 7/7


/home/daniel.z/ICML_PIECLAM_020425/experiments/../clamiter.py:364:::  staring fit_feats for 3000 iterations


/home/daniel.z/ICML_PIECLAM_020425/experiments/../clamiter.py:364:::  staring fit_prior for 2000 iterations


/home/daniel.z/ICML_PIECLAM_020425/experiments/../clamiter.py:704:::  
fit end, no early stopping


/home/daniel.z/ICML_PIECLAM_020425/experiments/../trainer.py:419:::  
train_model_on_params on pieclam squirrel 
took 5564.171216726303 seconds


/home/daniel.z/ICML_PIECLAM_020425/experiments/../trainer.py:437:::  


FINISHED train 
 last accuracies:
test
key='auc': 0.9884340623453676
val
key='auc': 0.9881161307993223




/home/daniel.z/ICML_PIECLAM_020425/experiments/optimization_utils.py:648:::  Repetition no. 0


/home/daniel.z/ICML_PIECLAM_020425/experiments/../trainer.py:161:::  
Using dataset specific configuration and not global 




/home/daniel.z/ICML_PIECLAM_020425/experiments/../trainer.py:335:::  
 2025-05-23 02:43:19 starting optimization of pieclam on squirrel on device cuda

 configs_dict: 
{
    "clamiter_init": {
        "dim_feat": 200,
        "dim_attr": 100,
        "s_reg": 0.1,
        "l1_reg": 1,
        "T": 1,
        "hidden_dim": 64,
        "num_coupling_blocks": 32,
        "num_layers_mlp": 2
    },
    "feat_opt": {
        "lr": 5e-07,
        "n_iter": 3000,
        "early_stop": 0
    },
    "prior_opt": {
        "n_iter": 2000,
        "lr": 5e-06,
        "noise_amp": 0.1,
        "weight_decay": 0.1,
        "early_stop": 0
    },
    "back_forth": {
        "n_back_forth": 7,
        "scheduler_step_size": 3,
        "scheduler_gamma": 0.5,
        "early_stop_fit": 0,
        "first_func_in_fit": "fit_feats"
    }
}


/home/daniel.z/ICML_PIECLAM_020425/experiments/../clamiter.py:577:::  
in fit,
first_func_in_fit='fit_feats'
second_function_name='fit_prior'


/home/daniel.z/ICML_PIECLAM_020425/experiments/../clamiter.py:637:::  
back and forth 1/7


/home/daniel.z/ICML_PIECLAM_020425/experiments/../clamiter.py:364:::  staring fit_feats for 3000 iterations


/home/daniel.z/ICML_PIECLAM_020425/experiments/../clamiter.py:364:::  staring fit_prior for 2000 iterations


/home/daniel.z/ICML_PIECLAM_020425/experiments/../clamiter.py:637:::  
back and forth 2/7


/home/daniel.z/ICML_PIECLAM_020425/experiments/../clamiter.py:364:::  staring fit_feats for 3000 iterations


/home/daniel.z/ICML_PIECLAM_020425/experiments/../clamiter.py:364:::  staring fit_prior for 2000 iterations


/home/daniel.z/ICML_PIECLAM_020425/experiments/../clamiter.py:637:::  
back and forth 3/7


/home/daniel.z/ICML_PIECLAM_020425/experiments/../clamiter.py:364:::  staring fit_feats for 3000 iterations


/home/daniel.z/ICML_PIECLAM_020425/experiments/../clamiter.py:364:::  staring fit_prior for 2000 iterations


/home/daniel.z/ICML_PIECLAM_020425/experiments/../clamiter.py:637:::  
back and forth 4/7


/home/daniel.z/ICML_PIECLAM_020425/experiments/../clamiter.py:364:::  staring fit_feats for 3000 iterations


/home/daniel.z/ICML_PIECLAM_020425/experiments/../clamiter.py:364:::  staring fit_prior for 2000 iterations


/home/daniel.z/ICML_PIECLAM_020425/experiments/../clamiter.py:637:::  
back and forth 5/7


/home/daniel.z/ICML_PIECLAM_020425/experiments/../clamiter.py:364:::  staring fit_feats for 3000 iterations


/home/daniel.z/ICML_PIECLAM_020425/experiments/../clamiter.py:364:::  staring fit_prior for 2000 iterations


/home/daniel.z/ICML_PIECLAM_020425/experiments/../clamiter.py:637:::  
back and forth 6/7


/home/daniel.z/ICML_PIECLAM_020425/experiments/../clamiter.py:364:::  staring fit_feats for 3000 iterations


/home/daniel.z/ICML_PIECLAM_020425/experiments/../clamiter.py:364:::  staring fit_prior for 2000 iterations


/home/daniel.z/ICML_PIECLAM_020425/experiments/../clamiter.py:637:::  
back and forth 7/7


/home/daniel.z/ICML_PIECLAM_020425/experiments/../clamiter.py:364:::  staring fit_feats for 3000 iterations


/home/daniel.z/ICML_PIECLAM_020425/experiments/../clamiter.py:364:::  staring fit_prior for 2000 iterations


/home/daniel.z/ICML_PIECLAM_020425/experiments/../clamiter.py:704:::  
fit end, no early stopping


/home/daniel.z/ICML_PIECLAM_020425/experiments/../trainer.py:419:::  
train_model_on_params on pieclam squirrel 
took 5660.231074810028 seconds


/home/daniel.z/ICML_PIECLAM_020425/experiments/../trainer.py:437:::  


FINISHED train 
 last accuracies:
test
key='auc': 0.979940015072727
val
key='auc': 0.9796665826602409




/home/daniel.z/ICML_PIECLAM_020425/experiments/optimization_utils.py:648:::  Repetition no. 0


/home/daniel.z/ICML_PIECLAM_020425/experiments/../trainer.py:161:::  
Using dataset specific configuration and not global 




/home/daniel.z/ICML_PIECLAM_020425/experiments/../trainer.py:335:::  
 2025-05-23 04:17:40 starting optimization of pieclam on squirrel on device cuda

 configs_dict: 
{
    "clamiter_init": {
        "dim_feat": 100,
        "dim_attr": 100,
        "s_reg": 0.0,
        "l1_reg": 1,
        "T": 1,
        "hidden_dim": 64,
        "num_coupling_blocks": 32,
        "num_layers_mlp": 2
    },
    "feat_opt": {
        "lr": 5e-06,
        "n_iter": 500,
        "early_stop": 0
    },
    "prior_opt": {
        "n_iter": 2000,
        "lr": 5e-06,
        "noise_amp": 0.1,
        "weight_decay": 0.1,
        "early_stop": 0
    },
    "back_forth": {
        "n_back_forth": 7,
        "scheduler_step_size": 3,
        "scheduler_gamma": 0.5,
        "early_stop_fit": 0,
        "first_func_in_fit": "fit_feats"
    }
}


/home/daniel.z/ICML_PIECLAM_020425/experiments/../clamiter.py:577:::  
in fit,
first_func_in_fit='fit_feats'
second_function_name='fit_prior'


/home/daniel.z/ICML_PIECLAM_020425/experiments/../clamiter.py:637:::  
back and forth 1/7


/home/daniel.z/ICML_PIECLAM_020425/experiments/../clamiter.py:364:::  staring fit_feats for 500 iterations


/home/daniel.z/ICML_PIECLAM_020425/experiments/../clamiter.py:364:::  staring fit_prior for 2000 iterations


/home/daniel.z/ICML_PIECLAM_020425/experiments/../clamiter.py:637:::  
back and forth 2/7


/home/daniel.z/ICML_PIECLAM_020425/experiments/../clamiter.py:364:::  staring fit_feats for 500 iterations


/home/daniel.z/ICML_PIECLAM_020425/experiments/../clamiter.py:364:::  staring fit_prior for 2000 iterations


/home/daniel.z/ICML_PIECLAM_020425/experiments/../clamiter.py:637:::  
back and forth 3/7


/home/daniel.z/ICML_PIECLAM_020425/experiments/../clamiter.py:364:::  staring fit_feats for 500 iterations


/home/daniel.z/ICML_PIECLAM_020425/experiments/../clamiter.py:364:::  staring fit_prior for 2000 iterations


/home/daniel.z/ICML_PIECLAM_020425/experiments/../clamiter.py:637:::  
back and forth 4/7


/home/daniel.z/ICML_PIECLAM_020425/experiments/../clamiter.py:364:::  staring fit_feats for 500 iterations


/home/daniel.z/ICML_PIECLAM_020425/experiments/../clamiter.py:364:::  staring fit_prior for 2000 iterations


/home/daniel.z/ICML_PIECLAM_020425/experiments/../clamiter.py:637:::  
back and forth 5/7


/home/daniel.z/ICML_PIECLAM_020425/experiments/../clamiter.py:364:::  staring fit_feats for 500 iterations


/home/daniel.z/ICML_PIECLAM_020425/experiments/../clamiter.py:364:::  staring fit_prior for 2000 iterations


/home/daniel.z/ICML_PIECLAM_020425/experiments/../clamiter.py:637:::  
back and forth 6/7


/home/daniel.z/ICML_PIECLAM_020425/experiments/../clamiter.py:364:::  staring fit_feats for 500 iterations


/home/daniel.z/ICML_PIECLAM_020425/experiments/../clamiter.py:364:::  staring fit_prior for 2000 iterations


/home/daniel.z/ICML_PIECLAM_020425/experiments/../clamiter.py:637:::  
back and forth 7/7


/home/daniel.z/ICML_PIECLAM_020425/experiments/../clamiter.py:364:::  staring fit_feats for 500 iterations


/home/daniel.z/ICML_PIECLAM_020425/experiments/../clamiter.py:364:::  staring fit_prior for 2000 iterations


/home/daniel.z/ICML_PIECLAM_020425/experiments/../clamiter.py:704:::  
fit end, no early stopping


/home/daniel.z/ICML_PIECLAM_020425/experiments/../trainer.py:419:::  
train_model_on_params on pieclam squirrel 
took 1985.1217019557953 seconds


/home/daniel.z/ICML_PIECLAM_020425/experiments/../trainer.py:437:::  


FINISHED train 
 last accuracies:
test
key='auc': 0.9845312540013047
val
key='auc': 0.9848942821964639




/home/daniel.z/ICML_PIECLAM_020425/experiments/optimization_utils.py:648:::  Repetition no. 0


/home/daniel.z/ICML_PIECLAM_020425/experiments/../trainer.py:161:::  
Using dataset specific configuration and not global 




/home/daniel.z/ICML_PIECLAM_020425/experiments/../trainer.py:335:::  
 2025-05-23 04:50:46 starting optimization of pieclam on squirrel on device cuda

 configs_dict: 
{
    "clamiter_init": {
        "dim_feat": 100,
        "dim_attr": 100,
        "s_reg": 0.1,
        "l1_reg": 1,
        "T": 1,
        "hidden_dim": 64,
        "num_coupling_blocks": 32,
        "num_layers_mlp": 2
    },
    "feat_opt": {
        "lr": 5e-06,
        "n_iter": 500,
        "early_stop": 0
    },
    "prior_opt": {
        "n_iter": 2000,
        "lr": 5e-06,
        "noise_amp": 0.1,
        "weight_decay": 0.1,
        "early_stop": 0
    },
    "back_forth": {
        "n_back_forth": 7,
        "scheduler_step_size": 3,
        "scheduler_gamma": 0.5,
        "early_stop_fit": 0,
        "first_func_in_fit": "fit_feats"
    }
}


/home/daniel.z/ICML_PIECLAM_020425/experiments/../clamiter.py:577:::  
in fit,
first_func_in_fit='fit_feats'
second_function_name='fit_prior'


/home/daniel.z/ICML_PIECLAM_020425/experiments/../clamiter.py:637:::  
back and forth 1/7


/home/daniel.z/ICML_PIECLAM_020425/experiments/../clamiter.py:364:::  staring fit_feats for 500 iterations


/home/daniel.z/ICML_PIECLAM_020425/experiments/../clamiter.py:364:::  staring fit_prior for 2000 iterations


/home/daniel.z/ICML_PIECLAM_020425/experiments/../clamiter.py:637:::  
back and forth 2/7


/home/daniel.z/ICML_PIECLAM_020425/experiments/../clamiter.py:364:::  staring fit_feats for 500 iterations


/home/daniel.z/ICML_PIECLAM_020425/experiments/../clamiter.py:364:::  staring fit_prior for 2000 iterations


/home/daniel.z/ICML_PIECLAM_020425/experiments/../clamiter.py:637:::  
back and forth 3/7


/home/daniel.z/ICML_PIECLAM_020425/experiments/../clamiter.py:364:::  staring fit_feats for 500 iterations


/home/daniel.z/ICML_PIECLAM_020425/experiments/../clamiter.py:364:::  staring fit_prior for 2000 iterations


/home/daniel.z/ICML_PIECLAM_020425/experiments/../clamiter.py:637:::  
back and forth 4/7


/home/daniel.z/ICML_PIECLAM_020425/experiments/../clamiter.py:364:::  staring fit_feats for 500 iterations


/home/daniel.z/ICML_PIECLAM_020425/experiments/../clamiter.py:364:::  staring fit_prior for 2000 iterations


/home/daniel.z/ICML_PIECLAM_020425/experiments/../clamiter.py:637:::  
back and forth 5/7


/home/daniel.z/ICML_PIECLAM_020425/experiments/../clamiter.py:364:::  staring fit_feats for 500 iterations


/home/daniel.z/ICML_PIECLAM_020425/experiments/../clamiter.py:364:::  staring fit_prior for 2000 iterations


/home/daniel.z/ICML_PIECLAM_020425/experiments/../clamiter.py:637:::  
back and forth 6/7


/home/daniel.z/ICML_PIECLAM_020425/experiments/../clamiter.py:364:::  staring fit_feats for 500 iterations


/home/daniel.z/ICML_PIECLAM_020425/experiments/../clamiter.py:364:::  staring fit_prior for 2000 iterations


/home/daniel.z/ICML_PIECLAM_020425/experiments/../clamiter.py:637:::  
back and forth 7/7


/home/daniel.z/ICML_PIECLAM_020425/experiments/../clamiter.py:364:::  staring fit_feats for 500 iterations


/home/daniel.z/ICML_PIECLAM_020425/experiments/../clamiter.py:364:::  staring fit_prior for 2000 iterations


/home/daniel.z/ICML_PIECLAM_020425/experiments/../clamiter.py:704:::  
fit end, no early stopping


/home/daniel.z/ICML_PIECLAM_020425/experiments/../trainer.py:419:::  
train_model_on_params on pieclam squirrel 
took 2013.2654571533203 seconds


/home/daniel.z/ICML_PIECLAM_020425/experiments/../trainer.py:437:::  


FINISHED train 
 last accuracies:
test
key='auc': 0.9856863310333055
val
key='auc': 0.9858049919289393




/home/daniel.z/ICML_PIECLAM_020425/experiments/optimization_utils.py:722:::  

Finished CrossVal!




/home/daniel.z/ICML_PIECLAM_020425/experiments/optimization_utils.py:511:::  on test set /home/daniel.z/ICML_PIECLAM_020425/experiments/results/link_prediction/auc/squirrel/pieclam, split_22-52_02-05-25


/home/daniel.z/ICML_PIECLAM_020425/experiments/optimization_utils.py:626:::  RunSaver defined to acc_configs path /home/daniel.z/ICML_PIECLAM_020425/experiments/results/link_prediction/auc/squirrel/pieclam/split_22-52_02-05-25/valid/acc_configs05-24_23-05-25.json


/home/daniel.z/ICML_PIECLAM_020425/experiments/optimization_utils.py:648:::  Repetition no. 0


/home/daniel.z/ICML_PIECLAM_020425/experiments/../trainer.py:161:::  
Using dataset specific configuration and not global 




/home/daniel.z/ICML_PIECLAM_020425/experiments/../trainer.py:335:::  
 2025-05-23 05:24:22 starting optimization of pieclam on squirrel on device cuda

 configs_dict: 
{
    "clamiter_init": {
        "dim_feat": 100,
        "dim_attr": 100,
        "s_reg": 0.0,
        "l1_reg": 1,
        "T": 1,
        "hidden_dim": 64,
        "num_coupling_blocks": 32,
        "num_layers_mlp": 2
    },
    "feat_opt": {
        "lr": 5e-07,
        "n_iter": 1000,
        "early_stop": 0
    },
    "prior_opt": {
        "n_iter": 2000,
        "lr": 5e-06,
        "noise_amp": 0.1,
        "weight_decay": 0.1,
        "early_stop": 0
    },
    "back_forth": {
        "n_back_forth": 7,
        "scheduler_step_size": 3,
        "scheduler_gamma": 0.5,
        "early_stop_fit": 0,
        "first_func_in_fit": "fit_feats"
    }
}


/home/daniel.z/ICML_PIECLAM_020425/experiments/../clamiter.py:577:::  
in fit,
first_func_in_fit='fit_feats'
second_function_name='fit_prior'


/home/daniel.z/ICML_PIECLAM_020425/experiments/../clamiter.py:637:::  
back and forth 1/7


/home/daniel.z/ICML_PIECLAM_020425/experiments/../clamiter.py:364:::  staring fit_feats for 1000 iterations


/home/daniel.z/ICML_PIECLAM_020425/experiments/../clamiter.py:364:::  staring fit_prior for 2000 iterations


/home/daniel.z/ICML_PIECLAM_020425/experiments/../clamiter.py:637:::  
back and forth 2/7


/home/daniel.z/ICML_PIECLAM_020425/experiments/../clamiter.py:364:::  staring fit_feats for 1000 iterations


/home/daniel.z/ICML_PIECLAM_020425/experiments/../clamiter.py:364:::  staring fit_prior for 2000 iterations


/home/daniel.z/ICML_PIECLAM_020425/experiments/../clamiter.py:637:::  
back and forth 3/7


/home/daniel.z/ICML_PIECLAM_020425/experiments/../clamiter.py:364:::  staring fit_feats for 1000 iterations


/home/daniel.z/ICML_PIECLAM_020425/experiments/../clamiter.py:364:::  staring fit_prior for 2000 iterations


/home/daniel.z/ICML_PIECLAM_020425/experiments/../clamiter.py:637:::  
back and forth 4/7


/home/daniel.z/ICML_PIECLAM_020425/experiments/../clamiter.py:364:::  staring fit_feats for 1000 iterations


/home/daniel.z/ICML_PIECLAM_020425/experiments/../clamiter.py:364:::  staring fit_prior for 2000 iterations


/home/daniel.z/ICML_PIECLAM_020425/experiments/../clamiter.py:637:::  
back and forth 5/7


/home/daniel.z/ICML_PIECLAM_020425/experiments/../clamiter.py:364:::  staring fit_feats for 1000 iterations


/home/daniel.z/ICML_PIECLAM_020425/experiments/../clamiter.py:364:::  staring fit_prior for 2000 iterations


/home/daniel.z/ICML_PIECLAM_020425/experiments/../clamiter.py:637:::  
back and forth 6/7


/home/daniel.z/ICML_PIECLAM_020425/experiments/../clamiter.py:364:::  staring fit_feats for 1000 iterations


/home/daniel.z/ICML_PIECLAM_020425/experiments/../clamiter.py:364:::  staring fit_prior for 2000 iterations


/home/daniel.z/ICML_PIECLAM_020425/experiments/../clamiter.py:637:::  
back and forth 7/7


/home/daniel.z/ICML_PIECLAM_020425/experiments/../clamiter.py:364:::  staring fit_feats for 1000 iterations


/home/daniel.z/ICML_PIECLAM_020425/experiments/../clamiter.py:364:::  staring fit_prior for 2000 iterations


/home/daniel.z/ICML_PIECLAM_020425/experiments/../clamiter.py:704:::  
fit end, no early stopping


/home/daniel.z/ICML_PIECLAM_020425/experiments/../trainer.py:419:::  
train_model_on_params on pieclam squirrel 
took 2596.655577659607 seconds


/home/daniel.z/ICML_PIECLAM_020425/experiments/../trainer.py:437:::  


FINISHED train 
 last accuracies:
test
key='auc': 0.9431190622367018
val
key='auc': 0.9415640654496367




/home/daniel.z/ICML_PIECLAM_020425/experiments/optimization_utils.py:648:::  Repetition no. 0


/home/daniel.z/ICML_PIECLAM_020425/experiments/../trainer.py:161:::  
Using dataset specific configuration and not global 




/home/daniel.z/ICML_PIECLAM_020425/experiments/../trainer.py:335:::  
 2025-05-23 06:07:40 starting optimization of pieclam on squirrel on device cuda

 configs_dict: 
{
    "clamiter_init": {
        "dim_feat": 200,
        "dim_attr": 100,
        "s_reg": 0.0,
        "l1_reg": 1,
        "T": 1,
        "hidden_dim": 64,
        "num_coupling_blocks": 32,
        "num_layers_mlp": 2
    },
    "feat_opt": {
        "lr": 5e-06,
        "n_iter": 500,
        "early_stop": 0
    },
    "prior_opt": {
        "n_iter": 2000,
        "lr": 5e-06,
        "noise_amp": 0.1,
        "weight_decay": 0.1,
        "early_stop": 0
    },
    "back_forth": {
        "n_back_forth": 7,
        "scheduler_step_size": 3,
        "scheduler_gamma": 0.5,
        "early_stop_fit": 0,
        "first_func_in_fit": "fit_feats"
    }
}


/home/daniel.z/ICML_PIECLAM_020425/experiments/../clamiter.py:577:::  
in fit,
first_func_in_fit='fit_feats'
second_function_name='fit_prior'


/home/daniel.z/ICML_PIECLAM_020425/experiments/../clamiter.py:637:::  
back and forth 1/7


/home/daniel.z/ICML_PIECLAM_020425/experiments/../clamiter.py:364:::  staring fit_feats for 500 iterations


/home/daniel.z/ICML_PIECLAM_020425/experiments/../clamiter.py:364:::  staring fit_prior for 2000 iterations


/home/daniel.z/ICML_PIECLAM_020425/experiments/../clamiter.py:637:::  
back and forth 2/7


/home/daniel.z/ICML_PIECLAM_020425/experiments/../clamiter.py:364:::  staring fit_feats for 500 iterations


/home/daniel.z/ICML_PIECLAM_020425/experiments/../clamiter.py:364:::  staring fit_prior for 2000 iterations


/home/daniel.z/ICML_PIECLAM_020425/experiments/../clamiter.py:637:::  
back and forth 3/7


/home/daniel.z/ICML_PIECLAM_020425/experiments/../clamiter.py:364:::  staring fit_feats for 500 iterations


/home/daniel.z/ICML_PIECLAM_020425/experiments/../clamiter.py:364:::  staring fit_prior for 2000 iterations


/home/daniel.z/ICML_PIECLAM_020425/experiments/../clamiter.py:637:::  
back and forth 4/7


/home/daniel.z/ICML_PIECLAM_020425/experiments/../clamiter.py:364:::  staring fit_feats for 500 iterations


/home/daniel.z/ICML_PIECLAM_020425/experiments/../clamiter.py:364:::  staring fit_prior for 2000 iterations


/home/daniel.z/ICML_PIECLAM_020425/experiments/../clamiter.py:637:::  
back and forth 5/7


/home/daniel.z/ICML_PIECLAM_020425/experiments/../clamiter.py:364:::  staring fit_feats for 500 iterations


/home/daniel.z/ICML_PIECLAM_020425/experiments/../clamiter.py:364:::  staring fit_prior for 2000 iterations


/home/daniel.z/ICML_PIECLAM_020425/experiments/../clamiter.py:637:::  
back and forth 6/7


/home/daniel.z/ICML_PIECLAM_020425/experiments/../clamiter.py:364:::  staring fit_feats for 500 iterations


/home/daniel.z/ICML_PIECLAM_020425/experiments/../clamiter.py:364:::  staring fit_prior for 2000 iterations


/home/daniel.z/ICML_PIECLAM_020425/experiments/../clamiter.py:637:::  
back and forth 7/7


/home/daniel.z/ICML_PIECLAM_020425/experiments/../clamiter.py:364:::  staring fit_feats for 500 iterations


/home/daniel.z/ICML_PIECLAM_020425/experiments/../clamiter.py:364:::  staring fit_prior for 2000 iterations


/home/daniel.z/ICML_PIECLAM_020425/experiments/../clamiter.py:704:::  
fit end, no early stopping


/home/daniel.z/ICML_PIECLAM_020425/experiments/../trainer.py:419:::  
train_model_on_params on pieclam squirrel 
took 2098.7270646095276 seconds


/home/daniel.z/ICML_PIECLAM_020425/experiments/../trainer.py:437:::  


FINISHED train 
 last accuracies:
test
key='auc': 0.9857122143422807
val
key='auc': 0.9855981075233466




/home/daniel.z/ICML_PIECLAM_020425/experiments/optimization_utils.py:648:::  Repetition no. 0


/home/daniel.z/ICML_PIECLAM_020425/experiments/../trainer.py:161:::  
Using dataset specific configuration and not global 




/home/daniel.z/ICML_PIECLAM_020425/experiments/../trainer.py:335:::  
 2025-05-23 06:42:39 starting optimization of pieclam on squirrel on device cuda

 configs_dict: 
{
    "clamiter_init": {
        "dim_feat": 50,
        "dim_attr": 100,
        "s_reg": 0.0,
        "l1_reg": 1,
        "T": 1,
        "hidden_dim": 64,
        "num_coupling_blocks": 32,
        "num_layers_mlp": 2
    },
    "feat_opt": {
        "lr": 5e-07,
        "n_iter": 3000,
        "early_stop": 0
    },
    "prior_opt": {
        "n_iter": 2000,
        "lr": 5e-06,
        "noise_amp": 0.1,
        "weight_decay": 0.1,
        "early_stop": 0
    },
    "back_forth": {
        "n_back_forth": 7,
        "scheduler_step_size": 3,
        "scheduler_gamma": 0.5,
        "early_stop_fit": 0,
        "first_func_in_fit": "fit_feats"
    }
}


/home/daniel.z/ICML_PIECLAM_020425/experiments/../clamiter.py:577:::  
in fit,
first_func_in_fit='fit_feats'
second_function_name='fit_prior'


/home/daniel.z/ICML_PIECLAM_020425/experiments/../clamiter.py:637:::  
back and forth 1/7


/home/daniel.z/ICML_PIECLAM_020425/experiments/../clamiter.py:364:::  staring fit_feats for 3000 iterations


/home/daniel.z/ICML_PIECLAM_020425/experiments/../clamiter.py:364:::  staring fit_prior for 2000 iterations


/home/daniel.z/ICML_PIECLAM_020425/experiments/../clamiter.py:637:::  
back and forth 2/7


/home/daniel.z/ICML_PIECLAM_020425/experiments/../clamiter.py:364:::  staring fit_feats for 3000 iterations


/home/daniel.z/ICML_PIECLAM_020425/experiments/../clamiter.py:364:::  staring fit_prior for 2000 iterations


/home/daniel.z/ICML_PIECLAM_020425/experiments/../clamiter.py:637:::  
back and forth 3/7


/home/daniel.z/ICML_PIECLAM_020425/experiments/../clamiter.py:364:::  staring fit_feats for 3000 iterations


/home/daniel.z/ICML_PIECLAM_020425/experiments/../clamiter.py:364:::  staring fit_prior for 2000 iterations


/home/daniel.z/ICML_PIECLAM_020425/experiments/../clamiter.py:637:::  
back and forth 4/7


/home/daniel.z/ICML_PIECLAM_020425/experiments/../clamiter.py:364:::  staring fit_feats for 3000 iterations


/home/daniel.z/ICML_PIECLAM_020425/experiments/../clamiter.py:364:::  staring fit_prior for 2000 iterations


/home/daniel.z/ICML_PIECLAM_020425/experiments/../clamiter.py:637:::  
back and forth 5/7


/home/daniel.z/ICML_PIECLAM_020425/experiments/../clamiter.py:364:::  staring fit_feats for 3000 iterations


/home/daniel.z/ICML_PIECLAM_020425/experiments/../clamiter.py:364:::  staring fit_prior for 2000 iterations


/home/daniel.z/ICML_PIECLAM_020425/experiments/../clamiter.py:637:::  
back and forth 6/7


/home/daniel.z/ICML_PIECLAM_020425/experiments/../clamiter.py:364:::  staring fit_feats for 3000 iterations


/home/daniel.z/ICML_PIECLAM_020425/experiments/../clamiter.py:364:::  staring fit_prior for 2000 iterations


/home/daniel.z/ICML_PIECLAM_020425/experiments/../clamiter.py:637:::  
back and forth 7/7


/home/daniel.z/ICML_PIECLAM_020425/experiments/../clamiter.py:364:::  staring fit_feats for 3000 iterations


/home/daniel.z/ICML_PIECLAM_020425/experiments/../clamiter.py:364:::  staring fit_prior for 2000 iterations


/home/daniel.z/ICML_PIECLAM_020425/experiments/../clamiter.py:704:::  
fit end, no early stopping


/home/daniel.z/ICML_PIECLAM_020425/experiments/../trainer.py:419:::  
train_model_on_params on pieclam squirrel 
took 4593.213271379471 seconds


/home/daniel.z/ICML_PIECLAM_020425/experiments/../trainer.py:437:::  


FINISHED train 
 last accuracies:
test
key='auc': 0.9781339951648136
val
key='auc': 0.9784011148802274




/home/daniel.z/ICML_PIECLAM_020425/experiments/optimization_utils.py:648:::  Repetition no. 0


/home/daniel.z/ICML_PIECLAM_020425/experiments/../trainer.py:161:::  
Using dataset specific configuration and not global 




/home/daniel.z/ICML_PIECLAM_020425/experiments/../trainer.py:335:::  
 2025-05-23 07:59:13 starting optimization of pieclam on squirrel on device cuda

 configs_dict: 
{
    "clamiter_init": {
        "dim_feat": 100,
        "dim_attr": 100,
        "s_reg": 0.1,
        "l1_reg": 1,
        "T": 1,
        "hidden_dim": 64,
        "num_coupling_blocks": 32,
        "num_layers_mlp": 2
    },
    "feat_opt": {
        "lr": 5e-07,
        "n_iter": 1000,
        "early_stop": 0
    },
    "prior_opt": {
        "n_iter": 2000,
        "lr": 5e-06,
        "noise_amp": 0.1,
        "weight_decay": 0.1,
        "early_stop": 0
    },
    "back_forth": {
        "n_back_forth": 7,
        "scheduler_step_size": 3,
        "scheduler_gamma": 0.5,
        "early_stop_fit": 0,
        "first_func_in_fit": "fit_feats"
    }
}


/home/daniel.z/ICML_PIECLAM_020425/experiments/../clamiter.py:577:::  
in fit,
first_func_in_fit='fit_feats'
second_function_name='fit_prior'


/home/daniel.z/ICML_PIECLAM_020425/experiments/../clamiter.py:637:::  
back and forth 1/7


/home/daniel.z/ICML_PIECLAM_020425/experiments/../clamiter.py:364:::  staring fit_feats for 1000 iterations


/home/daniel.z/ICML_PIECLAM_020425/experiments/../clamiter.py:364:::  staring fit_prior for 2000 iterations


/home/daniel.z/ICML_PIECLAM_020425/experiments/../clamiter.py:637:::  
back and forth 2/7


/home/daniel.z/ICML_PIECLAM_020425/experiments/../clamiter.py:364:::  staring fit_feats for 1000 iterations


/home/daniel.z/ICML_PIECLAM_020425/experiments/../clamiter.py:364:::  staring fit_prior for 2000 iterations


/home/daniel.z/ICML_PIECLAM_020425/experiments/../clamiter.py:637:::  
back and forth 3/7


/home/daniel.z/ICML_PIECLAM_020425/experiments/../clamiter.py:364:::  staring fit_feats for 1000 iterations


/home/daniel.z/ICML_PIECLAM_020425/experiments/../clamiter.py:364:::  staring fit_prior for 2000 iterations


/home/daniel.z/ICML_PIECLAM_020425/experiments/../clamiter.py:637:::  
back and forth 4/7


/home/daniel.z/ICML_PIECLAM_020425/experiments/../clamiter.py:364:::  staring fit_feats for 1000 iterations


/home/daniel.z/ICML_PIECLAM_020425/experiments/../clamiter.py:364:::  staring fit_prior for 2000 iterations


/home/daniel.z/ICML_PIECLAM_020425/experiments/../clamiter.py:637:::  
back and forth 5/7


/home/daniel.z/ICML_PIECLAM_020425/experiments/../clamiter.py:364:::  staring fit_feats for 1000 iterations


/home/daniel.z/ICML_PIECLAM_020425/experiments/../clamiter.py:364:::  staring fit_prior for 2000 iterations


/home/daniel.z/ICML_PIECLAM_020425/experiments/../clamiter.py:637:::  
back and forth 6/7


/home/daniel.z/ICML_PIECLAM_020425/experiments/../clamiter.py:364:::  staring fit_feats for 1000 iterations


/home/daniel.z/ICML_PIECLAM_020425/experiments/../clamiter.py:364:::  staring fit_prior for 2000 iterations


/home/daniel.z/ICML_PIECLAM_020425/experiments/../clamiter.py:637:::  
back and forth 7/7


/home/daniel.z/ICML_PIECLAM_020425/experiments/../clamiter.py:364:::  staring fit_feats for 1000 iterations


/home/daniel.z/ICML_PIECLAM_020425/experiments/../clamiter.py:364:::  staring fit_prior for 2000 iterations


/home/daniel.z/ICML_PIECLAM_020425/experiments/../clamiter.py:704:::  
fit end, no early stopping


/home/daniel.z/ICML_PIECLAM_020425/experiments/../trainer.py:419:::  
train_model_on_params on pieclam squirrel 
took 2613.78568482399 seconds


/home/daniel.z/ICML_PIECLAM_020425/experiments/../trainer.py:437:::  


FINISHED train 
 last accuracies:
test
key='auc': 0.9442800665766375
val
key='auc': 0.9453359096072462




/home/daniel.z/ICML_PIECLAM_020425/experiments/optimization_utils.py:648:::  Repetition no. 0


/home/daniel.z/ICML_PIECLAM_020425/experiments/../trainer.py:161:::  
Using dataset specific configuration and not global 




/home/daniel.z/ICML_PIECLAM_020425/experiments/../trainer.py:335:::  
 2025-05-23 08:42:48 starting optimization of pieclam on squirrel on device cuda

 configs_dict: 
{
    "clamiter_init": {
        "dim_feat": 200,
        "dim_attr": 100,
        "s_reg": 0.1,
        "l1_reg": 1,
        "T": 1,
        "hidden_dim": 64,
        "num_coupling_blocks": 32,
        "num_layers_mlp": 2
    },
    "feat_opt": {
        "lr": 5e-06,
        "n_iter": 1000,
        "early_stop": 0
    },
    "prior_opt": {
        "n_iter": 2000,
        "lr": 5e-06,
        "noise_amp": 0.1,
        "weight_decay": 0.1,
        "early_stop": 0
    },
    "back_forth": {
        "n_back_forth": 7,
        "scheduler_step_size": 3,
        "scheduler_gamma": 0.5,
        "early_stop_fit": 0,
        "first_func_in_fit": "fit_feats"
    }
}


/home/daniel.z/ICML_PIECLAM_020425/experiments/../clamiter.py:577:::  
in fit,
first_func_in_fit='fit_feats'
second_function_name='fit_prior'


/home/daniel.z/ICML_PIECLAM_020425/experiments/../clamiter.py:637:::  
back and forth 1/7


/home/daniel.z/ICML_PIECLAM_020425/experiments/../clamiter.py:364:::  staring fit_feats for 1000 iterations


/home/daniel.z/ICML_PIECLAM_020425/experiments/../clamiter.py:364:::  staring fit_prior for 2000 iterations


/home/daniel.z/ICML_PIECLAM_020425/experiments/../clamiter.py:637:::  
back and forth 2/7


/home/daniel.z/ICML_PIECLAM_020425/experiments/../clamiter.py:364:::  staring fit_feats for 1000 iterations


/home/daniel.z/ICML_PIECLAM_020425/experiments/../clamiter.py:364:::  staring fit_prior for 2000 iterations


/home/daniel.z/ICML_PIECLAM_020425/experiments/../clamiter.py:637:::  
back and forth 3/7


/home/daniel.z/ICML_PIECLAM_020425/experiments/../clamiter.py:364:::  staring fit_feats for 1000 iterations


/home/daniel.z/ICML_PIECLAM_020425/experiments/../clamiter.py:364:::  staring fit_prior for 2000 iterations


/home/daniel.z/ICML_PIECLAM_020425/experiments/../clamiter.py:637:::  
back and forth 4/7


/home/daniel.z/ICML_PIECLAM_020425/experiments/../clamiter.py:364:::  staring fit_feats for 1000 iterations


/home/daniel.z/ICML_PIECLAM_020425/experiments/../clamiter.py:364:::  staring fit_prior for 2000 iterations


/home/daniel.z/ICML_PIECLAM_020425/experiments/../clamiter.py:637:::  
back and forth 5/7


/home/daniel.z/ICML_PIECLAM_020425/experiments/../clamiter.py:364:::  staring fit_feats for 1000 iterations


/home/daniel.z/ICML_PIECLAM_020425/experiments/../clamiter.py:364:::  staring fit_prior for 2000 iterations


/home/daniel.z/ICML_PIECLAM_020425/experiments/../clamiter.py:637:::  
back and forth 6/7


/home/daniel.z/ICML_PIECLAM_020425/experiments/../clamiter.py:364:::  staring fit_feats for 1000 iterations


/home/daniel.z/ICML_PIECLAM_020425/experiments/../clamiter.py:364:::  staring fit_prior for 2000 iterations


/home/daniel.z/ICML_PIECLAM_020425/experiments/../clamiter.py:637:::  
back and forth 7/7


/home/daniel.z/ICML_PIECLAM_020425/experiments/../clamiter.py:364:::  staring fit_feats for 1000 iterations


/home/daniel.z/ICML_PIECLAM_020425/experiments/../clamiter.py:364:::  staring fit_prior for 2000 iterations


/home/daniel.z/ICML_PIECLAM_020425/experiments/../clamiter.py:704:::  
fit end, no early stopping


/home/daniel.z/ICML_PIECLAM_020425/experiments/../trainer.py:419:::  
train_model_on_params on pieclam squirrel 
took 2836.9399540424347 seconds


/home/daniel.z/ICML_PIECLAM_020425/experiments/../trainer.py:437:::  


FINISHED train 
 last accuracies:
test
key='auc': 0.9888738165608477
val
key='auc': 0.988922867744569




/home/daniel.z/ICML_PIECLAM_020425/experiments/optimization_utils.py:648:::  Repetition no. 0


/home/daniel.z/ICML_PIECLAM_020425/experiments/../trainer.py:161:::  
Using dataset specific configuration and not global 




/home/daniel.z/ICML_PIECLAM_020425/experiments/../trainer.py:335:::  
 2025-05-23 09:30:06 starting optimization of pieclam on squirrel on device cuda

 configs_dict: 
{
    "clamiter_init": {
        "dim_feat": 50,
        "dim_attr": 100,
        "s_reg": 0.1,
        "l1_reg": 1,
        "T": 1,
        "hidden_dim": 64,
        "num_coupling_blocks": 32,
        "num_layers_mlp": 2
    },
    "feat_opt": {
        "lr": 5e-07,
        "n_iter": 500,
        "early_stop": 0
    },
    "prior_opt": {
        "n_iter": 2000,
        "lr": 5e-06,
        "noise_amp": 0.1,
        "weight_decay": 0.1,
        "early_stop": 0
    },
    "back_forth": {
        "n_back_forth": 7,
        "scheduler_step_size": 3,
        "scheduler_gamma": 0.5,
        "early_stop_fit": 0,
        "first_func_in_fit": "fit_feats"
    }
}


/home/daniel.z/ICML_PIECLAM_020425/experiments/../clamiter.py:577:::  
in fit,
first_func_in_fit='fit_feats'
second_function_name='fit_prior'


/home/daniel.z/ICML_PIECLAM_020425/experiments/../clamiter.py:637:::  
back and forth 1/7


/home/daniel.z/ICML_PIECLAM_020425/experiments/../clamiter.py:364:::  staring fit_feats for 500 iterations


/home/daniel.z/ICML_PIECLAM_020425/experiments/../clamiter.py:364:::  staring fit_prior for 2000 iterations


/home/daniel.z/ICML_PIECLAM_020425/experiments/../clamiter.py:637:::  
back and forth 2/7


/home/daniel.z/ICML_PIECLAM_020425/experiments/../clamiter.py:364:::  staring fit_feats for 500 iterations


/home/daniel.z/ICML_PIECLAM_020425/experiments/../clamiter.py:364:::  staring fit_prior for 2000 iterations


/home/daniel.z/ICML_PIECLAM_020425/experiments/../clamiter.py:637:::  
back and forth 3/7


/home/daniel.z/ICML_PIECLAM_020425/experiments/../clamiter.py:364:::  staring fit_feats for 500 iterations


/home/daniel.z/ICML_PIECLAM_020425/experiments/../clamiter.py:364:::  staring fit_prior for 2000 iterations


/home/daniel.z/ICML_PIECLAM_020425/experiments/../clamiter.py:637:::  
back and forth 4/7


/home/daniel.z/ICML_PIECLAM_020425/experiments/../clamiter.py:364:::  staring fit_feats for 500 iterations


/home/daniel.z/ICML_PIECLAM_020425/experiments/../clamiter.py:364:::  staring fit_prior for 2000 iterations


/home/daniel.z/ICML_PIECLAM_020425/experiments/../clamiter.py:637:::  
back and forth 5/7


/home/daniel.z/ICML_PIECLAM_020425/experiments/../clamiter.py:364:::  staring fit_feats for 500 iterations


/home/daniel.z/ICML_PIECLAM_020425/experiments/../clamiter.py:364:::  staring fit_prior for 2000 iterations


/home/daniel.z/ICML_PIECLAM_020425/experiments/../clamiter.py:637:::  
back and forth 6/7


/home/daniel.z/ICML_PIECLAM_020425/experiments/../clamiter.py:364:::  staring fit_feats for 500 iterations


/home/daniel.z/ICML_PIECLAM_020425/experiments/../clamiter.py:364:::  staring fit_prior for 2000 iterations


/home/daniel.z/ICML_PIECLAM_020425/experiments/../clamiter.py:637:::  
back and forth 7/7


/home/daniel.z/ICML_PIECLAM_020425/experiments/../clamiter.py:364:::  staring fit_feats for 500 iterations


/home/daniel.z/ICML_PIECLAM_020425/experiments/../clamiter.py:364:::  staring fit_prior for 2000 iterations


/home/daniel.z/ICML_PIECLAM_020425/experiments/../clamiter.py:704:::  
fit end, no early stopping


/home/daniel.z/ICML_PIECLAM_020425/experiments/../trainer.py:419:::  
train_model_on_params on pieclam squirrel 
took 1978.5833373069763 seconds


/home/daniel.z/ICML_PIECLAM_020425/experiments/../trainer.py:437:::  


FINISHED train 
 last accuracies:
test
key='auc': 0.9103559485953303
val
key='auc': 0.9078346699945156




/home/daniel.z/ICML_PIECLAM_020425/experiments/optimization_utils.py:648:::  Repetition no. 0


/home/daniel.z/ICML_PIECLAM_020425/experiments/../trainer.py:161:::  
Using dataset specific configuration and not global 




/home/daniel.z/ICML_PIECLAM_020425/experiments/../trainer.py:335:::  
 2025-05-23 10:03:05 starting optimization of pieclam on squirrel on device cuda

 configs_dict: 
{
    "clamiter_init": {
        "dim_feat": 200,
        "dim_attr": 100,
        "s_reg": 0.1,
        "l1_reg": 1,
        "T": 1,
        "hidden_dim": 64,
        "num_coupling_blocks": 32,
        "num_layers_mlp": 2
    },
    "feat_opt": {
        "lr": 5e-06,
        "n_iter": 500,
        "early_stop": 0
    },
    "prior_opt": {
        "n_iter": 2000,
        "lr": 5e-06,
        "noise_amp": 0.1,
        "weight_decay": 0.1,
        "early_stop": 0
    },
    "back_forth": {
        "n_back_forth": 7,
        "scheduler_step_size": 3,
        "scheduler_gamma": 0.5,
        "early_stop_fit": 0,
        "first_func_in_fit": "fit_feats"
    }
}


/home/daniel.z/ICML_PIECLAM_020425/experiments/../clamiter.py:577:::  
in fit,
first_func_in_fit='fit_feats'
second_function_name='fit_prior'


/home/daniel.z/ICML_PIECLAM_020425/experiments/../clamiter.py:637:::  
back and forth 1/7


/home/daniel.z/ICML_PIECLAM_020425/experiments/../clamiter.py:364:::  staring fit_feats for 500 iterations


/home/daniel.z/ICML_PIECLAM_020425/experiments/../clamiter.py:364:::  staring fit_prior for 2000 iterations


/home/daniel.z/ICML_PIECLAM_020425/experiments/../clamiter.py:637:::  
back and forth 2/7


/home/daniel.z/ICML_PIECLAM_020425/experiments/../clamiter.py:364:::  staring fit_feats for 500 iterations


/home/daniel.z/ICML_PIECLAM_020425/experiments/../clamiter.py:364:::  staring fit_prior for 2000 iterations


/home/daniel.z/ICML_PIECLAM_020425/experiments/../clamiter.py:637:::  
back and forth 3/7


/home/daniel.z/ICML_PIECLAM_020425/experiments/../clamiter.py:364:::  staring fit_feats for 500 iterations


/home/daniel.z/ICML_PIECLAM_020425/experiments/../clamiter.py:364:::  staring fit_prior for 2000 iterations


/home/daniel.z/ICML_PIECLAM_020425/experiments/../clamiter.py:637:::  
back and forth 4/7


/home/daniel.z/ICML_PIECLAM_020425/experiments/../clamiter.py:364:::  staring fit_feats for 500 iterations


/home/daniel.z/ICML_PIECLAM_020425/experiments/../clamiter.py:364:::  staring fit_prior for 2000 iterations


/home/daniel.z/ICML_PIECLAM_020425/experiments/../clamiter.py:637:::  
back and forth 5/7


/home/daniel.z/ICML_PIECLAM_020425/experiments/../clamiter.py:364:::  staring fit_feats for 500 iterations


/home/daniel.z/ICML_PIECLAM_020425/experiments/../clamiter.py:364:::  staring fit_prior for 2000 iterations


/home/daniel.z/ICML_PIECLAM_020425/experiments/../clamiter.py:637:::  
back and forth 6/7


/home/daniel.z/ICML_PIECLAM_020425/experiments/../clamiter.py:364:::  staring fit_feats for 500 iterations


/home/daniel.z/ICML_PIECLAM_020425/experiments/../clamiter.py:364:::  staring fit_prior for 2000 iterations


/home/daniel.z/ICML_PIECLAM_020425/experiments/../clamiter.py:637:::  
back and forth 7/7


/home/daniel.z/ICML_PIECLAM_020425/experiments/../clamiter.py:364:::  staring fit_feats for 500 iterations


/home/daniel.z/ICML_PIECLAM_020425/experiments/../clamiter.py:364:::  staring fit_prior for 2000 iterations


/home/daniel.z/ICML_PIECLAM_020425/experiments/../clamiter.py:704:::  
fit end, no early stopping


/home/daniel.z/ICML_PIECLAM_020425/experiments/../trainer.py:419:::  
train_model_on_params on pieclam squirrel 
took 2124.794451236725 seconds


/home/daniel.z/ICML_PIECLAM_020425/experiments/../trainer.py:437:::  


FINISHED train 
 last accuracies:
test
key='auc': 0.9855664530041546
val
key='auc': 0.9851687477630472




/home/daniel.z/ICML_PIECLAM_020425/experiments/optimization_utils.py:648:::  Repetition no. 0


/home/daniel.z/ICML_PIECLAM_020425/experiments/../trainer.py:161:::  
Using dataset specific configuration and not global 




/home/daniel.z/ICML_PIECLAM_020425/experiments/../trainer.py:335:::  
 2025-05-23 10:38:30 starting optimization of pieclam on squirrel on device cuda

 configs_dict: 
{
    "clamiter_init": {
        "dim_feat": 100,
        "dim_attr": 100,
        "s_reg": 0.1,
        "l1_reg": 1,
        "T": 1,
        "hidden_dim": 64,
        "num_coupling_blocks": 32,
        "num_layers_mlp": 2
    },
    "feat_opt": {
        "lr": 5e-07,
        "n_iter": 500,
        "early_stop": 0
    },
    "prior_opt": {
        "n_iter": 2000,
        "lr": 5e-06,
        "noise_amp": 0.1,
        "weight_decay": 0.1,
        "early_stop": 0
    },
    "back_forth": {
        "n_back_forth": 7,
        "scheduler_step_size": 3,
        "scheduler_gamma": 0.5,
        "early_stop_fit": 0,
        "first_func_in_fit": "fit_feats"
    }
}


/home/daniel.z/ICML_PIECLAM_020425/experiments/../clamiter.py:577:::  
in fit,
first_func_in_fit='fit_feats'
second_function_name='fit_prior'


/home/daniel.z/ICML_PIECLAM_020425/experiments/../clamiter.py:637:::  
back and forth 1/7


/home/daniel.z/ICML_PIECLAM_020425/experiments/../clamiter.py:364:::  staring fit_feats for 500 iterations


/home/daniel.z/ICML_PIECLAM_020425/experiments/../clamiter.py:364:::  staring fit_prior for 2000 iterations


/home/daniel.z/ICML_PIECLAM_020425/experiments/../clamiter.py:637:::  
back and forth 2/7


/home/daniel.z/ICML_PIECLAM_020425/experiments/../clamiter.py:364:::  staring fit_feats for 500 iterations


/home/daniel.z/ICML_PIECLAM_020425/experiments/../clamiter.py:364:::  staring fit_prior for 2000 iterations


/home/daniel.z/ICML_PIECLAM_020425/experiments/../clamiter.py:637:::  
back and forth 3/7


/home/daniel.z/ICML_PIECLAM_020425/experiments/../clamiter.py:364:::  staring fit_feats for 500 iterations


/home/daniel.z/ICML_PIECLAM_020425/experiments/../clamiter.py:364:::  staring fit_prior for 2000 iterations


/home/daniel.z/ICML_PIECLAM_020425/experiments/../clamiter.py:637:::  
back and forth 4/7


/home/daniel.z/ICML_PIECLAM_020425/experiments/../clamiter.py:364:::  staring fit_feats for 500 iterations


/home/daniel.z/ICML_PIECLAM_020425/experiments/../clamiter.py:364:::  staring fit_prior for 2000 iterations


/home/daniel.z/ICML_PIECLAM_020425/experiments/../clamiter.py:637:::  
back and forth 5/7


/home/daniel.z/ICML_PIECLAM_020425/experiments/../clamiter.py:364:::  staring fit_feats for 500 iterations


/home/daniel.z/ICML_PIECLAM_020425/experiments/../clamiter.py:364:::  staring fit_prior for 2000 iterations


/home/daniel.z/ICML_PIECLAM_020425/experiments/../clamiter.py:637:::  
back and forth 6/7


/home/daniel.z/ICML_PIECLAM_020425/experiments/../clamiter.py:364:::  staring fit_feats for 500 iterations


/home/daniel.z/ICML_PIECLAM_020425/experiments/../clamiter.py:364:::  staring fit_prior for 2000 iterations


/home/daniel.z/ICML_PIECLAM_020425/experiments/../clamiter.py:637:::  
back and forth 7/7


/home/daniel.z/ICML_PIECLAM_020425/experiments/../clamiter.py:364:::  staring fit_feats for 500 iterations


/home/daniel.z/ICML_PIECLAM_020425/experiments/../clamiter.py:364:::  staring fit_prior for 2000 iterations


/home/daniel.z/ICML_PIECLAM_020425/experiments/../clamiter.py:704:::  
fit end, no early stopping


/home/daniel.z/ICML_PIECLAM_020425/experiments/../trainer.py:419:::  
train_model_on_params on pieclam squirrel 
took 2040.821030139923 seconds


/home/daniel.z/ICML_PIECLAM_020425/experiments/../trainer.py:437:::  


FINISHED train 
 last accuracies:
test
key='auc': 0.9030276555499475
val
key='auc': 0.9011220712197944




/home/daniel.z/ICML_PIECLAM_020425/experiments/optimization_utils.py:648:::  Repetition no. 0


/home/daniel.z/ICML_PIECLAM_020425/experiments/../trainer.py:161:::  
Using dataset specific configuration and not global 




/home/daniel.z/ICML_PIECLAM_020425/experiments/../trainer.py:335:::  
 2025-05-23 11:12:32 starting optimization of pieclam on squirrel on device cuda

 configs_dict: 
{
    "clamiter_init": {
        "dim_feat": 50,
        "dim_attr": 100,
        "s_reg": 0.1,
        "l1_reg": 1,
        "T": 1,
        "hidden_dim": 64,
        "num_coupling_blocks": 32,
        "num_layers_mlp": 2
    },
    "feat_opt": {
        "lr": 5e-06,
        "n_iter": 3000,
        "early_stop": 0
    },
    "prior_opt": {
        "n_iter": 2000,
        "lr": 5e-06,
        "noise_amp": 0.1,
        "weight_decay": 0.1,
        "early_stop": 0
    },
    "back_forth": {
        "n_back_forth": 7,
        "scheduler_step_size": 3,
        "scheduler_gamma": 0.5,
        "early_stop_fit": 0,
        "first_func_in_fit": "fit_feats"
    }
}


/home/daniel.z/ICML_PIECLAM_020425/experiments/../clamiter.py:577:::  
in fit,
first_func_in_fit='fit_feats'
second_function_name='fit_prior'


/home/daniel.z/ICML_PIECLAM_020425/experiments/../clamiter.py:637:::  
back and forth 1/7


/home/daniel.z/ICML_PIECLAM_020425/experiments/../clamiter.py:364:::  staring fit_feats for 3000 iterations


/home/daniel.z/ICML_PIECLAM_020425/experiments/../clamiter.py:364:::  staring fit_prior for 2000 iterations


/home/daniel.z/ICML_PIECLAM_020425/experiments/../clamiter.py:637:::  
back and forth 2/7


/home/daniel.z/ICML_PIECLAM_020425/experiments/../clamiter.py:364:::  staring fit_feats for 3000 iterations


/home/daniel.z/ICML_PIECLAM_020425/experiments/../clamiter.py:364:::  staring fit_prior for 2000 iterations


/home/daniel.z/ICML_PIECLAM_020425/experiments/../clamiter.py:637:::  
back and forth 3/7


/home/daniel.z/ICML_PIECLAM_020425/experiments/../clamiter.py:364:::  staring fit_feats for 3000 iterations


/home/daniel.z/ICML_PIECLAM_020425/experiments/../clamiter.py:364:::  staring fit_prior for 2000 iterations


/home/daniel.z/ICML_PIECLAM_020425/experiments/../clamiter.py:637:::  
back and forth 4/7


/home/daniel.z/ICML_PIECLAM_020425/experiments/../clamiter.py:364:::  staring fit_feats for 3000 iterations


/home/daniel.z/ICML_PIECLAM_020425/experiments/../clamiter.py:364:::  staring fit_prior for 2000 iterations


/home/daniel.z/ICML_PIECLAM_020425/experiments/../clamiter.py:637:::  
back and forth 5/7


/home/daniel.z/ICML_PIECLAM_020425/experiments/../clamiter.py:364:::  staring fit_feats for 3000 iterations


/home/daniel.z/ICML_PIECLAM_020425/experiments/../clamiter.py:364:::  staring fit_prior for 2000 iterations


/home/daniel.z/ICML_PIECLAM_020425/experiments/../clamiter.py:637:::  
back and forth 6/7


/home/daniel.z/ICML_PIECLAM_020425/experiments/../clamiter.py:364:::  staring fit_feats for 3000 iterations


/home/daniel.z/ICML_PIECLAM_020425/experiments/../clamiter.py:364:::  staring fit_prior for 2000 iterations


/home/daniel.z/ICML_PIECLAM_020425/experiments/../clamiter.py:637:::  
back and forth 7/7


/home/daniel.z/ICML_PIECLAM_020425/experiments/../clamiter.py:364:::  staring fit_feats for 3000 iterations


/home/daniel.z/ICML_PIECLAM_020425/experiments/../clamiter.py:364:::  staring fit_prior for 2000 iterations


/home/daniel.z/ICML_PIECLAM_020425/experiments/../clamiter.py:704:::  
fit end, no early stopping


/home/daniel.z/ICML_PIECLAM_020425/experiments/../trainer.py:419:::  
train_model_on_params on pieclam squirrel 
took 4603.709417819977 seconds


/home/daniel.z/ICML_PIECLAM_020425/experiments/../trainer.py:437:::  


FINISHED train 
 last accuracies:
test
key='auc': 0.9867856849166164
val
key='auc': 0.9869193477553005




/home/daniel.z/ICML_PIECLAM_020425/experiments/optimization_utils.py:648:::  Repetition no. 0


/home/daniel.z/ICML_PIECLAM_020425/experiments/../trainer.py:161:::  
Using dataset specific configuration and not global 




/home/daniel.z/ICML_PIECLAM_020425/experiments/../trainer.py:335:::  
 2025-05-23 12:29:17 starting optimization of pieclam on squirrel on device cuda

 configs_dict: 
{
    "clamiter_init": {
        "dim_feat": 100,
        "dim_attr": 100,
        "s_reg": 0.1,
        "l1_reg": 1,
        "T": 1,
        "hidden_dim": 64,
        "num_coupling_blocks": 32,
        "num_layers_mlp": 2
    },
    "feat_opt": {
        "lr": 5e-06,
        "n_iter": 1000,
        "early_stop": 0
    },
    "prior_opt": {
        "n_iter": 2000,
        "lr": 5e-06,
        "noise_amp": 0.1,
        "weight_decay": 0.1,
        "early_stop": 0
    },
    "back_forth": {
        "n_back_forth": 7,
        "scheduler_step_size": 3,
        "scheduler_gamma": 0.5,
        "early_stop_fit": 0,
        "first_func_in_fit": "fit_feats"
    }
}


/home/daniel.z/ICML_PIECLAM_020425/experiments/../clamiter.py:577:::  
in fit,
first_func_in_fit='fit_feats'
second_function_name='fit_prior'


/home/daniel.z/ICML_PIECLAM_020425/experiments/../clamiter.py:637:::  
back and forth 1/7


/home/daniel.z/ICML_PIECLAM_020425/experiments/../clamiter.py:364:::  staring fit_feats for 1000 iterations


/home/daniel.z/ICML_PIECLAM_020425/experiments/../clamiter.py:364:::  staring fit_prior for 2000 iterations


/home/daniel.z/ICML_PIECLAM_020425/experiments/../clamiter.py:637:::  
back and forth 2/7


/home/daniel.z/ICML_PIECLAM_020425/experiments/../clamiter.py:364:::  staring fit_feats for 1000 iterations


/home/daniel.z/ICML_PIECLAM_020425/experiments/../clamiter.py:364:::  staring fit_prior for 2000 iterations


/home/daniel.z/ICML_PIECLAM_020425/experiments/../clamiter.py:637:::  
back and forth 3/7


/home/daniel.z/ICML_PIECLAM_020425/experiments/../clamiter.py:364:::  staring fit_feats for 1000 iterations


/home/daniel.z/ICML_PIECLAM_020425/experiments/../clamiter.py:364:::  staring fit_prior for 2000 iterations


/home/daniel.z/ICML_PIECLAM_020425/experiments/../clamiter.py:637:::  
back and forth 4/7


/home/daniel.z/ICML_PIECLAM_020425/experiments/../clamiter.py:364:::  staring fit_feats for 1000 iterations


/home/daniel.z/ICML_PIECLAM_020425/experiments/../clamiter.py:364:::  staring fit_prior for 2000 iterations


/home/daniel.z/ICML_PIECLAM_020425/experiments/../clamiter.py:637:::  
back and forth 5/7


/home/daniel.z/ICML_PIECLAM_020425/experiments/../clamiter.py:364:::  staring fit_feats for 1000 iterations


/home/daniel.z/ICML_PIECLAM_020425/experiments/../clamiter.py:364:::  staring fit_prior for 2000 iterations


/home/daniel.z/ICML_PIECLAM_020425/experiments/../clamiter.py:637:::  
back and forth 6/7


/home/daniel.z/ICML_PIECLAM_020425/experiments/../clamiter.py:364:::  staring fit_feats for 1000 iterations


/home/daniel.z/ICML_PIECLAM_020425/experiments/../clamiter.py:364:::  staring fit_prior for 2000 iterations


/home/daniel.z/ICML_PIECLAM_020425/experiments/../clamiter.py:637:::  
back and forth 7/7


/home/daniel.z/ICML_PIECLAM_020425/experiments/../clamiter.py:364:::  staring fit_feats for 1000 iterations


/home/daniel.z/ICML_PIECLAM_020425/experiments/../clamiter.py:364:::  staring fit_prior for 2000 iterations


/home/daniel.z/ICML_PIECLAM_020425/experiments/../clamiter.py:704:::  
fit end, no early stopping


/home/daniel.z/ICML_PIECLAM_020425/experiments/../trainer.py:419:::  
train_model_on_params on pieclam squirrel 
took 2565.2041721343994 seconds


/home/daniel.z/ICML_PIECLAM_020425/experiments/../trainer.py:437:::  


FINISHED train 
 last accuracies:
test
key='auc': 0.9876731007796016
val
key='auc': 0.9867495742193612




/home/daniel.z/ICML_PIECLAM_020425/experiments/optimization_utils.py:648:::  Repetition no. 0


/home/daniel.z/ICML_PIECLAM_020425/experiments/../trainer.py:161:::  
Using dataset specific configuration and not global 




/home/daniel.z/ICML_PIECLAM_020425/experiments/../trainer.py:335:::  
 2025-05-23 13:12:03 starting optimization of pieclam on squirrel on device cuda

 configs_dict: 
{
    "clamiter_init": {
        "dim_feat": 200,
        "dim_attr": 100,
        "s_reg": 0.1,
        "l1_reg": 1,
        "T": 1,
        "hidden_dim": 64,
        "num_coupling_blocks": 32,
        "num_layers_mlp": 2
    },
    "feat_opt": {
        "lr": 5e-07,
        "n_iter": 500,
        "early_stop": 0
    },
    "prior_opt": {
        "n_iter": 2000,
        "lr": 5e-06,
        "noise_amp": 0.1,
        "weight_decay": 0.1,
        "early_stop": 0
    },
    "back_forth": {
        "n_back_forth": 7,
        "scheduler_step_size": 3,
        "scheduler_gamma": 0.5,
        "early_stop_fit": 0,
        "first_func_in_fit": "fit_feats"
    }
}


/home/daniel.z/ICML_PIECLAM_020425/experiments/../clamiter.py:577:::  
in fit,
first_func_in_fit='fit_feats'
second_function_name='fit_prior'


/home/daniel.z/ICML_PIECLAM_020425/experiments/../clamiter.py:637:::  
back and forth 1/7


/home/daniel.z/ICML_PIECLAM_020425/experiments/../clamiter.py:364:::  staring fit_feats for 500 iterations


/home/daniel.z/ICML_PIECLAM_020425/experiments/../clamiter.py:364:::  staring fit_prior for 2000 iterations


/home/daniel.z/ICML_PIECLAM_020425/experiments/../clamiter.py:637:::  
back and forth 2/7


/home/daniel.z/ICML_PIECLAM_020425/experiments/../clamiter.py:364:::  staring fit_feats for 500 iterations


/home/daniel.z/ICML_PIECLAM_020425/experiments/../clamiter.py:364:::  staring fit_prior for 2000 iterations


/home/daniel.z/ICML_PIECLAM_020425/experiments/../clamiter.py:637:::  
back and forth 3/7


/home/daniel.z/ICML_PIECLAM_020425/experiments/../clamiter.py:364:::  staring fit_feats for 500 iterations


/home/daniel.z/ICML_PIECLAM_020425/experiments/../clamiter.py:364:::  staring fit_prior for 2000 iterations


/home/daniel.z/ICML_PIECLAM_020425/experiments/../clamiter.py:637:::  
back and forth 4/7


/home/daniel.z/ICML_PIECLAM_020425/experiments/../clamiter.py:364:::  staring fit_feats for 500 iterations


/home/daniel.z/ICML_PIECLAM_020425/experiments/../clamiter.py:364:::  staring fit_prior for 2000 iterations


/home/daniel.z/ICML_PIECLAM_020425/experiments/../clamiter.py:637:::  
back and forth 5/7


/home/daniel.z/ICML_PIECLAM_020425/experiments/../clamiter.py:364:::  staring fit_feats for 500 iterations


/home/daniel.z/ICML_PIECLAM_020425/experiments/../clamiter.py:364:::  staring fit_prior for 2000 iterations


/home/daniel.z/ICML_PIECLAM_020425/experiments/../clamiter.py:637:::  
back and forth 6/7


/home/daniel.z/ICML_PIECLAM_020425/experiments/../clamiter.py:364:::  staring fit_feats for 500 iterations


/home/daniel.z/ICML_PIECLAM_020425/experiments/../clamiter.py:364:::  staring fit_prior for 2000 iterations


/home/daniel.z/ICML_PIECLAM_020425/experiments/../clamiter.py:637:::  
back and forth 7/7


/home/daniel.z/ICML_PIECLAM_020425/experiments/../clamiter.py:364:::  staring fit_feats for 500 iterations


/home/daniel.z/ICML_PIECLAM_020425/experiments/../clamiter.py:364:::  staring fit_prior for 2000 iterations


/home/daniel.z/ICML_PIECLAM_020425/experiments/../clamiter.py:704:::  
fit end, no early stopping


/home/daniel.z/ICML_PIECLAM_020425/experiments/../trainer.py:419:::  
train_model_on_params on pieclam squirrel 
took 2187.9798278808594 seconds


/home/daniel.z/ICML_PIECLAM_020425/experiments/../trainer.py:437:::  


FINISHED train 
 last accuracies:
test
key='auc': 0.8975818839783766
val
key='auc': 0.8980715078975852




/home/daniel.z/ICML_PIECLAM_020425/experiments/optimization_utils.py:648:::  Repetition no. 0


/home/daniel.z/ICML_PIECLAM_020425/experiments/../trainer.py:161:::  
Using dataset specific configuration and not global 




/home/daniel.z/ICML_PIECLAM_020425/experiments/../trainer.py:335:::  
 2025-05-23 13:48:31 starting optimization of pieclam on squirrel on device cuda

 configs_dict: 
{
    "clamiter_init": {
        "dim_feat": 100,
        "dim_attr": 100,
        "s_reg": 0.0,
        "l1_reg": 1,
        "T": 1,
        "hidden_dim": 64,
        "num_coupling_blocks": 32,
        "num_layers_mlp": 2
    },
    "feat_opt": {
        "lr": 5e-06,
        "n_iter": 3000,
        "early_stop": 0
    },
    "prior_opt": {
        "n_iter": 2000,
        "lr": 5e-06,
        "noise_amp": 0.1,
        "weight_decay": 0.1,
        "early_stop": 0
    },
    "back_forth": {
        "n_back_forth": 7,
        "scheduler_step_size": 3,
        "scheduler_gamma": 0.5,
        "early_stop_fit": 0,
        "first_func_in_fit": "fit_feats"
    }
}


/home/daniel.z/ICML_PIECLAM_020425/experiments/../clamiter.py:577:::  
in fit,
first_func_in_fit='fit_feats'
second_function_name='fit_prior'


/home/daniel.z/ICML_PIECLAM_020425/experiments/../clamiter.py:637:::  
back and forth 1/7


/home/daniel.z/ICML_PIECLAM_020425/experiments/../clamiter.py:364:::  staring fit_feats for 3000 iterations


/home/daniel.z/ICML_PIECLAM_020425/experiments/../clamiter.py:364:::  staring fit_prior for 2000 iterations


/home/daniel.z/ICML_PIECLAM_020425/experiments/../clamiter.py:637:::  
back and forth 2/7


/home/daniel.z/ICML_PIECLAM_020425/experiments/../clamiter.py:364:::  staring fit_feats for 3000 iterations


/home/daniel.z/ICML_PIECLAM_020425/experiments/../clamiter.py:364:::  staring fit_prior for 2000 iterations


/home/daniel.z/ICML_PIECLAM_020425/experiments/../clamiter.py:637:::  
back and forth 3/7


/home/daniel.z/ICML_PIECLAM_020425/experiments/../clamiter.py:364:::  staring fit_feats for 3000 iterations


/home/daniel.z/ICML_PIECLAM_020425/experiments/../clamiter.py:364:::  staring fit_prior for 2000 iterations


/home/daniel.z/ICML_PIECLAM_020425/experiments/../clamiter.py:637:::  
back and forth 4/7


/home/daniel.z/ICML_PIECLAM_020425/experiments/../clamiter.py:364:::  staring fit_feats for 3000 iterations


/home/daniel.z/ICML_PIECLAM_020425/experiments/../clamiter.py:364:::  staring fit_prior for 2000 iterations


/home/daniel.z/ICML_PIECLAM_020425/experiments/../clamiter.py:637:::  
back and forth 5/7


/home/daniel.z/ICML_PIECLAM_020425/experiments/../clamiter.py:364:::  staring fit_feats for 3000 iterations


/home/daniel.z/ICML_PIECLAM_020425/experiments/../clamiter.py:364:::  staring fit_prior for 2000 iterations


/home/daniel.z/ICML_PIECLAM_020425/experiments/../clamiter.py:637:::  
back and forth 6/7


/home/daniel.z/ICML_PIECLAM_020425/experiments/../clamiter.py:364:::  staring fit_feats for 3000 iterations


/home/daniel.z/ICML_PIECLAM_020425/experiments/../clamiter.py:364:::  staring fit_prior for 2000 iterations


/home/daniel.z/ICML_PIECLAM_020425/experiments/../clamiter.py:637:::  
back and forth 7/7


/home/daniel.z/ICML_PIECLAM_020425/experiments/../clamiter.py:364:::  staring fit_feats for 3000 iterations


/home/daniel.z/ICML_PIECLAM_020425/experiments/../clamiter.py:364:::  staring fit_prior for 2000 iterations


/home/daniel.z/ICML_PIECLAM_020425/experiments/../clamiter.py:704:::  
fit end, no early stopping


/home/daniel.z/ICML_PIECLAM_020425/experiments/../trainer.py:419:::  
train_model_on_params on pieclam squirrel 
took 4881.223969459534 seconds


/home/daniel.z/ICML_PIECLAM_020425/experiments/../trainer.py:437:::  


FINISHED train 
 last accuracies:
test
key='auc': 0.9892937600228797
val
key='auc': 0.9884986530005302




/home/daniel.z/ICML_PIECLAM_020425/experiments/optimization_utils.py:648:::  Repetition no. 0


/home/daniel.z/ICML_PIECLAM_020425/experiments/../trainer.py:161:::  
Using dataset specific configuration and not global 




/home/daniel.z/ICML_PIECLAM_020425/experiments/../trainer.py:335:::  
 2025-05-23 15:09:53 starting optimization of pieclam on squirrel on device cuda

 configs_dict: 
{
    "clamiter_init": {
        "dim_feat": 100,
        "dim_attr": 100,
        "s_reg": 0.0,
        "l1_reg": 1,
        "T": 1,
        "hidden_dim": 64,
        "num_coupling_blocks": 32,
        "num_layers_mlp": 2
    },
    "feat_opt": {
        "lr": 5e-07,
        "n_iter": 3000,
        "early_stop": 0
    },
    "prior_opt": {
        "n_iter": 2000,
        "lr": 5e-06,
        "noise_amp": 0.1,
        "weight_decay": 0.1,
        "early_stop": 0
    },
    "back_forth": {
        "n_back_forth": 7,
        "scheduler_step_size": 3,
        "scheduler_gamma": 0.5,
        "early_stop_fit": 0,
        "first_func_in_fit": "fit_feats"
    }
}


/home/daniel.z/ICML_PIECLAM_020425/experiments/../clamiter.py:577:::  
in fit,
first_func_in_fit='fit_feats'
second_function_name='fit_prior'


/home/daniel.z/ICML_PIECLAM_020425/experiments/../clamiter.py:637:::  
back and forth 1/7


/home/daniel.z/ICML_PIECLAM_020425/experiments/../clamiter.py:364:::  staring fit_feats for 3000 iterations


/home/daniel.z/ICML_PIECLAM_020425/experiments/../clamiter.py:364:::  staring fit_prior for 2000 iterations


/home/daniel.z/ICML_PIECLAM_020425/experiments/../clamiter.py:637:::  
back and forth 2/7


/home/daniel.z/ICML_PIECLAM_020425/experiments/../clamiter.py:364:::  staring fit_feats for 3000 iterations


/home/daniel.z/ICML_PIECLAM_020425/experiments/../clamiter.py:364:::  staring fit_prior for 2000 iterations


/home/daniel.z/ICML_PIECLAM_020425/experiments/../clamiter.py:637:::  
back and forth 3/7


/home/daniel.z/ICML_PIECLAM_020425/experiments/../clamiter.py:364:::  staring fit_feats for 3000 iterations


/home/daniel.z/ICML_PIECLAM_020425/experiments/../clamiter.py:364:::  staring fit_prior for 2000 iterations


/home/daniel.z/ICML_PIECLAM_020425/experiments/../clamiter.py:637:::  
back and forth 4/7


/home/daniel.z/ICML_PIECLAM_020425/experiments/../clamiter.py:364:::  staring fit_feats for 3000 iterations


/home/daniel.z/ICML_PIECLAM_020425/experiments/../clamiter.py:364:::  staring fit_prior for 2000 iterations


/home/daniel.z/ICML_PIECLAM_020425/experiments/../clamiter.py:637:::  
back and forth 5/7


/home/daniel.z/ICML_PIECLAM_020425/experiments/../clamiter.py:364:::  staring fit_feats for 3000 iterations


/home/daniel.z/ICML_PIECLAM_020425/experiments/../clamiter.py:364:::  staring fit_prior for 2000 iterations


/home/daniel.z/ICML_PIECLAM_020425/experiments/../clamiter.py:637:::  
back and forth 6/7


/home/daniel.z/ICML_PIECLAM_020425/experiments/../clamiter.py:364:::  staring fit_feats for 3000 iterations


/home/daniel.z/ICML_PIECLAM_020425/experiments/../clamiter.py:364:::  staring fit_prior for 2000 iterations


/home/daniel.z/ICML_PIECLAM_020425/experiments/../clamiter.py:637:::  
back and forth 7/7


/home/daniel.z/ICML_PIECLAM_020425/experiments/../clamiter.py:364:::  staring fit_feats for 3000 iterations


/home/daniel.z/ICML_PIECLAM_020425/experiments/../clamiter.py:364:::  staring fit_prior for 2000 iterations


/home/daniel.z/ICML_PIECLAM_020425/experiments/../clamiter.py:704:::  
fit end, no early stopping


/home/daniel.z/ICML_PIECLAM_020425/experiments/../trainer.py:419:::  
train_model_on_params on pieclam squirrel 
took 4919.750119447708 seconds


/home/daniel.z/ICML_PIECLAM_020425/experiments/../trainer.py:437:::  


FINISHED train 
 last accuracies:
test
key='auc': 0.9813572309766605
val
key='auc': 0.9808771089186177




/home/daniel.z/ICML_PIECLAM_020425/experiments/optimization_utils.py:648:::  Repetition no. 0


/home/daniel.z/ICML_PIECLAM_020425/experiments/../trainer.py:161:::  
Using dataset specific configuration and not global 




/home/daniel.z/ICML_PIECLAM_020425/experiments/../trainer.py:335:::  
 2025-05-23 16:31:54 starting optimization of pieclam on squirrel on device cuda

 configs_dict: 
{
    "clamiter_init": {
        "dim_feat": 100,
        "dim_attr": 100,
        "s_reg": 0.1,
        "l1_reg": 1,
        "T": 1,
        "hidden_dim": 64,
        "num_coupling_blocks": 32,
        "num_layers_mlp": 2
    },
    "feat_opt": {
        "lr": 5e-06,
        "n_iter": 3000,
        "early_stop": 0
    },
    "prior_opt": {
        "n_iter": 2000,
        "lr": 5e-06,
        "noise_amp": 0.1,
        "weight_decay": 0.1,
        "early_stop": 0
    },
    "back_forth": {
        "n_back_forth": 7,
        "scheduler_step_size": 3,
        "scheduler_gamma": 0.5,
        "early_stop_fit": 0,
        "first_func_in_fit": "fit_feats"
    }
}


/home/daniel.z/ICML_PIECLAM_020425/experiments/../clamiter.py:577:::  
in fit,
first_func_in_fit='fit_feats'
second_function_name='fit_prior'


/home/daniel.z/ICML_PIECLAM_020425/experiments/../clamiter.py:637:::  
back and forth 1/7


/home/daniel.z/ICML_PIECLAM_020425/experiments/../clamiter.py:364:::  staring fit_feats for 3000 iterations


/home/daniel.z/ICML_PIECLAM_020425/experiments/../clamiter.py:364:::  staring fit_prior for 2000 iterations


/home/daniel.z/ICML_PIECLAM_020425/experiments/../clamiter.py:637:::  
back and forth 2/7


/home/daniel.z/ICML_PIECLAM_020425/experiments/../clamiter.py:364:::  staring fit_feats for 3000 iterations


/home/daniel.z/ICML_PIECLAM_020425/experiments/../clamiter.py:364:::  staring fit_prior for 2000 iterations


/home/daniel.z/ICML_PIECLAM_020425/experiments/../clamiter.py:637:::  
back and forth 3/7


/home/daniel.z/ICML_PIECLAM_020425/experiments/../clamiter.py:364:::  staring fit_feats for 3000 iterations


/home/daniel.z/ICML_PIECLAM_020425/experiments/../clamiter.py:364:::  staring fit_prior for 2000 iterations


/home/daniel.z/ICML_PIECLAM_020425/experiments/../clamiter.py:637:::  
back and forth 4/7


/home/daniel.z/ICML_PIECLAM_020425/experiments/../clamiter.py:364:::  staring fit_feats for 3000 iterations


/home/daniel.z/ICML_PIECLAM_020425/experiments/../clamiter.py:364:::  staring fit_prior for 2000 iterations


/home/daniel.z/ICML_PIECLAM_020425/experiments/../clamiter.py:637:::  
back and forth 5/7


/home/daniel.z/ICML_PIECLAM_020425/experiments/../clamiter.py:364:::  staring fit_feats for 3000 iterations


/home/daniel.z/ICML_PIECLAM_020425/experiments/../clamiter.py:364:::  staring fit_prior for 2000 iterations


/home/daniel.z/ICML_PIECLAM_020425/experiments/../clamiter.py:637:::  
back and forth 6/7


/home/daniel.z/ICML_PIECLAM_020425/experiments/../clamiter.py:364:::  staring fit_feats for 3000 iterations


/home/daniel.z/ICML_PIECLAM_020425/experiments/../clamiter.py:364:::  staring fit_prior for 2000 iterations


/home/daniel.z/ICML_PIECLAM_020425/experiments/../clamiter.py:637:::  
back and forth 7/7


/home/daniel.z/ICML_PIECLAM_020425/experiments/../clamiter.py:364:::  staring fit_feats for 3000 iterations


/home/daniel.z/ICML_PIECLAM_020425/experiments/../clamiter.py:364:::  staring fit_prior for 2000 iterations


/home/daniel.z/ICML_PIECLAM_020425/experiments/../clamiter.py:704:::  
fit end, no early stopping


/home/daniel.z/ICML_PIECLAM_020425/experiments/../trainer.py:419:::  
train_model_on_params on pieclam squirrel 
took 4876.197154283524 seconds


/home/daniel.z/ICML_PIECLAM_020425/experiments/../trainer.py:437:::  


FINISHED train 
 last accuracies:
test
key='auc': 0.987874886753248
val
key='auc': 0.9877760781643006




/home/daniel.z/ICML_PIECLAM_020425/experiments/optimization_utils.py:648:::  Repetition no. 0


/home/daniel.z/ICML_PIECLAM_020425/experiments/../trainer.py:161:::  
Using dataset specific configuration and not global 




/home/daniel.z/ICML_PIECLAM_020425/experiments/../trainer.py:335:::  
 2025-05-23 17:53:11 starting optimization of pieclam on squirrel on device cuda

 configs_dict: 
{
    "clamiter_init": {
        "dim_feat": 100,
        "dim_attr": 100,
        "s_reg": 0.0,
        "l1_reg": 1,
        "T": 1,
        "hidden_dim": 64,
        "num_coupling_blocks": 32,
        "num_layers_mlp": 2
    },
    "feat_opt": {
        "lr": 5e-06,
        "n_iter": 1000,
        "early_stop": 0
    },
    "prior_opt": {
        "n_iter": 2000,
        "lr": 5e-06,
        "noise_amp": 0.1,
        "weight_decay": 0.1,
        "early_stop": 0
    },
    "back_forth": {
        "n_back_forth": 7,
        "scheduler_step_size": 3,
        "scheduler_gamma": 0.5,
        "early_stop_fit": 0,
        "first_func_in_fit": "fit_feats"
    }
}


/home/daniel.z/ICML_PIECLAM_020425/experiments/../clamiter.py:577:::  
in fit,
first_func_in_fit='fit_feats'
second_function_name='fit_prior'


/home/daniel.z/ICML_PIECLAM_020425/experiments/../clamiter.py:637:::  
back and forth 1/7


/home/daniel.z/ICML_PIECLAM_020425/experiments/../clamiter.py:364:::  staring fit_feats for 1000 iterations


/home/daniel.z/ICML_PIECLAM_020425/experiments/../clamiter.py:364:::  staring fit_prior for 2000 iterations


/home/daniel.z/ICML_PIECLAM_020425/experiments/../clamiter.py:637:::  
back and forth 2/7


/home/daniel.z/ICML_PIECLAM_020425/experiments/../clamiter.py:364:::  staring fit_feats for 1000 iterations


/home/daniel.z/ICML_PIECLAM_020425/experiments/../clamiter.py:364:::  staring fit_prior for 2000 iterations


/home/daniel.z/ICML_PIECLAM_020425/experiments/../clamiter.py:637:::  
back and forth 3/7


/home/daniel.z/ICML_PIECLAM_020425/experiments/../clamiter.py:364:::  staring fit_feats for 1000 iterations


/home/daniel.z/ICML_PIECLAM_020425/experiments/../clamiter.py:364:::  staring fit_prior for 2000 iterations


/home/daniel.z/ICML_PIECLAM_020425/experiments/../clamiter.py:637:::  
back and forth 4/7


/home/daniel.z/ICML_PIECLAM_020425/experiments/../clamiter.py:364:::  staring fit_feats for 1000 iterations


/home/daniel.z/ICML_PIECLAM_020425/experiments/../clamiter.py:364:::  staring fit_prior for 2000 iterations


/home/daniel.z/ICML_PIECLAM_020425/experiments/../clamiter.py:637:::  
back and forth 5/7


/home/daniel.z/ICML_PIECLAM_020425/experiments/../clamiter.py:364:::  staring fit_feats for 1000 iterations


/home/daniel.z/ICML_PIECLAM_020425/experiments/../clamiter.py:364:::  staring fit_prior for 2000 iterations


/home/daniel.z/ICML_PIECLAM_020425/experiments/../clamiter.py:637:::  
back and forth 6/7


/home/daniel.z/ICML_PIECLAM_020425/experiments/../clamiter.py:364:::  staring fit_feats for 1000 iterations


/home/daniel.z/ICML_PIECLAM_020425/experiments/../clamiter.py:364:::  staring fit_prior for 2000 iterations


/home/daniel.z/ICML_PIECLAM_020425/experiments/../clamiter.py:637:::  
back and forth 7/7


/home/daniel.z/ICML_PIECLAM_020425/experiments/../clamiter.py:364:::  staring fit_feats for 1000 iterations


/home/daniel.z/ICML_PIECLAM_020425/experiments/../clamiter.py:364:::  staring fit_prior for 2000 iterations


/home/daniel.z/ICML_PIECLAM_020425/experiments/../clamiter.py:704:::  
fit end, no early stopping


/home/daniel.z/ICML_PIECLAM_020425/experiments/../trainer.py:419:::  
train_model_on_params on pieclam squirrel 
took 2584.207330226898 seconds


/home/daniel.z/ICML_PIECLAM_020425/experiments/../trainer.py:437:::  


FINISHED train 
 last accuracies:
test
key='auc': 0.9881623639203281
val
key='auc': 0.9881786073262613




/home/daniel.z/ICML_PIECLAM_020425/experiments/optimization_utils.py:648:::  Repetition no. 0


/home/daniel.z/ICML_PIECLAM_020425/experiments/../trainer.py:161:::  
Using dataset specific configuration and not global 




/home/daniel.z/ICML_PIECLAM_020425/experiments/../trainer.py:335:::  
 2025-05-23 18:36:16 starting optimization of pieclam on squirrel on device cuda

 configs_dict: 
{
    "clamiter_init": {
        "dim_feat": 50,
        "dim_attr": 100,
        "s_reg": 0.1,
        "l1_reg": 1,
        "T": 1,
        "hidden_dim": 64,
        "num_coupling_blocks": 32,
        "num_layers_mlp": 2
    },
    "feat_opt": {
        "lr": 5e-06,
        "n_iter": 1000,
        "early_stop": 0
    },
    "prior_opt": {
        "n_iter": 2000,
        "lr": 5e-06,
        "noise_amp": 0.1,
        "weight_decay": 0.1,
        "early_stop": 0
    },
    "back_forth": {
        "n_back_forth": 7,
        "scheduler_step_size": 3,
        "scheduler_gamma": 0.5,
        "early_stop_fit": 0,
        "first_func_in_fit": "fit_feats"
    }
}


/home/daniel.z/ICML_PIECLAM_020425/experiments/../clamiter.py:577:::  
in fit,
first_func_in_fit='fit_feats'
second_function_name='fit_prior'


/home/daniel.z/ICML_PIECLAM_020425/experiments/../clamiter.py:637:::  
back and forth 1/7


/home/daniel.z/ICML_PIECLAM_020425/experiments/../clamiter.py:364:::  staring fit_feats for 1000 iterations


/home/daniel.z/ICML_PIECLAM_020425/experiments/../clamiter.py:364:::  staring fit_prior for 2000 iterations


/home/daniel.z/ICML_PIECLAM_020425/experiments/../clamiter.py:637:::  
back and forth 2/7


/home/daniel.z/ICML_PIECLAM_020425/experiments/../clamiter.py:364:::  staring fit_feats for 1000 iterations


/home/daniel.z/ICML_PIECLAM_020425/experiments/../clamiter.py:364:::  staring fit_prior for 2000 iterations


/home/daniel.z/ICML_PIECLAM_020425/experiments/../clamiter.py:637:::  
back and forth 3/7


/home/daniel.z/ICML_PIECLAM_020425/experiments/../clamiter.py:364:::  staring fit_feats for 1000 iterations


/home/daniel.z/ICML_PIECLAM_020425/experiments/../clamiter.py:364:::  staring fit_prior for 2000 iterations


/home/daniel.z/ICML_PIECLAM_020425/experiments/../clamiter.py:637:::  
back and forth 4/7


/home/daniel.z/ICML_PIECLAM_020425/experiments/../clamiter.py:364:::  staring fit_feats for 1000 iterations


/home/daniel.z/ICML_PIECLAM_020425/experiments/../clamiter.py:364:::  staring fit_prior for 2000 iterations


/home/daniel.z/ICML_PIECLAM_020425/experiments/../clamiter.py:637:::  
back and forth 5/7


/home/daniel.z/ICML_PIECLAM_020425/experiments/../clamiter.py:364:::  staring fit_feats for 1000 iterations


/home/daniel.z/ICML_PIECLAM_020425/experiments/../clamiter.py:364:::  staring fit_prior for 2000 iterations


/home/daniel.z/ICML_PIECLAM_020425/experiments/../clamiter.py:637:::  
back and forth 6/7


/home/daniel.z/ICML_PIECLAM_020425/experiments/../clamiter.py:364:::  staring fit_feats for 1000 iterations


/home/daniel.z/ICML_PIECLAM_020425/experiments/../clamiter.py:364:::  staring fit_prior for 2000 iterations


/home/daniel.z/ICML_PIECLAM_020425/experiments/../clamiter.py:637:::  
back and forth 7/7


/home/daniel.z/ICML_PIECLAM_020425/experiments/../clamiter.py:364:::  staring fit_feats for 1000 iterations


/home/daniel.z/ICML_PIECLAM_020425/experiments/../clamiter.py:364:::  staring fit_prior for 2000 iterations


/home/daniel.z/ICML_PIECLAM_020425/experiments/../clamiter.py:704:::  
fit end, no early stopping


/home/daniel.z/ICML_PIECLAM_020425/experiments/../trainer.py:419:::  
train_model_on_params on pieclam squirrel 
took 2455.991202354431 seconds


/home/daniel.z/ICML_PIECLAM_020425/experiments/../trainer.py:437:::  


FINISHED train 
 last accuracies:
test
key='auc': 0.9864452585668814
val
key='auc': 0.9867621426525773




/home/daniel.z/ICML_PIECLAM_020425/experiments/optimization_utils.py:648:::  Repetition no. 0


/home/daniel.z/ICML_PIECLAM_020425/experiments/../trainer.py:161:::  
Using dataset specific configuration and not global 




/home/daniel.z/ICML_PIECLAM_020425/experiments/../trainer.py:335:::  
 2025-05-23 19:17:13 starting optimization of pieclam on squirrel on device cuda

 configs_dict: 
{
    "clamiter_init": {
        "dim_feat": 200,
        "dim_attr": 100,
        "s_reg": 0.0,
        "l1_reg": 1,
        "T": 1,
        "hidden_dim": 64,
        "num_coupling_blocks": 32,
        "num_layers_mlp": 2
    },
    "feat_opt": {
        "lr": 5e-06,
        "n_iter": 3000,
        "early_stop": 0
    },
    "prior_opt": {
        "n_iter": 2000,
        "lr": 5e-06,
        "noise_amp": 0.1,
        "weight_decay": 0.1,
        "early_stop": 0
    },
    "back_forth": {
        "n_back_forth": 7,
        "scheduler_step_size": 3,
        "scheduler_gamma": 0.5,
        "early_stop_fit": 0,
        "first_func_in_fit": "fit_feats"
    }
}


/home/daniel.z/ICML_PIECLAM_020425/experiments/../clamiter.py:577:::  
in fit,
first_func_in_fit='fit_feats'
second_function_name='fit_prior'


/home/daniel.z/ICML_PIECLAM_020425/experiments/../clamiter.py:637:::  
back and forth 1/7


/home/daniel.z/ICML_PIECLAM_020425/experiments/../clamiter.py:364:::  staring fit_feats for 3000 iterations


/home/daniel.z/ICML_PIECLAM_020425/experiments/../clamiter.py:364:::  staring fit_prior for 2000 iterations


/home/daniel.z/ICML_PIECLAM_020425/experiments/../clamiter.py:637:::  
back and forth 2/7


/home/daniel.z/ICML_PIECLAM_020425/experiments/../clamiter.py:364:::  staring fit_feats for 3000 iterations


/home/daniel.z/ICML_PIECLAM_020425/experiments/../clamiter.py:364:::  staring fit_prior for 2000 iterations


/home/daniel.z/ICML_PIECLAM_020425/experiments/../clamiter.py:637:::  
back and forth 3/7


/home/daniel.z/ICML_PIECLAM_020425/experiments/../clamiter.py:364:::  staring fit_feats for 3000 iterations


/home/daniel.z/ICML_PIECLAM_020425/experiments/../clamiter.py:364:::  staring fit_prior for 2000 iterations


/home/daniel.z/ICML_PIECLAM_020425/experiments/../clamiter.py:637:::  
back and forth 4/7


/home/daniel.z/ICML_PIECLAM_020425/experiments/../clamiter.py:364:::  staring fit_feats for 3000 iterations


/home/daniel.z/ICML_PIECLAM_020425/experiments/../clamiter.py:364:::  staring fit_prior for 2000 iterations


/home/daniel.z/ICML_PIECLAM_020425/experiments/../clamiter.py:637:::  
back and forth 5/7


/home/daniel.z/ICML_PIECLAM_020425/experiments/../clamiter.py:364:::  staring fit_feats for 3000 iterations


/home/daniel.z/ICML_PIECLAM_020425/experiments/../clamiter.py:364:::  staring fit_prior for 2000 iterations


/home/daniel.z/ICML_PIECLAM_020425/experiments/../clamiter.py:637:::  
back and forth 6/7


/home/daniel.z/ICML_PIECLAM_020425/experiments/../clamiter.py:364:::  staring fit_feats for 3000 iterations


/home/daniel.z/ICML_PIECLAM_020425/experiments/../clamiter.py:364:::  staring fit_prior for 2000 iterations


/home/daniel.z/ICML_PIECLAM_020425/experiments/../clamiter.py:637:::  
back and forth 7/7


/home/daniel.z/ICML_PIECLAM_020425/experiments/../clamiter.py:364:::  staring fit_feats for 3000 iterations


/home/daniel.z/ICML_PIECLAM_020425/experiments/../clamiter.py:364:::  staring fit_prior for 2000 iterations


/home/daniel.z/ICML_PIECLAM_020425/experiments/../clamiter.py:704:::  
fit end, no early stopping


/home/daniel.z/ICML_PIECLAM_020425/experiments/../trainer.py:419:::  
train_model_on_params on pieclam squirrel 
took 5557.957724809647 seconds


/home/daniel.z/ICML_PIECLAM_020425/experiments/../trainer.py:437:::  


FINISHED train 
 last accuracies:
test
key='auc': 0.9885461384674946
val
key='auc': 0.9883982222535579




/home/daniel.z/ICML_PIECLAM_020425/experiments/optimization_utils.py:648:::  Repetition no. 0


/home/daniel.z/ICML_PIECLAM_020425/experiments/../trainer.py:161:::  
Using dataset specific configuration and not global 




/home/daniel.z/ICML_PIECLAM_020425/experiments/../trainer.py:335:::  
 2025-05-23 20:49:52 starting optimization of pieclam on squirrel on device cuda

 configs_dict: 
{
    "clamiter_init": {
        "dim_feat": 200,
        "dim_attr": 100,
        "s_reg": 0.1,
        "l1_reg": 1,
        "T": 1,
        "hidden_dim": 64,
        "num_coupling_blocks": 32,
        "num_layers_mlp": 2
    },
    "feat_opt": {
        "lr": 5e-07,
        "n_iter": 3000,
        "early_stop": 0
    },
    "prior_opt": {
        "n_iter": 2000,
        "lr": 5e-06,
        "noise_amp": 0.1,
        "weight_decay": 0.1,
        "early_stop": 0
    },
    "back_forth": {
        "n_back_forth": 7,
        "scheduler_step_size": 3,
        "scheduler_gamma": 0.5,
        "early_stop_fit": 0,
        "first_func_in_fit": "fit_feats"
    }
}


/home/daniel.z/ICML_PIECLAM_020425/experiments/../clamiter.py:577:::  
in fit,
first_func_in_fit='fit_feats'
second_function_name='fit_prior'


/home/daniel.z/ICML_PIECLAM_020425/experiments/../clamiter.py:637:::  
back and forth 1/7


/home/daniel.z/ICML_PIECLAM_020425/experiments/../clamiter.py:364:::  staring fit_feats for 3000 iterations


/home/daniel.z/ICML_PIECLAM_020425/experiments/../clamiter.py:364:::  staring fit_prior for 2000 iterations


/home/daniel.z/ICML_PIECLAM_020425/experiments/../clamiter.py:637:::  
back and forth 2/7


/home/daniel.z/ICML_PIECLAM_020425/experiments/../clamiter.py:364:::  staring fit_feats for 3000 iterations


/home/daniel.z/ICML_PIECLAM_020425/experiments/../clamiter.py:364:::  staring fit_prior for 2000 iterations


/home/daniel.z/ICML_PIECLAM_020425/experiments/../clamiter.py:637:::  
back and forth 3/7


/home/daniel.z/ICML_PIECLAM_020425/experiments/../clamiter.py:364:::  staring fit_feats for 3000 iterations


/home/daniel.z/ICML_PIECLAM_020425/experiments/../clamiter.py:364:::  staring fit_prior for 2000 iterations


/home/daniel.z/ICML_PIECLAM_020425/experiments/../clamiter.py:637:::  
back and forth 4/7


/home/daniel.z/ICML_PIECLAM_020425/experiments/../clamiter.py:364:::  staring fit_feats for 3000 iterations


/home/daniel.z/ICML_PIECLAM_020425/experiments/../clamiter.py:364:::  staring fit_prior for 2000 iterations


/home/daniel.z/ICML_PIECLAM_020425/experiments/../clamiter.py:637:::  
back and forth 5/7


/home/daniel.z/ICML_PIECLAM_020425/experiments/../clamiter.py:364:::  staring fit_feats for 3000 iterations


/home/daniel.z/ICML_PIECLAM_020425/experiments/../clamiter.py:364:::  staring fit_prior for 2000 iterations


/home/daniel.z/ICML_PIECLAM_020425/experiments/../clamiter.py:637:::  
back and forth 6/7


/home/daniel.z/ICML_PIECLAM_020425/experiments/../clamiter.py:364:::  staring fit_feats for 3000 iterations


/home/daniel.z/ICML_PIECLAM_020425/experiments/../clamiter.py:364:::  staring fit_prior for 2000 iterations


/home/daniel.z/ICML_PIECLAM_020425/experiments/../clamiter.py:637:::  
back and forth 7/7


/home/daniel.z/ICML_PIECLAM_020425/experiments/../clamiter.py:364:::  staring fit_feats for 3000 iterations


/home/daniel.z/ICML_PIECLAM_020425/experiments/../clamiter.py:364:::  staring fit_prior for 2000 iterations


/home/daniel.z/ICML_PIECLAM_020425/experiments/../clamiter.py:704:::  
fit end, no early stopping


/home/daniel.z/ICML_PIECLAM_020425/experiments/../trainer.py:419:::  
train_model_on_params on pieclam squirrel 
took 5721.491054534912 seconds


/home/daniel.z/ICML_PIECLAM_020425/experiments/../trainer.py:437:::  


FINISHED train 
 last accuracies:
test
key='auc': 0.9781961671406172
val
key='auc': 0.9782873574882024




/home/daniel.z/ICML_PIECLAM_020425/experiments/optimization_utils.py:648:::  Repetition no. 0


/home/daniel.z/ICML_PIECLAM_020425/experiments/../trainer.py:161:::  
Using dataset specific configuration and not global 




/home/daniel.z/ICML_PIECLAM_020425/experiments/../trainer.py:335:::  
 2025-05-23 22:25:14 starting optimization of pieclam on squirrel on device cuda

 configs_dict: 
{
    "clamiter_init": {
        "dim_feat": 100,
        "dim_attr": 100,
        "s_reg": 0.0,
        "l1_reg": 1,
        "T": 1,
        "hidden_dim": 64,
        "num_coupling_blocks": 32,
        "num_layers_mlp": 2
    },
    "feat_opt": {
        "lr": 5e-06,
        "n_iter": 500,
        "early_stop": 0
    },
    "prior_opt": {
        "n_iter": 2000,
        "lr": 5e-06,
        "noise_amp": 0.1,
        "weight_decay": 0.1,
        "early_stop": 0
    },
    "back_forth": {
        "n_back_forth": 7,
        "scheduler_step_size": 3,
        "scheduler_gamma": 0.5,
        "early_stop_fit": 0,
        "first_func_in_fit": "fit_feats"
    }
}


/home/daniel.z/ICML_PIECLAM_020425/experiments/../clamiter.py:577:::  
in fit,
first_func_in_fit='fit_feats'
second_function_name='fit_prior'


/home/daniel.z/ICML_PIECLAM_020425/experiments/../clamiter.py:637:::  
back and forth 1/7


/home/daniel.z/ICML_PIECLAM_020425/experiments/../clamiter.py:364:::  staring fit_feats for 500 iterations


/home/daniel.z/ICML_PIECLAM_020425/experiments/../clamiter.py:364:::  staring fit_prior for 2000 iterations


/home/daniel.z/ICML_PIECLAM_020425/experiments/../clamiter.py:637:::  
back and forth 2/7


/home/daniel.z/ICML_PIECLAM_020425/experiments/../clamiter.py:364:::  staring fit_feats for 500 iterations


/home/daniel.z/ICML_PIECLAM_020425/experiments/../clamiter.py:364:::  staring fit_prior for 2000 iterations


/home/daniel.z/ICML_PIECLAM_020425/experiments/../clamiter.py:637:::  
back and forth 3/7


/home/daniel.z/ICML_PIECLAM_020425/experiments/../clamiter.py:364:::  staring fit_feats for 500 iterations


/home/daniel.z/ICML_PIECLAM_020425/experiments/../clamiter.py:364:::  staring fit_prior for 2000 iterations


/home/daniel.z/ICML_PIECLAM_020425/experiments/../clamiter.py:637:::  
back and forth 4/7


/home/daniel.z/ICML_PIECLAM_020425/experiments/../clamiter.py:364:::  staring fit_feats for 500 iterations


/home/daniel.z/ICML_PIECLAM_020425/experiments/../clamiter.py:364:::  staring fit_prior for 2000 iterations


/home/daniel.z/ICML_PIECLAM_020425/experiments/../clamiter.py:637:::  
back and forth 5/7


/home/daniel.z/ICML_PIECLAM_020425/experiments/../clamiter.py:364:::  staring fit_feats for 500 iterations


/home/daniel.z/ICML_PIECLAM_020425/experiments/../clamiter.py:364:::  staring fit_prior for 2000 iterations


/home/daniel.z/ICML_PIECLAM_020425/experiments/../clamiter.py:637:::  
back and forth 6/7


/home/daniel.z/ICML_PIECLAM_020425/experiments/../clamiter.py:364:::  staring fit_feats for 500 iterations


/home/daniel.z/ICML_PIECLAM_020425/experiments/../clamiter.py:364:::  staring fit_prior for 2000 iterations


/home/daniel.z/ICML_PIECLAM_020425/experiments/../clamiter.py:637:::  
back and forth 7/7


/home/daniel.z/ICML_PIECLAM_020425/experiments/../clamiter.py:364:::  staring fit_feats for 500 iterations


/home/daniel.z/ICML_PIECLAM_020425/experiments/../clamiter.py:364:::  staring fit_prior for 2000 iterations


/home/daniel.z/ICML_PIECLAM_020425/experiments/../clamiter.py:704:::  
fit end, no early stopping


/home/daniel.z/ICML_PIECLAM_020425/experiments/../trainer.py:419:::  
train_model_on_params on pieclam squirrel 
took 1983.7913920879364 seconds


/home/daniel.z/ICML_PIECLAM_020425/experiments/../trainer.py:437:::  


FINISHED train 
 last accuracies:
test
key='auc': 0.9856970199344599
val
key='auc': 0.985052296149159




/home/daniel.z/ICML_PIECLAM_020425/experiments/optimization_utils.py:648:::  Repetition no. 0


/home/daniel.z/ICML_PIECLAM_020425/experiments/../trainer.py:161:::  
Using dataset specific configuration and not global 




/home/daniel.z/ICML_PIECLAM_020425/experiments/../trainer.py:335:::  
 2025-05-23 22:58:19 starting optimization of pieclam on squirrel on device cuda

 configs_dict: 
{
    "clamiter_init": {
        "dim_feat": 100,
        "dim_attr": 100,
        "s_reg": 0.1,
        "l1_reg": 1,
        "T": 1,
        "hidden_dim": 64,
        "num_coupling_blocks": 32,
        "num_layers_mlp": 2
    },
    "feat_opt": {
        "lr": 5e-06,
        "n_iter": 500,
        "early_stop": 0
    },
    "prior_opt": {
        "n_iter": 2000,
        "lr": 5e-06,
        "noise_amp": 0.1,
        "weight_decay": 0.1,
        "early_stop": 0
    },
    "back_forth": {
        "n_back_forth": 7,
        "scheduler_step_size": 3,
        "scheduler_gamma": 0.5,
        "early_stop_fit": 0,
        "first_func_in_fit": "fit_feats"
    }
}


/home/daniel.z/ICML_PIECLAM_020425/experiments/../clamiter.py:577:::  
in fit,
first_func_in_fit='fit_feats'
second_function_name='fit_prior'


/home/daniel.z/ICML_PIECLAM_020425/experiments/../clamiter.py:637:::  
back and forth 1/7


/home/daniel.z/ICML_PIECLAM_020425/experiments/../clamiter.py:364:::  staring fit_feats for 500 iterations


/home/daniel.z/ICML_PIECLAM_020425/experiments/../clamiter.py:364:::  staring fit_prior for 2000 iterations


/home/daniel.z/ICML_PIECLAM_020425/experiments/../clamiter.py:637:::  
back and forth 2/7


/home/daniel.z/ICML_PIECLAM_020425/experiments/../clamiter.py:364:::  staring fit_feats for 500 iterations


/home/daniel.z/ICML_PIECLAM_020425/experiments/../clamiter.py:364:::  staring fit_prior for 2000 iterations


/home/daniel.z/ICML_PIECLAM_020425/experiments/../clamiter.py:637:::  
back and forth 3/7


/home/daniel.z/ICML_PIECLAM_020425/experiments/../clamiter.py:364:::  staring fit_feats for 500 iterations


/home/daniel.z/ICML_PIECLAM_020425/experiments/../clamiter.py:364:::  staring fit_prior for 2000 iterations


/home/daniel.z/ICML_PIECLAM_020425/experiments/../clamiter.py:637:::  
back and forth 4/7


/home/daniel.z/ICML_PIECLAM_020425/experiments/../clamiter.py:364:::  staring fit_feats for 500 iterations


/home/daniel.z/ICML_PIECLAM_020425/experiments/../clamiter.py:364:::  staring fit_prior for 2000 iterations


/home/daniel.z/ICML_PIECLAM_020425/experiments/../clamiter.py:637:::  
back and forth 5/7


/home/daniel.z/ICML_PIECLAM_020425/experiments/../clamiter.py:364:::  staring fit_feats for 500 iterations


/home/daniel.z/ICML_PIECLAM_020425/experiments/../clamiter.py:364:::  staring fit_prior for 2000 iterations


/home/daniel.z/ICML_PIECLAM_020425/experiments/../clamiter.py:637:::  
back and forth 6/7


/home/daniel.z/ICML_PIECLAM_020425/experiments/../clamiter.py:364:::  staring fit_feats for 500 iterations


/home/daniel.z/ICML_PIECLAM_020425/experiments/../clamiter.py:364:::  staring fit_prior for 2000 iterations


/home/daniel.z/ICML_PIECLAM_020425/experiments/../clamiter.py:637:::  
back and forth 7/7


/home/daniel.z/ICML_PIECLAM_020425/experiments/../clamiter.py:364:::  staring fit_feats for 500 iterations


/home/daniel.z/ICML_PIECLAM_020425/experiments/../clamiter.py:364:::  staring fit_prior for 2000 iterations


/home/daniel.z/ICML_PIECLAM_020425/experiments/../clamiter.py:704:::  
fit end, no early stopping


/home/daniel.z/ICML_PIECLAM_020425/experiments/../trainer.py:419:::  
train_model_on_params on pieclam squirrel 
took 2001.3164734840393 seconds


/home/daniel.z/ICML_PIECLAM_020425/experiments/../trainer.py:437:::  


FINISHED train 
 last accuracies:
test
key='auc': 0.9849018279281616
val
key='auc': 0.9835516479386552




/home/daniel.z/ICML_PIECLAM_020425/experiments/optimization_utils.py:722:::  

Finished CrossVal!




/home/daniel.z/ICML_PIECLAM_020425/experiments/optimization_utils.py:511:::  on test set /home/daniel.z/ICML_PIECLAM_020425/experiments/results/link_prediction/auc/squirrel/pieclam, split_20-09_02-05-25


/home/daniel.z/ICML_PIECLAM_020425/experiments/optimization_utils.py:626:::  RunSaver defined to acc_configs path /home/daniel.z/ICML_PIECLAM_020425/experiments/results/link_prediction/auc/squirrel/pieclam/split_20-09_02-05-25/valid/acc_configs23-31_23-05-25.json


/home/daniel.z/ICML_PIECLAM_020425/experiments/optimization_utils.py:648:::  Repetition no. 0


/home/daniel.z/ICML_PIECLAM_020425/experiments/../trainer.py:161:::  
Using dataset specific configuration and not global 




/home/daniel.z/ICML_PIECLAM_020425/experiments/../trainer.py:335:::  
 2025-05-23 23:31:44 starting optimization of pieclam on squirrel on device cuda

 configs_dict: 
{
    "clamiter_init": {
        "dim_feat": 100,
        "dim_attr": 100,
        "s_reg": 0.0,
        "l1_reg": 1,
        "T": 1,
        "hidden_dim": 64,
        "num_coupling_blocks": 32,
        "num_layers_mlp": 2
    },
    "feat_opt": {
        "lr": 5e-07,
        "n_iter": 1000,
        "early_stop": 0
    },
    "prior_opt": {
        "n_iter": 2000,
        "lr": 5e-06,
        "noise_amp": 0.1,
        "weight_decay": 0.1,
        "early_stop": 0
    },
    "back_forth": {
        "n_back_forth": 7,
        "scheduler_step_size": 3,
        "scheduler_gamma": 0.5,
        "early_stop_fit": 0,
        "first_func_in_fit": "fit_feats"
    }
}


/home/daniel.z/ICML_PIECLAM_020425/experiments/../clamiter.py:577:::  
in fit,
first_func_in_fit='fit_feats'
second_function_name='fit_prior'


/home/daniel.z/ICML_PIECLAM_020425/experiments/../clamiter.py:637:::  
back and forth 1/7


/home/daniel.z/ICML_PIECLAM_020425/experiments/../clamiter.py:364:::  staring fit_feats for 1000 iterations


/home/daniel.z/ICML_PIECLAM_020425/experiments/../clamiter.py:364:::  staring fit_prior for 2000 iterations


/home/daniel.z/ICML_PIECLAM_020425/experiments/../clamiter.py:637:::  
back and forth 2/7


/home/daniel.z/ICML_PIECLAM_020425/experiments/../clamiter.py:364:::  staring fit_feats for 1000 iterations


/home/daniel.z/ICML_PIECLAM_020425/experiments/../clamiter.py:364:::  staring fit_prior for 2000 iterations


/home/daniel.z/ICML_PIECLAM_020425/experiments/../clamiter.py:637:::  
back and forth 3/7


/home/daniel.z/ICML_PIECLAM_020425/experiments/../clamiter.py:364:::  staring fit_feats for 1000 iterations


/home/daniel.z/ICML_PIECLAM_020425/experiments/../clamiter.py:364:::  staring fit_prior for 2000 iterations


/home/daniel.z/ICML_PIECLAM_020425/experiments/../clamiter.py:637:::  
back and forth 4/7


/home/daniel.z/ICML_PIECLAM_020425/experiments/../clamiter.py:364:::  staring fit_feats for 1000 iterations


/home/daniel.z/ICML_PIECLAM_020425/experiments/../clamiter.py:364:::  staring fit_prior for 2000 iterations


/home/daniel.z/ICML_PIECLAM_020425/experiments/../clamiter.py:637:::  
back and forth 5/7


/home/daniel.z/ICML_PIECLAM_020425/experiments/../clamiter.py:364:::  staring fit_feats for 1000 iterations


/home/daniel.z/ICML_PIECLAM_020425/experiments/../clamiter.py:364:::  staring fit_prior for 2000 iterations


/home/daniel.z/ICML_PIECLAM_020425/experiments/../clamiter.py:637:::  
back and forth 6/7


/home/daniel.z/ICML_PIECLAM_020425/experiments/../clamiter.py:364:::  staring fit_feats for 1000 iterations


/home/daniel.z/ICML_PIECLAM_020425/experiments/../clamiter.py:364:::  staring fit_prior for 2000 iterations


/home/daniel.z/ICML_PIECLAM_020425/experiments/../clamiter.py:637:::  
back and forth 7/7


/home/daniel.z/ICML_PIECLAM_020425/experiments/../clamiter.py:364:::  staring fit_feats for 1000 iterations


/home/daniel.z/ICML_PIECLAM_020425/experiments/../clamiter.py:364:::  staring fit_prior for 2000 iterations


/home/daniel.z/ICML_PIECLAM_020425/experiments/../clamiter.py:704:::  
fit end, no early stopping


/home/daniel.z/ICML_PIECLAM_020425/experiments/../trainer.py:419:::  
train_model_on_params on pieclam squirrel 
took 2625.295135498047 seconds


/home/daniel.z/ICML_PIECLAM_020425/experiments/../trainer.py:437:::  


FINISHED train 
 last accuracies:
test
key='auc': 0.9402959680343317
val
key='auc': 0.9409810868606203




/home/daniel.z/ICML_PIECLAM_020425/experiments/optimization_utils.py:648:::  Repetition no. 0


/home/daniel.z/ICML_PIECLAM_020425/experiments/../trainer.py:161:::  
Using dataset specific configuration and not global 




/home/daniel.z/ICML_PIECLAM_020425/experiments/../trainer.py:335:::  
 2025-05-24 00:15:30 starting optimization of pieclam on squirrel on device cuda

 configs_dict: 
{
    "clamiter_init": {
        "dim_feat": 200,
        "dim_attr": 100,
        "s_reg": 0.0,
        "l1_reg": 1,
        "T": 1,
        "hidden_dim": 64,
        "num_coupling_blocks": 32,
        "num_layers_mlp": 2
    },
    "feat_opt": {
        "lr": 5e-06,
        "n_iter": 500,
        "early_stop": 0
    },
    "prior_opt": {
        "n_iter": 2000,
        "lr": 5e-06,
        "noise_amp": 0.1,
        "weight_decay": 0.1,
        "early_stop": 0
    },
    "back_forth": {
        "n_back_forth": 7,
        "scheduler_step_size": 3,
        "scheduler_gamma": 0.5,
        "early_stop_fit": 0,
        "first_func_in_fit": "fit_feats"
    }
}


/home/daniel.z/ICML_PIECLAM_020425/experiments/../clamiter.py:577:::  
in fit,
first_func_in_fit='fit_feats'
second_function_name='fit_prior'


/home/daniel.z/ICML_PIECLAM_020425/experiments/../clamiter.py:637:::  
back and forth 1/7


/home/daniel.z/ICML_PIECLAM_020425/experiments/../clamiter.py:364:::  staring fit_feats for 500 iterations


/home/daniel.z/ICML_PIECLAM_020425/experiments/../clamiter.py:364:::  staring fit_prior for 2000 iterations


/home/daniel.z/ICML_PIECLAM_020425/experiments/../clamiter.py:637:::  
back and forth 2/7


/home/daniel.z/ICML_PIECLAM_020425/experiments/../clamiter.py:364:::  staring fit_feats for 500 iterations


/home/daniel.z/ICML_PIECLAM_020425/experiments/../clamiter.py:364:::  staring fit_prior for 2000 iterations


/home/daniel.z/ICML_PIECLAM_020425/experiments/../clamiter.py:637:::  
back and forth 3/7


/home/daniel.z/ICML_PIECLAM_020425/experiments/../clamiter.py:364:::  staring fit_feats for 500 iterations


/home/daniel.z/ICML_PIECLAM_020425/experiments/../clamiter.py:364:::  staring fit_prior for 2000 iterations


/home/daniel.z/ICML_PIECLAM_020425/experiments/../clamiter.py:637:::  
back and forth 4/7


/home/daniel.z/ICML_PIECLAM_020425/experiments/../clamiter.py:364:::  staring fit_feats for 500 iterations


/home/daniel.z/ICML_PIECLAM_020425/experiments/../clamiter.py:364:::  staring fit_prior for 2000 iterations


/home/daniel.z/ICML_PIECLAM_020425/experiments/../clamiter.py:637:::  
back and forth 5/7


/home/daniel.z/ICML_PIECLAM_020425/experiments/../clamiter.py:364:::  staring fit_feats for 500 iterations


/home/daniel.z/ICML_PIECLAM_020425/experiments/../clamiter.py:364:::  staring fit_prior for 2000 iterations


/home/daniel.z/ICML_PIECLAM_020425/experiments/../clamiter.py:637:::  
back and forth 6/7


/home/daniel.z/ICML_PIECLAM_020425/experiments/../clamiter.py:364:::  staring fit_feats for 500 iterations


/home/daniel.z/ICML_PIECLAM_020425/experiments/../clamiter.py:364:::  staring fit_prior for 2000 iterations


/home/daniel.z/ICML_PIECLAM_020425/experiments/../clamiter.py:637:::  
back and forth 7/7


/home/daniel.z/ICML_PIECLAM_020425/experiments/../clamiter.py:364:::  staring fit_feats for 500 iterations


/home/daniel.z/ICML_PIECLAM_020425/experiments/../clamiter.py:364:::  staring fit_prior for 2000 iterations


/home/daniel.z/ICML_PIECLAM_020425/experiments/../clamiter.py:704:::  
fit end, no early stopping


/home/daniel.z/ICML_PIECLAM_020425/experiments/../trainer.py:419:::  
train_model_on_params on pieclam squirrel 
took 2129.080375432968 seconds


/home/daniel.z/ICML_PIECLAM_020425/experiments/../trainer.py:437:::  


FINISHED train 
 last accuracies:
test
key='auc': 0.9837230795997081
val
key='auc': 0.983705227428847




/home/daniel.z/ICML_PIECLAM_020425/experiments/optimization_utils.py:648:::  Repetition no. 0


/home/daniel.z/ICML_PIECLAM_020425/experiments/../trainer.py:161:::  
Using dataset specific configuration and not global 




/home/daniel.z/ICML_PIECLAM_020425/experiments/../trainer.py:335:::  
 2025-05-24 00:51:00 starting optimization of pieclam on squirrel on device cuda

 configs_dict: 
{
    "clamiter_init": {
        "dim_feat": 50,
        "dim_attr": 100,
        "s_reg": 0.0,
        "l1_reg": 1,
        "T": 1,
        "hidden_dim": 64,
        "num_coupling_blocks": 32,
        "num_layers_mlp": 2
    },
    "feat_opt": {
        "lr": 5e-07,
        "n_iter": 3000,
        "early_stop": 0
    },
    "prior_opt": {
        "n_iter": 2000,
        "lr": 5e-06,
        "noise_amp": 0.1,
        "weight_decay": 0.1,
        "early_stop": 0
    },
    "back_forth": {
        "n_back_forth": 7,
        "scheduler_step_size": 3,
        "scheduler_gamma": 0.5,
        "early_stop_fit": 0,
        "first_func_in_fit": "fit_feats"
    }
}


/home/daniel.z/ICML_PIECLAM_020425/experiments/../clamiter.py:577:::  
in fit,
first_func_in_fit='fit_feats'
second_function_name='fit_prior'


/home/daniel.z/ICML_PIECLAM_020425/experiments/../clamiter.py:637:::  
back and forth 1/7


/home/daniel.z/ICML_PIECLAM_020425/experiments/../clamiter.py:364:::  staring fit_feats for 3000 iterations


/home/daniel.z/ICML_PIECLAM_020425/experiments/../clamiter.py:364:::  staring fit_prior for 2000 iterations


/home/daniel.z/ICML_PIECLAM_020425/experiments/../clamiter.py:637:::  
back and forth 2/7


/home/daniel.z/ICML_PIECLAM_020425/experiments/../clamiter.py:364:::  staring fit_feats for 3000 iterations


/home/daniel.z/ICML_PIECLAM_020425/experiments/../clamiter.py:364:::  staring fit_prior for 2000 iterations


/home/daniel.z/ICML_PIECLAM_020425/experiments/../clamiter.py:637:::  
back and forth 3/7


/home/daniel.z/ICML_PIECLAM_020425/experiments/../clamiter.py:364:::  staring fit_feats for 3000 iterations


/home/daniel.z/ICML_PIECLAM_020425/experiments/../clamiter.py:364:::  staring fit_prior for 2000 iterations


/home/daniel.z/ICML_PIECLAM_020425/experiments/../clamiter.py:637:::  
back and forth 4/7


/home/daniel.z/ICML_PIECLAM_020425/experiments/../clamiter.py:364:::  staring fit_feats for 3000 iterations


/home/daniel.z/ICML_PIECLAM_020425/experiments/../clamiter.py:364:::  staring fit_prior for 2000 iterations


/home/daniel.z/ICML_PIECLAM_020425/experiments/../clamiter.py:637:::  
back and forth 5/7


/home/daniel.z/ICML_PIECLAM_020425/experiments/../clamiter.py:364:::  staring fit_feats for 3000 iterations


/home/daniel.z/ICML_PIECLAM_020425/experiments/../clamiter.py:364:::  staring fit_prior for 2000 iterations


/home/daniel.z/ICML_PIECLAM_020425/experiments/../clamiter.py:637:::  
back and forth 6/7


/home/daniel.z/ICML_PIECLAM_020425/experiments/../clamiter.py:364:::  staring fit_feats for 3000 iterations


/home/daniel.z/ICML_PIECLAM_020425/experiments/../clamiter.py:364:::  staring fit_prior for 2000 iterations


/home/daniel.z/ICML_PIECLAM_020425/experiments/../clamiter.py:637:::  
back and forth 7/7


/home/daniel.z/ICML_PIECLAM_020425/experiments/../clamiter.py:364:::  staring fit_feats for 3000 iterations


/home/daniel.z/ICML_PIECLAM_020425/experiments/../clamiter.py:364:::  staring fit_prior for 2000 iterations


/home/daniel.z/ICML_PIECLAM_020425/experiments/../clamiter.py:704:::  
fit end, no early stopping


/home/daniel.z/ICML_PIECLAM_020425/experiments/../trainer.py:419:::  
train_model_on_params on pieclam squirrel 
took 4610.195343017578 seconds


/home/daniel.z/ICML_PIECLAM_020425/experiments/../trainer.py:437:::  


FINISHED train 
 last accuracies:
test
key='auc': 0.9778031107254226
val
key='auc': 0.9785501372171873




/home/daniel.z/ICML_PIECLAM_020425/experiments/optimization_utils.py:648:::  Repetition no. 0


/home/daniel.z/ICML_PIECLAM_020425/experiments/../trainer.py:161:::  
Using dataset specific configuration and not global 




/home/daniel.z/ICML_PIECLAM_020425/experiments/../trainer.py:335:::  
 2025-05-24 02:07:51 starting optimization of pieclam on squirrel on device cuda

 configs_dict: 
{
    "clamiter_init": {
        "dim_feat": 100,
        "dim_attr": 100,
        "s_reg": 0.1,
        "l1_reg": 1,
        "T": 1,
        "hidden_dim": 64,
        "num_coupling_blocks": 32,
        "num_layers_mlp": 2
    },
    "feat_opt": {
        "lr": 5e-07,
        "n_iter": 1000,
        "early_stop": 0
    },
    "prior_opt": {
        "n_iter": 2000,
        "lr": 5e-06,
        "noise_amp": 0.1,
        "weight_decay": 0.1,
        "early_stop": 0
    },
    "back_forth": {
        "n_back_forth": 7,
        "scheduler_step_size": 3,
        "scheduler_gamma": 0.5,
        "early_stop_fit": 0,
        "first_func_in_fit": "fit_feats"
    }
}


/home/daniel.z/ICML_PIECLAM_020425/experiments/../clamiter.py:577:::  
in fit,
first_func_in_fit='fit_feats'
second_function_name='fit_prior'


/home/daniel.z/ICML_PIECLAM_020425/experiments/../clamiter.py:637:::  
back and forth 1/7


/home/daniel.z/ICML_PIECLAM_020425/experiments/../clamiter.py:364:::  staring fit_feats for 1000 iterations


/home/daniel.z/ICML_PIECLAM_020425/experiments/../clamiter.py:364:::  staring fit_prior for 2000 iterations


/home/daniel.z/ICML_PIECLAM_020425/experiments/../clamiter.py:637:::  
back and forth 2/7


/home/daniel.z/ICML_PIECLAM_020425/experiments/../clamiter.py:364:::  staring fit_feats for 1000 iterations


/home/daniel.z/ICML_PIECLAM_020425/experiments/../clamiter.py:364:::  staring fit_prior for 2000 iterations


/home/daniel.z/ICML_PIECLAM_020425/experiments/../clamiter.py:637:::  
back and forth 3/7


/home/daniel.z/ICML_PIECLAM_020425/experiments/../clamiter.py:364:::  staring fit_feats for 1000 iterations


/home/daniel.z/ICML_PIECLAM_020425/experiments/../clamiter.py:364:::  staring fit_prior for 2000 iterations


/home/daniel.z/ICML_PIECLAM_020425/experiments/../clamiter.py:637:::  
back and forth 4/7


/home/daniel.z/ICML_PIECLAM_020425/experiments/../clamiter.py:364:::  staring fit_feats for 1000 iterations


/home/daniel.z/ICML_PIECLAM_020425/experiments/../clamiter.py:364:::  staring fit_prior for 2000 iterations


/home/daniel.z/ICML_PIECLAM_020425/experiments/../clamiter.py:637:::  
back and forth 5/7


/home/daniel.z/ICML_PIECLAM_020425/experiments/../clamiter.py:364:::  staring fit_feats for 1000 iterations


/home/daniel.z/ICML_PIECLAM_020425/experiments/../clamiter.py:364:::  staring fit_prior for 2000 iterations


/home/daniel.z/ICML_PIECLAM_020425/experiments/../clamiter.py:637:::  
back and forth 6/7


/home/daniel.z/ICML_PIECLAM_020425/experiments/../clamiter.py:364:::  staring fit_feats for 1000 iterations


/home/daniel.z/ICML_PIECLAM_020425/experiments/../clamiter.py:364:::  staring fit_prior for 2000 iterations


/home/daniel.z/ICML_PIECLAM_020425/experiments/../clamiter.py:637:::  
back and forth 7/7


/home/daniel.z/ICML_PIECLAM_020425/experiments/../clamiter.py:364:::  staring fit_feats for 1000 iterations


/home/daniel.z/ICML_PIECLAM_020425/experiments/../clamiter.py:364:::  staring fit_prior for 2000 iterations


/home/daniel.z/ICML_PIECLAM_020425/experiments/../clamiter.py:704:::  
fit end, no early stopping


/home/daniel.z/ICML_PIECLAM_020425/experiments/../trainer.py:419:::  
train_model_on_params on pieclam squirrel 
took 2643.5596091747284 seconds


/home/daniel.z/ICML_PIECLAM_020425/experiments/../trainer.py:437:::  


FINISHED train 
 last accuracies:
test
key='auc': 0.939203796840604
val
key='auc': 0.9394384327717638




/home/daniel.z/ICML_PIECLAM_020425/experiments/optimization_utils.py:648:::  Repetition no. 0


/home/daniel.z/ICML_PIECLAM_020425/experiments/../trainer.py:161:::  
Using dataset specific configuration and not global 




/home/daniel.z/ICML_PIECLAM_020425/experiments/../trainer.py:335:::  
 2025-05-24 02:51:55 starting optimization of pieclam on squirrel on device cuda

 configs_dict: 
{
    "clamiter_init": {
        "dim_feat": 200,
        "dim_attr": 100,
        "s_reg": 0.1,
        "l1_reg": 1,
        "T": 1,
        "hidden_dim": 64,
        "num_coupling_blocks": 32,
        "num_layers_mlp": 2
    },
    "feat_opt": {
        "lr": 5e-06,
        "n_iter": 1000,
        "early_stop": 0
    },
    "prior_opt": {
        "n_iter": 2000,
        "lr": 5e-06,
        "noise_amp": 0.1,
        "weight_decay": 0.1,
        "early_stop": 0
    },
    "back_forth": {
        "n_back_forth": 7,
        "scheduler_step_size": 3,
        "scheduler_gamma": 0.5,
        "early_stop_fit": 0,
        "first_func_in_fit": "fit_feats"
    }
}


/home/daniel.z/ICML_PIECLAM_020425/experiments/../clamiter.py:577:::  
in fit,
first_func_in_fit='fit_feats'
second_function_name='fit_prior'


/home/daniel.z/ICML_PIECLAM_020425/experiments/../clamiter.py:637:::  
back and forth 1/7


/home/daniel.z/ICML_PIECLAM_020425/experiments/../clamiter.py:364:::  staring fit_feats for 1000 iterations


/home/daniel.z/ICML_PIECLAM_020425/experiments/../clamiter.py:364:::  staring fit_prior for 2000 iterations


/home/daniel.z/ICML_PIECLAM_020425/experiments/../clamiter.py:637:::  
back and forth 2/7


/home/daniel.z/ICML_PIECLAM_020425/experiments/../clamiter.py:364:::  staring fit_feats for 1000 iterations


/home/daniel.z/ICML_PIECLAM_020425/experiments/../clamiter.py:364:::  staring fit_prior for 2000 iterations


/home/daniel.z/ICML_PIECLAM_020425/experiments/../clamiter.py:637:::  
back and forth 3/7


/home/daniel.z/ICML_PIECLAM_020425/experiments/../clamiter.py:364:::  staring fit_feats for 1000 iterations


/home/daniel.z/ICML_PIECLAM_020425/experiments/../clamiter.py:364:::  staring fit_prior for 2000 iterations


/home/daniel.z/ICML_PIECLAM_020425/experiments/../clamiter.py:637:::  
back and forth 4/7


/home/daniel.z/ICML_PIECLAM_020425/experiments/../clamiter.py:364:::  staring fit_feats for 1000 iterations


/home/daniel.z/ICML_PIECLAM_020425/experiments/../clamiter.py:364:::  staring fit_prior for 2000 iterations


/home/daniel.z/ICML_PIECLAM_020425/experiments/../clamiter.py:637:::  
back and forth 5/7


/home/daniel.z/ICML_PIECLAM_020425/experiments/../clamiter.py:364:::  staring fit_feats for 1000 iterations


/home/daniel.z/ICML_PIECLAM_020425/experiments/../clamiter.py:364:::  staring fit_prior for 2000 iterations


/home/daniel.z/ICML_PIECLAM_020425/experiments/../clamiter.py:637:::  
back and forth 6/7


/home/daniel.z/ICML_PIECLAM_020425/experiments/../clamiter.py:364:::  staring fit_feats for 1000 iterations


/home/daniel.z/ICML_PIECLAM_020425/experiments/../clamiter.py:364:::  staring fit_prior for 2000 iterations


/home/daniel.z/ICML_PIECLAM_020425/experiments/../clamiter.py:637:::  
back and forth 7/7


/home/daniel.z/ICML_PIECLAM_020425/experiments/../clamiter.py:364:::  staring fit_feats for 1000 iterations


/home/daniel.z/ICML_PIECLAM_020425/experiments/../clamiter.py:364:::  staring fit_prior for 2000 iterations


/home/daniel.z/ICML_PIECLAM_020425/experiments/../clamiter.py:704:::  
fit end, no early stopping


/home/daniel.z/ICML_PIECLAM_020425/experiments/../trainer.py:419:::  
train_model_on_params on pieclam squirrel 
took 2774.2326109409332 seconds


/home/daniel.z/ICML_PIECLAM_020425/experiments/../trainer.py:437:::  


FINISHED train 
 last accuracies:
test
key='auc': 0.988523240783691
val
key='auc': 0.9879585250386727




/home/daniel.z/ICML_PIECLAM_020425/experiments/optimization_utils.py:648:::  Repetition no. 0


/home/daniel.z/ICML_PIECLAM_020425/experiments/../trainer.py:161:::  
Using dataset specific configuration and not global 




/home/daniel.z/ICML_PIECLAM_020425/experiments/../trainer.py:335:::  
 2025-05-24 03:38:10 starting optimization of pieclam on squirrel on device cuda

 configs_dict: 
{
    "clamiter_init": {
        "dim_feat": 50,
        "dim_attr": 100,
        "s_reg": 0.1,
        "l1_reg": 1,
        "T": 1,
        "hidden_dim": 64,
        "num_coupling_blocks": 32,
        "num_layers_mlp": 2
    },
    "feat_opt": {
        "lr": 5e-07,
        "n_iter": 500,
        "early_stop": 0
    },
    "prior_opt": {
        "n_iter": 2000,
        "lr": 5e-06,
        "noise_amp": 0.1,
        "weight_decay": 0.1,
        "early_stop": 0
    },
    "back_forth": {
        "n_back_forth": 7,
        "scheduler_step_size": 3,
        "scheduler_gamma": 0.5,
        "early_stop_fit": 0,
        "first_func_in_fit": "fit_feats"
    }
}


/home/daniel.z/ICML_PIECLAM_020425/experiments/../clamiter.py:577:::  
in fit,
first_func_in_fit='fit_feats'
second_function_name='fit_prior'


/home/daniel.z/ICML_PIECLAM_020425/experiments/../clamiter.py:637:::  
back and forth 1/7


/home/daniel.z/ICML_PIECLAM_020425/experiments/../clamiter.py:364:::  staring fit_feats for 500 iterations


/home/daniel.z/ICML_PIECLAM_020425/experiments/../clamiter.py:364:::  staring fit_prior for 2000 iterations


/home/daniel.z/ICML_PIECLAM_020425/experiments/../clamiter.py:637:::  
back and forth 2/7


/home/daniel.z/ICML_PIECLAM_020425/experiments/../clamiter.py:364:::  staring fit_feats for 500 iterations


/home/daniel.z/ICML_PIECLAM_020425/experiments/../clamiter.py:364:::  staring fit_prior for 2000 iterations


/home/daniel.z/ICML_PIECLAM_020425/experiments/../clamiter.py:637:::  
back and forth 3/7


/home/daniel.z/ICML_PIECLAM_020425/experiments/../clamiter.py:364:::  staring fit_feats for 500 iterations


/home/daniel.z/ICML_PIECLAM_020425/experiments/../clamiter.py:364:::  staring fit_prior for 2000 iterations


/home/daniel.z/ICML_PIECLAM_020425/experiments/../clamiter.py:637:::  
back and forth 4/7


/home/daniel.z/ICML_PIECLAM_020425/experiments/../clamiter.py:364:::  staring fit_feats for 500 iterations


/home/daniel.z/ICML_PIECLAM_020425/experiments/../clamiter.py:364:::  staring fit_prior for 2000 iterations


/home/daniel.z/ICML_PIECLAM_020425/experiments/../clamiter.py:637:::  
back and forth 5/7


/home/daniel.z/ICML_PIECLAM_020425/experiments/../clamiter.py:364:::  staring fit_feats for 500 iterations


/home/daniel.z/ICML_PIECLAM_020425/experiments/../clamiter.py:364:::  staring fit_prior for 2000 iterations


/home/daniel.z/ICML_PIECLAM_020425/experiments/../clamiter.py:637:::  
back and forth 6/7


/home/daniel.z/ICML_PIECLAM_020425/experiments/../clamiter.py:364:::  staring fit_feats for 500 iterations


/home/daniel.z/ICML_PIECLAM_020425/experiments/../clamiter.py:364:::  staring fit_prior for 2000 iterations


/home/daniel.z/ICML_PIECLAM_020425/experiments/../clamiter.py:637:::  
back and forth 7/7


/home/daniel.z/ICML_PIECLAM_020425/experiments/../clamiter.py:364:::  staring fit_feats for 500 iterations


/home/daniel.z/ICML_PIECLAM_020425/experiments/../clamiter.py:364:::  staring fit_prior for 2000 iterations


/home/daniel.z/ICML_PIECLAM_020425/experiments/../clamiter.py:704:::  
fit end, no early stopping


/home/daniel.z/ICML_PIECLAM_020425/experiments/../trainer.py:419:::  
train_model_on_params on pieclam squirrel 
took 1992.495275735855 seconds


/home/daniel.z/ICML_PIECLAM_020425/experiments/../trainer.py:437:::  


FINISHED train 
 last accuracies:
test
key='auc': 0.9092593709458716
val
key='auc': 0.9104022380901995




/home/daniel.z/ICML_PIECLAM_020425/experiments/optimization_utils.py:648:::  Repetition no. 0


/home/daniel.z/ICML_PIECLAM_020425/experiments/../trainer.py:161:::  
Using dataset specific configuration and not global 




/home/daniel.z/ICML_PIECLAM_020425/experiments/../trainer.py:335:::  
 2025-05-24 04:11:24 starting optimization of pieclam on squirrel on device cuda

 configs_dict: 
{
    "clamiter_init": {
        "dim_feat": 200,
        "dim_attr": 100,
        "s_reg": 0.1,
        "l1_reg": 1,
        "T": 1,
        "hidden_dim": 64,
        "num_coupling_blocks": 32,
        "num_layers_mlp": 2
    },
    "feat_opt": {
        "lr": 5e-06,
        "n_iter": 500,
        "early_stop": 0
    },
    "prior_opt": {
        "n_iter": 2000,
        "lr": 5e-06,
        "noise_amp": 0.1,
        "weight_decay": 0.1,
        "early_stop": 0
    },
    "back_forth": {
        "n_back_forth": 7,
        "scheduler_step_size": 3,
        "scheduler_gamma": 0.5,
        "early_stop_fit": 0,
        "first_func_in_fit": "fit_feats"
    }
}


/home/daniel.z/ICML_PIECLAM_020425/experiments/../clamiter.py:577:::  
in fit,
first_func_in_fit='fit_feats'
second_function_name='fit_prior'


/home/daniel.z/ICML_PIECLAM_020425/experiments/../clamiter.py:637:::  
back and forth 1/7


/home/daniel.z/ICML_PIECLAM_020425/experiments/../clamiter.py:364:::  staring fit_feats for 500 iterations


/home/daniel.z/ICML_PIECLAM_020425/experiments/../clamiter.py:364:::  staring fit_prior for 2000 iterations


/home/daniel.z/ICML_PIECLAM_020425/experiments/../clamiter.py:637:::  
back and forth 2/7


/home/daniel.z/ICML_PIECLAM_020425/experiments/../clamiter.py:364:::  staring fit_feats for 500 iterations


/home/daniel.z/ICML_PIECLAM_020425/experiments/../clamiter.py:364:::  staring fit_prior for 2000 iterations


/home/daniel.z/ICML_PIECLAM_020425/experiments/../clamiter.py:637:::  
back and forth 3/7


/home/daniel.z/ICML_PIECLAM_020425/experiments/../clamiter.py:364:::  staring fit_feats for 500 iterations


/home/daniel.z/ICML_PIECLAM_020425/experiments/../clamiter.py:364:::  staring fit_prior for 2000 iterations


/home/daniel.z/ICML_PIECLAM_020425/experiments/../clamiter.py:637:::  
back and forth 4/7


/home/daniel.z/ICML_PIECLAM_020425/experiments/../clamiter.py:364:::  staring fit_feats for 500 iterations


/home/daniel.z/ICML_PIECLAM_020425/experiments/../clamiter.py:364:::  staring fit_prior for 2000 iterations


/home/daniel.z/ICML_PIECLAM_020425/experiments/../clamiter.py:637:::  
back and forth 5/7


/home/daniel.z/ICML_PIECLAM_020425/experiments/../clamiter.py:364:::  staring fit_feats for 500 iterations


/home/daniel.z/ICML_PIECLAM_020425/experiments/../clamiter.py:364:::  staring fit_prior for 2000 iterations


/home/daniel.z/ICML_PIECLAM_020425/experiments/../clamiter.py:637:::  
back and forth 6/7


/home/daniel.z/ICML_PIECLAM_020425/experiments/../clamiter.py:364:::  staring fit_feats for 500 iterations


/home/daniel.z/ICML_PIECLAM_020425/experiments/../clamiter.py:364:::  staring fit_prior for 2000 iterations


/home/daniel.z/ICML_PIECLAM_020425/experiments/../clamiter.py:637:::  
back and forth 7/7


/home/daniel.z/ICML_PIECLAM_020425/experiments/../clamiter.py:364:::  staring fit_feats for 500 iterations


/home/daniel.z/ICML_PIECLAM_020425/experiments/../clamiter.py:364:::  staring fit_prior for 2000 iterations


/home/daniel.z/ICML_PIECLAM_020425/experiments/../clamiter.py:704:::  
fit end, no early stopping


/home/daniel.z/ICML_PIECLAM_020425/experiments/../trainer.py:419:::  
train_model_on_params on pieclam squirrel 
took 2138.2305946350098 seconds


/home/daniel.z/ICML_PIECLAM_020425/experiments/../trainer.py:437:::  


FINISHED train 
 last accuracies:
test
key='auc': 0.9841137836930285
val
key='auc': 0.9832168008563641




/home/daniel.z/ICML_PIECLAM_020425/experiments/optimization_utils.py:648:::  Repetition no. 0


/home/daniel.z/ICML_PIECLAM_020425/experiments/../trainer.py:161:::  
Using dataset specific configuration and not global 




/home/daniel.z/ICML_PIECLAM_020425/experiments/../trainer.py:335:::  
 2025-05-24 04:47:02 starting optimization of pieclam on squirrel on device cuda

 configs_dict: 
{
    "clamiter_init": {
        "dim_feat": 100,
        "dim_attr": 100,
        "s_reg": 0.1,
        "l1_reg": 1,
        "T": 1,
        "hidden_dim": 64,
        "num_coupling_blocks": 32,
        "num_layers_mlp": 2
    },
    "feat_opt": {
        "lr": 5e-07,
        "n_iter": 500,
        "early_stop": 0
    },
    "prior_opt": {
        "n_iter": 2000,
        "lr": 5e-06,
        "noise_amp": 0.1,
        "weight_decay": 0.1,
        "early_stop": 0
    },
    "back_forth": {
        "n_back_forth": 7,
        "scheduler_step_size": 3,
        "scheduler_gamma": 0.5,
        "early_stop_fit": 0,
        "first_func_in_fit": "fit_feats"
    }
}


/home/daniel.z/ICML_PIECLAM_020425/experiments/../clamiter.py:577:::  
in fit,
first_func_in_fit='fit_feats'
second_function_name='fit_prior'


/home/daniel.z/ICML_PIECLAM_020425/experiments/../clamiter.py:637:::  
back and forth 1/7


/home/daniel.z/ICML_PIECLAM_020425/experiments/../clamiter.py:364:::  staring fit_feats for 500 iterations


/home/daniel.z/ICML_PIECLAM_020425/experiments/../clamiter.py:364:::  staring fit_prior for 2000 iterations


/home/daniel.z/ICML_PIECLAM_020425/experiments/../clamiter.py:637:::  
back and forth 2/7


/home/daniel.z/ICML_PIECLAM_020425/experiments/../clamiter.py:364:::  staring fit_feats for 500 iterations


/home/daniel.z/ICML_PIECLAM_020425/experiments/../clamiter.py:364:::  staring fit_prior for 2000 iterations


/home/daniel.z/ICML_PIECLAM_020425/experiments/../clamiter.py:637:::  
back and forth 3/7


/home/daniel.z/ICML_PIECLAM_020425/experiments/../clamiter.py:364:::  staring fit_feats for 500 iterations


/home/daniel.z/ICML_PIECLAM_020425/experiments/../clamiter.py:364:::  staring fit_prior for 2000 iterations


/home/daniel.z/ICML_PIECLAM_020425/experiments/../clamiter.py:637:::  
back and forth 4/7


/home/daniel.z/ICML_PIECLAM_020425/experiments/../clamiter.py:364:::  staring fit_feats for 500 iterations


/home/daniel.z/ICML_PIECLAM_020425/experiments/../clamiter.py:364:::  staring fit_prior for 2000 iterations


/home/daniel.z/ICML_PIECLAM_020425/experiments/../clamiter.py:637:::  
back and forth 5/7


/home/daniel.z/ICML_PIECLAM_020425/experiments/../clamiter.py:364:::  staring fit_feats for 500 iterations


/home/daniel.z/ICML_PIECLAM_020425/experiments/../clamiter.py:364:::  staring fit_prior for 2000 iterations


/home/daniel.z/ICML_PIECLAM_020425/experiments/../clamiter.py:637:::  
back and forth 6/7


/home/daniel.z/ICML_PIECLAM_020425/experiments/../clamiter.py:364:::  staring fit_feats for 500 iterations


/home/daniel.z/ICML_PIECLAM_020425/experiments/../clamiter.py:364:::  staring fit_prior for 2000 iterations


/home/daniel.z/ICML_PIECLAM_020425/experiments/../clamiter.py:637:::  
back and forth 7/7


/home/daniel.z/ICML_PIECLAM_020425/experiments/../clamiter.py:364:::  staring fit_feats for 500 iterations


/home/daniel.z/ICML_PIECLAM_020425/experiments/../clamiter.py:364:::  staring fit_prior for 2000 iterations


/home/daniel.z/ICML_PIECLAM_020425/experiments/../clamiter.py:704:::  
fit end, no early stopping


/home/daniel.z/ICML_PIECLAM_020425/experiments/../trainer.py:419:::  
train_model_on_params on pieclam squirrel 
took 2054.9380435943604 seconds


/home/daniel.z/ICML_PIECLAM_020425/experiments/../trainer.py:437:::  


FINISHED train 
 last accuracies:
test
key='auc': 0.9019902379637686
val
key='auc': 0.9031406876970297




/home/daniel.z/ICML_PIECLAM_020425/experiments/optimization_utils.py:648:::  Repetition no. 0


/home/daniel.z/ICML_PIECLAM_020425/experiments/../trainer.py:161:::  
Using dataset specific configuration and not global 




/home/daniel.z/ICML_PIECLAM_020425/experiments/../trainer.py:335:::  
 2025-05-24 05:21:18 starting optimization of pieclam on squirrel on device cuda

 configs_dict: 
{
    "clamiter_init": {
        "dim_feat": 50,
        "dim_attr": 100,
        "s_reg": 0.1,
        "l1_reg": 1,
        "T": 1,
        "hidden_dim": 64,
        "num_coupling_blocks": 32,
        "num_layers_mlp": 2
    },
    "feat_opt": {
        "lr": 5e-06,
        "n_iter": 3000,
        "early_stop": 0
    },
    "prior_opt": {
        "n_iter": 2000,
        "lr": 5e-06,
        "noise_amp": 0.1,
        "weight_decay": 0.1,
        "early_stop": 0
    },
    "back_forth": {
        "n_back_forth": 7,
        "scheduler_step_size": 3,
        "scheduler_gamma": 0.5,
        "early_stop_fit": 0,
        "first_func_in_fit": "fit_feats"
    }
}


/home/daniel.z/ICML_PIECLAM_020425/experiments/../clamiter.py:577:::  
in fit,
first_func_in_fit='fit_feats'
second_function_name='fit_prior'


/home/daniel.z/ICML_PIECLAM_020425/experiments/../clamiter.py:637:::  
back and forth 1/7


/home/daniel.z/ICML_PIECLAM_020425/experiments/../clamiter.py:364:::  staring fit_feats for 3000 iterations


/home/daniel.z/ICML_PIECLAM_020425/experiments/../clamiter.py:364:::  staring fit_prior for 2000 iterations


/home/daniel.z/ICML_PIECLAM_020425/experiments/../clamiter.py:637:::  
back and forth 2/7


/home/daniel.z/ICML_PIECLAM_020425/experiments/../clamiter.py:364:::  staring fit_feats for 3000 iterations


/home/daniel.z/ICML_PIECLAM_020425/experiments/../clamiter.py:364:::  staring fit_prior for 2000 iterations


/home/daniel.z/ICML_PIECLAM_020425/experiments/../clamiter.py:637:::  
back and forth 3/7


/home/daniel.z/ICML_PIECLAM_020425/experiments/../clamiter.py:364:::  staring fit_feats for 3000 iterations


/home/daniel.z/ICML_PIECLAM_020425/experiments/../clamiter.py:364:::  staring fit_prior for 2000 iterations


/home/daniel.z/ICML_PIECLAM_020425/experiments/../clamiter.py:637:::  
back and forth 4/7


/home/daniel.z/ICML_PIECLAM_020425/experiments/../clamiter.py:364:::  staring fit_feats for 3000 iterations


/home/daniel.z/ICML_PIECLAM_020425/experiments/../clamiter.py:364:::  staring fit_prior for 2000 iterations


/home/daniel.z/ICML_PIECLAM_020425/experiments/../clamiter.py:637:::  
back and forth 5/7


/home/daniel.z/ICML_PIECLAM_020425/experiments/../clamiter.py:364:::  staring fit_feats for 3000 iterations


/home/daniel.z/ICML_PIECLAM_020425/experiments/../clamiter.py:364:::  staring fit_prior for 2000 iterations


/home/daniel.z/ICML_PIECLAM_020425/experiments/../clamiter.py:637:::  
back and forth 6/7


/home/daniel.z/ICML_PIECLAM_020425/experiments/../clamiter.py:364:::  staring fit_feats for 3000 iterations


/home/daniel.z/ICML_PIECLAM_020425/experiments/../clamiter.py:364:::  staring fit_prior for 2000 iterations


/home/daniel.z/ICML_PIECLAM_020425/experiments/../clamiter.py:637:::  
back and forth 7/7


/home/daniel.z/ICML_PIECLAM_020425/experiments/../clamiter.py:364:::  staring fit_feats for 3000 iterations


/home/daniel.z/ICML_PIECLAM_020425/experiments/../clamiter.py:364:::  staring fit_prior for 2000 iterations


/home/daniel.z/ICML_PIECLAM_020425/experiments/../clamiter.py:704:::  
fit end, no early stopping


/home/daniel.z/ICML_PIECLAM_020425/experiments/../trainer.py:419:::  
train_model_on_params on pieclam squirrel 
took 4620.723669052124 seconds


/home/daniel.z/ICML_PIECLAM_020425/experiments/../trainer.py:437:::  


FINISHED train 
 last accuracies:
test
key='auc': 0.987040627776312
val
key='auc': 0.9871416554447272




/home/daniel.z/ICML_PIECLAM_020425/experiments/optimization_utils.py:648:::  Repetition no. 0


/home/daniel.z/ICML_PIECLAM_020425/experiments/../trainer.py:161:::  
Using dataset specific configuration and not global 




/home/daniel.z/ICML_PIECLAM_020425/experiments/../trainer.py:335:::  
 2025-05-24 06:38:20 starting optimization of pieclam on squirrel on device cuda

 configs_dict: 
{
    "clamiter_init": {
        "dim_feat": 100,
        "dim_attr": 100,
        "s_reg": 0.1,
        "l1_reg": 1,
        "T": 1,
        "hidden_dim": 64,
        "num_coupling_blocks": 32,
        "num_layers_mlp": 2
    },
    "feat_opt": {
        "lr": 5e-06,
        "n_iter": 1000,
        "early_stop": 0
    },
    "prior_opt": {
        "n_iter": 2000,
        "lr": 5e-06,
        "noise_amp": 0.1,
        "weight_decay": 0.1,
        "early_stop": 0
    },
    "back_forth": {
        "n_back_forth": 7,
        "scheduler_step_size": 3,
        "scheduler_gamma": 0.5,
        "early_stop_fit": 0,
        "first_func_in_fit": "fit_feats"
    }
}


/home/daniel.z/ICML_PIECLAM_020425/experiments/../clamiter.py:577:::  
in fit,
first_func_in_fit='fit_feats'
second_function_name='fit_prior'


/home/daniel.z/ICML_PIECLAM_020425/experiments/../clamiter.py:637:::  
back and forth 1/7


/home/daniel.z/ICML_PIECLAM_020425/experiments/../clamiter.py:364:::  staring fit_feats for 1000 iterations


/home/daniel.z/ICML_PIECLAM_020425/experiments/../clamiter.py:364:::  staring fit_prior for 2000 iterations


/home/daniel.z/ICML_PIECLAM_020425/experiments/../clamiter.py:637:::  
back and forth 2/7


/home/daniel.z/ICML_PIECLAM_020425/experiments/../clamiter.py:364:::  staring fit_feats for 1000 iterations


/home/daniel.z/ICML_PIECLAM_020425/experiments/../clamiter.py:364:::  staring fit_prior for 2000 iterations


/home/daniel.z/ICML_PIECLAM_020425/experiments/../clamiter.py:637:::  
back and forth 3/7


/home/daniel.z/ICML_PIECLAM_020425/experiments/../clamiter.py:364:::  staring fit_feats for 1000 iterations


/home/daniel.z/ICML_PIECLAM_020425/experiments/../clamiter.py:364:::  staring fit_prior for 2000 iterations


/home/daniel.z/ICML_PIECLAM_020425/experiments/../clamiter.py:637:::  
back and forth 4/7


/home/daniel.z/ICML_PIECLAM_020425/experiments/../clamiter.py:364:::  staring fit_feats for 1000 iterations


/home/daniel.z/ICML_PIECLAM_020425/experiments/../clamiter.py:364:::  staring fit_prior for 2000 iterations


/home/daniel.z/ICML_PIECLAM_020425/experiments/../clamiter.py:637:::  
back and forth 5/7


/home/daniel.z/ICML_PIECLAM_020425/experiments/../clamiter.py:364:::  staring fit_feats for 1000 iterations


/home/daniel.z/ICML_PIECLAM_020425/experiments/../clamiter.py:364:::  staring fit_prior for 2000 iterations


/home/daniel.z/ICML_PIECLAM_020425/experiments/../clamiter.py:637:::  
back and forth 6/7


/home/daniel.z/ICML_PIECLAM_020425/experiments/../clamiter.py:364:::  staring fit_feats for 1000 iterations


/home/daniel.z/ICML_PIECLAM_020425/experiments/../clamiter.py:364:::  staring fit_prior for 2000 iterations


/home/daniel.z/ICML_PIECLAM_020425/experiments/../clamiter.py:637:::  
back and forth 7/7


/home/daniel.z/ICML_PIECLAM_020425/experiments/../clamiter.py:364:::  staring fit_feats for 1000 iterations


/home/daniel.z/ICML_PIECLAM_020425/experiments/../clamiter.py:364:::  staring fit_prior for 2000 iterations


/home/daniel.z/ICML_PIECLAM_020425/experiments/../clamiter.py:704:::  
fit end, no early stopping


/home/daniel.z/ICML_PIECLAM_020425/experiments/../trainer.py:419:::  
train_model_on_params on pieclam squirrel 
took 2577.2601189613342 seconds


/home/daniel.z/ICML_PIECLAM_020425/experiments/../trainer.py:437:::  


FINISHED train 
 last accuracies:
test
key='auc': 0.9873814392489871
val
key='auc': 0.987036791858932




/home/daniel.z/ICML_PIECLAM_020425/experiments/optimization_utils.py:648:::  Repetition no. 0


/home/daniel.z/ICML_PIECLAM_020425/experiments/../trainer.py:161:::  
Using dataset specific configuration and not global 




/home/daniel.z/ICML_PIECLAM_020425/experiments/../trainer.py:335:::  
 2025-05-24 07:21:18 starting optimization of pieclam on squirrel on device cuda

 configs_dict: 
{
    "clamiter_init": {
        "dim_feat": 200,
        "dim_attr": 100,
        "s_reg": 0.1,
        "l1_reg": 1,
        "T": 1,
        "hidden_dim": 64,
        "num_coupling_blocks": 32,
        "num_layers_mlp": 2
    },
    "feat_opt": {
        "lr": 5e-07,
        "n_iter": 500,
        "early_stop": 0
    },
    "prior_opt": {
        "n_iter": 2000,
        "lr": 5e-06,
        "noise_amp": 0.1,
        "weight_decay": 0.1,
        "early_stop": 0
    },
    "back_forth": {
        "n_back_forth": 7,
        "scheduler_step_size": 3,
        "scheduler_gamma": 0.5,
        "early_stop_fit": 0,
        "first_func_in_fit": "fit_feats"
    }
}


/home/daniel.z/ICML_PIECLAM_020425/experiments/../clamiter.py:577:::  
in fit,
first_func_in_fit='fit_feats'
second_function_name='fit_prior'


/home/daniel.z/ICML_PIECLAM_020425/experiments/../clamiter.py:637:::  
back and forth 1/7


/home/daniel.z/ICML_PIECLAM_020425/experiments/../clamiter.py:364:::  staring fit_feats for 500 iterations


/home/daniel.z/ICML_PIECLAM_020425/experiments/../clamiter.py:364:::  staring fit_prior for 2000 iterations


/home/daniel.z/ICML_PIECLAM_020425/experiments/../clamiter.py:637:::  
back and forth 2/7


/home/daniel.z/ICML_PIECLAM_020425/experiments/../clamiter.py:364:::  staring fit_feats for 500 iterations


/home/daniel.z/ICML_PIECLAM_020425/experiments/../clamiter.py:364:::  staring fit_prior for 2000 iterations


/home/daniel.z/ICML_PIECLAM_020425/experiments/../clamiter.py:637:::  
back and forth 3/7


/home/daniel.z/ICML_PIECLAM_020425/experiments/../clamiter.py:364:::  staring fit_feats for 500 iterations


/home/daniel.z/ICML_PIECLAM_020425/experiments/../clamiter.py:364:::  staring fit_prior for 2000 iterations


/home/daniel.z/ICML_PIECLAM_020425/experiments/../clamiter.py:637:::  
back and forth 4/7


/home/daniel.z/ICML_PIECLAM_020425/experiments/../clamiter.py:364:::  staring fit_feats for 500 iterations


/home/daniel.z/ICML_PIECLAM_020425/experiments/../clamiter.py:364:::  staring fit_prior for 2000 iterations


/home/daniel.z/ICML_PIECLAM_020425/experiments/../clamiter.py:637:::  
back and forth 5/7


/home/daniel.z/ICML_PIECLAM_020425/experiments/../clamiter.py:364:::  staring fit_feats for 500 iterations


/home/daniel.z/ICML_PIECLAM_020425/experiments/../clamiter.py:364:::  staring fit_prior for 2000 iterations


/home/daniel.z/ICML_PIECLAM_020425/experiments/../clamiter.py:637:::  
back and forth 6/7


/home/daniel.z/ICML_PIECLAM_020425/experiments/../clamiter.py:364:::  staring fit_feats for 500 iterations


/home/daniel.z/ICML_PIECLAM_020425/experiments/../clamiter.py:364:::  staring fit_prior for 2000 iterations


/home/daniel.z/ICML_PIECLAM_020425/experiments/../clamiter.py:637:::  
back and forth 7/7


/home/daniel.z/ICML_PIECLAM_020425/experiments/../clamiter.py:364:::  staring fit_feats for 500 iterations


/home/daniel.z/ICML_PIECLAM_020425/experiments/../clamiter.py:364:::  staring fit_prior for 2000 iterations


/home/daniel.z/ICML_PIECLAM_020425/experiments/../clamiter.py:704:::  
fit end, no early stopping


/home/daniel.z/ICML_PIECLAM_020425/experiments/../trainer.py:419:::  
train_model_on_params on pieclam squirrel 
took 2141.41517829895 seconds


/home/daniel.z/ICML_PIECLAM_020425/experiments/../trainer.py:437:::  


FINISHED train 
 last accuracies:
test
key='auc': 0.8946706990960219
val
key='auc': 0.9003696886029394




/home/daniel.z/ICML_PIECLAM_020425/experiments/optimization_utils.py:648:::  Repetition no. 0


/home/daniel.z/ICML_PIECLAM_020425/experiments/../trainer.py:161:::  
Using dataset specific configuration and not global 




/home/daniel.z/ICML_PIECLAM_020425/experiments/../trainer.py:335:::  
 2025-05-24 07:57:00 starting optimization of pieclam on squirrel on device cuda

 configs_dict: 
{
    "clamiter_init": {
        "dim_feat": 100,
        "dim_attr": 100,
        "s_reg": 0.0,
        "l1_reg": 1,
        "T": 1,
        "hidden_dim": 64,
        "num_coupling_blocks": 32,
        "num_layers_mlp": 2
    },
    "feat_opt": {
        "lr": 5e-06,
        "n_iter": 3000,
        "early_stop": 0
    },
    "prior_opt": {
        "n_iter": 2000,
        "lr": 5e-06,
        "noise_amp": 0.1,
        "weight_decay": 0.1,
        "early_stop": 0
    },
    "back_forth": {
        "n_back_forth": 7,
        "scheduler_step_size": 3,
        "scheduler_gamma": 0.5,
        "early_stop_fit": 0,
        "first_func_in_fit": "fit_feats"
    }
}


/home/daniel.z/ICML_PIECLAM_020425/experiments/../clamiter.py:577:::  
in fit,
first_func_in_fit='fit_feats'
second_function_name='fit_prior'


/home/daniel.z/ICML_PIECLAM_020425/experiments/../clamiter.py:637:::  
back and forth 1/7


/home/daniel.z/ICML_PIECLAM_020425/experiments/../clamiter.py:364:::  staring fit_feats for 3000 iterations


/home/daniel.z/ICML_PIECLAM_020425/experiments/../clamiter.py:364:::  staring fit_prior for 2000 iterations


/home/daniel.z/ICML_PIECLAM_020425/experiments/../clamiter.py:637:::  
back and forth 2/7


/home/daniel.z/ICML_PIECLAM_020425/experiments/../clamiter.py:364:::  staring fit_feats for 3000 iterations


/home/daniel.z/ICML_PIECLAM_020425/experiments/../clamiter.py:364:::  staring fit_prior for 2000 iterations


/home/daniel.z/ICML_PIECLAM_020425/experiments/../clamiter.py:637:::  
back and forth 3/7


/home/daniel.z/ICML_PIECLAM_020425/experiments/../clamiter.py:364:::  staring fit_feats for 3000 iterations


/home/daniel.z/ICML_PIECLAM_020425/experiments/../clamiter.py:364:::  staring fit_prior for 2000 iterations


/home/daniel.z/ICML_PIECLAM_020425/experiments/../clamiter.py:637:::  
back and forth 4/7


/home/daniel.z/ICML_PIECLAM_020425/experiments/../clamiter.py:364:::  staring fit_feats for 3000 iterations


/home/daniel.z/ICML_PIECLAM_020425/experiments/../clamiter.py:364:::  staring fit_prior for 2000 iterations


/home/daniel.z/ICML_PIECLAM_020425/experiments/../clamiter.py:637:::  
back and forth 5/7


/home/daniel.z/ICML_PIECLAM_020425/experiments/../clamiter.py:364:::  staring fit_feats for 3000 iterations


/home/daniel.z/ICML_PIECLAM_020425/experiments/../clamiter.py:364:::  staring fit_prior for 2000 iterations


/home/daniel.z/ICML_PIECLAM_020425/experiments/../clamiter.py:637:::  
back and forth 6/7


/home/daniel.z/ICML_PIECLAM_020425/experiments/../clamiter.py:364:::  staring fit_feats for 3000 iterations


/home/daniel.z/ICML_PIECLAM_020425/experiments/../clamiter.py:364:::  staring fit_prior for 2000 iterations


/home/daniel.z/ICML_PIECLAM_020425/experiments/../clamiter.py:637:::  
back and forth 7/7


/home/daniel.z/ICML_PIECLAM_020425/experiments/../clamiter.py:364:::  staring fit_feats for 3000 iterations


/home/daniel.z/ICML_PIECLAM_020425/experiments/../clamiter.py:364:::  staring fit_prior for 2000 iterations


/home/daniel.z/ICML_PIECLAM_020425/experiments/../clamiter.py:704:::  
fit end, no early stopping


/home/daniel.z/ICML_PIECLAM_020425/experiments/../trainer.py:419:::  
train_model_on_params on pieclam squirrel 
took 4859.464802503586 seconds


/home/daniel.z/ICML_PIECLAM_020425/experiments/../trainer.py:437:::  


FINISHED train 
 last accuracies:
test
key='auc': 0.9881610501296852
val
key='auc': 0.9872145942847798




/home/daniel.z/ICML_PIECLAM_020425/experiments/optimization_utils.py:648:::  Repetition no. 0


/home/daniel.z/ICML_PIECLAM_020425/experiments/../trainer.py:161:::  
Using dataset specific configuration and not global 




/home/daniel.z/ICML_PIECLAM_020425/experiments/../trainer.py:335:::  
 2025-05-24 09:18:01 starting optimization of pieclam on squirrel on device cuda

 configs_dict: 
{
    "clamiter_init": {
        "dim_feat": 100,
        "dim_attr": 100,
        "s_reg": 0.0,
        "l1_reg": 1,
        "T": 1,
        "hidden_dim": 64,
        "num_coupling_blocks": 32,
        "num_layers_mlp": 2
    },
    "feat_opt": {
        "lr": 5e-07,
        "n_iter": 3000,
        "early_stop": 0
    },
    "prior_opt": {
        "n_iter": 2000,
        "lr": 5e-06,
        "noise_amp": 0.1,
        "weight_decay": 0.1,
        "early_stop": 0
    },
    "back_forth": {
        "n_back_forth": 7,
        "scheduler_step_size": 3,
        "scheduler_gamma": 0.5,
        "early_stop_fit": 0,
        "first_func_in_fit": "fit_feats"
    }
}


/home/daniel.z/ICML_PIECLAM_020425/experiments/../clamiter.py:577:::  
in fit,
first_func_in_fit='fit_feats'
second_function_name='fit_prior'


/home/daniel.z/ICML_PIECLAM_020425/experiments/../clamiter.py:637:::  
back and forth 1/7


/home/daniel.z/ICML_PIECLAM_020425/experiments/../clamiter.py:364:::  staring fit_feats for 3000 iterations


/home/daniel.z/ICML_PIECLAM_020425/experiments/../clamiter.py:364:::  staring fit_prior for 2000 iterations


/home/daniel.z/ICML_PIECLAM_020425/experiments/../clamiter.py:637:::  
back and forth 2/7


/home/daniel.z/ICML_PIECLAM_020425/experiments/../clamiter.py:364:::  staring fit_feats for 3000 iterations


/home/daniel.z/ICML_PIECLAM_020425/experiments/../clamiter.py:364:::  staring fit_prior for 2000 iterations


/home/daniel.z/ICML_PIECLAM_020425/experiments/../clamiter.py:637:::  
back and forth 3/7


/home/daniel.z/ICML_PIECLAM_020425/experiments/../clamiter.py:364:::  staring fit_feats for 3000 iterations


/home/daniel.z/ICML_PIECLAM_020425/experiments/../clamiter.py:364:::  staring fit_prior for 2000 iterations


/home/daniel.z/ICML_PIECLAM_020425/experiments/../clamiter.py:637:::  
back and forth 4/7


/home/daniel.z/ICML_PIECLAM_020425/experiments/../clamiter.py:364:::  staring fit_feats for 3000 iterations


/home/daniel.z/ICML_PIECLAM_020425/experiments/../clamiter.py:364:::  staring fit_prior for 2000 iterations


/home/daniel.z/ICML_PIECLAM_020425/experiments/../clamiter.py:637:::  
back and forth 5/7


/home/daniel.z/ICML_PIECLAM_020425/experiments/../clamiter.py:364:::  staring fit_feats for 3000 iterations


/home/daniel.z/ICML_PIECLAM_020425/experiments/../clamiter.py:364:::  staring fit_prior for 2000 iterations


/home/daniel.z/ICML_PIECLAM_020425/experiments/../clamiter.py:637:::  
back and forth 6/7


/home/daniel.z/ICML_PIECLAM_020425/experiments/../clamiter.py:364:::  staring fit_feats for 3000 iterations


/home/daniel.z/ICML_PIECLAM_020425/experiments/../clamiter.py:364:::  staring fit_prior for 2000 iterations


/home/daniel.z/ICML_PIECLAM_020425/experiments/../clamiter.py:637:::  
back and forth 7/7


/home/daniel.z/ICML_PIECLAM_020425/experiments/../clamiter.py:364:::  staring fit_feats for 3000 iterations


/home/daniel.z/ICML_PIECLAM_020425/experiments/../clamiter.py:364:::  staring fit_prior for 2000 iterations


/home/daniel.z/ICML_PIECLAM_020425/experiments/../clamiter.py:704:::  
fit end, no early stopping


/home/daniel.z/ICML_PIECLAM_020425/experiments/../trainer.py:419:::  
train_model_on_params on pieclam squirrel 
took 4954.261528015137 seconds


/home/daniel.z/ICML_PIECLAM_020425/experiments/../trainer.py:437:::  


FINISHED train 
 last accuracies:
test
key='auc': 0.9789622859665883
val
key='auc': 0.9797339754884238




/home/daniel.z/ICML_PIECLAM_020425/experiments/optimization_utils.py:648:::  Repetition no. 0


/home/daniel.z/ICML_PIECLAM_020425/experiments/../trainer.py:161:::  
Using dataset specific configuration and not global 




/home/daniel.z/ICML_PIECLAM_020425/experiments/../trainer.py:335:::  
 2025-05-24 10:40:36 starting optimization of pieclam on squirrel on device cuda

 configs_dict: 
{
    "clamiter_init": {
        "dim_feat": 100,
        "dim_attr": 100,
        "s_reg": 0.1,
        "l1_reg": 1,
        "T": 1,
        "hidden_dim": 64,
        "num_coupling_blocks": 32,
        "num_layers_mlp": 2
    },
    "feat_opt": {
        "lr": 5e-06,
        "n_iter": 3000,
        "early_stop": 0
    },
    "prior_opt": {
        "n_iter": 2000,
        "lr": 5e-06,
        "noise_amp": 0.1,
        "weight_decay": 0.1,
        "early_stop": 0
    },
    "back_forth": {
        "n_back_forth": 7,
        "scheduler_step_size": 3,
        "scheduler_gamma": 0.5,
        "early_stop_fit": 0,
        "first_func_in_fit": "fit_feats"
    }
}


/home/daniel.z/ICML_PIECLAM_020425/experiments/../clamiter.py:577:::  
in fit,
first_func_in_fit='fit_feats'
second_function_name='fit_prior'


/home/daniel.z/ICML_PIECLAM_020425/experiments/../clamiter.py:637:::  
back and forth 1/7


/home/daniel.z/ICML_PIECLAM_020425/experiments/../clamiter.py:364:::  staring fit_feats for 3000 iterations


/home/daniel.z/ICML_PIECLAM_020425/experiments/../clamiter.py:364:::  staring fit_prior for 2000 iterations


/home/daniel.z/ICML_PIECLAM_020425/experiments/../clamiter.py:637:::  
back and forth 2/7


/home/daniel.z/ICML_PIECLAM_020425/experiments/../clamiter.py:364:::  staring fit_feats for 3000 iterations


/home/daniel.z/ICML_PIECLAM_020425/experiments/../clamiter.py:364:::  staring fit_prior for 2000 iterations


/home/daniel.z/ICML_PIECLAM_020425/experiments/../clamiter.py:637:::  
back and forth 3/7


/home/daniel.z/ICML_PIECLAM_020425/experiments/../clamiter.py:364:::  staring fit_feats for 3000 iterations


/home/daniel.z/ICML_PIECLAM_020425/experiments/../clamiter.py:364:::  staring fit_prior for 2000 iterations


/home/daniel.z/ICML_PIECLAM_020425/experiments/../clamiter.py:637:::  
back and forth 4/7


/home/daniel.z/ICML_PIECLAM_020425/experiments/../clamiter.py:364:::  staring fit_feats for 3000 iterations


/home/daniel.z/ICML_PIECLAM_020425/experiments/../clamiter.py:364:::  staring fit_prior for 2000 iterations


/home/daniel.z/ICML_PIECLAM_020425/experiments/../clamiter.py:637:::  
back and forth 5/7


/home/daniel.z/ICML_PIECLAM_020425/experiments/../clamiter.py:364:::  staring fit_feats for 3000 iterations


/home/daniel.z/ICML_PIECLAM_020425/experiments/../clamiter.py:364:::  staring fit_prior for 2000 iterations


/home/daniel.z/ICML_PIECLAM_020425/experiments/../clamiter.py:637:::  
back and forth 6/7


/home/daniel.z/ICML_PIECLAM_020425/experiments/../clamiter.py:364:::  staring fit_feats for 3000 iterations


/home/daniel.z/ICML_PIECLAM_020425/experiments/../clamiter.py:364:::  staring fit_prior for 2000 iterations


/home/daniel.z/ICML_PIECLAM_020425/experiments/../clamiter.py:637:::  
back and forth 7/7


/home/daniel.z/ICML_PIECLAM_020425/experiments/../clamiter.py:364:::  staring fit_feats for 3000 iterations


/home/daniel.z/ICML_PIECLAM_020425/experiments/../clamiter.py:364:::  staring fit_prior for 2000 iterations


/home/daniel.z/ICML_PIECLAM_020425/experiments/../clamiter.py:704:::  
fit end, no early stopping


/home/daniel.z/ICML_PIECLAM_020425/experiments/../trainer.py:419:::  
train_model_on_params on pieclam squirrel 
took 4889.49667263031 seconds


/home/daniel.z/ICML_PIECLAM_020425/experiments/../trainer.py:437:::  


FINISHED train 
 last accuracies:
test
key='auc': 0.9888773190898852
val
key='auc': 0.9883656505728184




/home/daniel.z/ICML_PIECLAM_020425/experiments/optimization_utils.py:648:::  Repetition no. 0


/home/daniel.z/ICML_PIECLAM_020425/experiments/../trainer.py:161:::  
Using dataset specific configuration and not global 




/home/daniel.z/ICML_PIECLAM_020425/experiments/../trainer.py:335:::  
 2025-05-24 12:02:06 starting optimization of pieclam on squirrel on device cuda

 configs_dict: 
{
    "clamiter_init": {
        "dim_feat": 100,
        "dim_attr": 100,
        "s_reg": 0.0,
        "l1_reg": 1,
        "T": 1,
        "hidden_dim": 64,
        "num_coupling_blocks": 32,
        "num_layers_mlp": 2
    },
    "feat_opt": {
        "lr": 5e-06,
        "n_iter": 1000,
        "early_stop": 0
    },
    "prior_opt": {
        "n_iter": 2000,
        "lr": 5e-06,
        "noise_amp": 0.1,
        "weight_decay": 0.1,
        "early_stop": 0
    },
    "back_forth": {
        "n_back_forth": 7,
        "scheduler_step_size": 3,
        "scheduler_gamma": 0.5,
        "early_stop_fit": 0,
        "first_func_in_fit": "fit_feats"
    }
}


/home/daniel.z/ICML_PIECLAM_020425/experiments/../clamiter.py:577:::  
in fit,
first_func_in_fit='fit_feats'
second_function_name='fit_prior'


/home/daniel.z/ICML_PIECLAM_020425/experiments/../clamiter.py:637:::  
back and forth 1/7


/home/daniel.z/ICML_PIECLAM_020425/experiments/../clamiter.py:364:::  staring fit_feats for 1000 iterations


/home/daniel.z/ICML_PIECLAM_020425/experiments/../clamiter.py:364:::  staring fit_prior for 2000 iterations


/home/daniel.z/ICML_PIECLAM_020425/experiments/../clamiter.py:637:::  
back and forth 2/7


/home/daniel.z/ICML_PIECLAM_020425/experiments/../clamiter.py:364:::  staring fit_feats for 1000 iterations


/home/daniel.z/ICML_PIECLAM_020425/experiments/../clamiter.py:364:::  staring fit_prior for 2000 iterations


/home/daniel.z/ICML_PIECLAM_020425/experiments/../clamiter.py:637:::  
back and forth 3/7


/home/daniel.z/ICML_PIECLAM_020425/experiments/../clamiter.py:364:::  staring fit_feats for 1000 iterations


/home/daniel.z/ICML_PIECLAM_020425/experiments/../clamiter.py:364:::  staring fit_prior for 2000 iterations


/home/daniel.z/ICML_PIECLAM_020425/experiments/../clamiter.py:637:::  
back and forth 4/7


/home/daniel.z/ICML_PIECLAM_020425/experiments/../clamiter.py:364:::  staring fit_feats for 1000 iterations


/home/daniel.z/ICML_PIECLAM_020425/experiments/../clamiter.py:364:::  staring fit_prior for 2000 iterations


/home/daniel.z/ICML_PIECLAM_020425/experiments/../clamiter.py:637:::  
back and forth 5/7


/home/daniel.z/ICML_PIECLAM_020425/experiments/../clamiter.py:364:::  staring fit_feats for 1000 iterations


/home/daniel.z/ICML_PIECLAM_020425/experiments/../clamiter.py:364:::  staring fit_prior for 2000 iterations


/home/daniel.z/ICML_PIECLAM_020425/experiments/../clamiter.py:637:::  
back and forth 6/7


/home/daniel.z/ICML_PIECLAM_020425/experiments/../clamiter.py:364:::  staring fit_feats for 1000 iterations


/home/daniel.z/ICML_PIECLAM_020425/experiments/../clamiter.py:364:::  staring fit_prior for 2000 iterations


/home/daniel.z/ICML_PIECLAM_020425/experiments/../clamiter.py:637:::  
back and forth 7/7


/home/daniel.z/ICML_PIECLAM_020425/experiments/../clamiter.py:364:::  staring fit_feats for 1000 iterations


/home/daniel.z/ICML_PIECLAM_020425/experiments/../clamiter.py:364:::  staring fit_prior for 2000 iterations


/home/daniel.z/ICML_PIECLAM_020425/experiments/../clamiter.py:704:::  
fit end, no early stopping


/home/daniel.z/ICML_PIECLAM_020425/experiments/../trainer.py:419:::  
train_model_on_params on pieclam squirrel 
took 2583.2801852226257 seconds


/home/daniel.z/ICML_PIECLAM_020425/experiments/../trainer.py:437:::  


FINISHED train 
 last accuracies:
test
key='auc': 0.9884287264853
val
key='auc': 0.9883417835811008




/home/daniel.z/ICML_PIECLAM_020425/experiments/optimization_utils.py:648:::  Repetition no. 0


/home/daniel.z/ICML_PIECLAM_020425/experiments/../trainer.py:161:::  
Using dataset specific configuration and not global 




/home/daniel.z/ICML_PIECLAM_020425/experiments/../trainer.py:335:::  
 2025-05-24 12:45:10 starting optimization of pieclam on squirrel on device cuda

 configs_dict: 
{
    "clamiter_init": {
        "dim_feat": 50,
        "dim_attr": 100,
        "s_reg": 0.1,
        "l1_reg": 1,
        "T": 1,
        "hidden_dim": 64,
        "num_coupling_blocks": 32,
        "num_layers_mlp": 2
    },
    "feat_opt": {
        "lr": 5e-06,
        "n_iter": 1000,
        "early_stop": 0
    },
    "prior_opt": {
        "n_iter": 2000,
        "lr": 5e-06,
        "noise_amp": 0.1,
        "weight_decay": 0.1,
        "early_stop": 0
    },
    "back_forth": {
        "n_back_forth": 7,
        "scheduler_step_size": 3,
        "scheduler_gamma": 0.5,
        "early_stop_fit": 0,
        "first_func_in_fit": "fit_feats"
    }
}


/home/daniel.z/ICML_PIECLAM_020425/experiments/../clamiter.py:577:::  
in fit,
first_func_in_fit='fit_feats'
second_function_name='fit_prior'


/home/daniel.z/ICML_PIECLAM_020425/experiments/../clamiter.py:637:::  
back and forth 1/7


/home/daniel.z/ICML_PIECLAM_020425/experiments/../clamiter.py:364:::  staring fit_feats for 1000 iterations


/home/daniel.z/ICML_PIECLAM_020425/experiments/../clamiter.py:364:::  staring fit_prior for 2000 iterations


/home/daniel.z/ICML_PIECLAM_020425/experiments/../clamiter.py:637:::  
back and forth 2/7


/home/daniel.z/ICML_PIECLAM_020425/experiments/../clamiter.py:364:::  staring fit_feats for 1000 iterations


/home/daniel.z/ICML_PIECLAM_020425/experiments/../clamiter.py:364:::  staring fit_prior for 2000 iterations


/home/daniel.z/ICML_PIECLAM_020425/experiments/../clamiter.py:637:::  
back and forth 3/7


/home/daniel.z/ICML_PIECLAM_020425/experiments/../clamiter.py:364:::  staring fit_feats for 1000 iterations


/home/daniel.z/ICML_PIECLAM_020425/experiments/../clamiter.py:364:::  staring fit_prior for 2000 iterations


/home/daniel.z/ICML_PIECLAM_020425/experiments/../clamiter.py:637:::  
back and forth 4/7


/home/daniel.z/ICML_PIECLAM_020425/experiments/../clamiter.py:364:::  staring fit_feats for 1000 iterations


/home/daniel.z/ICML_PIECLAM_020425/experiments/../clamiter.py:364:::  staring fit_prior for 2000 iterations


/home/daniel.z/ICML_PIECLAM_020425/experiments/../clamiter.py:637:::  
back and forth 5/7


/home/daniel.z/ICML_PIECLAM_020425/experiments/../clamiter.py:364:::  staring fit_feats for 1000 iterations


/home/daniel.z/ICML_PIECLAM_020425/experiments/../clamiter.py:364:::  staring fit_prior for 2000 iterations


/home/daniel.z/ICML_PIECLAM_020425/experiments/../clamiter.py:637:::  
back and forth 6/7


/home/daniel.z/ICML_PIECLAM_020425/experiments/../clamiter.py:364:::  staring fit_feats for 1000 iterations


/home/daniel.z/ICML_PIECLAM_020425/experiments/../clamiter.py:364:::  staring fit_prior for 2000 iterations


/home/daniel.z/ICML_PIECLAM_020425/experiments/../clamiter.py:637:::  
back and forth 7/7


/home/daniel.z/ICML_PIECLAM_020425/experiments/../clamiter.py:364:::  staring fit_feats for 1000 iterations


/home/daniel.z/ICML_PIECLAM_020425/experiments/../clamiter.py:364:::  staring fit_prior for 2000 iterations


/home/daniel.z/ICML_PIECLAM_020425/experiments/../clamiter.py:704:::  
fit end, no early stopping


/home/daniel.z/ICML_PIECLAM_020425/experiments/../trainer.py:419:::  
train_model_on_params on pieclam squirrel 
took 2473.8130259513855 seconds


/home/daniel.z/ICML_PIECLAM_020425/experiments/../trainer.py:437:::  


FINISHED train 
 last accuracies:
test
key='auc': 0.9857168523404596
val
key='auc': 0.9857742216297428




/home/daniel.z/ICML_PIECLAM_020425/experiments/optimization_utils.py:648:::  Repetition no. 0


/home/daniel.z/ICML_PIECLAM_020425/experiments/../trainer.py:161:::  
Using dataset specific configuration and not global 




/home/daniel.z/ICML_PIECLAM_020425/experiments/../trainer.py:335:::  
 2025-05-24 13:26:25 starting optimization of pieclam on squirrel on device cuda

 configs_dict: 
{
    "clamiter_init": {
        "dim_feat": 200,
        "dim_attr": 100,
        "s_reg": 0.0,
        "l1_reg": 1,
        "T": 1,
        "hidden_dim": 64,
        "num_coupling_blocks": 32,
        "num_layers_mlp": 2
    },
    "feat_opt": {
        "lr": 5e-06,
        "n_iter": 3000,
        "early_stop": 0
    },
    "prior_opt": {
        "n_iter": 2000,
        "lr": 5e-06,
        "noise_amp": 0.1,
        "weight_decay": 0.1,
        "early_stop": 0
    },
    "back_forth": {
        "n_back_forth": 7,
        "scheduler_step_size": 3,
        "scheduler_gamma": 0.5,
        "early_stop_fit": 0,
        "first_func_in_fit": "fit_feats"
    }
}


/home/daniel.z/ICML_PIECLAM_020425/experiments/../clamiter.py:577:::  
in fit,
first_func_in_fit='fit_feats'
second_function_name='fit_prior'


/home/daniel.z/ICML_PIECLAM_020425/experiments/../clamiter.py:637:::  
back and forth 1/7


/home/daniel.z/ICML_PIECLAM_020425/experiments/../clamiter.py:364:::  staring fit_feats for 3000 iterations


/home/daniel.z/ICML_PIECLAM_020425/experiments/../clamiter.py:364:::  staring fit_prior for 2000 iterations


/home/daniel.z/ICML_PIECLAM_020425/experiments/../clamiter.py:637:::  
back and forth 2/7


/home/daniel.z/ICML_PIECLAM_020425/experiments/../clamiter.py:364:::  staring fit_feats for 3000 iterations


/home/daniel.z/ICML_PIECLAM_020425/experiments/../clamiter.py:364:::  staring fit_prior for 2000 iterations


/home/daniel.z/ICML_PIECLAM_020425/experiments/../clamiter.py:637:::  
back and forth 3/7


/home/daniel.z/ICML_PIECLAM_020425/experiments/../clamiter.py:364:::  staring fit_feats for 3000 iterations


/home/daniel.z/ICML_PIECLAM_020425/experiments/../clamiter.py:364:::  staring fit_prior for 2000 iterations


/home/daniel.z/ICML_PIECLAM_020425/experiments/../clamiter.py:637:::  
back and forth 4/7


/home/daniel.z/ICML_PIECLAM_020425/experiments/../clamiter.py:364:::  staring fit_feats for 3000 iterations


/home/daniel.z/ICML_PIECLAM_020425/experiments/../clamiter.py:364:::  staring fit_prior for 2000 iterations


/home/daniel.z/ICML_PIECLAM_020425/experiments/../clamiter.py:637:::  
back and forth 5/7


/home/daniel.z/ICML_PIECLAM_020425/experiments/../clamiter.py:364:::  staring fit_feats for 3000 iterations


/home/daniel.z/ICML_PIECLAM_020425/experiments/../clamiter.py:364:::  staring fit_prior for 2000 iterations


/home/daniel.z/ICML_PIECLAM_020425/experiments/../clamiter.py:637:::  
back and forth 6/7


/home/daniel.z/ICML_PIECLAM_020425/experiments/../clamiter.py:364:::  staring fit_feats for 3000 iterations


/home/daniel.z/ICML_PIECLAM_020425/experiments/../clamiter.py:364:::  staring fit_prior for 2000 iterations


/home/daniel.z/ICML_PIECLAM_020425/experiments/../clamiter.py:637:::  
back and forth 7/7


/home/daniel.z/ICML_PIECLAM_020425/experiments/../clamiter.py:364:::  staring fit_feats for 3000 iterations


/home/daniel.z/ICML_PIECLAM_020425/experiments/../clamiter.py:364:::  staring fit_prior for 2000 iterations


/home/daniel.z/ICML_PIECLAM_020425/experiments/../clamiter.py:704:::  
fit end, no early stopping


/home/daniel.z/ICML_PIECLAM_020425/experiments/../trainer.py:419:::  
train_model_on_params on pieclam squirrel 
took 5514.504012107849 seconds


/home/daniel.z/ICML_PIECLAM_020425/experiments/../trainer.py:437:::  


FINISHED train 
 last accuracies:
test
key='auc': 0.9882589007760583
val
key='auc': 0.9870064437486428




/home/daniel.z/ICML_PIECLAM_020425/experiments/optimization_utils.py:648:::  Repetition no. 0


/home/daniel.z/ICML_PIECLAM_020425/experiments/../trainer.py:161:::  
Using dataset specific configuration and not global 




/home/daniel.z/ICML_PIECLAM_020425/experiments/../trainer.py:335:::  
 2025-05-24 14:58:21 starting optimization of pieclam on squirrel on device cuda

 configs_dict: 
{
    "clamiter_init": {
        "dim_feat": 200,
        "dim_attr": 100,
        "s_reg": 0.1,
        "l1_reg": 1,
        "T": 1,
        "hidden_dim": 64,
        "num_coupling_blocks": 32,
        "num_layers_mlp": 2
    },
    "feat_opt": {
        "lr": 5e-07,
        "n_iter": 3000,
        "early_stop": 0
    },
    "prior_opt": {
        "n_iter": 2000,
        "lr": 5e-06,
        "noise_amp": 0.1,
        "weight_decay": 0.1,
        "early_stop": 0
    },
    "back_forth": {
        "n_back_forth": 7,
        "scheduler_step_size": 3,
        "scheduler_gamma": 0.5,
        "early_stop_fit": 0,
        "first_func_in_fit": "fit_feats"
    }
}


/home/daniel.z/ICML_PIECLAM_020425/experiments/../clamiter.py:577:::  
in fit,
first_func_in_fit='fit_feats'
second_function_name='fit_prior'


/home/daniel.z/ICML_PIECLAM_020425/experiments/../clamiter.py:637:::  
back and forth 1/7


/home/daniel.z/ICML_PIECLAM_020425/experiments/../clamiter.py:364:::  staring fit_feats for 3000 iterations


/home/daniel.z/ICML_PIECLAM_020425/experiments/../clamiter.py:364:::  staring fit_prior for 2000 iterations


/home/daniel.z/ICML_PIECLAM_020425/experiments/../clamiter.py:637:::  
back and forth 2/7


/home/daniel.z/ICML_PIECLAM_020425/experiments/../clamiter.py:364:::  staring fit_feats for 3000 iterations


/home/daniel.z/ICML_PIECLAM_020425/experiments/../clamiter.py:364:::  staring fit_prior for 2000 iterations


/home/daniel.z/ICML_PIECLAM_020425/experiments/../clamiter.py:637:::  
back and forth 3/7


/home/daniel.z/ICML_PIECLAM_020425/experiments/../clamiter.py:364:::  staring fit_feats for 3000 iterations


/home/daniel.z/ICML_PIECLAM_020425/experiments/../clamiter.py:364:::  staring fit_prior for 2000 iterations


/home/daniel.z/ICML_PIECLAM_020425/experiments/../clamiter.py:637:::  
back and forth 4/7


/home/daniel.z/ICML_PIECLAM_020425/experiments/../clamiter.py:364:::  staring fit_feats for 3000 iterations


/home/daniel.z/ICML_PIECLAM_020425/experiments/../clamiter.py:364:::  staring fit_prior for 2000 iterations


/home/daniel.z/ICML_PIECLAM_020425/experiments/../clamiter.py:637:::  
back and forth 5/7


/home/daniel.z/ICML_PIECLAM_020425/experiments/../clamiter.py:364:::  staring fit_feats for 3000 iterations


/home/daniel.z/ICML_PIECLAM_020425/experiments/../clamiter.py:364:::  staring fit_prior for 2000 iterations


/home/daniel.z/ICML_PIECLAM_020425/experiments/../clamiter.py:637:::  
back and forth 6/7


/home/daniel.z/ICML_PIECLAM_020425/experiments/../clamiter.py:364:::  staring fit_feats for 3000 iterations


/home/daniel.z/ICML_PIECLAM_020425/experiments/../clamiter.py:364:::  staring fit_prior for 2000 iterations


/home/daniel.z/ICML_PIECLAM_020425/experiments/../clamiter.py:637:::  
back and forth 7/7


/home/daniel.z/ICML_PIECLAM_020425/experiments/../clamiter.py:364:::  staring fit_feats for 3000 iterations


/home/daniel.z/ICML_PIECLAM_020425/experiments/../clamiter.py:364:::  staring fit_prior for 2000 iterations


/home/daniel.z/ICML_PIECLAM_020425/experiments/../clamiter.py:704:::  
fit end, no early stopping


/home/daniel.z/ICML_PIECLAM_020425/experiments/../trainer.py:419:::  
train_model_on_params on pieclam squirrel 
took 5571.856976747513 seconds


/home/daniel.z/ICML_PIECLAM_020425/experiments/../trainer.py:437:::  


FINISHED train 
 last accuracies:
test
key='auc': 0.9785921370697626
val
key='auc': 0.9792333166013607




/home/daniel.z/ICML_PIECLAM_020425/experiments/optimization_utils.py:648:::  Repetition no. 0


/home/daniel.z/ICML_PIECLAM_020425/experiments/../trainer.py:161:::  
Using dataset specific configuration and not global 




/home/daniel.z/ICML_PIECLAM_020425/experiments/../trainer.py:335:::  
 2025-05-24 16:31:14 starting optimization of pieclam on squirrel on device cuda

 configs_dict: 
{
    "clamiter_init": {
        "dim_feat": 100,
        "dim_attr": 100,
        "s_reg": 0.0,
        "l1_reg": 1,
        "T": 1,
        "hidden_dim": 64,
        "num_coupling_blocks": 32,
        "num_layers_mlp": 2
    },
    "feat_opt": {
        "lr": 5e-06,
        "n_iter": 500,
        "early_stop": 0
    },
    "prior_opt": {
        "n_iter": 2000,
        "lr": 5e-06,
        "noise_amp": 0.1,
        "weight_decay": 0.1,
        "early_stop": 0
    },
    "back_forth": {
        "n_back_forth": 7,
        "scheduler_step_size": 3,
        "scheduler_gamma": 0.5,
        "early_stop_fit": 0,
        "first_func_in_fit": "fit_feats"
    }
}


/home/daniel.z/ICML_PIECLAM_020425/experiments/../clamiter.py:577:::  
in fit,
first_func_in_fit='fit_feats'
second_function_name='fit_prior'


/home/daniel.z/ICML_PIECLAM_020425/experiments/../clamiter.py:637:::  
back and forth 1/7


/home/daniel.z/ICML_PIECLAM_020425/experiments/../clamiter.py:364:::  staring fit_feats for 500 iterations


/home/daniel.z/ICML_PIECLAM_020425/experiments/../clamiter.py:364:::  staring fit_prior for 2000 iterations


/home/daniel.z/ICML_PIECLAM_020425/experiments/../clamiter.py:637:::  
back and forth 2/7


/home/daniel.z/ICML_PIECLAM_020425/experiments/../clamiter.py:364:::  staring fit_feats for 500 iterations


/home/daniel.z/ICML_PIECLAM_020425/experiments/../clamiter.py:364:::  staring fit_prior for 2000 iterations


/home/daniel.z/ICML_PIECLAM_020425/experiments/../clamiter.py:637:::  
back and forth 3/7


/home/daniel.z/ICML_PIECLAM_020425/experiments/../clamiter.py:364:::  staring fit_feats for 500 iterations


/home/daniel.z/ICML_PIECLAM_020425/experiments/../clamiter.py:364:::  staring fit_prior for 2000 iterations


/home/daniel.z/ICML_PIECLAM_020425/experiments/../clamiter.py:637:::  
back and forth 4/7


/home/daniel.z/ICML_PIECLAM_020425/experiments/../clamiter.py:364:::  staring fit_feats for 500 iterations


/home/daniel.z/ICML_PIECLAM_020425/experiments/../clamiter.py:364:::  staring fit_prior for 2000 iterations


/home/daniel.z/ICML_PIECLAM_020425/experiments/../clamiter.py:637:::  
back and forth 5/7


/home/daniel.z/ICML_PIECLAM_020425/experiments/../clamiter.py:364:::  staring fit_feats for 500 iterations


/home/daniel.z/ICML_PIECLAM_020425/experiments/../clamiter.py:364:::  staring fit_prior for 2000 iterations


/home/daniel.z/ICML_PIECLAM_020425/experiments/../clamiter.py:637:::  
back and forth 6/7


/home/daniel.z/ICML_PIECLAM_020425/experiments/../clamiter.py:364:::  staring fit_feats for 500 iterations


/home/daniel.z/ICML_PIECLAM_020425/experiments/../clamiter.py:364:::  staring fit_prior for 2000 iterations


/home/daniel.z/ICML_PIECLAM_020425/experiments/../clamiter.py:637:::  
back and forth 7/7


/home/daniel.z/ICML_PIECLAM_020425/experiments/../clamiter.py:364:::  staring fit_feats for 500 iterations


/home/daniel.z/ICML_PIECLAM_020425/experiments/../clamiter.py:364:::  staring fit_prior for 2000 iterations


/home/daniel.z/ICML_PIECLAM_020425/experiments/../clamiter.py:704:::  
fit end, no early stopping


/home/daniel.z/ICML_PIECLAM_020425/experiments/../trainer.py:419:::  
train_model_on_params on pieclam squirrel 
took 2004.1719048023224 seconds


/home/daniel.z/ICML_PIECLAM_020425/experiments/../trainer.py:437:::  


FINISHED train 
 last accuracies:
test
key='auc': 0.9843100102980686
val
key='auc': 0.9846195666317774




/home/daniel.z/ICML_PIECLAM_020425/experiments/optimization_utils.py:648:::  Repetition no. 0


/home/daniel.z/ICML_PIECLAM_020425/experiments/../trainer.py:161:::  
Using dataset specific configuration and not global 




/home/daniel.z/ICML_PIECLAM_020425/experiments/../trainer.py:335:::  
 2025-05-24 17:04:39 starting optimization of pieclam on squirrel on device cuda

 configs_dict: 
{
    "clamiter_init": {
        "dim_feat": 100,
        "dim_attr": 100,
        "s_reg": 0.1,
        "l1_reg": 1,
        "T": 1,
        "hidden_dim": 64,
        "num_coupling_blocks": 32,
        "num_layers_mlp": 2
    },
    "feat_opt": {
        "lr": 5e-06,
        "n_iter": 500,
        "early_stop": 0
    },
    "prior_opt": {
        "n_iter": 2000,
        "lr": 5e-06,
        "noise_amp": 0.1,
        "weight_decay": 0.1,
        "early_stop": 0
    },
    "back_forth": {
        "n_back_forth": 7,
        "scheduler_step_size": 3,
        "scheduler_gamma": 0.5,
        "early_stop_fit": 0,
        "first_func_in_fit": "fit_feats"
    }
}


/home/daniel.z/ICML_PIECLAM_020425/experiments/../clamiter.py:577:::  
in fit,
first_func_in_fit='fit_feats'
second_function_name='fit_prior'


/home/daniel.z/ICML_PIECLAM_020425/experiments/../clamiter.py:637:::  
back and forth 1/7


/home/daniel.z/ICML_PIECLAM_020425/experiments/../clamiter.py:364:::  staring fit_feats for 500 iterations


/home/daniel.z/ICML_PIECLAM_020425/experiments/../clamiter.py:364:::  staring fit_prior for 2000 iterations


/home/daniel.z/ICML_PIECLAM_020425/experiments/../clamiter.py:637:::  
back and forth 2/7


/home/daniel.z/ICML_PIECLAM_020425/experiments/../clamiter.py:364:::  staring fit_feats for 500 iterations


/home/daniel.z/ICML_PIECLAM_020425/experiments/../clamiter.py:364:::  staring fit_prior for 2000 iterations


/home/daniel.z/ICML_PIECLAM_020425/experiments/../clamiter.py:637:::  
back and forth 3/7


/home/daniel.z/ICML_PIECLAM_020425/experiments/../clamiter.py:364:::  staring fit_feats for 500 iterations


/home/daniel.z/ICML_PIECLAM_020425/experiments/../clamiter.py:364:::  staring fit_prior for 2000 iterations


/home/daniel.z/ICML_PIECLAM_020425/experiments/../clamiter.py:637:::  
back and forth 4/7


/home/daniel.z/ICML_PIECLAM_020425/experiments/../clamiter.py:364:::  staring fit_feats for 500 iterations


/home/daniel.z/ICML_PIECLAM_020425/experiments/../clamiter.py:364:::  staring fit_prior for 2000 iterations


/home/daniel.z/ICML_PIECLAM_020425/experiments/../clamiter.py:637:::  
back and forth 5/7


/home/daniel.z/ICML_PIECLAM_020425/experiments/../clamiter.py:364:::  staring fit_feats for 500 iterations


/home/daniel.z/ICML_PIECLAM_020425/experiments/../clamiter.py:364:::  staring fit_prior for 2000 iterations


/home/daniel.z/ICML_PIECLAM_020425/experiments/../clamiter.py:637:::  
back and forth 6/7


/home/daniel.z/ICML_PIECLAM_020425/experiments/../clamiter.py:364:::  staring fit_feats for 500 iterations


/home/daniel.z/ICML_PIECLAM_020425/experiments/../clamiter.py:364:::  staring fit_prior for 2000 iterations


/home/daniel.z/ICML_PIECLAM_020425/experiments/../clamiter.py:637:::  
back and forth 7/7


/home/daniel.z/ICML_PIECLAM_020425/experiments/../clamiter.py:364:::  staring fit_feats for 500 iterations


/home/daniel.z/ICML_PIECLAM_020425/experiments/../clamiter.py:364:::  staring fit_prior for 2000 iterations


/home/daniel.z/ICML_PIECLAM_020425/experiments/../clamiter.py:704:::  
fit end, no early stopping


/home/daniel.z/ICML_PIECLAM_020425/experiments/../trainer.py:419:::  
train_model_on_params on pieclam squirrel 
took 2009.4838831424713 seconds


/home/daniel.z/ICML_PIECLAM_020425/experiments/../trainer.py:437:::  


FINISHED train 
 last accuracies:
test
key='auc': 0.9840437660647426
val
key='auc': 0.983497901284401




/home/daniel.z/ICML_PIECLAM_020425/experiments/optimization_utils.py:722:::  

Finished CrossVal!




/home/daniel.z/ICML_PIECLAM_020425/experiments/optimization_utils.py:511:::  on test set /home/daniel.z/ICML_PIECLAM_020425/experiments/results/link_prediction/auc/squirrel/pieclam, split_19-57_02-05-25


/home/daniel.z/ICML_PIECLAM_020425/experiments/optimization_utils.py:626:::  RunSaver defined to acc_configs path /home/daniel.z/ICML_PIECLAM_020425/experiments/results/link_prediction/auc/squirrel/pieclam/split_19-57_02-05-25/valid/acc_configs17-38_24-05-25.json


/home/daniel.z/ICML_PIECLAM_020425/experiments/optimization_utils.py:648:::  Repetition no. 0


/home/daniel.z/ICML_PIECLAM_020425/experiments/../trainer.py:161:::  
Using dataset specific configuration and not global 




/home/daniel.z/ICML_PIECLAM_020425/experiments/../trainer.py:335:::  
 2025-05-24 17:38:11 starting optimization of pieclam on squirrel on device cuda

 configs_dict: 
{
    "clamiter_init": {
        "dim_feat": 100,
        "dim_attr": 100,
        "s_reg": 0.0,
        "l1_reg": 1,
        "T": 1,
        "hidden_dim": 64,
        "num_coupling_blocks": 32,
        "num_layers_mlp": 2
    },
    "feat_opt": {
        "lr": 5e-07,
        "n_iter": 1000,
        "early_stop": 0
    },
    "prior_opt": {
        "n_iter": 2000,
        "lr": 5e-06,
        "noise_amp": 0.1,
        "weight_decay": 0.1,
        "early_stop": 0
    },
    "back_forth": {
        "n_back_forth": 7,
        "scheduler_step_size": 3,
        "scheduler_gamma": 0.5,
        "early_stop_fit": 0,
        "first_func_in_fit": "fit_feats"
    }
}


/home/daniel.z/ICML_PIECLAM_020425/experiments/../clamiter.py:577:::  
in fit,
first_func_in_fit='fit_feats'
second_function_name='fit_prior'


/home/daniel.z/ICML_PIECLAM_020425/experiments/../clamiter.py:637:::  
back and forth 1/7


/home/daniel.z/ICML_PIECLAM_020425/experiments/../clamiter.py:364:::  staring fit_feats for 1000 iterations


/home/daniel.z/ICML_PIECLAM_020425/experiments/../clamiter.py:364:::  staring fit_prior for 2000 iterations


/home/daniel.z/ICML_PIECLAM_020425/experiments/../clamiter.py:637:::  
back and forth 2/7


/home/daniel.z/ICML_PIECLAM_020425/experiments/../clamiter.py:364:::  staring fit_feats for 1000 iterations


/home/daniel.z/ICML_PIECLAM_020425/experiments/../clamiter.py:364:::  staring fit_prior for 2000 iterations


/home/daniel.z/ICML_PIECLAM_020425/experiments/../clamiter.py:637:::  
back and forth 3/7


/home/daniel.z/ICML_PIECLAM_020425/experiments/../clamiter.py:364:::  staring fit_feats for 1000 iterations


/home/daniel.z/ICML_PIECLAM_020425/experiments/../clamiter.py:364:::  staring fit_prior for 2000 iterations


/home/daniel.z/ICML_PIECLAM_020425/experiments/../clamiter.py:637:::  
back and forth 4/7


/home/daniel.z/ICML_PIECLAM_020425/experiments/../clamiter.py:364:::  staring fit_feats for 1000 iterations


/home/daniel.z/ICML_PIECLAM_020425/experiments/../clamiter.py:364:::  staring fit_prior for 2000 iterations


/home/daniel.z/ICML_PIECLAM_020425/experiments/../clamiter.py:637:::  
back and forth 5/7


/home/daniel.z/ICML_PIECLAM_020425/experiments/../clamiter.py:364:::  staring fit_feats for 1000 iterations


/home/daniel.z/ICML_PIECLAM_020425/experiments/../clamiter.py:364:::  staring fit_prior for 2000 iterations


/home/daniel.z/ICML_PIECLAM_020425/experiments/../clamiter.py:637:::  
back and forth 6/7


/home/daniel.z/ICML_PIECLAM_020425/experiments/../clamiter.py:364:::  staring fit_feats for 1000 iterations


/home/daniel.z/ICML_PIECLAM_020425/experiments/../clamiter.py:364:::  staring fit_prior for 2000 iterations


/home/daniel.z/ICML_PIECLAM_020425/experiments/../clamiter.py:637:::  
back and forth 7/7


/home/daniel.z/ICML_PIECLAM_020425/experiments/../clamiter.py:364:::  staring fit_feats for 1000 iterations


/home/daniel.z/ICML_PIECLAM_020425/experiments/../clamiter.py:364:::  staring fit_prior for 2000 iterations


/home/daniel.z/ICML_PIECLAM_020425/experiments/../clamiter.py:704:::  
fit end, no early stopping


/home/daniel.z/ICML_PIECLAM_020425/experiments/../trainer.py:419:::  
train_model_on_params on pieclam squirrel 
took 2625.555900335312 seconds


/home/daniel.z/ICML_PIECLAM_020425/experiments/../trainer.py:437:::  


FINISHED train 
 last accuracies:
test
key='auc': 0.9396967578513653
val
key='auc': 0.9403709769256247




/home/daniel.z/ICML_PIECLAM_020425/experiments/optimization_utils.py:648:::  Repetition no. 0


/home/daniel.z/ICML_PIECLAM_020425/experiments/../trainer.py:161:::  
Using dataset specific configuration and not global 




/home/daniel.z/ICML_PIECLAM_020425/experiments/../trainer.py:335:::  
 2025-05-24 18:21:58 starting optimization of pieclam on squirrel on device cuda

 configs_dict: 
{
    "clamiter_init": {
        "dim_feat": 200,
        "dim_attr": 100,
        "s_reg": 0.0,
        "l1_reg": 1,
        "T": 1,
        "hidden_dim": 64,
        "num_coupling_blocks": 32,
        "num_layers_mlp": 2
    },
    "feat_opt": {
        "lr": 5e-06,
        "n_iter": 500,
        "early_stop": 0
    },
    "prior_opt": {
        "n_iter": 2000,
        "lr": 5e-06,
        "noise_amp": 0.1,
        "weight_decay": 0.1,
        "early_stop": 0
    },
    "back_forth": {
        "n_back_forth": 7,
        "scheduler_step_size": 3,
        "scheduler_gamma": 0.5,
        "early_stop_fit": 0,
        "first_func_in_fit": "fit_feats"
    }
}


/home/daniel.z/ICML_PIECLAM_020425/experiments/../clamiter.py:577:::  
in fit,
first_func_in_fit='fit_feats'
second_function_name='fit_prior'


/home/daniel.z/ICML_PIECLAM_020425/experiments/../clamiter.py:637:::  
back and forth 1/7


/home/daniel.z/ICML_PIECLAM_020425/experiments/../clamiter.py:364:::  staring fit_feats for 500 iterations


/home/daniel.z/ICML_PIECLAM_020425/experiments/../clamiter.py:364:::  staring fit_prior for 2000 iterations


/home/daniel.z/ICML_PIECLAM_020425/experiments/../clamiter.py:637:::  
back and forth 2/7


/home/daniel.z/ICML_PIECLAM_020425/experiments/../clamiter.py:364:::  staring fit_feats for 500 iterations


/home/daniel.z/ICML_PIECLAM_020425/experiments/../clamiter.py:364:::  staring fit_prior for 2000 iterations


/home/daniel.z/ICML_PIECLAM_020425/experiments/../clamiter.py:637:::  
back and forth 3/7


/home/daniel.z/ICML_PIECLAM_020425/experiments/../clamiter.py:364:::  staring fit_feats for 500 iterations


/home/daniel.z/ICML_PIECLAM_020425/experiments/../clamiter.py:364:::  staring fit_prior for 2000 iterations


/home/daniel.z/ICML_PIECLAM_020425/experiments/../clamiter.py:637:::  
back and forth 4/7


/home/daniel.z/ICML_PIECLAM_020425/experiments/../clamiter.py:364:::  staring fit_feats for 500 iterations


/home/daniel.z/ICML_PIECLAM_020425/experiments/../clamiter.py:364:::  staring fit_prior for 2000 iterations


/home/daniel.z/ICML_PIECLAM_020425/experiments/../clamiter.py:637:::  
back and forth 5/7


/home/daniel.z/ICML_PIECLAM_020425/experiments/../clamiter.py:364:::  staring fit_feats for 500 iterations


/home/daniel.z/ICML_PIECLAM_020425/experiments/../clamiter.py:364:::  staring fit_prior for 2000 iterations


/home/daniel.z/ICML_PIECLAM_020425/experiments/../clamiter.py:637:::  
back and forth 6/7


/home/daniel.z/ICML_PIECLAM_020425/experiments/../clamiter.py:364:::  staring fit_feats for 500 iterations


/home/daniel.z/ICML_PIECLAM_020425/experiments/../clamiter.py:364:::  staring fit_prior for 2000 iterations


/home/daniel.z/ICML_PIECLAM_020425/experiments/../clamiter.py:637:::  
back and forth 7/7


/home/daniel.z/ICML_PIECLAM_020425/experiments/../clamiter.py:364:::  staring fit_feats for 500 iterations


/home/daniel.z/ICML_PIECLAM_020425/experiments/../clamiter.py:364:::  staring fit_prior for 2000 iterations


/home/daniel.z/ICML_PIECLAM_020425/experiments/../clamiter.py:704:::  
fit end, no early stopping


/home/daniel.z/ICML_PIECLAM_020425/experiments/../trainer.py:419:::  
train_model_on_params on pieclam squirrel 
took 2105.083559036255 seconds


/home/daniel.z/ICML_PIECLAM_020425/experiments/../trainer.py:437:::  


FINISHED train 
 last accuracies:
test
key='auc': 0.9845671874927036
val
key='auc': 0.9851182109050242




/home/daniel.z/ICML_PIECLAM_020425/experiments/optimization_utils.py:648:::  Repetition no. 0


/home/daniel.z/ICML_PIECLAM_020425/experiments/../trainer.py:161:::  
Using dataset specific configuration and not global 




/home/daniel.z/ICML_PIECLAM_020425/experiments/../trainer.py:335:::  
 2025-05-24 18:57:04 starting optimization of pieclam on squirrel on device cuda

 configs_dict: 
{
    "clamiter_init": {
        "dim_feat": 50,
        "dim_attr": 100,
        "s_reg": 0.0,
        "l1_reg": 1,
        "T": 1,
        "hidden_dim": 64,
        "num_coupling_blocks": 32,
        "num_layers_mlp": 2
    },
    "feat_opt": {
        "lr": 5e-07,
        "n_iter": 3000,
        "early_stop": 0
    },
    "prior_opt": {
        "n_iter": 2000,
        "lr": 5e-06,
        "noise_amp": 0.1,
        "weight_decay": 0.1,
        "early_stop": 0
    },
    "back_forth": {
        "n_back_forth": 7,
        "scheduler_step_size": 3,
        "scheduler_gamma": 0.5,
        "early_stop_fit": 0,
        "first_func_in_fit": "fit_feats"
    }
}


/home/daniel.z/ICML_PIECLAM_020425/experiments/../clamiter.py:577:::  
in fit,
first_func_in_fit='fit_feats'
second_function_name='fit_prior'


/home/daniel.z/ICML_PIECLAM_020425/experiments/../clamiter.py:637:::  
back and forth 1/7


/home/daniel.z/ICML_PIECLAM_020425/experiments/../clamiter.py:364:::  staring fit_feats for 3000 iterations


/home/daniel.z/ICML_PIECLAM_020425/experiments/../clamiter.py:364:::  staring fit_prior for 2000 iterations


/home/daniel.z/ICML_PIECLAM_020425/experiments/../clamiter.py:637:::  
back and forth 2/7


/home/daniel.z/ICML_PIECLAM_020425/experiments/../clamiter.py:364:::  staring fit_feats for 3000 iterations


/home/daniel.z/ICML_PIECLAM_020425/experiments/../clamiter.py:364:::  staring fit_prior for 2000 iterations


/home/daniel.z/ICML_PIECLAM_020425/experiments/../clamiter.py:637:::  
back and forth 3/7


/home/daniel.z/ICML_PIECLAM_020425/experiments/../clamiter.py:364:::  staring fit_feats for 3000 iterations


/home/daniel.z/ICML_PIECLAM_020425/experiments/../clamiter.py:364:::  staring fit_prior for 2000 iterations


/home/daniel.z/ICML_PIECLAM_020425/experiments/../clamiter.py:637:::  
back and forth 4/7


/home/daniel.z/ICML_PIECLAM_020425/experiments/../clamiter.py:364:::  staring fit_feats for 3000 iterations


/home/daniel.z/ICML_PIECLAM_020425/experiments/../clamiter.py:364:::  staring fit_prior for 2000 iterations


/home/daniel.z/ICML_PIECLAM_020425/experiments/../clamiter.py:637:::  
back and forth 5/7


/home/daniel.z/ICML_PIECLAM_020425/experiments/../clamiter.py:364:::  staring fit_feats for 3000 iterations


/home/daniel.z/ICML_PIECLAM_020425/experiments/../clamiter.py:364:::  staring fit_prior for 2000 iterations


/home/daniel.z/ICML_PIECLAM_020425/experiments/../clamiter.py:637:::  
back and forth 6/7


/home/daniel.z/ICML_PIECLAM_020425/experiments/../clamiter.py:364:::  staring fit_feats for 3000 iterations


/home/daniel.z/ICML_PIECLAM_020425/experiments/../clamiter.py:364:::  staring fit_prior for 2000 iterations


/home/daniel.z/ICML_PIECLAM_020425/experiments/../clamiter.py:637:::  
back and forth 7/7


/home/daniel.z/ICML_PIECLAM_020425/experiments/../clamiter.py:364:::  staring fit_feats for 3000 iterations


/home/daniel.z/ICML_PIECLAM_020425/experiments/../clamiter.py:364:::  staring fit_prior for 2000 iterations


/home/daniel.z/ICML_PIECLAM_020425/experiments/../clamiter.py:704:::  
fit end, no early stopping


/home/daniel.z/ICML_PIECLAM_020425/experiments/../trainer.py:419:::  
train_model_on_params on pieclam squirrel 
took 4571.074775695801 seconds


/home/daniel.z/ICML_PIECLAM_020425/experiments/../trainer.py:437:::  


FINISHED train 
 last accuracies:
test
key='auc': 0.9752606473326972
val
key='auc': 0.9769214259491611




/home/daniel.z/ICML_PIECLAM_020425/experiments/optimization_utils.py:648:::  Repetition no. 0


/home/daniel.z/ICML_PIECLAM_020425/experiments/../trainer.py:161:::  
Using dataset specific configuration and not global 




/home/daniel.z/ICML_PIECLAM_020425/experiments/../trainer.py:335:::  
 2025-05-24 20:13:16 starting optimization of pieclam on squirrel on device cuda

 configs_dict: 
{
    "clamiter_init": {
        "dim_feat": 100,
        "dim_attr": 100,
        "s_reg": 0.1,
        "l1_reg": 1,
        "T": 1,
        "hidden_dim": 64,
        "num_coupling_blocks": 32,
        "num_layers_mlp": 2
    },
    "feat_opt": {
        "lr": 5e-07,
        "n_iter": 1000,
        "early_stop": 0
    },
    "prior_opt": {
        "n_iter": 2000,
        "lr": 5e-06,
        "noise_amp": 0.1,
        "weight_decay": 0.1,
        "early_stop": 0
    },
    "back_forth": {
        "n_back_forth": 7,
        "scheduler_step_size": 3,
        "scheduler_gamma": 0.5,
        "early_stop_fit": 0,
        "first_func_in_fit": "fit_feats"
    }
}


/home/daniel.z/ICML_PIECLAM_020425/experiments/../clamiter.py:577:::  
in fit,
first_func_in_fit='fit_feats'
second_function_name='fit_prior'


/home/daniel.z/ICML_PIECLAM_020425/experiments/../clamiter.py:637:::  
back and forth 1/7


/home/daniel.z/ICML_PIECLAM_020425/experiments/../clamiter.py:364:::  staring fit_feats for 1000 iterations


/home/daniel.z/ICML_PIECLAM_020425/experiments/../clamiter.py:364:::  staring fit_prior for 2000 iterations


/home/daniel.z/ICML_PIECLAM_020425/experiments/../clamiter.py:637:::  
back and forth 2/7


/home/daniel.z/ICML_PIECLAM_020425/experiments/../clamiter.py:364:::  staring fit_feats for 1000 iterations


/home/daniel.z/ICML_PIECLAM_020425/experiments/../clamiter.py:364:::  staring fit_prior for 2000 iterations


/home/daniel.z/ICML_PIECLAM_020425/experiments/../clamiter.py:637:::  
back and forth 3/7


/home/daniel.z/ICML_PIECLAM_020425/experiments/../clamiter.py:364:::  staring fit_feats for 1000 iterations


/home/daniel.z/ICML_PIECLAM_020425/experiments/../clamiter.py:364:::  staring fit_prior for 2000 iterations


/home/daniel.z/ICML_PIECLAM_020425/experiments/../clamiter.py:637:::  
back and forth 4/7


/home/daniel.z/ICML_PIECLAM_020425/experiments/../clamiter.py:364:::  staring fit_feats for 1000 iterations


/home/daniel.z/ICML_PIECLAM_020425/experiments/../clamiter.py:364:::  staring fit_prior for 2000 iterations


/home/daniel.z/ICML_PIECLAM_020425/experiments/../clamiter.py:637:::  
back and forth 5/7


/home/daniel.z/ICML_PIECLAM_020425/experiments/../clamiter.py:364:::  staring fit_feats for 1000 iterations


/home/daniel.z/ICML_PIECLAM_020425/experiments/../clamiter.py:364:::  staring fit_prior for 2000 iterations


/home/daniel.z/ICML_PIECLAM_020425/experiments/../clamiter.py:637:::  
back and forth 6/7


/home/daniel.z/ICML_PIECLAM_020425/experiments/../clamiter.py:364:::  staring fit_feats for 1000 iterations


/home/daniel.z/ICML_PIECLAM_020425/experiments/../clamiter.py:364:::  staring fit_prior for 2000 iterations


/home/daniel.z/ICML_PIECLAM_020425/experiments/../clamiter.py:637:::  
back and forth 7/7


/home/daniel.z/ICML_PIECLAM_020425/experiments/../clamiter.py:364:::  staring fit_feats for 1000 iterations


/home/daniel.z/ICML_PIECLAM_020425/experiments/../clamiter.py:364:::  staring fit_prior for 2000 iterations


/home/daniel.z/ICML_PIECLAM_020425/experiments/../clamiter.py:704:::  
fit end, no early stopping


/home/daniel.z/ICML_PIECLAM_020425/experiments/../trainer.py:419:::  
train_model_on_params on pieclam squirrel 
took 2604.9137036800385 seconds


/home/daniel.z/ICML_PIECLAM_020425/experiments/../trainer.py:437:::  


FINISHED train 
 last accuracies:
test
key='auc': 0.9404970335215026
val
key='auc': 0.9429369205543436




/home/daniel.z/ICML_PIECLAM_020425/experiments/optimization_utils.py:648:::  Repetition no. 0


/home/daniel.z/ICML_PIECLAM_020425/experiments/../trainer.py:161:::  
Using dataset specific configuration and not global 




/home/daniel.z/ICML_PIECLAM_020425/experiments/../trainer.py:335:::  
 2025-05-24 20:56:42 starting optimization of pieclam on squirrel on device cuda

 configs_dict: 
{
    "clamiter_init": {
        "dim_feat": 200,
        "dim_attr": 100,
        "s_reg": 0.1,
        "l1_reg": 1,
        "T": 1,
        "hidden_dim": 64,
        "num_coupling_blocks": 32,
        "num_layers_mlp": 2
    },
    "feat_opt": {
        "lr": 5e-06,
        "n_iter": 1000,
        "early_stop": 0
    },
    "prior_opt": {
        "n_iter": 2000,
        "lr": 5e-06,
        "noise_amp": 0.1,
        "weight_decay": 0.1,
        "early_stop": 0
    },
    "back_forth": {
        "n_back_forth": 7,
        "scheduler_step_size": 3,
        "scheduler_gamma": 0.5,
        "early_stop_fit": 0,
        "first_func_in_fit": "fit_feats"
    }
}


/home/daniel.z/ICML_PIECLAM_020425/experiments/../clamiter.py:577:::  
in fit,
first_func_in_fit='fit_feats'
second_function_name='fit_prior'


/home/daniel.z/ICML_PIECLAM_020425/experiments/../clamiter.py:637:::  
back and forth 1/7


/home/daniel.z/ICML_PIECLAM_020425/experiments/../clamiter.py:364:::  staring fit_feats for 1000 iterations


/home/daniel.z/ICML_PIECLAM_020425/experiments/../clamiter.py:364:::  staring fit_prior for 2000 iterations


/home/daniel.z/ICML_PIECLAM_020425/experiments/../clamiter.py:637:::  
back and forth 2/7


/home/daniel.z/ICML_PIECLAM_020425/experiments/../clamiter.py:364:::  staring fit_feats for 1000 iterations


/home/daniel.z/ICML_PIECLAM_020425/experiments/../clamiter.py:364:::  staring fit_prior for 2000 iterations


/home/daniel.z/ICML_PIECLAM_020425/experiments/../clamiter.py:637:::  
back and forth 3/7


/home/daniel.z/ICML_PIECLAM_020425/experiments/../clamiter.py:364:::  staring fit_feats for 1000 iterations


/home/daniel.z/ICML_PIECLAM_020425/experiments/../clamiter.py:364:::  staring fit_prior for 2000 iterations


/home/daniel.z/ICML_PIECLAM_020425/experiments/../clamiter.py:637:::  
back and forth 4/7


/home/daniel.z/ICML_PIECLAM_020425/experiments/../clamiter.py:364:::  staring fit_feats for 1000 iterations


/home/daniel.z/ICML_PIECLAM_020425/experiments/../clamiter.py:364:::  staring fit_prior for 2000 iterations


/home/daniel.z/ICML_PIECLAM_020425/experiments/../clamiter.py:637:::  
back and forth 5/7


/home/daniel.z/ICML_PIECLAM_020425/experiments/../clamiter.py:364:::  staring fit_feats for 1000 iterations


/home/daniel.z/ICML_PIECLAM_020425/experiments/../clamiter.py:364:::  staring fit_prior for 2000 iterations


/home/daniel.z/ICML_PIECLAM_020425/experiments/../clamiter.py:637:::  
back and forth 6/7


/home/daniel.z/ICML_PIECLAM_020425/experiments/../clamiter.py:364:::  staring fit_feats for 1000 iterations


/home/daniel.z/ICML_PIECLAM_020425/experiments/../clamiter.py:364:::  staring fit_prior for 2000 iterations


/home/daniel.z/ICML_PIECLAM_020425/experiments/../clamiter.py:637:::  
back and forth 7/7


/home/daniel.z/ICML_PIECLAM_020425/experiments/../clamiter.py:364:::  staring fit_feats for 1000 iterations


/home/daniel.z/ICML_PIECLAM_020425/experiments/../clamiter.py:364:::  staring fit_prior for 2000 iterations


/home/daniel.z/ICML_PIECLAM_020425/experiments/../clamiter.py:704:::  
fit end, no early stopping


/home/daniel.z/ICML_PIECLAM_020425/experiments/../trainer.py:419:::  
train_model_on_params on pieclam squirrel 
took 2802.368822336197 seconds


/home/daniel.z/ICML_PIECLAM_020425/experiments/../trainer.py:437:::  


FINISHED train 
 last accuracies:
test
key='auc': 0.9888507371777863
val
key='auc': 0.9888681911447125




/home/daniel.z/ICML_PIECLAM_020425/experiments/optimization_utils.py:648:::  Repetition no. 0


/home/daniel.z/ICML_PIECLAM_020425/experiments/../trainer.py:161:::  
Using dataset specific configuration and not global 




/home/daniel.z/ICML_PIECLAM_020425/experiments/../trainer.py:335:::  
 2025-05-24 21:43:26 starting optimization of pieclam on squirrel on device cuda

 configs_dict: 
{
    "clamiter_init": {
        "dim_feat": 50,
        "dim_attr": 100,
        "s_reg": 0.1,
        "l1_reg": 1,
        "T": 1,
        "hidden_dim": 64,
        "num_coupling_blocks": 32,
        "num_layers_mlp": 2
    },
    "feat_opt": {
        "lr": 5e-07,
        "n_iter": 500,
        "early_stop": 0
    },
    "prior_opt": {
        "n_iter": 2000,
        "lr": 5e-06,
        "noise_amp": 0.1,
        "weight_decay": 0.1,
        "early_stop": 0
    },
    "back_forth": {
        "n_back_forth": 7,
        "scheduler_step_size": 3,
        "scheduler_gamma": 0.5,
        "early_stop_fit": 0,
        "first_func_in_fit": "fit_feats"
    }
}


/home/daniel.z/ICML_PIECLAM_020425/experiments/../clamiter.py:577:::  
in fit,
first_func_in_fit='fit_feats'
second_function_name='fit_prior'


/home/daniel.z/ICML_PIECLAM_020425/experiments/../clamiter.py:637:::  
back and forth 1/7


/home/daniel.z/ICML_PIECLAM_020425/experiments/../clamiter.py:364:::  staring fit_feats for 500 iterations


/home/daniel.z/ICML_PIECLAM_020425/experiments/../clamiter.py:364:::  staring fit_prior for 2000 iterations


/home/daniel.z/ICML_PIECLAM_020425/experiments/../clamiter.py:637:::  
back and forth 2/7


/home/daniel.z/ICML_PIECLAM_020425/experiments/../clamiter.py:364:::  staring fit_feats for 500 iterations


/home/daniel.z/ICML_PIECLAM_020425/experiments/../clamiter.py:364:::  staring fit_prior for 2000 iterations


/home/daniel.z/ICML_PIECLAM_020425/experiments/../clamiter.py:637:::  
back and forth 3/7


/home/daniel.z/ICML_PIECLAM_020425/experiments/../clamiter.py:364:::  staring fit_feats for 500 iterations


/home/daniel.z/ICML_PIECLAM_020425/experiments/../clamiter.py:364:::  staring fit_prior for 2000 iterations


/home/daniel.z/ICML_PIECLAM_020425/experiments/../clamiter.py:637:::  
back and forth 4/7


/home/daniel.z/ICML_PIECLAM_020425/experiments/../clamiter.py:364:::  staring fit_feats for 500 iterations


/home/daniel.z/ICML_PIECLAM_020425/experiments/../clamiter.py:364:::  staring fit_prior for 2000 iterations


/home/daniel.z/ICML_PIECLAM_020425/experiments/../clamiter.py:637:::  
back and forth 5/7


/home/daniel.z/ICML_PIECLAM_020425/experiments/../clamiter.py:364:::  staring fit_feats for 500 iterations


/home/daniel.z/ICML_PIECLAM_020425/experiments/../clamiter.py:364:::  staring fit_prior for 2000 iterations


/home/daniel.z/ICML_PIECLAM_020425/experiments/../clamiter.py:637:::  
back and forth 6/7


/home/daniel.z/ICML_PIECLAM_020425/experiments/../clamiter.py:364:::  staring fit_feats for 500 iterations


/home/daniel.z/ICML_PIECLAM_020425/experiments/../clamiter.py:364:::  staring fit_prior for 2000 iterations


/home/daniel.z/ICML_PIECLAM_020425/experiments/../clamiter.py:637:::  
back and forth 7/7


/home/daniel.z/ICML_PIECLAM_020425/experiments/../clamiter.py:364:::  staring fit_feats for 500 iterations


/home/daniel.z/ICML_PIECLAM_020425/experiments/../clamiter.py:364:::  staring fit_prior for 2000 iterations


/home/daniel.z/ICML_PIECLAM_020425/experiments/../clamiter.py:704:::  
fit end, no early stopping


/home/daniel.z/ICML_PIECLAM_020425/experiments/../trainer.py:419:::  
train_model_on_params on pieclam squirrel 
took 1995.1707451343536 seconds


/home/daniel.z/ICML_PIECLAM_020425/experiments/../trainer.py:437:::  


FINISHED train 
 last accuracies:
test
key='auc': 0.9092382428157957
val
key='auc': 0.9113230682202269




/home/daniel.z/ICML_PIECLAM_020425/experiments/optimization_utils.py:648:::  Repetition no. 0


/home/daniel.z/ICML_PIECLAM_020425/experiments/../trainer.py:161:::  
Using dataset specific configuration and not global 




/home/daniel.z/ICML_PIECLAM_020425/experiments/../trainer.py:335:::  
 2025-05-24 22:16:42 starting optimization of pieclam on squirrel on device cuda

 configs_dict: 
{
    "clamiter_init": {
        "dim_feat": 200,
        "dim_attr": 100,
        "s_reg": 0.1,
        "l1_reg": 1,
        "T": 1,
        "hidden_dim": 64,
        "num_coupling_blocks": 32,
        "num_layers_mlp": 2
    },
    "feat_opt": {
        "lr": 5e-06,
        "n_iter": 500,
        "early_stop": 0
    },
    "prior_opt": {
        "n_iter": 2000,
        "lr": 5e-06,
        "noise_amp": 0.1,
        "weight_decay": 0.1,
        "early_stop": 0
    },
    "back_forth": {
        "n_back_forth": 7,
        "scheduler_step_size": 3,
        "scheduler_gamma": 0.5,
        "early_stop_fit": 0,
        "first_func_in_fit": "fit_feats"
    }
}


/home/daniel.z/ICML_PIECLAM_020425/experiments/../clamiter.py:577:::  
in fit,
first_func_in_fit='fit_feats'
second_function_name='fit_prior'


/home/daniel.z/ICML_PIECLAM_020425/experiments/../clamiter.py:637:::  
back and forth 1/7


/home/daniel.z/ICML_PIECLAM_020425/experiments/../clamiter.py:364:::  staring fit_feats for 500 iterations


/home/daniel.z/ICML_PIECLAM_020425/experiments/../clamiter.py:364:::  staring fit_prior for 2000 iterations


/home/daniel.z/ICML_PIECLAM_020425/experiments/../clamiter.py:637:::  
back and forth 2/7


/home/daniel.z/ICML_PIECLAM_020425/experiments/../clamiter.py:364:::  staring fit_feats for 500 iterations


/home/daniel.z/ICML_PIECLAM_020425/experiments/../clamiter.py:364:::  staring fit_prior for 2000 iterations


/home/daniel.z/ICML_PIECLAM_020425/experiments/../clamiter.py:637:::  
back and forth 3/7


/home/daniel.z/ICML_PIECLAM_020425/experiments/../clamiter.py:364:::  staring fit_feats for 500 iterations


/home/daniel.z/ICML_PIECLAM_020425/experiments/../clamiter.py:364:::  staring fit_prior for 2000 iterations


/home/daniel.z/ICML_PIECLAM_020425/experiments/../clamiter.py:637:::  
back and forth 4/7


/home/daniel.z/ICML_PIECLAM_020425/experiments/../clamiter.py:364:::  staring fit_feats for 500 iterations


/home/daniel.z/ICML_PIECLAM_020425/experiments/../clamiter.py:364:::  staring fit_prior for 2000 iterations


/home/daniel.z/ICML_PIECLAM_020425/experiments/../clamiter.py:637:::  
back and forth 5/7


/home/daniel.z/ICML_PIECLAM_020425/experiments/../clamiter.py:364:::  staring fit_feats for 500 iterations


/home/daniel.z/ICML_PIECLAM_020425/experiments/../clamiter.py:364:::  staring fit_prior for 2000 iterations


/home/daniel.z/ICML_PIECLAM_020425/experiments/../clamiter.py:637:::  
back and forth 6/7


/home/daniel.z/ICML_PIECLAM_020425/experiments/../clamiter.py:364:::  staring fit_feats for 500 iterations


/home/daniel.z/ICML_PIECLAM_020425/experiments/../clamiter.py:364:::  staring fit_prior for 2000 iterations


/home/daniel.z/ICML_PIECLAM_020425/experiments/../clamiter.py:637:::  
back and forth 7/7


/home/daniel.z/ICML_PIECLAM_020425/experiments/../clamiter.py:364:::  staring fit_feats for 500 iterations


/home/daniel.z/ICML_PIECLAM_020425/experiments/../clamiter.py:364:::  staring fit_prior for 2000 iterations


/home/daniel.z/ICML_PIECLAM_020425/experiments/../clamiter.py:704:::  
fit end, no early stopping


/home/daniel.z/ICML_PIECLAM_020425/experiments/../trainer.py:419:::  
train_model_on_params on pieclam squirrel 
took 2094.3473813533783 seconds


/home/daniel.z/ICML_PIECLAM_020425/experiments/../trainer.py:437:::  


FINISHED train 
 last accuracies:
test
key='auc': 0.9841323017364904
val
key='auc': 0.984341712764231




/home/daniel.z/ICML_PIECLAM_020425/experiments/optimization_utils.py:648:::  Repetition no. 0


/home/daniel.z/ICML_PIECLAM_020425/experiments/../trainer.py:161:::  
Using dataset specific configuration and not global 




/home/daniel.z/ICML_PIECLAM_020425/experiments/../trainer.py:335:::  
 2025-05-24 22:51:37 starting optimization of pieclam on squirrel on device cuda

 configs_dict: 
{
    "clamiter_init": {
        "dim_feat": 100,
        "dim_attr": 100,
        "s_reg": 0.1,
        "l1_reg": 1,
        "T": 1,
        "hidden_dim": 64,
        "num_coupling_blocks": 32,
        "num_layers_mlp": 2
    },
    "feat_opt": {
        "lr": 5e-07,
        "n_iter": 500,
        "early_stop": 0
    },
    "prior_opt": {
        "n_iter": 2000,
        "lr": 5e-06,
        "noise_amp": 0.1,
        "weight_decay": 0.1,
        "early_stop": 0
    },
    "back_forth": {
        "n_back_forth": 7,
        "scheduler_step_size": 3,
        "scheduler_gamma": 0.5,
        "early_stop_fit": 0,
        "first_func_in_fit": "fit_feats"
    }
}


/home/daniel.z/ICML_PIECLAM_020425/experiments/../clamiter.py:577:::  
in fit,
first_func_in_fit='fit_feats'
second_function_name='fit_prior'


/home/daniel.z/ICML_PIECLAM_020425/experiments/../clamiter.py:637:::  
back and forth 1/7


/home/daniel.z/ICML_PIECLAM_020425/experiments/../clamiter.py:364:::  staring fit_feats for 500 iterations


/home/daniel.z/ICML_PIECLAM_020425/experiments/../clamiter.py:364:::  staring fit_prior for 2000 iterations


/home/daniel.z/ICML_PIECLAM_020425/experiments/../clamiter.py:637:::  
back and forth 2/7


/home/daniel.z/ICML_PIECLAM_020425/experiments/../clamiter.py:364:::  staring fit_feats for 500 iterations


/home/daniel.z/ICML_PIECLAM_020425/experiments/../clamiter.py:364:::  staring fit_prior for 2000 iterations


/home/daniel.z/ICML_PIECLAM_020425/experiments/../clamiter.py:637:::  
back and forth 3/7


/home/daniel.z/ICML_PIECLAM_020425/experiments/../clamiter.py:364:::  staring fit_feats for 500 iterations


/home/daniel.z/ICML_PIECLAM_020425/experiments/../clamiter.py:364:::  staring fit_prior for 2000 iterations


/home/daniel.z/ICML_PIECLAM_020425/experiments/../clamiter.py:637:::  
back and forth 4/7


/home/daniel.z/ICML_PIECLAM_020425/experiments/../clamiter.py:364:::  staring fit_feats for 500 iterations


/home/daniel.z/ICML_PIECLAM_020425/experiments/../clamiter.py:364:::  staring fit_prior for 2000 iterations


/home/daniel.z/ICML_PIECLAM_020425/experiments/../clamiter.py:637:::  
back and forth 5/7


/home/daniel.z/ICML_PIECLAM_020425/experiments/../clamiter.py:364:::  staring fit_feats for 500 iterations


/home/daniel.z/ICML_PIECLAM_020425/experiments/../clamiter.py:364:::  staring fit_prior for 2000 iterations


/home/daniel.z/ICML_PIECLAM_020425/experiments/../clamiter.py:637:::  
back and forth 6/7


/home/daniel.z/ICML_PIECLAM_020425/experiments/../clamiter.py:364:::  staring fit_feats for 500 iterations


/home/daniel.z/ICML_PIECLAM_020425/experiments/../clamiter.py:364:::  staring fit_prior for 2000 iterations


/home/daniel.z/ICML_PIECLAM_020425/experiments/../clamiter.py:637:::  
back and forth 7/7


/home/daniel.z/ICML_PIECLAM_020425/experiments/../clamiter.py:364:::  staring fit_feats for 500 iterations


/home/daniel.z/ICML_PIECLAM_020425/experiments/../clamiter.py:364:::  staring fit_prior for 2000 iterations


/home/daniel.z/ICML_PIECLAM_020425/experiments/../clamiter.py:704:::  
fit end, no early stopping


/home/daniel.z/ICML_PIECLAM_020425/experiments/../trainer.py:419:::  
train_model_on_params on pieclam squirrel 
took 2021.0967445373535 seconds


/home/daniel.z/ICML_PIECLAM_020425/experiments/../trainer.py:437:::  


FINISHED train 
 last accuracies:
test
key='auc': 0.9024506447525118
val
key='auc': 0.903221976936738




/home/daniel.z/ICML_PIECLAM_020425/experiments/optimization_utils.py:648:::  Repetition no. 0


/home/daniel.z/ICML_PIECLAM_020425/experiments/../trainer.py:161:::  
Using dataset specific configuration and not global 




/home/daniel.z/ICML_PIECLAM_020425/experiments/../trainer.py:335:::  
 2025-05-24 23:25:19 starting optimization of pieclam on squirrel on device cuda

 configs_dict: 
{
    "clamiter_init": {
        "dim_feat": 50,
        "dim_attr": 100,
        "s_reg": 0.1,
        "l1_reg": 1,
        "T": 1,
        "hidden_dim": 64,
        "num_coupling_blocks": 32,
        "num_layers_mlp": 2
    },
    "feat_opt": {
        "lr": 5e-06,
        "n_iter": 3000,
        "early_stop": 0
    },
    "prior_opt": {
        "n_iter": 2000,
        "lr": 5e-06,
        "noise_amp": 0.1,
        "weight_decay": 0.1,
        "early_stop": 0
    },
    "back_forth": {
        "n_back_forth": 7,
        "scheduler_step_size": 3,
        "scheduler_gamma": 0.5,
        "early_stop_fit": 0,
        "first_func_in_fit": "fit_feats"
    }
}


/home/daniel.z/ICML_PIECLAM_020425/experiments/../clamiter.py:577:::  
in fit,
first_func_in_fit='fit_feats'
second_function_name='fit_prior'


/home/daniel.z/ICML_PIECLAM_020425/experiments/../clamiter.py:637:::  
back and forth 1/7


/home/daniel.z/ICML_PIECLAM_020425/experiments/../clamiter.py:364:::  staring fit_feats for 3000 iterations


/home/daniel.z/ICML_PIECLAM_020425/experiments/../clamiter.py:364:::  staring fit_prior for 2000 iterations


/home/daniel.z/ICML_PIECLAM_020425/experiments/../clamiter.py:637:::  
back and forth 2/7


/home/daniel.z/ICML_PIECLAM_020425/experiments/../clamiter.py:364:::  staring fit_feats for 3000 iterations


/home/daniel.z/ICML_PIECLAM_020425/experiments/../clamiter.py:364:::  staring fit_prior for 2000 iterations


/home/daniel.z/ICML_PIECLAM_020425/experiments/../clamiter.py:637:::  
back and forth 3/7


/home/daniel.z/ICML_PIECLAM_020425/experiments/../clamiter.py:364:::  staring fit_feats for 3000 iterations


/home/daniel.z/ICML_PIECLAM_020425/experiments/../clamiter.py:364:::  staring fit_prior for 2000 iterations


/home/daniel.z/ICML_PIECLAM_020425/experiments/../clamiter.py:637:::  
back and forth 4/7


/home/daniel.z/ICML_PIECLAM_020425/experiments/../clamiter.py:364:::  staring fit_feats for 3000 iterations


/home/daniel.z/ICML_PIECLAM_020425/experiments/../clamiter.py:364:::  staring fit_prior for 2000 iterations


/home/daniel.z/ICML_PIECLAM_020425/experiments/../clamiter.py:637:::  
back and forth 5/7


/home/daniel.z/ICML_PIECLAM_020425/experiments/../clamiter.py:364:::  staring fit_feats for 3000 iterations


/home/daniel.z/ICML_PIECLAM_020425/experiments/../clamiter.py:364:::  staring fit_prior for 2000 iterations


/home/daniel.z/ICML_PIECLAM_020425/experiments/../clamiter.py:637:::  
back and forth 6/7


/home/daniel.z/ICML_PIECLAM_020425/experiments/../clamiter.py:364:::  staring fit_feats for 3000 iterations


/home/daniel.z/ICML_PIECLAM_020425/experiments/../clamiter.py:364:::  staring fit_prior for 2000 iterations


/home/daniel.z/ICML_PIECLAM_020425/experiments/../clamiter.py:637:::  
back and forth 7/7


/home/daniel.z/ICML_PIECLAM_020425/experiments/../clamiter.py:364:::  staring fit_feats for 3000 iterations


/home/daniel.z/ICML_PIECLAM_020425/experiments/../clamiter.py:364:::  staring fit_prior for 2000 iterations


/home/daniel.z/ICML_PIECLAM_020425/experiments/../clamiter.py:704:::  
fit end, no early stopping


/home/daniel.z/ICML_PIECLAM_020425/experiments/../trainer.py:419:::  
train_model_on_params on pieclam squirrel 
took 4548.716838121414 seconds


/home/daniel.z/ICML_PIECLAM_020425/experiments/../trainer.py:437:::  


FINISHED train 
 last accuracies:
test
key='auc': 0.9872083226243767
val
key='auc': 0.9881887512668135




/home/daniel.z/ICML_PIECLAM_020425/experiments/optimization_utils.py:648:::  Repetition no. 0


/home/daniel.z/ICML_PIECLAM_020425/experiments/../trainer.py:161:::  
Using dataset specific configuration and not global 




/home/daniel.z/ICML_PIECLAM_020425/experiments/../trainer.py:335:::  
 2025-05-25 00:41:08 starting optimization of pieclam on squirrel on device cuda

 configs_dict: 
{
    "clamiter_init": {
        "dim_feat": 100,
        "dim_attr": 100,
        "s_reg": 0.1,
        "l1_reg": 1,
        "T": 1,
        "hidden_dim": 64,
        "num_coupling_blocks": 32,
        "num_layers_mlp": 2
    },
    "feat_opt": {
        "lr": 5e-06,
        "n_iter": 1000,
        "early_stop": 0
    },
    "prior_opt": {
        "n_iter": 2000,
        "lr": 5e-06,
        "noise_amp": 0.1,
        "weight_decay": 0.1,
        "early_stop": 0
    },
    "back_forth": {
        "n_back_forth": 7,
        "scheduler_step_size": 3,
        "scheduler_gamma": 0.5,
        "early_stop_fit": 0,
        "first_func_in_fit": "fit_feats"
    }
}


/home/daniel.z/ICML_PIECLAM_020425/experiments/../clamiter.py:577:::  
in fit,
first_func_in_fit='fit_feats'
second_function_name='fit_prior'


/home/daniel.z/ICML_PIECLAM_020425/experiments/../clamiter.py:637:::  
back and forth 1/7


/home/daniel.z/ICML_PIECLAM_020425/experiments/../clamiter.py:364:::  staring fit_feats for 1000 iterations


/home/daniel.z/ICML_PIECLAM_020425/experiments/../clamiter.py:364:::  staring fit_prior for 2000 iterations


/home/daniel.z/ICML_PIECLAM_020425/experiments/../clamiter.py:637:::  
back and forth 2/7


/home/daniel.z/ICML_PIECLAM_020425/experiments/../clamiter.py:364:::  staring fit_feats for 1000 iterations


/home/daniel.z/ICML_PIECLAM_020425/experiments/../clamiter.py:364:::  staring fit_prior for 2000 iterations


/home/daniel.z/ICML_PIECLAM_020425/experiments/../clamiter.py:637:::  
back and forth 3/7


/home/daniel.z/ICML_PIECLAM_020425/experiments/../clamiter.py:364:::  staring fit_feats for 1000 iterations


/home/daniel.z/ICML_PIECLAM_020425/experiments/../clamiter.py:364:::  staring fit_prior for 2000 iterations


/home/daniel.z/ICML_PIECLAM_020425/experiments/../clamiter.py:637:::  
back and forth 4/7


/home/daniel.z/ICML_PIECLAM_020425/experiments/../clamiter.py:364:::  staring fit_feats for 1000 iterations


/home/daniel.z/ICML_PIECLAM_020425/experiments/../clamiter.py:364:::  staring fit_prior for 2000 iterations


/home/daniel.z/ICML_PIECLAM_020425/experiments/../clamiter.py:637:::  
back and forth 5/7


/home/daniel.z/ICML_PIECLAM_020425/experiments/../clamiter.py:364:::  staring fit_feats for 1000 iterations


/home/daniel.z/ICML_PIECLAM_020425/experiments/../clamiter.py:364:::  staring fit_prior for 2000 iterations


/home/daniel.z/ICML_PIECLAM_020425/experiments/../clamiter.py:637:::  
back and forth 6/7


/home/daniel.z/ICML_PIECLAM_020425/experiments/../clamiter.py:364:::  staring fit_feats for 1000 iterations


/home/daniel.z/ICML_PIECLAM_020425/experiments/../clamiter.py:364:::  staring fit_prior for 2000 iterations


/home/daniel.z/ICML_PIECLAM_020425/experiments/../clamiter.py:637:::  
back and forth 7/7


/home/daniel.z/ICML_PIECLAM_020425/experiments/../clamiter.py:364:::  staring fit_feats for 1000 iterations


/home/daniel.z/ICML_PIECLAM_020425/experiments/../clamiter.py:364:::  staring fit_prior for 2000 iterations


/home/daniel.z/ICML_PIECLAM_020425/experiments/../clamiter.py:704:::  
fit end, no early stopping


/home/daniel.z/ICML_PIECLAM_020425/experiments/../trainer.py:419:::  
train_model_on_params on pieclam squirrel 
took 2539.535412788391 seconds


/home/daniel.z/ICML_PIECLAM_020425/experiments/../trainer.py:437:::  


FINISHED train 
 last accuracies:
test
key='auc': 0.988136917357246
val
key='auc': 0.9886280275938448




/home/daniel.z/ICML_PIECLAM_020425/experiments/optimization_utils.py:648:::  Repetition no. 0


/home/daniel.z/ICML_PIECLAM_020425/experiments/../trainer.py:161:::  
Using dataset specific configuration and not global 




/home/daniel.z/ICML_PIECLAM_020425/experiments/../trainer.py:335:::  
 2025-05-25 01:23:29 starting optimization of pieclam on squirrel on device cuda

 configs_dict: 
{
    "clamiter_init": {
        "dim_feat": 200,
        "dim_attr": 100,
        "s_reg": 0.1,
        "l1_reg": 1,
        "T": 1,
        "hidden_dim": 64,
        "num_coupling_blocks": 32,
        "num_layers_mlp": 2
    },
    "feat_opt": {
        "lr": 5e-07,
        "n_iter": 500,
        "early_stop": 0
    },
    "prior_opt": {
        "n_iter": 2000,
        "lr": 5e-06,
        "noise_amp": 0.1,
        "weight_decay": 0.1,
        "early_stop": 0
    },
    "back_forth": {
        "n_back_forth": 7,
        "scheduler_step_size": 3,
        "scheduler_gamma": 0.5,
        "early_stop_fit": 0,
        "first_func_in_fit": "fit_feats"
    }
}


/home/daniel.z/ICML_PIECLAM_020425/experiments/../clamiter.py:577:::  
in fit,
first_func_in_fit='fit_feats'
second_function_name='fit_prior'


/home/daniel.z/ICML_PIECLAM_020425/experiments/../clamiter.py:637:::  
back and forth 1/7


/home/daniel.z/ICML_PIECLAM_020425/experiments/../clamiter.py:364:::  staring fit_feats for 500 iterations


/home/daniel.z/ICML_PIECLAM_020425/experiments/../clamiter.py:364:::  staring fit_prior for 2000 iterations


/home/daniel.z/ICML_PIECLAM_020425/experiments/../clamiter.py:637:::  
back and forth 2/7


/home/daniel.z/ICML_PIECLAM_020425/experiments/../clamiter.py:364:::  staring fit_feats for 500 iterations


/home/daniel.z/ICML_PIECLAM_020425/experiments/../clamiter.py:364:::  staring fit_prior for 2000 iterations


/home/daniel.z/ICML_PIECLAM_020425/experiments/../clamiter.py:637:::  
back and forth 3/7


/home/daniel.z/ICML_PIECLAM_020425/experiments/../clamiter.py:364:::  staring fit_feats for 500 iterations


/home/daniel.z/ICML_PIECLAM_020425/experiments/../clamiter.py:364:::  staring fit_prior for 2000 iterations


/home/daniel.z/ICML_PIECLAM_020425/experiments/../clamiter.py:637:::  
back and forth 4/7


/home/daniel.z/ICML_PIECLAM_020425/experiments/../clamiter.py:364:::  staring fit_feats for 500 iterations


/home/daniel.z/ICML_PIECLAM_020425/experiments/../clamiter.py:364:::  staring fit_prior for 2000 iterations


/home/daniel.z/ICML_PIECLAM_020425/experiments/../clamiter.py:637:::  
back and forth 5/7


/home/daniel.z/ICML_PIECLAM_020425/experiments/../clamiter.py:364:::  staring fit_feats for 500 iterations


/home/daniel.z/ICML_PIECLAM_020425/experiments/../clamiter.py:364:::  staring fit_prior for 2000 iterations


/home/daniel.z/ICML_PIECLAM_020425/experiments/../clamiter.py:637:::  
back and forth 6/7


/home/daniel.z/ICML_PIECLAM_020425/experiments/../clamiter.py:364:::  staring fit_feats for 500 iterations


/home/daniel.z/ICML_PIECLAM_020425/experiments/../clamiter.py:364:::  staring fit_prior for 2000 iterations


/home/daniel.z/ICML_PIECLAM_020425/experiments/../clamiter.py:637:::  
back and forth 7/7


/home/daniel.z/ICML_PIECLAM_020425/experiments/../clamiter.py:364:::  staring fit_feats for 500 iterations


/home/daniel.z/ICML_PIECLAM_020425/experiments/../clamiter.py:364:::  staring fit_prior for 2000 iterations


/home/daniel.z/ICML_PIECLAM_020425/experiments/../clamiter.py:704:::  
fit end, no early stopping


/home/daniel.z/ICML_PIECLAM_020425/experiments/../trainer.py:419:::  
train_model_on_params on pieclam squirrel 
took 2178.465049266815 seconds


/home/daniel.z/ICML_PIECLAM_020425/experiments/../trainer.py:437:::  


FINISHED train 
 last accuracies:
test
key='auc': 0.8949616600090454
val
key='auc': 0.9002511770624947




/home/daniel.z/ICML_PIECLAM_020425/experiments/optimization_utils.py:648:::  Repetition no. 0


/home/daniel.z/ICML_PIECLAM_020425/experiments/../trainer.py:161:::  
Using dataset specific configuration and not global 




/home/daniel.z/ICML_PIECLAM_020425/experiments/../trainer.py:335:::  
 2025-05-25 01:59:48 starting optimization of pieclam on squirrel on device cuda

 configs_dict: 
{
    "clamiter_init": {
        "dim_feat": 100,
        "dim_attr": 100,
        "s_reg": 0.0,
        "l1_reg": 1,
        "T": 1,
        "hidden_dim": 64,
        "num_coupling_blocks": 32,
        "num_layers_mlp": 2
    },
    "feat_opt": {
        "lr": 5e-06,
        "n_iter": 3000,
        "early_stop": 0
    },
    "prior_opt": {
        "n_iter": 2000,
        "lr": 5e-06,
        "noise_amp": 0.1,
        "weight_decay": 0.1,
        "early_stop": 0
    },
    "back_forth": {
        "n_back_forth": 7,
        "scheduler_step_size": 3,
        "scheduler_gamma": 0.5,
        "early_stop_fit": 0,
        "first_func_in_fit": "fit_feats"
    }
}


/home/daniel.z/ICML_PIECLAM_020425/experiments/../clamiter.py:577:::  
in fit,
first_func_in_fit='fit_feats'
second_function_name='fit_prior'


/home/daniel.z/ICML_PIECLAM_020425/experiments/../clamiter.py:637:::  
back and forth 1/7


/home/daniel.z/ICML_PIECLAM_020425/experiments/../clamiter.py:364:::  staring fit_feats for 3000 iterations


/home/daniel.z/ICML_PIECLAM_020425/experiments/../clamiter.py:364:::  staring fit_prior for 2000 iterations


/home/daniel.z/ICML_PIECLAM_020425/experiments/../clamiter.py:637:::  
back and forth 2/7


/home/daniel.z/ICML_PIECLAM_020425/experiments/../clamiter.py:364:::  staring fit_feats for 3000 iterations


/home/daniel.z/ICML_PIECLAM_020425/experiments/../clamiter.py:364:::  staring fit_prior for 2000 iterations


/home/daniel.z/ICML_PIECLAM_020425/experiments/../clamiter.py:637:::  
back and forth 3/7


/home/daniel.z/ICML_PIECLAM_020425/experiments/../clamiter.py:364:::  staring fit_feats for 3000 iterations


/home/daniel.z/ICML_PIECLAM_020425/experiments/../clamiter.py:364:::  staring fit_prior for 2000 iterations


/home/daniel.z/ICML_PIECLAM_020425/experiments/../clamiter.py:637:::  
back and forth 4/7


/home/daniel.z/ICML_PIECLAM_020425/experiments/../clamiter.py:364:::  staring fit_feats for 3000 iterations


/home/daniel.z/ICML_PIECLAM_020425/experiments/../clamiter.py:364:::  staring fit_prior for 2000 iterations


/home/daniel.z/ICML_PIECLAM_020425/experiments/../clamiter.py:637:::  
back and forth 5/7


/home/daniel.z/ICML_PIECLAM_020425/experiments/../clamiter.py:364:::  staring fit_feats for 3000 iterations


/home/daniel.z/ICML_PIECLAM_020425/experiments/../clamiter.py:364:::  staring fit_prior for 2000 iterations


/home/daniel.z/ICML_PIECLAM_020425/experiments/../clamiter.py:637:::  
back and forth 6/7


/home/daniel.z/ICML_PIECLAM_020425/experiments/../clamiter.py:364:::  staring fit_feats for 3000 iterations


/home/daniel.z/ICML_PIECLAM_020425/experiments/../clamiter.py:364:::  staring fit_prior for 2000 iterations


/home/daniel.z/ICML_PIECLAM_020425/experiments/../clamiter.py:637:::  
back and forth 7/7


/home/daniel.z/ICML_PIECLAM_020425/experiments/../clamiter.py:364:::  staring fit_feats for 3000 iterations


/home/daniel.z/ICML_PIECLAM_020425/experiments/../clamiter.py:364:::  staring fit_prior for 2000 iterations


/home/daniel.z/ICML_PIECLAM_020425/experiments/../clamiter.py:704:::  
fit end, no early stopping


/home/daniel.z/ICML_PIECLAM_020425/experiments/../trainer.py:419:::  
train_model_on_params on pieclam squirrel 
took 4865.869606494904 seconds


/home/daniel.z/ICML_PIECLAM_020425/experiments/../trainer.py:437:::  


FINISHED train 
 last accuracies:
test
key='auc': 0.9886882451887145
val
key='auc': 0.988810451507169




/home/daniel.z/ICML_PIECLAM_020425/experiments/optimization_utils.py:648:::  Repetition no. 0


/home/daniel.z/ICML_PIECLAM_020425/experiments/../trainer.py:161:::  
Using dataset specific configuration and not global 




/home/daniel.z/ICML_PIECLAM_020425/experiments/../trainer.py:335:::  
 2025-05-25 03:20:55 starting optimization of pieclam on squirrel on device cuda

 configs_dict: 
{
    "clamiter_init": {
        "dim_feat": 100,
        "dim_attr": 100,
        "s_reg": 0.0,
        "l1_reg": 1,
        "T": 1,
        "hidden_dim": 64,
        "num_coupling_blocks": 32,
        "num_layers_mlp": 2
    },
    "feat_opt": {
        "lr": 5e-07,
        "n_iter": 3000,
        "early_stop": 0
    },
    "prior_opt": {
        "n_iter": 2000,
        "lr": 5e-06,
        "noise_amp": 0.1,
        "weight_decay": 0.1,
        "early_stop": 0
    },
    "back_forth": {
        "n_back_forth": 7,
        "scheduler_step_size": 3,
        "scheduler_gamma": 0.5,
        "early_stop_fit": 0,
        "first_func_in_fit": "fit_feats"
    }
}


/home/daniel.z/ICML_PIECLAM_020425/experiments/../clamiter.py:577:::  
in fit,
first_func_in_fit='fit_feats'
second_function_name='fit_prior'


/home/daniel.z/ICML_PIECLAM_020425/experiments/../clamiter.py:637:::  
back and forth 1/7


/home/daniel.z/ICML_PIECLAM_020425/experiments/../clamiter.py:364:::  staring fit_feats for 3000 iterations


/home/daniel.z/ICML_PIECLAM_020425/experiments/../clamiter.py:364:::  staring fit_prior for 2000 iterations


/home/daniel.z/ICML_PIECLAM_020425/experiments/../clamiter.py:637:::  
back and forth 2/7


/home/daniel.z/ICML_PIECLAM_020425/experiments/../clamiter.py:364:::  staring fit_feats for 3000 iterations


/home/daniel.z/ICML_PIECLAM_020425/experiments/../clamiter.py:364:::  staring fit_prior for 2000 iterations


/home/daniel.z/ICML_PIECLAM_020425/experiments/../clamiter.py:637:::  
back and forth 3/7


/home/daniel.z/ICML_PIECLAM_020425/experiments/../clamiter.py:364:::  staring fit_feats for 3000 iterations


/home/daniel.z/ICML_PIECLAM_020425/experiments/../clamiter.py:364:::  staring fit_prior for 2000 iterations


/home/daniel.z/ICML_PIECLAM_020425/experiments/../clamiter.py:637:::  
back and forth 4/7


/home/daniel.z/ICML_PIECLAM_020425/experiments/../clamiter.py:364:::  staring fit_feats for 3000 iterations


/home/daniel.z/ICML_PIECLAM_020425/experiments/../clamiter.py:364:::  staring fit_prior for 2000 iterations


/home/daniel.z/ICML_PIECLAM_020425/experiments/../clamiter.py:637:::  
back and forth 5/7


/home/daniel.z/ICML_PIECLAM_020425/experiments/../clamiter.py:364:::  staring fit_feats for 3000 iterations


/home/daniel.z/ICML_PIECLAM_020425/experiments/../clamiter.py:364:::  staring fit_prior for 2000 iterations


/home/daniel.z/ICML_PIECLAM_020425/experiments/../clamiter.py:637:::  
back and forth 6/7


/home/daniel.z/ICML_PIECLAM_020425/experiments/../clamiter.py:364:::  staring fit_feats for 3000 iterations


/home/daniel.z/ICML_PIECLAM_020425/experiments/../clamiter.py:364:::  staring fit_prior for 2000 iterations


/home/daniel.z/ICML_PIECLAM_020425/experiments/../clamiter.py:637:::  
back and forth 7/7


/home/daniel.z/ICML_PIECLAM_020425/experiments/../clamiter.py:364:::  staring fit_feats for 3000 iterations


/home/daniel.z/ICML_PIECLAM_020425/experiments/../clamiter.py:364:::  staring fit_prior for 2000 iterations


/home/daniel.z/ICML_PIECLAM_020425/experiments/../clamiter.py:704:::  
fit end, no early stopping


/home/daniel.z/ICML_PIECLAM_020425/experiments/../trainer.py:419:::  
train_model_on_params on pieclam squirrel 
took 4945.549242973328 seconds


/home/daniel.z/ICML_PIECLAM_020425/experiments/../trainer.py:437:::  


FINISHED train 
 last accuracies:
test
key='auc': 0.9793334955016798
val
key='auc': 0.9787561923053603




/home/daniel.z/ICML_PIECLAM_020425/experiments/optimization_utils.py:648:::  Repetition no. 0


/home/daniel.z/ICML_PIECLAM_020425/experiments/../trainer.py:161:::  
Using dataset specific configuration and not global 




/home/daniel.z/ICML_PIECLAM_020425/experiments/../trainer.py:335:::  
 2025-05-25 04:43:21 starting optimization of pieclam on squirrel on device cuda

 configs_dict: 
{
    "clamiter_init": {
        "dim_feat": 100,
        "dim_attr": 100,
        "s_reg": 0.1,
        "l1_reg": 1,
        "T": 1,
        "hidden_dim": 64,
        "num_coupling_blocks": 32,
        "num_layers_mlp": 2
    },
    "feat_opt": {
        "lr": 5e-06,
        "n_iter": 3000,
        "early_stop": 0
    },
    "prior_opt": {
        "n_iter": 2000,
        "lr": 5e-06,
        "noise_amp": 0.1,
        "weight_decay": 0.1,
        "early_stop": 0
    },
    "back_forth": {
        "n_back_forth": 7,
        "scheduler_step_size": 3,
        "scheduler_gamma": 0.5,
        "early_stop_fit": 0,
        "first_func_in_fit": "fit_feats"
    }
}


/home/daniel.z/ICML_PIECLAM_020425/experiments/../clamiter.py:577:::  
in fit,
first_func_in_fit='fit_feats'
second_function_name='fit_prior'


/home/daniel.z/ICML_PIECLAM_020425/experiments/../clamiter.py:637:::  
back and forth 1/7


/home/daniel.z/ICML_PIECLAM_020425/experiments/../clamiter.py:364:::  staring fit_feats for 3000 iterations


/home/daniel.z/ICML_PIECLAM_020425/experiments/../clamiter.py:364:::  staring fit_prior for 2000 iterations


/home/daniel.z/ICML_PIECLAM_020425/experiments/../clamiter.py:637:::  
back and forth 2/7


/home/daniel.z/ICML_PIECLAM_020425/experiments/../clamiter.py:364:::  staring fit_feats for 3000 iterations


/home/daniel.z/ICML_PIECLAM_020425/experiments/../clamiter.py:364:::  staring fit_prior for 2000 iterations


/home/daniel.z/ICML_PIECLAM_020425/experiments/../clamiter.py:637:::  
back and forth 3/7


/home/daniel.z/ICML_PIECLAM_020425/experiments/../clamiter.py:364:::  staring fit_feats for 3000 iterations


/home/daniel.z/ICML_PIECLAM_020425/experiments/../clamiter.py:364:::  staring fit_prior for 2000 iterations


/home/daniel.z/ICML_PIECLAM_020425/experiments/../clamiter.py:637:::  
back and forth 4/7


/home/daniel.z/ICML_PIECLAM_020425/experiments/../clamiter.py:364:::  staring fit_feats for 3000 iterations


/home/daniel.z/ICML_PIECLAM_020425/experiments/../clamiter.py:364:::  staring fit_prior for 2000 iterations


/home/daniel.z/ICML_PIECLAM_020425/experiments/../clamiter.py:637:::  
back and forth 5/7


/home/daniel.z/ICML_PIECLAM_020425/experiments/../clamiter.py:364:::  staring fit_feats for 3000 iterations


/home/daniel.z/ICML_PIECLAM_020425/experiments/../clamiter.py:364:::  staring fit_prior for 2000 iterations


/home/daniel.z/ICML_PIECLAM_020425/experiments/../clamiter.py:637:::  
back and forth 6/7


/home/daniel.z/ICML_PIECLAM_020425/experiments/../clamiter.py:364:::  staring fit_feats for 3000 iterations


/home/daniel.z/ICML_PIECLAM_020425/experiments/../clamiter.py:364:::  staring fit_prior for 2000 iterations


/home/daniel.z/ICML_PIECLAM_020425/experiments/../clamiter.py:637:::  
back and forth 7/7


/home/daniel.z/ICML_PIECLAM_020425/experiments/../clamiter.py:364:::  staring fit_feats for 3000 iterations


/home/daniel.z/ICML_PIECLAM_020425/experiments/../clamiter.py:364:::  staring fit_prior for 2000 iterations


/home/daniel.z/ICML_PIECLAM_020425/experiments/../clamiter.py:704:::  
fit end, no early stopping


/home/daniel.z/ICML_PIECLAM_020425/experiments/../trainer.py:419:::  
train_model_on_params on pieclam squirrel 
took 4854.8739495277405 seconds


/home/daniel.z/ICML_PIECLAM_020425/experiments/../trainer.py:437:::  


FINISHED train 
 last accuracies:
test
key='auc': 0.988838895092128
val
key='auc': 0.9881152420629531




/home/daniel.z/ICML_PIECLAM_020425/experiments/optimization_utils.py:648:::  Repetition no. 0


/home/daniel.z/ICML_PIECLAM_020425/experiments/../trainer.py:161:::  
Using dataset specific configuration and not global 




/home/daniel.z/ICML_PIECLAM_020425/experiments/../trainer.py:335:::  
 2025-05-25 06:04:17 starting optimization of pieclam on squirrel on device cuda

 configs_dict: 
{
    "clamiter_init": {
        "dim_feat": 100,
        "dim_attr": 100,
        "s_reg": 0.0,
        "l1_reg": 1,
        "T": 1,
        "hidden_dim": 64,
        "num_coupling_blocks": 32,
        "num_layers_mlp": 2
    },
    "feat_opt": {
        "lr": 5e-06,
        "n_iter": 1000,
        "early_stop": 0
    },
    "prior_opt": {
        "n_iter": 2000,
        "lr": 5e-06,
        "noise_amp": 0.1,
        "weight_decay": 0.1,
        "early_stop": 0
    },
    "back_forth": {
        "n_back_forth": 7,
        "scheduler_step_size": 3,
        "scheduler_gamma": 0.5,
        "early_stop_fit": 0,
        "first_func_in_fit": "fit_feats"
    }
}


/home/daniel.z/ICML_PIECLAM_020425/experiments/../clamiter.py:577:::  
in fit,
first_func_in_fit='fit_feats'
second_function_name='fit_prior'


/home/daniel.z/ICML_PIECLAM_020425/experiments/../clamiter.py:637:::  
back and forth 1/7


/home/daniel.z/ICML_PIECLAM_020425/experiments/../clamiter.py:364:::  staring fit_feats for 1000 iterations


/home/daniel.z/ICML_PIECLAM_020425/experiments/../clamiter.py:364:::  staring fit_prior for 2000 iterations


/home/daniel.z/ICML_PIECLAM_020425/experiments/../clamiter.py:637:::  
back and forth 2/7


/home/daniel.z/ICML_PIECLAM_020425/experiments/../clamiter.py:364:::  staring fit_feats for 1000 iterations


/home/daniel.z/ICML_PIECLAM_020425/experiments/../clamiter.py:364:::  staring fit_prior for 2000 iterations


/home/daniel.z/ICML_PIECLAM_020425/experiments/../clamiter.py:637:::  
back and forth 3/7


/home/daniel.z/ICML_PIECLAM_020425/experiments/../clamiter.py:364:::  staring fit_feats for 1000 iterations


/home/daniel.z/ICML_PIECLAM_020425/experiments/../clamiter.py:364:::  staring fit_prior for 2000 iterations


/home/daniel.z/ICML_PIECLAM_020425/experiments/../clamiter.py:637:::  
back and forth 4/7


/home/daniel.z/ICML_PIECLAM_020425/experiments/../clamiter.py:364:::  staring fit_feats for 1000 iterations


/home/daniel.z/ICML_PIECLAM_020425/experiments/../clamiter.py:364:::  staring fit_prior for 2000 iterations


/home/daniel.z/ICML_PIECLAM_020425/experiments/../clamiter.py:637:::  
back and forth 5/7


/home/daniel.z/ICML_PIECLAM_020425/experiments/../clamiter.py:364:::  staring fit_feats for 1000 iterations


/home/daniel.z/ICML_PIECLAM_020425/experiments/../clamiter.py:364:::  staring fit_prior for 2000 iterations


/home/daniel.z/ICML_PIECLAM_020425/experiments/../clamiter.py:637:::  
back and forth 6/7


/home/daniel.z/ICML_PIECLAM_020425/experiments/../clamiter.py:364:::  staring fit_feats for 1000 iterations


/home/daniel.z/ICML_PIECLAM_020425/experiments/../clamiter.py:364:::  staring fit_prior for 2000 iterations


/home/daniel.z/ICML_PIECLAM_020425/experiments/../clamiter.py:637:::  
back and forth 7/7


/home/daniel.z/ICML_PIECLAM_020425/experiments/../clamiter.py:364:::  staring fit_feats for 1000 iterations


/home/daniel.z/ICML_PIECLAM_020425/experiments/../clamiter.py:364:::  staring fit_prior for 2000 iterations


/home/daniel.z/ICML_PIECLAM_020425/experiments/../clamiter.py:704:::  
fit end, no early stopping


/home/daniel.z/ICML_PIECLAM_020425/experiments/../trainer.py:419:::  
train_model_on_params on pieclam squirrel 
took 2560.50790810585 seconds


/home/daniel.z/ICML_PIECLAM_020425/experiments/../trainer.py:437:::  


FINISHED train 
 last accuracies:
test
key='auc': 0.9883326320833099
val
key='auc': 0.9882497712193203




/home/daniel.z/ICML_PIECLAM_020425/experiments/optimization_utils.py:648:::  Repetition no. 0


/home/daniel.z/ICML_PIECLAM_020425/experiments/../trainer.py:161:::  
Using dataset specific configuration and not global 




/home/daniel.z/ICML_PIECLAM_020425/experiments/../trainer.py:335:::  
 2025-05-25 06:46:58 starting optimization of pieclam on squirrel on device cuda

 configs_dict: 
{
    "clamiter_init": {
        "dim_feat": 50,
        "dim_attr": 100,
        "s_reg": 0.1,
        "l1_reg": 1,
        "T": 1,
        "hidden_dim": 64,
        "num_coupling_blocks": 32,
        "num_layers_mlp": 2
    },
    "feat_opt": {
        "lr": 5e-06,
        "n_iter": 1000,
        "early_stop": 0
    },
    "prior_opt": {
        "n_iter": 2000,
        "lr": 5e-06,
        "noise_amp": 0.1,
        "weight_decay": 0.1,
        "early_stop": 0
    },
    "back_forth": {
        "n_back_forth": 7,
        "scheduler_step_size": 3,
        "scheduler_gamma": 0.5,
        "early_stop_fit": 0,
        "first_func_in_fit": "fit_feats"
    }
}


/home/daniel.z/ICML_PIECLAM_020425/experiments/../clamiter.py:577:::  
in fit,
first_func_in_fit='fit_feats'
second_function_name='fit_prior'


/home/daniel.z/ICML_PIECLAM_020425/experiments/../clamiter.py:637:::  
back and forth 1/7


/home/daniel.z/ICML_PIECLAM_020425/experiments/../clamiter.py:364:::  staring fit_feats for 1000 iterations


/home/daniel.z/ICML_PIECLAM_020425/experiments/../clamiter.py:364:::  staring fit_prior for 2000 iterations


/home/daniel.z/ICML_PIECLAM_020425/experiments/../clamiter.py:637:::  
back and forth 2/7


/home/daniel.z/ICML_PIECLAM_020425/experiments/../clamiter.py:364:::  staring fit_feats for 1000 iterations


/home/daniel.z/ICML_PIECLAM_020425/experiments/../clamiter.py:364:::  staring fit_prior for 2000 iterations


/home/daniel.z/ICML_PIECLAM_020425/experiments/../clamiter.py:637:::  
back and forth 3/7


/home/daniel.z/ICML_PIECLAM_020425/experiments/../clamiter.py:364:::  staring fit_feats for 1000 iterations


/home/daniel.z/ICML_PIECLAM_020425/experiments/../clamiter.py:364:::  staring fit_prior for 2000 iterations


/home/daniel.z/ICML_PIECLAM_020425/experiments/../clamiter.py:637:::  
back and forth 4/7


/home/daniel.z/ICML_PIECLAM_020425/experiments/../clamiter.py:364:::  staring fit_feats for 1000 iterations


/home/daniel.z/ICML_PIECLAM_020425/experiments/../clamiter.py:364:::  staring fit_prior for 2000 iterations


/home/daniel.z/ICML_PIECLAM_020425/experiments/../clamiter.py:637:::  
back and forth 5/7


/home/daniel.z/ICML_PIECLAM_020425/experiments/../clamiter.py:364:::  staring fit_feats for 1000 iterations


/home/daniel.z/ICML_PIECLAM_020425/experiments/../clamiter.py:364:::  staring fit_prior for 2000 iterations


/home/daniel.z/ICML_PIECLAM_020425/experiments/../clamiter.py:637:::  
back and forth 6/7


/home/daniel.z/ICML_PIECLAM_020425/experiments/../clamiter.py:364:::  staring fit_feats for 1000 iterations


/home/daniel.z/ICML_PIECLAM_020425/experiments/../clamiter.py:364:::  staring fit_prior for 2000 iterations


/home/daniel.z/ICML_PIECLAM_020425/experiments/../clamiter.py:637:::  
back and forth 7/7


/home/daniel.z/ICML_PIECLAM_020425/experiments/../clamiter.py:364:::  staring fit_feats for 1000 iterations


/home/daniel.z/ICML_PIECLAM_020425/experiments/../clamiter.py:364:::  staring fit_prior for 2000 iterations


/home/daniel.z/ICML_PIECLAM_020425/experiments/../clamiter.py:704:::  
fit end, no early stopping


/home/daniel.z/ICML_PIECLAM_020425/experiments/../trainer.py:419:::  
train_model_on_params on pieclam squirrel 
took 2470.6076498031616 seconds


/home/daniel.z/ICML_PIECLAM_020425/experiments/../trainer.py:437:::  


FINISHED train 
 last accuracies:
test
key='auc': 0.9859374126316449
val
key='auc': 0.9862536633985808




/home/daniel.z/ICML_PIECLAM_020425/experiments/optimization_utils.py:648:::  Repetition no. 0


/home/daniel.z/ICML_PIECLAM_020425/experiments/../trainer.py:161:::  
Using dataset specific configuration and not global 




/home/daniel.z/ICML_PIECLAM_020425/experiments/../trainer.py:335:::  
 2025-05-25 07:28:10 starting optimization of pieclam on squirrel on device cuda

 configs_dict: 
{
    "clamiter_init": {
        "dim_feat": 200,
        "dim_attr": 100,
        "s_reg": 0.0,
        "l1_reg": 1,
        "T": 1,
        "hidden_dim": 64,
        "num_coupling_blocks": 32,
        "num_layers_mlp": 2
    },
    "feat_opt": {
        "lr": 5e-06,
        "n_iter": 3000,
        "early_stop": 0
    },
    "prior_opt": {
        "n_iter": 2000,
        "lr": 5e-06,
        "noise_amp": 0.1,
        "weight_decay": 0.1,
        "early_stop": 0
    },
    "back_forth": {
        "n_back_forth": 7,
        "scheduler_step_size": 3,
        "scheduler_gamma": 0.5,
        "early_stop_fit": 0,
        "first_func_in_fit": "fit_feats"
    }
}


/home/daniel.z/ICML_PIECLAM_020425/experiments/../clamiter.py:577:::  
in fit,
first_func_in_fit='fit_feats'
second_function_name='fit_prior'


/home/daniel.z/ICML_PIECLAM_020425/experiments/../clamiter.py:637:::  
back and forth 1/7


/home/daniel.z/ICML_PIECLAM_020425/experiments/../clamiter.py:364:::  staring fit_feats for 3000 iterations


/home/daniel.z/ICML_PIECLAM_020425/experiments/../clamiter.py:364:::  staring fit_prior for 2000 iterations


/home/daniel.z/ICML_PIECLAM_020425/experiments/../clamiter.py:637:::  
back and forth 2/7


/home/daniel.z/ICML_PIECLAM_020425/experiments/../clamiter.py:364:::  staring fit_feats for 3000 iterations


/home/daniel.z/ICML_PIECLAM_020425/experiments/../clamiter.py:364:::  staring fit_prior for 2000 iterations


/home/daniel.z/ICML_PIECLAM_020425/experiments/../clamiter.py:637:::  
back and forth 3/7


/home/daniel.z/ICML_PIECLAM_020425/experiments/../clamiter.py:364:::  staring fit_feats for 3000 iterations


/home/daniel.z/ICML_PIECLAM_020425/experiments/../clamiter.py:364:::  staring fit_prior for 2000 iterations


/home/daniel.z/ICML_PIECLAM_020425/experiments/../clamiter.py:637:::  
back and forth 4/7


/home/daniel.z/ICML_PIECLAM_020425/experiments/../clamiter.py:364:::  staring fit_feats for 3000 iterations


/home/daniel.z/ICML_PIECLAM_020425/experiments/../clamiter.py:364:::  staring fit_prior for 2000 iterations


/home/daniel.z/ICML_PIECLAM_020425/experiments/../clamiter.py:637:::  
back and forth 5/7


/home/daniel.z/ICML_PIECLAM_020425/experiments/../clamiter.py:364:::  staring fit_feats for 3000 iterations


/home/daniel.z/ICML_PIECLAM_020425/experiments/../clamiter.py:364:::  staring fit_prior for 2000 iterations


/home/daniel.z/ICML_PIECLAM_020425/experiments/../clamiter.py:637:::  
back and forth 6/7


/home/daniel.z/ICML_PIECLAM_020425/experiments/../clamiter.py:364:::  staring fit_feats for 3000 iterations


/home/daniel.z/ICML_PIECLAM_020425/experiments/../clamiter.py:364:::  staring fit_prior for 2000 iterations


/home/daniel.z/ICML_PIECLAM_020425/experiments/../clamiter.py:637:::  
back and forth 7/7


/home/daniel.z/ICML_PIECLAM_020425/experiments/../clamiter.py:364:::  staring fit_feats for 3000 iterations


/home/daniel.z/ICML_PIECLAM_020425/experiments/../clamiter.py:364:::  staring fit_prior for 2000 iterations


/home/daniel.z/ICML_PIECLAM_020425/experiments/../clamiter.py:704:::  
fit end, no early stopping


/home/daniel.z/ICML_PIECLAM_020425/experiments/../trainer.py:419:::  
train_model_on_params on pieclam squirrel 
took 5654.525586128235 seconds


/home/daniel.z/ICML_PIECLAM_020425/experiments/../trainer.py:437:::  


FINISHED train 
 last accuracies:
test
key='auc': 0.9881513727797495
val
key='auc': 0.9878179999623128




/home/daniel.z/ICML_PIECLAM_020425/experiments/optimization_utils.py:648:::  Repetition no. 0


/home/daniel.z/ICML_PIECLAM_020425/experiments/../trainer.py:161:::  
Using dataset specific configuration and not global 




/home/daniel.z/ICML_PIECLAM_020425/experiments/../trainer.py:335:::  
 2025-05-25 09:02:25 starting optimization of pieclam on squirrel on device cuda

 configs_dict: 
{
    "clamiter_init": {
        "dim_feat": 200,
        "dim_attr": 100,
        "s_reg": 0.1,
        "l1_reg": 1,
        "T": 1,
        "hidden_dim": 64,
        "num_coupling_blocks": 32,
        "num_layers_mlp": 2
    },
    "feat_opt": {
        "lr": 5e-07,
        "n_iter": 3000,
        "early_stop": 0
    },
    "prior_opt": {
        "n_iter": 2000,
        "lr": 5e-06,
        "noise_amp": 0.1,
        "weight_decay": 0.1,
        "early_stop": 0
    },
    "back_forth": {
        "n_back_forth": 7,
        "scheduler_step_size": 3,
        "scheduler_gamma": 0.5,
        "early_stop_fit": 0,
        "first_func_in_fit": "fit_feats"
    }
}


/home/daniel.z/ICML_PIECLAM_020425/experiments/../clamiter.py:577:::  
in fit,
first_func_in_fit='fit_feats'
second_function_name='fit_prior'


/home/daniel.z/ICML_PIECLAM_020425/experiments/../clamiter.py:637:::  
back and forth 1/7


/home/daniel.z/ICML_PIECLAM_020425/experiments/../clamiter.py:364:::  staring fit_feats for 3000 iterations


/home/daniel.z/ICML_PIECLAM_020425/experiments/../clamiter.py:364:::  staring fit_prior for 2000 iterations


/home/daniel.z/ICML_PIECLAM_020425/experiments/../clamiter.py:637:::  
back and forth 2/7


/home/daniel.z/ICML_PIECLAM_020425/experiments/../clamiter.py:364:::  staring fit_feats for 3000 iterations


/home/daniel.z/ICML_PIECLAM_020425/experiments/../clamiter.py:364:::  staring fit_prior for 2000 iterations


/home/daniel.z/ICML_PIECLAM_020425/experiments/../clamiter.py:637:::  
back and forth 3/7


/home/daniel.z/ICML_PIECLAM_020425/experiments/../clamiter.py:364:::  staring fit_feats for 3000 iterations


/home/daniel.z/ICML_PIECLAM_020425/experiments/../clamiter.py:364:::  staring fit_prior for 2000 iterations


/home/daniel.z/ICML_PIECLAM_020425/experiments/../clamiter.py:637:::  
back and forth 4/7


/home/daniel.z/ICML_PIECLAM_020425/experiments/../clamiter.py:364:::  staring fit_feats for 3000 iterations


/home/daniel.z/ICML_PIECLAM_020425/experiments/../clamiter.py:364:::  staring fit_prior for 2000 iterations


/home/daniel.z/ICML_PIECLAM_020425/experiments/../clamiter.py:637:::  
back and forth 5/7


/home/daniel.z/ICML_PIECLAM_020425/experiments/../clamiter.py:364:::  staring fit_feats for 3000 iterations


/home/daniel.z/ICML_PIECLAM_020425/experiments/../clamiter.py:364:::  staring fit_prior for 2000 iterations


/home/daniel.z/ICML_PIECLAM_020425/experiments/../clamiter.py:637:::  
back and forth 6/7


/home/daniel.z/ICML_PIECLAM_020425/experiments/../clamiter.py:364:::  staring fit_feats for 3000 iterations


/home/daniel.z/ICML_PIECLAM_020425/experiments/../clamiter.py:364:::  staring fit_prior for 2000 iterations


/home/daniel.z/ICML_PIECLAM_020425/experiments/../clamiter.py:637:::  
back and forth 7/7


/home/daniel.z/ICML_PIECLAM_020425/experiments/../clamiter.py:364:::  staring fit_feats for 3000 iterations


/home/daniel.z/ICML_PIECLAM_020425/experiments/../clamiter.py:364:::  staring fit_prior for 2000 iterations


/home/daniel.z/ICML_PIECLAM_020425/experiments/../clamiter.py:704:::  
fit end, no early stopping


/home/daniel.z/ICML_PIECLAM_020425/experiments/../trainer.py:419:::  
train_model_on_params on pieclam squirrel 
took 5684.888881444931 seconds


/home/daniel.z/ICML_PIECLAM_020425/experiments/../trainer.py:437:::  


FINISHED train 
 last accuracies:
test
key='auc': 0.9774881471099526
val
key='auc': 0.9787537441111028




/home/daniel.z/ICML_PIECLAM_020425/experiments/optimization_utils.py:648:::  Repetition no. 0


/home/daniel.z/ICML_PIECLAM_020425/experiments/../trainer.py:161:::  
Using dataset specific configuration and not global 




/home/daniel.z/ICML_PIECLAM_020425/experiments/../trainer.py:335:::  
 2025-05-25 10:37:11 starting optimization of pieclam on squirrel on device cuda

 configs_dict: 
{
    "clamiter_init": {
        "dim_feat": 100,
        "dim_attr": 100,
        "s_reg": 0.0,
        "l1_reg": 1,
        "T": 1,
        "hidden_dim": 64,
        "num_coupling_blocks": 32,
        "num_layers_mlp": 2
    },
    "feat_opt": {
        "lr": 5e-06,
        "n_iter": 500,
        "early_stop": 0
    },
    "prior_opt": {
        "n_iter": 2000,
        "lr": 5e-06,
        "noise_amp": 0.1,
        "weight_decay": 0.1,
        "early_stop": 0
    },
    "back_forth": {
        "n_back_forth": 7,
        "scheduler_step_size": 3,
        "scheduler_gamma": 0.5,
        "early_stop_fit": 0,
        "first_func_in_fit": "fit_feats"
    }
}


/home/daniel.z/ICML_PIECLAM_020425/experiments/../clamiter.py:577:::  
in fit,
first_func_in_fit='fit_feats'
second_function_name='fit_prior'


/home/daniel.z/ICML_PIECLAM_020425/experiments/../clamiter.py:637:::  
back and forth 1/7


/home/daniel.z/ICML_PIECLAM_020425/experiments/../clamiter.py:364:::  staring fit_feats for 500 iterations


/home/daniel.z/ICML_PIECLAM_020425/experiments/../clamiter.py:364:::  staring fit_prior for 2000 iterations


/home/daniel.z/ICML_PIECLAM_020425/experiments/../clamiter.py:637:::  
back and forth 2/7


/home/daniel.z/ICML_PIECLAM_020425/experiments/../clamiter.py:364:::  staring fit_feats for 500 iterations


/home/daniel.z/ICML_PIECLAM_020425/experiments/../clamiter.py:364:::  staring fit_prior for 2000 iterations


/home/daniel.z/ICML_PIECLAM_020425/experiments/../clamiter.py:637:::  
back and forth 3/7


/home/daniel.z/ICML_PIECLAM_020425/experiments/../clamiter.py:364:::  staring fit_feats for 500 iterations


/home/daniel.z/ICML_PIECLAM_020425/experiments/../clamiter.py:364:::  staring fit_prior for 2000 iterations


/home/daniel.z/ICML_PIECLAM_020425/experiments/../clamiter.py:637:::  
back and forth 4/7


/home/daniel.z/ICML_PIECLAM_020425/experiments/../clamiter.py:364:::  staring fit_feats for 500 iterations


/home/daniel.z/ICML_PIECLAM_020425/experiments/../clamiter.py:364:::  staring fit_prior for 2000 iterations


/home/daniel.z/ICML_PIECLAM_020425/experiments/../clamiter.py:637:::  
back and forth 5/7


/home/daniel.z/ICML_PIECLAM_020425/experiments/../clamiter.py:364:::  staring fit_feats for 500 iterations


/home/daniel.z/ICML_PIECLAM_020425/experiments/../clamiter.py:364:::  staring fit_prior for 2000 iterations


/home/daniel.z/ICML_PIECLAM_020425/experiments/../clamiter.py:637:::  
back and forth 6/7


/home/daniel.z/ICML_PIECLAM_020425/experiments/../clamiter.py:364:::  staring fit_feats for 500 iterations


/home/daniel.z/ICML_PIECLAM_020425/experiments/../clamiter.py:364:::  staring fit_prior for 2000 iterations


/home/daniel.z/ICML_PIECLAM_020425/experiments/../clamiter.py:637:::  
back and forth 7/7


/home/daniel.z/ICML_PIECLAM_020425/experiments/../clamiter.py:364:::  staring fit_feats for 500 iterations


/home/daniel.z/ICML_PIECLAM_020425/experiments/../clamiter.py:364:::  staring fit_prior for 2000 iterations


/home/daniel.z/ICML_PIECLAM_020425/experiments/../clamiter.py:704:::  
fit end, no early stopping


/home/daniel.z/ICML_PIECLAM_020425/experiments/../trainer.py:419:::  
train_model_on_params on pieclam squirrel 
took 1970.1904966831207 seconds


/home/daniel.z/ICML_PIECLAM_020425/experiments/../trainer.py:437:::  


FINISHED train 
 last accuracies:
test
key='auc': 0.984511954860008
val
key='auc': 0.984810312001227




/home/daniel.z/ICML_PIECLAM_020425/experiments/optimization_utils.py:648:::  Repetition no. 0


/home/daniel.z/ICML_PIECLAM_020425/experiments/../trainer.py:161:::  
Using dataset specific configuration and not global 




/home/daniel.z/ICML_PIECLAM_020425/experiments/../trainer.py:335:::  
 2025-05-25 11:10:02 starting optimization of pieclam on squirrel on device cuda

 configs_dict: 
{
    "clamiter_init": {
        "dim_feat": 100,
        "dim_attr": 100,
        "s_reg": 0.1,
        "l1_reg": 1,
        "T": 1,
        "hidden_dim": 64,
        "num_coupling_blocks": 32,
        "num_layers_mlp": 2
    },
    "feat_opt": {
        "lr": 5e-06,
        "n_iter": 500,
        "early_stop": 0
    },
    "prior_opt": {
        "n_iter": 2000,
        "lr": 5e-06,
        "noise_amp": 0.1,
        "weight_decay": 0.1,
        "early_stop": 0
    },
    "back_forth": {
        "n_back_forth": 7,
        "scheduler_step_size": 3,
        "scheduler_gamma": 0.5,
        "early_stop_fit": 0,
        "first_func_in_fit": "fit_feats"
    }
}


/home/daniel.z/ICML_PIECLAM_020425/experiments/../clamiter.py:577:::  
in fit,
first_func_in_fit='fit_feats'
second_function_name='fit_prior'


/home/daniel.z/ICML_PIECLAM_020425/experiments/../clamiter.py:637:::  
back and forth 1/7


/home/daniel.z/ICML_PIECLAM_020425/experiments/../clamiter.py:364:::  staring fit_feats for 500 iterations


/home/daniel.z/ICML_PIECLAM_020425/experiments/../clamiter.py:364:::  staring fit_prior for 2000 iterations


/home/daniel.z/ICML_PIECLAM_020425/experiments/../clamiter.py:637:::  
back and forth 2/7


/home/daniel.z/ICML_PIECLAM_020425/experiments/../clamiter.py:364:::  staring fit_feats for 500 iterations


/home/daniel.z/ICML_PIECLAM_020425/experiments/../clamiter.py:364:::  staring fit_prior for 2000 iterations


/home/daniel.z/ICML_PIECLAM_020425/experiments/../clamiter.py:637:::  
back and forth 3/7


/home/daniel.z/ICML_PIECLAM_020425/experiments/../clamiter.py:364:::  staring fit_feats for 500 iterations


/home/daniel.z/ICML_PIECLAM_020425/experiments/../clamiter.py:364:::  staring fit_prior for 2000 iterations


/home/daniel.z/ICML_PIECLAM_020425/experiments/../clamiter.py:637:::  
back and forth 4/7


/home/daniel.z/ICML_PIECLAM_020425/experiments/../clamiter.py:364:::  staring fit_feats for 500 iterations


/home/daniel.z/ICML_PIECLAM_020425/experiments/../clamiter.py:364:::  staring fit_prior for 2000 iterations


/home/daniel.z/ICML_PIECLAM_020425/experiments/../clamiter.py:637:::  
back and forth 5/7


/home/daniel.z/ICML_PIECLAM_020425/experiments/../clamiter.py:364:::  staring fit_feats for 500 iterations


/home/daniel.z/ICML_PIECLAM_020425/experiments/../clamiter.py:364:::  staring fit_prior for 2000 iterations


/home/daniel.z/ICML_PIECLAM_020425/experiments/../clamiter.py:637:::  
back and forth 6/7


/home/daniel.z/ICML_PIECLAM_020425/experiments/../clamiter.py:364:::  staring fit_feats for 500 iterations


/home/daniel.z/ICML_PIECLAM_020425/experiments/../clamiter.py:364:::  staring fit_prior for 2000 iterations


/home/daniel.z/ICML_PIECLAM_020425/experiments/../clamiter.py:637:::  
back and forth 7/7


/home/daniel.z/ICML_PIECLAM_020425/experiments/../clamiter.py:364:::  staring fit_feats for 500 iterations


/home/daniel.z/ICML_PIECLAM_020425/experiments/../clamiter.py:364:::  staring fit_prior for 2000 iterations


/home/daniel.z/ICML_PIECLAM_020425/experiments/../clamiter.py:704:::  
fit end, no early stopping


/home/daniel.z/ICML_PIECLAM_020425/experiments/../trainer.py:419:::  
train_model_on_params on pieclam squirrel 
took 2038.6795296669006 seconds


/home/daniel.z/ICML_PIECLAM_020425/experiments/../trainer.py:437:::  


FINISHED train 
 last accuracies:
test
key='auc': 0.9843624501408814
val
key='auc': 0.9846677070087246




/home/daniel.z/ICML_PIECLAM_020425/experiments/optimization_utils.py:722:::  

Finished CrossVal!




/home/daniel.z/ICML_PIECLAM_020425/experiments/optimization_utils.py:511:::  on test set /home/daniel.z/ICML_PIECLAM_020425/experiments/results/link_prediction/auc/squirrel/pieclam, split_19-46_02-05-25


/home/daniel.z/ICML_PIECLAM_020425/experiments/optimization_utils.py:626:::  RunSaver defined to acc_configs path /home/daniel.z/ICML_PIECLAM_020425/experiments/results/link_prediction/auc/squirrel/pieclam/split_19-46_02-05-25/valid/acc_configs11-44_25-05-25.json


/home/daniel.z/ICML_PIECLAM_020425/experiments/optimization_utils.py:648:::  Repetition no. 0


/home/daniel.z/ICML_PIECLAM_020425/experiments/../trainer.py:161:::  
Using dataset specific configuration and not global 




/home/daniel.z/ICML_PIECLAM_020425/experiments/../trainer.py:335:::  
 2025-05-25 11:44:04 starting optimization of pieclam on squirrel on device cuda

 configs_dict: 
{
    "clamiter_init": {
        "dim_feat": 100,
        "dim_attr": 100,
        "s_reg": 0.0,
        "l1_reg": 1,
        "T": 1,
        "hidden_dim": 64,
        "num_coupling_blocks": 32,
        "num_layers_mlp": 2
    },
    "feat_opt": {
        "lr": 5e-07,
        "n_iter": 1000,
        "early_stop": 0
    },
    "prior_opt": {
        "n_iter": 2000,
        "lr": 5e-06,
        "noise_amp": 0.1,
        "weight_decay": 0.1,
        "early_stop": 0
    },
    "back_forth": {
        "n_back_forth": 7,
        "scheduler_step_size": 3,
        "scheduler_gamma": 0.5,
        "early_stop_fit": 0,
        "first_func_in_fit": "fit_feats"
    }
}


/home/daniel.z/ICML_PIECLAM_020425/experiments/../clamiter.py:577:::  
in fit,
first_func_in_fit='fit_feats'
second_function_name='fit_prior'


/home/daniel.z/ICML_PIECLAM_020425/experiments/../clamiter.py:637:::  
back and forth 1/7


/home/daniel.z/ICML_PIECLAM_020425/experiments/../clamiter.py:364:::  staring fit_feats for 1000 iterations


/home/daniel.z/ICML_PIECLAM_020425/experiments/../clamiter.py:364:::  staring fit_prior for 2000 iterations


/home/daniel.z/ICML_PIECLAM_020425/experiments/../clamiter.py:637:::  
back and forth 2/7


/home/daniel.z/ICML_PIECLAM_020425/experiments/../clamiter.py:364:::  staring fit_feats for 1000 iterations


/home/daniel.z/ICML_PIECLAM_020425/experiments/../clamiter.py:364:::  staring fit_prior for 2000 iterations


/home/daniel.z/ICML_PIECLAM_020425/experiments/../clamiter.py:637:::  
back and forth 3/7


/home/daniel.z/ICML_PIECLAM_020425/experiments/../clamiter.py:364:::  staring fit_feats for 1000 iterations


/home/daniel.z/ICML_PIECLAM_020425/experiments/../clamiter.py:364:::  staring fit_prior for 2000 iterations


/home/daniel.z/ICML_PIECLAM_020425/experiments/../clamiter.py:637:::  
back and forth 4/7


/home/daniel.z/ICML_PIECLAM_020425/experiments/../clamiter.py:364:::  staring fit_feats for 1000 iterations


/home/daniel.z/ICML_PIECLAM_020425/experiments/../clamiter.py:364:::  staring fit_prior for 2000 iterations


/home/daniel.z/ICML_PIECLAM_020425/experiments/../clamiter.py:637:::  
back and forth 5/7


/home/daniel.z/ICML_PIECLAM_020425/experiments/../clamiter.py:364:::  staring fit_feats for 1000 iterations


/home/daniel.z/ICML_PIECLAM_020425/experiments/../clamiter.py:364:::  staring fit_prior for 2000 iterations


/home/daniel.z/ICML_PIECLAM_020425/experiments/../clamiter.py:637:::  
back and forth 6/7


/home/daniel.z/ICML_PIECLAM_020425/experiments/../clamiter.py:364:::  staring fit_feats for 1000 iterations


/home/daniel.z/ICML_PIECLAM_020425/experiments/../clamiter.py:364:::  staring fit_prior for 2000 iterations


/home/daniel.z/ICML_PIECLAM_020425/experiments/../clamiter.py:637:::  
back and forth 7/7


/home/daniel.z/ICML_PIECLAM_020425/experiments/../clamiter.py:364:::  staring fit_feats for 1000 iterations


/home/daniel.z/ICML_PIECLAM_020425/experiments/../clamiter.py:364:::  staring fit_prior for 2000 iterations


/home/daniel.z/ICML_PIECLAM_020425/experiments/../clamiter.py:704:::  
fit end, no early stopping


/home/daniel.z/ICML_PIECLAM_020425/experiments/../trainer.py:419:::  
train_model_on_params on pieclam squirrel 
took 2697.887040615082 seconds


/home/daniel.z/ICML_PIECLAM_020425/experiments/../trainer.py:437:::  


FINISHED train 
 last accuracies:
test
key='auc': 0.9411438822049714
val
key='auc': 0.9402146667005471




/home/daniel.z/ICML_PIECLAM_020425/experiments/optimization_utils.py:648:::  Repetition no. 0


/home/daniel.z/ICML_PIECLAM_020425/experiments/../trainer.py:161:::  
Using dataset specific configuration and not global 




/home/daniel.z/ICML_PIECLAM_020425/experiments/../trainer.py:335:::  
 2025-05-25 12:29:02 starting optimization of pieclam on squirrel on device cuda

 configs_dict: 
{
    "clamiter_init": {
        "dim_feat": 200,
        "dim_attr": 100,
        "s_reg": 0.0,
        "l1_reg": 1,
        "T": 1,
        "hidden_dim": 64,
        "num_coupling_blocks": 32,
        "num_layers_mlp": 2
    },
    "feat_opt": {
        "lr": 5e-06,
        "n_iter": 500,
        "early_stop": 0
    },
    "prior_opt": {
        "n_iter": 2000,
        "lr": 5e-06,
        "noise_amp": 0.1,
        "weight_decay": 0.1,
        "early_stop": 0
    },
    "back_forth": {
        "n_back_forth": 7,
        "scheduler_step_size": 3,
        "scheduler_gamma": 0.5,
        "early_stop_fit": 0,
        "first_func_in_fit": "fit_feats"
    }
}


/home/daniel.z/ICML_PIECLAM_020425/experiments/../clamiter.py:577:::  
in fit,
first_func_in_fit='fit_feats'
second_function_name='fit_prior'


/home/daniel.z/ICML_PIECLAM_020425/experiments/../clamiter.py:637:::  
back and forth 1/7


/home/daniel.z/ICML_PIECLAM_020425/experiments/../clamiter.py:364:::  staring fit_feats for 500 iterations


/home/daniel.z/ICML_PIECLAM_020425/experiments/../clamiter.py:364:::  staring fit_prior for 2000 iterations


/home/daniel.z/ICML_PIECLAM_020425/experiments/../clamiter.py:637:::  
back and forth 2/7


/home/daniel.z/ICML_PIECLAM_020425/experiments/../clamiter.py:364:::  staring fit_feats for 500 iterations


/home/daniel.z/ICML_PIECLAM_020425/experiments/../clamiter.py:364:::  staring fit_prior for 2000 iterations


/home/daniel.z/ICML_PIECLAM_020425/experiments/../clamiter.py:637:::  
back and forth 3/7


/home/daniel.z/ICML_PIECLAM_020425/experiments/../clamiter.py:364:::  staring fit_feats for 500 iterations


/home/daniel.z/ICML_PIECLAM_020425/experiments/../clamiter.py:364:::  staring fit_prior for 2000 iterations


/home/daniel.z/ICML_PIECLAM_020425/experiments/../clamiter.py:637:::  
back and forth 4/7


/home/daniel.z/ICML_PIECLAM_020425/experiments/../clamiter.py:364:::  staring fit_feats for 500 iterations


/home/daniel.z/ICML_PIECLAM_020425/experiments/../clamiter.py:364:::  staring fit_prior for 2000 iterations


/home/daniel.z/ICML_PIECLAM_020425/experiments/../clamiter.py:637:::  
back and forth 5/7


/home/daniel.z/ICML_PIECLAM_020425/experiments/../clamiter.py:364:::  staring fit_feats for 500 iterations


/home/daniel.z/ICML_PIECLAM_020425/experiments/../clamiter.py:364:::  staring fit_prior for 2000 iterations


/home/daniel.z/ICML_PIECLAM_020425/experiments/../clamiter.py:637:::  
back and forth 6/7


/home/daniel.z/ICML_PIECLAM_020425/experiments/../clamiter.py:364:::  staring fit_feats for 500 iterations


/home/daniel.z/ICML_PIECLAM_020425/experiments/../clamiter.py:364:::  staring fit_prior for 2000 iterations


/home/daniel.z/ICML_PIECLAM_020425/experiments/../clamiter.py:637:::  
back and forth 7/7


/home/daniel.z/ICML_PIECLAM_020425/experiments/../clamiter.py:364:::  staring fit_feats for 500 iterations


/home/daniel.z/ICML_PIECLAM_020425/experiments/../clamiter.py:364:::  staring fit_prior for 2000 iterations


/home/daniel.z/ICML_PIECLAM_020425/experiments/../clamiter.py:704:::  
fit end, no early stopping


/home/daniel.z/ICML_PIECLAM_020425/experiments/../trainer.py:419:::  
train_model_on_params on pieclam squirrel 
took 2176.566908597946 seconds


/home/daniel.z/ICML_PIECLAM_020425/experiments/../trainer.py:437:::  


FINISHED train 
 last accuracies:
test
key='auc': 0.9847672813262847
val
key='auc': 0.9852477505879625




/home/daniel.z/ICML_PIECLAM_020425/experiments/optimization_utils.py:648:::  Repetition no. 0


/home/daniel.z/ICML_PIECLAM_020425/experiments/../trainer.py:161:::  
Using dataset specific configuration and not global 




/home/daniel.z/ICML_PIECLAM_020425/experiments/../trainer.py:335:::  
 2025-05-25 13:05:20 starting optimization of pieclam on squirrel on device cuda

 configs_dict: 
{
    "clamiter_init": {
        "dim_feat": 50,
        "dim_attr": 100,
        "s_reg": 0.0,
        "l1_reg": 1,
        "T": 1,
        "hidden_dim": 64,
        "num_coupling_blocks": 32,
        "num_layers_mlp": 2
    },
    "feat_opt": {
        "lr": 5e-07,
        "n_iter": 3000,
        "early_stop": 0
    },
    "prior_opt": {
        "n_iter": 2000,
        "lr": 5e-06,
        "noise_amp": 0.1,
        "weight_decay": 0.1,
        "early_stop": 0
    },
    "back_forth": {
        "n_back_forth": 7,
        "scheduler_step_size": 3,
        "scheduler_gamma": 0.5,
        "early_stop_fit": 0,
        "first_func_in_fit": "fit_feats"
    }
}


/home/daniel.z/ICML_PIECLAM_020425/experiments/../clamiter.py:577:::  
in fit,
first_func_in_fit='fit_feats'
second_function_name='fit_prior'


/home/daniel.z/ICML_PIECLAM_020425/experiments/../clamiter.py:637:::  
back and forth 1/7


/home/daniel.z/ICML_PIECLAM_020425/experiments/../clamiter.py:364:::  staring fit_feats for 3000 iterations


/home/daniel.z/ICML_PIECLAM_020425/experiments/../clamiter.py:364:::  staring fit_prior for 2000 iterations


/home/daniel.z/ICML_PIECLAM_020425/experiments/../clamiter.py:637:::  
back and forth 2/7


/home/daniel.z/ICML_PIECLAM_020425/experiments/../clamiter.py:364:::  staring fit_feats for 3000 iterations


/home/daniel.z/ICML_PIECLAM_020425/experiments/../clamiter.py:364:::  staring fit_prior for 2000 iterations


/home/daniel.z/ICML_PIECLAM_020425/experiments/../clamiter.py:637:::  
back and forth 3/7


/home/daniel.z/ICML_PIECLAM_020425/experiments/../clamiter.py:364:::  staring fit_feats for 3000 iterations


/home/daniel.z/ICML_PIECLAM_020425/experiments/../clamiter.py:364:::  staring fit_prior for 2000 iterations


/home/daniel.z/ICML_PIECLAM_020425/experiments/../clamiter.py:637:::  
back and forth 4/7


/home/daniel.z/ICML_PIECLAM_020425/experiments/../clamiter.py:364:::  staring fit_feats for 3000 iterations


/home/daniel.z/ICML_PIECLAM_020425/experiments/../clamiter.py:364:::  staring fit_prior for 2000 iterations


/home/daniel.z/ICML_PIECLAM_020425/experiments/../clamiter.py:637:::  
back and forth 5/7


/home/daniel.z/ICML_PIECLAM_020425/experiments/../clamiter.py:364:::  staring fit_feats for 3000 iterations


/home/daniel.z/ICML_PIECLAM_020425/experiments/../clamiter.py:364:::  staring fit_prior for 2000 iterations


/home/daniel.z/ICML_PIECLAM_020425/experiments/../clamiter.py:637:::  
back and forth 6/7


/home/daniel.z/ICML_PIECLAM_020425/experiments/../clamiter.py:364:::  staring fit_feats for 3000 iterations


/home/daniel.z/ICML_PIECLAM_020425/experiments/../clamiter.py:364:::  staring fit_prior for 2000 iterations


/home/daniel.z/ICML_PIECLAM_020425/experiments/../clamiter.py:637:::  
back and forth 7/7


/home/daniel.z/ICML_PIECLAM_020425/experiments/../clamiter.py:364:::  staring fit_feats for 3000 iterations


/home/daniel.z/ICML_PIECLAM_020425/experiments/../clamiter.py:364:::  staring fit_prior for 2000 iterations


/home/daniel.z/ICML_PIECLAM_020425/experiments/../clamiter.py:704:::  
fit end, no early stopping


/home/daniel.z/ICML_PIECLAM_020425/experiments/../trainer.py:419:::  
train_model_on_params on pieclam squirrel 
took 4691.257745027542 seconds


/home/daniel.z/ICML_PIECLAM_020425/experiments/../trainer.py:437:::  


FINISHED train 
 last accuracies:
test
key='auc': 0.9774969684677703
val
key='auc': 0.9783814697258963




/home/daniel.z/ICML_PIECLAM_020425/experiments/optimization_utils.py:648:::  Repetition no. 0


/home/daniel.z/ICML_PIECLAM_020425/experiments/../trainer.py:161:::  
Using dataset specific configuration and not global 




/home/daniel.z/ICML_PIECLAM_020425/experiments/../trainer.py:335:::  
 2025-05-25 14:23:34 starting optimization of pieclam on squirrel on device cuda

 configs_dict: 
{
    "clamiter_init": {
        "dim_feat": 100,
        "dim_attr": 100,
        "s_reg": 0.1,
        "l1_reg": 1,
        "T": 1,
        "hidden_dim": 64,
        "num_coupling_blocks": 32,
        "num_layers_mlp": 2
    },
    "feat_opt": {
        "lr": 5e-07,
        "n_iter": 1000,
        "early_stop": 0
    },
    "prior_opt": {
        "n_iter": 2000,
        "lr": 5e-06,
        "noise_amp": 0.1,
        "weight_decay": 0.1,
        "early_stop": 0
    },
    "back_forth": {
        "n_back_forth": 7,
        "scheduler_step_size": 3,
        "scheduler_gamma": 0.5,
        "early_stop_fit": 0,
        "first_func_in_fit": "fit_feats"
    }
}


/home/daniel.z/ICML_PIECLAM_020425/experiments/../clamiter.py:577:::  
in fit,
first_func_in_fit='fit_feats'
second_function_name='fit_prior'


/home/daniel.z/ICML_PIECLAM_020425/experiments/../clamiter.py:637:::  
back and forth 1/7


/home/daniel.z/ICML_PIECLAM_020425/experiments/../clamiter.py:364:::  staring fit_feats for 1000 iterations


/home/daniel.z/ICML_PIECLAM_020425/experiments/../clamiter.py:364:::  staring fit_prior for 2000 iterations


/home/daniel.z/ICML_PIECLAM_020425/experiments/../clamiter.py:637:::  
back and forth 2/7


/home/daniel.z/ICML_PIECLAM_020425/experiments/../clamiter.py:364:::  staring fit_feats for 1000 iterations


/home/daniel.z/ICML_PIECLAM_020425/experiments/../clamiter.py:364:::  staring fit_prior for 2000 iterations


/home/daniel.z/ICML_PIECLAM_020425/experiments/../clamiter.py:637:::  
back and forth 3/7


/home/daniel.z/ICML_PIECLAM_020425/experiments/../clamiter.py:364:::  staring fit_feats for 1000 iterations


/home/daniel.z/ICML_PIECLAM_020425/experiments/../clamiter.py:364:::  staring fit_prior for 2000 iterations


/home/daniel.z/ICML_PIECLAM_020425/experiments/../clamiter.py:637:::  
back and forth 4/7


/home/daniel.z/ICML_PIECLAM_020425/experiments/../clamiter.py:364:::  staring fit_feats for 1000 iterations


/home/daniel.z/ICML_PIECLAM_020425/experiments/../clamiter.py:364:::  staring fit_prior for 2000 iterations


/home/daniel.z/ICML_PIECLAM_020425/experiments/../clamiter.py:637:::  
back and forth 5/7


/home/daniel.z/ICML_PIECLAM_020425/experiments/../clamiter.py:364:::  staring fit_feats for 1000 iterations


/home/daniel.z/ICML_PIECLAM_020425/experiments/../clamiter.py:364:::  staring fit_prior for 2000 iterations


/home/daniel.z/ICML_PIECLAM_020425/experiments/../clamiter.py:637:::  
back and forth 6/7


/home/daniel.z/ICML_PIECLAM_020425/experiments/../clamiter.py:364:::  staring fit_feats for 1000 iterations


/home/daniel.z/ICML_PIECLAM_020425/experiments/../clamiter.py:364:::  staring fit_prior for 2000 iterations


/home/daniel.z/ICML_PIECLAM_020425/experiments/../clamiter.py:637:::  
back and forth 7/7


/home/daniel.z/ICML_PIECLAM_020425/experiments/../clamiter.py:364:::  staring fit_feats for 1000 iterations


/home/daniel.z/ICML_PIECLAM_020425/experiments/../clamiter.py:364:::  staring fit_prior for 2000 iterations


/home/daniel.z/ICML_PIECLAM_020425/experiments/../clamiter.py:704:::  
fit end, no early stopping


/home/daniel.z/ICML_PIECLAM_020425/experiments/../trainer.py:419:::  
train_model_on_params on pieclam squirrel 
took 2646.5283331871033 seconds


/home/daniel.z/ICML_PIECLAM_020425/experiments/../trainer.py:437:::  


FINISHED train 
 last accuracies:
test
key='auc': 0.9416407561622395
val
key='auc': 0.9405905702707507




/home/daniel.z/ICML_PIECLAM_020425/experiments/optimization_utils.py:648:::  Repetition no. 0


/home/daniel.z/ICML_PIECLAM_020425/experiments/../trainer.py:161:::  
Using dataset specific configuration and not global 




/home/daniel.z/ICML_PIECLAM_020425/experiments/../trainer.py:335:::  
 2025-05-25 15:07:41 starting optimization of pieclam on squirrel on device cuda

 configs_dict: 
{
    "clamiter_init": {
        "dim_feat": 200,
        "dim_attr": 100,
        "s_reg": 0.1,
        "l1_reg": 1,
        "T": 1,
        "hidden_dim": 64,
        "num_coupling_blocks": 32,
        "num_layers_mlp": 2
    },
    "feat_opt": {
        "lr": 5e-06,
        "n_iter": 1000,
        "early_stop": 0
    },
    "prior_opt": {
        "n_iter": 2000,
        "lr": 5e-06,
        "noise_amp": 0.1,
        "weight_decay": 0.1,
        "early_stop": 0
    },
    "back_forth": {
        "n_back_forth": 7,
        "scheduler_step_size": 3,
        "scheduler_gamma": 0.5,
        "early_stop_fit": 0,
        "first_func_in_fit": "fit_feats"
    }
}


/home/daniel.z/ICML_PIECLAM_020425/experiments/../clamiter.py:577:::  
in fit,
first_func_in_fit='fit_feats'
second_function_name='fit_prior'


/home/daniel.z/ICML_PIECLAM_020425/experiments/../clamiter.py:637:::  
back and forth 1/7


/home/daniel.z/ICML_PIECLAM_020425/experiments/../clamiter.py:364:::  staring fit_feats for 1000 iterations


/home/daniel.z/ICML_PIECLAM_020425/experiments/../clamiter.py:364:::  staring fit_prior for 2000 iterations


/home/daniel.z/ICML_PIECLAM_020425/experiments/../clamiter.py:637:::  
back and forth 2/7


/home/daniel.z/ICML_PIECLAM_020425/experiments/../clamiter.py:364:::  staring fit_feats for 1000 iterations


/home/daniel.z/ICML_PIECLAM_020425/experiments/../clamiter.py:364:::  staring fit_prior for 2000 iterations


/home/daniel.z/ICML_PIECLAM_020425/experiments/../clamiter.py:637:::  
back and forth 3/7


/home/daniel.z/ICML_PIECLAM_020425/experiments/../clamiter.py:364:::  staring fit_feats for 1000 iterations


/home/daniel.z/ICML_PIECLAM_020425/experiments/../clamiter.py:364:::  staring fit_prior for 2000 iterations


/home/daniel.z/ICML_PIECLAM_020425/experiments/../clamiter.py:637:::  
back and forth 4/7


/home/daniel.z/ICML_PIECLAM_020425/experiments/../clamiter.py:364:::  staring fit_feats for 1000 iterations


/home/daniel.z/ICML_PIECLAM_020425/experiments/../clamiter.py:364:::  staring fit_prior for 2000 iterations


/home/daniel.z/ICML_PIECLAM_020425/experiments/../clamiter.py:637:::  
back and forth 5/7


/home/daniel.z/ICML_PIECLAM_020425/experiments/../clamiter.py:364:::  staring fit_feats for 1000 iterations


/home/daniel.z/ICML_PIECLAM_020425/experiments/../clamiter.py:364:::  staring fit_prior for 2000 iterations


/home/daniel.z/ICML_PIECLAM_020425/experiments/../clamiter.py:637:::  
back and forth 6/7


/home/daniel.z/ICML_PIECLAM_020425/experiments/../clamiter.py:364:::  staring fit_feats for 1000 iterations


/home/daniel.z/ICML_PIECLAM_020425/experiments/../clamiter.py:364:::  staring fit_prior for 2000 iterations


/home/daniel.z/ICML_PIECLAM_020425/experiments/../clamiter.py:637:::  
back and forth 7/7


/home/daniel.z/ICML_PIECLAM_020425/experiments/../clamiter.py:364:::  staring fit_feats for 1000 iterations


/home/daniel.z/ICML_PIECLAM_020425/experiments/../clamiter.py:364:::  staring fit_prior for 2000 iterations


/home/daniel.z/ICML_PIECLAM_020425/experiments/../clamiter.py:704:::  
fit end, no early stopping


/home/daniel.z/ICML_PIECLAM_020425/experiments/../trainer.py:419:::  
train_model_on_params on pieclam squirrel 
took 2801.806163787842 seconds


/home/daniel.z/ICML_PIECLAM_020425/experiments/../trainer.py:437:::  


FINISHED train 
 last accuracies:
test
key='auc': 0.9875646437418382
val
key='auc': 0.9871155795376426




/home/daniel.z/ICML_PIECLAM_020425/experiments/optimization_utils.py:648:::  Repetition no. 0


/home/daniel.z/ICML_PIECLAM_020425/experiments/../trainer.py:161:::  
Using dataset specific configuration and not global 




/home/daniel.z/ICML_PIECLAM_020425/experiments/../trainer.py:335:::  
 2025-05-25 15:54:24 starting optimization of pieclam on squirrel on device cuda

 configs_dict: 
{
    "clamiter_init": {
        "dim_feat": 50,
        "dim_attr": 100,
        "s_reg": 0.1,
        "l1_reg": 1,
        "T": 1,
        "hidden_dim": 64,
        "num_coupling_blocks": 32,
        "num_layers_mlp": 2
    },
    "feat_opt": {
        "lr": 5e-07,
        "n_iter": 500,
        "early_stop": 0
    },
    "prior_opt": {
        "n_iter": 2000,
        "lr": 5e-06,
        "noise_amp": 0.1,
        "weight_decay": 0.1,
        "early_stop": 0
    },
    "back_forth": {
        "n_back_forth": 7,
        "scheduler_step_size": 3,
        "scheduler_gamma": 0.5,
        "early_stop_fit": 0,
        "first_func_in_fit": "fit_feats"
    }
}


/home/daniel.z/ICML_PIECLAM_020425/experiments/../clamiter.py:577:::  
in fit,
first_func_in_fit='fit_feats'
second_function_name='fit_prior'


/home/daniel.z/ICML_PIECLAM_020425/experiments/../clamiter.py:637:::  
back and forth 1/7


/home/daniel.z/ICML_PIECLAM_020425/experiments/../clamiter.py:364:::  staring fit_feats for 500 iterations


/home/daniel.z/ICML_PIECLAM_020425/experiments/../clamiter.py:364:::  staring fit_prior for 2000 iterations


/home/daniel.z/ICML_PIECLAM_020425/experiments/../clamiter.py:637:::  
back and forth 2/7


/home/daniel.z/ICML_PIECLAM_020425/experiments/../clamiter.py:364:::  staring fit_feats for 500 iterations


/home/daniel.z/ICML_PIECLAM_020425/experiments/../clamiter.py:364:::  staring fit_prior for 2000 iterations


/home/daniel.z/ICML_PIECLAM_020425/experiments/../clamiter.py:637:::  
back and forth 3/7


/home/daniel.z/ICML_PIECLAM_020425/experiments/../clamiter.py:364:::  staring fit_feats for 500 iterations


/home/daniel.z/ICML_PIECLAM_020425/experiments/../clamiter.py:364:::  staring fit_prior for 2000 iterations


/home/daniel.z/ICML_PIECLAM_020425/experiments/../clamiter.py:637:::  
back and forth 4/7


/home/daniel.z/ICML_PIECLAM_020425/experiments/../clamiter.py:364:::  staring fit_feats for 500 iterations


/home/daniel.z/ICML_PIECLAM_020425/experiments/../clamiter.py:364:::  staring fit_prior for 2000 iterations


/home/daniel.z/ICML_PIECLAM_020425/experiments/../clamiter.py:637:::  
back and forth 5/7


/home/daniel.z/ICML_PIECLAM_020425/experiments/../clamiter.py:364:::  staring fit_feats for 500 iterations


/home/daniel.z/ICML_PIECLAM_020425/experiments/../clamiter.py:364:::  staring fit_prior for 2000 iterations


/home/daniel.z/ICML_PIECLAM_020425/experiments/../clamiter.py:637:::  
back and forth 6/7


/home/daniel.z/ICML_PIECLAM_020425/experiments/../clamiter.py:364:::  staring fit_feats for 500 iterations


/home/daniel.z/ICML_PIECLAM_020425/experiments/../clamiter.py:364:::  staring fit_prior for 2000 iterations


/home/daniel.z/ICML_PIECLAM_020425/experiments/../clamiter.py:637:::  
back and forth 7/7


/home/daniel.z/ICML_PIECLAM_020425/experiments/../clamiter.py:364:::  staring fit_feats for 500 iterations


/home/daniel.z/ICML_PIECLAM_020425/experiments/../clamiter.py:364:::  staring fit_prior for 2000 iterations


/home/daniel.z/ICML_PIECLAM_020425/experiments/../clamiter.py:704:::  
fit end, no early stopping


/home/daniel.z/ICML_PIECLAM_020425/experiments/../trainer.py:419:::  
train_model_on_params on pieclam squirrel 
took 1998.4222085475922 seconds


/home/daniel.z/ICML_PIECLAM_020425/experiments/../trainer.py:437:::  


FINISHED train 
 last accuracies:
test
key='auc': 0.9113162941428004
val
key='auc': 0.9113513559668797




/home/daniel.z/ICML_PIECLAM_020425/experiments/optimization_utils.py:648:::  Repetition no. 0


/home/daniel.z/ICML_PIECLAM_020425/experiments/../trainer.py:161:::  
Using dataset specific configuration and not global 




/home/daniel.z/ICML_PIECLAM_020425/experiments/../trainer.py:335:::  
 2025-05-25 16:27:43 starting optimization of pieclam on squirrel on device cuda

 configs_dict: 
{
    "clamiter_init": {
        "dim_feat": 200,
        "dim_attr": 100,
        "s_reg": 0.1,
        "l1_reg": 1,
        "T": 1,
        "hidden_dim": 64,
        "num_coupling_blocks": 32,
        "num_layers_mlp": 2
    },
    "feat_opt": {
        "lr": 5e-06,
        "n_iter": 500,
        "early_stop": 0
    },
    "prior_opt": {
        "n_iter": 2000,
        "lr": 5e-06,
        "noise_amp": 0.1,
        "weight_decay": 0.1,
        "early_stop": 0
    },
    "back_forth": {
        "n_back_forth": 7,
        "scheduler_step_size": 3,
        "scheduler_gamma": 0.5,
        "early_stop_fit": 0,
        "first_func_in_fit": "fit_feats"
    }
}


/home/daniel.z/ICML_PIECLAM_020425/experiments/../clamiter.py:577:::  
in fit,
first_func_in_fit='fit_feats'
second_function_name='fit_prior'


/home/daniel.z/ICML_PIECLAM_020425/experiments/../clamiter.py:637:::  
back and forth 1/7


/home/daniel.z/ICML_PIECLAM_020425/experiments/../clamiter.py:364:::  staring fit_feats for 500 iterations


/home/daniel.z/ICML_PIECLAM_020425/experiments/../clamiter.py:364:::  staring fit_prior for 2000 iterations


/home/daniel.z/ICML_PIECLAM_020425/experiments/../clamiter.py:637:::  
back and forth 2/7


/home/daniel.z/ICML_PIECLAM_020425/experiments/../clamiter.py:364:::  staring fit_feats for 500 iterations


/home/daniel.z/ICML_PIECLAM_020425/experiments/../clamiter.py:364:::  staring fit_prior for 2000 iterations


/home/daniel.z/ICML_PIECLAM_020425/experiments/../clamiter.py:637:::  
back and forth 3/7


/home/daniel.z/ICML_PIECLAM_020425/experiments/../clamiter.py:364:::  staring fit_feats for 500 iterations


/home/daniel.z/ICML_PIECLAM_020425/experiments/../clamiter.py:364:::  staring fit_prior for 2000 iterations


/home/daniel.z/ICML_PIECLAM_020425/experiments/../clamiter.py:637:::  
back and forth 4/7


/home/daniel.z/ICML_PIECLAM_020425/experiments/../clamiter.py:364:::  staring fit_feats for 500 iterations


/home/daniel.z/ICML_PIECLAM_020425/experiments/../clamiter.py:364:::  staring fit_prior for 2000 iterations


/home/daniel.z/ICML_PIECLAM_020425/experiments/../clamiter.py:637:::  
back and forth 5/7


/home/daniel.z/ICML_PIECLAM_020425/experiments/../clamiter.py:364:::  staring fit_feats for 500 iterations


/home/daniel.z/ICML_PIECLAM_020425/experiments/../clamiter.py:364:::  staring fit_prior for 2000 iterations


/home/daniel.z/ICML_PIECLAM_020425/experiments/../clamiter.py:637:::  
back and forth 6/7


/home/daniel.z/ICML_PIECLAM_020425/experiments/../clamiter.py:364:::  staring fit_feats for 500 iterations


/home/daniel.z/ICML_PIECLAM_020425/experiments/../clamiter.py:364:::  staring fit_prior for 2000 iterations


/home/daniel.z/ICML_PIECLAM_020425/experiments/../clamiter.py:637:::  
back and forth 7/7


/home/daniel.z/ICML_PIECLAM_020425/experiments/../clamiter.py:364:::  staring fit_feats for 500 iterations


/home/daniel.z/ICML_PIECLAM_020425/experiments/../clamiter.py:364:::  staring fit_prior for 2000 iterations


/home/daniel.z/ICML_PIECLAM_020425/experiments/../clamiter.py:704:::  
fit end, no early stopping


/home/daniel.z/ICML_PIECLAM_020425/experiments/../trainer.py:419:::  
train_model_on_params on pieclam squirrel 
took 2175.2450017929077 seconds


/home/daniel.z/ICML_PIECLAM_020425/experiments/../trainer.py:437:::  


FINISHED train 
 last accuracies:
test
key='auc': 0.9852326822850921
val
key='auc': 0.9853570622999355




/home/daniel.z/ICML_PIECLAM_020425/experiments/optimization_utils.py:648:::  Repetition no. 0


/home/daniel.z/ICML_PIECLAM_020425/experiments/../trainer.py:161:::  
Using dataset specific configuration and not global 




/home/daniel.z/ICML_PIECLAM_020425/experiments/../trainer.py:335:::  
 2025-05-25 17:03:59 starting optimization of pieclam on squirrel on device cuda

 configs_dict: 
{
    "clamiter_init": {
        "dim_feat": 100,
        "dim_attr": 100,
        "s_reg": 0.1,
        "l1_reg": 1,
        "T": 1,
        "hidden_dim": 64,
        "num_coupling_blocks": 32,
        "num_layers_mlp": 2
    },
    "feat_opt": {
        "lr": 5e-07,
        "n_iter": 500,
        "early_stop": 0
    },
    "prior_opt": {
        "n_iter": 2000,
        "lr": 5e-06,
        "noise_amp": 0.1,
        "weight_decay": 0.1,
        "early_stop": 0
    },
    "back_forth": {
        "n_back_forth": 7,
        "scheduler_step_size": 3,
        "scheduler_gamma": 0.5,
        "early_stop_fit": 0,
        "first_func_in_fit": "fit_feats"
    }
}


/home/daniel.z/ICML_PIECLAM_020425/experiments/../clamiter.py:577:::  
in fit,
first_func_in_fit='fit_feats'
second_function_name='fit_prior'


/home/daniel.z/ICML_PIECLAM_020425/experiments/../clamiter.py:637:::  
back and forth 1/7


/home/daniel.z/ICML_PIECLAM_020425/experiments/../clamiter.py:364:::  staring fit_feats for 500 iterations


/home/daniel.z/ICML_PIECLAM_020425/experiments/../clamiter.py:364:::  staring fit_prior for 2000 iterations


/home/daniel.z/ICML_PIECLAM_020425/experiments/../clamiter.py:637:::  
back and forth 2/7


/home/daniel.z/ICML_PIECLAM_020425/experiments/../clamiter.py:364:::  staring fit_feats for 500 iterations


/home/daniel.z/ICML_PIECLAM_020425/experiments/../clamiter.py:364:::  staring fit_prior for 2000 iterations


/home/daniel.z/ICML_PIECLAM_020425/experiments/../clamiter.py:637:::  
back and forth 3/7


/home/daniel.z/ICML_PIECLAM_020425/experiments/../clamiter.py:364:::  staring fit_feats for 500 iterations


/home/daniel.z/ICML_PIECLAM_020425/experiments/../clamiter.py:364:::  staring fit_prior for 2000 iterations


/home/daniel.z/ICML_PIECLAM_020425/experiments/../clamiter.py:637:::  
back and forth 4/7


/home/daniel.z/ICML_PIECLAM_020425/experiments/../clamiter.py:364:::  staring fit_feats for 500 iterations


/home/daniel.z/ICML_PIECLAM_020425/experiments/../clamiter.py:364:::  staring fit_prior for 2000 iterations


/home/daniel.z/ICML_PIECLAM_020425/experiments/../clamiter.py:637:::  
back and forth 5/7


/home/daniel.z/ICML_PIECLAM_020425/experiments/../clamiter.py:364:::  staring fit_feats for 500 iterations


/home/daniel.z/ICML_PIECLAM_020425/experiments/../clamiter.py:364:::  staring fit_prior for 2000 iterations


/home/daniel.z/ICML_PIECLAM_020425/experiments/../clamiter.py:637:::  
back and forth 6/7


/home/daniel.z/ICML_PIECLAM_020425/experiments/../clamiter.py:364:::  staring fit_feats for 500 iterations


/home/daniel.z/ICML_PIECLAM_020425/experiments/../clamiter.py:364:::  staring fit_prior for 2000 iterations


/home/daniel.z/ICML_PIECLAM_020425/experiments/../clamiter.py:637:::  
back and forth 7/7


/home/daniel.z/ICML_PIECLAM_020425/experiments/../clamiter.py:364:::  staring fit_feats for 500 iterations


/home/daniel.z/ICML_PIECLAM_020425/experiments/../clamiter.py:364:::  staring fit_prior for 2000 iterations


/home/daniel.z/ICML_PIECLAM_020425/experiments/../clamiter.py:704:::  
fit end, no early stopping


/home/daniel.z/ICML_PIECLAM_020425/experiments/../trainer.py:419:::  
train_model_on_params on pieclam squirrel 
took 2045.314174413681 seconds


/home/daniel.z/ICML_PIECLAM_020425/experiments/../trainer.py:437:::  


FINISHED train 
 last accuracies:
test
key='auc': 0.9024100577738776
val
key='auc': 0.9028622146972088




/home/daniel.z/ICML_PIECLAM_020425/experiments/optimization_utils.py:648:::  Repetition no. 0


/home/daniel.z/ICML_PIECLAM_020425/experiments/../trainer.py:161:::  
Using dataset specific configuration and not global 




/home/daniel.z/ICML_PIECLAM_020425/experiments/../trainer.py:335:::  
 2025-05-25 17:38:05 starting optimization of pieclam on squirrel on device cuda

 configs_dict: 
{
    "clamiter_init": {
        "dim_feat": 50,
        "dim_attr": 100,
        "s_reg": 0.1,
        "l1_reg": 1,
        "T": 1,
        "hidden_dim": 64,
        "num_coupling_blocks": 32,
        "num_layers_mlp": 2
    },
    "feat_opt": {
        "lr": 5e-06,
        "n_iter": 3000,
        "early_stop": 0
    },
    "prior_opt": {
        "n_iter": 2000,
        "lr": 5e-06,
        "noise_amp": 0.1,
        "weight_decay": 0.1,
        "early_stop": 0
    },
    "back_forth": {
        "n_back_forth": 7,
        "scheduler_step_size": 3,
        "scheduler_gamma": 0.5,
        "early_stop_fit": 0,
        "first_func_in_fit": "fit_feats"
    }
}


/home/daniel.z/ICML_PIECLAM_020425/experiments/../clamiter.py:577:::  
in fit,
first_func_in_fit='fit_feats'
second_function_name='fit_prior'


/home/daniel.z/ICML_PIECLAM_020425/experiments/../clamiter.py:637:::  
back and forth 1/7


/home/daniel.z/ICML_PIECLAM_020425/experiments/../clamiter.py:364:::  staring fit_feats for 3000 iterations


/home/daniel.z/ICML_PIECLAM_020425/experiments/../clamiter.py:364:::  staring fit_prior for 2000 iterations


/home/daniel.z/ICML_PIECLAM_020425/experiments/../clamiter.py:637:::  
back and forth 2/7


/home/daniel.z/ICML_PIECLAM_020425/experiments/../clamiter.py:364:::  staring fit_feats for 3000 iterations


/home/daniel.z/ICML_PIECLAM_020425/experiments/../clamiter.py:364:::  staring fit_prior for 2000 iterations


/home/daniel.z/ICML_PIECLAM_020425/experiments/../clamiter.py:637:::  
back and forth 3/7


/home/daniel.z/ICML_PIECLAM_020425/experiments/../clamiter.py:364:::  staring fit_feats for 3000 iterations


/home/daniel.z/ICML_PIECLAM_020425/experiments/../clamiter.py:364:::  staring fit_prior for 2000 iterations


/home/daniel.z/ICML_PIECLAM_020425/experiments/../clamiter.py:637:::  
back and forth 4/7


/home/daniel.z/ICML_PIECLAM_020425/experiments/../clamiter.py:364:::  staring fit_feats for 3000 iterations


/home/daniel.z/ICML_PIECLAM_020425/experiments/../clamiter.py:364:::  staring fit_prior for 2000 iterations


/home/daniel.z/ICML_PIECLAM_020425/experiments/../clamiter.py:637:::  
back and forth 5/7


/home/daniel.z/ICML_PIECLAM_020425/experiments/../clamiter.py:364:::  staring fit_feats for 3000 iterations


/home/daniel.z/ICML_PIECLAM_020425/experiments/../clamiter.py:364:::  staring fit_prior for 2000 iterations


/home/daniel.z/ICML_PIECLAM_020425/experiments/../clamiter.py:637:::  
back and forth 6/7


/home/daniel.z/ICML_PIECLAM_020425/experiments/../clamiter.py:364:::  staring fit_feats for 3000 iterations


/home/daniel.z/ICML_PIECLAM_020425/experiments/../clamiter.py:364:::  staring fit_prior for 2000 iterations


/home/daniel.z/ICML_PIECLAM_020425/experiments/../clamiter.py:637:::  
back and forth 7/7


/home/daniel.z/ICML_PIECLAM_020425/experiments/../clamiter.py:364:::  staring fit_feats for 3000 iterations


/home/daniel.z/ICML_PIECLAM_020425/experiments/../clamiter.py:364:::  staring fit_prior for 2000 iterations


/home/daniel.z/ICML_PIECLAM_020425/experiments/../clamiter.py:704:::  
fit end, no early stopping


/home/daniel.z/ICML_PIECLAM_020425/experiments/../trainer.py:419:::  
train_model_on_params on pieclam squirrel 
took 4599.06777715683 seconds


/home/daniel.z/ICML_PIECLAM_020425/experiments/../trainer.py:437:::  


FINISHED train 
 last accuracies:
test
key='auc': 0.9862128071514344
val
key='auc': 0.986171479017063




/home/daniel.z/ICML_PIECLAM_020425/experiments/optimization_utils.py:648:::  Repetition no. 0


/home/daniel.z/ICML_PIECLAM_020425/experiments/../trainer.py:161:::  
Using dataset specific configuration and not global 




/home/daniel.z/ICML_PIECLAM_020425/experiments/../trainer.py:335:::  
 2025-05-25 18:54:45 starting optimization of pieclam on squirrel on device cuda

 configs_dict: 
{
    "clamiter_init": {
        "dim_feat": 100,
        "dim_attr": 100,
        "s_reg": 0.1,
        "l1_reg": 1,
        "T": 1,
        "hidden_dim": 64,
        "num_coupling_blocks": 32,
        "num_layers_mlp": 2
    },
    "feat_opt": {
        "lr": 5e-06,
        "n_iter": 1000,
        "early_stop": 0
    },
    "prior_opt": {
        "n_iter": 2000,
        "lr": 5e-06,
        "noise_amp": 0.1,
        "weight_decay": 0.1,
        "early_stop": 0
    },
    "back_forth": {
        "n_back_forth": 7,
        "scheduler_step_size": 3,
        "scheduler_gamma": 0.5,
        "early_stop_fit": 0,
        "first_func_in_fit": "fit_feats"
    }
}


/home/daniel.z/ICML_PIECLAM_020425/experiments/../clamiter.py:577:::  
in fit,
first_func_in_fit='fit_feats'
second_function_name='fit_prior'


/home/daniel.z/ICML_PIECLAM_020425/experiments/../clamiter.py:637:::  
back and forth 1/7


/home/daniel.z/ICML_PIECLAM_020425/experiments/../clamiter.py:364:::  staring fit_feats for 1000 iterations


/home/daniel.z/ICML_PIECLAM_020425/experiments/../clamiter.py:364:::  staring fit_prior for 2000 iterations


/home/daniel.z/ICML_PIECLAM_020425/experiments/../clamiter.py:637:::  
back and forth 2/7


/home/daniel.z/ICML_PIECLAM_020425/experiments/../clamiter.py:364:::  staring fit_feats for 1000 iterations


/home/daniel.z/ICML_PIECLAM_020425/experiments/../clamiter.py:364:::  staring fit_prior for 2000 iterations


/home/daniel.z/ICML_PIECLAM_020425/experiments/../clamiter.py:637:::  
back and forth 3/7


/home/daniel.z/ICML_PIECLAM_020425/experiments/../clamiter.py:364:::  staring fit_feats for 1000 iterations


/home/daniel.z/ICML_PIECLAM_020425/experiments/../clamiter.py:364:::  staring fit_prior for 2000 iterations


/home/daniel.z/ICML_PIECLAM_020425/experiments/../clamiter.py:637:::  
back and forth 4/7


/home/daniel.z/ICML_PIECLAM_020425/experiments/../clamiter.py:364:::  staring fit_feats for 1000 iterations


/home/daniel.z/ICML_PIECLAM_020425/experiments/../clamiter.py:364:::  staring fit_prior for 2000 iterations


/home/daniel.z/ICML_PIECLAM_020425/experiments/../clamiter.py:637:::  
back and forth 5/7


/home/daniel.z/ICML_PIECLAM_020425/experiments/../clamiter.py:364:::  staring fit_feats for 1000 iterations


/home/daniel.z/ICML_PIECLAM_020425/experiments/../clamiter.py:364:::  staring fit_prior for 2000 iterations


/home/daniel.z/ICML_PIECLAM_020425/experiments/../clamiter.py:637:::  
back and forth 6/7


/home/daniel.z/ICML_PIECLAM_020425/experiments/../clamiter.py:364:::  staring fit_feats for 1000 iterations


/home/daniel.z/ICML_PIECLAM_020425/experiments/../clamiter.py:364:::  staring fit_prior for 2000 iterations


/home/daniel.z/ICML_PIECLAM_020425/experiments/../clamiter.py:637:::  
back and forth 7/7


/home/daniel.z/ICML_PIECLAM_020425/experiments/../clamiter.py:364:::  staring fit_feats for 1000 iterations


/home/daniel.z/ICML_PIECLAM_020425/experiments/../clamiter.py:364:::  staring fit_prior for 2000 iterations


/home/daniel.z/ICML_PIECLAM_020425/experiments/../clamiter.py:704:::  
fit end, no early stopping


/home/daniel.z/ICML_PIECLAM_020425/experiments/../trainer.py:419:::  
train_model_on_params on pieclam squirrel 
took 2605.9112293720245 seconds


/home/daniel.z/ICML_PIECLAM_020425/experiments/../trainer.py:437:::  


FINISHED train 
 last accuracies:
test
key='auc': 0.9877143333753277
val
key='auc': 0.9883035309021218




/home/daniel.z/ICML_PIECLAM_020425/experiments/optimization_utils.py:648:::  Repetition no. 0


/home/daniel.z/ICML_PIECLAM_020425/experiments/../trainer.py:161:::  
Using dataset specific configuration and not global 




/home/daniel.z/ICML_PIECLAM_020425/experiments/../trainer.py:335:::  
 2025-05-25 19:38:12 starting optimization of pieclam on squirrel on device cuda

 configs_dict: 
{
    "clamiter_init": {
        "dim_feat": 200,
        "dim_attr": 100,
        "s_reg": 0.1,
        "l1_reg": 1,
        "T": 1,
        "hidden_dim": 64,
        "num_coupling_blocks": 32,
        "num_layers_mlp": 2
    },
    "feat_opt": {
        "lr": 5e-07,
        "n_iter": 500,
        "early_stop": 0
    },
    "prior_opt": {
        "n_iter": 2000,
        "lr": 5e-06,
        "noise_amp": 0.1,
        "weight_decay": 0.1,
        "early_stop": 0
    },
    "back_forth": {
        "n_back_forth": 7,
        "scheduler_step_size": 3,
        "scheduler_gamma": 0.5,
        "early_stop_fit": 0,
        "first_func_in_fit": "fit_feats"
    }
}


/home/daniel.z/ICML_PIECLAM_020425/experiments/../clamiter.py:577:::  
in fit,
first_func_in_fit='fit_feats'
second_function_name='fit_prior'


/home/daniel.z/ICML_PIECLAM_020425/experiments/../clamiter.py:637:::  
back and forth 1/7


/home/daniel.z/ICML_PIECLAM_020425/experiments/../clamiter.py:364:::  staring fit_feats for 500 iterations


/home/daniel.z/ICML_PIECLAM_020425/experiments/../clamiter.py:364:::  staring fit_prior for 2000 iterations


/home/daniel.z/ICML_PIECLAM_020425/experiments/../clamiter.py:637:::  
back and forth 2/7


/home/daniel.z/ICML_PIECLAM_020425/experiments/../clamiter.py:364:::  staring fit_feats for 500 iterations


/home/daniel.z/ICML_PIECLAM_020425/experiments/../clamiter.py:364:::  staring fit_prior for 2000 iterations


/home/daniel.z/ICML_PIECLAM_020425/experiments/../clamiter.py:637:::  
back and forth 3/7


/home/daniel.z/ICML_PIECLAM_020425/experiments/../clamiter.py:364:::  staring fit_feats for 500 iterations


/home/daniel.z/ICML_PIECLAM_020425/experiments/../clamiter.py:364:::  staring fit_prior for 2000 iterations


/home/daniel.z/ICML_PIECLAM_020425/experiments/../clamiter.py:637:::  
back and forth 4/7


/home/daniel.z/ICML_PIECLAM_020425/experiments/../clamiter.py:364:::  staring fit_feats for 500 iterations


/home/daniel.z/ICML_PIECLAM_020425/experiments/../clamiter.py:364:::  staring fit_prior for 2000 iterations


/home/daniel.z/ICML_PIECLAM_020425/experiments/../clamiter.py:637:::  
back and forth 5/7


/home/daniel.z/ICML_PIECLAM_020425/experiments/../clamiter.py:364:::  staring fit_feats for 500 iterations


/home/daniel.z/ICML_PIECLAM_020425/experiments/../clamiter.py:364:::  staring fit_prior for 2000 iterations


/home/daniel.z/ICML_PIECLAM_020425/experiments/../clamiter.py:637:::  
back and forth 6/7


/home/daniel.z/ICML_PIECLAM_020425/experiments/../clamiter.py:364:::  staring fit_feats for 500 iterations


/home/daniel.z/ICML_PIECLAM_020425/experiments/../clamiter.py:364:::  staring fit_prior for 2000 iterations


/home/daniel.z/ICML_PIECLAM_020425/experiments/../clamiter.py:637:::  
back and forth 7/7


/home/daniel.z/ICML_PIECLAM_020425/experiments/../clamiter.py:364:::  staring fit_feats for 500 iterations


/home/daniel.z/ICML_PIECLAM_020425/experiments/../clamiter.py:364:::  staring fit_prior for 2000 iterations


/home/daniel.z/ICML_PIECLAM_020425/experiments/../clamiter.py:704:::  
fit end, no early stopping


/home/daniel.z/ICML_PIECLAM_020425/experiments/../trainer.py:419:::  
train_model_on_params on pieclam squirrel 
took 2152.319007396698 seconds


/home/daniel.z/ICML_PIECLAM_020425/experiments/../trainer.py:437:::  


FINISHED train 
 last accuracies:
test
key='auc': 0.895901120271229
val
key='auc': 0.8947617973374753




/home/daniel.z/ICML_PIECLAM_020425/experiments/optimization_utils.py:648:::  Repetition no. 0


/home/daniel.z/ICML_PIECLAM_020425/experiments/../trainer.py:161:::  
Using dataset specific configuration and not global 




/home/daniel.z/ICML_PIECLAM_020425/experiments/../trainer.py:335:::  
 2025-05-25 20:14:05 starting optimization of pieclam on squirrel on device cuda

 configs_dict: 
{
    "clamiter_init": {
        "dim_feat": 100,
        "dim_attr": 100,
        "s_reg": 0.0,
        "l1_reg": 1,
        "T": 1,
        "hidden_dim": 64,
        "num_coupling_blocks": 32,
        "num_layers_mlp": 2
    },
    "feat_opt": {
        "lr": 5e-06,
        "n_iter": 3000,
        "early_stop": 0
    },
    "prior_opt": {
        "n_iter": 2000,
        "lr": 5e-06,
        "noise_amp": 0.1,
        "weight_decay": 0.1,
        "early_stop": 0
    },
    "back_forth": {
        "n_back_forth": 7,
        "scheduler_step_size": 3,
        "scheduler_gamma": 0.5,
        "early_stop_fit": 0,
        "first_func_in_fit": "fit_feats"
    }
}


/home/daniel.z/ICML_PIECLAM_020425/experiments/../clamiter.py:577:::  
in fit,
first_func_in_fit='fit_feats'
second_function_name='fit_prior'


/home/daniel.z/ICML_PIECLAM_020425/experiments/../clamiter.py:637:::  
back and forth 1/7


/home/daniel.z/ICML_PIECLAM_020425/experiments/../clamiter.py:364:::  staring fit_feats for 3000 iterations


/home/daniel.z/ICML_PIECLAM_020425/experiments/../clamiter.py:364:::  staring fit_prior for 2000 iterations


/home/daniel.z/ICML_PIECLAM_020425/experiments/../clamiter.py:637:::  
back and forth 2/7


/home/daniel.z/ICML_PIECLAM_020425/experiments/../clamiter.py:364:::  staring fit_feats for 3000 iterations


/home/daniel.z/ICML_PIECLAM_020425/experiments/../clamiter.py:364:::  staring fit_prior for 2000 iterations


/home/daniel.z/ICML_PIECLAM_020425/experiments/../clamiter.py:637:::  
back and forth 3/7


/home/daniel.z/ICML_PIECLAM_020425/experiments/../clamiter.py:364:::  staring fit_feats for 3000 iterations


/home/daniel.z/ICML_PIECLAM_020425/experiments/../clamiter.py:364:::  staring fit_prior for 2000 iterations


/home/daniel.z/ICML_PIECLAM_020425/experiments/../clamiter.py:637:::  
back and forth 4/7


/home/daniel.z/ICML_PIECLAM_020425/experiments/../clamiter.py:364:::  staring fit_feats for 3000 iterations


/home/daniel.z/ICML_PIECLAM_020425/experiments/../clamiter.py:364:::  staring fit_prior for 2000 iterations


/home/daniel.z/ICML_PIECLAM_020425/experiments/../clamiter.py:637:::  
back and forth 5/7


/home/daniel.z/ICML_PIECLAM_020425/experiments/../clamiter.py:364:::  staring fit_feats for 3000 iterations


/home/daniel.z/ICML_PIECLAM_020425/experiments/../clamiter.py:364:::  staring fit_prior for 2000 iterations


/home/daniel.z/ICML_PIECLAM_020425/experiments/../clamiter.py:637:::  
back and forth 6/7


/home/daniel.z/ICML_PIECLAM_020425/experiments/../clamiter.py:364:::  staring fit_feats for 3000 iterations


/home/daniel.z/ICML_PIECLAM_020425/experiments/../clamiter.py:364:::  staring fit_prior for 2000 iterations


/home/daniel.z/ICML_PIECLAM_020425/experiments/../clamiter.py:637:::  
back and forth 7/7


/home/daniel.z/ICML_PIECLAM_020425/experiments/../clamiter.py:364:::  staring fit_feats for 3000 iterations


/home/daniel.z/ICML_PIECLAM_020425/experiments/../clamiter.py:364:::  staring fit_prior for 2000 iterations


/home/daniel.z/ICML_PIECLAM_020425/experiments/../clamiter.py:704:::  
fit end, no early stopping


/home/daniel.z/ICML_PIECLAM_020425/experiments/../trainer.py:419:::  
train_model_on_params on pieclam squirrel 
took 4900.315796375275 seconds


/home/daniel.z/ICML_PIECLAM_020425/experiments/../trainer.py:437:::  


FINISHED train 
 last accuracies:
test
key='auc': 0.9884804530674586
val
key='auc': 0.9887663783920686




/home/daniel.z/ICML_PIECLAM_020425/experiments/optimization_utils.py:648:::  Repetition no. 0


/home/daniel.z/ICML_PIECLAM_020425/experiments/../trainer.py:161:::  
Using dataset specific configuration and not global 




/home/daniel.z/ICML_PIECLAM_020425/experiments/../trainer.py:335:::  
 2025-05-25 21:35:46 starting optimization of pieclam on squirrel on device cuda

 configs_dict: 
{
    "clamiter_init": {
        "dim_feat": 100,
        "dim_attr": 100,
        "s_reg": 0.0,
        "l1_reg": 1,
        "T": 1,
        "hidden_dim": 64,
        "num_coupling_blocks": 32,
        "num_layers_mlp": 2
    },
    "feat_opt": {
        "lr": 5e-07,
        "n_iter": 3000,
        "early_stop": 0
    },
    "prior_opt": {
        "n_iter": 2000,
        "lr": 5e-06,
        "noise_amp": 0.1,
        "weight_decay": 0.1,
        "early_stop": 0
    },
    "back_forth": {
        "n_back_forth": 7,
        "scheduler_step_size": 3,
        "scheduler_gamma": 0.5,
        "early_stop_fit": 0,
        "first_func_in_fit": "fit_feats"
    }
}


/home/daniel.z/ICML_PIECLAM_020425/experiments/../clamiter.py:577:::  
in fit,
first_func_in_fit='fit_feats'
second_function_name='fit_prior'


/home/daniel.z/ICML_PIECLAM_020425/experiments/../clamiter.py:637:::  
back and forth 1/7


/home/daniel.z/ICML_PIECLAM_020425/experiments/../clamiter.py:364:::  staring fit_feats for 3000 iterations


/home/daniel.z/ICML_PIECLAM_020425/experiments/../clamiter.py:364:::  staring fit_prior for 2000 iterations


/home/daniel.z/ICML_PIECLAM_020425/experiments/../clamiter.py:637:::  
back and forth 2/7


/home/daniel.z/ICML_PIECLAM_020425/experiments/../clamiter.py:364:::  staring fit_feats for 3000 iterations


/home/daniel.z/ICML_PIECLAM_020425/experiments/../clamiter.py:364:::  staring fit_prior for 2000 iterations


/home/daniel.z/ICML_PIECLAM_020425/experiments/../clamiter.py:637:::  
back and forth 3/7


/home/daniel.z/ICML_PIECLAM_020425/experiments/../clamiter.py:364:::  staring fit_feats for 3000 iterations


/home/daniel.z/ICML_PIECLAM_020425/experiments/../clamiter.py:364:::  staring fit_prior for 2000 iterations


/home/daniel.z/ICML_PIECLAM_020425/experiments/../clamiter.py:637:::  
back and forth 4/7


/home/daniel.z/ICML_PIECLAM_020425/experiments/../clamiter.py:364:::  staring fit_feats for 3000 iterations


/home/daniel.z/ICML_PIECLAM_020425/experiments/../clamiter.py:364:::  staring fit_prior for 2000 iterations


/home/daniel.z/ICML_PIECLAM_020425/experiments/../clamiter.py:637:::  
back and forth 5/7


/home/daniel.z/ICML_PIECLAM_020425/experiments/../clamiter.py:364:::  staring fit_feats for 3000 iterations


/home/daniel.z/ICML_PIECLAM_020425/experiments/../clamiter.py:364:::  staring fit_prior for 2000 iterations


/home/daniel.z/ICML_PIECLAM_020425/experiments/../clamiter.py:637:::  
back and forth 6/7


/home/daniel.z/ICML_PIECLAM_020425/experiments/../clamiter.py:364:::  staring fit_feats for 3000 iterations


/home/daniel.z/ICML_PIECLAM_020425/experiments/../clamiter.py:364:::  staring fit_prior for 2000 iterations


/home/daniel.z/ICML_PIECLAM_020425/experiments/../clamiter.py:637:::  
back and forth 7/7


/home/daniel.z/ICML_PIECLAM_020425/experiments/../clamiter.py:364:::  staring fit_feats for 3000 iterations


/home/daniel.z/ICML_PIECLAM_020425/experiments/../clamiter.py:364:::  staring fit_prior for 2000 iterations


/home/daniel.z/ICML_PIECLAM_020425/experiments/../clamiter.py:704:::  
fit end, no early stopping


/home/daniel.z/ICML_PIECLAM_020425/experiments/../trainer.py:419:::  
train_model_on_params on pieclam squirrel 
took 4920.794830560684 seconds


/home/daniel.z/ICML_PIECLAM_020425/experiments/../trainer.py:437:::  


FINISHED train 
 last accuracies:
test
key='auc': 0.979229218088155
val
key='auc': 0.9804625884829952




/home/daniel.z/ICML_PIECLAM_020425/experiments/optimization_utils.py:648:::  Repetition no. 0


/home/daniel.z/ICML_PIECLAM_020425/experiments/../trainer.py:161:::  
Using dataset specific configuration and not global 




/home/daniel.z/ICML_PIECLAM_020425/experiments/../trainer.py:335:::  
 2025-05-25 22:57:48 starting optimization of pieclam on squirrel on device cuda

 configs_dict: 
{
    "clamiter_init": {
        "dim_feat": 100,
        "dim_attr": 100,
        "s_reg": 0.1,
        "l1_reg": 1,
        "T": 1,
        "hidden_dim": 64,
        "num_coupling_blocks": 32,
        "num_layers_mlp": 2
    },
    "feat_opt": {
        "lr": 5e-06,
        "n_iter": 3000,
        "early_stop": 0
    },
    "prior_opt": {
        "n_iter": 2000,
        "lr": 5e-06,
        "noise_amp": 0.1,
        "weight_decay": 0.1,
        "early_stop": 0
    },
    "back_forth": {
        "n_back_forth": 7,
        "scheduler_step_size": 3,
        "scheduler_gamma": 0.5,
        "early_stop_fit": 0,
        "first_func_in_fit": "fit_feats"
    }
}


/home/daniel.z/ICML_PIECLAM_020425/experiments/../clamiter.py:577:::  
in fit,
first_func_in_fit='fit_feats'
second_function_name='fit_prior'


/home/daniel.z/ICML_PIECLAM_020425/experiments/../clamiter.py:637:::  
back and forth 1/7


/home/daniel.z/ICML_PIECLAM_020425/experiments/../clamiter.py:364:::  staring fit_feats for 3000 iterations


/home/daniel.z/ICML_PIECLAM_020425/experiments/../clamiter.py:364:::  staring fit_prior for 2000 iterations


/home/daniel.z/ICML_PIECLAM_020425/experiments/../clamiter.py:637:::  
back and forth 2/7


/home/daniel.z/ICML_PIECLAM_020425/experiments/../clamiter.py:364:::  staring fit_feats for 3000 iterations


/home/daniel.z/ICML_PIECLAM_020425/experiments/../clamiter.py:364:::  staring fit_prior for 2000 iterations


/home/daniel.z/ICML_PIECLAM_020425/experiments/../clamiter.py:637:::  
back and forth 3/7


/home/daniel.z/ICML_PIECLAM_020425/experiments/../clamiter.py:364:::  staring fit_feats for 3000 iterations


/home/daniel.z/ICML_PIECLAM_020425/experiments/../clamiter.py:364:::  staring fit_prior for 2000 iterations


/home/daniel.z/ICML_PIECLAM_020425/experiments/../clamiter.py:637:::  
back and forth 4/7


/home/daniel.z/ICML_PIECLAM_020425/experiments/../clamiter.py:364:::  staring fit_feats for 3000 iterations


/home/daniel.z/ICML_PIECLAM_020425/experiments/../clamiter.py:364:::  staring fit_prior for 2000 iterations


/home/daniel.z/ICML_PIECLAM_020425/experiments/../clamiter.py:637:::  
back and forth 5/7


/home/daniel.z/ICML_PIECLAM_020425/experiments/../clamiter.py:364:::  staring fit_feats for 3000 iterations


/home/daniel.z/ICML_PIECLAM_020425/experiments/../clamiter.py:364:::  staring fit_prior for 2000 iterations


/home/daniel.z/ICML_PIECLAM_020425/experiments/../clamiter.py:637:::  
back and forth 6/7


/home/daniel.z/ICML_PIECLAM_020425/experiments/../clamiter.py:364:::  staring fit_feats for 3000 iterations


/home/daniel.z/ICML_PIECLAM_020425/experiments/../clamiter.py:364:::  staring fit_prior for 2000 iterations


/home/daniel.z/ICML_PIECLAM_020425/experiments/../clamiter.py:637:::  
back and forth 7/7


/home/daniel.z/ICML_PIECLAM_020425/experiments/../clamiter.py:364:::  staring fit_feats for 3000 iterations


/home/daniel.z/ICML_PIECLAM_020425/experiments/../clamiter.py:364:::  staring fit_prior for 2000 iterations


/home/daniel.z/ICML_PIECLAM_020425/experiments/../clamiter.py:704:::  
fit end, no early stopping


/home/daniel.z/ICML_PIECLAM_020425/experiments/../trainer.py:419:::  
train_model_on_params on pieclam squirrel 
took 4890.141329050064 seconds


/home/daniel.z/ICML_PIECLAM_020425/experiments/../trainer.py:437:::  


FINISHED train 
 last accuracies:
test
key='auc': 0.9893111589974112
val
key='auc': 0.9894283108064597




/home/daniel.z/ICML_PIECLAM_020425/experiments/optimization_utils.py:648:::  Repetition no. 0


/home/daniel.z/ICML_PIECLAM_020425/experiments/../trainer.py:161:::  
Using dataset specific configuration and not global 




/home/daniel.z/ICML_PIECLAM_020425/experiments/../trainer.py:335:::  
 2025-05-26 00:19:19 starting optimization of pieclam on squirrel on device cuda

 configs_dict: 
{
    "clamiter_init": {
        "dim_feat": 100,
        "dim_attr": 100,
        "s_reg": 0.0,
        "l1_reg": 1,
        "T": 1,
        "hidden_dim": 64,
        "num_coupling_blocks": 32,
        "num_layers_mlp": 2
    },
    "feat_opt": {
        "lr": 5e-06,
        "n_iter": 1000,
        "early_stop": 0
    },
    "prior_opt": {
        "n_iter": 2000,
        "lr": 5e-06,
        "noise_amp": 0.1,
        "weight_decay": 0.1,
        "early_stop": 0
    },
    "back_forth": {
        "n_back_forth": 7,
        "scheduler_step_size": 3,
        "scheduler_gamma": 0.5,
        "early_stop_fit": 0,
        "first_func_in_fit": "fit_feats"
    }
}


/home/daniel.z/ICML_PIECLAM_020425/experiments/../clamiter.py:577:::  
in fit,
first_func_in_fit='fit_feats'
second_function_name='fit_prior'


/home/daniel.z/ICML_PIECLAM_020425/experiments/../clamiter.py:637:::  
back and forth 1/7


/home/daniel.z/ICML_PIECLAM_020425/experiments/../clamiter.py:364:::  staring fit_feats for 1000 iterations


/home/daniel.z/ICML_PIECLAM_020425/experiments/../clamiter.py:364:::  staring fit_prior for 2000 iterations


/home/daniel.z/ICML_PIECLAM_020425/experiments/../clamiter.py:637:::  
back and forth 2/7


/home/daniel.z/ICML_PIECLAM_020425/experiments/../clamiter.py:364:::  staring fit_feats for 1000 iterations


/home/daniel.z/ICML_PIECLAM_020425/experiments/../clamiter.py:364:::  staring fit_prior for 2000 iterations


/home/daniel.z/ICML_PIECLAM_020425/experiments/../clamiter.py:637:::  
back and forth 3/7


/home/daniel.z/ICML_PIECLAM_020425/experiments/../clamiter.py:364:::  staring fit_feats for 1000 iterations


/home/daniel.z/ICML_PIECLAM_020425/experiments/../clamiter.py:364:::  staring fit_prior for 2000 iterations


/home/daniel.z/ICML_PIECLAM_020425/experiments/../clamiter.py:637:::  
back and forth 4/7


/home/daniel.z/ICML_PIECLAM_020425/experiments/../clamiter.py:364:::  staring fit_feats for 1000 iterations


/home/daniel.z/ICML_PIECLAM_020425/experiments/../clamiter.py:364:::  staring fit_prior for 2000 iterations


/home/daniel.z/ICML_PIECLAM_020425/experiments/../clamiter.py:637:::  
back and forth 5/7


/home/daniel.z/ICML_PIECLAM_020425/experiments/../clamiter.py:364:::  staring fit_feats for 1000 iterations


/home/daniel.z/ICML_PIECLAM_020425/experiments/../clamiter.py:364:::  staring fit_prior for 2000 iterations


/home/daniel.z/ICML_PIECLAM_020425/experiments/../clamiter.py:637:::  
back and forth 6/7


/home/daniel.z/ICML_PIECLAM_020425/experiments/../clamiter.py:364:::  staring fit_feats for 1000 iterations


/home/daniel.z/ICML_PIECLAM_020425/experiments/../clamiter.py:364:::  staring fit_prior for 2000 iterations


/home/daniel.z/ICML_PIECLAM_020425/experiments/../clamiter.py:637:::  
back and forth 7/7


/home/daniel.z/ICML_PIECLAM_020425/experiments/../clamiter.py:364:::  staring fit_feats for 1000 iterations


/home/daniel.z/ICML_PIECLAM_020425/experiments/../clamiter.py:364:::  staring fit_prior for 2000 iterations


/home/daniel.z/ICML_PIECLAM_020425/experiments/../clamiter.py:704:::  
fit end, no early stopping


/home/daniel.z/ICML_PIECLAM_020425/experiments/../trainer.py:419:::  
train_model_on_params on pieclam squirrel 
took 2578.2355325222015 seconds


/home/daniel.z/ICML_PIECLAM_020425/experiments/../trainer.py:437:::  


FINISHED train 
 last accuracies:
test
key='auc': 0.9876547300542657
val
key='auc': 0.9879786586832892




/home/daniel.z/ICML_PIECLAM_020425/experiments/optimization_utils.py:648:::  Repetition no. 0


/home/daniel.z/ICML_PIECLAM_020425/experiments/../trainer.py:161:::  
Using dataset specific configuration and not global 




/home/daniel.z/ICML_PIECLAM_020425/experiments/../trainer.py:335:::  
 2025-05-26 01:02:18 starting optimization of pieclam on squirrel on device cuda

 configs_dict: 
{
    "clamiter_init": {
        "dim_feat": 50,
        "dim_attr": 100,
        "s_reg": 0.1,
        "l1_reg": 1,
        "T": 1,
        "hidden_dim": 64,
        "num_coupling_blocks": 32,
        "num_layers_mlp": 2
    },
    "feat_opt": {
        "lr": 5e-06,
        "n_iter": 1000,
        "early_stop": 0
    },
    "prior_opt": {
        "n_iter": 2000,
        "lr": 5e-06,
        "noise_amp": 0.1,
        "weight_decay": 0.1,
        "early_stop": 0
    },
    "back_forth": {
        "n_back_forth": 7,
        "scheduler_step_size": 3,
        "scheduler_gamma": 0.5,
        "early_stop_fit": 0,
        "first_func_in_fit": "fit_feats"
    }
}


/home/daniel.z/ICML_PIECLAM_020425/experiments/../clamiter.py:577:::  
in fit,
first_func_in_fit='fit_feats'
second_function_name='fit_prior'


/home/daniel.z/ICML_PIECLAM_020425/experiments/../clamiter.py:637:::  
back and forth 1/7


/home/daniel.z/ICML_PIECLAM_020425/experiments/../clamiter.py:364:::  staring fit_feats for 1000 iterations


/home/daniel.z/ICML_PIECLAM_020425/experiments/../clamiter.py:364:::  staring fit_prior for 2000 iterations


/home/daniel.z/ICML_PIECLAM_020425/experiments/../clamiter.py:637:::  
back and forth 2/7


/home/daniel.z/ICML_PIECLAM_020425/experiments/../clamiter.py:364:::  staring fit_feats for 1000 iterations


/home/daniel.z/ICML_PIECLAM_020425/experiments/../clamiter.py:364:::  staring fit_prior for 2000 iterations


/home/daniel.z/ICML_PIECLAM_020425/experiments/../clamiter.py:637:::  
back and forth 3/7


/home/daniel.z/ICML_PIECLAM_020425/experiments/../clamiter.py:364:::  staring fit_feats for 1000 iterations


/home/daniel.z/ICML_PIECLAM_020425/experiments/../clamiter.py:364:::  staring fit_prior for 2000 iterations


/home/daniel.z/ICML_PIECLAM_020425/experiments/../clamiter.py:637:::  
back and forth 4/7


/home/daniel.z/ICML_PIECLAM_020425/experiments/../clamiter.py:364:::  staring fit_feats for 1000 iterations


/home/daniel.z/ICML_PIECLAM_020425/experiments/../clamiter.py:364:::  staring fit_prior for 2000 iterations


/home/daniel.z/ICML_PIECLAM_020425/experiments/../clamiter.py:637:::  
back and forth 5/7


/home/daniel.z/ICML_PIECLAM_020425/experiments/../clamiter.py:364:::  staring fit_feats for 1000 iterations


/home/daniel.z/ICML_PIECLAM_020425/experiments/../clamiter.py:364:::  staring fit_prior for 2000 iterations


/home/daniel.z/ICML_PIECLAM_020425/experiments/../clamiter.py:637:::  
back and forth 6/7


/home/daniel.z/ICML_PIECLAM_020425/experiments/../clamiter.py:364:::  staring fit_feats for 1000 iterations


/home/daniel.z/ICML_PIECLAM_020425/experiments/../clamiter.py:364:::  staring fit_prior for 2000 iterations


/home/daniel.z/ICML_PIECLAM_020425/experiments/../clamiter.py:637:::  
back and forth 7/7


/home/daniel.z/ICML_PIECLAM_020425/experiments/../clamiter.py:364:::  staring fit_feats for 1000 iterations


/home/daniel.z/ICML_PIECLAM_020425/experiments/../clamiter.py:364:::  staring fit_prior for 2000 iterations


/home/daniel.z/ICML_PIECLAM_020425/experiments/../clamiter.py:704:::  
fit end, no early stopping


/home/daniel.z/ICML_PIECLAM_020425/experiments/../trainer.py:419:::  
train_model_on_params on pieclam squirrel 
took 2455.996367454529 seconds


/home/daniel.z/ICML_PIECLAM_020425/experiments/../trainer.py:437:::  


FINISHED train 
 last accuracies:
test
key='auc': 0.9853123633272776
val
key='auc': 0.9862258347313669




/home/daniel.z/ICML_PIECLAM_020425/experiments/optimization_utils.py:648:::  Repetition no. 0


/home/daniel.z/ICML_PIECLAM_020425/experiments/../trainer.py:161:::  
Using dataset specific configuration and not global 




/home/daniel.z/ICML_PIECLAM_020425/experiments/../trainer.py:335:::  
 2025-05-26 01:43:15 starting optimization of pieclam on squirrel on device cuda

 configs_dict: 
{
    "clamiter_init": {
        "dim_feat": 200,
        "dim_attr": 100,
        "s_reg": 0.0,
        "l1_reg": 1,
        "T": 1,
        "hidden_dim": 64,
        "num_coupling_blocks": 32,
        "num_layers_mlp": 2
    },
    "feat_opt": {
        "lr": 5e-06,
        "n_iter": 3000,
        "early_stop": 0
    },
    "prior_opt": {
        "n_iter": 2000,
        "lr": 5e-06,
        "noise_amp": 0.1,
        "weight_decay": 0.1,
        "early_stop": 0
    },
    "back_forth": {
        "n_back_forth": 7,
        "scheduler_step_size": 3,
        "scheduler_gamma": 0.5,
        "early_stop_fit": 0,
        "first_func_in_fit": "fit_feats"
    }
}


/home/daniel.z/ICML_PIECLAM_020425/experiments/../clamiter.py:577:::  
in fit,
first_func_in_fit='fit_feats'
second_function_name='fit_prior'


/home/daniel.z/ICML_PIECLAM_020425/experiments/../clamiter.py:637:::  
back and forth 1/7


/home/daniel.z/ICML_PIECLAM_020425/experiments/../clamiter.py:364:::  staring fit_feats for 3000 iterations


/home/daniel.z/ICML_PIECLAM_020425/experiments/../clamiter.py:364:::  staring fit_prior for 2000 iterations


/home/daniel.z/ICML_PIECLAM_020425/experiments/../clamiter.py:637:::  
back and forth 2/7


/home/daniel.z/ICML_PIECLAM_020425/experiments/../clamiter.py:364:::  staring fit_feats for 3000 iterations


/home/daniel.z/ICML_PIECLAM_020425/experiments/../clamiter.py:364:::  staring fit_prior for 2000 iterations


/home/daniel.z/ICML_PIECLAM_020425/experiments/../clamiter.py:637:::  
back and forth 3/7


/home/daniel.z/ICML_PIECLAM_020425/experiments/../clamiter.py:364:::  staring fit_feats for 3000 iterations


/home/daniel.z/ICML_PIECLAM_020425/experiments/../clamiter.py:364:::  staring fit_prior for 2000 iterations


/home/daniel.z/ICML_PIECLAM_020425/experiments/../clamiter.py:637:::  
back and forth 4/7


/home/daniel.z/ICML_PIECLAM_020425/experiments/../clamiter.py:364:::  staring fit_feats for 3000 iterations


/home/daniel.z/ICML_PIECLAM_020425/experiments/../clamiter.py:364:::  staring fit_prior for 2000 iterations


/home/daniel.z/ICML_PIECLAM_020425/experiments/../clamiter.py:637:::  
back and forth 5/7


/home/daniel.z/ICML_PIECLAM_020425/experiments/../clamiter.py:364:::  staring fit_feats for 3000 iterations


/home/daniel.z/ICML_PIECLAM_020425/experiments/../clamiter.py:364:::  staring fit_prior for 2000 iterations


/home/daniel.z/ICML_PIECLAM_020425/experiments/../clamiter.py:637:::  
back and forth 6/7


/home/daniel.z/ICML_PIECLAM_020425/experiments/../clamiter.py:364:::  staring fit_feats for 3000 iterations


/home/daniel.z/ICML_PIECLAM_020425/experiments/../clamiter.py:364:::  staring fit_prior for 2000 iterations


/home/daniel.z/ICML_PIECLAM_020425/experiments/../clamiter.py:637:::  
back and forth 7/7


/home/daniel.z/ICML_PIECLAM_020425/experiments/../clamiter.py:364:::  staring fit_feats for 3000 iterations


/home/daniel.z/ICML_PIECLAM_020425/experiments/../clamiter.py:364:::  staring fit_prior for 2000 iterations


/home/daniel.z/ICML_PIECLAM_020425/experiments/../clamiter.py:704:::  
fit end, no early stopping


/home/daniel.z/ICML_PIECLAM_020425/experiments/../trainer.py:419:::  
train_model_on_params on pieclam squirrel 
took 5602.339625597 seconds


/home/daniel.z/ICML_PIECLAM_020425/experiments/../trainer.py:437:::  


FINISHED train 
 last accuracies:
test
key='auc': 0.9881047145328714
val
key='auc': 0.988958329561517




/home/daniel.z/ICML_PIECLAM_020425/experiments/optimization_utils.py:648:::  Repetition no. 0


/home/daniel.z/ICML_PIECLAM_020425/experiments/../trainer.py:161:::  
Using dataset specific configuration and not global 




/home/daniel.z/ICML_PIECLAM_020425/experiments/../trainer.py:335:::  
 2025-05-26 03:16:38 starting optimization of pieclam on squirrel on device cuda

 configs_dict: 
{
    "clamiter_init": {
        "dim_feat": 200,
        "dim_attr": 100,
        "s_reg": 0.1,
        "l1_reg": 1,
        "T": 1,
        "hidden_dim": 64,
        "num_coupling_blocks": 32,
        "num_layers_mlp": 2
    },
    "feat_opt": {
        "lr": 5e-07,
        "n_iter": 3000,
        "early_stop": 0
    },
    "prior_opt": {
        "n_iter": 2000,
        "lr": 5e-06,
        "noise_amp": 0.1,
        "weight_decay": 0.1,
        "early_stop": 0
    },
    "back_forth": {
        "n_back_forth": 7,
        "scheduler_step_size": 3,
        "scheduler_gamma": 0.5,
        "early_stop_fit": 0,
        "first_func_in_fit": "fit_feats"
    }
}


/home/daniel.z/ICML_PIECLAM_020425/experiments/../clamiter.py:577:::  
in fit,
first_func_in_fit='fit_feats'
second_function_name='fit_prior'


/home/daniel.z/ICML_PIECLAM_020425/experiments/../clamiter.py:637:::  
back and forth 1/7


/home/daniel.z/ICML_PIECLAM_020425/experiments/../clamiter.py:364:::  staring fit_feats for 3000 iterations


/home/daniel.z/ICML_PIECLAM_020425/experiments/../clamiter.py:364:::  staring fit_prior for 2000 iterations


/home/daniel.z/ICML_PIECLAM_020425/experiments/../clamiter.py:637:::  
back and forth 2/7


/home/daniel.z/ICML_PIECLAM_020425/experiments/../clamiter.py:364:::  staring fit_feats for 3000 iterations


/home/daniel.z/ICML_PIECLAM_020425/experiments/../clamiter.py:364:::  staring fit_prior for 2000 iterations


/home/daniel.z/ICML_PIECLAM_020425/experiments/../clamiter.py:637:::  
back and forth 3/7


/home/daniel.z/ICML_PIECLAM_020425/experiments/../clamiter.py:364:::  staring fit_feats for 3000 iterations


/home/daniel.z/ICML_PIECLAM_020425/experiments/../clamiter.py:364:::  staring fit_prior for 2000 iterations


/home/daniel.z/ICML_PIECLAM_020425/experiments/../clamiter.py:637:::  
back and forth 4/7


/home/daniel.z/ICML_PIECLAM_020425/experiments/../clamiter.py:364:::  staring fit_feats for 3000 iterations


/home/daniel.z/ICML_PIECLAM_020425/experiments/../clamiter.py:364:::  staring fit_prior for 2000 iterations


/home/daniel.z/ICML_PIECLAM_020425/experiments/../clamiter.py:637:::  
back and forth 5/7


/home/daniel.z/ICML_PIECLAM_020425/experiments/../clamiter.py:364:::  staring fit_feats for 3000 iterations


/home/daniel.z/ICML_PIECLAM_020425/experiments/../clamiter.py:364:::  staring fit_prior for 2000 iterations


/home/daniel.z/ICML_PIECLAM_020425/experiments/../clamiter.py:637:::  
back and forth 6/7


/home/daniel.z/ICML_PIECLAM_020425/experiments/../clamiter.py:364:::  staring fit_feats for 3000 iterations


/home/daniel.z/ICML_PIECLAM_020425/experiments/../clamiter.py:364:::  staring fit_prior for 2000 iterations


/home/daniel.z/ICML_PIECLAM_020425/experiments/../clamiter.py:637:::  
back and forth 7/7


/home/daniel.z/ICML_PIECLAM_020425/experiments/../clamiter.py:364:::  staring fit_feats for 3000 iterations


/home/daniel.z/ICML_PIECLAM_020425/experiments/../clamiter.py:364:::  staring fit_prior for 2000 iterations


/home/daniel.z/ICML_PIECLAM_020425/experiments/../clamiter.py:704:::  
fit end, no early stopping


/home/daniel.z/ICML_PIECLAM_020425/experiments/../trainer.py:419:::  
train_model_on_params on pieclam squirrel 
took 5547.451048374176 seconds


/home/daniel.z/ICML_PIECLAM_020425/experiments/../trainer.py:437:::  


FINISHED train 
 last accuracies:
test
key='auc': 0.9798678532106632
val
key='auc': 0.9801276005591971




/home/daniel.z/ICML_PIECLAM_020425/experiments/optimization_utils.py:648:::  Repetition no. 0


/home/daniel.z/ICML_PIECLAM_020425/experiments/../trainer.py:161:::  
Using dataset specific configuration and not global 




/home/daniel.z/ICML_PIECLAM_020425/experiments/../trainer.py:335:::  
 2025-05-26 04:49:07 starting optimization of pieclam on squirrel on device cuda

 configs_dict: 
{
    "clamiter_init": {
        "dim_feat": 100,
        "dim_attr": 100,
        "s_reg": 0.0,
        "l1_reg": 1,
        "T": 1,
        "hidden_dim": 64,
        "num_coupling_blocks": 32,
        "num_layers_mlp": 2
    },
    "feat_opt": {
        "lr": 5e-06,
        "n_iter": 500,
        "early_stop": 0
    },
    "prior_opt": {
        "n_iter": 2000,
        "lr": 5e-06,
        "noise_amp": 0.1,
        "weight_decay": 0.1,
        "early_stop": 0
    },
    "back_forth": {
        "n_back_forth": 7,
        "scheduler_step_size": 3,
        "scheduler_gamma": 0.5,
        "early_stop_fit": 0,
        "first_func_in_fit": "fit_feats"
    }
}


/home/daniel.z/ICML_PIECLAM_020425/experiments/../clamiter.py:577:::  
in fit,
first_func_in_fit='fit_feats'
second_function_name='fit_prior'


/home/daniel.z/ICML_PIECLAM_020425/experiments/../clamiter.py:637:::  
back and forth 1/7


/home/daniel.z/ICML_PIECLAM_020425/experiments/../clamiter.py:364:::  staring fit_feats for 500 iterations


/home/daniel.z/ICML_PIECLAM_020425/experiments/../clamiter.py:364:::  staring fit_prior for 2000 iterations


/home/daniel.z/ICML_PIECLAM_020425/experiments/../clamiter.py:637:::  
back and forth 2/7


/home/daniel.z/ICML_PIECLAM_020425/experiments/../clamiter.py:364:::  staring fit_feats for 500 iterations


/home/daniel.z/ICML_PIECLAM_020425/experiments/../clamiter.py:364:::  staring fit_prior for 2000 iterations


/home/daniel.z/ICML_PIECLAM_020425/experiments/../clamiter.py:637:::  
back and forth 3/7


/home/daniel.z/ICML_PIECLAM_020425/experiments/../clamiter.py:364:::  staring fit_feats for 500 iterations


/home/daniel.z/ICML_PIECLAM_020425/experiments/../clamiter.py:364:::  staring fit_prior for 2000 iterations


/home/daniel.z/ICML_PIECLAM_020425/experiments/../clamiter.py:637:::  
back and forth 4/7


/home/daniel.z/ICML_PIECLAM_020425/experiments/../clamiter.py:364:::  staring fit_feats for 500 iterations


/home/daniel.z/ICML_PIECLAM_020425/experiments/../clamiter.py:364:::  staring fit_prior for 2000 iterations


/home/daniel.z/ICML_PIECLAM_020425/experiments/../clamiter.py:637:::  
back and forth 5/7


/home/daniel.z/ICML_PIECLAM_020425/experiments/../clamiter.py:364:::  staring fit_feats for 500 iterations


/home/daniel.z/ICML_PIECLAM_020425/experiments/../clamiter.py:364:::  staring fit_prior for 2000 iterations


/home/daniel.z/ICML_PIECLAM_020425/experiments/../clamiter.py:637:::  
back and forth 6/7


/home/daniel.z/ICML_PIECLAM_020425/experiments/../clamiter.py:364:::  staring fit_feats for 500 iterations


/home/daniel.z/ICML_PIECLAM_020425/experiments/../clamiter.py:364:::  staring fit_prior for 2000 iterations


/home/daniel.z/ICML_PIECLAM_020425/experiments/../clamiter.py:637:::  
back and forth 7/7


/home/daniel.z/ICML_PIECLAM_020425/experiments/../clamiter.py:364:::  staring fit_feats for 500 iterations


/home/daniel.z/ICML_PIECLAM_020425/experiments/../clamiter.py:364:::  staring fit_prior for 2000 iterations


/home/daniel.z/ICML_PIECLAM_020425/experiments/../clamiter.py:704:::  
fit end, no early stopping


/home/daniel.z/ICML_PIECLAM_020425/experiments/../trainer.py:419:::  
train_model_on_params on pieclam squirrel 
took 1982.345155954361 seconds


/home/daniel.z/ICML_PIECLAM_020425/experiments/../trainer.py:437:::  


FINISHED train 
 last accuracies:
test
key='auc': 0.984752595881188
val
key='auc': 0.9851960773555151




/home/daniel.z/ICML_PIECLAM_020425/experiments/optimization_utils.py:648:::  Repetition no. 0


/home/daniel.z/ICML_PIECLAM_020425/experiments/../trainer.py:161:::  
Using dataset specific configuration and not global 




/home/daniel.z/ICML_PIECLAM_020425/experiments/../trainer.py:335:::  
 2025-05-26 05:22:10 starting optimization of pieclam on squirrel on device cuda

 configs_dict: 
{
    "clamiter_init": {
        "dim_feat": 100,
        "dim_attr": 100,
        "s_reg": 0.1,
        "l1_reg": 1,
        "T": 1,
        "hidden_dim": 64,
        "num_coupling_blocks": 32,
        "num_layers_mlp": 2
    },
    "feat_opt": {
        "lr": 5e-06,
        "n_iter": 500,
        "early_stop": 0
    },
    "prior_opt": {
        "n_iter": 2000,
        "lr": 5e-06,
        "noise_amp": 0.1,
        "weight_decay": 0.1,
        "early_stop": 0
    },
    "back_forth": {
        "n_back_forth": 7,
        "scheduler_step_size": 3,
        "scheduler_gamma": 0.5,
        "early_stop_fit": 0,
        "first_func_in_fit": "fit_feats"
    }
}


/home/daniel.z/ICML_PIECLAM_020425/experiments/../clamiter.py:577:::  
in fit,
first_func_in_fit='fit_feats'
second_function_name='fit_prior'


/home/daniel.z/ICML_PIECLAM_020425/experiments/../clamiter.py:637:::  
back and forth 1/7


/home/daniel.z/ICML_PIECLAM_020425/experiments/../clamiter.py:364:::  staring fit_feats for 500 iterations


/home/daniel.z/ICML_PIECLAM_020425/experiments/../clamiter.py:364:::  staring fit_prior for 2000 iterations


/home/daniel.z/ICML_PIECLAM_020425/experiments/../clamiter.py:637:::  
back and forth 2/7


/home/daniel.z/ICML_PIECLAM_020425/experiments/../clamiter.py:364:::  staring fit_feats for 500 iterations


/home/daniel.z/ICML_PIECLAM_020425/experiments/../clamiter.py:364:::  staring fit_prior for 2000 iterations


/home/daniel.z/ICML_PIECLAM_020425/experiments/../clamiter.py:637:::  
back and forth 3/7


/home/daniel.z/ICML_PIECLAM_020425/experiments/../clamiter.py:364:::  staring fit_feats for 500 iterations


/home/daniel.z/ICML_PIECLAM_020425/experiments/../clamiter.py:364:::  staring fit_prior for 2000 iterations


/home/daniel.z/ICML_PIECLAM_020425/experiments/../clamiter.py:637:::  
back and forth 4/7


/home/daniel.z/ICML_PIECLAM_020425/experiments/../clamiter.py:364:::  staring fit_feats for 500 iterations


/home/daniel.z/ICML_PIECLAM_020425/experiments/../clamiter.py:364:::  staring fit_prior for 2000 iterations


/home/daniel.z/ICML_PIECLAM_020425/experiments/../clamiter.py:637:::  
back and forth 5/7


/home/daniel.z/ICML_PIECLAM_020425/experiments/../clamiter.py:364:::  staring fit_feats for 500 iterations


/home/daniel.z/ICML_PIECLAM_020425/experiments/../clamiter.py:364:::  staring fit_prior for 2000 iterations


/home/daniel.z/ICML_PIECLAM_020425/experiments/../clamiter.py:637:::  
back and forth 6/7


/home/daniel.z/ICML_PIECLAM_020425/experiments/../clamiter.py:364:::  staring fit_feats for 500 iterations


/home/daniel.z/ICML_PIECLAM_020425/experiments/../clamiter.py:364:::  staring fit_prior for 2000 iterations


/home/daniel.z/ICML_PIECLAM_020425/experiments/../clamiter.py:637:::  
back and forth 7/7


/home/daniel.z/ICML_PIECLAM_020425/experiments/../clamiter.py:364:::  staring fit_feats for 500 iterations


/home/daniel.z/ICML_PIECLAM_020425/experiments/../clamiter.py:364:::  staring fit_prior for 2000 iterations


/home/daniel.z/ICML_PIECLAM_020425/experiments/../clamiter.py:704:::  
fit end, no early stopping


/home/daniel.z/ICML_PIECLAM_020425/experiments/../trainer.py:419:::  
train_model_on_params on pieclam squirrel 
took 1993.6650104522705 seconds


/home/daniel.z/ICML_PIECLAM_020425/experiments/../trainer.py:437:::  


FINISHED train 
 last accuracies:
test
key='auc': 0.984226397424378
val
key='auc': 0.9851591722054827




/home/daniel.z/ICML_PIECLAM_020425/experiments/optimization_utils.py:722:::  

Finished CrossVal!




/home/daniel.z/ICML_PIECLAM_020425/experiments/optimization_utils.py:511:::  on test set /home/daniel.z/ICML_PIECLAM_020425/experiments/results/link_prediction/auc/squirrel/pieclam, split_05-18_02-05-25


/home/daniel.z/ICML_PIECLAM_020425/experiments/optimization_utils.py:626:::  RunSaver defined to acc_configs path /home/daniel.z/ICML_PIECLAM_020425/experiments/results/link_prediction/auc/squirrel/pieclam/split_05-18_02-05-25/valid/acc_configs05-55_26-05-25.json


/home/daniel.z/ICML_PIECLAM_020425/experiments/optimization_utils.py:648:::  Repetition no. 0


/home/daniel.z/ICML_PIECLAM_020425/experiments/../trainer.py:161:::  
Using dataset specific configuration and not global 




/home/daniel.z/ICML_PIECLAM_020425/experiments/../trainer.py:335:::  
 2025-05-26 05:55:27 starting optimization of pieclam on squirrel on device cuda

 configs_dict: 
{
    "clamiter_init": {
        "dim_feat": 100,
        "dim_attr": 100,
        "s_reg": 0.0,
        "l1_reg": 1,
        "T": 1,
        "hidden_dim": 64,
        "num_coupling_blocks": 32,
        "num_layers_mlp": 2
    },
    "feat_opt": {
        "lr": 5e-07,
        "n_iter": 1000,
        "early_stop": 0
    },
    "prior_opt": {
        "n_iter": 2000,
        "lr": 5e-06,
        "noise_amp": 0.1,
        "weight_decay": 0.1,
        "early_stop": 0
    },
    "back_forth": {
        "n_back_forth": 7,
        "scheduler_step_size": 3,
        "scheduler_gamma": 0.5,
        "early_stop_fit": 0,
        "first_func_in_fit": "fit_feats"
    }
}


/home/daniel.z/ICML_PIECLAM_020425/experiments/../clamiter.py:577:::  
in fit,
first_func_in_fit='fit_feats'
second_function_name='fit_prior'


/home/daniel.z/ICML_PIECLAM_020425/experiments/../clamiter.py:637:::  
back and forth 1/7


/home/daniel.z/ICML_PIECLAM_020425/experiments/../clamiter.py:364:::  staring fit_feats for 1000 iterations


/home/daniel.z/ICML_PIECLAM_020425/experiments/../clamiter.py:364:::  staring fit_prior for 2000 iterations


/home/daniel.z/ICML_PIECLAM_020425/experiments/../clamiter.py:637:::  
back and forth 2/7


/home/daniel.z/ICML_PIECLAM_020425/experiments/../clamiter.py:364:::  staring fit_feats for 1000 iterations


/home/daniel.z/ICML_PIECLAM_020425/experiments/../clamiter.py:364:::  staring fit_prior for 2000 iterations


/home/daniel.z/ICML_PIECLAM_020425/experiments/../clamiter.py:637:::  
back and forth 3/7


/home/daniel.z/ICML_PIECLAM_020425/experiments/../clamiter.py:364:::  staring fit_feats for 1000 iterations


/home/daniel.z/ICML_PIECLAM_020425/experiments/../clamiter.py:364:::  staring fit_prior for 2000 iterations


/home/daniel.z/ICML_PIECLAM_020425/experiments/../clamiter.py:637:::  
back and forth 4/7


/home/daniel.z/ICML_PIECLAM_020425/experiments/../clamiter.py:364:::  staring fit_feats for 1000 iterations


/home/daniel.z/ICML_PIECLAM_020425/experiments/../clamiter.py:364:::  staring fit_prior for 2000 iterations


/home/daniel.z/ICML_PIECLAM_020425/experiments/../clamiter.py:637:::  
back and forth 5/7


/home/daniel.z/ICML_PIECLAM_020425/experiments/../clamiter.py:364:::  staring fit_feats for 1000 iterations


/home/daniel.z/ICML_PIECLAM_020425/experiments/../clamiter.py:364:::  staring fit_prior for 2000 iterations


/home/daniel.z/ICML_PIECLAM_020425/experiments/../clamiter.py:637:::  
back and forth 6/7


/home/daniel.z/ICML_PIECLAM_020425/experiments/../clamiter.py:364:::  staring fit_feats for 1000 iterations


/home/daniel.z/ICML_PIECLAM_020425/experiments/../clamiter.py:364:::  staring fit_prior for 2000 iterations


/home/daniel.z/ICML_PIECLAM_020425/experiments/../clamiter.py:637:::  
back and forth 7/7


/home/daniel.z/ICML_PIECLAM_020425/experiments/../clamiter.py:364:::  staring fit_feats for 1000 iterations


/home/daniel.z/ICML_PIECLAM_020425/experiments/../clamiter.py:364:::  staring fit_prior for 2000 iterations


/home/daniel.z/ICML_PIECLAM_020425/experiments/../clamiter.py:704:::  
fit end, no early stopping


/home/daniel.z/ICML_PIECLAM_020425/experiments/../trainer.py:419:::  
train_model_on_params on pieclam squirrel 
took 2611.998415708542 seconds


/home/daniel.z/ICML_PIECLAM_020425/experiments/../trainer.py:437:::  


FINISHED train 
 last accuracies:
test
key='auc': 0.9420558880520858
val
key='auc': 0.9441924440544875




/home/daniel.z/ICML_PIECLAM_020425/experiments/optimization_utils.py:648:::  Repetition no. 0


/home/daniel.z/ICML_PIECLAM_020425/experiments/../trainer.py:161:::  
Using dataset specific configuration and not global 




/home/daniel.z/ICML_PIECLAM_020425/experiments/../trainer.py:335:::  
 2025-05-26 06:39:00 starting optimization of pieclam on squirrel on device cuda

 configs_dict: 
{
    "clamiter_init": {
        "dim_feat": 200,
        "dim_attr": 100,
        "s_reg": 0.0,
        "l1_reg": 1,
        "T": 1,
        "hidden_dim": 64,
        "num_coupling_blocks": 32,
        "num_layers_mlp": 2
    },
    "feat_opt": {
        "lr": 5e-06,
        "n_iter": 500,
        "early_stop": 0
    },
    "prior_opt": {
        "n_iter": 2000,
        "lr": 5e-06,
        "noise_amp": 0.1,
        "weight_decay": 0.1,
        "early_stop": 0
    },
    "back_forth": {
        "n_back_forth": 7,
        "scheduler_step_size": 3,
        "scheduler_gamma": 0.5,
        "early_stop_fit": 0,
        "first_func_in_fit": "fit_feats"
    }
}


/home/daniel.z/ICML_PIECLAM_020425/experiments/../clamiter.py:577:::  
in fit,
first_func_in_fit='fit_feats'
second_function_name='fit_prior'


/home/daniel.z/ICML_PIECLAM_020425/experiments/../clamiter.py:637:::  
back and forth 1/7


/home/daniel.z/ICML_PIECLAM_020425/experiments/../clamiter.py:364:::  staring fit_feats for 500 iterations


/home/daniel.z/ICML_PIECLAM_020425/experiments/../clamiter.py:364:::  staring fit_prior for 2000 iterations


/home/daniel.z/ICML_PIECLAM_020425/experiments/../clamiter.py:637:::  
back and forth 2/7


/home/daniel.z/ICML_PIECLAM_020425/experiments/../clamiter.py:364:::  staring fit_feats for 500 iterations


/home/daniel.z/ICML_PIECLAM_020425/experiments/../clamiter.py:364:::  staring fit_prior for 2000 iterations


/home/daniel.z/ICML_PIECLAM_020425/experiments/../clamiter.py:637:::  
back and forth 3/7


/home/daniel.z/ICML_PIECLAM_020425/experiments/../clamiter.py:364:::  staring fit_feats for 500 iterations


/home/daniel.z/ICML_PIECLAM_020425/experiments/../clamiter.py:364:::  staring fit_prior for 2000 iterations


/home/daniel.z/ICML_PIECLAM_020425/experiments/../clamiter.py:637:::  
back and forth 4/7


/home/daniel.z/ICML_PIECLAM_020425/experiments/../clamiter.py:364:::  staring fit_feats for 500 iterations


/home/daniel.z/ICML_PIECLAM_020425/experiments/../clamiter.py:364:::  staring fit_prior for 2000 iterations


/home/daniel.z/ICML_PIECLAM_020425/experiments/../clamiter.py:637:::  
back and forth 5/7


/home/daniel.z/ICML_PIECLAM_020425/experiments/../clamiter.py:364:::  staring fit_feats for 500 iterations


/home/daniel.z/ICML_PIECLAM_020425/experiments/../clamiter.py:364:::  staring fit_prior for 2000 iterations


/home/daniel.z/ICML_PIECLAM_020425/experiments/../clamiter.py:637:::  
back and forth 6/7


/home/daniel.z/ICML_PIECLAM_020425/experiments/../clamiter.py:364:::  staring fit_feats for 500 iterations


/home/daniel.z/ICML_PIECLAM_020425/experiments/../clamiter.py:364:::  staring fit_prior for 2000 iterations


/home/daniel.z/ICML_PIECLAM_020425/experiments/../clamiter.py:637:::  
back and forth 7/7


/home/daniel.z/ICML_PIECLAM_020425/experiments/../clamiter.py:364:::  staring fit_feats for 500 iterations


/home/daniel.z/ICML_PIECLAM_020425/experiments/../clamiter.py:364:::  staring fit_prior for 2000 iterations


/home/daniel.z/ICML_PIECLAM_020425/experiments/../clamiter.py:704:::  
fit end, no early stopping


/home/daniel.z/ICML_PIECLAM_020425/experiments/../trainer.py:419:::  
train_model_on_params on pieclam squirrel 
took 2105.3999259471893 seconds


/home/daniel.z/ICML_PIECLAM_020425/experiments/../trainer.py:437:::  


FINISHED train 
 last accuracies:
test
key='auc': 0.9843757759054097
val
key='auc': 0.9844002107651441




/home/daniel.z/ICML_PIECLAM_020425/experiments/optimization_utils.py:648:::  Repetition no. 0


/home/daniel.z/ICML_PIECLAM_020425/experiments/../trainer.py:161:::  
Using dataset specific configuration and not global 




/home/daniel.z/ICML_PIECLAM_020425/experiments/../trainer.py:335:::  
 2025-05-26 07:14:06 starting optimization of pieclam on squirrel on device cuda

 configs_dict: 
{
    "clamiter_init": {
        "dim_feat": 50,
        "dim_attr": 100,
        "s_reg": 0.0,
        "l1_reg": 1,
        "T": 1,
        "hidden_dim": 64,
        "num_coupling_blocks": 32,
        "num_layers_mlp": 2
    },
    "feat_opt": {
        "lr": 5e-07,
        "n_iter": 3000,
        "early_stop": 0
    },
    "prior_opt": {
        "n_iter": 2000,
        "lr": 5e-06,
        "noise_amp": 0.1,
        "weight_decay": 0.1,
        "early_stop": 0
    },
    "back_forth": {
        "n_back_forth": 7,
        "scheduler_step_size": 3,
        "scheduler_gamma": 0.5,
        "early_stop_fit": 0,
        "first_func_in_fit": "fit_feats"
    }
}


/home/daniel.z/ICML_PIECLAM_020425/experiments/../clamiter.py:577:::  
in fit,
first_func_in_fit='fit_feats'
second_function_name='fit_prior'


/home/daniel.z/ICML_PIECLAM_020425/experiments/../clamiter.py:637:::  
back and forth 1/7


/home/daniel.z/ICML_PIECLAM_020425/experiments/../clamiter.py:364:::  staring fit_feats for 3000 iterations


/home/daniel.z/ICML_PIECLAM_020425/experiments/../clamiter.py:364:::  staring fit_prior for 2000 iterations


/home/daniel.z/ICML_PIECLAM_020425/experiments/../clamiter.py:637:::  
back and forth 2/7


/home/daniel.z/ICML_PIECLAM_020425/experiments/../clamiter.py:364:::  staring fit_feats for 3000 iterations


/home/daniel.z/ICML_PIECLAM_020425/experiments/../clamiter.py:364:::  staring fit_prior for 2000 iterations


/home/daniel.z/ICML_PIECLAM_020425/experiments/../clamiter.py:637:::  
back and forth 3/7


/home/daniel.z/ICML_PIECLAM_020425/experiments/../clamiter.py:364:::  staring fit_feats for 3000 iterations


/home/daniel.z/ICML_PIECLAM_020425/experiments/../clamiter.py:364:::  staring fit_prior for 2000 iterations


/home/daniel.z/ICML_PIECLAM_020425/experiments/../clamiter.py:637:::  
back and forth 4/7


/home/daniel.z/ICML_PIECLAM_020425/experiments/../clamiter.py:364:::  staring fit_feats for 3000 iterations


/home/daniel.z/ICML_PIECLAM_020425/experiments/../clamiter.py:364:::  staring fit_prior for 2000 iterations


/home/daniel.z/ICML_PIECLAM_020425/experiments/../clamiter.py:637:::  
back and forth 5/7


/home/daniel.z/ICML_PIECLAM_020425/experiments/../clamiter.py:364:::  staring fit_feats for 3000 iterations


/home/daniel.z/ICML_PIECLAM_020425/experiments/../clamiter.py:364:::  staring fit_prior for 2000 iterations


/home/daniel.z/ICML_PIECLAM_020425/experiments/../clamiter.py:637:::  
back and forth 6/7


/home/daniel.z/ICML_PIECLAM_020425/experiments/../clamiter.py:364:::  staring fit_feats for 3000 iterations


/home/daniel.z/ICML_PIECLAM_020425/experiments/../clamiter.py:364:::  staring fit_prior for 2000 iterations


/home/daniel.z/ICML_PIECLAM_020425/experiments/../clamiter.py:637:::  
back and forth 7/7


/home/daniel.z/ICML_PIECLAM_020425/experiments/../clamiter.py:364:::  staring fit_feats for 3000 iterations


/home/daniel.z/ICML_PIECLAM_020425/experiments/../clamiter.py:364:::  staring fit_prior for 2000 iterations


/home/daniel.z/ICML_PIECLAM_020425/experiments/../clamiter.py:704:::  
fit end, no early stopping


/home/daniel.z/ICML_PIECLAM_020425/experiments/../trainer.py:419:::  
train_model_on_params on pieclam squirrel 
took 4553.529692411423 seconds


/home/daniel.z/ICML_PIECLAM_020425/experiments/../trainer.py:437:::  


FINISHED train 
 last accuracies:
test
key='auc': 0.9797974576416703
val
key='auc': 0.9798047232529943




/home/daniel.z/ICML_PIECLAM_020425/experiments/optimization_utils.py:648:::  Repetition no. 0


/home/daniel.z/ICML_PIECLAM_020425/experiments/../trainer.py:161:::  
Using dataset specific configuration and not global 




/home/daniel.z/ICML_PIECLAM_020425/experiments/../trainer.py:335:::  
 2025-05-26 08:30:00 starting optimization of pieclam on squirrel on device cuda

 configs_dict: 
{
    "clamiter_init": {
        "dim_feat": 100,
        "dim_attr": 100,
        "s_reg": 0.1,
        "l1_reg": 1,
        "T": 1,
        "hidden_dim": 64,
        "num_coupling_blocks": 32,
        "num_layers_mlp": 2
    },
    "feat_opt": {
        "lr": 5e-07,
        "n_iter": 1000,
        "early_stop": 0
    },
    "prior_opt": {
        "n_iter": 2000,
        "lr": 5e-06,
        "noise_amp": 0.1,
        "weight_decay": 0.1,
        "early_stop": 0
    },
    "back_forth": {
        "n_back_forth": 7,
        "scheduler_step_size": 3,
        "scheduler_gamma": 0.5,
        "early_stop_fit": 0,
        "first_func_in_fit": "fit_feats"
    }
}


/home/daniel.z/ICML_PIECLAM_020425/experiments/../clamiter.py:577:::  
in fit,
first_func_in_fit='fit_feats'
second_function_name='fit_prior'


/home/daniel.z/ICML_PIECLAM_020425/experiments/../clamiter.py:637:::  
back and forth 1/7


/home/daniel.z/ICML_PIECLAM_020425/experiments/../clamiter.py:364:::  staring fit_feats for 1000 iterations


/home/daniel.z/ICML_PIECLAM_020425/experiments/../clamiter.py:364:::  staring fit_prior for 2000 iterations


/home/daniel.z/ICML_PIECLAM_020425/experiments/../clamiter.py:637:::  
back and forth 2/7


/home/daniel.z/ICML_PIECLAM_020425/experiments/../clamiter.py:364:::  staring fit_feats for 1000 iterations


/home/daniel.z/ICML_PIECLAM_020425/experiments/../clamiter.py:364:::  staring fit_prior for 2000 iterations


/home/daniel.z/ICML_PIECLAM_020425/experiments/../clamiter.py:637:::  
back and forth 3/7


/home/daniel.z/ICML_PIECLAM_020425/experiments/../clamiter.py:364:::  staring fit_feats for 1000 iterations


/home/daniel.z/ICML_PIECLAM_020425/experiments/../clamiter.py:364:::  staring fit_prior for 2000 iterations


/home/daniel.z/ICML_PIECLAM_020425/experiments/../clamiter.py:637:::  
back and forth 4/7


/home/daniel.z/ICML_PIECLAM_020425/experiments/../clamiter.py:364:::  staring fit_feats for 1000 iterations


/home/daniel.z/ICML_PIECLAM_020425/experiments/../clamiter.py:364:::  staring fit_prior for 2000 iterations


/home/daniel.z/ICML_PIECLAM_020425/experiments/../clamiter.py:637:::  
back and forth 5/7


/home/daniel.z/ICML_PIECLAM_020425/experiments/../clamiter.py:364:::  staring fit_feats for 1000 iterations


/home/daniel.z/ICML_PIECLAM_020425/experiments/../clamiter.py:364:::  staring fit_prior for 2000 iterations


/home/daniel.z/ICML_PIECLAM_020425/experiments/../clamiter.py:637:::  
back and forth 6/7


/home/daniel.z/ICML_PIECLAM_020425/experiments/../clamiter.py:364:::  staring fit_feats for 1000 iterations


/home/daniel.z/ICML_PIECLAM_020425/experiments/../clamiter.py:364:::  staring fit_prior for 2000 iterations


/home/daniel.z/ICML_PIECLAM_020425/experiments/../clamiter.py:637:::  
back and forth 7/7


/home/daniel.z/ICML_PIECLAM_020425/experiments/../clamiter.py:364:::  staring fit_feats for 1000 iterations


/home/daniel.z/ICML_PIECLAM_020425/experiments/../clamiter.py:364:::  staring fit_prior for 2000 iterations


/home/daniel.z/ICML_PIECLAM_020425/experiments/../clamiter.py:704:::  
fit end, no early stopping


/home/daniel.z/ICML_PIECLAM_020425/experiments/../trainer.py:419:::  
train_model_on_params on pieclam squirrel 
took 2638.9747970104218 seconds


/home/daniel.z/ICML_PIECLAM_020425/experiments/../trainer.py:437:::  


FINISHED train 
 last accuracies:
test
key='auc': 0.9393469787092836
val
key='auc': 0.9391891622985977




/home/daniel.z/ICML_PIECLAM_020425/experiments/optimization_utils.py:648:::  Repetition no. 0


/home/daniel.z/ICML_PIECLAM_020425/experiments/../trainer.py:161:::  
Using dataset specific configuration and not global 




/home/daniel.z/ICML_PIECLAM_020425/experiments/../trainer.py:335:::  
 2025-05-26 09:14:00 starting optimization of pieclam on squirrel on device cuda

 configs_dict: 
{
    "clamiter_init": {
        "dim_feat": 200,
        "dim_attr": 100,
        "s_reg": 0.1,
        "l1_reg": 1,
        "T": 1,
        "hidden_dim": 64,
        "num_coupling_blocks": 32,
        "num_layers_mlp": 2
    },
    "feat_opt": {
        "lr": 5e-06,
        "n_iter": 1000,
        "early_stop": 0
    },
    "prior_opt": {
        "n_iter": 2000,
        "lr": 5e-06,
        "noise_amp": 0.1,
        "weight_decay": 0.1,
        "early_stop": 0
    },
    "back_forth": {
        "n_back_forth": 7,
        "scheduler_step_size": 3,
        "scheduler_gamma": 0.5,
        "early_stop_fit": 0,
        "first_func_in_fit": "fit_feats"
    }
}


/home/daniel.z/ICML_PIECLAM_020425/experiments/../clamiter.py:577:::  
in fit,
first_func_in_fit='fit_feats'
second_function_name='fit_prior'


/home/daniel.z/ICML_PIECLAM_020425/experiments/../clamiter.py:637:::  
back and forth 1/7


/home/daniel.z/ICML_PIECLAM_020425/experiments/../clamiter.py:364:::  staring fit_feats for 1000 iterations


/home/daniel.z/ICML_PIECLAM_020425/experiments/../clamiter.py:364:::  staring fit_prior for 2000 iterations


/home/daniel.z/ICML_PIECLAM_020425/experiments/../clamiter.py:637:::  
back and forth 2/7


/home/daniel.z/ICML_PIECLAM_020425/experiments/../clamiter.py:364:::  staring fit_feats for 1000 iterations


/home/daniel.z/ICML_PIECLAM_020425/experiments/../clamiter.py:364:::  staring fit_prior for 2000 iterations


/home/daniel.z/ICML_PIECLAM_020425/experiments/../clamiter.py:637:::  
back and forth 3/7


/home/daniel.z/ICML_PIECLAM_020425/experiments/../clamiter.py:364:::  staring fit_feats for 1000 iterations


/home/daniel.z/ICML_PIECLAM_020425/experiments/../clamiter.py:364:::  staring fit_prior for 2000 iterations


/home/daniel.z/ICML_PIECLAM_020425/experiments/../clamiter.py:637:::  
back and forth 4/7


/home/daniel.z/ICML_PIECLAM_020425/experiments/../clamiter.py:364:::  staring fit_feats for 1000 iterations


/home/daniel.z/ICML_PIECLAM_020425/experiments/../clamiter.py:364:::  staring fit_prior for 2000 iterations


/home/daniel.z/ICML_PIECLAM_020425/experiments/../clamiter.py:637:::  
back and forth 5/7


/home/daniel.z/ICML_PIECLAM_020425/experiments/../clamiter.py:364:::  staring fit_feats for 1000 iterations


/home/daniel.z/ICML_PIECLAM_020425/experiments/../clamiter.py:364:::  staring fit_prior for 2000 iterations


/home/daniel.z/ICML_PIECLAM_020425/experiments/../clamiter.py:637:::  
back and forth 6/7


/home/daniel.z/ICML_PIECLAM_020425/experiments/../clamiter.py:364:::  staring fit_feats for 1000 iterations


/home/daniel.z/ICML_PIECLAM_020425/experiments/../clamiter.py:364:::  staring fit_prior for 2000 iterations


/home/daniel.z/ICML_PIECLAM_020425/experiments/../clamiter.py:637:::  
back and forth 7/7


/home/daniel.z/ICML_PIECLAM_020425/experiments/../clamiter.py:364:::  staring fit_feats for 1000 iterations


/home/daniel.z/ICML_PIECLAM_020425/experiments/../clamiter.py:364:::  staring fit_prior for 2000 iterations


/home/daniel.z/ICML_PIECLAM_020425/experiments/../clamiter.py:704:::  
fit end, no early stopping


/home/daniel.z/ICML_PIECLAM_020425/experiments/../trainer.py:419:::  
train_model_on_params on pieclam squirrel 
took 2871.799495458603 seconds


/home/daniel.z/ICML_PIECLAM_020425/experiments/../trainer.py:437:::  


FINISHED train 
 last accuracies:
test
key='auc': 0.9870535908230291
val
key='auc': 0.9872949979861364




/home/daniel.z/ICML_PIECLAM_020425/experiments/optimization_utils.py:648:::  Repetition no. 0


/home/daniel.z/ICML_PIECLAM_020425/experiments/../trainer.py:161:::  
Using dataset specific configuration and not global 




/home/daniel.z/ICML_PIECLAM_020425/experiments/../trainer.py:335:::  
 2025-05-26 10:01:53 starting optimization of pieclam on squirrel on device cuda

 configs_dict: 
{
    "clamiter_init": {
        "dim_feat": 50,
        "dim_attr": 100,
        "s_reg": 0.1,
        "l1_reg": 1,
        "T": 1,
        "hidden_dim": 64,
        "num_coupling_blocks": 32,
        "num_layers_mlp": 2
    },
    "feat_opt": {
        "lr": 5e-07,
        "n_iter": 500,
        "early_stop": 0
    },
    "prior_opt": {
        "n_iter": 2000,
        "lr": 5e-06,
        "noise_amp": 0.1,
        "weight_decay": 0.1,
        "early_stop": 0
    },
    "back_forth": {
        "n_back_forth": 7,
        "scheduler_step_size": 3,
        "scheduler_gamma": 0.5,
        "early_stop_fit": 0,
        "first_func_in_fit": "fit_feats"
    }
}


/home/daniel.z/ICML_PIECLAM_020425/experiments/../clamiter.py:577:::  
in fit,
first_func_in_fit='fit_feats'
second_function_name='fit_prior'


/home/daniel.z/ICML_PIECLAM_020425/experiments/../clamiter.py:637:::  
back and forth 1/7


/home/daniel.z/ICML_PIECLAM_020425/experiments/../clamiter.py:364:::  staring fit_feats for 500 iterations


/home/daniel.z/ICML_PIECLAM_020425/experiments/../clamiter.py:364:::  staring fit_prior for 2000 iterations


/home/daniel.z/ICML_PIECLAM_020425/experiments/../clamiter.py:637:::  
back and forth 2/7


/home/daniel.z/ICML_PIECLAM_020425/experiments/../clamiter.py:364:::  staring fit_feats for 500 iterations


/home/daniel.z/ICML_PIECLAM_020425/experiments/../clamiter.py:364:::  staring fit_prior for 2000 iterations


/home/daniel.z/ICML_PIECLAM_020425/experiments/../clamiter.py:637:::  
back and forth 3/7


/home/daniel.z/ICML_PIECLAM_020425/experiments/../clamiter.py:364:::  staring fit_feats for 500 iterations


/home/daniel.z/ICML_PIECLAM_020425/experiments/../clamiter.py:364:::  staring fit_prior for 2000 iterations


/home/daniel.z/ICML_PIECLAM_020425/experiments/../clamiter.py:637:::  
back and forth 4/7


/home/daniel.z/ICML_PIECLAM_020425/experiments/../clamiter.py:364:::  staring fit_feats for 500 iterations


/home/daniel.z/ICML_PIECLAM_020425/experiments/../clamiter.py:364:::  staring fit_prior for 2000 iterations


/home/daniel.z/ICML_PIECLAM_020425/experiments/../clamiter.py:637:::  
back and forth 5/7


/home/daniel.z/ICML_PIECLAM_020425/experiments/../clamiter.py:364:::  staring fit_feats for 500 iterations


/home/daniel.z/ICML_PIECLAM_020425/experiments/../clamiter.py:364:::  staring fit_prior for 2000 iterations


/home/daniel.z/ICML_PIECLAM_020425/experiments/../clamiter.py:637:::  
back and forth 6/7


/home/daniel.z/ICML_PIECLAM_020425/experiments/../clamiter.py:364:::  staring fit_feats for 500 iterations


/home/daniel.z/ICML_PIECLAM_020425/experiments/../clamiter.py:364:::  staring fit_prior for 2000 iterations


/home/daniel.z/ICML_PIECLAM_020425/experiments/../clamiter.py:637:::  
back and forth 7/7


/home/daniel.z/ICML_PIECLAM_020425/experiments/../clamiter.py:364:::  staring fit_feats for 500 iterations


/home/daniel.z/ICML_PIECLAM_020425/experiments/../clamiter.py:364:::  staring fit_prior for 2000 iterations


/home/daniel.z/ICML_PIECLAM_020425/experiments/../clamiter.py:704:::  
fit end, no early stopping


/home/daniel.z/ICML_PIECLAM_020425/experiments/../trainer.py:419:::  
train_model_on_params on pieclam squirrel 
took 2045.4127535820007 seconds


/home/daniel.z/ICML_PIECLAM_020425/experiments/../trainer.py:437:::  


FINISHED train 
 last accuracies:
test
key='auc': 0.9099773893461736
val
key='auc': 0.9099891328543626




/home/daniel.z/ICML_PIECLAM_020425/experiments/optimization_utils.py:648:::  Repetition no. 0


/home/daniel.z/ICML_PIECLAM_020425/experiments/../trainer.py:161:::  
Using dataset specific configuration and not global 




/home/daniel.z/ICML_PIECLAM_020425/experiments/../trainer.py:335:::  
 2025-05-26 10:35:59 starting optimization of pieclam on squirrel on device cuda

 configs_dict: 
{
    "clamiter_init": {
        "dim_feat": 200,
        "dim_attr": 100,
        "s_reg": 0.1,
        "l1_reg": 1,
        "T": 1,
        "hidden_dim": 64,
        "num_coupling_blocks": 32,
        "num_layers_mlp": 2
    },
    "feat_opt": {
        "lr": 5e-06,
        "n_iter": 500,
        "early_stop": 0
    },
    "prior_opt": {
        "n_iter": 2000,
        "lr": 5e-06,
        "noise_amp": 0.1,
        "weight_decay": 0.1,
        "early_stop": 0
    },
    "back_forth": {
        "n_back_forth": 7,
        "scheduler_step_size": 3,
        "scheduler_gamma": 0.5,
        "early_stop_fit": 0,
        "first_func_in_fit": "fit_feats"
    }
}


/home/daniel.z/ICML_PIECLAM_020425/experiments/../clamiter.py:577:::  
in fit,
first_func_in_fit='fit_feats'
second_function_name='fit_prior'


/home/daniel.z/ICML_PIECLAM_020425/experiments/../clamiter.py:637:::  
back and forth 1/7


/home/daniel.z/ICML_PIECLAM_020425/experiments/../clamiter.py:364:::  staring fit_feats for 500 iterations


/home/daniel.z/ICML_PIECLAM_020425/experiments/../clamiter.py:364:::  staring fit_prior for 2000 iterations


/home/daniel.z/ICML_PIECLAM_020425/experiments/../clamiter.py:637:::  
back and forth 2/7


/home/daniel.z/ICML_PIECLAM_020425/experiments/../clamiter.py:364:::  staring fit_feats for 500 iterations


/home/daniel.z/ICML_PIECLAM_020425/experiments/../clamiter.py:364:::  staring fit_prior for 2000 iterations


/home/daniel.z/ICML_PIECLAM_020425/experiments/../clamiter.py:637:::  
back and forth 3/7


/home/daniel.z/ICML_PIECLAM_020425/experiments/../clamiter.py:364:::  staring fit_feats for 500 iterations


/home/daniel.z/ICML_PIECLAM_020425/experiments/../clamiter.py:364:::  staring fit_prior for 2000 iterations


/home/daniel.z/ICML_PIECLAM_020425/experiments/../clamiter.py:637:::  
back and forth 4/7


/home/daniel.z/ICML_PIECLAM_020425/experiments/../clamiter.py:364:::  staring fit_feats for 500 iterations


/home/daniel.z/ICML_PIECLAM_020425/experiments/../clamiter.py:364:::  staring fit_prior for 2000 iterations


/home/daniel.z/ICML_PIECLAM_020425/experiments/../clamiter.py:637:::  
back and forth 5/7


/home/daniel.z/ICML_PIECLAM_020425/experiments/../clamiter.py:364:::  staring fit_feats for 500 iterations


/home/daniel.z/ICML_PIECLAM_020425/experiments/../clamiter.py:364:::  staring fit_prior for 2000 iterations


/home/daniel.z/ICML_PIECLAM_020425/experiments/../clamiter.py:637:::  
back and forth 6/7


/home/daniel.z/ICML_PIECLAM_020425/experiments/../clamiter.py:364:::  staring fit_feats for 500 iterations


/home/daniel.z/ICML_PIECLAM_020425/experiments/../clamiter.py:364:::  staring fit_prior for 2000 iterations


/home/daniel.z/ICML_PIECLAM_020425/experiments/../clamiter.py:637:::  
back and forth 7/7


/home/daniel.z/ICML_PIECLAM_020425/experiments/../clamiter.py:364:::  staring fit_feats for 500 iterations


/home/daniel.z/ICML_PIECLAM_020425/experiments/../clamiter.py:364:::  staring fit_prior for 2000 iterations


/home/daniel.z/ICML_PIECLAM_020425/experiments/../clamiter.py:704:::  
fit end, no early stopping


/home/daniel.z/ICML_PIECLAM_020425/experiments/../trainer.py:419:::  
train_model_on_params on pieclam squirrel 
took 2235.3630228042603 seconds


/home/daniel.z/ICML_PIECLAM_020425/experiments/../trainer.py:437:::  


FINISHED train 
 last accuracies:
test
key='auc': 0.9841020738423176
val
key='auc': 0.9850563373657693




/home/daniel.z/ICML_PIECLAM_020425/experiments/optimization_utils.py:648:::  Repetition no. 0


/home/daniel.z/ICML_PIECLAM_020425/experiments/../trainer.py:161:::  
Using dataset specific configuration and not global 




/home/daniel.z/ICML_PIECLAM_020425/experiments/../trainer.py:335:::  
 2025-05-26 11:13:15 starting optimization of pieclam on squirrel on device cuda

 configs_dict: 
{
    "clamiter_init": {
        "dim_feat": 100,
        "dim_attr": 100,
        "s_reg": 0.1,
        "l1_reg": 1,
        "T": 1,
        "hidden_dim": 64,
        "num_coupling_blocks": 32,
        "num_layers_mlp": 2
    },
    "feat_opt": {
        "lr": 5e-07,
        "n_iter": 500,
        "early_stop": 0
    },
    "prior_opt": {
        "n_iter": 2000,
        "lr": 5e-06,
        "noise_amp": 0.1,
        "weight_decay": 0.1,
        "early_stop": 0
    },
    "back_forth": {
        "n_back_forth": 7,
        "scheduler_step_size": 3,
        "scheduler_gamma": 0.5,
        "early_stop_fit": 0,
        "first_func_in_fit": "fit_feats"
    }
}


/home/daniel.z/ICML_PIECLAM_020425/experiments/../clamiter.py:577:::  
in fit,
first_func_in_fit='fit_feats'
second_function_name='fit_prior'


/home/daniel.z/ICML_PIECLAM_020425/experiments/../clamiter.py:637:::  
back and forth 1/7


/home/daniel.z/ICML_PIECLAM_020425/experiments/../clamiter.py:364:::  staring fit_feats for 500 iterations


/home/daniel.z/ICML_PIECLAM_020425/experiments/../clamiter.py:364:::  staring fit_prior for 2000 iterations


/home/daniel.z/ICML_PIECLAM_020425/experiments/../clamiter.py:637:::  
back and forth 2/7


/home/daniel.z/ICML_PIECLAM_020425/experiments/../clamiter.py:364:::  staring fit_feats for 500 iterations


/home/daniel.z/ICML_PIECLAM_020425/experiments/../clamiter.py:364:::  staring fit_prior for 2000 iterations


/home/daniel.z/ICML_PIECLAM_020425/experiments/../clamiter.py:637:::  
back and forth 3/7


/home/daniel.z/ICML_PIECLAM_020425/experiments/../clamiter.py:364:::  staring fit_feats for 500 iterations


/home/daniel.z/ICML_PIECLAM_020425/experiments/../clamiter.py:364:::  staring fit_prior for 2000 iterations


/home/daniel.z/ICML_PIECLAM_020425/experiments/../clamiter.py:637:::  
back and forth 4/7


/home/daniel.z/ICML_PIECLAM_020425/experiments/../clamiter.py:364:::  staring fit_feats for 500 iterations


/home/daniel.z/ICML_PIECLAM_020425/experiments/../clamiter.py:364:::  staring fit_prior for 2000 iterations


/home/daniel.z/ICML_PIECLAM_020425/experiments/../clamiter.py:637:::  
back and forth 5/7


/home/daniel.z/ICML_PIECLAM_020425/experiments/../clamiter.py:364:::  staring fit_feats for 500 iterations


/home/daniel.z/ICML_PIECLAM_020425/experiments/../clamiter.py:364:::  staring fit_prior for 2000 iterations


/home/daniel.z/ICML_PIECLAM_020425/experiments/../clamiter.py:637:::  
back and forth 6/7


/home/daniel.z/ICML_PIECLAM_020425/experiments/../clamiter.py:364:::  staring fit_feats for 500 iterations


/home/daniel.z/ICML_PIECLAM_020425/experiments/../clamiter.py:364:::  staring fit_prior for 2000 iterations


/home/daniel.z/ICML_PIECLAM_020425/experiments/../clamiter.py:637:::  
back and forth 7/7


/home/daniel.z/ICML_PIECLAM_020425/experiments/../clamiter.py:364:::  staring fit_feats for 500 iterations


/home/daniel.z/ICML_PIECLAM_020425/experiments/../clamiter.py:364:::  staring fit_prior for 2000 iterations


/home/daniel.z/ICML_PIECLAM_020425/experiments/../clamiter.py:704:::  
fit end, no early stopping


/home/daniel.z/ICML_PIECLAM_020425/experiments/../trainer.py:419:::  
train_model_on_params on pieclam squirrel 
took 2079.2024536132812 seconds


/home/daniel.z/ICML_PIECLAM_020425/experiments/../trainer.py:437:::  


FINISHED train 
 last accuracies:
test
key='auc': 0.9015937149987228
val
key='auc': 0.9025484710728153




/home/daniel.z/ICML_PIECLAM_020425/experiments/optimization_utils.py:648:::  Repetition no. 0


/home/daniel.z/ICML_PIECLAM_020425/experiments/../trainer.py:161:::  
Using dataset specific configuration and not global 




/home/daniel.z/ICML_PIECLAM_020425/experiments/../trainer.py:335:::  
 2025-05-26 11:47:55 starting optimization of pieclam on squirrel on device cuda

 configs_dict: 
{
    "clamiter_init": {
        "dim_feat": 50,
        "dim_attr": 100,
        "s_reg": 0.1,
        "l1_reg": 1,
        "T": 1,
        "hidden_dim": 64,
        "num_coupling_blocks": 32,
        "num_layers_mlp": 2
    },
    "feat_opt": {
        "lr": 5e-06,
        "n_iter": 3000,
        "early_stop": 0
    },
    "prior_opt": {
        "n_iter": 2000,
        "lr": 5e-06,
        "noise_amp": 0.1,
        "weight_decay": 0.1,
        "early_stop": 0
    },
    "back_forth": {
        "n_back_forth": 7,
        "scheduler_step_size": 3,
        "scheduler_gamma": 0.5,
        "early_stop_fit": 0,
        "first_func_in_fit": "fit_feats"
    }
}


/home/daniel.z/ICML_PIECLAM_020425/experiments/../clamiter.py:577:::  
in fit,
first_func_in_fit='fit_feats'
second_function_name='fit_prior'


/home/daniel.z/ICML_PIECLAM_020425/experiments/../clamiter.py:637:::  
back and forth 1/7


/home/daniel.z/ICML_PIECLAM_020425/experiments/../clamiter.py:364:::  staring fit_feats for 3000 iterations


/home/daniel.z/ICML_PIECLAM_020425/experiments/../clamiter.py:364:::  staring fit_prior for 2000 iterations


/home/daniel.z/ICML_PIECLAM_020425/experiments/../clamiter.py:637:::  
back and forth 2/7


/home/daniel.z/ICML_PIECLAM_020425/experiments/../clamiter.py:364:::  staring fit_feats for 3000 iterations


/home/daniel.z/ICML_PIECLAM_020425/experiments/../clamiter.py:364:::  staring fit_prior for 2000 iterations


/home/daniel.z/ICML_PIECLAM_020425/experiments/../clamiter.py:637:::  
back and forth 3/7


/home/daniel.z/ICML_PIECLAM_020425/experiments/../clamiter.py:364:::  staring fit_feats for 3000 iterations


/home/daniel.z/ICML_PIECLAM_020425/experiments/../clamiter.py:364:::  staring fit_prior for 2000 iterations


/home/daniel.z/ICML_PIECLAM_020425/experiments/../clamiter.py:637:::  
back and forth 4/7


/home/daniel.z/ICML_PIECLAM_020425/experiments/../clamiter.py:364:::  staring fit_feats for 3000 iterations


/home/daniel.z/ICML_PIECLAM_020425/experiments/../clamiter.py:364:::  staring fit_prior for 2000 iterations


/home/daniel.z/ICML_PIECLAM_020425/experiments/../clamiter.py:637:::  
back and forth 5/7


/home/daniel.z/ICML_PIECLAM_020425/experiments/../clamiter.py:364:::  staring fit_feats for 3000 iterations


/home/daniel.z/ICML_PIECLAM_020425/experiments/../clamiter.py:364:::  staring fit_prior for 2000 iterations


/home/daniel.z/ICML_PIECLAM_020425/experiments/../clamiter.py:637:::  
back and forth 6/7


/home/daniel.z/ICML_PIECLAM_020425/experiments/../clamiter.py:364:::  staring fit_feats for 3000 iterations


/home/daniel.z/ICML_PIECLAM_020425/experiments/../clamiter.py:364:::  staring fit_prior for 2000 iterations


/home/daniel.z/ICML_PIECLAM_020425/experiments/../clamiter.py:637:::  
back and forth 7/7


/home/daniel.z/ICML_PIECLAM_020425/experiments/../clamiter.py:364:::  staring fit_feats for 3000 iterations


/home/daniel.z/ICML_PIECLAM_020425/experiments/../clamiter.py:364:::  staring fit_prior for 2000 iterations


/home/daniel.z/ICML_PIECLAM_020425/experiments/../clamiter.py:704:::  
fit end, no early stopping


/home/daniel.z/ICML_PIECLAM_020425/experiments/../trainer.py:419:::  
train_model_on_params on pieclam squirrel 
took 4729.383232593536 seconds


/home/daniel.z/ICML_PIECLAM_020425/experiments/../trainer.py:437:::  


FINISHED train 
 last accuracies:
test
key='auc': 0.9863059555681846
val
key='auc': 0.9871018043105568




/home/daniel.z/ICML_PIECLAM_020425/experiments/optimization_utils.py:648:::  Repetition no. 0


/home/daniel.z/ICML_PIECLAM_020425/experiments/../trainer.py:161:::  
Using dataset specific configuration and not global 




/home/daniel.z/ICML_PIECLAM_020425/experiments/../trainer.py:335:::  
 2025-05-26 13:06:46 starting optimization of pieclam on squirrel on device cuda

 configs_dict: 
{
    "clamiter_init": {
        "dim_feat": 100,
        "dim_attr": 100,
        "s_reg": 0.1,
        "l1_reg": 1,
        "T": 1,
        "hidden_dim": 64,
        "num_coupling_blocks": 32,
        "num_layers_mlp": 2
    },
    "feat_opt": {
        "lr": 5e-06,
        "n_iter": 1000,
        "early_stop": 0
    },
    "prior_opt": {
        "n_iter": 2000,
        "lr": 5e-06,
        "noise_amp": 0.1,
        "weight_decay": 0.1,
        "early_stop": 0
    },
    "back_forth": {
        "n_back_forth": 7,
        "scheduler_step_size": 3,
        "scheduler_gamma": 0.5,
        "early_stop_fit": 0,
        "first_func_in_fit": "fit_feats"
    }
}


/home/daniel.z/ICML_PIECLAM_020425/experiments/../clamiter.py:577:::  
in fit,
first_func_in_fit='fit_feats'
second_function_name='fit_prior'


/home/daniel.z/ICML_PIECLAM_020425/experiments/../clamiter.py:637:::  
back and forth 1/7


/home/daniel.z/ICML_PIECLAM_020425/experiments/../clamiter.py:364:::  staring fit_feats for 1000 iterations


/home/daniel.z/ICML_PIECLAM_020425/experiments/../clamiter.py:364:::  staring fit_prior for 2000 iterations


/home/daniel.z/ICML_PIECLAM_020425/experiments/../clamiter.py:637:::  
back and forth 2/7


/home/daniel.z/ICML_PIECLAM_020425/experiments/../clamiter.py:364:::  staring fit_feats for 1000 iterations


/home/daniel.z/ICML_PIECLAM_020425/experiments/../clamiter.py:364:::  staring fit_prior for 2000 iterations


/home/daniel.z/ICML_PIECLAM_020425/experiments/../clamiter.py:637:::  
back and forth 3/7


/home/daniel.z/ICML_PIECLAM_020425/experiments/../clamiter.py:364:::  staring fit_feats for 1000 iterations


/home/daniel.z/ICML_PIECLAM_020425/experiments/../clamiter.py:364:::  staring fit_prior for 2000 iterations


/home/daniel.z/ICML_PIECLAM_020425/experiments/../clamiter.py:637:::  
back and forth 4/7


/home/daniel.z/ICML_PIECLAM_020425/experiments/../clamiter.py:364:::  staring fit_feats for 1000 iterations


/home/daniel.z/ICML_PIECLAM_020425/experiments/../clamiter.py:364:::  staring fit_prior for 2000 iterations


/home/daniel.z/ICML_PIECLAM_020425/experiments/../clamiter.py:637:::  
back and forth 5/7


/home/daniel.z/ICML_PIECLAM_020425/experiments/../clamiter.py:364:::  staring fit_feats for 1000 iterations


/home/daniel.z/ICML_PIECLAM_020425/experiments/../clamiter.py:364:::  staring fit_prior for 2000 iterations


/home/daniel.z/ICML_PIECLAM_020425/experiments/../clamiter.py:637:::  
back and forth 6/7


/home/daniel.z/ICML_PIECLAM_020425/experiments/../clamiter.py:364:::  staring fit_feats for 1000 iterations


/home/daniel.z/ICML_PIECLAM_020425/experiments/../clamiter.py:364:::  staring fit_prior for 2000 iterations


/home/daniel.z/ICML_PIECLAM_020425/experiments/../clamiter.py:637:::  
back and forth 7/7


/home/daniel.z/ICML_PIECLAM_020425/experiments/../clamiter.py:364:::  staring fit_feats for 1000 iterations


/home/daniel.z/ICML_PIECLAM_020425/experiments/../clamiter.py:364:::  staring fit_prior for 2000 iterations


/home/daniel.z/ICML_PIECLAM_020425/experiments/../clamiter.py:704:::  
fit end, no early stopping


/home/daniel.z/ICML_PIECLAM_020425/experiments/../trainer.py:419:::  
train_model_on_params on pieclam squirrel 
took 2663.3117249011993 seconds


/home/daniel.z/ICML_PIECLAM_020425/experiments/../trainer.py:437:::  


FINISHED train 
 last accuracies:
test
key='auc': 0.9873848763788406
val
key='auc': 0.9884483855053766




/home/daniel.z/ICML_PIECLAM_020425/experiments/optimization_utils.py:648:::  Repetition no. 0


/home/daniel.z/ICML_PIECLAM_020425/experiments/../trainer.py:161:::  
Using dataset specific configuration and not global 




/home/daniel.z/ICML_PIECLAM_020425/experiments/../trainer.py:335:::  
 2025-05-26 13:51:10 starting optimization of pieclam on squirrel on device cuda

 configs_dict: 
{
    "clamiter_init": {
        "dim_feat": 200,
        "dim_attr": 100,
        "s_reg": 0.1,
        "l1_reg": 1,
        "T": 1,
        "hidden_dim": 64,
        "num_coupling_blocks": 32,
        "num_layers_mlp": 2
    },
    "feat_opt": {
        "lr": 5e-07,
        "n_iter": 500,
        "early_stop": 0
    },
    "prior_opt": {
        "n_iter": 2000,
        "lr": 5e-06,
        "noise_amp": 0.1,
        "weight_decay": 0.1,
        "early_stop": 0
    },
    "back_forth": {
        "n_back_forth": 7,
        "scheduler_step_size": 3,
        "scheduler_gamma": 0.5,
        "early_stop_fit": 0,
        "first_func_in_fit": "fit_feats"
    }
}


/home/daniel.z/ICML_PIECLAM_020425/experiments/../clamiter.py:577:::  
in fit,
first_func_in_fit='fit_feats'
second_function_name='fit_prior'


/home/daniel.z/ICML_PIECLAM_020425/experiments/../clamiter.py:637:::  
back and forth 1/7


/home/daniel.z/ICML_PIECLAM_020425/experiments/../clamiter.py:364:::  staring fit_feats for 500 iterations


/home/daniel.z/ICML_PIECLAM_020425/experiments/../clamiter.py:364:::  staring fit_prior for 2000 iterations


/home/daniel.z/ICML_PIECLAM_020425/experiments/../clamiter.py:637:::  
back and forth 2/7


/home/daniel.z/ICML_PIECLAM_020425/experiments/../clamiter.py:364:::  staring fit_feats for 500 iterations


/home/daniel.z/ICML_PIECLAM_020425/experiments/../clamiter.py:364:::  staring fit_prior for 2000 iterations


/home/daniel.z/ICML_PIECLAM_020425/experiments/../clamiter.py:637:::  
back and forth 3/7


/home/daniel.z/ICML_PIECLAM_020425/experiments/../clamiter.py:364:::  staring fit_feats for 500 iterations


/home/daniel.z/ICML_PIECLAM_020425/experiments/../clamiter.py:364:::  staring fit_prior for 2000 iterations


/home/daniel.z/ICML_PIECLAM_020425/experiments/../clamiter.py:637:::  
back and forth 4/7


/home/daniel.z/ICML_PIECLAM_020425/experiments/../clamiter.py:364:::  staring fit_feats for 500 iterations


/home/daniel.z/ICML_PIECLAM_020425/experiments/../clamiter.py:364:::  staring fit_prior for 2000 iterations


/home/daniel.z/ICML_PIECLAM_020425/experiments/../clamiter.py:637:::  
back and forth 5/7


/home/daniel.z/ICML_PIECLAM_020425/experiments/../clamiter.py:364:::  staring fit_feats for 500 iterations


/home/daniel.z/ICML_PIECLAM_020425/experiments/../clamiter.py:364:::  staring fit_prior for 2000 iterations


/home/daniel.z/ICML_PIECLAM_020425/experiments/../clamiter.py:637:::  
back and forth 6/7


/home/daniel.z/ICML_PIECLAM_020425/experiments/../clamiter.py:364:::  staring fit_feats for 500 iterations


/home/daniel.z/ICML_PIECLAM_020425/experiments/../clamiter.py:364:::  staring fit_prior for 2000 iterations


/home/daniel.z/ICML_PIECLAM_020425/experiments/../clamiter.py:637:::  
back and forth 7/7


/home/daniel.z/ICML_PIECLAM_020425/experiments/../clamiter.py:364:::  staring fit_feats for 500 iterations


/home/daniel.z/ICML_PIECLAM_020425/experiments/../clamiter.py:364:::  staring fit_prior for 2000 iterations


/home/daniel.z/ICML_PIECLAM_020425/experiments/../clamiter.py:704:::  
fit end, no early stopping


/home/daniel.z/ICML_PIECLAM_020425/experiments/../trainer.py:419:::  
train_model_on_params on pieclam squirrel 
took 2188.1004316806793 seconds


/home/daniel.z/ICML_PIECLAM_020425/experiments/../trainer.py:437:::  


FINISHED train 
 last accuracies:
test
key='auc': 0.8956290422473132
val
key='auc': 0.8973088849109025




/home/daniel.z/ICML_PIECLAM_020425/experiments/optimization_utils.py:648:::  Repetition no. 0


/home/daniel.z/ICML_PIECLAM_020425/experiments/../trainer.py:161:::  
Using dataset specific configuration and not global 




/home/daniel.z/ICML_PIECLAM_020425/experiments/../trainer.py:335:::  
 2025-05-26 14:27:39 starting optimization of pieclam on squirrel on device cuda

 configs_dict: 
{
    "clamiter_init": {
        "dim_feat": 100,
        "dim_attr": 100,
        "s_reg": 0.0,
        "l1_reg": 1,
        "T": 1,
        "hidden_dim": 64,
        "num_coupling_blocks": 32,
        "num_layers_mlp": 2
    },
    "feat_opt": {
        "lr": 5e-06,
        "n_iter": 3000,
        "early_stop": 0
    },
    "prior_opt": {
        "n_iter": 2000,
        "lr": 5e-06,
        "noise_amp": 0.1,
        "weight_decay": 0.1,
        "early_stop": 0
    },
    "back_forth": {
        "n_back_forth": 7,
        "scheduler_step_size": 3,
        "scheduler_gamma": 0.5,
        "early_stop_fit": 0,
        "first_func_in_fit": "fit_feats"
    }
}


/home/daniel.z/ICML_PIECLAM_020425/experiments/../clamiter.py:577:::  
in fit,
first_func_in_fit='fit_feats'
second_function_name='fit_prior'


/home/daniel.z/ICML_PIECLAM_020425/experiments/../clamiter.py:637:::  
back and forth 1/7


/home/daniel.z/ICML_PIECLAM_020425/experiments/../clamiter.py:364:::  staring fit_feats for 3000 iterations


/home/daniel.z/ICML_PIECLAM_020425/experiments/../clamiter.py:364:::  staring fit_prior for 2000 iterations


/home/daniel.z/ICML_PIECLAM_020425/experiments/../clamiter.py:637:::  
back and forth 2/7


/home/daniel.z/ICML_PIECLAM_020425/experiments/../clamiter.py:364:::  staring fit_feats for 3000 iterations


/home/daniel.z/ICML_PIECLAM_020425/experiments/../clamiter.py:364:::  staring fit_prior for 2000 iterations


/home/daniel.z/ICML_PIECLAM_020425/experiments/../clamiter.py:637:::  
back and forth 3/7


/home/daniel.z/ICML_PIECLAM_020425/experiments/../clamiter.py:364:::  staring fit_feats for 3000 iterations


/home/daniel.z/ICML_PIECLAM_020425/experiments/../clamiter.py:364:::  staring fit_prior for 2000 iterations


/home/daniel.z/ICML_PIECLAM_020425/experiments/../clamiter.py:637:::  
back and forth 4/7


/home/daniel.z/ICML_PIECLAM_020425/experiments/../clamiter.py:364:::  staring fit_feats for 3000 iterations


/home/daniel.z/ICML_PIECLAM_020425/experiments/../clamiter.py:364:::  staring fit_prior for 2000 iterations


/home/daniel.z/ICML_PIECLAM_020425/experiments/../clamiter.py:637:::  
back and forth 5/7


/home/daniel.z/ICML_PIECLAM_020425/experiments/../clamiter.py:364:::  staring fit_feats for 3000 iterations


/home/daniel.z/ICML_PIECLAM_020425/experiments/../clamiter.py:364:::  staring fit_prior for 2000 iterations


/home/daniel.z/ICML_PIECLAM_020425/experiments/../clamiter.py:637:::  
back and forth 6/7


/home/daniel.z/ICML_PIECLAM_020425/experiments/../clamiter.py:364:::  staring fit_feats for 3000 iterations


/home/daniel.z/ICML_PIECLAM_020425/experiments/../clamiter.py:364:::  staring fit_prior for 2000 iterations


/home/daniel.z/ICML_PIECLAM_020425/experiments/../clamiter.py:637:::  
back and forth 7/7


/home/daniel.z/ICML_PIECLAM_020425/experiments/../clamiter.py:364:::  staring fit_feats for 3000 iterations


/home/daniel.z/ICML_PIECLAM_020425/experiments/../clamiter.py:364:::  staring fit_prior for 2000 iterations


/home/daniel.z/ICML_PIECLAM_020425/experiments/../clamiter.py:704:::  
fit end, no early stopping


/home/daniel.z/ICML_PIECLAM_020425/experiments/../trainer.py:419:::  
train_model_on_params on pieclam squirrel 
took 4913.85621547699 seconds


/home/daniel.z/ICML_PIECLAM_020425/experiments/../trainer.py:437:::  


FINISHED train 
 last accuracies:
test
key='auc': 0.9878169467730017
val
key='auc': 0.9889109140390703




/home/daniel.z/ICML_PIECLAM_020425/experiments/optimization_utils.py:648:::  Repetition no. 0


/home/daniel.z/ICML_PIECLAM_020425/experiments/../trainer.py:161:::  
Using dataset specific configuration and not global 




/home/daniel.z/ICML_PIECLAM_020425/experiments/../trainer.py:335:::  
 2025-05-26 15:49:33 starting optimization of pieclam on squirrel on device cuda

 configs_dict: 
{
    "clamiter_init": {
        "dim_feat": 100,
        "dim_attr": 100,
        "s_reg": 0.0,
        "l1_reg": 1,
        "T": 1,
        "hidden_dim": 64,
        "num_coupling_blocks": 32,
        "num_layers_mlp": 2
    },
    "feat_opt": {
        "lr": 5e-07,
        "n_iter": 3000,
        "early_stop": 0
    },
    "prior_opt": {
        "n_iter": 2000,
        "lr": 5e-06,
        "noise_amp": 0.1,
        "weight_decay": 0.1,
        "early_stop": 0
    },
    "back_forth": {
        "n_back_forth": 7,
        "scheduler_step_size": 3,
        "scheduler_gamma": 0.5,
        "early_stop_fit": 0,
        "first_func_in_fit": "fit_feats"
    }
}


/home/daniel.z/ICML_PIECLAM_020425/experiments/../clamiter.py:577:::  
in fit,
first_func_in_fit='fit_feats'
second_function_name='fit_prior'


/home/daniel.z/ICML_PIECLAM_020425/experiments/../clamiter.py:637:::  
back and forth 1/7


/home/daniel.z/ICML_PIECLAM_020425/experiments/../clamiter.py:364:::  staring fit_feats for 3000 iterations


/home/daniel.z/ICML_PIECLAM_020425/experiments/../clamiter.py:364:::  staring fit_prior for 2000 iterations


/home/daniel.z/ICML_PIECLAM_020425/experiments/../clamiter.py:637:::  
back and forth 2/7


/home/daniel.z/ICML_PIECLAM_020425/experiments/../clamiter.py:364:::  staring fit_feats for 3000 iterations


/home/daniel.z/ICML_PIECLAM_020425/experiments/../clamiter.py:364:::  staring fit_prior for 2000 iterations


/home/daniel.z/ICML_PIECLAM_020425/experiments/../clamiter.py:637:::  
back and forth 3/7


/home/daniel.z/ICML_PIECLAM_020425/experiments/../clamiter.py:364:::  staring fit_feats for 3000 iterations


/home/daniel.z/ICML_PIECLAM_020425/experiments/../clamiter.py:364:::  staring fit_prior for 2000 iterations


/home/daniel.z/ICML_PIECLAM_020425/experiments/../clamiter.py:637:::  
back and forth 4/7


/home/daniel.z/ICML_PIECLAM_020425/experiments/../clamiter.py:364:::  staring fit_feats for 3000 iterations


/home/daniel.z/ICML_PIECLAM_020425/experiments/../clamiter.py:364:::  staring fit_prior for 2000 iterations


/home/daniel.z/ICML_PIECLAM_020425/experiments/../clamiter.py:637:::  
back and forth 5/7


/home/daniel.z/ICML_PIECLAM_020425/experiments/../clamiter.py:364:::  staring fit_feats for 3000 iterations


/home/daniel.z/ICML_PIECLAM_020425/experiments/../clamiter.py:364:::  staring fit_prior for 2000 iterations


/home/daniel.z/ICML_PIECLAM_020425/experiments/../clamiter.py:637:::  
back and forth 6/7


/home/daniel.z/ICML_PIECLAM_020425/experiments/../clamiter.py:364:::  staring fit_feats for 3000 iterations


/home/daniel.z/ICML_PIECLAM_020425/experiments/../clamiter.py:364:::  staring fit_prior for 2000 iterations


/home/daniel.z/ICML_PIECLAM_020425/experiments/../clamiter.py:637:::  
back and forth 7/7


/home/daniel.z/ICML_PIECLAM_020425/experiments/../clamiter.py:364:::  staring fit_feats for 3000 iterations


/home/daniel.z/ICML_PIECLAM_020425/experiments/../clamiter.py:364:::  staring fit_prior for 2000 iterations


/home/daniel.z/ICML_PIECLAM_020425/experiments/../clamiter.py:704:::  
fit end, no early stopping


/home/daniel.z/ICML_PIECLAM_020425/experiments/../trainer.py:419:::  
train_model_on_params on pieclam squirrel 
took 4911.335809230804 seconds


/home/daniel.z/ICML_PIECLAM_020425/experiments/../trainer.py:437:::  


FINISHED train 
 last accuracies:
test
key='auc': 0.9779155162914707
val
key='auc': 0.9776348190224458




/home/daniel.z/ICML_PIECLAM_020425/experiments/optimization_utils.py:648:::  Repetition no. 0


/home/daniel.z/ICML_PIECLAM_020425/experiments/../trainer.py:161:::  
Using dataset specific configuration and not global 




/home/daniel.z/ICML_PIECLAM_020425/experiments/../trainer.py:335:::  
 2025-05-26 17:11:26 starting optimization of pieclam on squirrel on device cuda

 configs_dict: 
{
    "clamiter_init": {
        "dim_feat": 100,
        "dim_attr": 100,
        "s_reg": 0.1,
        "l1_reg": 1,
        "T": 1,
        "hidden_dim": 64,
        "num_coupling_blocks": 32,
        "num_layers_mlp": 2
    },
    "feat_opt": {
        "lr": 5e-06,
        "n_iter": 3000,
        "early_stop": 0
    },
    "prior_opt": {
        "n_iter": 2000,
        "lr": 5e-06,
        "noise_amp": 0.1,
        "weight_decay": 0.1,
        "early_stop": 0
    },
    "back_forth": {
        "n_back_forth": 7,
        "scheduler_step_size": 3,
        "scheduler_gamma": 0.5,
        "early_stop_fit": 0,
        "first_func_in_fit": "fit_feats"
    }
}


/home/daniel.z/ICML_PIECLAM_020425/experiments/../clamiter.py:577:::  
in fit,
first_func_in_fit='fit_feats'
second_function_name='fit_prior'


/home/daniel.z/ICML_PIECLAM_020425/experiments/../clamiter.py:637:::  
back and forth 1/7


/home/daniel.z/ICML_PIECLAM_020425/experiments/../clamiter.py:364:::  staring fit_feats for 3000 iterations


/home/daniel.z/ICML_PIECLAM_020425/experiments/../clamiter.py:364:::  staring fit_prior for 2000 iterations


/home/daniel.z/ICML_PIECLAM_020425/experiments/../clamiter.py:637:::  
back and forth 2/7


/home/daniel.z/ICML_PIECLAM_020425/experiments/../clamiter.py:364:::  staring fit_feats for 3000 iterations


/home/daniel.z/ICML_PIECLAM_020425/experiments/../clamiter.py:364:::  staring fit_prior for 2000 iterations


/home/daniel.z/ICML_PIECLAM_020425/experiments/../clamiter.py:637:::  
back and forth 3/7


/home/daniel.z/ICML_PIECLAM_020425/experiments/../clamiter.py:364:::  staring fit_feats for 3000 iterations


/home/daniel.z/ICML_PIECLAM_020425/experiments/../clamiter.py:364:::  staring fit_prior for 2000 iterations


/home/daniel.z/ICML_PIECLAM_020425/experiments/../clamiter.py:637:::  
back and forth 4/7


/home/daniel.z/ICML_PIECLAM_020425/experiments/../clamiter.py:364:::  staring fit_feats for 3000 iterations


/home/daniel.z/ICML_PIECLAM_020425/experiments/../clamiter.py:364:::  staring fit_prior for 2000 iterations


/home/daniel.z/ICML_PIECLAM_020425/experiments/../clamiter.py:637:::  
back and forth 5/7


/home/daniel.z/ICML_PIECLAM_020425/experiments/../clamiter.py:364:::  staring fit_feats for 3000 iterations


/home/daniel.z/ICML_PIECLAM_020425/experiments/../clamiter.py:364:::  staring fit_prior for 2000 iterations


/home/daniel.z/ICML_PIECLAM_020425/experiments/../clamiter.py:637:::  
back and forth 6/7


/home/daniel.z/ICML_PIECLAM_020425/experiments/../clamiter.py:364:::  staring fit_feats for 3000 iterations


/home/daniel.z/ICML_PIECLAM_020425/experiments/../clamiter.py:364:::  staring fit_prior for 2000 iterations


/home/daniel.z/ICML_PIECLAM_020425/experiments/../clamiter.py:637:::  
back and forth 7/7


/home/daniel.z/ICML_PIECLAM_020425/experiments/../clamiter.py:364:::  staring fit_feats for 3000 iterations


/home/daniel.z/ICML_PIECLAM_020425/experiments/../clamiter.py:364:::  staring fit_prior for 2000 iterations


/home/daniel.z/ICML_PIECLAM_020425/experiments/../clamiter.py:704:::  
fit end, no early stopping


/home/daniel.z/ICML_PIECLAM_020425/experiments/../trainer.py:419:::  
train_model_on_params on pieclam squirrel 
took 4879.774586439133 seconds


/home/daniel.z/ICML_PIECLAM_020425/experiments/../trainer.py:437:::  


FINISHED train 
 last accuracies:
test
key='auc': 0.98910016417706
val
key='auc': 0.9893467425411758




/home/daniel.z/ICML_PIECLAM_020425/experiments/optimization_utils.py:648:::  Repetition no. 0


/home/daniel.z/ICML_PIECLAM_020425/experiments/../trainer.py:161:::  
Using dataset specific configuration and not global 




/home/daniel.z/ICML_PIECLAM_020425/experiments/../trainer.py:335:::  
 2025-05-26 18:32:46 starting optimization of pieclam on squirrel on device cuda

 configs_dict: 
{
    "clamiter_init": {
        "dim_feat": 100,
        "dim_attr": 100,
        "s_reg": 0.0,
        "l1_reg": 1,
        "T": 1,
        "hidden_dim": 64,
        "num_coupling_blocks": 32,
        "num_layers_mlp": 2
    },
    "feat_opt": {
        "lr": 5e-06,
        "n_iter": 1000,
        "early_stop": 0
    },
    "prior_opt": {
        "n_iter": 2000,
        "lr": 5e-06,
        "noise_amp": 0.1,
        "weight_decay": 0.1,
        "early_stop": 0
    },
    "back_forth": {
        "n_back_forth": 7,
        "scheduler_step_size": 3,
        "scheduler_gamma": 0.5,
        "early_stop_fit": 0,
        "first_func_in_fit": "fit_feats"
    }
}


/home/daniel.z/ICML_PIECLAM_020425/experiments/../clamiter.py:577:::  
in fit,
first_func_in_fit='fit_feats'
second_function_name='fit_prior'


/home/daniel.z/ICML_PIECLAM_020425/experiments/../clamiter.py:637:::  
back and forth 1/7


/home/daniel.z/ICML_PIECLAM_020425/experiments/../clamiter.py:364:::  staring fit_feats for 1000 iterations


/home/daniel.z/ICML_PIECLAM_020425/experiments/../clamiter.py:364:::  staring fit_prior for 2000 iterations


/home/daniel.z/ICML_PIECLAM_020425/experiments/../clamiter.py:637:::  
back and forth 2/7


/home/daniel.z/ICML_PIECLAM_020425/experiments/../clamiter.py:364:::  staring fit_feats for 1000 iterations


/home/daniel.z/ICML_PIECLAM_020425/experiments/../clamiter.py:364:::  staring fit_prior for 2000 iterations


/home/daniel.z/ICML_PIECLAM_020425/experiments/../clamiter.py:637:::  
back and forth 3/7


/home/daniel.z/ICML_PIECLAM_020425/experiments/../clamiter.py:364:::  staring fit_feats for 1000 iterations


/home/daniel.z/ICML_PIECLAM_020425/experiments/../clamiter.py:364:::  staring fit_prior for 2000 iterations


/home/daniel.z/ICML_PIECLAM_020425/experiments/../clamiter.py:637:::  
back and forth 4/7


/home/daniel.z/ICML_PIECLAM_020425/experiments/../clamiter.py:364:::  staring fit_feats for 1000 iterations


/home/daniel.z/ICML_PIECLAM_020425/experiments/../clamiter.py:364:::  staring fit_prior for 2000 iterations


/home/daniel.z/ICML_PIECLAM_020425/experiments/../clamiter.py:637:::  
back and forth 5/7


/home/daniel.z/ICML_PIECLAM_020425/experiments/../clamiter.py:364:::  staring fit_feats for 1000 iterations


/home/daniel.z/ICML_PIECLAM_020425/experiments/../clamiter.py:364:::  staring fit_prior for 2000 iterations


/home/daniel.z/ICML_PIECLAM_020425/experiments/../clamiter.py:637:::  
back and forth 6/7


/home/daniel.z/ICML_PIECLAM_020425/experiments/../clamiter.py:364:::  staring fit_feats for 1000 iterations


/home/daniel.z/ICML_PIECLAM_020425/experiments/../clamiter.py:364:::  staring fit_prior for 2000 iterations


/home/daniel.z/ICML_PIECLAM_020425/experiments/../clamiter.py:637:::  
back and forth 7/7


/home/daniel.z/ICML_PIECLAM_020425/experiments/../clamiter.py:364:::  staring fit_feats for 1000 iterations


/home/daniel.z/ICML_PIECLAM_020425/experiments/../clamiter.py:364:::  staring fit_prior for 2000 iterations


/home/daniel.z/ICML_PIECLAM_020425/experiments/../clamiter.py:704:::  
fit end, no early stopping


/home/daniel.z/ICML_PIECLAM_020425/experiments/../trainer.py:419:::  
train_model_on_params on pieclam squirrel 
took 2547.9965097904205 seconds


/home/daniel.z/ICML_PIECLAM_020425/experiments/../trainer.py:437:::  


FINISHED train 
 last accuracies:
test
key='auc': 0.9886550954291109
val
key='auc': 0.9884690498216684




/home/daniel.z/ICML_PIECLAM_020425/experiments/optimization_utils.py:648:::  Repetition no. 0


/home/daniel.z/ICML_PIECLAM_020425/experiments/../trainer.py:161:::  
Using dataset specific configuration and not global 




/home/daniel.z/ICML_PIECLAM_020425/experiments/../trainer.py:335:::  
 2025-05-26 19:15:15 starting optimization of pieclam on squirrel on device cuda

 configs_dict: 
{
    "clamiter_init": {
        "dim_feat": 50,
        "dim_attr": 100,
        "s_reg": 0.1,
        "l1_reg": 1,
        "T": 1,
        "hidden_dim": 64,
        "num_coupling_blocks": 32,
        "num_layers_mlp": 2
    },
    "feat_opt": {
        "lr": 5e-06,
        "n_iter": 1000,
        "early_stop": 0
    },
    "prior_opt": {
        "n_iter": 2000,
        "lr": 5e-06,
        "noise_amp": 0.1,
        "weight_decay": 0.1,
        "early_stop": 0
    },
    "back_forth": {
        "n_back_forth": 7,
        "scheduler_step_size": 3,
        "scheduler_gamma": 0.5,
        "early_stop_fit": 0,
        "first_func_in_fit": "fit_feats"
    }
}


/home/daniel.z/ICML_PIECLAM_020425/experiments/../clamiter.py:577:::  
in fit,
first_func_in_fit='fit_feats'
second_function_name='fit_prior'


/home/daniel.z/ICML_PIECLAM_020425/experiments/../clamiter.py:637:::  
back and forth 1/7


/home/daniel.z/ICML_PIECLAM_020425/experiments/../clamiter.py:364:::  staring fit_feats for 1000 iterations


/home/daniel.z/ICML_PIECLAM_020425/experiments/../clamiter.py:364:::  staring fit_prior for 2000 iterations


/home/daniel.z/ICML_PIECLAM_020425/experiments/../clamiter.py:637:::  
back and forth 2/7


/home/daniel.z/ICML_PIECLAM_020425/experiments/../clamiter.py:364:::  staring fit_feats for 1000 iterations


/home/daniel.z/ICML_PIECLAM_020425/experiments/../clamiter.py:364:::  staring fit_prior for 2000 iterations


/home/daniel.z/ICML_PIECLAM_020425/experiments/../clamiter.py:637:::  
back and forth 3/7


/home/daniel.z/ICML_PIECLAM_020425/experiments/../clamiter.py:364:::  staring fit_feats for 1000 iterations


/home/daniel.z/ICML_PIECLAM_020425/experiments/../clamiter.py:364:::  staring fit_prior for 2000 iterations


/home/daniel.z/ICML_PIECLAM_020425/experiments/../clamiter.py:637:::  
back and forth 4/7


/home/daniel.z/ICML_PIECLAM_020425/experiments/../clamiter.py:364:::  staring fit_feats for 1000 iterations


/home/daniel.z/ICML_PIECLAM_020425/experiments/../clamiter.py:364:::  staring fit_prior for 2000 iterations


/home/daniel.z/ICML_PIECLAM_020425/experiments/../clamiter.py:637:::  
back and forth 5/7


/home/daniel.z/ICML_PIECLAM_020425/experiments/../clamiter.py:364:::  staring fit_feats for 1000 iterations


/home/daniel.z/ICML_PIECLAM_020425/experiments/../clamiter.py:364:::  staring fit_prior for 2000 iterations


/home/daniel.z/ICML_PIECLAM_020425/experiments/../clamiter.py:637:::  
back and forth 6/7


/home/daniel.z/ICML_PIECLAM_020425/experiments/../clamiter.py:364:::  staring fit_feats for 1000 iterations


/home/daniel.z/ICML_PIECLAM_020425/experiments/../clamiter.py:364:::  staring fit_prior for 2000 iterations


/home/daniel.z/ICML_PIECLAM_020425/experiments/../clamiter.py:637:::  
back and forth 7/7


/home/daniel.z/ICML_PIECLAM_020425/experiments/../clamiter.py:364:::  staring fit_feats for 1000 iterations


/home/daniel.z/ICML_PIECLAM_020425/experiments/../clamiter.py:364:::  staring fit_prior for 2000 iterations


/home/daniel.z/ICML_PIECLAM_020425/experiments/../clamiter.py:704:::  
fit end, no early stopping


/home/daniel.z/ICML_PIECLAM_020425/experiments/../trainer.py:419:::  
train_model_on_params on pieclam squirrel 
took 2444.2483394145966 seconds


/home/daniel.z/ICML_PIECLAM_020425/experiments/../trainer.py:437:::  


FINISHED train 
 last accuracies:
test
key='auc': 0.9844985064752456
val
key='auc': 0.9839178699208415




/home/daniel.z/ICML_PIECLAM_020425/experiments/optimization_utils.py:648:::  Repetition no. 0


/home/daniel.z/ICML_PIECLAM_020425/experiments/../trainer.py:161:::  
Using dataset specific configuration and not global 




/home/daniel.z/ICML_PIECLAM_020425/experiments/../trainer.py:335:::  
 2025-05-26 19:56:00 starting optimization of pieclam on squirrel on device cuda

 configs_dict: 
{
    "clamiter_init": {
        "dim_feat": 200,
        "dim_attr": 100,
        "s_reg": 0.0,
        "l1_reg": 1,
        "T": 1,
        "hidden_dim": 64,
        "num_coupling_blocks": 32,
        "num_layers_mlp": 2
    },
    "feat_opt": {
        "lr": 5e-06,
        "n_iter": 3000,
        "early_stop": 0
    },
    "prior_opt": {
        "n_iter": 2000,
        "lr": 5e-06,
        "noise_amp": 0.1,
        "weight_decay": 0.1,
        "early_stop": 0
    },
    "back_forth": {
        "n_back_forth": 7,
        "scheduler_step_size": 3,
        "scheduler_gamma": 0.5,
        "early_stop_fit": 0,
        "first_func_in_fit": "fit_feats"
    }
}


/home/daniel.z/ICML_PIECLAM_020425/experiments/../clamiter.py:577:::  
in fit,
first_func_in_fit='fit_feats'
second_function_name='fit_prior'


/home/daniel.z/ICML_PIECLAM_020425/experiments/../clamiter.py:637:::  
back and forth 1/7


/home/daniel.z/ICML_PIECLAM_020425/experiments/../clamiter.py:364:::  staring fit_feats for 3000 iterations


/home/daniel.z/ICML_PIECLAM_020425/experiments/../clamiter.py:364:::  staring fit_prior for 2000 iterations


/home/daniel.z/ICML_PIECLAM_020425/experiments/../clamiter.py:637:::  
back and forth 2/7


/home/daniel.z/ICML_PIECLAM_020425/experiments/../clamiter.py:364:::  staring fit_feats for 3000 iterations


/home/daniel.z/ICML_PIECLAM_020425/experiments/../clamiter.py:364:::  staring fit_prior for 2000 iterations


/home/daniel.z/ICML_PIECLAM_020425/experiments/../clamiter.py:637:::  
back and forth 3/7


/home/daniel.z/ICML_PIECLAM_020425/experiments/../clamiter.py:364:::  staring fit_feats for 3000 iterations


/home/daniel.z/ICML_PIECLAM_020425/experiments/../clamiter.py:364:::  staring fit_prior for 2000 iterations


/home/daniel.z/ICML_PIECLAM_020425/experiments/../clamiter.py:637:::  
back and forth 4/7


/home/daniel.z/ICML_PIECLAM_020425/experiments/../clamiter.py:364:::  staring fit_feats for 3000 iterations


/home/daniel.z/ICML_PIECLAM_020425/experiments/../clamiter.py:364:::  staring fit_prior for 2000 iterations


/home/daniel.z/ICML_PIECLAM_020425/experiments/../clamiter.py:637:::  
back and forth 5/7


/home/daniel.z/ICML_PIECLAM_020425/experiments/../clamiter.py:364:::  staring fit_feats for 3000 iterations


/home/daniel.z/ICML_PIECLAM_020425/experiments/../clamiter.py:364:::  staring fit_prior for 2000 iterations


/home/daniel.z/ICML_PIECLAM_020425/experiments/../clamiter.py:637:::  
back and forth 6/7


/home/daniel.z/ICML_PIECLAM_020425/experiments/../clamiter.py:364:::  staring fit_feats for 3000 iterations


/home/daniel.z/ICML_PIECLAM_020425/experiments/../clamiter.py:364:::  staring fit_prior for 2000 iterations


/home/daniel.z/ICML_PIECLAM_020425/experiments/../clamiter.py:637:::  
back and forth 7/7


/home/daniel.z/ICML_PIECLAM_020425/experiments/../clamiter.py:364:::  staring fit_feats for 3000 iterations


/home/daniel.z/ICML_PIECLAM_020425/experiments/../clamiter.py:364:::  staring fit_prior for 2000 iterations


/home/daniel.z/ICML_PIECLAM_020425/experiments/../clamiter.py:704:::  
fit end, no early stopping


/home/daniel.z/ICML_PIECLAM_020425/experiments/../trainer.py:419:::  
train_model_on_params on pieclam squirrel 
took 5622.021629333496 seconds


/home/daniel.z/ICML_PIECLAM_020425/experiments/../trainer.py:437:::  


FINISHED train 
 last accuracies:
test
key='auc': 0.989076587074265
val
key='auc': 0.9881816089672537




/home/daniel.z/ICML_PIECLAM_020425/experiments/optimization_utils.py:648:::  Repetition no. 0


/home/daniel.z/ICML_PIECLAM_020425/experiments/../trainer.py:161:::  
Using dataset specific configuration and not global 




/home/daniel.z/ICML_PIECLAM_020425/experiments/../trainer.py:335:::  
 2025-05-26 21:29:43 starting optimization of pieclam on squirrel on device cuda

 configs_dict: 
{
    "clamiter_init": {
        "dim_feat": 200,
        "dim_attr": 100,
        "s_reg": 0.1,
        "l1_reg": 1,
        "T": 1,
        "hidden_dim": 64,
        "num_coupling_blocks": 32,
        "num_layers_mlp": 2
    },
    "feat_opt": {
        "lr": 5e-07,
        "n_iter": 3000,
        "early_stop": 0
    },
    "prior_opt": {
        "n_iter": 2000,
        "lr": 5e-06,
        "noise_amp": 0.1,
        "weight_decay": 0.1,
        "early_stop": 0
    },
    "back_forth": {
        "n_back_forth": 7,
        "scheduler_step_size": 3,
        "scheduler_gamma": 0.5,
        "early_stop_fit": 0,
        "first_func_in_fit": "fit_feats"
    }
}


/home/daniel.z/ICML_PIECLAM_020425/experiments/../clamiter.py:577:::  
in fit,
first_func_in_fit='fit_feats'
second_function_name='fit_prior'


/home/daniel.z/ICML_PIECLAM_020425/experiments/../clamiter.py:637:::  
back and forth 1/7


/home/daniel.z/ICML_PIECLAM_020425/experiments/../clamiter.py:364:::  staring fit_feats for 3000 iterations


/home/daniel.z/ICML_PIECLAM_020425/experiments/../clamiter.py:364:::  staring fit_prior for 2000 iterations


/home/daniel.z/ICML_PIECLAM_020425/experiments/../clamiter.py:637:::  
back and forth 2/7


/home/daniel.z/ICML_PIECLAM_020425/experiments/../clamiter.py:364:::  staring fit_feats for 3000 iterations


/home/daniel.z/ICML_PIECLAM_020425/experiments/../clamiter.py:364:::  staring fit_prior for 2000 iterations


/home/daniel.z/ICML_PIECLAM_020425/experiments/../clamiter.py:637:::  
back and forth 3/7


/home/daniel.z/ICML_PIECLAM_020425/experiments/../clamiter.py:364:::  staring fit_feats for 3000 iterations


/home/daniel.z/ICML_PIECLAM_020425/experiments/../clamiter.py:364:::  staring fit_prior for 2000 iterations


/home/daniel.z/ICML_PIECLAM_020425/experiments/../clamiter.py:637:::  
back and forth 4/7


/home/daniel.z/ICML_PIECLAM_020425/experiments/../clamiter.py:364:::  staring fit_feats for 3000 iterations


/home/daniel.z/ICML_PIECLAM_020425/experiments/../clamiter.py:364:::  staring fit_prior for 2000 iterations


/home/daniel.z/ICML_PIECLAM_020425/experiments/../clamiter.py:637:::  
back and forth 5/7


/home/daniel.z/ICML_PIECLAM_020425/experiments/../clamiter.py:364:::  staring fit_feats for 3000 iterations


/home/daniel.z/ICML_PIECLAM_020425/experiments/../clamiter.py:364:::  staring fit_prior for 2000 iterations


/home/daniel.z/ICML_PIECLAM_020425/experiments/../clamiter.py:637:::  
back and forth 6/7


/home/daniel.z/ICML_PIECLAM_020425/experiments/../clamiter.py:364:::  staring fit_feats for 3000 iterations


/home/daniel.z/ICML_PIECLAM_020425/experiments/../clamiter.py:364:::  staring fit_prior for 2000 iterations


/home/daniel.z/ICML_PIECLAM_020425/experiments/../clamiter.py:637:::  
back and forth 7/7


/home/daniel.z/ICML_PIECLAM_020425/experiments/../clamiter.py:364:::  staring fit_feats for 3000 iterations


/home/daniel.z/ICML_PIECLAM_020425/experiments/../clamiter.py:364:::  staring fit_prior for 2000 iterations


/home/daniel.z/ICML_PIECLAM_020425/experiments/../clamiter.py:704:::  
fit end, no early stopping


/home/daniel.z/ICML_PIECLAM_020425/experiments/../trainer.py:419:::  
train_model_on_params on pieclam squirrel 
took 5558.078227996826 seconds


/home/daniel.z/ICML_PIECLAM_020425/experiments/../trainer.py:437:::  


FINISHED train 
 last accuracies:
test
key='auc': 0.9796315991862083
val
key='auc': 0.9793586260188364




/home/daniel.z/ICML_PIECLAM_020425/experiments/optimization_utils.py:648:::  Repetition no. 0


/home/daniel.z/ICML_PIECLAM_020425/experiments/../trainer.py:161:::  
Using dataset specific configuration and not global 




/home/daniel.z/ICML_PIECLAM_020425/experiments/../trainer.py:335:::  
 2025-05-26 23:02:22 starting optimization of pieclam on squirrel on device cuda

 configs_dict: 
{
    "clamiter_init": {
        "dim_feat": 100,
        "dim_attr": 100,
        "s_reg": 0.0,
        "l1_reg": 1,
        "T": 1,
        "hidden_dim": 64,
        "num_coupling_blocks": 32,
        "num_layers_mlp": 2
    },
    "feat_opt": {
        "lr": 5e-06,
        "n_iter": 500,
        "early_stop": 0
    },
    "prior_opt": {
        "n_iter": 2000,
        "lr": 5e-06,
        "noise_amp": 0.1,
        "weight_decay": 0.1,
        "early_stop": 0
    },
    "back_forth": {
        "n_back_forth": 7,
        "scheduler_step_size": 3,
        "scheduler_gamma": 0.5,
        "early_stop_fit": 0,
        "first_func_in_fit": "fit_feats"
    }
}


/home/daniel.z/ICML_PIECLAM_020425/experiments/../clamiter.py:577:::  
in fit,
first_func_in_fit='fit_feats'
second_function_name='fit_prior'


/home/daniel.z/ICML_PIECLAM_020425/experiments/../clamiter.py:637:::  
back and forth 1/7


/home/daniel.z/ICML_PIECLAM_020425/experiments/../clamiter.py:364:::  staring fit_feats for 500 iterations


/home/daniel.z/ICML_PIECLAM_020425/experiments/../clamiter.py:364:::  staring fit_prior for 2000 iterations


/home/daniel.z/ICML_PIECLAM_020425/experiments/../clamiter.py:637:::  
back and forth 2/7


/home/daniel.z/ICML_PIECLAM_020425/experiments/../clamiter.py:364:::  staring fit_feats for 500 iterations


/home/daniel.z/ICML_PIECLAM_020425/experiments/../clamiter.py:364:::  staring fit_prior for 2000 iterations


/home/daniel.z/ICML_PIECLAM_020425/experiments/../clamiter.py:637:::  
back and forth 3/7


/home/daniel.z/ICML_PIECLAM_020425/experiments/../clamiter.py:364:::  staring fit_feats for 500 iterations


/home/daniel.z/ICML_PIECLAM_020425/experiments/../clamiter.py:364:::  staring fit_prior for 2000 iterations


/home/daniel.z/ICML_PIECLAM_020425/experiments/../clamiter.py:637:::  
back and forth 4/7


/home/daniel.z/ICML_PIECLAM_020425/experiments/../clamiter.py:364:::  staring fit_feats for 500 iterations


/home/daniel.z/ICML_PIECLAM_020425/experiments/../clamiter.py:364:::  staring fit_prior for 2000 iterations


/home/daniel.z/ICML_PIECLAM_020425/experiments/../clamiter.py:637:::  
back and forth 5/7


/home/daniel.z/ICML_PIECLAM_020425/experiments/../clamiter.py:364:::  staring fit_feats for 500 iterations


/home/daniel.z/ICML_PIECLAM_020425/experiments/../clamiter.py:364:::  staring fit_prior for 2000 iterations


/home/daniel.z/ICML_PIECLAM_020425/experiments/../clamiter.py:637:::  
back and forth 6/7


/home/daniel.z/ICML_PIECLAM_020425/experiments/../clamiter.py:364:::  staring fit_feats for 500 iterations


/home/daniel.z/ICML_PIECLAM_020425/experiments/../clamiter.py:364:::  staring fit_prior for 2000 iterations


/home/daniel.z/ICML_PIECLAM_020425/experiments/../clamiter.py:637:::  
back and forth 7/7


/home/daniel.z/ICML_PIECLAM_020425/experiments/../clamiter.py:364:::  staring fit_feats for 500 iterations


/home/daniel.z/ICML_PIECLAM_020425/experiments/../clamiter.py:364:::  staring fit_prior for 2000 iterations


/home/daniel.z/ICML_PIECLAM_020425/experiments/../clamiter.py:704:::  
fit end, no early stopping


/home/daniel.z/ICML_PIECLAM_020425/experiments/../trainer.py:419:::  
train_model_on_params on pieclam squirrel 
took 1976.1180357933044 seconds


/home/daniel.z/ICML_PIECLAM_020425/experiments/../trainer.py:437:::  


FINISHED train 
 last accuracies:
test
key='auc': 0.984670864488882
val
key='auc': 0.9850047983131429




/home/daniel.z/ICML_PIECLAM_020425/experiments/optimization_utils.py:648:::  Repetition no. 0


/home/daniel.z/ICML_PIECLAM_020425/experiments/../trainer.py:161:::  
Using dataset specific configuration and not global 




/home/daniel.z/ICML_PIECLAM_020425/experiments/../trainer.py:335:::  
 2025-05-26 23:35:19 starting optimization of pieclam on squirrel on device cuda

 configs_dict: 
{
    "clamiter_init": {
        "dim_feat": 100,
        "dim_attr": 100,
        "s_reg": 0.1,
        "l1_reg": 1,
        "T": 1,
        "hidden_dim": 64,
        "num_coupling_blocks": 32,
        "num_layers_mlp": 2
    },
    "feat_opt": {
        "lr": 5e-06,
        "n_iter": 500,
        "early_stop": 0
    },
    "prior_opt": {
        "n_iter": 2000,
        "lr": 5e-06,
        "noise_amp": 0.1,
        "weight_decay": 0.1,
        "early_stop": 0
    },
    "back_forth": {
        "n_back_forth": 7,
        "scheduler_step_size": 3,
        "scheduler_gamma": 0.5,
        "early_stop_fit": 0,
        "first_func_in_fit": "fit_feats"
    }
}


/home/daniel.z/ICML_PIECLAM_020425/experiments/../clamiter.py:577:::  
in fit,
first_func_in_fit='fit_feats'
second_function_name='fit_prior'


/home/daniel.z/ICML_PIECLAM_020425/experiments/../clamiter.py:637:::  
back and forth 1/7


/home/daniel.z/ICML_PIECLAM_020425/experiments/../clamiter.py:364:::  staring fit_feats for 500 iterations


/home/daniel.z/ICML_PIECLAM_020425/experiments/../clamiter.py:364:::  staring fit_prior for 2000 iterations


/home/daniel.z/ICML_PIECLAM_020425/experiments/../clamiter.py:637:::  
back and forth 2/7


/home/daniel.z/ICML_PIECLAM_020425/experiments/../clamiter.py:364:::  staring fit_feats for 500 iterations


/home/daniel.z/ICML_PIECLAM_020425/experiments/../clamiter.py:364:::  staring fit_prior for 2000 iterations


/home/daniel.z/ICML_PIECLAM_020425/experiments/../clamiter.py:637:::  
back and forth 3/7


/home/daniel.z/ICML_PIECLAM_020425/experiments/../clamiter.py:364:::  staring fit_feats for 500 iterations


/home/daniel.z/ICML_PIECLAM_020425/experiments/../clamiter.py:364:::  staring fit_prior for 2000 iterations


/home/daniel.z/ICML_PIECLAM_020425/experiments/../clamiter.py:637:::  
back and forth 4/7


/home/daniel.z/ICML_PIECLAM_020425/experiments/../clamiter.py:364:::  staring fit_feats for 500 iterations


/home/daniel.z/ICML_PIECLAM_020425/experiments/../clamiter.py:364:::  staring fit_prior for 2000 iterations


/home/daniel.z/ICML_PIECLAM_020425/experiments/../clamiter.py:637:::  
back and forth 5/7


/home/daniel.z/ICML_PIECLAM_020425/experiments/../clamiter.py:364:::  staring fit_feats for 500 iterations


/home/daniel.z/ICML_PIECLAM_020425/experiments/../clamiter.py:364:::  staring fit_prior for 2000 iterations


/home/daniel.z/ICML_PIECLAM_020425/experiments/../clamiter.py:637:::  
back and forth 6/7


/home/daniel.z/ICML_PIECLAM_020425/experiments/../clamiter.py:364:::  staring fit_feats for 500 iterations


/home/daniel.z/ICML_PIECLAM_020425/experiments/../clamiter.py:364:::  staring fit_prior for 2000 iterations


/home/daniel.z/ICML_PIECLAM_020425/experiments/../clamiter.py:637:::  
back and forth 7/7


/home/daniel.z/ICML_PIECLAM_020425/experiments/../clamiter.py:364:::  staring fit_feats for 500 iterations


/home/daniel.z/ICML_PIECLAM_020425/experiments/../clamiter.py:364:::  staring fit_prior for 2000 iterations


/home/daniel.z/ICML_PIECLAM_020425/experiments/../clamiter.py:704:::  
fit end, no early stopping


/home/daniel.z/ICML_PIECLAM_020425/experiments/../trainer.py:419:::  
train_model_on_params on pieclam squirrel 
took 1954.9149339199066 seconds


/home/daniel.z/ICML_PIECLAM_020425/experiments/../trainer.py:437:::  


FINISHED train 
 last accuracies:
test
key='auc': 0.9843928415032476
val
key='auc': 0.9839918949758903




/home/daniel.z/ICML_PIECLAM_020425/experiments/optimization_utils.py:722:::  

Finished CrossVal!




/home/daniel.z/ICML_PIECLAM_020425/experiments/optimization_utils.py:511:::  on test set /home/daniel.z/ICML_PIECLAM_020425/experiments/results/link_prediction/auc/squirrel/pieclam, split_03-31_02-05-25


/home/daniel.z/ICML_PIECLAM_020425/experiments/optimization_utils.py:626:::  RunSaver defined to acc_configs path /home/daniel.z/ICML_PIECLAM_020425/experiments/results/link_prediction/auc/squirrel/pieclam/split_03-31_02-05-25/valid/acc_configs00-07_27-05-25.json


/home/daniel.z/ICML_PIECLAM_020425/experiments/optimization_utils.py:648:::  Repetition no. 0


/home/daniel.z/ICML_PIECLAM_020425/experiments/../trainer.py:161:::  
Using dataset specific configuration and not global 




/home/daniel.z/ICML_PIECLAM_020425/experiments/../trainer.py:335:::  
 2025-05-27 00:07:58 starting optimization of pieclam on squirrel on device cuda

 configs_dict: 
{
    "clamiter_init": {
        "dim_feat": 100,
        "dim_attr": 100,
        "s_reg": 0.0,
        "l1_reg": 1,
        "T": 1,
        "hidden_dim": 64,
        "num_coupling_blocks": 32,
        "num_layers_mlp": 2
    },
    "feat_opt": {
        "lr": 5e-07,
        "n_iter": 1000,
        "early_stop": 0
    },
    "prior_opt": {
        "n_iter": 2000,
        "lr": 5e-06,
        "noise_amp": 0.1,
        "weight_decay": 0.1,
        "early_stop": 0
    },
    "back_forth": {
        "n_back_forth": 7,
        "scheduler_step_size": 3,
        "scheduler_gamma": 0.5,
        "early_stop_fit": 0,
        "first_func_in_fit": "fit_feats"
    }
}


/home/daniel.z/ICML_PIECLAM_020425/experiments/../clamiter.py:577:::  
in fit,
first_func_in_fit='fit_feats'
second_function_name='fit_prior'


/home/daniel.z/ICML_PIECLAM_020425/experiments/../clamiter.py:637:::  
back and forth 1/7


/home/daniel.z/ICML_PIECLAM_020425/experiments/../clamiter.py:364:::  staring fit_feats for 1000 iterations


/home/daniel.z/ICML_PIECLAM_020425/experiments/../clamiter.py:364:::  staring fit_prior for 2000 iterations


/home/daniel.z/ICML_PIECLAM_020425/experiments/../clamiter.py:637:::  
back and forth 2/7


/home/daniel.z/ICML_PIECLAM_020425/experiments/../clamiter.py:364:::  staring fit_feats for 1000 iterations


/home/daniel.z/ICML_PIECLAM_020425/experiments/../clamiter.py:364:::  staring fit_prior for 2000 iterations


/home/daniel.z/ICML_PIECLAM_020425/experiments/../clamiter.py:637:::  
back and forth 3/7


/home/daniel.z/ICML_PIECLAM_020425/experiments/../clamiter.py:364:::  staring fit_feats for 1000 iterations


/home/daniel.z/ICML_PIECLAM_020425/experiments/../clamiter.py:364:::  staring fit_prior for 2000 iterations


/home/daniel.z/ICML_PIECLAM_020425/experiments/../clamiter.py:637:::  
back and forth 4/7


/home/daniel.z/ICML_PIECLAM_020425/experiments/../clamiter.py:364:::  staring fit_feats for 1000 iterations


/home/daniel.z/ICML_PIECLAM_020425/experiments/../clamiter.py:364:::  staring fit_prior for 2000 iterations


/home/daniel.z/ICML_PIECLAM_020425/experiments/../clamiter.py:637:::  
back and forth 5/7


/home/daniel.z/ICML_PIECLAM_020425/experiments/../clamiter.py:364:::  staring fit_feats for 1000 iterations


/home/daniel.z/ICML_PIECLAM_020425/experiments/../clamiter.py:364:::  staring fit_prior for 2000 iterations


/home/daniel.z/ICML_PIECLAM_020425/experiments/../clamiter.py:637:::  
back and forth 6/7


/home/daniel.z/ICML_PIECLAM_020425/experiments/../clamiter.py:364:::  staring fit_feats for 1000 iterations


/home/daniel.z/ICML_PIECLAM_020425/experiments/../clamiter.py:364:::  staring fit_prior for 2000 iterations


/home/daniel.z/ICML_PIECLAM_020425/experiments/../clamiter.py:637:::  
back and forth 7/7


/home/daniel.z/ICML_PIECLAM_020425/experiments/../clamiter.py:364:::  staring fit_feats for 1000 iterations


/home/daniel.z/ICML_PIECLAM_020425/experiments/../clamiter.py:364:::  staring fit_prior for 2000 iterations


/home/daniel.z/ICML_PIECLAM_020425/experiments/../clamiter.py:704:::  
fit end, no early stopping


/home/daniel.z/ICML_PIECLAM_020425/experiments/../trainer.py:419:::  
train_model_on_params on pieclam squirrel 
took 2569.04962515831 seconds


/home/daniel.z/ICML_PIECLAM_020425/experiments/../trainer.py:437:::  


FINISHED train 
 last accuracies:
test
key='auc': 0.9387927563095864
val
key='auc': 0.9406223041444881




/home/daniel.z/ICML_PIECLAM_020425/experiments/optimization_utils.py:648:::  Repetition no. 0


/home/daniel.z/ICML_PIECLAM_020425/experiments/../trainer.py:161:::  
Using dataset specific configuration and not global 




/home/daniel.z/ICML_PIECLAM_020425/experiments/../trainer.py:335:::  
 2025-05-27 00:50:47 starting optimization of pieclam on squirrel on device cuda

 configs_dict: 
{
    "clamiter_init": {
        "dim_feat": 200,
        "dim_attr": 100,
        "s_reg": 0.0,
        "l1_reg": 1,
        "T": 1,
        "hidden_dim": 64,
        "num_coupling_blocks": 32,
        "num_layers_mlp": 2
    },
    "feat_opt": {
        "lr": 5e-06,
        "n_iter": 500,
        "early_stop": 0
    },
    "prior_opt": {
        "n_iter": 2000,
        "lr": 5e-06,
        "noise_amp": 0.1,
        "weight_decay": 0.1,
        "early_stop": 0
    },
    "back_forth": {
        "n_back_forth": 7,
        "scheduler_step_size": 3,
        "scheduler_gamma": 0.5,
        "early_stop_fit": 0,
        "first_func_in_fit": "fit_feats"
    }
}


/home/daniel.z/ICML_PIECLAM_020425/experiments/../clamiter.py:577:::  
in fit,
first_func_in_fit='fit_feats'
second_function_name='fit_prior'


/home/daniel.z/ICML_PIECLAM_020425/experiments/../clamiter.py:637:::  
back and forth 1/7


/home/daniel.z/ICML_PIECLAM_020425/experiments/../clamiter.py:364:::  staring fit_feats for 500 iterations


/home/daniel.z/ICML_PIECLAM_020425/experiments/../clamiter.py:364:::  staring fit_prior for 2000 iterations


/home/daniel.z/ICML_PIECLAM_020425/experiments/../clamiter.py:637:::  
back and forth 2/7


/home/daniel.z/ICML_PIECLAM_020425/experiments/../clamiter.py:364:::  staring fit_feats for 500 iterations


/home/daniel.z/ICML_PIECLAM_020425/experiments/../clamiter.py:364:::  staring fit_prior for 2000 iterations


/home/daniel.z/ICML_PIECLAM_020425/experiments/../clamiter.py:637:::  
back and forth 3/7


/home/daniel.z/ICML_PIECLAM_020425/experiments/../clamiter.py:364:::  staring fit_feats for 500 iterations


/home/daniel.z/ICML_PIECLAM_020425/experiments/../clamiter.py:364:::  staring fit_prior for 2000 iterations


/home/daniel.z/ICML_PIECLAM_020425/experiments/../clamiter.py:637:::  
back and forth 4/7


/home/daniel.z/ICML_PIECLAM_020425/experiments/../clamiter.py:364:::  staring fit_feats for 500 iterations


/home/daniel.z/ICML_PIECLAM_020425/experiments/../clamiter.py:364:::  staring fit_prior for 2000 iterations


/home/daniel.z/ICML_PIECLAM_020425/experiments/../clamiter.py:637:::  
back and forth 5/7


/home/daniel.z/ICML_PIECLAM_020425/experiments/../clamiter.py:364:::  staring fit_feats for 500 iterations


/home/daniel.z/ICML_PIECLAM_020425/experiments/../clamiter.py:364:::  staring fit_prior for 2000 iterations


/home/daniel.z/ICML_PIECLAM_020425/experiments/../clamiter.py:637:::  
back and forth 6/7


/home/daniel.z/ICML_PIECLAM_020425/experiments/../clamiter.py:364:::  staring fit_feats for 500 iterations


/home/daniel.z/ICML_PIECLAM_020425/experiments/../clamiter.py:364:::  staring fit_prior for 2000 iterations


/home/daniel.z/ICML_PIECLAM_020425/experiments/../clamiter.py:637:::  
back and forth 7/7


/home/daniel.z/ICML_PIECLAM_020425/experiments/../clamiter.py:364:::  staring fit_feats for 500 iterations


/home/daniel.z/ICML_PIECLAM_020425/experiments/../clamiter.py:364:::  staring fit_prior for 2000 iterations


/home/daniel.z/ICML_PIECLAM_020425/experiments/../clamiter.py:704:::  
fit end, no early stopping


/home/daniel.z/ICML_PIECLAM_020425/experiments/../trainer.py:419:::  
train_model_on_params on pieclam squirrel 
took 2073.578189134598 seconds


/home/daniel.z/ICML_PIECLAM_020425/experiments/../trainer.py:437:::  


FINISHED train 
 last accuracies:
test
key='auc': 0.9845626550088631
val
key='auc': 0.9842189671088639




/home/daniel.z/ICML_PIECLAM_020425/experiments/optimization_utils.py:648:::  Repetition no. 0


/home/daniel.z/ICML_PIECLAM_020425/experiments/../trainer.py:161:::  
Using dataset specific configuration and not global 




/home/daniel.z/ICML_PIECLAM_020425/experiments/../trainer.py:335:::  
 2025-05-27 01:25:22 starting optimization of pieclam on squirrel on device cuda

 configs_dict: 
{
    "clamiter_init": {
        "dim_feat": 50,
        "dim_attr": 100,
        "s_reg": 0.0,
        "l1_reg": 1,
        "T": 1,
        "hidden_dim": 64,
        "num_coupling_blocks": 32,
        "num_layers_mlp": 2
    },
    "feat_opt": {
        "lr": 5e-07,
        "n_iter": 3000,
        "early_stop": 0
    },
    "prior_opt": {
        "n_iter": 2000,
        "lr": 5e-06,
        "noise_amp": 0.1,
        "weight_decay": 0.1,
        "early_stop": 0
    },
    "back_forth": {
        "n_back_forth": 7,
        "scheduler_step_size": 3,
        "scheduler_gamma": 0.5,
        "early_stop_fit": 0,
        "first_func_in_fit": "fit_feats"
    }
}


/home/daniel.z/ICML_PIECLAM_020425/experiments/../clamiter.py:577:::  
in fit,
first_func_in_fit='fit_feats'
second_function_name='fit_prior'


/home/daniel.z/ICML_PIECLAM_020425/experiments/../clamiter.py:637:::  
back and forth 1/7


/home/daniel.z/ICML_PIECLAM_020425/experiments/../clamiter.py:364:::  staring fit_feats for 3000 iterations


/home/daniel.z/ICML_PIECLAM_020425/experiments/../clamiter.py:364:::  staring fit_prior for 2000 iterations


/home/daniel.z/ICML_PIECLAM_020425/experiments/../clamiter.py:637:::  
back and forth 2/7


/home/daniel.z/ICML_PIECLAM_020425/experiments/../clamiter.py:364:::  staring fit_feats for 3000 iterations


/home/daniel.z/ICML_PIECLAM_020425/experiments/../clamiter.py:364:::  staring fit_prior for 2000 iterations


/home/daniel.z/ICML_PIECLAM_020425/experiments/../clamiter.py:637:::  
back and forth 3/7


/home/daniel.z/ICML_PIECLAM_020425/experiments/../clamiter.py:364:::  staring fit_feats for 3000 iterations


/home/daniel.z/ICML_PIECLAM_020425/experiments/../clamiter.py:364:::  staring fit_prior for 2000 iterations


/home/daniel.z/ICML_PIECLAM_020425/experiments/../clamiter.py:637:::  
back and forth 4/7


/home/daniel.z/ICML_PIECLAM_020425/experiments/../clamiter.py:364:::  staring fit_feats for 3000 iterations


/home/daniel.z/ICML_PIECLAM_020425/experiments/../clamiter.py:364:::  staring fit_prior for 2000 iterations


/home/daniel.z/ICML_PIECLAM_020425/experiments/../clamiter.py:637:::  
back and forth 5/7


/home/daniel.z/ICML_PIECLAM_020425/experiments/../clamiter.py:364:::  staring fit_feats for 3000 iterations


/home/daniel.z/ICML_PIECLAM_020425/experiments/../clamiter.py:364:::  staring fit_prior for 2000 iterations


/home/daniel.z/ICML_PIECLAM_020425/experiments/../clamiter.py:637:::  
back and forth 6/7


/home/daniel.z/ICML_PIECLAM_020425/experiments/../clamiter.py:364:::  staring fit_feats for 3000 iterations


/home/daniel.z/ICML_PIECLAM_020425/experiments/../clamiter.py:364:::  staring fit_prior for 2000 iterations


/home/daniel.z/ICML_PIECLAM_020425/experiments/../clamiter.py:637:::  
back and forth 7/7


/home/daniel.z/ICML_PIECLAM_020425/experiments/../clamiter.py:364:::  staring fit_feats for 3000 iterations


/home/daniel.z/ICML_PIECLAM_020425/experiments/../clamiter.py:364:::  staring fit_prior for 2000 iterations


/home/daniel.z/ICML_PIECLAM_020425/experiments/../clamiter.py:704:::  
fit end, no early stopping


/home/daniel.z/ICML_PIECLAM_020425/experiments/../trainer.py:419:::  
train_model_on_params on pieclam squirrel 
took 4505.124893188477 seconds


/home/daniel.z/ICML_PIECLAM_020425/experiments/../trainer.py:437:::  


FINISHED train 
 last accuracies:
test
key='auc': 0.976589914238683
val
key='auc': 0.9758602041632424




/home/daniel.z/ICML_PIECLAM_020425/experiments/optimization_utils.py:648:::  Repetition no. 0


/home/daniel.z/ICML_PIECLAM_020425/experiments/../trainer.py:161:::  
Using dataset specific configuration and not global 




/home/daniel.z/ICML_PIECLAM_020425/experiments/../trainer.py:335:::  
 2025-05-27 02:40:28 starting optimization of pieclam on squirrel on device cuda

 configs_dict: 
{
    "clamiter_init": {
        "dim_feat": 100,
        "dim_attr": 100,
        "s_reg": 0.1,
        "l1_reg": 1,
        "T": 1,
        "hidden_dim": 64,
        "num_coupling_blocks": 32,
        "num_layers_mlp": 2
    },
    "feat_opt": {
        "lr": 5e-07,
        "n_iter": 1000,
        "early_stop": 0
    },
    "prior_opt": {
        "n_iter": 2000,
        "lr": 5e-06,
        "noise_amp": 0.1,
        "weight_decay": 0.1,
        "early_stop": 0
    },
    "back_forth": {
        "n_back_forth": 7,
        "scheduler_step_size": 3,
        "scheduler_gamma": 0.5,
        "early_stop_fit": 0,
        "first_func_in_fit": "fit_feats"
    }
}


/home/daniel.z/ICML_PIECLAM_020425/experiments/../clamiter.py:577:::  
in fit,
first_func_in_fit='fit_feats'
second_function_name='fit_prior'


/home/daniel.z/ICML_PIECLAM_020425/experiments/../clamiter.py:637:::  
back and forth 1/7


/home/daniel.z/ICML_PIECLAM_020425/experiments/../clamiter.py:364:::  staring fit_feats for 1000 iterations


/home/daniel.z/ICML_PIECLAM_020425/experiments/../clamiter.py:364:::  staring fit_prior for 2000 iterations


/home/daniel.z/ICML_PIECLAM_020425/experiments/../clamiter.py:637:::  
back and forth 2/7


/home/daniel.z/ICML_PIECLAM_020425/experiments/../clamiter.py:364:::  staring fit_feats for 1000 iterations


/home/daniel.z/ICML_PIECLAM_020425/experiments/../clamiter.py:364:::  staring fit_prior for 2000 iterations


/home/daniel.z/ICML_PIECLAM_020425/experiments/../clamiter.py:637:::  
back and forth 3/7


/home/daniel.z/ICML_PIECLAM_020425/experiments/../clamiter.py:364:::  staring fit_feats for 1000 iterations


/home/daniel.z/ICML_PIECLAM_020425/experiments/../clamiter.py:364:::  staring fit_prior for 2000 iterations


/home/daniel.z/ICML_PIECLAM_020425/experiments/../clamiter.py:637:::  
back and forth 4/7


/home/daniel.z/ICML_PIECLAM_020425/experiments/../clamiter.py:364:::  staring fit_feats for 1000 iterations


/home/daniel.z/ICML_PIECLAM_020425/experiments/../clamiter.py:364:::  staring fit_prior for 2000 iterations


/home/daniel.z/ICML_PIECLAM_020425/experiments/../clamiter.py:637:::  
back and forth 5/7


/home/daniel.z/ICML_PIECLAM_020425/experiments/../clamiter.py:364:::  staring fit_feats for 1000 iterations


/home/daniel.z/ICML_PIECLAM_020425/experiments/../clamiter.py:364:::  staring fit_prior for 2000 iterations


/home/daniel.z/ICML_PIECLAM_020425/experiments/../clamiter.py:637:::  
back and forth 6/7


/home/daniel.z/ICML_PIECLAM_020425/experiments/../clamiter.py:364:::  staring fit_feats for 1000 iterations


/home/daniel.z/ICML_PIECLAM_020425/experiments/../clamiter.py:364:::  staring fit_prior for 2000 iterations


/home/daniel.z/ICML_PIECLAM_020425/experiments/../clamiter.py:637:::  
back and forth 7/7


/home/daniel.z/ICML_PIECLAM_020425/experiments/../clamiter.py:364:::  staring fit_feats for 1000 iterations


/home/daniel.z/ICML_PIECLAM_020425/experiments/../clamiter.py:364:::  staring fit_prior for 2000 iterations


/home/daniel.z/ICML_PIECLAM_020425/experiments/../clamiter.py:704:::  
fit end, no early stopping


/home/daniel.z/ICML_PIECLAM_020425/experiments/../trainer.py:419:::  
train_model_on_params on pieclam squirrel 
took 2555.941866159439 seconds


/home/daniel.z/ICML_PIECLAM_020425/experiments/../trainer.py:437:::  


FINISHED train 
 last accuracies:
test
key='auc': 0.9410052950630396
val
key='auc': 0.9438192654753601




/home/daniel.z/ICML_PIECLAM_020425/experiments/optimization_utils.py:648:::  Repetition no. 0


/home/daniel.z/ICML_PIECLAM_020425/experiments/../trainer.py:161:::  
Using dataset specific configuration and not global 




/home/daniel.z/ICML_PIECLAM_020425/experiments/../trainer.py:335:::  
 2025-05-27 03:23:04 starting optimization of pieclam on squirrel on device cuda

 configs_dict: 
{
    "clamiter_init": {
        "dim_feat": 200,
        "dim_attr": 100,
        "s_reg": 0.1,
        "l1_reg": 1,
        "T": 1,
        "hidden_dim": 64,
        "num_coupling_blocks": 32,
        "num_layers_mlp": 2
    },
    "feat_opt": {
        "lr": 5e-06,
        "n_iter": 1000,
        "early_stop": 0
    },
    "prior_opt": {
        "n_iter": 2000,
        "lr": 5e-06,
        "noise_amp": 0.1,
        "weight_decay": 0.1,
        "early_stop": 0
    },
    "back_forth": {
        "n_back_forth": 7,
        "scheduler_step_size": 3,
        "scheduler_gamma": 0.5,
        "early_stop_fit": 0,
        "first_func_in_fit": "fit_feats"
    }
}


/home/daniel.z/ICML_PIECLAM_020425/experiments/../clamiter.py:577:::  
in fit,
first_func_in_fit='fit_feats'
second_function_name='fit_prior'


/home/daniel.z/ICML_PIECLAM_020425/experiments/../clamiter.py:637:::  
back and forth 1/7


/home/daniel.z/ICML_PIECLAM_020425/experiments/../clamiter.py:364:::  staring fit_feats for 1000 iterations


/home/daniel.z/ICML_PIECLAM_020425/experiments/../clamiter.py:364:::  staring fit_prior for 2000 iterations


/home/daniel.z/ICML_PIECLAM_020425/experiments/../clamiter.py:637:::  
back and forth 2/7


/home/daniel.z/ICML_PIECLAM_020425/experiments/../clamiter.py:364:::  staring fit_feats for 1000 iterations


/home/daniel.z/ICML_PIECLAM_020425/experiments/../clamiter.py:364:::  staring fit_prior for 2000 iterations


/home/daniel.z/ICML_PIECLAM_020425/experiments/../clamiter.py:637:::  
back and forth 3/7


/home/daniel.z/ICML_PIECLAM_020425/experiments/../clamiter.py:364:::  staring fit_feats for 1000 iterations


/home/daniel.z/ICML_PIECLAM_020425/experiments/../clamiter.py:364:::  staring fit_prior for 2000 iterations


/home/daniel.z/ICML_PIECLAM_020425/experiments/../clamiter.py:637:::  
back and forth 4/7


/home/daniel.z/ICML_PIECLAM_020425/experiments/../clamiter.py:364:::  staring fit_feats for 1000 iterations


/home/daniel.z/ICML_PIECLAM_020425/experiments/../clamiter.py:364:::  staring fit_prior for 2000 iterations


/home/daniel.z/ICML_PIECLAM_020425/experiments/../clamiter.py:637:::  
back and forth 5/7


/home/daniel.z/ICML_PIECLAM_020425/experiments/../clamiter.py:364:::  staring fit_feats for 1000 iterations


/home/daniel.z/ICML_PIECLAM_020425/experiments/../clamiter.py:364:::  staring fit_prior for 2000 iterations


/home/daniel.z/ICML_PIECLAM_020425/experiments/../clamiter.py:637:::  
back and forth 6/7


/home/daniel.z/ICML_PIECLAM_020425/experiments/../clamiter.py:364:::  staring fit_feats for 1000 iterations


/home/daniel.z/ICML_PIECLAM_020425/experiments/../clamiter.py:364:::  staring fit_prior for 2000 iterations


/home/daniel.z/ICML_PIECLAM_020425/experiments/../clamiter.py:637:::  
back and forth 7/7


/home/daniel.z/ICML_PIECLAM_020425/experiments/../clamiter.py:364:::  staring fit_feats for 1000 iterations


/home/daniel.z/ICML_PIECLAM_020425/experiments/../clamiter.py:364:::  staring fit_prior for 2000 iterations


/home/daniel.z/ICML_PIECLAM_020425/experiments/../clamiter.py:704:::  
fit end, no early stopping


/home/daniel.z/ICML_PIECLAM_020425/experiments/../trainer.py:419:::  
train_model_on_params on pieclam squirrel 
took 2789.5868520736694 seconds


/home/daniel.z/ICML_PIECLAM_020425/experiments/../trainer.py:437:::  


FINISHED train 
 last accuracies:
test
key='auc': 0.9870930745972402
val
key='auc': 0.9871234322225277




/home/daniel.z/ICML_PIECLAM_020425/experiments/optimization_utils.py:648:::  Repetition no. 0


/home/daniel.z/ICML_PIECLAM_020425/experiments/../trainer.py:161:::  
Using dataset specific configuration and not global 




/home/daniel.z/ICML_PIECLAM_020425/experiments/../trainer.py:335:::  
 2025-05-27 04:09:35 starting optimization of pieclam on squirrel on device cuda

 configs_dict: 
{
    "clamiter_init": {
        "dim_feat": 50,
        "dim_attr": 100,
        "s_reg": 0.1,
        "l1_reg": 1,
        "T": 1,
        "hidden_dim": 64,
        "num_coupling_blocks": 32,
        "num_layers_mlp": 2
    },
    "feat_opt": {
        "lr": 5e-07,
        "n_iter": 500,
        "early_stop": 0
    },
    "prior_opt": {
        "n_iter": 2000,
        "lr": 5e-06,
        "noise_amp": 0.1,
        "weight_decay": 0.1,
        "early_stop": 0
    },
    "back_forth": {
        "n_back_forth": 7,
        "scheduler_step_size": 3,
        "scheduler_gamma": 0.5,
        "early_stop_fit": 0,
        "first_func_in_fit": "fit_feats"
    }
}


/home/daniel.z/ICML_PIECLAM_020425/experiments/../clamiter.py:577:::  
in fit,
first_func_in_fit='fit_feats'
second_function_name='fit_prior'


/home/daniel.z/ICML_PIECLAM_020425/experiments/../clamiter.py:637:::  
back and forth 1/7


/home/daniel.z/ICML_PIECLAM_020425/experiments/../clamiter.py:364:::  staring fit_feats for 500 iterations


/home/daniel.z/ICML_PIECLAM_020425/experiments/../clamiter.py:364:::  staring fit_prior for 2000 iterations


/home/daniel.z/ICML_PIECLAM_020425/experiments/../clamiter.py:637:::  
back and forth 2/7


/home/daniel.z/ICML_PIECLAM_020425/experiments/../clamiter.py:364:::  staring fit_feats for 500 iterations


/home/daniel.z/ICML_PIECLAM_020425/experiments/../clamiter.py:364:::  staring fit_prior for 2000 iterations


/home/daniel.z/ICML_PIECLAM_020425/experiments/../clamiter.py:637:::  
back and forth 3/7


/home/daniel.z/ICML_PIECLAM_020425/experiments/../clamiter.py:364:::  staring fit_feats for 500 iterations


/home/daniel.z/ICML_PIECLAM_020425/experiments/../clamiter.py:364:::  staring fit_prior for 2000 iterations


/home/daniel.z/ICML_PIECLAM_020425/experiments/../clamiter.py:637:::  
back and forth 4/7


/home/daniel.z/ICML_PIECLAM_020425/experiments/../clamiter.py:364:::  staring fit_feats for 500 iterations


/home/daniel.z/ICML_PIECLAM_020425/experiments/../clamiter.py:364:::  staring fit_prior for 2000 iterations


/home/daniel.z/ICML_PIECLAM_020425/experiments/../clamiter.py:637:::  
back and forth 5/7


/home/daniel.z/ICML_PIECLAM_020425/experiments/../clamiter.py:364:::  staring fit_feats for 500 iterations


/home/daniel.z/ICML_PIECLAM_020425/experiments/../clamiter.py:364:::  staring fit_prior for 2000 iterations


/home/daniel.z/ICML_PIECLAM_020425/experiments/../clamiter.py:637:::  
back and forth 6/7


/home/daniel.z/ICML_PIECLAM_020425/experiments/../clamiter.py:364:::  staring fit_feats for 500 iterations


/home/daniel.z/ICML_PIECLAM_020425/experiments/../clamiter.py:364:::  staring fit_prior for 2000 iterations


/home/daniel.z/ICML_PIECLAM_020425/experiments/../clamiter.py:637:::  
back and forth 7/7


/home/daniel.z/ICML_PIECLAM_020425/experiments/../clamiter.py:364:::  staring fit_feats for 500 iterations


/home/daniel.z/ICML_PIECLAM_020425/experiments/../clamiter.py:364:::  staring fit_prior for 2000 iterations


/home/daniel.z/ICML_PIECLAM_020425/experiments/../clamiter.py:704:::  
fit end, no early stopping


/home/daniel.z/ICML_PIECLAM_020425/experiments/../trainer.py:419:::  
train_model_on_params on pieclam squirrel 
took 1946.449958562851 seconds


/home/daniel.z/ICML_PIECLAM_020425/experiments/../trainer.py:437:::  


FINISHED train 
 last accuracies:
test
key='auc': 0.9089456749404089
val
key='auc': 0.9108044770204213




/home/daniel.z/ICML_PIECLAM_020425/experiments/optimization_utils.py:648:::  Repetition no. 0


/home/daniel.z/ICML_PIECLAM_020425/experiments/../trainer.py:161:::  
Using dataset specific configuration and not global 




/home/daniel.z/ICML_PIECLAM_020425/experiments/../trainer.py:335:::  
 2025-05-27 04:42:02 starting optimization of pieclam on squirrel on device cuda

 configs_dict: 
{
    "clamiter_init": {
        "dim_feat": 200,
        "dim_attr": 100,
        "s_reg": 0.1,
        "l1_reg": 1,
        "T": 1,
        "hidden_dim": 64,
        "num_coupling_blocks": 32,
        "num_layers_mlp": 2
    },
    "feat_opt": {
        "lr": 5e-06,
        "n_iter": 500,
        "early_stop": 0
    },
    "prior_opt": {
        "n_iter": 2000,
        "lr": 5e-06,
        "noise_amp": 0.1,
        "weight_decay": 0.1,
        "early_stop": 0
    },
    "back_forth": {
        "n_back_forth": 7,
        "scheduler_step_size": 3,
        "scheduler_gamma": 0.5,
        "early_stop_fit": 0,
        "first_func_in_fit": "fit_feats"
    }
}


/home/daniel.z/ICML_PIECLAM_020425/experiments/../clamiter.py:577:::  
in fit,
first_func_in_fit='fit_feats'
second_function_name='fit_prior'


/home/daniel.z/ICML_PIECLAM_020425/experiments/../clamiter.py:637:::  
back and forth 1/7


/home/daniel.z/ICML_PIECLAM_020425/experiments/../clamiter.py:364:::  staring fit_feats for 500 iterations


/home/daniel.z/ICML_PIECLAM_020425/experiments/../clamiter.py:364:::  staring fit_prior for 2000 iterations


/home/daniel.z/ICML_PIECLAM_020425/experiments/../clamiter.py:637:::  
back and forth 2/7


/home/daniel.z/ICML_PIECLAM_020425/experiments/../clamiter.py:364:::  staring fit_feats for 500 iterations


/home/daniel.z/ICML_PIECLAM_020425/experiments/../clamiter.py:364:::  staring fit_prior for 2000 iterations


/home/daniel.z/ICML_PIECLAM_020425/experiments/../clamiter.py:637:::  
back and forth 3/7


/home/daniel.z/ICML_PIECLAM_020425/experiments/../clamiter.py:364:::  staring fit_feats for 500 iterations


/home/daniel.z/ICML_PIECLAM_020425/experiments/../clamiter.py:364:::  staring fit_prior for 2000 iterations


/home/daniel.z/ICML_PIECLAM_020425/experiments/../clamiter.py:637:::  
back and forth 4/7


/home/daniel.z/ICML_PIECLAM_020425/experiments/../clamiter.py:364:::  staring fit_feats for 500 iterations


/home/daniel.z/ICML_PIECLAM_020425/experiments/../clamiter.py:364:::  staring fit_prior for 2000 iterations


/home/daniel.z/ICML_PIECLAM_020425/experiments/../clamiter.py:637:::  
back and forth 5/7


/home/daniel.z/ICML_PIECLAM_020425/experiments/../clamiter.py:364:::  staring fit_feats for 500 iterations


/home/daniel.z/ICML_PIECLAM_020425/experiments/../clamiter.py:364:::  staring fit_prior for 2000 iterations


/home/daniel.z/ICML_PIECLAM_020425/experiments/../clamiter.py:637:::  
back and forth 6/7


/home/daniel.z/ICML_PIECLAM_020425/experiments/../clamiter.py:364:::  staring fit_feats for 500 iterations


/home/daniel.z/ICML_PIECLAM_020425/experiments/../clamiter.py:364:::  staring fit_prior for 2000 iterations


/home/daniel.z/ICML_PIECLAM_020425/experiments/../clamiter.py:637:::  
back and forth 7/7


/home/daniel.z/ICML_PIECLAM_020425/experiments/../clamiter.py:364:::  staring fit_feats for 500 iterations


/home/daniel.z/ICML_PIECLAM_020425/experiments/../clamiter.py:364:::  staring fit_prior for 2000 iterations


/home/daniel.z/ICML_PIECLAM_020425/experiments/../clamiter.py:704:::  
fit end, no early stopping


/home/daniel.z/ICML_PIECLAM_020425/experiments/../trainer.py:419:::  
train_model_on_params on pieclam squirrel 
took 2083.326733350754 seconds


/home/daniel.z/ICML_PIECLAM_020425/experiments/../trainer.py:437:::  


FINISHED train 
 last accuracies:
test
key='auc': 0.9840807523101669
val
key='auc': 0.9843349320017301




/home/daniel.z/ICML_PIECLAM_020425/experiments/optimization_utils.py:648:::  Repetition no. 0


/home/daniel.z/ICML_PIECLAM_020425/experiments/../trainer.py:161:::  
Using dataset specific configuration and not global 




/home/daniel.z/ICML_PIECLAM_020425/experiments/../trainer.py:335:::  
 2025-05-27 05:16:46 starting optimization of pieclam on squirrel on device cuda

 configs_dict: 
{
    "clamiter_init": {
        "dim_feat": 100,
        "dim_attr": 100,
        "s_reg": 0.1,
        "l1_reg": 1,
        "T": 1,
        "hidden_dim": 64,
        "num_coupling_blocks": 32,
        "num_layers_mlp": 2
    },
    "feat_opt": {
        "lr": 5e-07,
        "n_iter": 500,
        "early_stop": 0
    },
    "prior_opt": {
        "n_iter": 2000,
        "lr": 5e-06,
        "noise_amp": 0.1,
        "weight_decay": 0.1,
        "early_stop": 0
    },
    "back_forth": {
        "n_back_forth": 7,
        "scheduler_step_size": 3,
        "scheduler_gamma": 0.5,
        "early_stop_fit": 0,
        "first_func_in_fit": "fit_feats"
    }
}


/home/daniel.z/ICML_PIECLAM_020425/experiments/../clamiter.py:577:::  
in fit,
first_func_in_fit='fit_feats'
second_function_name='fit_prior'


/home/daniel.z/ICML_PIECLAM_020425/experiments/../clamiter.py:637:::  
back and forth 1/7


/home/daniel.z/ICML_PIECLAM_020425/experiments/../clamiter.py:364:::  staring fit_feats for 500 iterations


/home/daniel.z/ICML_PIECLAM_020425/experiments/../clamiter.py:364:::  staring fit_prior for 2000 iterations


/home/daniel.z/ICML_PIECLAM_020425/experiments/../clamiter.py:637:::  
back and forth 2/7


/home/daniel.z/ICML_PIECLAM_020425/experiments/../clamiter.py:364:::  staring fit_feats for 500 iterations


/home/daniel.z/ICML_PIECLAM_020425/experiments/../clamiter.py:364:::  staring fit_prior for 2000 iterations


/home/daniel.z/ICML_PIECLAM_020425/experiments/../clamiter.py:637:::  
back and forth 3/7


/home/daniel.z/ICML_PIECLAM_020425/experiments/../clamiter.py:364:::  staring fit_feats for 500 iterations


/home/daniel.z/ICML_PIECLAM_020425/experiments/../clamiter.py:364:::  staring fit_prior for 2000 iterations


/home/daniel.z/ICML_PIECLAM_020425/experiments/../clamiter.py:637:::  
back and forth 4/7


/home/daniel.z/ICML_PIECLAM_020425/experiments/../clamiter.py:364:::  staring fit_feats for 500 iterations


/home/daniel.z/ICML_PIECLAM_020425/experiments/../clamiter.py:364:::  staring fit_prior for 2000 iterations


/home/daniel.z/ICML_PIECLAM_020425/experiments/../clamiter.py:637:::  
back and forth 5/7


/home/daniel.z/ICML_PIECLAM_020425/experiments/../clamiter.py:364:::  staring fit_feats for 500 iterations


/home/daniel.z/ICML_PIECLAM_020425/experiments/../clamiter.py:364:::  staring fit_prior for 2000 iterations


/home/daniel.z/ICML_PIECLAM_020425/experiments/../clamiter.py:637:::  
back and forth 6/7


/home/daniel.z/ICML_PIECLAM_020425/experiments/../clamiter.py:364:::  staring fit_feats for 500 iterations


/home/daniel.z/ICML_PIECLAM_020425/experiments/../clamiter.py:364:::  staring fit_prior for 2000 iterations


/home/daniel.z/ICML_PIECLAM_020425/experiments/../clamiter.py:637:::  
back and forth 7/7


/home/daniel.z/ICML_PIECLAM_020425/experiments/../clamiter.py:364:::  staring fit_feats for 500 iterations


/home/daniel.z/ICML_PIECLAM_020425/experiments/../clamiter.py:364:::  staring fit_prior for 2000 iterations


/home/daniel.z/ICML_PIECLAM_020425/experiments/../clamiter.py:704:::  
fit end, no early stopping


/home/daniel.z/ICML_PIECLAM_020425/experiments/../trainer.py:419:::  
train_model_on_params on pieclam squirrel 
took 1997.993733406067 seconds


/home/daniel.z/ICML_PIECLAM_020425/experiments/../trainer.py:437:::  


FINISHED train 
 last accuracies:
test
key='auc': 0.9022535664822937
val
key='auc': 0.9031531758628032




/home/daniel.z/ICML_PIECLAM_020425/experiments/optimization_utils.py:648:::  Repetition no. 0


/home/daniel.z/ICML_PIECLAM_020425/experiments/../trainer.py:161:::  
Using dataset specific configuration and not global 




/home/daniel.z/ICML_PIECLAM_020425/experiments/../trainer.py:335:::  
 2025-05-27 05:50:05 starting optimization of pieclam on squirrel on device cuda

 configs_dict: 
{
    "clamiter_init": {
        "dim_feat": 50,
        "dim_attr": 100,
        "s_reg": 0.1,
        "l1_reg": 1,
        "T": 1,
        "hidden_dim": 64,
        "num_coupling_blocks": 32,
        "num_layers_mlp": 2
    },
    "feat_opt": {
        "lr": 5e-06,
        "n_iter": 3000,
        "early_stop": 0
    },
    "prior_opt": {
        "n_iter": 2000,
        "lr": 5e-06,
        "noise_amp": 0.1,
        "weight_decay": 0.1,
        "early_stop": 0
    },
    "back_forth": {
        "n_back_forth": 7,
        "scheduler_step_size": 3,
        "scheduler_gamma": 0.5,
        "early_stop_fit": 0,
        "first_func_in_fit": "fit_feats"
    }
}


/home/daniel.z/ICML_PIECLAM_020425/experiments/../clamiter.py:577:::  
in fit,
first_func_in_fit='fit_feats'
second_function_name='fit_prior'


/home/daniel.z/ICML_PIECLAM_020425/experiments/../clamiter.py:637:::  
back and forth 1/7


/home/daniel.z/ICML_PIECLAM_020425/experiments/../clamiter.py:364:::  staring fit_feats for 3000 iterations


/home/daniel.z/ICML_PIECLAM_020425/experiments/../clamiter.py:364:::  staring fit_prior for 2000 iterations


/home/daniel.z/ICML_PIECLAM_020425/experiments/../clamiter.py:637:::  
back and forth 2/7


/home/daniel.z/ICML_PIECLAM_020425/experiments/../clamiter.py:364:::  staring fit_feats for 3000 iterations


/home/daniel.z/ICML_PIECLAM_020425/experiments/../clamiter.py:364:::  staring fit_prior for 2000 iterations


/home/daniel.z/ICML_PIECLAM_020425/experiments/../clamiter.py:637:::  
back and forth 3/7


/home/daniel.z/ICML_PIECLAM_020425/experiments/../clamiter.py:364:::  staring fit_feats for 3000 iterations


/home/daniel.z/ICML_PIECLAM_020425/experiments/../clamiter.py:364:::  staring fit_prior for 2000 iterations


/home/daniel.z/ICML_PIECLAM_020425/experiments/../clamiter.py:637:::  
back and forth 4/7


/home/daniel.z/ICML_PIECLAM_020425/experiments/../clamiter.py:364:::  staring fit_feats for 3000 iterations


/home/daniel.z/ICML_PIECLAM_020425/experiments/../clamiter.py:364:::  staring fit_prior for 2000 iterations


/home/daniel.z/ICML_PIECLAM_020425/experiments/../clamiter.py:637:::  
back and forth 5/7


/home/daniel.z/ICML_PIECLAM_020425/experiments/../clamiter.py:364:::  staring fit_feats for 3000 iterations


/home/daniel.z/ICML_PIECLAM_020425/experiments/../clamiter.py:364:::  staring fit_prior for 2000 iterations


/home/daniel.z/ICML_PIECLAM_020425/experiments/../clamiter.py:637:::  
back and forth 6/7


/home/daniel.z/ICML_PIECLAM_020425/experiments/../clamiter.py:364:::  staring fit_feats for 3000 iterations


/home/daniel.z/ICML_PIECLAM_020425/experiments/../clamiter.py:364:::  staring fit_prior for 2000 iterations


/home/daniel.z/ICML_PIECLAM_020425/experiments/../clamiter.py:637:::  
back and forth 7/7


/home/daniel.z/ICML_PIECLAM_020425/experiments/../clamiter.py:364:::  staring fit_feats for 3000 iterations


/home/daniel.z/ICML_PIECLAM_020425/experiments/../clamiter.py:364:::  staring fit_prior for 2000 iterations


/home/daniel.z/ICML_PIECLAM_020425/experiments/../clamiter.py:704:::  
fit end, no early stopping


/home/daniel.z/ICML_PIECLAM_020425/experiments/../trainer.py:419:::  
train_model_on_params on pieclam squirrel 
took 4481.886472225189 seconds


/home/daniel.z/ICML_PIECLAM_020425/experiments/../trainer.py:437:::  


FINISHED train 
 last accuracies:
test
key='auc': 0.9859721391107734
val
key='auc': 0.9862645569109052




/home/daniel.z/ICML_PIECLAM_020425/experiments/optimization_utils.py:648:::  Repetition no. 0


/home/daniel.z/ICML_PIECLAM_020425/experiments/../trainer.py:161:::  
Using dataset specific configuration and not global 




/home/daniel.z/ICML_PIECLAM_020425/experiments/../trainer.py:335:::  
 2025-05-27 07:04:47 starting optimization of pieclam on squirrel on device cuda

 configs_dict: 
{
    "clamiter_init": {
        "dim_feat": 100,
        "dim_attr": 100,
        "s_reg": 0.1,
        "l1_reg": 1,
        "T": 1,
        "hidden_dim": 64,
        "num_coupling_blocks": 32,
        "num_layers_mlp": 2
    },
    "feat_opt": {
        "lr": 5e-06,
        "n_iter": 1000,
        "early_stop": 0
    },
    "prior_opt": {
        "n_iter": 2000,
        "lr": 5e-06,
        "noise_amp": 0.1,
        "weight_decay": 0.1,
        "early_stop": 0
    },
    "back_forth": {
        "n_back_forth": 7,
        "scheduler_step_size": 3,
        "scheduler_gamma": 0.5,
        "early_stop_fit": 0,
        "first_func_in_fit": "fit_feats"
    }
}


/home/daniel.z/ICML_PIECLAM_020425/experiments/../clamiter.py:577:::  
in fit,
first_func_in_fit='fit_feats'
second_function_name='fit_prior'


/home/daniel.z/ICML_PIECLAM_020425/experiments/../clamiter.py:637:::  
back and forth 1/7


/home/daniel.z/ICML_PIECLAM_020425/experiments/../clamiter.py:364:::  staring fit_feats for 1000 iterations


/home/daniel.z/ICML_PIECLAM_020425/experiments/../clamiter.py:364:::  staring fit_prior for 2000 iterations


/home/daniel.z/ICML_PIECLAM_020425/experiments/../clamiter.py:637:::  
back and forth 2/7


/home/daniel.z/ICML_PIECLAM_020425/experiments/../clamiter.py:364:::  staring fit_feats for 1000 iterations


/home/daniel.z/ICML_PIECLAM_020425/experiments/../clamiter.py:364:::  staring fit_prior for 2000 iterations


/home/daniel.z/ICML_PIECLAM_020425/experiments/../clamiter.py:637:::  
back and forth 3/7


/home/daniel.z/ICML_PIECLAM_020425/experiments/../clamiter.py:364:::  staring fit_feats for 1000 iterations


/home/daniel.z/ICML_PIECLAM_020425/experiments/../clamiter.py:364:::  staring fit_prior for 2000 iterations


/home/daniel.z/ICML_PIECLAM_020425/experiments/../clamiter.py:637:::  
back and forth 4/7


/home/daniel.z/ICML_PIECLAM_020425/experiments/../clamiter.py:364:::  staring fit_feats for 1000 iterations


/home/daniel.z/ICML_PIECLAM_020425/experiments/../clamiter.py:364:::  staring fit_prior for 2000 iterations


/home/daniel.z/ICML_PIECLAM_020425/experiments/../clamiter.py:637:::  
back and forth 5/7


/home/daniel.z/ICML_PIECLAM_020425/experiments/../clamiter.py:364:::  staring fit_feats for 1000 iterations


/home/daniel.z/ICML_PIECLAM_020425/experiments/../clamiter.py:364:::  staring fit_prior for 2000 iterations


/home/daniel.z/ICML_PIECLAM_020425/experiments/../clamiter.py:637:::  
back and forth 6/7


/home/daniel.z/ICML_PIECLAM_020425/experiments/../clamiter.py:364:::  staring fit_feats for 1000 iterations


/home/daniel.z/ICML_PIECLAM_020425/experiments/../clamiter.py:364:::  staring fit_prior for 2000 iterations


/home/daniel.z/ICML_PIECLAM_020425/experiments/../clamiter.py:637:::  
back and forth 7/7


/home/daniel.z/ICML_PIECLAM_020425/experiments/../clamiter.py:364:::  staring fit_feats for 1000 iterations


/home/daniel.z/ICML_PIECLAM_020425/experiments/../clamiter.py:364:::  staring fit_prior for 2000 iterations


/home/daniel.z/ICML_PIECLAM_020425/experiments/../clamiter.py:704:::  
fit end, no early stopping


/home/daniel.z/ICML_PIECLAM_020425/experiments/../trainer.py:419:::  
train_model_on_params on pieclam squirrel 
took 2541.965641260147 seconds


/home/daniel.z/ICML_PIECLAM_020425/experiments/../trainer.py:437:::  


FINISHED train 
 last accuracies:
test
key='auc': 0.9872170050618964
val
key='auc': 0.9878240489277239




/home/daniel.z/ICML_PIECLAM_020425/experiments/optimization_utils.py:648:::  Repetition no. 0


/home/daniel.z/ICML_PIECLAM_020425/experiments/../trainer.py:161:::  
Using dataset specific configuration and not global 




/home/daniel.z/ICML_PIECLAM_020425/experiments/../trainer.py:335:::  
 2025-05-27 07:47:10 starting optimization of pieclam on squirrel on device cuda

 configs_dict: 
{
    "clamiter_init": {
        "dim_feat": 200,
        "dim_attr": 100,
        "s_reg": 0.1,
        "l1_reg": 1,
        "T": 1,
        "hidden_dim": 64,
        "num_coupling_blocks": 32,
        "num_layers_mlp": 2
    },
    "feat_opt": {
        "lr": 5e-07,
        "n_iter": 500,
        "early_stop": 0
    },
    "prior_opt": {
        "n_iter": 2000,
        "lr": 5e-06,
        "noise_amp": 0.1,
        "weight_decay": 0.1,
        "early_stop": 0
    },
    "back_forth": {
        "n_back_forth": 7,
        "scheduler_step_size": 3,
        "scheduler_gamma": 0.5,
        "early_stop_fit": 0,
        "first_func_in_fit": "fit_feats"
    }
}


/home/daniel.z/ICML_PIECLAM_020425/experiments/../clamiter.py:577:::  
in fit,
first_func_in_fit='fit_feats'
second_function_name='fit_prior'


/home/daniel.z/ICML_PIECLAM_020425/experiments/../clamiter.py:637:::  
back and forth 1/7


/home/daniel.z/ICML_PIECLAM_020425/experiments/../clamiter.py:364:::  staring fit_feats for 500 iterations


/home/daniel.z/ICML_PIECLAM_020425/experiments/../clamiter.py:364:::  staring fit_prior for 2000 iterations


/home/daniel.z/ICML_PIECLAM_020425/experiments/../clamiter.py:637:::  
back and forth 2/7


/home/daniel.z/ICML_PIECLAM_020425/experiments/../clamiter.py:364:::  staring fit_feats for 500 iterations


/home/daniel.z/ICML_PIECLAM_020425/experiments/../clamiter.py:364:::  staring fit_prior for 2000 iterations


/home/daniel.z/ICML_PIECLAM_020425/experiments/../clamiter.py:637:::  
back and forth 3/7


/home/daniel.z/ICML_PIECLAM_020425/experiments/../clamiter.py:364:::  staring fit_feats for 500 iterations


/home/daniel.z/ICML_PIECLAM_020425/experiments/../clamiter.py:364:::  staring fit_prior for 2000 iterations


/home/daniel.z/ICML_PIECLAM_020425/experiments/../clamiter.py:637:::  
back and forth 4/7


/home/daniel.z/ICML_PIECLAM_020425/experiments/../clamiter.py:364:::  staring fit_feats for 500 iterations


/home/daniel.z/ICML_PIECLAM_020425/experiments/../clamiter.py:364:::  staring fit_prior for 2000 iterations


/home/daniel.z/ICML_PIECLAM_020425/experiments/../clamiter.py:637:::  
back and forth 5/7


/home/daniel.z/ICML_PIECLAM_020425/experiments/../clamiter.py:364:::  staring fit_feats for 500 iterations


/home/daniel.z/ICML_PIECLAM_020425/experiments/../clamiter.py:364:::  staring fit_prior for 2000 iterations


/home/daniel.z/ICML_PIECLAM_020425/experiments/../clamiter.py:637:::  
back and forth 6/7


/home/daniel.z/ICML_PIECLAM_020425/experiments/../clamiter.py:364:::  staring fit_feats for 500 iterations


/home/daniel.z/ICML_PIECLAM_020425/experiments/../clamiter.py:364:::  staring fit_prior for 2000 iterations


/home/daniel.z/ICML_PIECLAM_020425/experiments/../clamiter.py:637:::  
back and forth 7/7


/home/daniel.z/ICML_PIECLAM_020425/experiments/../clamiter.py:364:::  staring fit_feats for 500 iterations


/home/daniel.z/ICML_PIECLAM_020425/experiments/../clamiter.py:364:::  staring fit_prior for 2000 iterations


/home/daniel.z/ICML_PIECLAM_020425/experiments/../clamiter.py:704:::  
fit end, no early stopping


/home/daniel.z/ICML_PIECLAM_020425/experiments/../trainer.py:419:::  
train_model_on_params on pieclam squirrel 
took 2133.5931947231293 seconds


/home/daniel.z/ICML_PIECLAM_020425/experiments/../trainer.py:437:::  


FINISHED train 
 last accuracies:
test
key='auc': 0.8960762694016591
val
key='auc': 0.8972727921116681




/home/daniel.z/ICML_PIECLAM_020425/experiments/optimization_utils.py:648:::  Repetition no. 0


/home/daniel.z/ICML_PIECLAM_020425/experiments/../trainer.py:161:::  
Using dataset specific configuration and not global 




/home/daniel.z/ICML_PIECLAM_020425/experiments/../trainer.py:335:::  
 2025-05-27 08:22:45 starting optimization of pieclam on squirrel on device cuda

 configs_dict: 
{
    "clamiter_init": {
        "dim_feat": 100,
        "dim_attr": 100,
        "s_reg": 0.0,
        "l1_reg": 1,
        "T": 1,
        "hidden_dim": 64,
        "num_coupling_blocks": 32,
        "num_layers_mlp": 2
    },
    "feat_opt": {
        "lr": 5e-06,
        "n_iter": 3000,
        "early_stop": 0
    },
    "prior_opt": {
        "n_iter": 2000,
        "lr": 5e-06,
        "noise_amp": 0.1,
        "weight_decay": 0.1,
        "early_stop": 0
    },
    "back_forth": {
        "n_back_forth": 7,
        "scheduler_step_size": 3,
        "scheduler_gamma": 0.5,
        "early_stop_fit": 0,
        "first_func_in_fit": "fit_feats"
    }
}


/home/daniel.z/ICML_PIECLAM_020425/experiments/../clamiter.py:577:::  
in fit,
first_func_in_fit='fit_feats'
second_function_name='fit_prior'


/home/daniel.z/ICML_PIECLAM_020425/experiments/../clamiter.py:637:::  
back and forth 1/7


/home/daniel.z/ICML_PIECLAM_020425/experiments/../clamiter.py:364:::  staring fit_feats for 3000 iterations


/home/daniel.z/ICML_PIECLAM_020425/experiments/../clamiter.py:364:::  staring fit_prior for 2000 iterations


/home/daniel.z/ICML_PIECLAM_020425/experiments/../clamiter.py:637:::  
back and forth 2/7


/home/daniel.z/ICML_PIECLAM_020425/experiments/../clamiter.py:364:::  staring fit_feats for 3000 iterations


/home/daniel.z/ICML_PIECLAM_020425/experiments/../clamiter.py:364:::  staring fit_prior for 2000 iterations


/home/daniel.z/ICML_PIECLAM_020425/experiments/../clamiter.py:637:::  
back and forth 3/7


/home/daniel.z/ICML_PIECLAM_020425/experiments/../clamiter.py:364:::  staring fit_feats for 3000 iterations


/home/daniel.z/ICML_PIECLAM_020425/experiments/../clamiter.py:364:::  staring fit_prior for 2000 iterations


/home/daniel.z/ICML_PIECLAM_020425/experiments/../clamiter.py:637:::  
back and forth 4/7


/home/daniel.z/ICML_PIECLAM_020425/experiments/../clamiter.py:364:::  staring fit_feats for 3000 iterations


/home/daniel.z/ICML_PIECLAM_020425/experiments/../clamiter.py:364:::  staring fit_prior for 2000 iterations


/home/daniel.z/ICML_PIECLAM_020425/experiments/../clamiter.py:637:::  
back and forth 5/7


/home/daniel.z/ICML_PIECLAM_020425/experiments/../clamiter.py:364:::  staring fit_feats for 3000 iterations


/home/daniel.z/ICML_PIECLAM_020425/experiments/../clamiter.py:364:::  staring fit_prior for 2000 iterations


/home/daniel.z/ICML_PIECLAM_020425/experiments/../clamiter.py:637:::  
back and forth 6/7


/home/daniel.z/ICML_PIECLAM_020425/experiments/../clamiter.py:364:::  staring fit_feats for 3000 iterations


/home/daniel.z/ICML_PIECLAM_020425/experiments/../clamiter.py:364:::  staring fit_prior for 2000 iterations


/home/daniel.z/ICML_PIECLAM_020425/experiments/../clamiter.py:637:::  
back and forth 7/7


/home/daniel.z/ICML_PIECLAM_020425/experiments/../clamiter.py:364:::  staring fit_feats for 3000 iterations


/home/daniel.z/ICML_PIECLAM_020425/experiments/../clamiter.py:364:::  staring fit_prior for 2000 iterations


/home/daniel.z/ICML_PIECLAM_020425/experiments/../clamiter.py:704:::  
fit end, no early stopping


/home/daniel.z/ICML_PIECLAM_020425/experiments/../trainer.py:419:::  
train_model_on_params on pieclam squirrel 
took 4825.1284782886505 seconds


/home/daniel.z/ICML_PIECLAM_020425/experiments/../trainer.py:437:::  


FINISHED train 
 last accuracies:
test
key='auc': 0.9875609550802005
val
key='auc': 0.988527850357771




/home/daniel.z/ICML_PIECLAM_020425/experiments/optimization_utils.py:648:::  Repetition no. 0


/home/daniel.z/ICML_PIECLAM_020425/experiments/../trainer.py:161:::  
Using dataset specific configuration and not global 




/home/daniel.z/ICML_PIECLAM_020425/experiments/../trainer.py:335:::  
 2025-05-27 09:43:11 starting optimization of pieclam on squirrel on device cuda

 configs_dict: 
{
    "clamiter_init": {
        "dim_feat": 100,
        "dim_attr": 100,
        "s_reg": 0.0,
        "l1_reg": 1,
        "T": 1,
        "hidden_dim": 64,
        "num_coupling_blocks": 32,
        "num_layers_mlp": 2
    },
    "feat_opt": {
        "lr": 5e-07,
        "n_iter": 3000,
        "early_stop": 0
    },
    "prior_opt": {
        "n_iter": 2000,
        "lr": 5e-06,
        "noise_amp": 0.1,
        "weight_decay": 0.1,
        "early_stop": 0
    },
    "back_forth": {
        "n_back_forth": 7,
        "scheduler_step_size": 3,
        "scheduler_gamma": 0.5,
        "early_stop_fit": 0,
        "first_func_in_fit": "fit_feats"
    }
}


/home/daniel.z/ICML_PIECLAM_020425/experiments/../clamiter.py:577:::  
in fit,
first_func_in_fit='fit_feats'
second_function_name='fit_prior'


/home/daniel.z/ICML_PIECLAM_020425/experiments/../clamiter.py:637:::  
back and forth 1/7


/home/daniel.z/ICML_PIECLAM_020425/experiments/../clamiter.py:364:::  staring fit_feats for 3000 iterations


/home/daniel.z/ICML_PIECLAM_020425/experiments/../clamiter.py:364:::  staring fit_prior for 2000 iterations


/home/daniel.z/ICML_PIECLAM_020425/experiments/../clamiter.py:637:::  
back and forth 2/7


/home/daniel.z/ICML_PIECLAM_020425/experiments/../clamiter.py:364:::  staring fit_feats for 3000 iterations


/home/daniel.z/ICML_PIECLAM_020425/experiments/../clamiter.py:364:::  staring fit_prior for 2000 iterations


/home/daniel.z/ICML_PIECLAM_020425/experiments/../clamiter.py:637:::  
back and forth 3/7


/home/daniel.z/ICML_PIECLAM_020425/experiments/../clamiter.py:364:::  staring fit_feats for 3000 iterations


/home/daniel.z/ICML_PIECLAM_020425/experiments/../clamiter.py:364:::  staring fit_prior for 2000 iterations


/home/daniel.z/ICML_PIECLAM_020425/experiments/../clamiter.py:637:::  
back and forth 4/7


/home/daniel.z/ICML_PIECLAM_020425/experiments/../clamiter.py:364:::  staring fit_feats for 3000 iterations


/home/daniel.z/ICML_PIECLAM_020425/experiments/../clamiter.py:364:::  staring fit_prior for 2000 iterations


/home/daniel.z/ICML_PIECLAM_020425/experiments/../clamiter.py:637:::  
back and forth 5/7


/home/daniel.z/ICML_PIECLAM_020425/experiments/../clamiter.py:364:::  staring fit_feats for 3000 iterations


/home/daniel.z/ICML_PIECLAM_020425/experiments/../clamiter.py:364:::  staring fit_prior for 2000 iterations


/home/daniel.z/ICML_PIECLAM_020425/experiments/../clamiter.py:637:::  
back and forth 6/7


/home/daniel.z/ICML_PIECLAM_020425/experiments/../clamiter.py:364:::  staring fit_feats for 3000 iterations


/home/daniel.z/ICML_PIECLAM_020425/experiments/../clamiter.py:364:::  staring fit_prior for 2000 iterations


/home/daniel.z/ICML_PIECLAM_020425/experiments/../clamiter.py:637:::  
back and forth 7/7


/home/daniel.z/ICML_PIECLAM_020425/experiments/../clamiter.py:364:::  staring fit_feats for 3000 iterations


/home/daniel.z/ICML_PIECLAM_020425/experiments/../clamiter.py:364:::  staring fit_prior for 2000 iterations


/home/daniel.z/ICML_PIECLAM_020425/experiments/../clamiter.py:704:::  
fit end, no early stopping


/home/daniel.z/ICML_PIECLAM_020425/experiments/../trainer.py:419:::  
train_model_on_params on pieclam squirrel 
took 4870.276890039444 seconds


/home/daniel.z/ICML_PIECLAM_020425/experiments/../trainer.py:437:::  


FINISHED train 
 last accuracies:
test
key='auc': 0.9788407297693964
val
key='auc': 0.9786874009088906




/home/daniel.z/ICML_PIECLAM_020425/experiments/optimization_utils.py:648:::  Repetition no. 0


/home/daniel.z/ICML_PIECLAM_020425/experiments/../trainer.py:161:::  
Using dataset specific configuration and not global 




/home/daniel.z/ICML_PIECLAM_020425/experiments/../trainer.py:335:::  
 2025-05-27 11:04:23 starting optimization of pieclam on squirrel on device cuda

 configs_dict: 
{
    "clamiter_init": {
        "dim_feat": 100,
        "dim_attr": 100,
        "s_reg": 0.1,
        "l1_reg": 1,
        "T": 1,
        "hidden_dim": 64,
        "num_coupling_blocks": 32,
        "num_layers_mlp": 2
    },
    "feat_opt": {
        "lr": 5e-06,
        "n_iter": 3000,
        "early_stop": 0
    },
    "prior_opt": {
        "n_iter": 2000,
        "lr": 5e-06,
        "noise_amp": 0.1,
        "weight_decay": 0.1,
        "early_stop": 0
    },
    "back_forth": {
        "n_back_forth": 7,
        "scheduler_step_size": 3,
        "scheduler_gamma": 0.5,
        "early_stop_fit": 0,
        "first_func_in_fit": "fit_feats"
    }
}


/home/daniel.z/ICML_PIECLAM_020425/experiments/../clamiter.py:577:::  
in fit,
first_func_in_fit='fit_feats'
second_function_name='fit_prior'


/home/daniel.z/ICML_PIECLAM_020425/experiments/../clamiter.py:637:::  
back and forth 1/7


/home/daniel.z/ICML_PIECLAM_020425/experiments/../clamiter.py:364:::  staring fit_feats for 3000 iterations


/home/daniel.z/ICML_PIECLAM_020425/experiments/../clamiter.py:364:::  staring fit_prior for 2000 iterations


/home/daniel.z/ICML_PIECLAM_020425/experiments/../clamiter.py:637:::  
back and forth 2/7


/home/daniel.z/ICML_PIECLAM_020425/experiments/../clamiter.py:364:::  staring fit_feats for 3000 iterations


/home/daniel.z/ICML_PIECLAM_020425/experiments/../clamiter.py:364:::  staring fit_prior for 2000 iterations


/home/daniel.z/ICML_PIECLAM_020425/experiments/../clamiter.py:637:::  
back and forth 3/7


/home/daniel.z/ICML_PIECLAM_020425/experiments/../clamiter.py:364:::  staring fit_feats for 3000 iterations


/home/daniel.z/ICML_PIECLAM_020425/experiments/../clamiter.py:364:::  staring fit_prior for 2000 iterations


/home/daniel.z/ICML_PIECLAM_020425/experiments/../clamiter.py:637:::  
back and forth 4/7


/home/daniel.z/ICML_PIECLAM_020425/experiments/../clamiter.py:364:::  staring fit_feats for 3000 iterations


/home/daniel.z/ICML_PIECLAM_020425/experiments/../clamiter.py:364:::  staring fit_prior for 2000 iterations


/home/daniel.z/ICML_PIECLAM_020425/experiments/../clamiter.py:637:::  
back and forth 5/7


/home/daniel.z/ICML_PIECLAM_020425/experiments/../clamiter.py:364:::  staring fit_feats for 3000 iterations


/home/daniel.z/ICML_PIECLAM_020425/experiments/../clamiter.py:364:::  staring fit_prior for 2000 iterations


/home/daniel.z/ICML_PIECLAM_020425/experiments/../clamiter.py:637:::  
back and forth 6/7


/home/daniel.z/ICML_PIECLAM_020425/experiments/../clamiter.py:364:::  staring fit_feats for 3000 iterations


/home/daniel.z/ICML_PIECLAM_020425/experiments/../clamiter.py:364:::  staring fit_prior for 2000 iterations


/home/daniel.z/ICML_PIECLAM_020425/experiments/../clamiter.py:637:::  
back and forth 7/7


/home/daniel.z/ICML_PIECLAM_020425/experiments/../clamiter.py:364:::  staring fit_feats for 3000 iterations


/home/daniel.z/ICML_PIECLAM_020425/experiments/../clamiter.py:364:::  staring fit_prior for 2000 iterations


/home/daniel.z/ICML_PIECLAM_020425/experiments/../clamiter.py:704:::  
fit end, no early stopping


/home/daniel.z/ICML_PIECLAM_020425/experiments/../trainer.py:419:::  
train_model_on_params on pieclam squirrel 
took 4841.743776321411 seconds


/home/daniel.z/ICML_PIECLAM_020425/experiments/../trainer.py:437:::  


FINISHED train 
 last accuracies:
test
key='auc': 0.9890636966023133
val
key='auc': 0.9889123324367574




/home/daniel.z/ICML_PIECLAM_020425/experiments/optimization_utils.py:648:::  Repetition no. 0


/home/daniel.z/ICML_PIECLAM_020425/experiments/../trainer.py:161:::  
Using dataset specific configuration and not global 




/home/daniel.z/ICML_PIECLAM_020425/experiments/../trainer.py:335:::  
 2025-05-27 12:25:06 starting optimization of pieclam on squirrel on device cuda

 configs_dict: 
{
    "clamiter_init": {
        "dim_feat": 100,
        "dim_attr": 100,
        "s_reg": 0.0,
        "l1_reg": 1,
        "T": 1,
        "hidden_dim": 64,
        "num_coupling_blocks": 32,
        "num_layers_mlp": 2
    },
    "feat_opt": {
        "lr": 5e-06,
        "n_iter": 1000,
        "early_stop": 0
    },
    "prior_opt": {
        "n_iter": 2000,
        "lr": 5e-06,
        "noise_amp": 0.1,
        "weight_decay": 0.1,
        "early_stop": 0
    },
    "back_forth": {
        "n_back_forth": 7,
        "scheduler_step_size": 3,
        "scheduler_gamma": 0.5,
        "early_stop_fit": 0,
        "first_func_in_fit": "fit_feats"
    }
}


/home/daniel.z/ICML_PIECLAM_020425/experiments/../clamiter.py:577:::  
in fit,
first_func_in_fit='fit_feats'
second_function_name='fit_prior'


/home/daniel.z/ICML_PIECLAM_020425/experiments/../clamiter.py:637:::  
back and forth 1/7


/home/daniel.z/ICML_PIECLAM_020425/experiments/../clamiter.py:364:::  staring fit_feats for 1000 iterations


/home/daniel.z/ICML_PIECLAM_020425/experiments/../clamiter.py:364:::  staring fit_prior for 2000 iterations


/home/daniel.z/ICML_PIECLAM_020425/experiments/../clamiter.py:637:::  
back and forth 2/7


/home/daniel.z/ICML_PIECLAM_020425/experiments/../clamiter.py:364:::  staring fit_feats for 1000 iterations


/home/daniel.z/ICML_PIECLAM_020425/experiments/../clamiter.py:364:::  staring fit_prior for 2000 iterations


/home/daniel.z/ICML_PIECLAM_020425/experiments/../clamiter.py:637:::  
back and forth 3/7


/home/daniel.z/ICML_PIECLAM_020425/experiments/../clamiter.py:364:::  staring fit_feats for 1000 iterations


/home/daniel.z/ICML_PIECLAM_020425/experiments/../clamiter.py:364:::  staring fit_prior for 2000 iterations


/home/daniel.z/ICML_PIECLAM_020425/experiments/../clamiter.py:637:::  
back and forth 4/7


/home/daniel.z/ICML_PIECLAM_020425/experiments/../clamiter.py:364:::  staring fit_feats for 1000 iterations


/home/daniel.z/ICML_PIECLAM_020425/experiments/../clamiter.py:364:::  staring fit_prior for 2000 iterations


/home/daniel.z/ICML_PIECLAM_020425/experiments/../clamiter.py:637:::  
back and forth 5/7


/home/daniel.z/ICML_PIECLAM_020425/experiments/../clamiter.py:364:::  staring fit_feats for 1000 iterations


/home/daniel.z/ICML_PIECLAM_020425/experiments/../clamiter.py:364:::  staring fit_prior for 2000 iterations


/home/daniel.z/ICML_PIECLAM_020425/experiments/../clamiter.py:637:::  
back and forth 6/7


/home/daniel.z/ICML_PIECLAM_020425/experiments/../clamiter.py:364:::  staring fit_feats for 1000 iterations


/home/daniel.z/ICML_PIECLAM_020425/experiments/../clamiter.py:364:::  staring fit_prior for 2000 iterations


/home/daniel.z/ICML_PIECLAM_020425/experiments/../clamiter.py:637:::  
back and forth 7/7


/home/daniel.z/ICML_PIECLAM_020425/experiments/../clamiter.py:364:::  staring fit_feats for 1000 iterations


/home/daniel.z/ICML_PIECLAM_020425/experiments/../clamiter.py:364:::  staring fit_prior for 2000 iterations


/home/daniel.z/ICML_PIECLAM_020425/experiments/../clamiter.py:704:::  
fit end, no early stopping


/home/daniel.z/ICML_PIECLAM_020425/experiments/../trainer.py:419:::  
train_model_on_params on pieclam squirrel 
took 2566.4398517608643 seconds


/home/daniel.z/ICML_PIECLAM_020425/experiments/../trainer.py:437:::  


FINISHED train 
 last accuracies:
test
key='auc': 0.987294036706768
val
key='auc': 0.9879629069798223




/home/daniel.z/ICML_PIECLAM_020425/experiments/optimization_utils.py:648:::  Repetition no. 0


/home/daniel.z/ICML_PIECLAM_020425/experiments/../trainer.py:161:::  
Using dataset specific configuration and not global 




/home/daniel.z/ICML_PIECLAM_020425/experiments/../trainer.py:335:::  
 2025-05-27 13:07:53 starting optimization of pieclam on squirrel on device cuda

 configs_dict: 
{
    "clamiter_init": {
        "dim_feat": 50,
        "dim_attr": 100,
        "s_reg": 0.1,
        "l1_reg": 1,
        "T": 1,
        "hidden_dim": 64,
        "num_coupling_blocks": 32,
        "num_layers_mlp": 2
    },
    "feat_opt": {
        "lr": 5e-06,
        "n_iter": 1000,
        "early_stop": 0
    },
    "prior_opt": {
        "n_iter": 2000,
        "lr": 5e-06,
        "noise_amp": 0.1,
        "weight_decay": 0.1,
        "early_stop": 0
    },
    "back_forth": {
        "n_back_forth": 7,
        "scheduler_step_size": 3,
        "scheduler_gamma": 0.5,
        "early_stop_fit": 0,
        "first_func_in_fit": "fit_feats"
    }
}


/home/daniel.z/ICML_PIECLAM_020425/experiments/../clamiter.py:577:::  
in fit,
first_func_in_fit='fit_feats'
second_function_name='fit_prior'


/home/daniel.z/ICML_PIECLAM_020425/experiments/../clamiter.py:637:::  
back and forth 1/7


/home/daniel.z/ICML_PIECLAM_020425/experiments/../clamiter.py:364:::  staring fit_feats for 1000 iterations


/home/daniel.z/ICML_PIECLAM_020425/experiments/../clamiter.py:364:::  staring fit_prior for 2000 iterations


/home/daniel.z/ICML_PIECLAM_020425/experiments/../clamiter.py:637:::  
back and forth 2/7


/home/daniel.z/ICML_PIECLAM_020425/experiments/../clamiter.py:364:::  staring fit_feats for 1000 iterations


/home/daniel.z/ICML_PIECLAM_020425/experiments/../clamiter.py:364:::  staring fit_prior for 2000 iterations


/home/daniel.z/ICML_PIECLAM_020425/experiments/../clamiter.py:637:::  
back and forth 3/7


/home/daniel.z/ICML_PIECLAM_020425/experiments/../clamiter.py:364:::  staring fit_feats for 1000 iterations


/home/daniel.z/ICML_PIECLAM_020425/experiments/../clamiter.py:364:::  staring fit_prior for 2000 iterations


/home/daniel.z/ICML_PIECLAM_020425/experiments/../clamiter.py:637:::  
back and forth 4/7


/home/daniel.z/ICML_PIECLAM_020425/experiments/../clamiter.py:364:::  staring fit_feats for 1000 iterations


/home/daniel.z/ICML_PIECLAM_020425/experiments/../clamiter.py:364:::  staring fit_prior for 2000 iterations


/home/daniel.z/ICML_PIECLAM_020425/experiments/../clamiter.py:637:::  
back and forth 5/7


/home/daniel.z/ICML_PIECLAM_020425/experiments/../clamiter.py:364:::  staring fit_feats for 1000 iterations


/home/daniel.z/ICML_PIECLAM_020425/experiments/../clamiter.py:364:::  staring fit_prior for 2000 iterations


/home/daniel.z/ICML_PIECLAM_020425/experiments/../clamiter.py:637:::  
back and forth 6/7


/home/daniel.z/ICML_PIECLAM_020425/experiments/../clamiter.py:364:::  staring fit_feats for 1000 iterations


/home/daniel.z/ICML_PIECLAM_020425/experiments/../clamiter.py:364:::  staring fit_prior for 2000 iterations


/home/daniel.z/ICML_PIECLAM_020425/experiments/../clamiter.py:637:::  
back and forth 7/7


/home/daniel.z/ICML_PIECLAM_020425/experiments/../clamiter.py:364:::  staring fit_feats for 1000 iterations


/home/daniel.z/ICML_PIECLAM_020425/experiments/../clamiter.py:364:::  staring fit_prior for 2000 iterations


/home/daniel.z/ICML_PIECLAM_020425/experiments/../clamiter.py:704:::  
fit end, no early stopping


/home/daniel.z/ICML_PIECLAM_020425/experiments/../trainer.py:419:::  
train_model_on_params on pieclam squirrel 
took 2468.501656293869 seconds


/home/daniel.z/ICML_PIECLAM_020425/experiments/../trainer.py:437:::  


FINISHED train 
 last accuracies:
test
key='auc': 0.9855236246965549
val
key='auc': 0.984856013064008




/home/daniel.z/ICML_PIECLAM_020425/experiments/optimization_utils.py:648:::  Repetition no. 0


/home/daniel.z/ICML_PIECLAM_020425/experiments/../trainer.py:161:::  
Using dataset specific configuration and not global 




/home/daniel.z/ICML_PIECLAM_020425/experiments/../trainer.py:335:::  
 2025-05-27 13:49:02 starting optimization of pieclam on squirrel on device cuda

 configs_dict: 
{
    "clamiter_init": {
        "dim_feat": 200,
        "dim_attr": 100,
        "s_reg": 0.0,
        "l1_reg": 1,
        "T": 1,
        "hidden_dim": 64,
        "num_coupling_blocks": 32,
        "num_layers_mlp": 2
    },
    "feat_opt": {
        "lr": 5e-06,
        "n_iter": 3000,
        "early_stop": 0
    },
    "prior_opt": {
        "n_iter": 2000,
        "lr": 5e-06,
        "noise_amp": 0.1,
        "weight_decay": 0.1,
        "early_stop": 0
    },
    "back_forth": {
        "n_back_forth": 7,
        "scheduler_step_size": 3,
        "scheduler_gamma": 0.5,
        "early_stop_fit": 0,
        "first_func_in_fit": "fit_feats"
    }
}


/home/daniel.z/ICML_PIECLAM_020425/experiments/../clamiter.py:577:::  
in fit,
first_func_in_fit='fit_feats'
second_function_name='fit_prior'


/home/daniel.z/ICML_PIECLAM_020425/experiments/../clamiter.py:637:::  
back and forth 1/7


/home/daniel.z/ICML_PIECLAM_020425/experiments/../clamiter.py:364:::  staring fit_feats for 3000 iterations


/home/daniel.z/ICML_PIECLAM_020425/experiments/../clamiter.py:364:::  staring fit_prior for 2000 iterations


/home/daniel.z/ICML_PIECLAM_020425/experiments/../clamiter.py:637:::  
back and forth 2/7


/home/daniel.z/ICML_PIECLAM_020425/experiments/../clamiter.py:364:::  staring fit_feats for 3000 iterations


/home/daniel.z/ICML_PIECLAM_020425/experiments/../clamiter.py:364:::  staring fit_prior for 2000 iterations


/home/daniel.z/ICML_PIECLAM_020425/experiments/../clamiter.py:637:::  
back and forth 3/7


/home/daniel.z/ICML_PIECLAM_020425/experiments/../clamiter.py:364:::  staring fit_feats for 3000 iterations


/home/daniel.z/ICML_PIECLAM_020425/experiments/../clamiter.py:364:::  staring fit_prior for 2000 iterations


/home/daniel.z/ICML_PIECLAM_020425/experiments/../clamiter.py:637:::  
back and forth 4/7


/home/daniel.z/ICML_PIECLAM_020425/experiments/../clamiter.py:364:::  staring fit_feats for 3000 iterations


/home/daniel.z/ICML_PIECLAM_020425/experiments/../clamiter.py:364:::  staring fit_prior for 2000 iterations


/home/daniel.z/ICML_PIECLAM_020425/experiments/../clamiter.py:637:::  
back and forth 5/7


/home/daniel.z/ICML_PIECLAM_020425/experiments/../clamiter.py:364:::  staring fit_feats for 3000 iterations


/home/daniel.z/ICML_PIECLAM_020425/experiments/../clamiter.py:364:::  staring fit_prior for 2000 iterations


/home/daniel.z/ICML_PIECLAM_020425/experiments/../clamiter.py:637:::  
back and forth 6/7


/home/daniel.z/ICML_PIECLAM_020425/experiments/../clamiter.py:364:::  staring fit_feats for 3000 iterations


/home/daniel.z/ICML_PIECLAM_020425/experiments/../clamiter.py:364:::  staring fit_prior for 2000 iterations


/home/daniel.z/ICML_PIECLAM_020425/experiments/../clamiter.py:637:::  
back and forth 7/7


/home/daniel.z/ICML_PIECLAM_020425/experiments/../clamiter.py:364:::  staring fit_feats for 3000 iterations


/home/daniel.z/ICML_PIECLAM_020425/experiments/../clamiter.py:364:::  staring fit_prior for 2000 iterations


/home/daniel.z/ICML_PIECLAM_020425/experiments/../clamiter.py:704:::  
fit end, no early stopping


/home/daniel.z/ICML_PIECLAM_020425/experiments/../trainer.py:419:::  
train_model_on_params on pieclam squirrel 
took 5562.384894609451 seconds


/home/daniel.z/ICML_PIECLAM_020425/experiments/../trainer.py:437:::  


FINISHED train 
 last accuracies:
test
key='auc': 0.9881887940377837
val
key='auc': 0.9884337142668687




/home/daniel.z/ICML_PIECLAM_020425/experiments/optimization_utils.py:648:::  Repetition no. 0


/home/daniel.z/ICML_PIECLAM_020425/experiments/../trainer.py:161:::  
Using dataset specific configuration and not global 




/home/daniel.z/ICML_PIECLAM_020425/experiments/../trainer.py:335:::  
 2025-05-27 15:21:45 starting optimization of pieclam on squirrel on device cuda

 configs_dict: 
{
    "clamiter_init": {
        "dim_feat": 200,
        "dim_attr": 100,
        "s_reg": 0.1,
        "l1_reg": 1,
        "T": 1,
        "hidden_dim": 64,
        "num_coupling_blocks": 32,
        "num_layers_mlp": 2
    },
    "feat_opt": {
        "lr": 5e-07,
        "n_iter": 3000,
        "early_stop": 0
    },
    "prior_opt": {
        "n_iter": 2000,
        "lr": 5e-06,
        "noise_amp": 0.1,
        "weight_decay": 0.1,
        "early_stop": 0
    },
    "back_forth": {
        "n_back_forth": 7,
        "scheduler_step_size": 3,
        "scheduler_gamma": 0.5,
        "early_stop_fit": 0,
        "first_func_in_fit": "fit_feats"
    }
}


/home/daniel.z/ICML_PIECLAM_020425/experiments/../clamiter.py:577:::  
in fit,
first_func_in_fit='fit_feats'
second_function_name='fit_prior'


/home/daniel.z/ICML_PIECLAM_020425/experiments/../clamiter.py:637:::  
back and forth 1/7


/home/daniel.z/ICML_PIECLAM_020425/experiments/../clamiter.py:364:::  staring fit_feats for 3000 iterations


/home/daniel.z/ICML_PIECLAM_020425/experiments/../clamiter.py:364:::  staring fit_prior for 2000 iterations


/home/daniel.z/ICML_PIECLAM_020425/experiments/../clamiter.py:637:::  
back and forth 2/7


/home/daniel.z/ICML_PIECLAM_020425/experiments/../clamiter.py:364:::  staring fit_feats for 3000 iterations


/home/daniel.z/ICML_PIECLAM_020425/experiments/../clamiter.py:364:::  staring fit_prior for 2000 iterations


/home/daniel.z/ICML_PIECLAM_020425/experiments/../clamiter.py:637:::  
back and forth 3/7


/home/daniel.z/ICML_PIECLAM_020425/experiments/../clamiter.py:364:::  staring fit_feats for 3000 iterations


/home/daniel.z/ICML_PIECLAM_020425/experiments/../clamiter.py:364:::  staring fit_prior for 2000 iterations


/home/daniel.z/ICML_PIECLAM_020425/experiments/../clamiter.py:637:::  
back and forth 4/7


/home/daniel.z/ICML_PIECLAM_020425/experiments/../clamiter.py:364:::  staring fit_feats for 3000 iterations


/home/daniel.z/ICML_PIECLAM_020425/experiments/../clamiter.py:364:::  staring fit_prior for 2000 iterations


/home/daniel.z/ICML_PIECLAM_020425/experiments/../clamiter.py:637:::  
back and forth 5/7


/home/daniel.z/ICML_PIECLAM_020425/experiments/../clamiter.py:364:::  staring fit_feats for 3000 iterations


/home/daniel.z/ICML_PIECLAM_020425/experiments/../clamiter.py:364:::  staring fit_prior for 2000 iterations


/home/daniel.z/ICML_PIECLAM_020425/experiments/../clamiter.py:637:::  
back and forth 6/7


/home/daniel.z/ICML_PIECLAM_020425/experiments/../clamiter.py:364:::  staring fit_feats for 3000 iterations


/home/daniel.z/ICML_PIECLAM_020425/experiments/../clamiter.py:364:::  staring fit_prior for 2000 iterations


/home/daniel.z/ICML_PIECLAM_020425/experiments/../clamiter.py:637:::  
back and forth 7/7


/home/daniel.z/ICML_PIECLAM_020425/experiments/../clamiter.py:364:::  staring fit_feats for 3000 iterations


/home/daniel.z/ICML_PIECLAM_020425/experiments/../clamiter.py:364:::  staring fit_prior for 2000 iterations


/home/daniel.z/ICML_PIECLAM_020425/experiments/../clamiter.py:704:::  
fit end, no early stopping


/home/daniel.z/ICML_PIECLAM_020425/experiments/../trainer.py:419:::  
train_model_on_params on pieclam squirrel 
took 5343.945785999298 seconds


/home/daniel.z/ICML_PIECLAM_020425/experiments/../trainer.py:437:::  


FINISHED train 
 last accuracies:
test
key='auc': 0.977805981875768
val
key='auc': 0.9781357116705622




/home/daniel.z/ICML_PIECLAM_020425/experiments/optimization_utils.py:648:::  Repetition no. 0


/home/daniel.z/ICML_PIECLAM_020425/experiments/../trainer.py:161:::  
Using dataset specific configuration and not global 




/home/daniel.z/ICML_PIECLAM_020425/experiments/../trainer.py:335:::  
 2025-05-27 16:50:50 starting optimization of pieclam on squirrel on device cuda

 configs_dict: 
{
    "clamiter_init": {
        "dim_feat": 100,
        "dim_attr": 100,
        "s_reg": 0.0,
        "l1_reg": 1,
        "T": 1,
        "hidden_dim": 64,
        "num_coupling_blocks": 32,
        "num_layers_mlp": 2
    },
    "feat_opt": {
        "lr": 5e-06,
        "n_iter": 500,
        "early_stop": 0
    },
    "prior_opt": {
        "n_iter": 2000,
        "lr": 5e-06,
        "noise_amp": 0.1,
        "weight_decay": 0.1,
        "early_stop": 0
    },
    "back_forth": {
        "n_back_forth": 7,
        "scheduler_step_size": 3,
        "scheduler_gamma": 0.5,
        "early_stop_fit": 0,
        "first_func_in_fit": "fit_feats"
    }
}


/home/daniel.z/ICML_PIECLAM_020425/experiments/../clamiter.py:577:::  
in fit,
first_func_in_fit='fit_feats'
second_function_name='fit_prior'


/home/daniel.z/ICML_PIECLAM_020425/experiments/../clamiter.py:637:::  
back and forth 1/7


/home/daniel.z/ICML_PIECLAM_020425/experiments/../clamiter.py:364:::  staring fit_feats for 500 iterations


/home/daniel.z/ICML_PIECLAM_020425/experiments/../clamiter.py:364:::  staring fit_prior for 2000 iterations


/home/daniel.z/ICML_PIECLAM_020425/experiments/../clamiter.py:637:::  
back and forth 2/7


/home/daniel.z/ICML_PIECLAM_020425/experiments/../clamiter.py:364:::  staring fit_feats for 500 iterations


/home/daniel.z/ICML_PIECLAM_020425/experiments/../clamiter.py:364:::  staring fit_prior for 2000 iterations


/home/daniel.z/ICML_PIECLAM_020425/experiments/../clamiter.py:637:::  
back and forth 3/7


/home/daniel.z/ICML_PIECLAM_020425/experiments/../clamiter.py:364:::  staring fit_feats for 500 iterations


/home/daniel.z/ICML_PIECLAM_020425/experiments/../clamiter.py:364:::  staring fit_prior for 2000 iterations


/home/daniel.z/ICML_PIECLAM_020425/experiments/../clamiter.py:637:::  
back and forth 4/7


/home/daniel.z/ICML_PIECLAM_020425/experiments/../clamiter.py:364:::  staring fit_feats for 500 iterations


/home/daniel.z/ICML_PIECLAM_020425/experiments/../clamiter.py:364:::  staring fit_prior for 2000 iterations


/home/daniel.z/ICML_PIECLAM_020425/experiments/../clamiter.py:637:::  
back and forth 5/7


/home/daniel.z/ICML_PIECLAM_020425/experiments/../clamiter.py:364:::  staring fit_feats for 500 iterations


/home/daniel.z/ICML_PIECLAM_020425/experiments/../clamiter.py:364:::  staring fit_prior for 2000 iterations


/home/daniel.z/ICML_PIECLAM_020425/experiments/../clamiter.py:637:::  
back and forth 6/7


/home/daniel.z/ICML_PIECLAM_020425/experiments/../clamiter.py:364:::  staring fit_feats for 500 iterations


/home/daniel.z/ICML_PIECLAM_020425/experiments/../clamiter.py:364:::  staring fit_prior for 2000 iterations


/home/daniel.z/ICML_PIECLAM_020425/experiments/../clamiter.py:637:::  
back and forth 7/7


/home/daniel.z/ICML_PIECLAM_020425/experiments/../clamiter.py:364:::  staring fit_feats for 500 iterations


/home/daniel.z/ICML_PIECLAM_020425/experiments/../clamiter.py:364:::  staring fit_prior for 2000 iterations


/home/daniel.z/ICML_PIECLAM_020425/experiments/../clamiter.py:704:::  
fit end, no early stopping


/home/daniel.z/ICML_PIECLAM_020425/experiments/../trainer.py:419:::  
train_model_on_params on pieclam squirrel 
took 1950.2461867332458 seconds


/home/daniel.z/ICML_PIECLAM_020425/experiments/../trainer.py:437:::  


FINISHED train 
 last accuracies:
test
key='auc': 0.9834748113049867
val
key='auc': 0.982931004051892




/home/daniel.z/ICML_PIECLAM_020425/experiments/optimization_utils.py:648:::  Repetition no. 0


/home/daniel.z/ICML_PIECLAM_020425/experiments/../trainer.py:161:::  
Using dataset specific configuration and not global 




/home/daniel.z/ICML_PIECLAM_020425/experiments/../trainer.py:335:::  
 2025-05-27 17:23:21 starting optimization of pieclam on squirrel on device cuda

 configs_dict: 
{
    "clamiter_init": {
        "dim_feat": 100,
        "dim_attr": 100,
        "s_reg": 0.1,
        "l1_reg": 1,
        "T": 1,
        "hidden_dim": 64,
        "num_coupling_blocks": 32,
        "num_layers_mlp": 2
    },
    "feat_opt": {
        "lr": 5e-06,
        "n_iter": 500,
        "early_stop": 0
    },
    "prior_opt": {
        "n_iter": 2000,
        "lr": 5e-06,
        "noise_amp": 0.1,
        "weight_decay": 0.1,
        "early_stop": 0
    },
    "back_forth": {
        "n_back_forth": 7,
        "scheduler_step_size": 3,
        "scheduler_gamma": 0.5,
        "early_stop_fit": 0,
        "first_func_in_fit": "fit_feats"
    }
}


/home/daniel.z/ICML_PIECLAM_020425/experiments/../clamiter.py:577:::  
in fit,
first_func_in_fit='fit_feats'
second_function_name='fit_prior'


/home/daniel.z/ICML_PIECLAM_020425/experiments/../clamiter.py:637:::  
back and forth 1/7


/home/daniel.z/ICML_PIECLAM_020425/experiments/../clamiter.py:364:::  staring fit_feats for 500 iterations


/home/daniel.z/ICML_PIECLAM_020425/experiments/../clamiter.py:364:::  staring fit_prior for 2000 iterations


/home/daniel.z/ICML_PIECLAM_020425/experiments/../clamiter.py:637:::  
back and forth 2/7


/home/daniel.z/ICML_PIECLAM_020425/experiments/../clamiter.py:364:::  staring fit_feats for 500 iterations


/home/daniel.z/ICML_PIECLAM_020425/experiments/../clamiter.py:364:::  staring fit_prior for 2000 iterations


/home/daniel.z/ICML_PIECLAM_020425/experiments/../clamiter.py:637:::  
back and forth 3/7


/home/daniel.z/ICML_PIECLAM_020425/experiments/../clamiter.py:364:::  staring fit_feats for 500 iterations


/home/daniel.z/ICML_PIECLAM_020425/experiments/../clamiter.py:364:::  staring fit_prior for 2000 iterations


/home/daniel.z/ICML_PIECLAM_020425/experiments/../clamiter.py:637:::  
back and forth 4/7


/home/daniel.z/ICML_PIECLAM_020425/experiments/../clamiter.py:364:::  staring fit_feats for 500 iterations


/home/daniel.z/ICML_PIECLAM_020425/experiments/../clamiter.py:364:::  staring fit_prior for 2000 iterations


/home/daniel.z/ICML_PIECLAM_020425/experiments/../clamiter.py:637:::  
back and forth 5/7


/home/daniel.z/ICML_PIECLAM_020425/experiments/../clamiter.py:364:::  staring fit_feats for 500 iterations


/home/daniel.z/ICML_PIECLAM_020425/experiments/../clamiter.py:364:::  staring fit_prior for 2000 iterations


/home/daniel.z/ICML_PIECLAM_020425/experiments/../clamiter.py:637:::  
back and forth 6/7


/home/daniel.z/ICML_PIECLAM_020425/experiments/../clamiter.py:364:::  staring fit_feats for 500 iterations


/home/daniel.z/ICML_PIECLAM_020425/experiments/../clamiter.py:364:::  staring fit_prior for 2000 iterations


/home/daniel.z/ICML_PIECLAM_020425/experiments/../clamiter.py:637:::  
back and forth 7/7


/home/daniel.z/ICML_PIECLAM_020425/experiments/../clamiter.py:364:::  staring fit_feats for 500 iterations


/home/daniel.z/ICML_PIECLAM_020425/experiments/../clamiter.py:364:::  staring fit_prior for 2000 iterations


/home/daniel.z/ICML_PIECLAM_020425/experiments/../clamiter.py:704:::  
fit end, no early stopping


/home/daniel.z/ICML_PIECLAM_020425/experiments/../trainer.py:419:::  
train_model_on_params on pieclam squirrel 
took 1925.4861686229706 seconds


/home/daniel.z/ICML_PIECLAM_020425/experiments/../trainer.py:437:::  


FINISHED train 
 last accuracies:
test
key='auc': 0.9828835420920788
val
key='auc': 0.9835732808056302




/home/daniel.z/ICML_PIECLAM_020425/experiments/optimization_utils.py:722:::  

Finished CrossVal!




/home/daniel.z/ICML_PIECLAM_020425/experiments/optimization_utils.py:511:::  on test set /home/daniel.z/ICML_PIECLAM_020425/experiments/results/link_prediction/auc/squirrel/pieclam, split_03-30_02-05-25


/home/daniel.z/ICML_PIECLAM_020425/experiments/optimization_utils.py:626:::  RunSaver defined to acc_configs path /home/daniel.z/ICML_PIECLAM_020425/experiments/results/link_prediction/auc/squirrel/pieclam/split_03-30_02-05-25/valid/acc_configs17-55_27-05-25.json


/home/daniel.z/ICML_PIECLAM_020425/experiments/optimization_utils.py:648:::  Repetition no. 0


/home/daniel.z/ICML_PIECLAM_020425/experiments/../trainer.py:161:::  
Using dataset specific configuration and not global 




/home/daniel.z/ICML_PIECLAM_020425/experiments/../trainer.py:335:::  
 2025-05-27 17:55:29 starting optimization of pieclam on squirrel on device cuda

 configs_dict: 
{
    "clamiter_init": {
        "dim_feat": 100,
        "dim_attr": 100,
        "s_reg": 0.0,
        "l1_reg": 1,
        "T": 1,
        "hidden_dim": 64,
        "num_coupling_blocks": 32,
        "num_layers_mlp": 2
    },
    "feat_opt": {
        "lr": 5e-07,
        "n_iter": 1000,
        "early_stop": 0
    },
    "prior_opt": {
        "n_iter": 2000,
        "lr": 5e-06,
        "noise_amp": 0.1,
        "weight_decay": 0.1,
        "early_stop": 0
    },
    "back_forth": {
        "n_back_forth": 7,
        "scheduler_step_size": 3,
        "scheduler_gamma": 0.5,
        "early_stop_fit": 0,
        "first_func_in_fit": "fit_feats"
    }
}


/home/daniel.z/ICML_PIECLAM_020425/experiments/../clamiter.py:577:::  
in fit,
first_func_in_fit='fit_feats'
second_function_name='fit_prior'


/home/daniel.z/ICML_PIECLAM_020425/experiments/../clamiter.py:637:::  
back and forth 1/7


/home/daniel.z/ICML_PIECLAM_020425/experiments/../clamiter.py:364:::  staring fit_feats for 1000 iterations


/home/daniel.z/ICML_PIECLAM_020425/experiments/../clamiter.py:364:::  staring fit_prior for 2000 iterations


/home/daniel.z/ICML_PIECLAM_020425/experiments/../clamiter.py:637:::  
back and forth 2/7


/home/daniel.z/ICML_PIECLAM_020425/experiments/../clamiter.py:364:::  staring fit_feats for 1000 iterations


/home/daniel.z/ICML_PIECLAM_020425/experiments/../clamiter.py:364:::  staring fit_prior for 2000 iterations


/home/daniel.z/ICML_PIECLAM_020425/experiments/../clamiter.py:637:::  
back and forth 3/7


/home/daniel.z/ICML_PIECLAM_020425/experiments/../clamiter.py:364:::  staring fit_feats for 1000 iterations


/home/daniel.z/ICML_PIECLAM_020425/experiments/../clamiter.py:364:::  staring fit_prior for 2000 iterations


/home/daniel.z/ICML_PIECLAM_020425/experiments/../clamiter.py:637:::  
back and forth 4/7


/home/daniel.z/ICML_PIECLAM_020425/experiments/../clamiter.py:364:::  staring fit_feats for 1000 iterations


/home/daniel.z/ICML_PIECLAM_020425/experiments/../clamiter.py:364:::  staring fit_prior for 2000 iterations


/home/daniel.z/ICML_PIECLAM_020425/experiments/../clamiter.py:637:::  
back and forth 5/7


/home/daniel.z/ICML_PIECLAM_020425/experiments/../clamiter.py:364:::  staring fit_feats for 1000 iterations


/home/daniel.z/ICML_PIECLAM_020425/experiments/../clamiter.py:364:::  staring fit_prior for 2000 iterations


/home/daniel.z/ICML_PIECLAM_020425/experiments/../clamiter.py:637:::  
back and forth 6/7


/home/daniel.z/ICML_PIECLAM_020425/experiments/../clamiter.py:364:::  staring fit_feats for 1000 iterations


/home/daniel.z/ICML_PIECLAM_020425/experiments/../clamiter.py:364:::  staring fit_prior for 2000 iterations


/home/daniel.z/ICML_PIECLAM_020425/experiments/../clamiter.py:637:::  
back and forth 7/7


/home/daniel.z/ICML_PIECLAM_020425/experiments/../clamiter.py:364:::  staring fit_feats for 1000 iterations


/home/daniel.z/ICML_PIECLAM_020425/experiments/../clamiter.py:364:::  staring fit_prior for 2000 iterations


/home/daniel.z/ICML_PIECLAM_020425/experiments/../clamiter.py:704:::  
fit end, no early stopping


/home/daniel.z/ICML_PIECLAM_020425/experiments/../trainer.py:419:::  
train_model_on_params on pieclam squirrel 
took 2537.4745960235596 seconds


/home/daniel.z/ICML_PIECLAM_020425/experiments/../trainer.py:437:::  


FINISHED train 
 last accuracies:
test
key='auc': 0.9407167065967015
val
key='auc': 0.9420789781309475




/home/daniel.z/ICML_PIECLAM_020425/experiments/optimization_utils.py:648:::  Repetition no. 0


/home/daniel.z/ICML_PIECLAM_020425/experiments/../trainer.py:161:::  
Using dataset specific configuration and not global 




/home/daniel.z/ICML_PIECLAM_020425/experiments/../trainer.py:335:::  
 2025-05-27 18:37:47 starting optimization of pieclam on squirrel on device cuda

 configs_dict: 
{
    "clamiter_init": {
        "dim_feat": 200,
        "dim_attr": 100,
        "s_reg": 0.0,
        "l1_reg": 1,
        "T": 1,
        "hidden_dim": 64,
        "num_coupling_blocks": 32,
        "num_layers_mlp": 2
    },
    "feat_opt": {
        "lr": 5e-06,
        "n_iter": 500,
        "early_stop": 0
    },
    "prior_opt": {
        "n_iter": 2000,
        "lr": 5e-06,
        "noise_amp": 0.1,
        "weight_decay": 0.1,
        "early_stop": 0
    },
    "back_forth": {
        "n_back_forth": 7,
        "scheduler_step_size": 3,
        "scheduler_gamma": 0.5,
        "early_stop_fit": 0,
        "first_func_in_fit": "fit_feats"
    }
}


/home/daniel.z/ICML_PIECLAM_020425/experiments/../clamiter.py:577:::  
in fit,
first_func_in_fit='fit_feats'
second_function_name='fit_prior'


/home/daniel.z/ICML_PIECLAM_020425/experiments/../clamiter.py:637:::  
back and forth 1/7


/home/daniel.z/ICML_PIECLAM_020425/experiments/../clamiter.py:364:::  staring fit_feats for 500 iterations


/home/daniel.z/ICML_PIECLAM_020425/experiments/../clamiter.py:364:::  staring fit_prior for 2000 iterations


/home/daniel.z/ICML_PIECLAM_020425/experiments/../clamiter.py:637:::  
back and forth 2/7


/home/daniel.z/ICML_PIECLAM_020425/experiments/../clamiter.py:364:::  staring fit_feats for 500 iterations


/home/daniel.z/ICML_PIECLAM_020425/experiments/../clamiter.py:364:::  staring fit_prior for 2000 iterations


/home/daniel.z/ICML_PIECLAM_020425/experiments/../clamiter.py:637:::  
back and forth 3/7


/home/daniel.z/ICML_PIECLAM_020425/experiments/../clamiter.py:364:::  staring fit_feats for 500 iterations


/home/daniel.z/ICML_PIECLAM_020425/experiments/../clamiter.py:364:::  staring fit_prior for 2000 iterations


/home/daniel.z/ICML_PIECLAM_020425/experiments/../clamiter.py:637:::  
back and forth 4/7


/home/daniel.z/ICML_PIECLAM_020425/experiments/../clamiter.py:364:::  staring fit_feats for 500 iterations


/home/daniel.z/ICML_PIECLAM_020425/experiments/../clamiter.py:364:::  staring fit_prior for 2000 iterations


/home/daniel.z/ICML_PIECLAM_020425/experiments/../clamiter.py:637:::  
back and forth 5/7


/home/daniel.z/ICML_PIECLAM_020425/experiments/../clamiter.py:364:::  staring fit_feats for 500 iterations


/home/daniel.z/ICML_PIECLAM_020425/experiments/../clamiter.py:364:::  staring fit_prior for 2000 iterations


/home/daniel.z/ICML_PIECLAM_020425/experiments/../clamiter.py:637:::  
back and forth 6/7


/home/daniel.z/ICML_PIECLAM_020425/experiments/../clamiter.py:364:::  staring fit_feats for 500 iterations


/home/daniel.z/ICML_PIECLAM_020425/experiments/../clamiter.py:364:::  staring fit_prior for 2000 iterations


/home/daniel.z/ICML_PIECLAM_020425/experiments/../clamiter.py:637:::  
back and forth 7/7


/home/daniel.z/ICML_PIECLAM_020425/experiments/../clamiter.py:364:::  staring fit_feats for 500 iterations


/home/daniel.z/ICML_PIECLAM_020425/experiments/../clamiter.py:364:::  staring fit_prior for 2000 iterations


/home/daniel.z/ICML_PIECLAM_020425/experiments/../clamiter.py:704:::  
fit end, no early stopping


/home/daniel.z/ICML_PIECLAM_020425/experiments/../trainer.py:419:::  
train_model_on_params on pieclam squirrel 
took 2113.0075426101685 seconds


/home/daniel.z/ICML_PIECLAM_020425/experiments/../trainer.py:437:::  


FINISHED train 
 last accuracies:
test
key='auc': 0.9848787745386784
val
key='auc': 0.9860151264768237




/home/daniel.z/ICML_PIECLAM_020425/experiments/optimization_utils.py:648:::  Repetition no. 0


/home/daniel.z/ICML_PIECLAM_020425/experiments/../trainer.py:161:::  
Using dataset specific configuration and not global 




/home/daniel.z/ICML_PIECLAM_020425/experiments/../trainer.py:335:::  
 2025-05-27 19:13:01 starting optimization of pieclam on squirrel on device cuda

 configs_dict: 
{
    "clamiter_init": {
        "dim_feat": 50,
        "dim_attr": 100,
        "s_reg": 0.0,
        "l1_reg": 1,
        "T": 1,
        "hidden_dim": 64,
        "num_coupling_blocks": 32,
        "num_layers_mlp": 2
    },
    "feat_opt": {
        "lr": 5e-07,
        "n_iter": 3000,
        "early_stop": 0
    },
    "prior_opt": {
        "n_iter": 2000,
        "lr": 5e-06,
        "noise_amp": 0.1,
        "weight_decay": 0.1,
        "early_stop": 0
    },
    "back_forth": {
        "n_back_forth": 7,
        "scheduler_step_size": 3,
        "scheduler_gamma": 0.5,
        "early_stop_fit": 0,
        "first_func_in_fit": "fit_feats"
    }
}


/home/daniel.z/ICML_PIECLAM_020425/experiments/../clamiter.py:577:::  
in fit,
first_func_in_fit='fit_feats'
second_function_name='fit_prior'


/home/daniel.z/ICML_PIECLAM_020425/experiments/../clamiter.py:637:::  
back and forth 1/7


/home/daniel.z/ICML_PIECLAM_020425/experiments/../clamiter.py:364:::  staring fit_feats for 3000 iterations


/home/daniel.z/ICML_PIECLAM_020425/experiments/../clamiter.py:364:::  staring fit_prior for 2000 iterations


/home/daniel.z/ICML_PIECLAM_020425/experiments/../clamiter.py:637:::  
back and forth 2/7


/home/daniel.z/ICML_PIECLAM_020425/experiments/../clamiter.py:364:::  staring fit_feats for 3000 iterations


/home/daniel.z/ICML_PIECLAM_020425/experiments/../clamiter.py:364:::  staring fit_prior for 2000 iterations


/home/daniel.z/ICML_PIECLAM_020425/experiments/../clamiter.py:637:::  
back and forth 3/7


/home/daniel.z/ICML_PIECLAM_020425/experiments/../clamiter.py:364:::  staring fit_feats for 3000 iterations


/home/daniel.z/ICML_PIECLAM_020425/experiments/../clamiter.py:364:::  staring fit_prior for 2000 iterations


/home/daniel.z/ICML_PIECLAM_020425/experiments/../clamiter.py:637:::  
back and forth 4/7


/home/daniel.z/ICML_PIECLAM_020425/experiments/../clamiter.py:364:::  staring fit_feats for 3000 iterations


/home/daniel.z/ICML_PIECLAM_020425/experiments/../clamiter.py:364:::  staring fit_prior for 2000 iterations


/home/daniel.z/ICML_PIECLAM_020425/experiments/../clamiter.py:637:::  
back and forth 5/7


/home/daniel.z/ICML_PIECLAM_020425/experiments/../clamiter.py:364:::  staring fit_feats for 3000 iterations


/home/daniel.z/ICML_PIECLAM_020425/experiments/../clamiter.py:364:::  staring fit_prior for 2000 iterations


/home/daniel.z/ICML_PIECLAM_020425/experiments/../clamiter.py:637:::  
back and forth 6/7


/home/daniel.z/ICML_PIECLAM_020425/experiments/../clamiter.py:364:::  staring fit_feats for 3000 iterations


/home/daniel.z/ICML_PIECLAM_020425/experiments/../clamiter.py:364:::  staring fit_prior for 2000 iterations


/home/daniel.z/ICML_PIECLAM_020425/experiments/../clamiter.py:637:::  
back and forth 7/7


/home/daniel.z/ICML_PIECLAM_020425/experiments/../clamiter.py:364:::  staring fit_feats for 3000 iterations


/home/daniel.z/ICML_PIECLAM_020425/experiments/../clamiter.py:364:::  staring fit_prior for 2000 iterations


/home/daniel.z/ICML_PIECLAM_020425/experiments/../clamiter.py:704:::  
fit end, no early stopping


/home/daniel.z/ICML_PIECLAM_020425/experiments/../trainer.py:419:::  
train_model_on_params on pieclam squirrel 
took 4652.673728227615 seconds


/home/daniel.z/ICML_PIECLAM_020425/experiments/../trainer.py:437:::  


FINISHED train 
 last accuracies:
test
key='auc': 0.9775975576399605
val
key='auc': 0.9777512383713529




/home/daniel.z/ICML_PIECLAM_020425/experiments/optimization_utils.py:648:::  Repetition no. 0


/home/daniel.z/ICML_PIECLAM_020425/experiments/../trainer.py:161:::  
Using dataset specific configuration and not global 




/home/daniel.z/ICML_PIECLAM_020425/experiments/../trainer.py:335:::  
 2025-05-27 20:30:36 starting optimization of pieclam on squirrel on device cuda

 configs_dict: 
{
    "clamiter_init": {
        "dim_feat": 100,
        "dim_attr": 100,
        "s_reg": 0.1,
        "l1_reg": 1,
        "T": 1,
        "hidden_dim": 64,
        "num_coupling_blocks": 32,
        "num_layers_mlp": 2
    },
    "feat_opt": {
        "lr": 5e-07,
        "n_iter": 1000,
        "early_stop": 0
    },
    "prior_opt": {
        "n_iter": 2000,
        "lr": 5e-06,
        "noise_amp": 0.1,
        "weight_decay": 0.1,
        "early_stop": 0
    },
    "back_forth": {
        "n_back_forth": 7,
        "scheduler_step_size": 3,
        "scheduler_gamma": 0.5,
        "early_stop_fit": 0,
        "first_func_in_fit": "fit_feats"
    }
}


/home/daniel.z/ICML_PIECLAM_020425/experiments/../clamiter.py:577:::  
in fit,
first_func_in_fit='fit_feats'
second_function_name='fit_prior'


/home/daniel.z/ICML_PIECLAM_020425/experiments/../clamiter.py:637:::  
back and forth 1/7


/home/daniel.z/ICML_PIECLAM_020425/experiments/../clamiter.py:364:::  staring fit_feats for 1000 iterations


/home/daniel.z/ICML_PIECLAM_020425/experiments/../clamiter.py:364:::  staring fit_prior for 2000 iterations


/home/daniel.z/ICML_PIECLAM_020425/experiments/../clamiter.py:637:::  
back and forth 2/7


/home/daniel.z/ICML_PIECLAM_020425/experiments/../clamiter.py:364:::  staring fit_feats for 1000 iterations


/home/daniel.z/ICML_PIECLAM_020425/experiments/../clamiter.py:364:::  staring fit_prior for 2000 iterations


/home/daniel.z/ICML_PIECLAM_020425/experiments/../clamiter.py:637:::  
back and forth 3/7


/home/daniel.z/ICML_PIECLAM_020425/experiments/../clamiter.py:364:::  staring fit_feats for 1000 iterations


/home/daniel.z/ICML_PIECLAM_020425/experiments/../clamiter.py:364:::  staring fit_prior for 2000 iterations


/home/daniel.z/ICML_PIECLAM_020425/experiments/../clamiter.py:637:::  
back and forth 4/7


/home/daniel.z/ICML_PIECLAM_020425/experiments/../clamiter.py:364:::  staring fit_feats for 1000 iterations


/home/daniel.z/ICML_PIECLAM_020425/experiments/../clamiter.py:364:::  staring fit_prior for 2000 iterations


/home/daniel.z/ICML_PIECLAM_020425/experiments/../clamiter.py:637:::  
back and forth 5/7


/home/daniel.z/ICML_PIECLAM_020425/experiments/../clamiter.py:364:::  staring fit_feats for 1000 iterations


/home/daniel.z/ICML_PIECLAM_020425/experiments/../clamiter.py:364:::  staring fit_prior for 2000 iterations


/home/daniel.z/ICML_PIECLAM_020425/experiments/../clamiter.py:637:::  
back and forth 6/7


/home/daniel.z/ICML_PIECLAM_020425/experiments/../clamiter.py:364:::  staring fit_feats for 1000 iterations


/home/daniel.z/ICML_PIECLAM_020425/experiments/../clamiter.py:364:::  staring fit_prior for 2000 iterations


/home/daniel.z/ICML_PIECLAM_020425/experiments/../clamiter.py:637:::  
back and forth 7/7


/home/daniel.z/ICML_PIECLAM_020425/experiments/../clamiter.py:364:::  staring fit_feats for 1000 iterations


/home/daniel.z/ICML_PIECLAM_020425/experiments/../clamiter.py:364:::  staring fit_prior for 2000 iterations


/home/daniel.z/ICML_PIECLAM_020425/experiments/../clamiter.py:704:::  
fit end, no early stopping


/home/daniel.z/ICML_PIECLAM_020425/experiments/../trainer.py:419:::  
train_model_on_params on pieclam squirrel 
took 2647.681622982025 seconds


/home/daniel.z/ICML_PIECLAM_020425/experiments/../trainer.py:437:::  


FINISHED train 
 last accuracies:
test
key='auc': 0.9393155301193867
val
key='auc': 0.9416346310490002




/home/daniel.z/ICML_PIECLAM_020425/experiments/optimization_utils.py:648:::  Repetition no. 0


/home/daniel.z/ICML_PIECLAM_020425/experiments/../trainer.py:161:::  
Using dataset specific configuration and not global 




/home/daniel.z/ICML_PIECLAM_020425/experiments/../trainer.py:335:::  
 2025-05-27 21:14:47 starting optimization of pieclam on squirrel on device cuda

 configs_dict: 
{
    "clamiter_init": {
        "dim_feat": 200,
        "dim_attr": 100,
        "s_reg": 0.1,
        "l1_reg": 1,
        "T": 1,
        "hidden_dim": 64,
        "num_coupling_blocks": 32,
        "num_layers_mlp": 2
    },
    "feat_opt": {
        "lr": 5e-06,
        "n_iter": 1000,
        "early_stop": 0
    },
    "prior_opt": {
        "n_iter": 2000,
        "lr": 5e-06,
        "noise_amp": 0.1,
        "weight_decay": 0.1,
        "early_stop": 0
    },
    "back_forth": {
        "n_back_forth": 7,
        "scheduler_step_size": 3,
        "scheduler_gamma": 0.5,
        "early_stop_fit": 0,
        "first_func_in_fit": "fit_feats"
    }
}


/home/daniel.z/ICML_PIECLAM_020425/experiments/../clamiter.py:577:::  
in fit,
first_func_in_fit='fit_feats'
second_function_name='fit_prior'


/home/daniel.z/ICML_PIECLAM_020425/experiments/../clamiter.py:637:::  
back and forth 1/7


/home/daniel.z/ICML_PIECLAM_020425/experiments/../clamiter.py:364:::  staring fit_feats for 1000 iterations


/home/daniel.z/ICML_PIECLAM_020425/experiments/../clamiter.py:364:::  staring fit_prior for 2000 iterations


/home/daniel.z/ICML_PIECLAM_020425/experiments/../clamiter.py:637:::  
back and forth 2/7


/home/daniel.z/ICML_PIECLAM_020425/experiments/../clamiter.py:364:::  staring fit_feats for 1000 iterations


/home/daniel.z/ICML_PIECLAM_020425/experiments/../clamiter.py:364:::  staring fit_prior for 2000 iterations


/home/daniel.z/ICML_PIECLAM_020425/experiments/../clamiter.py:637:::  
back and forth 3/7


/home/daniel.z/ICML_PIECLAM_020425/experiments/../clamiter.py:364:::  staring fit_feats for 1000 iterations


/home/daniel.z/ICML_PIECLAM_020425/experiments/../clamiter.py:364:::  staring fit_prior for 2000 iterations


/home/daniel.z/ICML_PIECLAM_020425/experiments/../clamiter.py:637:::  
back and forth 4/7


/home/daniel.z/ICML_PIECLAM_020425/experiments/../clamiter.py:364:::  staring fit_feats for 1000 iterations


/home/daniel.z/ICML_PIECLAM_020425/experiments/../clamiter.py:364:::  staring fit_prior for 2000 iterations


/home/daniel.z/ICML_PIECLAM_020425/experiments/../clamiter.py:637:::  
back and forth 5/7


/home/daniel.z/ICML_PIECLAM_020425/experiments/../clamiter.py:364:::  staring fit_feats for 1000 iterations


/home/daniel.z/ICML_PIECLAM_020425/experiments/../clamiter.py:364:::  staring fit_prior for 2000 iterations


/home/daniel.z/ICML_PIECLAM_020425/experiments/../clamiter.py:637:::  
back and forth 6/7


/home/daniel.z/ICML_PIECLAM_020425/experiments/../clamiter.py:364:::  staring fit_feats for 1000 iterations


/home/daniel.z/ICML_PIECLAM_020425/experiments/../clamiter.py:364:::  staring fit_prior for 2000 iterations


/home/daniel.z/ICML_PIECLAM_020425/experiments/../clamiter.py:637:::  
back and forth 7/7


/home/daniel.z/ICML_PIECLAM_020425/experiments/../clamiter.py:364:::  staring fit_feats for 1000 iterations


/home/daniel.z/ICML_PIECLAM_020425/experiments/../clamiter.py:364:::  staring fit_prior for 2000 iterations


/home/daniel.z/ICML_PIECLAM_020425/experiments/../clamiter.py:704:::  
fit end, no early stopping


/home/daniel.z/ICML_PIECLAM_020425/experiments/../trainer.py:419:::  
train_model_on_params on pieclam squirrel 
took 2781.178565263748 seconds


/home/daniel.z/ICML_PIECLAM_020425/experiments/../trainer.py:437:::  


FINISHED train 
 last accuracies:
test
key='auc': 0.9881700626332224
val
key='auc': 0.9883381379364158




/home/daniel.z/ICML_PIECLAM_020425/experiments/optimization_utils.py:648:::  Repetition no. 0


/home/daniel.z/ICML_PIECLAM_020425/experiments/../trainer.py:161:::  
Using dataset specific configuration and not global 




/home/daniel.z/ICML_PIECLAM_020425/experiments/../trainer.py:335:::  
 2025-05-27 22:01:10 starting optimization of pieclam on squirrel on device cuda

 configs_dict: 
{
    "clamiter_init": {
        "dim_feat": 50,
        "dim_attr": 100,
        "s_reg": 0.1,
        "l1_reg": 1,
        "T": 1,
        "hidden_dim": 64,
        "num_coupling_blocks": 32,
        "num_layers_mlp": 2
    },
    "feat_opt": {
        "lr": 5e-07,
        "n_iter": 500,
        "early_stop": 0
    },
    "prior_opt": {
        "n_iter": 2000,
        "lr": 5e-06,
        "noise_amp": 0.1,
        "weight_decay": 0.1,
        "early_stop": 0
    },
    "back_forth": {
        "n_back_forth": 7,
        "scheduler_step_size": 3,
        "scheduler_gamma": 0.5,
        "early_stop_fit": 0,
        "first_func_in_fit": "fit_feats"
    }
}


/home/daniel.z/ICML_PIECLAM_020425/experiments/../clamiter.py:577:::  
in fit,
first_func_in_fit='fit_feats'
second_function_name='fit_prior'


/home/daniel.z/ICML_PIECLAM_020425/experiments/../clamiter.py:637:::  
back and forth 1/7


/home/daniel.z/ICML_PIECLAM_020425/experiments/../clamiter.py:364:::  staring fit_feats for 500 iterations


/home/daniel.z/ICML_PIECLAM_020425/experiments/../clamiter.py:364:::  staring fit_prior for 2000 iterations


/home/daniel.z/ICML_PIECLAM_020425/experiments/../clamiter.py:637:::  
back and forth 2/7


/home/daniel.z/ICML_PIECLAM_020425/experiments/../clamiter.py:364:::  staring fit_feats for 500 iterations


/home/daniel.z/ICML_PIECLAM_020425/experiments/../clamiter.py:364:::  staring fit_prior for 2000 iterations


/home/daniel.z/ICML_PIECLAM_020425/experiments/../clamiter.py:637:::  
back and forth 3/7


/home/daniel.z/ICML_PIECLAM_020425/experiments/../clamiter.py:364:::  staring fit_feats for 500 iterations


/home/daniel.z/ICML_PIECLAM_020425/experiments/../clamiter.py:364:::  staring fit_prior for 2000 iterations


/home/daniel.z/ICML_PIECLAM_020425/experiments/../clamiter.py:637:::  
back and forth 4/7


/home/daniel.z/ICML_PIECLAM_020425/experiments/../clamiter.py:364:::  staring fit_feats for 500 iterations


/home/daniel.z/ICML_PIECLAM_020425/experiments/../clamiter.py:364:::  staring fit_prior for 2000 iterations


/home/daniel.z/ICML_PIECLAM_020425/experiments/../clamiter.py:637:::  
back and forth 5/7


/home/daniel.z/ICML_PIECLAM_020425/experiments/../clamiter.py:364:::  staring fit_feats for 500 iterations


/home/daniel.z/ICML_PIECLAM_020425/experiments/../clamiter.py:364:::  staring fit_prior for 2000 iterations


/home/daniel.z/ICML_PIECLAM_020425/experiments/../clamiter.py:637:::  
back and forth 6/7


/home/daniel.z/ICML_PIECLAM_020425/experiments/../clamiter.py:364:::  staring fit_feats for 500 iterations


/home/daniel.z/ICML_PIECLAM_020425/experiments/../clamiter.py:364:::  staring fit_prior for 2000 iterations


/home/daniel.z/ICML_PIECLAM_020425/experiments/../clamiter.py:637:::  
back and forth 7/7


/home/daniel.z/ICML_PIECLAM_020425/experiments/../clamiter.py:364:::  staring fit_feats for 500 iterations


/home/daniel.z/ICML_PIECLAM_020425/experiments/../clamiter.py:364:::  staring fit_prior for 2000 iterations


/home/daniel.z/ICML_PIECLAM_020425/experiments/../clamiter.py:704:::  
fit end, no early stopping


/home/daniel.z/ICML_PIECLAM_020425/experiments/../trainer.py:419:::  
train_model_on_params on pieclam squirrel 
took 1924.3667418956757 seconds


/home/daniel.z/ICML_PIECLAM_020425/experiments/../trainer.py:437:::  


FINISHED train 
 last accuracies:
test
key='auc': 0.9073981191393735
val
key='auc': 0.9111172238927345




/home/daniel.z/ICML_PIECLAM_020425/experiments/optimization_utils.py:648:::  Repetition no. 0


/home/daniel.z/ICML_PIECLAM_020425/experiments/../trainer.py:161:::  
Using dataset specific configuration and not global 




/home/daniel.z/ICML_PIECLAM_020425/experiments/../trainer.py:335:::  
 2025-05-27 22:33:15 starting optimization of pieclam on squirrel on device cuda

 configs_dict: 
{
    "clamiter_init": {
        "dim_feat": 200,
        "dim_attr": 100,
        "s_reg": 0.1,
        "l1_reg": 1,
        "T": 1,
        "hidden_dim": 64,
        "num_coupling_blocks": 32,
        "num_layers_mlp": 2
    },
    "feat_opt": {
        "lr": 5e-06,
        "n_iter": 500,
        "early_stop": 0
    },
    "prior_opt": {
        "n_iter": 2000,
        "lr": 5e-06,
        "noise_amp": 0.1,
        "weight_decay": 0.1,
        "early_stop": 0
    },
    "back_forth": {
        "n_back_forth": 7,
        "scheduler_step_size": 3,
        "scheduler_gamma": 0.5,
        "early_stop_fit": 0,
        "first_func_in_fit": "fit_feats"
    }
}


/home/daniel.z/ICML_PIECLAM_020425/experiments/../clamiter.py:577:::  
in fit,
first_func_in_fit='fit_feats'
second_function_name='fit_prior'


/home/daniel.z/ICML_PIECLAM_020425/experiments/../clamiter.py:637:::  
back and forth 1/7


/home/daniel.z/ICML_PIECLAM_020425/experiments/../clamiter.py:364:::  staring fit_feats for 500 iterations


/home/daniel.z/ICML_PIECLAM_020425/experiments/../clamiter.py:364:::  staring fit_prior for 2000 iterations


/home/daniel.z/ICML_PIECLAM_020425/experiments/../clamiter.py:637:::  
back and forth 2/7


/home/daniel.z/ICML_PIECLAM_020425/experiments/../clamiter.py:364:::  staring fit_feats for 500 iterations


/home/daniel.z/ICML_PIECLAM_020425/experiments/../clamiter.py:364:::  staring fit_prior for 2000 iterations


/home/daniel.z/ICML_PIECLAM_020425/experiments/../clamiter.py:637:::  
back and forth 3/7


/home/daniel.z/ICML_PIECLAM_020425/experiments/../clamiter.py:364:::  staring fit_feats for 500 iterations


/home/daniel.z/ICML_PIECLAM_020425/experiments/../clamiter.py:364:::  staring fit_prior for 2000 iterations


/home/daniel.z/ICML_PIECLAM_020425/experiments/../clamiter.py:637:::  
back and forth 4/7


/home/daniel.z/ICML_PIECLAM_020425/experiments/../clamiter.py:364:::  staring fit_feats for 500 iterations


/home/daniel.z/ICML_PIECLAM_020425/experiments/../clamiter.py:364:::  staring fit_prior for 2000 iterations


/home/daniel.z/ICML_PIECLAM_020425/experiments/../clamiter.py:637:::  
back and forth 5/7


/home/daniel.z/ICML_PIECLAM_020425/experiments/../clamiter.py:364:::  staring fit_feats for 500 iterations


/home/daniel.z/ICML_PIECLAM_020425/experiments/../clamiter.py:364:::  staring fit_prior for 2000 iterations


/home/daniel.z/ICML_PIECLAM_020425/experiments/../clamiter.py:637:::  
back and forth 6/7


/home/daniel.z/ICML_PIECLAM_020425/experiments/../clamiter.py:364:::  staring fit_feats for 500 iterations


/home/daniel.z/ICML_PIECLAM_020425/experiments/../clamiter.py:364:::  staring fit_prior for 2000 iterations


/home/daniel.z/ICML_PIECLAM_020425/experiments/../clamiter.py:637:::  
back and forth 7/7


/home/daniel.z/ICML_PIECLAM_020425/experiments/../clamiter.py:364:::  staring fit_feats for 500 iterations


/home/daniel.z/ICML_PIECLAM_020425/experiments/../clamiter.py:364:::  staring fit_prior for 2000 iterations


/home/daniel.z/ICML_PIECLAM_020425/experiments/../clamiter.py:704:::  
fit end, no early stopping


/home/daniel.z/ICML_PIECLAM_020425/experiments/../trainer.py:419:::  
train_model_on_params on pieclam squirrel 
took 2066.8583035469055 seconds


/home/daniel.z/ICML_PIECLAM_020425/experiments/../trainer.py:437:::  


FINISHED train 
 last accuracies:
test
key='auc': 0.9833833751381287
val
key='auc': 0.9840982526459359




/home/daniel.z/ICML_PIECLAM_020425/experiments/optimization_utils.py:648:::  Repetition no. 0


/home/daniel.z/ICML_PIECLAM_020425/experiments/../trainer.py:161:::  
Using dataset specific configuration and not global 




/home/daniel.z/ICML_PIECLAM_020425/experiments/../trainer.py:335:::  
 2025-05-27 23:07:42 starting optimization of pieclam on squirrel on device cuda

 configs_dict: 
{
    "clamiter_init": {
        "dim_feat": 100,
        "dim_attr": 100,
        "s_reg": 0.1,
        "l1_reg": 1,
        "T": 1,
        "hidden_dim": 64,
        "num_coupling_blocks": 32,
        "num_layers_mlp": 2
    },
    "feat_opt": {
        "lr": 5e-07,
        "n_iter": 500,
        "early_stop": 0
    },
    "prior_opt": {
        "n_iter": 2000,
        "lr": 5e-06,
        "noise_amp": 0.1,
        "weight_decay": 0.1,
        "early_stop": 0
    },
    "back_forth": {
        "n_back_forth": 7,
        "scheduler_step_size": 3,
        "scheduler_gamma": 0.5,
        "early_stop_fit": 0,
        "first_func_in_fit": "fit_feats"
    }
}


/home/daniel.z/ICML_PIECLAM_020425/experiments/../clamiter.py:577:::  
in fit,
first_func_in_fit='fit_feats'
second_function_name='fit_prior'


/home/daniel.z/ICML_PIECLAM_020425/experiments/../clamiter.py:637:::  
back and forth 1/7


/home/daniel.z/ICML_PIECLAM_020425/experiments/../clamiter.py:364:::  staring fit_feats for 500 iterations


/home/daniel.z/ICML_PIECLAM_020425/experiments/../clamiter.py:364:::  staring fit_prior for 2000 iterations


/home/daniel.z/ICML_PIECLAM_020425/experiments/../clamiter.py:637:::  
back and forth 2/7


/home/daniel.z/ICML_PIECLAM_020425/experiments/../clamiter.py:364:::  staring fit_feats for 500 iterations


/home/daniel.z/ICML_PIECLAM_020425/experiments/../clamiter.py:364:::  staring fit_prior for 2000 iterations


/home/daniel.z/ICML_PIECLAM_020425/experiments/../clamiter.py:637:::  
back and forth 3/7


/home/daniel.z/ICML_PIECLAM_020425/experiments/../clamiter.py:364:::  staring fit_feats for 500 iterations


/home/daniel.z/ICML_PIECLAM_020425/experiments/../clamiter.py:364:::  staring fit_prior for 2000 iterations


/home/daniel.z/ICML_PIECLAM_020425/experiments/../clamiter.py:637:::  
back and forth 4/7


/home/daniel.z/ICML_PIECLAM_020425/experiments/../clamiter.py:364:::  staring fit_feats for 500 iterations


/home/daniel.z/ICML_PIECLAM_020425/experiments/../clamiter.py:364:::  staring fit_prior for 2000 iterations


/home/daniel.z/ICML_PIECLAM_020425/experiments/../clamiter.py:637:::  
back and forth 5/7


/home/daniel.z/ICML_PIECLAM_020425/experiments/../clamiter.py:364:::  staring fit_feats for 500 iterations


/home/daniel.z/ICML_PIECLAM_020425/experiments/../clamiter.py:364:::  staring fit_prior for 2000 iterations


/home/daniel.z/ICML_PIECLAM_020425/experiments/../clamiter.py:637:::  
back and forth 6/7


/home/daniel.z/ICML_PIECLAM_020425/experiments/../clamiter.py:364:::  staring fit_feats for 500 iterations


/home/daniel.z/ICML_PIECLAM_020425/experiments/../clamiter.py:364:::  staring fit_prior for 2000 iterations


/home/daniel.z/ICML_PIECLAM_020425/experiments/../clamiter.py:637:::  
back and forth 7/7


/home/daniel.z/ICML_PIECLAM_020425/experiments/../clamiter.py:364:::  staring fit_feats for 500 iterations


/home/daniel.z/ICML_PIECLAM_020425/experiments/../clamiter.py:364:::  staring fit_prior for 2000 iterations


/home/daniel.z/ICML_PIECLAM_020425/experiments/../clamiter.py:704:::  
fit end, no early stopping


/home/daniel.z/ICML_PIECLAM_020425/experiments/../trainer.py:419:::  
train_model_on_params on pieclam squirrel 
took 1968.4433009624481 seconds


/home/daniel.z/ICML_PIECLAM_020425/experiments/../trainer.py:437:::  


FINISHED train 
 last accuracies:
test
key='auc': 0.8978224225628927
val
key='auc': 0.9036306710127423




/home/daniel.z/ICML_PIECLAM_020425/experiments/optimization_utils.py:648:::  Repetition no. 0


/home/daniel.z/ICML_PIECLAM_020425/experiments/../trainer.py:161:::  
Using dataset specific configuration and not global 




/home/daniel.z/ICML_PIECLAM_020425/experiments/../trainer.py:335:::  
 2025-05-27 23:40:32 starting optimization of pieclam on squirrel on device cuda

 configs_dict: 
{
    "clamiter_init": {
        "dim_feat": 50,
        "dim_attr": 100,
        "s_reg": 0.1,
        "l1_reg": 1,
        "T": 1,
        "hidden_dim": 64,
        "num_coupling_blocks": 32,
        "num_layers_mlp": 2
    },
    "feat_opt": {
        "lr": 5e-06,
        "n_iter": 3000,
        "early_stop": 0
    },
    "prior_opt": {
        "n_iter": 2000,
        "lr": 5e-06,
        "noise_amp": 0.1,
        "weight_decay": 0.1,
        "early_stop": 0
    },
    "back_forth": {
        "n_back_forth": 7,
        "scheduler_step_size": 3,
        "scheduler_gamma": 0.5,
        "early_stop_fit": 0,
        "first_func_in_fit": "fit_feats"
    }
}


/home/daniel.z/ICML_PIECLAM_020425/experiments/../clamiter.py:577:::  
in fit,
first_func_in_fit='fit_feats'
second_function_name='fit_prior'


/home/daniel.z/ICML_PIECLAM_020425/experiments/../clamiter.py:637:::  
back and forth 1/7


/home/daniel.z/ICML_PIECLAM_020425/experiments/../clamiter.py:364:::  staring fit_feats for 3000 iterations


/home/daniel.z/ICML_PIECLAM_020425/experiments/../clamiter.py:364:::  staring fit_prior for 2000 iterations


/home/daniel.z/ICML_PIECLAM_020425/experiments/../clamiter.py:637:::  
back and forth 2/7


/home/daniel.z/ICML_PIECLAM_020425/experiments/../clamiter.py:364:::  staring fit_feats for 3000 iterations


/home/daniel.z/ICML_PIECLAM_020425/experiments/../clamiter.py:364:::  staring fit_prior for 2000 iterations


/home/daniel.z/ICML_PIECLAM_020425/experiments/../clamiter.py:637:::  
back and forth 3/7


/home/daniel.z/ICML_PIECLAM_020425/experiments/../clamiter.py:364:::  staring fit_feats for 3000 iterations


/home/daniel.z/ICML_PIECLAM_020425/experiments/../clamiter.py:364:::  staring fit_prior for 2000 iterations


/home/daniel.z/ICML_PIECLAM_020425/experiments/../clamiter.py:637:::  
back and forth 4/7


/home/daniel.z/ICML_PIECLAM_020425/experiments/../clamiter.py:364:::  staring fit_feats for 3000 iterations


/home/daniel.z/ICML_PIECLAM_020425/experiments/../clamiter.py:364:::  staring fit_prior for 2000 iterations


/home/daniel.z/ICML_PIECLAM_020425/experiments/../clamiter.py:637:::  
back and forth 5/7


/home/daniel.z/ICML_PIECLAM_020425/experiments/../clamiter.py:364:::  staring fit_feats for 3000 iterations


/home/daniel.z/ICML_PIECLAM_020425/experiments/../clamiter.py:364:::  staring fit_prior for 2000 iterations


/home/daniel.z/ICML_PIECLAM_020425/experiments/../clamiter.py:637:::  
back and forth 6/7


/home/daniel.z/ICML_PIECLAM_020425/experiments/../clamiter.py:364:::  staring fit_feats for 3000 iterations


/home/daniel.z/ICML_PIECLAM_020425/experiments/../clamiter.py:364:::  staring fit_prior for 2000 iterations


/home/daniel.z/ICML_PIECLAM_020425/experiments/../clamiter.py:637:::  
back and forth 7/7


/home/daniel.z/ICML_PIECLAM_020425/experiments/../clamiter.py:364:::  staring fit_feats for 3000 iterations


/home/daniel.z/ICML_PIECLAM_020425/experiments/../clamiter.py:364:::  staring fit_prior for 2000 iterations


/home/daniel.z/ICML_PIECLAM_020425/experiments/../clamiter.py:704:::  
fit end, no early stopping


/home/daniel.z/ICML_PIECLAM_020425/experiments/../trainer.py:419:::  
train_model_on_params on pieclam squirrel 
took 4444.38659620285 seconds


/home/daniel.z/ICML_PIECLAM_020425/experiments/../trainer.py:437:::  


FINISHED train 
 last accuracies:
test
key='auc': 0.986108661152799
val
key='auc': 0.9865831827378682




/home/daniel.z/ICML_PIECLAM_020425/experiments/optimization_utils.py:648:::  Repetition no. 0


/home/daniel.z/ICML_PIECLAM_020425/experiments/../trainer.py:161:::  
Using dataset specific configuration and not global 




/home/daniel.z/ICML_PIECLAM_020425/experiments/../trainer.py:335:::  
 2025-05-28 00:54:38 starting optimization of pieclam on squirrel on device cuda

 configs_dict: 
{
    "clamiter_init": {
        "dim_feat": 100,
        "dim_attr": 100,
        "s_reg": 0.1,
        "l1_reg": 1,
        "T": 1,
        "hidden_dim": 64,
        "num_coupling_blocks": 32,
        "num_layers_mlp": 2
    },
    "feat_opt": {
        "lr": 5e-06,
        "n_iter": 1000,
        "early_stop": 0
    },
    "prior_opt": {
        "n_iter": 2000,
        "lr": 5e-06,
        "noise_amp": 0.1,
        "weight_decay": 0.1,
        "early_stop": 0
    },
    "back_forth": {
        "n_back_forth": 7,
        "scheduler_step_size": 3,
        "scheduler_gamma": 0.5,
        "early_stop_fit": 0,
        "first_func_in_fit": "fit_feats"
    }
}


/home/daniel.z/ICML_PIECLAM_020425/experiments/../clamiter.py:577:::  
in fit,
first_func_in_fit='fit_feats'
second_function_name='fit_prior'


/home/daniel.z/ICML_PIECLAM_020425/experiments/../clamiter.py:637:::  
back and forth 1/7


/home/daniel.z/ICML_PIECLAM_020425/experiments/../clamiter.py:364:::  staring fit_feats for 1000 iterations


/home/daniel.z/ICML_PIECLAM_020425/experiments/../clamiter.py:364:::  staring fit_prior for 2000 iterations


/home/daniel.z/ICML_PIECLAM_020425/experiments/../clamiter.py:637:::  
back and forth 2/7


/home/daniel.z/ICML_PIECLAM_020425/experiments/../clamiter.py:364:::  staring fit_feats for 1000 iterations


/home/daniel.z/ICML_PIECLAM_020425/experiments/../clamiter.py:364:::  staring fit_prior for 2000 iterations


/home/daniel.z/ICML_PIECLAM_020425/experiments/../clamiter.py:637:::  
back and forth 3/7


/home/daniel.z/ICML_PIECLAM_020425/experiments/../clamiter.py:364:::  staring fit_feats for 1000 iterations


/home/daniel.z/ICML_PIECLAM_020425/experiments/../clamiter.py:364:::  staring fit_prior for 2000 iterations


/home/daniel.z/ICML_PIECLAM_020425/experiments/../clamiter.py:637:::  
back and forth 4/7


/home/daniel.z/ICML_PIECLAM_020425/experiments/../clamiter.py:364:::  staring fit_feats for 1000 iterations


/home/daniel.z/ICML_PIECLAM_020425/experiments/../clamiter.py:364:::  staring fit_prior for 2000 iterations


/home/daniel.z/ICML_PIECLAM_020425/experiments/../clamiter.py:637:::  
back and forth 5/7


/home/daniel.z/ICML_PIECLAM_020425/experiments/../clamiter.py:364:::  staring fit_feats for 1000 iterations


/home/daniel.z/ICML_PIECLAM_020425/experiments/../clamiter.py:364:::  staring fit_prior for 2000 iterations


/home/daniel.z/ICML_PIECLAM_020425/experiments/../clamiter.py:637:::  
back and forth 6/7


/home/daniel.z/ICML_PIECLAM_020425/experiments/../clamiter.py:364:::  staring fit_feats for 1000 iterations


/home/daniel.z/ICML_PIECLAM_020425/experiments/../clamiter.py:364:::  staring fit_prior for 2000 iterations


/home/daniel.z/ICML_PIECLAM_020425/experiments/../clamiter.py:637:::  
back and forth 7/7


/home/daniel.z/ICML_PIECLAM_020425/experiments/../clamiter.py:364:::  staring fit_feats for 1000 iterations


/home/daniel.z/ICML_PIECLAM_020425/experiments/../clamiter.py:364:::  staring fit_prior for 2000 iterations


/home/daniel.z/ICML_PIECLAM_020425/experiments/../clamiter.py:704:::  
fit end, no early stopping


/home/daniel.z/ICML_PIECLAM_020425/experiments/../trainer.py:419:::  
train_model_on_params on pieclam squirrel 
took 2484.09579873085 seconds


/home/daniel.z/ICML_PIECLAM_020425/experiments/../trainer.py:437:::  


FINISHED train 
 last accuracies:
test
key='auc': 0.9883345394371317
val
key='auc': 0.9880676954181883




/home/daniel.z/ICML_PIECLAM_020425/experiments/optimization_utils.py:648:::  Repetition no. 0


/home/daniel.z/ICML_PIECLAM_020425/experiments/../trainer.py:161:::  
Using dataset specific configuration and not global 




/home/daniel.z/ICML_PIECLAM_020425/experiments/../trainer.py:335:::  
 2025-05-28 01:36:04 starting optimization of pieclam on squirrel on device cuda

 configs_dict: 
{
    "clamiter_init": {
        "dim_feat": 200,
        "dim_attr": 100,
        "s_reg": 0.1,
        "l1_reg": 1,
        "T": 1,
        "hidden_dim": 64,
        "num_coupling_blocks": 32,
        "num_layers_mlp": 2
    },
    "feat_opt": {
        "lr": 5e-07,
        "n_iter": 500,
        "early_stop": 0
    },
    "prior_opt": {
        "n_iter": 2000,
        "lr": 5e-06,
        "noise_amp": 0.1,
        "weight_decay": 0.1,
        "early_stop": 0
    },
    "back_forth": {
        "n_back_forth": 7,
        "scheduler_step_size": 3,
        "scheduler_gamma": 0.5,
        "early_stop_fit": 0,
        "first_func_in_fit": "fit_feats"
    }
}


/home/daniel.z/ICML_PIECLAM_020425/experiments/../clamiter.py:577:::  
in fit,
first_func_in_fit='fit_feats'
second_function_name='fit_prior'


/home/daniel.z/ICML_PIECLAM_020425/experiments/../clamiter.py:637:::  
back and forth 1/7


/home/daniel.z/ICML_PIECLAM_020425/experiments/../clamiter.py:364:::  staring fit_feats for 500 iterations


/home/daniel.z/ICML_PIECLAM_020425/experiments/../clamiter.py:364:::  staring fit_prior for 2000 iterations


/home/daniel.z/ICML_PIECLAM_020425/experiments/../clamiter.py:637:::  
back and forth 2/7


/home/daniel.z/ICML_PIECLAM_020425/experiments/../clamiter.py:364:::  staring fit_feats for 500 iterations


/home/daniel.z/ICML_PIECLAM_020425/experiments/../clamiter.py:364:::  staring fit_prior for 2000 iterations


/home/daniel.z/ICML_PIECLAM_020425/experiments/../clamiter.py:637:::  
back and forth 3/7


/home/daniel.z/ICML_PIECLAM_020425/experiments/../clamiter.py:364:::  staring fit_feats for 500 iterations


/home/daniel.z/ICML_PIECLAM_020425/experiments/../clamiter.py:364:::  staring fit_prior for 2000 iterations


/home/daniel.z/ICML_PIECLAM_020425/experiments/../clamiter.py:637:::  
back and forth 4/7


/home/daniel.z/ICML_PIECLAM_020425/experiments/../clamiter.py:364:::  staring fit_feats for 500 iterations


/home/daniel.z/ICML_PIECLAM_020425/experiments/../clamiter.py:364:::  staring fit_prior for 2000 iterations


/home/daniel.z/ICML_PIECLAM_020425/experiments/../clamiter.py:637:::  
back and forth 5/7


/home/daniel.z/ICML_PIECLAM_020425/experiments/../clamiter.py:364:::  staring fit_feats for 500 iterations


/home/daniel.z/ICML_PIECLAM_020425/experiments/../clamiter.py:364:::  staring fit_prior for 2000 iterations


/home/daniel.z/ICML_PIECLAM_020425/experiments/../clamiter.py:637:::  
back and forth 6/7


/home/daniel.z/ICML_PIECLAM_020425/experiments/../clamiter.py:364:::  staring fit_feats for 500 iterations


/home/daniel.z/ICML_PIECLAM_020425/experiments/../clamiter.py:364:::  staring fit_prior for 2000 iterations


/home/daniel.z/ICML_PIECLAM_020425/experiments/../clamiter.py:637:::  
back and forth 7/7


/home/daniel.z/ICML_PIECLAM_020425/experiments/../clamiter.py:364:::  staring fit_feats for 500 iterations


/home/daniel.z/ICML_PIECLAM_020425/experiments/../clamiter.py:364:::  staring fit_prior for 2000 iterations


/home/daniel.z/ICML_PIECLAM_020425/experiments/../clamiter.py:704:::  
fit end, no early stopping


/home/daniel.z/ICML_PIECLAM_020425/experiments/../trainer.py:419:::  
train_model_on_params on pieclam squirrel 
took 2082.6787333488464 seconds


/home/daniel.z/ICML_PIECLAM_020425/experiments/../trainer.py:437:::  


FINISHED train 
 last accuracies:
test
key='auc': 0.8938299536135763
val
key='auc': 0.8998744982664408




/home/daniel.z/ICML_PIECLAM_020425/experiments/optimization_utils.py:648:::  Repetition no. 0


/home/daniel.z/ICML_PIECLAM_020425/experiments/../trainer.py:161:::  
Using dataset specific configuration and not global 




/home/daniel.z/ICML_PIECLAM_020425/experiments/../trainer.py:335:::  
 2025-05-28 02:10:47 starting optimization of pieclam on squirrel on device cuda

 configs_dict: 
{
    "clamiter_init": {
        "dim_feat": 100,
        "dim_attr": 100,
        "s_reg": 0.0,
        "l1_reg": 1,
        "T": 1,
        "hidden_dim": 64,
        "num_coupling_blocks": 32,
        "num_layers_mlp": 2
    },
    "feat_opt": {
        "lr": 5e-06,
        "n_iter": 3000,
        "early_stop": 0
    },
    "prior_opt": {
        "n_iter": 2000,
        "lr": 5e-06,
        "noise_amp": 0.1,
        "weight_decay": 0.1,
        "early_stop": 0
    },
    "back_forth": {
        "n_back_forth": 7,
        "scheduler_step_size": 3,
        "scheduler_gamma": 0.5,
        "early_stop_fit": 0,
        "first_func_in_fit": "fit_feats"
    }
}


/home/daniel.z/ICML_PIECLAM_020425/experiments/../clamiter.py:577:::  
in fit,
first_func_in_fit='fit_feats'
second_function_name='fit_prior'


/home/daniel.z/ICML_PIECLAM_020425/experiments/../clamiter.py:637:::  
back and forth 1/7


/home/daniel.z/ICML_PIECLAM_020425/experiments/../clamiter.py:364:::  staring fit_feats for 3000 iterations


/home/daniel.z/ICML_PIECLAM_020425/experiments/../clamiter.py:364:::  staring fit_prior for 2000 iterations


/home/daniel.z/ICML_PIECLAM_020425/experiments/../clamiter.py:637:::  
back and forth 2/7


/home/daniel.z/ICML_PIECLAM_020425/experiments/../clamiter.py:364:::  staring fit_feats for 3000 iterations


/home/daniel.z/ICML_PIECLAM_020425/experiments/../clamiter.py:364:::  staring fit_prior for 2000 iterations


/home/daniel.z/ICML_PIECLAM_020425/experiments/../clamiter.py:637:::  
back and forth 3/7


/home/daniel.z/ICML_PIECLAM_020425/experiments/../clamiter.py:364:::  staring fit_feats for 3000 iterations


/home/daniel.z/ICML_PIECLAM_020425/experiments/../clamiter.py:364:::  staring fit_prior for 2000 iterations


/home/daniel.z/ICML_PIECLAM_020425/experiments/../clamiter.py:637:::  
back and forth 4/7


/home/daniel.z/ICML_PIECLAM_020425/experiments/../clamiter.py:364:::  staring fit_feats for 3000 iterations


/home/daniel.z/ICML_PIECLAM_020425/experiments/../clamiter.py:364:::  staring fit_prior for 2000 iterations


/home/daniel.z/ICML_PIECLAM_020425/experiments/../clamiter.py:637:::  
back and forth 5/7


/home/daniel.z/ICML_PIECLAM_020425/experiments/../clamiter.py:364:::  staring fit_feats for 3000 iterations


/home/daniel.z/ICML_PIECLAM_020425/experiments/../clamiter.py:364:::  staring fit_prior for 2000 iterations


/home/daniel.z/ICML_PIECLAM_020425/experiments/../clamiter.py:637:::  
back and forth 6/7


/home/daniel.z/ICML_PIECLAM_020425/experiments/../clamiter.py:364:::  staring fit_feats for 3000 iterations


/home/daniel.z/ICML_PIECLAM_020425/experiments/../clamiter.py:364:::  staring fit_prior for 2000 iterations


/home/daniel.z/ICML_PIECLAM_020425/experiments/../clamiter.py:637:::  
back and forth 7/7


/home/daniel.z/ICML_PIECLAM_020425/experiments/../clamiter.py:364:::  staring fit_feats for 3000 iterations


/home/daniel.z/ICML_PIECLAM_020425/experiments/../clamiter.py:364:::  staring fit_prior for 2000 iterations


/home/daniel.z/ICML_PIECLAM_020425/experiments/../clamiter.py:704:::  
fit end, no early stopping


/home/daniel.z/ICML_PIECLAM_020425/experiments/../trainer.py:419:::  
train_model_on_params on pieclam squirrel 
took 4691.026069879532 seconds


/home/daniel.z/ICML_PIECLAM_020425/experiments/../trainer.py:437:::  


FINISHED train 
 last accuracies:
test
key='auc': 0.9887122597796134
val
key='auc': 0.9882905625388465




/home/daniel.z/ICML_PIECLAM_020425/experiments/optimization_utils.py:648:::  Repetition no. 0


/home/daniel.z/ICML_PIECLAM_020425/experiments/../trainer.py:161:::  
Using dataset specific configuration and not global 




/home/daniel.z/ICML_PIECLAM_020425/experiments/../trainer.py:335:::  
 2025-05-28 03:28:59 starting optimization of pieclam on squirrel on device cuda

 configs_dict: 
{
    "clamiter_init": {
        "dim_feat": 100,
        "dim_attr": 100,
        "s_reg": 0.0,
        "l1_reg": 1,
        "T": 1,
        "hidden_dim": 64,
        "num_coupling_blocks": 32,
        "num_layers_mlp": 2
    },
    "feat_opt": {
        "lr": 5e-07,
        "n_iter": 3000,
        "early_stop": 0
    },
    "prior_opt": {
        "n_iter": 2000,
        "lr": 5e-06,
        "noise_amp": 0.1,
        "weight_decay": 0.1,
        "early_stop": 0
    },
    "back_forth": {
        "n_back_forth": 7,
        "scheduler_step_size": 3,
        "scheduler_gamma": 0.5,
        "early_stop_fit": 0,
        "first_func_in_fit": "fit_feats"
    }
}


/home/daniel.z/ICML_PIECLAM_020425/experiments/../clamiter.py:577:::  
in fit,
first_func_in_fit='fit_feats'
second_function_name='fit_prior'


/home/daniel.z/ICML_PIECLAM_020425/experiments/../clamiter.py:637:::  
back and forth 1/7


/home/daniel.z/ICML_PIECLAM_020425/experiments/../clamiter.py:364:::  staring fit_feats for 3000 iterations


/home/daniel.z/ICML_PIECLAM_020425/experiments/../clamiter.py:364:::  staring fit_prior for 2000 iterations


/home/daniel.z/ICML_PIECLAM_020425/experiments/../clamiter.py:637:::  
back and forth 2/7


/home/daniel.z/ICML_PIECLAM_020425/experiments/../clamiter.py:364:::  staring fit_feats for 3000 iterations


/home/daniel.z/ICML_PIECLAM_020425/experiments/../clamiter.py:364:::  staring fit_prior for 2000 iterations


/home/daniel.z/ICML_PIECLAM_020425/experiments/../clamiter.py:637:::  
back and forth 3/7


/home/daniel.z/ICML_PIECLAM_020425/experiments/../clamiter.py:364:::  staring fit_feats for 3000 iterations


/home/daniel.z/ICML_PIECLAM_020425/experiments/../clamiter.py:364:::  staring fit_prior for 2000 iterations


/home/daniel.z/ICML_PIECLAM_020425/experiments/../clamiter.py:637:::  
back and forth 4/7


/home/daniel.z/ICML_PIECLAM_020425/experiments/../clamiter.py:364:::  staring fit_feats for 3000 iterations


/home/daniel.z/ICML_PIECLAM_020425/experiments/../clamiter.py:364:::  staring fit_prior for 2000 iterations


/home/daniel.z/ICML_PIECLAM_020425/experiments/../clamiter.py:637:::  
back and forth 5/7


/home/daniel.z/ICML_PIECLAM_020425/experiments/../clamiter.py:364:::  staring fit_feats for 3000 iterations


/home/daniel.z/ICML_PIECLAM_020425/experiments/../clamiter.py:364:::  staring fit_prior for 2000 iterations


/home/daniel.z/ICML_PIECLAM_020425/experiments/../clamiter.py:637:::  
back and forth 6/7


/home/daniel.z/ICML_PIECLAM_020425/experiments/../clamiter.py:364:::  staring fit_feats for 3000 iterations


/home/daniel.z/ICML_PIECLAM_020425/experiments/../clamiter.py:364:::  staring fit_prior for 2000 iterations


/home/daniel.z/ICML_PIECLAM_020425/experiments/../clamiter.py:637:::  
back and forth 7/7


/home/daniel.z/ICML_PIECLAM_020425/experiments/../clamiter.py:364:::  staring fit_feats for 3000 iterations


/home/daniel.z/ICML_PIECLAM_020425/experiments/../clamiter.py:364:::  staring fit_prior for 2000 iterations


/home/daniel.z/ICML_PIECLAM_020425/experiments/../clamiter.py:704:::  
fit end, no early stopping


/home/daniel.z/ICML_PIECLAM_020425/experiments/../trainer.py:419:::  
train_model_on_params on pieclam squirrel 
took 4742.726448535919 seconds


/home/daniel.z/ICML_PIECLAM_020425/experiments/../trainer.py:437:::  


FINISHED train 
 last accuracies:
test
key='auc': 0.9793839548524339
val
key='auc': 0.9810343586984035




/home/daniel.z/ICML_PIECLAM_020425/experiments/optimization_utils.py:648:::  Repetition no. 0


/home/daniel.z/ICML_PIECLAM_020425/experiments/../trainer.py:161:::  
Using dataset specific configuration and not global 




/home/daniel.z/ICML_PIECLAM_020425/experiments/../trainer.py:335:::  
 2025-05-28 04:48:02 starting optimization of pieclam on squirrel on device cuda

 configs_dict: 
{
    "clamiter_init": {
        "dim_feat": 100,
        "dim_attr": 100,
        "s_reg": 0.1,
        "l1_reg": 1,
        "T": 1,
        "hidden_dim": 64,
        "num_coupling_blocks": 32,
        "num_layers_mlp": 2
    },
    "feat_opt": {
        "lr": 5e-06,
        "n_iter": 3000,
        "early_stop": 0
    },
    "prior_opt": {
        "n_iter": 2000,
        "lr": 5e-06,
        "noise_amp": 0.1,
        "weight_decay": 0.1,
        "early_stop": 0
    },
    "back_forth": {
        "n_back_forth": 7,
        "scheduler_step_size": 3,
        "scheduler_gamma": 0.5,
        "early_stop_fit": 0,
        "first_func_in_fit": "fit_feats"
    }
}


/home/daniel.z/ICML_PIECLAM_020425/experiments/../clamiter.py:577:::  
in fit,
first_func_in_fit='fit_feats'
second_function_name='fit_prior'


/home/daniel.z/ICML_PIECLAM_020425/experiments/../clamiter.py:637:::  
back and forth 1/7


/home/daniel.z/ICML_PIECLAM_020425/experiments/../clamiter.py:364:::  staring fit_feats for 3000 iterations


/home/daniel.z/ICML_PIECLAM_020425/experiments/../clamiter.py:364:::  staring fit_prior for 2000 iterations


/home/daniel.z/ICML_PIECLAM_020425/experiments/../clamiter.py:637:::  
back and forth 2/7


/home/daniel.z/ICML_PIECLAM_020425/experiments/../clamiter.py:364:::  staring fit_feats for 3000 iterations


/home/daniel.z/ICML_PIECLAM_020425/experiments/../clamiter.py:364:::  staring fit_prior for 2000 iterations


/home/daniel.z/ICML_PIECLAM_020425/experiments/../clamiter.py:637:::  
back and forth 3/7


/home/daniel.z/ICML_PIECLAM_020425/experiments/../clamiter.py:364:::  staring fit_feats for 3000 iterations


/home/daniel.z/ICML_PIECLAM_020425/experiments/../clamiter.py:364:::  staring fit_prior for 2000 iterations


/home/daniel.z/ICML_PIECLAM_020425/experiments/../clamiter.py:637:::  
back and forth 4/7


/home/daniel.z/ICML_PIECLAM_020425/experiments/../clamiter.py:364:::  staring fit_feats for 3000 iterations


/home/daniel.z/ICML_PIECLAM_020425/experiments/../clamiter.py:364:::  staring fit_prior for 2000 iterations


/home/daniel.z/ICML_PIECLAM_020425/experiments/../clamiter.py:637:::  
back and forth 5/7


/home/daniel.z/ICML_PIECLAM_020425/experiments/../clamiter.py:364:::  staring fit_feats for 3000 iterations


/home/daniel.z/ICML_PIECLAM_020425/experiments/../clamiter.py:364:::  staring fit_prior for 2000 iterations


/home/daniel.z/ICML_PIECLAM_020425/experiments/../clamiter.py:637:::  
back and forth 6/7


/home/daniel.z/ICML_PIECLAM_020425/experiments/../clamiter.py:364:::  staring fit_feats for 3000 iterations


/home/daniel.z/ICML_PIECLAM_020425/experiments/../clamiter.py:364:::  staring fit_prior for 2000 iterations


/home/daniel.z/ICML_PIECLAM_020425/experiments/../clamiter.py:637:::  
back and forth 7/7


/home/daniel.z/ICML_PIECLAM_020425/experiments/../clamiter.py:364:::  staring fit_feats for 3000 iterations


/home/daniel.z/ICML_PIECLAM_020425/experiments/../clamiter.py:364:::  staring fit_prior for 2000 iterations


/home/daniel.z/ICML_PIECLAM_020425/experiments/../clamiter.py:704:::  
fit end, no early stopping


/home/daniel.z/ICML_PIECLAM_020425/experiments/../trainer.py:419:::  
train_model_on_params on pieclam squirrel 
took 4665.279597043991 seconds


/home/daniel.z/ICML_PIECLAM_020425/experiments/../trainer.py:437:::  


FINISHED train 
 last accuracies:
test
key='auc': 0.9881545386235557
val
key='auc': 0.9878979727226223




/home/daniel.z/ICML_PIECLAM_020425/experiments/optimization_utils.py:648:::  Repetition no. 0


/home/daniel.z/ICML_PIECLAM_020425/experiments/../trainer.py:161:::  
Using dataset specific configuration and not global 




/home/daniel.z/ICML_PIECLAM_020425/experiments/../trainer.py:335:::  
 2025-05-28 06:05:48 starting optimization of pieclam on squirrel on device cuda

 configs_dict: 
{
    "clamiter_init": {
        "dim_feat": 100,
        "dim_attr": 100,
        "s_reg": 0.0,
        "l1_reg": 1,
        "T": 1,
        "hidden_dim": 64,
        "num_coupling_blocks": 32,
        "num_layers_mlp": 2
    },
    "feat_opt": {
        "lr": 5e-06,
        "n_iter": 1000,
        "early_stop": 0
    },
    "prior_opt": {
        "n_iter": 2000,
        "lr": 5e-06,
        "noise_amp": 0.1,
        "weight_decay": 0.1,
        "early_stop": 0
    },
    "back_forth": {
        "n_back_forth": 7,
        "scheduler_step_size": 3,
        "scheduler_gamma": 0.5,
        "early_stop_fit": 0,
        "first_func_in_fit": "fit_feats"
    }
}


/home/daniel.z/ICML_PIECLAM_020425/experiments/../clamiter.py:577:::  
in fit,
first_func_in_fit='fit_feats'
second_function_name='fit_prior'


/home/daniel.z/ICML_PIECLAM_020425/experiments/../clamiter.py:637:::  
back and forth 1/7


/home/daniel.z/ICML_PIECLAM_020425/experiments/../clamiter.py:364:::  staring fit_feats for 1000 iterations


/home/daniel.z/ICML_PIECLAM_020425/experiments/../clamiter.py:364:::  staring fit_prior for 2000 iterations


/home/daniel.z/ICML_PIECLAM_020425/experiments/../clamiter.py:637:::  
back and forth 2/7


/home/daniel.z/ICML_PIECLAM_020425/experiments/../clamiter.py:364:::  staring fit_feats for 1000 iterations


/home/daniel.z/ICML_PIECLAM_020425/experiments/../clamiter.py:364:::  staring fit_prior for 2000 iterations


/home/daniel.z/ICML_PIECLAM_020425/experiments/../clamiter.py:637:::  
back and forth 3/7


/home/daniel.z/ICML_PIECLAM_020425/experiments/../clamiter.py:364:::  staring fit_feats for 1000 iterations


/home/daniel.z/ICML_PIECLAM_020425/experiments/../clamiter.py:364:::  staring fit_prior for 2000 iterations


/home/daniel.z/ICML_PIECLAM_020425/experiments/../clamiter.py:637:::  
back and forth 4/7


/home/daniel.z/ICML_PIECLAM_020425/experiments/../clamiter.py:364:::  staring fit_feats for 1000 iterations


/home/daniel.z/ICML_PIECLAM_020425/experiments/../clamiter.py:364:::  staring fit_prior for 2000 iterations


/home/daniel.z/ICML_PIECLAM_020425/experiments/../clamiter.py:637:::  
back and forth 5/7


/home/daniel.z/ICML_PIECLAM_020425/experiments/../clamiter.py:364:::  staring fit_feats for 1000 iterations


/home/daniel.z/ICML_PIECLAM_020425/experiments/../clamiter.py:364:::  staring fit_prior for 2000 iterations


/home/daniel.z/ICML_PIECLAM_020425/experiments/../clamiter.py:637:::  
back and forth 6/7


/home/daniel.z/ICML_PIECLAM_020425/experiments/../clamiter.py:364:::  staring fit_feats for 1000 iterations


/home/daniel.z/ICML_PIECLAM_020425/experiments/../clamiter.py:364:::  staring fit_prior for 2000 iterations


/home/daniel.z/ICML_PIECLAM_020425/experiments/../clamiter.py:637:::  
back and forth 7/7


/home/daniel.z/ICML_PIECLAM_020425/experiments/../clamiter.py:364:::  staring fit_feats for 1000 iterations


/home/daniel.z/ICML_PIECLAM_020425/experiments/../clamiter.py:364:::  staring fit_prior for 2000 iterations


/home/daniel.z/ICML_PIECLAM_020425/experiments/../clamiter.py:704:::  
fit end, no early stopping


/home/daniel.z/ICML_PIECLAM_020425/experiments/../trainer.py:419:::  
train_model_on_params on pieclam squirrel 
took 2465.4918472766876 seconds


/home/daniel.z/ICML_PIECLAM_020425/experiments/../trainer.py:437:::  


FINISHED train 
 last accuracies:
test
key='auc': 0.9873972086581566
val
key='auc': 0.9880740132814986




/home/daniel.z/ICML_PIECLAM_020425/experiments/optimization_utils.py:648:::  Repetition no. 0


/home/daniel.z/ICML_PIECLAM_020425/experiments/../trainer.py:161:::  
Using dataset specific configuration and not global 




/home/daniel.z/ICML_PIECLAM_020425/experiments/../trainer.py:335:::  
 2025-05-28 06:46:54 starting optimization of pieclam on squirrel on device cuda

 configs_dict: 
{
    "clamiter_init": {
        "dim_feat": 50,
        "dim_attr": 100,
        "s_reg": 0.1,
        "l1_reg": 1,
        "T": 1,
        "hidden_dim": 64,
        "num_coupling_blocks": 32,
        "num_layers_mlp": 2
    },
    "feat_opt": {
        "lr": 5e-06,
        "n_iter": 1000,
        "early_stop": 0
    },
    "prior_opt": {
        "n_iter": 2000,
        "lr": 5e-06,
        "noise_amp": 0.1,
        "weight_decay": 0.1,
        "early_stop": 0
    },
    "back_forth": {
        "n_back_forth": 7,
        "scheduler_step_size": 3,
        "scheduler_gamma": 0.5,
        "early_stop_fit": 0,
        "first_func_in_fit": "fit_feats"
    }
}


/home/daniel.z/ICML_PIECLAM_020425/experiments/../clamiter.py:577:::  
in fit,
first_func_in_fit='fit_feats'
second_function_name='fit_prior'


/home/daniel.z/ICML_PIECLAM_020425/experiments/../clamiter.py:637:::  
back and forth 1/7


/home/daniel.z/ICML_PIECLAM_020425/experiments/../clamiter.py:364:::  staring fit_feats for 1000 iterations


/home/daniel.z/ICML_PIECLAM_020425/experiments/../clamiter.py:364:::  staring fit_prior for 2000 iterations


/home/daniel.z/ICML_PIECLAM_020425/experiments/../clamiter.py:637:::  
back and forth 2/7


/home/daniel.z/ICML_PIECLAM_020425/experiments/../clamiter.py:364:::  staring fit_feats for 1000 iterations


/home/daniel.z/ICML_PIECLAM_020425/experiments/../clamiter.py:364:::  staring fit_prior for 2000 iterations


/home/daniel.z/ICML_PIECLAM_020425/experiments/../clamiter.py:637:::  
back and forth 3/7


/home/daniel.z/ICML_PIECLAM_020425/experiments/../clamiter.py:364:::  staring fit_feats for 1000 iterations


/home/daniel.z/ICML_PIECLAM_020425/experiments/../clamiter.py:364:::  staring fit_prior for 2000 iterations


/home/daniel.z/ICML_PIECLAM_020425/experiments/../clamiter.py:637:::  
back and forth 4/7


/home/daniel.z/ICML_PIECLAM_020425/experiments/../clamiter.py:364:::  staring fit_feats for 1000 iterations


/home/daniel.z/ICML_PIECLAM_020425/experiments/../clamiter.py:364:::  staring fit_prior for 2000 iterations


/home/daniel.z/ICML_PIECLAM_020425/experiments/../clamiter.py:637:::  
back and forth 5/7


/home/daniel.z/ICML_PIECLAM_020425/experiments/../clamiter.py:364:::  staring fit_feats for 1000 iterations


/home/daniel.z/ICML_PIECLAM_020425/experiments/../clamiter.py:364:::  staring fit_prior for 2000 iterations


/home/daniel.z/ICML_PIECLAM_020425/experiments/../clamiter.py:637:::  
back and forth 6/7


/home/daniel.z/ICML_PIECLAM_020425/experiments/../clamiter.py:364:::  staring fit_feats for 1000 iterations


/home/daniel.z/ICML_PIECLAM_020425/experiments/../clamiter.py:364:::  staring fit_prior for 2000 iterations


/home/daniel.z/ICML_PIECLAM_020425/experiments/../clamiter.py:637:::  
back and forth 7/7


/home/daniel.z/ICML_PIECLAM_020425/experiments/../clamiter.py:364:::  staring fit_feats for 1000 iterations


/home/daniel.z/ICML_PIECLAM_020425/experiments/../clamiter.py:364:::  staring fit_prior for 2000 iterations


/home/daniel.z/ICML_PIECLAM_020425/experiments/../clamiter.py:704:::  
fit end, no early stopping


/home/daniel.z/ICML_PIECLAM_020425/experiments/../trainer.py:419:::  
train_model_on_params on pieclam squirrel 
took 2371.651802301407 seconds


/home/daniel.z/ICML_PIECLAM_020425/experiments/../trainer.py:437:::  


FINISHED train 
 last accuracies:
test
key='auc': 0.9852453661076803
val
key='auc': 0.9859444195417464




/home/daniel.z/ICML_PIECLAM_020425/experiments/optimization_utils.py:648:::  Repetition no. 0


/home/daniel.z/ICML_PIECLAM_020425/experiments/../trainer.py:161:::  
Using dataset specific configuration and not global 




/home/daniel.z/ICML_PIECLAM_020425/experiments/../trainer.py:335:::  
 2025-05-28 07:26:26 starting optimization of pieclam on squirrel on device cuda

 configs_dict: 
{
    "clamiter_init": {
        "dim_feat": 200,
        "dim_attr": 100,
        "s_reg": 0.0,
        "l1_reg": 1,
        "T": 1,
        "hidden_dim": 64,
        "num_coupling_blocks": 32,
        "num_layers_mlp": 2
    },
    "feat_opt": {
        "lr": 5e-06,
        "n_iter": 3000,
        "early_stop": 0
    },
    "prior_opt": {
        "n_iter": 2000,
        "lr": 5e-06,
        "noise_amp": 0.1,
        "weight_decay": 0.1,
        "early_stop": 0
    },
    "back_forth": {
        "n_back_forth": 7,
        "scheduler_step_size": 3,
        "scheduler_gamma": 0.5,
        "early_stop_fit": 0,
        "first_func_in_fit": "fit_feats"
    }
}


/home/daniel.z/ICML_PIECLAM_020425/experiments/../clamiter.py:577:::  
in fit,
first_func_in_fit='fit_feats'
second_function_name='fit_prior'


/home/daniel.z/ICML_PIECLAM_020425/experiments/../clamiter.py:637:::  
back and forth 1/7


/home/daniel.z/ICML_PIECLAM_020425/experiments/../clamiter.py:364:::  staring fit_feats for 3000 iterations


/home/daniel.z/ICML_PIECLAM_020425/experiments/../clamiter.py:364:::  staring fit_prior for 2000 iterations


/home/daniel.z/ICML_PIECLAM_020425/experiments/../clamiter.py:637:::  
back and forth 2/7


/home/daniel.z/ICML_PIECLAM_020425/experiments/../clamiter.py:364:::  staring fit_feats for 3000 iterations


/home/daniel.z/ICML_PIECLAM_020425/experiments/../clamiter.py:364:::  staring fit_prior for 2000 iterations


/home/daniel.z/ICML_PIECLAM_020425/experiments/../clamiter.py:637:::  
back and forth 3/7


/home/daniel.z/ICML_PIECLAM_020425/experiments/../clamiter.py:364:::  staring fit_feats for 3000 iterations


/home/daniel.z/ICML_PIECLAM_020425/experiments/../clamiter.py:364:::  staring fit_prior for 2000 iterations


/home/daniel.z/ICML_PIECLAM_020425/experiments/../clamiter.py:637:::  
back and forth 4/7


/home/daniel.z/ICML_PIECLAM_020425/experiments/../clamiter.py:364:::  staring fit_feats for 3000 iterations


/home/daniel.z/ICML_PIECLAM_020425/experiments/../clamiter.py:364:::  staring fit_prior for 2000 iterations


/home/daniel.z/ICML_PIECLAM_020425/experiments/../clamiter.py:637:::  
back and forth 5/7


/home/daniel.z/ICML_PIECLAM_020425/experiments/../clamiter.py:364:::  staring fit_feats for 3000 iterations


/home/daniel.z/ICML_PIECLAM_020425/experiments/../clamiter.py:364:::  staring fit_prior for 2000 iterations


/home/daniel.z/ICML_PIECLAM_020425/experiments/../clamiter.py:637:::  
back and forth 6/7


/home/daniel.z/ICML_PIECLAM_020425/experiments/../clamiter.py:364:::  staring fit_feats for 3000 iterations


/home/daniel.z/ICML_PIECLAM_020425/experiments/../clamiter.py:364:::  staring fit_prior for 2000 iterations


/home/daniel.z/ICML_PIECLAM_020425/experiments/../clamiter.py:637:::  
back and forth 7/7


/home/daniel.z/ICML_PIECLAM_020425/experiments/../clamiter.py:364:::  staring fit_feats for 3000 iterations


/home/daniel.z/ICML_PIECLAM_020425/experiments/../clamiter.py:364:::  staring fit_prior for 2000 iterations


/home/daniel.z/ICML_PIECLAM_020425/experiments/../clamiter.py:704:::  
fit end, no early stopping


/home/daniel.z/ICML_PIECLAM_020425/experiments/../trainer.py:419:::  
train_model_on_params on pieclam squirrel 
took 5407.442908287048 seconds


/home/daniel.z/ICML_PIECLAM_020425/experiments/../trainer.py:437:::  


FINISHED train 
 last accuracies:
test
key='auc': 0.9895700250072654
val
key='auc': 0.9892621149653078




/home/daniel.z/ICML_PIECLAM_020425/experiments/optimization_utils.py:648:::  Repetition no. 0


/home/daniel.z/ICML_PIECLAM_020425/experiments/../trainer.py:161:::  
Using dataset specific configuration and not global 




/home/daniel.z/ICML_PIECLAM_020425/experiments/../trainer.py:335:::  
 2025-05-28 08:56:34 starting optimization of pieclam on squirrel on device cuda

 configs_dict: 
{
    "clamiter_init": {
        "dim_feat": 200,
        "dim_attr": 100,
        "s_reg": 0.1,
        "l1_reg": 1,
        "T": 1,
        "hidden_dim": 64,
        "num_coupling_blocks": 32,
        "num_layers_mlp": 2
    },
    "feat_opt": {
        "lr": 5e-07,
        "n_iter": 3000,
        "early_stop": 0
    },
    "prior_opt": {
        "n_iter": 2000,
        "lr": 5e-06,
        "noise_amp": 0.1,
        "weight_decay": 0.1,
        "early_stop": 0
    },
    "back_forth": {
        "n_back_forth": 7,
        "scheduler_step_size": 3,
        "scheduler_gamma": 0.5,
        "early_stop_fit": 0,
        "first_func_in_fit": "fit_feats"
    }
}


/home/daniel.z/ICML_PIECLAM_020425/experiments/../clamiter.py:577:::  
in fit,
first_func_in_fit='fit_feats'
second_function_name='fit_prior'


/home/daniel.z/ICML_PIECLAM_020425/experiments/../clamiter.py:637:::  
back and forth 1/7


/home/daniel.z/ICML_PIECLAM_020425/experiments/../clamiter.py:364:::  staring fit_feats for 3000 iterations


/home/daniel.z/ICML_PIECLAM_020425/experiments/../clamiter.py:364:::  staring fit_prior for 2000 iterations


/home/daniel.z/ICML_PIECLAM_020425/experiments/../clamiter.py:637:::  
back and forth 2/7


/home/daniel.z/ICML_PIECLAM_020425/experiments/../clamiter.py:364:::  staring fit_feats for 3000 iterations


/home/daniel.z/ICML_PIECLAM_020425/experiments/../clamiter.py:364:::  staring fit_prior for 2000 iterations


/home/daniel.z/ICML_PIECLAM_020425/experiments/../clamiter.py:637:::  
back and forth 3/7


/home/daniel.z/ICML_PIECLAM_020425/experiments/../clamiter.py:364:::  staring fit_feats for 3000 iterations


/home/daniel.z/ICML_PIECLAM_020425/experiments/../clamiter.py:364:::  staring fit_prior for 2000 iterations


/home/daniel.z/ICML_PIECLAM_020425/experiments/../clamiter.py:637:::  
back and forth 4/7


/home/daniel.z/ICML_PIECLAM_020425/experiments/../clamiter.py:364:::  staring fit_feats for 3000 iterations


/home/daniel.z/ICML_PIECLAM_020425/experiments/../clamiter.py:364:::  staring fit_prior for 2000 iterations


/home/daniel.z/ICML_PIECLAM_020425/experiments/../clamiter.py:637:::  
back and forth 5/7


/home/daniel.z/ICML_PIECLAM_020425/experiments/../clamiter.py:364:::  staring fit_feats for 3000 iterations


/home/daniel.z/ICML_PIECLAM_020425/experiments/../clamiter.py:364:::  staring fit_prior for 2000 iterations


/home/daniel.z/ICML_PIECLAM_020425/experiments/../clamiter.py:637:::  
back and forth 6/7


/home/daniel.z/ICML_PIECLAM_020425/experiments/../clamiter.py:364:::  staring fit_feats for 3000 iterations


/home/daniel.z/ICML_PIECLAM_020425/experiments/../clamiter.py:364:::  staring fit_prior for 2000 iterations


/home/daniel.z/ICML_PIECLAM_020425/experiments/../clamiter.py:637:::  
back and forth 7/7


/home/daniel.z/ICML_PIECLAM_020425/experiments/../clamiter.py:364:::  staring fit_feats for 3000 iterations


/home/daniel.z/ICML_PIECLAM_020425/experiments/../clamiter.py:364:::  staring fit_prior for 2000 iterations


/home/daniel.z/ICML_PIECLAM_020425/experiments/../clamiter.py:704:::  
fit end, no early stopping


/home/daniel.z/ICML_PIECLAM_020425/experiments/../trainer.py:419:::  
train_model_on_params on pieclam squirrel 
took 5383.535538434982 seconds


/home/daniel.z/ICML_PIECLAM_020425/experiments/../trainer.py:437:::  


FINISHED train 
 last accuracies:
test
key='auc': 0.9804111277539779
val
key='auc': 0.9801635951334253




/home/daniel.z/ICML_PIECLAM_020425/experiments/optimization_utils.py:648:::  Repetition no. 0


/home/daniel.z/ICML_PIECLAM_020425/experiments/../trainer.py:161:::  
Using dataset specific configuration and not global 




/home/daniel.z/ICML_PIECLAM_020425/experiments/../trainer.py:335:::  
 2025-05-28 10:26:18 starting optimization of pieclam on squirrel on device cuda

 configs_dict: 
{
    "clamiter_init": {
        "dim_feat": 100,
        "dim_attr": 100,
        "s_reg": 0.0,
        "l1_reg": 1,
        "T": 1,
        "hidden_dim": 64,
        "num_coupling_blocks": 32,
        "num_layers_mlp": 2
    },
    "feat_opt": {
        "lr": 5e-06,
        "n_iter": 500,
        "early_stop": 0
    },
    "prior_opt": {
        "n_iter": 2000,
        "lr": 5e-06,
        "noise_amp": 0.1,
        "weight_decay": 0.1,
        "early_stop": 0
    },
    "back_forth": {
        "n_back_forth": 7,
        "scheduler_step_size": 3,
        "scheduler_gamma": 0.5,
        "early_stop_fit": 0,
        "first_func_in_fit": "fit_feats"
    }
}


/home/daniel.z/ICML_PIECLAM_020425/experiments/../clamiter.py:577:::  
in fit,
first_func_in_fit='fit_feats'
second_function_name='fit_prior'


/home/daniel.z/ICML_PIECLAM_020425/experiments/../clamiter.py:637:::  
back and forth 1/7


/home/daniel.z/ICML_PIECLAM_020425/experiments/../clamiter.py:364:::  staring fit_feats for 500 iterations


/home/daniel.z/ICML_PIECLAM_020425/experiments/../clamiter.py:364:::  staring fit_prior for 2000 iterations


/home/daniel.z/ICML_PIECLAM_020425/experiments/../clamiter.py:637:::  
back and forth 2/7


/home/daniel.z/ICML_PIECLAM_020425/experiments/../clamiter.py:364:::  staring fit_feats for 500 iterations


/home/daniel.z/ICML_PIECLAM_020425/experiments/../clamiter.py:364:::  staring fit_prior for 2000 iterations


/home/daniel.z/ICML_PIECLAM_020425/experiments/../clamiter.py:637:::  
back and forth 3/7


/home/daniel.z/ICML_PIECLAM_020425/experiments/../clamiter.py:364:::  staring fit_feats for 500 iterations


/home/daniel.z/ICML_PIECLAM_020425/experiments/../clamiter.py:364:::  staring fit_prior for 2000 iterations


/home/daniel.z/ICML_PIECLAM_020425/experiments/../clamiter.py:637:::  
back and forth 4/7


/home/daniel.z/ICML_PIECLAM_020425/experiments/../clamiter.py:364:::  staring fit_feats for 500 iterations


/home/daniel.z/ICML_PIECLAM_020425/experiments/../clamiter.py:364:::  staring fit_prior for 2000 iterations


/home/daniel.z/ICML_PIECLAM_020425/experiments/../clamiter.py:637:::  
back and forth 5/7


/home/daniel.z/ICML_PIECLAM_020425/experiments/../clamiter.py:364:::  staring fit_feats for 500 iterations


/home/daniel.z/ICML_PIECLAM_020425/experiments/../clamiter.py:364:::  staring fit_prior for 2000 iterations


/home/daniel.z/ICML_PIECLAM_020425/experiments/../clamiter.py:637:::  
back and forth 6/7


/home/daniel.z/ICML_PIECLAM_020425/experiments/../clamiter.py:364:::  staring fit_feats for 500 iterations


/home/daniel.z/ICML_PIECLAM_020425/experiments/../clamiter.py:364:::  staring fit_prior for 2000 iterations


/home/daniel.z/ICML_PIECLAM_020425/experiments/../clamiter.py:637:::  
back and forth 7/7


/home/daniel.z/ICML_PIECLAM_020425/experiments/../clamiter.py:364:::  staring fit_feats for 500 iterations


/home/daniel.z/ICML_PIECLAM_020425/experiments/../clamiter.py:364:::  staring fit_prior for 2000 iterations


/home/daniel.z/ICML_PIECLAM_020425/experiments/../clamiter.py:704:::  
fit end, no early stopping


/home/daniel.z/ICML_PIECLAM_020425/experiments/../trainer.py:419:::  
train_model_on_params on pieclam squirrel 
took 1938.2007038593292 seconds


/home/daniel.z/ICML_PIECLAM_020425/experiments/../trainer.py:437:::  


FINISHED train 
 last accuracies:
test
key='auc': 0.9861334583383922
val
key='auc': 0.9860035495958257




/home/daniel.z/ICML_PIECLAM_020425/experiments/optimization_utils.py:648:::  Repetition no. 0


/home/daniel.z/ICML_PIECLAM_020425/experiments/../trainer.py:161:::  
Using dataset specific configuration and not global 




/home/daniel.z/ICML_PIECLAM_020425/experiments/../trainer.py:335:::  
 2025-05-28 10:58:37 starting optimization of pieclam on squirrel on device cuda

 configs_dict: 
{
    "clamiter_init": {
        "dim_feat": 100,
        "dim_attr": 100,
        "s_reg": 0.1,
        "l1_reg": 1,
        "T": 1,
        "hidden_dim": 64,
        "num_coupling_blocks": 32,
        "num_layers_mlp": 2
    },
    "feat_opt": {
        "lr": 5e-06,
        "n_iter": 500,
        "early_stop": 0
    },
    "prior_opt": {
        "n_iter": 2000,
        "lr": 5e-06,
        "noise_amp": 0.1,
        "weight_decay": 0.1,
        "early_stop": 0
    },
    "back_forth": {
        "n_back_forth": 7,
        "scheduler_step_size": 3,
        "scheduler_gamma": 0.5,
        "early_stop_fit": 0,
        "first_func_in_fit": "fit_feats"
    }
}


/home/daniel.z/ICML_PIECLAM_020425/experiments/../clamiter.py:577:::  
in fit,
first_func_in_fit='fit_feats'
second_function_name='fit_prior'


/home/daniel.z/ICML_PIECLAM_020425/experiments/../clamiter.py:637:::  
back and forth 1/7


/home/daniel.z/ICML_PIECLAM_020425/experiments/../clamiter.py:364:::  staring fit_feats for 500 iterations


/home/daniel.z/ICML_PIECLAM_020425/experiments/../clamiter.py:364:::  staring fit_prior for 2000 iterations


/home/daniel.z/ICML_PIECLAM_020425/experiments/../clamiter.py:637:::  
back and forth 2/7


/home/daniel.z/ICML_PIECLAM_020425/experiments/../clamiter.py:364:::  staring fit_feats for 500 iterations


/home/daniel.z/ICML_PIECLAM_020425/experiments/../clamiter.py:364:::  staring fit_prior for 2000 iterations


/home/daniel.z/ICML_PIECLAM_020425/experiments/../clamiter.py:637:::  
back and forth 3/7


/home/daniel.z/ICML_PIECLAM_020425/experiments/../clamiter.py:364:::  staring fit_feats for 500 iterations


/home/daniel.z/ICML_PIECLAM_020425/experiments/../clamiter.py:364:::  staring fit_prior for 2000 iterations


/home/daniel.z/ICML_PIECLAM_020425/experiments/../clamiter.py:637:::  
back and forth 4/7


/home/daniel.z/ICML_PIECLAM_020425/experiments/../clamiter.py:364:::  staring fit_feats for 500 iterations


/home/daniel.z/ICML_PIECLAM_020425/experiments/../clamiter.py:364:::  staring fit_prior for 2000 iterations


/home/daniel.z/ICML_PIECLAM_020425/experiments/../clamiter.py:637:::  
back and forth 5/7


/home/daniel.z/ICML_PIECLAM_020425/experiments/../clamiter.py:364:::  staring fit_feats for 500 iterations


/home/daniel.z/ICML_PIECLAM_020425/experiments/../clamiter.py:364:::  staring fit_prior for 2000 iterations


/home/daniel.z/ICML_PIECLAM_020425/experiments/../clamiter.py:637:::  
back and forth 6/7


/home/daniel.z/ICML_PIECLAM_020425/experiments/../clamiter.py:364:::  staring fit_feats for 500 iterations


/home/daniel.z/ICML_PIECLAM_020425/experiments/../clamiter.py:364:::  staring fit_prior for 2000 iterations


/home/daniel.z/ICML_PIECLAM_020425/experiments/../clamiter.py:637:::  
back and forth 7/7


/home/daniel.z/ICML_PIECLAM_020425/experiments/../clamiter.py:364:::  staring fit_feats for 500 iterations


/home/daniel.z/ICML_PIECLAM_020425/experiments/../clamiter.py:364:::  staring fit_prior for 2000 iterations


/home/daniel.z/ICML_PIECLAM_020425/experiments/../clamiter.py:704:::  
fit end, no early stopping


/home/daniel.z/ICML_PIECLAM_020425/experiments/../trainer.py:419:::  
train_model_on_params on pieclam squirrel 
took 1920.6664364337921 seconds


/home/daniel.z/ICML_PIECLAM_020425/experiments/../trainer.py:437:::  


FINISHED train 
 last accuracies:
test
key='auc': 0.9842266742012049
val
key='auc': 0.9840144273904545




/home/daniel.z/ICML_PIECLAM_020425/experiments/optimization_utils.py:722:::  

Finished CrossVal!




/home/daniel.z/ICML_PIECLAM_020425/experiments/optimization_utils.py:511:::  on test set /home/daniel.z/ICML_PIECLAM_020425/experiments/results/link_prediction/auc/squirrel/pieclam, split_03-29_02-05-25


/home/daniel.z/ICML_PIECLAM_020425/experiments/optimization_utils.py:626:::  RunSaver defined to acc_configs path /home/daniel.z/ICML_PIECLAM_020425/experiments/results/link_prediction/auc/squirrel/pieclam/split_03-29_02-05-25/valid/acc_configs11-30_28-05-25.json


/home/daniel.z/ICML_PIECLAM_020425/experiments/optimization_utils.py:648:::  Repetition no. 0


/home/daniel.z/ICML_PIECLAM_020425/experiments/../trainer.py:161:::  
Using dataset specific configuration and not global 




/home/daniel.z/ICML_PIECLAM_020425/experiments/../trainer.py:335:::  
 2025-05-28 11:30:42 starting optimization of pieclam on squirrel on device cuda

 configs_dict: 
{
    "clamiter_init": {
        "dim_feat": 100,
        "dim_attr": 100,
        "s_reg": 0.0,
        "l1_reg": 1,
        "T": 1,
        "hidden_dim": 64,
        "num_coupling_blocks": 32,
        "num_layers_mlp": 2
    },
    "feat_opt": {
        "lr": 5e-07,
        "n_iter": 1000,
        "early_stop": 0
    },
    "prior_opt": {
        "n_iter": 2000,
        "lr": 5e-06,
        "noise_amp": 0.1,
        "weight_decay": 0.1,
        "early_stop": 0
    },
    "back_forth": {
        "n_back_forth": 7,
        "scheduler_step_size": 3,
        "scheduler_gamma": 0.5,
        "early_stop_fit": 0,
        "first_func_in_fit": "fit_feats"
    }
}


/home/daniel.z/ICML_PIECLAM_020425/experiments/../clamiter.py:577:::  
in fit,
first_func_in_fit='fit_feats'
second_function_name='fit_prior'


/home/daniel.z/ICML_PIECLAM_020425/experiments/../clamiter.py:637:::  
back and forth 1/7


/home/daniel.z/ICML_PIECLAM_020425/experiments/../clamiter.py:364:::  staring fit_feats for 1000 iterations


/home/daniel.z/ICML_PIECLAM_020425/experiments/../clamiter.py:364:::  staring fit_prior for 2000 iterations


/home/daniel.z/ICML_PIECLAM_020425/experiments/../clamiter.py:637:::  
back and forth 2/7


/home/daniel.z/ICML_PIECLAM_020425/experiments/../clamiter.py:364:::  staring fit_feats for 1000 iterations


/home/daniel.z/ICML_PIECLAM_020425/experiments/../clamiter.py:364:::  staring fit_prior for 2000 iterations


/home/daniel.z/ICML_PIECLAM_020425/experiments/../clamiter.py:637:::  
back and forth 3/7


/home/daniel.z/ICML_PIECLAM_020425/experiments/../clamiter.py:364:::  staring fit_feats for 1000 iterations


/home/daniel.z/ICML_PIECLAM_020425/experiments/../clamiter.py:364:::  staring fit_prior for 2000 iterations


/home/daniel.z/ICML_PIECLAM_020425/experiments/../clamiter.py:637:::  
back and forth 4/7


/home/daniel.z/ICML_PIECLAM_020425/experiments/../clamiter.py:364:::  staring fit_feats for 1000 iterations


/home/daniel.z/ICML_PIECLAM_020425/experiments/../clamiter.py:364:::  staring fit_prior for 2000 iterations


/home/daniel.z/ICML_PIECLAM_020425/experiments/../clamiter.py:637:::  
back and forth 5/7


/home/daniel.z/ICML_PIECLAM_020425/experiments/../clamiter.py:364:::  staring fit_feats for 1000 iterations


/home/daniel.z/ICML_PIECLAM_020425/experiments/../clamiter.py:364:::  staring fit_prior for 2000 iterations


/home/daniel.z/ICML_PIECLAM_020425/experiments/../clamiter.py:637:::  
back and forth 6/7


/home/daniel.z/ICML_PIECLAM_020425/experiments/../clamiter.py:364:::  staring fit_feats for 1000 iterations


/home/daniel.z/ICML_PIECLAM_020425/experiments/../clamiter.py:364:::  staring fit_prior for 2000 iterations


/home/daniel.z/ICML_PIECLAM_020425/experiments/../clamiter.py:637:::  
back and forth 7/7


/home/daniel.z/ICML_PIECLAM_020425/experiments/../clamiter.py:364:::  staring fit_feats for 1000 iterations


/home/daniel.z/ICML_PIECLAM_020425/experiments/../clamiter.py:364:::  staring fit_prior for 2000 iterations


/home/daniel.z/ICML_PIECLAM_020425/experiments/../clamiter.py:704:::  
fit end, no early stopping


/home/daniel.z/ICML_PIECLAM_020425/experiments/../trainer.py:419:::  
train_model_on_params on pieclam squirrel 
took 2521.030359983444 seconds


/home/daniel.z/ICML_PIECLAM_020425/experiments/../trainer.py:437:::  


FINISHED train 
 last accuracies:
test
key='auc': 0.9426583074041792
val
key='auc': 0.9450495853253705




/home/daniel.z/ICML_PIECLAM_020425/experiments/optimization_utils.py:648:::  Repetition no. 0


/home/daniel.z/ICML_PIECLAM_020425/experiments/../trainer.py:161:::  
Using dataset specific configuration and not global 




/home/daniel.z/ICML_PIECLAM_020425/experiments/../trainer.py:335:::  
 2025-05-28 12:12:44 starting optimization of pieclam on squirrel on device cuda

 configs_dict: 
{
    "clamiter_init": {
        "dim_feat": 200,
        "dim_attr": 100,
        "s_reg": 0.0,
        "l1_reg": 1,
        "T": 1,
        "hidden_dim": 64,
        "num_coupling_blocks": 32,
        "num_layers_mlp": 2
    },
    "feat_opt": {
        "lr": 5e-06,
        "n_iter": 500,
        "early_stop": 0
    },
    "prior_opt": {
        "n_iter": 2000,
        "lr": 5e-06,
        "noise_amp": 0.1,
        "weight_decay": 0.1,
        "early_stop": 0
    },
    "back_forth": {
        "n_back_forth": 7,
        "scheduler_step_size": 3,
        "scheduler_gamma": 0.5,
        "early_stop_fit": 0,
        "first_func_in_fit": "fit_feats"
    }
}


/home/daniel.z/ICML_PIECLAM_020425/experiments/../clamiter.py:577:::  
in fit,
first_func_in_fit='fit_feats'
second_function_name='fit_prior'


/home/daniel.z/ICML_PIECLAM_020425/experiments/../clamiter.py:637:::  
back and forth 1/7


/home/daniel.z/ICML_PIECLAM_020425/experiments/../clamiter.py:364:::  staring fit_feats for 500 iterations


/home/daniel.z/ICML_PIECLAM_020425/experiments/../clamiter.py:364:::  staring fit_prior for 2000 iterations


/home/daniel.z/ICML_PIECLAM_020425/experiments/../clamiter.py:637:::  
back and forth 2/7


/home/daniel.z/ICML_PIECLAM_020425/experiments/../clamiter.py:364:::  staring fit_feats for 500 iterations


/home/daniel.z/ICML_PIECLAM_020425/experiments/../clamiter.py:364:::  staring fit_prior for 2000 iterations


/home/daniel.z/ICML_PIECLAM_020425/experiments/../clamiter.py:637:::  
back and forth 3/7


/home/daniel.z/ICML_PIECLAM_020425/experiments/../clamiter.py:364:::  staring fit_feats for 500 iterations


/home/daniel.z/ICML_PIECLAM_020425/experiments/../clamiter.py:364:::  staring fit_prior for 2000 iterations


/home/daniel.z/ICML_PIECLAM_020425/experiments/../clamiter.py:637:::  
back and forth 4/7


/home/daniel.z/ICML_PIECLAM_020425/experiments/../clamiter.py:364:::  staring fit_feats for 500 iterations


/home/daniel.z/ICML_PIECLAM_020425/experiments/../clamiter.py:364:::  staring fit_prior for 2000 iterations


/home/daniel.z/ICML_PIECLAM_020425/experiments/../clamiter.py:637:::  
back and forth 5/7


/home/daniel.z/ICML_PIECLAM_020425/experiments/../clamiter.py:364:::  staring fit_feats for 500 iterations


/home/daniel.z/ICML_PIECLAM_020425/experiments/../clamiter.py:364:::  staring fit_prior for 2000 iterations


/home/daniel.z/ICML_PIECLAM_020425/experiments/../clamiter.py:637:::  
back and forth 6/7


/home/daniel.z/ICML_PIECLAM_020425/experiments/../clamiter.py:364:::  staring fit_feats for 500 iterations


/home/daniel.z/ICML_PIECLAM_020425/experiments/../clamiter.py:364:::  staring fit_prior for 2000 iterations


/home/daniel.z/ICML_PIECLAM_020425/experiments/../clamiter.py:637:::  
back and forth 7/7


/home/daniel.z/ICML_PIECLAM_020425/experiments/../clamiter.py:364:::  staring fit_feats for 500 iterations


/home/daniel.z/ICML_PIECLAM_020425/experiments/../clamiter.py:364:::  staring fit_prior for 2000 iterations


/home/daniel.z/ICML_PIECLAM_020425/experiments/../clamiter.py:704:::  
fit end, no early stopping


/home/daniel.z/ICML_PIECLAM_020425/experiments/../trainer.py:419:::  
train_model_on_params on pieclam squirrel 
took 2043.0831489562988 seconds


/home/daniel.z/ICML_PIECLAM_020425/experiments/../trainer.py:437:::  


FINISHED train 
 last accuracies:
test
key='auc': 0.9854939121054105
val
key='auc': 0.9855478224655245




/home/daniel.z/ICML_PIECLAM_020425/experiments/optimization_utils.py:648:::  Repetition no. 0


/home/daniel.z/ICML_PIECLAM_020425/experiments/../trainer.py:161:::  
Using dataset specific configuration and not global 




/home/daniel.z/ICML_PIECLAM_020425/experiments/../trainer.py:335:::  
 2025-05-28 12:46:47 starting optimization of pieclam on squirrel on device cuda

 configs_dict: 
{
    "clamiter_init": {
        "dim_feat": 50,
        "dim_attr": 100,
        "s_reg": 0.0,
        "l1_reg": 1,
        "T": 1,
        "hidden_dim": 64,
        "num_coupling_blocks": 32,
        "num_layers_mlp": 2
    },
    "feat_opt": {
        "lr": 5e-07,
        "n_iter": 3000,
        "early_stop": 0
    },
    "prior_opt": {
        "n_iter": 2000,
        "lr": 5e-06,
        "noise_amp": 0.1,
        "weight_decay": 0.1,
        "early_stop": 0
    },
    "back_forth": {
        "n_back_forth": 7,
        "scheduler_step_size": 3,
        "scheduler_gamma": 0.5,
        "early_stop_fit": 0,
        "first_func_in_fit": "fit_feats"
    }
}


/home/daniel.z/ICML_PIECLAM_020425/experiments/../clamiter.py:577:::  
in fit,
first_func_in_fit='fit_feats'
second_function_name='fit_prior'


/home/daniel.z/ICML_PIECLAM_020425/experiments/../clamiter.py:637:::  
back and forth 1/7


/home/daniel.z/ICML_PIECLAM_020425/experiments/../clamiter.py:364:::  staring fit_feats for 3000 iterations


/home/daniel.z/ICML_PIECLAM_020425/experiments/../clamiter.py:364:::  staring fit_prior for 2000 iterations


/home/daniel.z/ICML_PIECLAM_020425/experiments/../clamiter.py:637:::  
back and forth 2/7


/home/daniel.z/ICML_PIECLAM_020425/experiments/../clamiter.py:364:::  staring fit_feats for 3000 iterations


/home/daniel.z/ICML_PIECLAM_020425/experiments/../clamiter.py:364:::  staring fit_prior for 2000 iterations


/home/daniel.z/ICML_PIECLAM_020425/experiments/../clamiter.py:637:::  
back and forth 3/7


/home/daniel.z/ICML_PIECLAM_020425/experiments/../clamiter.py:364:::  staring fit_feats for 3000 iterations


/home/daniel.z/ICML_PIECLAM_020425/experiments/../clamiter.py:364:::  staring fit_prior for 2000 iterations


/home/daniel.z/ICML_PIECLAM_020425/experiments/../clamiter.py:637:::  
back and forth 4/7


/home/daniel.z/ICML_PIECLAM_020425/experiments/../clamiter.py:364:::  staring fit_feats for 3000 iterations


/home/daniel.z/ICML_PIECLAM_020425/experiments/../clamiter.py:364:::  staring fit_prior for 2000 iterations


/home/daniel.z/ICML_PIECLAM_020425/experiments/../clamiter.py:637:::  
back and forth 5/7


/home/daniel.z/ICML_PIECLAM_020425/experiments/../clamiter.py:364:::  staring fit_feats for 3000 iterations


/home/daniel.z/ICML_PIECLAM_020425/experiments/../clamiter.py:364:::  staring fit_prior for 2000 iterations


/home/daniel.z/ICML_PIECLAM_020425/experiments/../clamiter.py:637:::  
back and forth 6/7


/home/daniel.z/ICML_PIECLAM_020425/experiments/../clamiter.py:364:::  staring fit_feats for 3000 iterations


/home/daniel.z/ICML_PIECLAM_020425/experiments/../clamiter.py:364:::  staring fit_prior for 2000 iterations


/home/daniel.z/ICML_PIECLAM_020425/experiments/../clamiter.py:637:::  
back and forth 7/7


/home/daniel.z/ICML_PIECLAM_020425/experiments/../clamiter.py:364:::  staring fit_feats for 3000 iterations


/home/daniel.z/ICML_PIECLAM_020425/experiments/../clamiter.py:364:::  staring fit_prior for 2000 iterations


/home/daniel.z/ICML_PIECLAM_020425/experiments/../clamiter.py:704:::  
fit end, no early stopping


/home/daniel.z/ICML_PIECLAM_020425/experiments/../trainer.py:419:::  
train_model_on_params on pieclam squirrel 
took 4324.637742757797 seconds


/home/daniel.z/ICML_PIECLAM_020425/experiments/../trainer.py:437:::  


FINISHED train 
 last accuracies:
test
key='auc': 0.9776878726280331
val
key='auc': 0.9779038585692931




/home/daniel.z/ICML_PIECLAM_020425/experiments/optimization_utils.py:648:::  Repetition no. 0


/home/daniel.z/ICML_PIECLAM_020425/experiments/../trainer.py:161:::  
Using dataset specific configuration and not global 




/home/daniel.z/ICML_PIECLAM_020425/experiments/../trainer.py:335:::  
 2025-05-28 13:58:53 starting optimization of pieclam on squirrel on device cuda

 configs_dict: 
{
    "clamiter_init": {
        "dim_feat": 100,
        "dim_attr": 100,
        "s_reg": 0.1,
        "l1_reg": 1,
        "T": 1,
        "hidden_dim": 64,
        "num_coupling_blocks": 32,
        "num_layers_mlp": 2
    },
    "feat_opt": {
        "lr": 5e-07,
        "n_iter": 1000,
        "early_stop": 0
    },
    "prior_opt": {
        "n_iter": 2000,
        "lr": 5e-06,
        "noise_amp": 0.1,
        "weight_decay": 0.1,
        "early_stop": 0
    },
    "back_forth": {
        "n_back_forth": 7,
        "scheduler_step_size": 3,
        "scheduler_gamma": 0.5,
        "early_stop_fit": 0,
        "first_func_in_fit": "fit_feats"
    }
}


/home/daniel.z/ICML_PIECLAM_020425/experiments/../clamiter.py:577:::  
in fit,
first_func_in_fit='fit_feats'
second_function_name='fit_prior'


/home/daniel.z/ICML_PIECLAM_020425/experiments/../clamiter.py:637:::  
back and forth 1/7


/home/daniel.z/ICML_PIECLAM_020425/experiments/../clamiter.py:364:::  staring fit_feats for 1000 iterations


/home/daniel.z/ICML_PIECLAM_020425/experiments/../clamiter.py:364:::  staring fit_prior for 2000 iterations


/home/daniel.z/ICML_PIECLAM_020425/experiments/../clamiter.py:637:::  
back and forth 2/7


/home/daniel.z/ICML_PIECLAM_020425/experiments/../clamiter.py:364:::  staring fit_feats for 1000 iterations


/home/daniel.z/ICML_PIECLAM_020425/experiments/../clamiter.py:364:::  staring fit_prior for 2000 iterations


/home/daniel.z/ICML_PIECLAM_020425/experiments/../clamiter.py:637:::  
back and forth 3/7


/home/daniel.z/ICML_PIECLAM_020425/experiments/../clamiter.py:364:::  staring fit_feats for 1000 iterations


/home/daniel.z/ICML_PIECLAM_020425/experiments/../clamiter.py:364:::  staring fit_prior for 2000 iterations


/home/daniel.z/ICML_PIECLAM_020425/experiments/../clamiter.py:637:::  
back and forth 4/7


/home/daniel.z/ICML_PIECLAM_020425/experiments/../clamiter.py:364:::  staring fit_feats for 1000 iterations


/home/daniel.z/ICML_PIECLAM_020425/experiments/../clamiter.py:364:::  staring fit_prior for 2000 iterations


/home/daniel.z/ICML_PIECLAM_020425/experiments/../clamiter.py:637:::  
back and forth 5/7


/home/daniel.z/ICML_PIECLAM_020425/experiments/../clamiter.py:364:::  staring fit_feats for 1000 iterations


/home/daniel.z/ICML_PIECLAM_020425/experiments/../clamiter.py:364:::  staring fit_prior for 2000 iterations


/home/daniel.z/ICML_PIECLAM_020425/experiments/../clamiter.py:637:::  
back and forth 6/7


/home/daniel.z/ICML_PIECLAM_020425/experiments/../clamiter.py:364:::  staring fit_feats for 1000 iterations


/home/daniel.z/ICML_PIECLAM_020425/experiments/../clamiter.py:364:::  staring fit_prior for 2000 iterations


/home/daniel.z/ICML_PIECLAM_020425/experiments/../clamiter.py:637:::  
back and forth 7/7


/home/daniel.z/ICML_PIECLAM_020425/experiments/../clamiter.py:364:::  staring fit_feats for 1000 iterations


/home/daniel.z/ICML_PIECLAM_020425/experiments/../clamiter.py:364:::  staring fit_prior for 2000 iterations


/home/daniel.z/ICML_PIECLAM_020425/experiments/../clamiter.py:704:::  
fit end, no early stopping


/home/daniel.z/ICML_PIECLAM_020425/experiments/../trainer.py:419:::  
train_model_on_params on pieclam squirrel 
took 2528.1156239509583 seconds


/home/daniel.z/ICML_PIECLAM_020425/experiments/../trainer.py:437:::  


FINISHED train 
 last accuracies:
test
key='auc': 0.9422230380607899
val
key='auc': 0.9422368446620658




/home/daniel.z/ICML_PIECLAM_020425/experiments/optimization_utils.py:648:::  Repetition no. 0


/home/daniel.z/ICML_PIECLAM_020425/experiments/../trainer.py:161:::  
Using dataset specific configuration and not global 




/home/daniel.z/ICML_PIECLAM_020425/experiments/../trainer.py:335:::  
 2025-05-28 14:41:01 starting optimization of pieclam on squirrel on device cuda

 configs_dict: 
{
    "clamiter_init": {
        "dim_feat": 200,
        "dim_attr": 100,
        "s_reg": 0.1,
        "l1_reg": 1,
        "T": 1,
        "hidden_dim": 64,
        "num_coupling_blocks": 32,
        "num_layers_mlp": 2
    },
    "feat_opt": {
        "lr": 5e-06,
        "n_iter": 1000,
        "early_stop": 0
    },
    "prior_opt": {
        "n_iter": 2000,
        "lr": 5e-06,
        "noise_amp": 0.1,
        "weight_decay": 0.1,
        "early_stop": 0
    },
    "back_forth": {
        "n_back_forth": 7,
        "scheduler_step_size": 3,
        "scheduler_gamma": 0.5,
        "early_stop_fit": 0,
        "first_func_in_fit": "fit_feats"
    }
}


/home/daniel.z/ICML_PIECLAM_020425/experiments/../clamiter.py:577:::  
in fit,
first_func_in_fit='fit_feats'
second_function_name='fit_prior'


/home/daniel.z/ICML_PIECLAM_020425/experiments/../clamiter.py:637:::  
back and forth 1/7


/home/daniel.z/ICML_PIECLAM_020425/experiments/../clamiter.py:364:::  staring fit_feats for 1000 iterations


/home/daniel.z/ICML_PIECLAM_020425/experiments/../clamiter.py:364:::  staring fit_prior for 2000 iterations


/home/daniel.z/ICML_PIECLAM_020425/experiments/../clamiter.py:637:::  
back and forth 2/7


/home/daniel.z/ICML_PIECLAM_020425/experiments/../clamiter.py:364:::  staring fit_feats for 1000 iterations


/home/daniel.z/ICML_PIECLAM_020425/experiments/../clamiter.py:364:::  staring fit_prior for 2000 iterations


/home/daniel.z/ICML_PIECLAM_020425/experiments/../clamiter.py:637:::  
back and forth 3/7


/home/daniel.z/ICML_PIECLAM_020425/experiments/../clamiter.py:364:::  staring fit_feats for 1000 iterations


/home/daniel.z/ICML_PIECLAM_020425/experiments/../clamiter.py:364:::  staring fit_prior for 2000 iterations


/home/daniel.z/ICML_PIECLAM_020425/experiments/../clamiter.py:637:::  
back and forth 4/7


/home/daniel.z/ICML_PIECLAM_020425/experiments/../clamiter.py:364:::  staring fit_feats for 1000 iterations


/home/daniel.z/ICML_PIECLAM_020425/experiments/../clamiter.py:364:::  staring fit_prior for 2000 iterations


/home/daniel.z/ICML_PIECLAM_020425/experiments/../clamiter.py:637:::  
back and forth 5/7


/home/daniel.z/ICML_PIECLAM_020425/experiments/../clamiter.py:364:::  staring fit_feats for 1000 iterations


/home/daniel.z/ICML_PIECLAM_020425/experiments/../clamiter.py:364:::  staring fit_prior for 2000 iterations


/home/daniel.z/ICML_PIECLAM_020425/experiments/../clamiter.py:637:::  
back and forth 6/7


/home/daniel.z/ICML_PIECLAM_020425/experiments/../clamiter.py:364:::  staring fit_feats for 1000 iterations


/home/daniel.z/ICML_PIECLAM_020425/experiments/../clamiter.py:364:::  staring fit_prior for 2000 iterations


/home/daniel.z/ICML_PIECLAM_020425/experiments/../clamiter.py:637:::  
back and forth 7/7


/home/daniel.z/ICML_PIECLAM_020425/experiments/../clamiter.py:364:::  staring fit_feats for 1000 iterations


/home/daniel.z/ICML_PIECLAM_020425/experiments/../clamiter.py:364:::  staring fit_prior for 2000 iterations


/home/daniel.z/ICML_PIECLAM_020425/experiments/../clamiter.py:704:::  
fit end, no early stopping


/home/daniel.z/ICML_PIECLAM_020425/experiments/../trainer.py:419:::  
train_model_on_params on pieclam squirrel 
took 2701.3415489196777 seconds


/home/daniel.z/ICML_PIECLAM_020425/experiments/../trainer.py:437:::  


FINISHED train 
 last accuracies:
test
key='auc': 0.9888582231977172
val
key='auc': 0.9886549853811665




/home/daniel.z/ICML_PIECLAM_020425/experiments/optimization_utils.py:648:::  Repetition no. 0


/home/daniel.z/ICML_PIECLAM_020425/experiments/../trainer.py:161:::  
Using dataset specific configuration and not global 




/home/daniel.z/ICML_PIECLAM_020425/experiments/../trainer.py:335:::  
 2025-05-28 15:26:03 starting optimization of pieclam on squirrel on device cuda

 configs_dict: 
{
    "clamiter_init": {
        "dim_feat": 50,
        "dim_attr": 100,
        "s_reg": 0.1,
        "l1_reg": 1,
        "T": 1,
        "hidden_dim": 64,
        "num_coupling_blocks": 32,
        "num_layers_mlp": 2
    },
    "feat_opt": {
        "lr": 5e-07,
        "n_iter": 500,
        "early_stop": 0
    },
    "prior_opt": {
        "n_iter": 2000,
        "lr": 5e-06,
        "noise_amp": 0.1,
        "weight_decay": 0.1,
        "early_stop": 0
    },
    "back_forth": {
        "n_back_forth": 7,
        "scheduler_step_size": 3,
        "scheduler_gamma": 0.5,
        "early_stop_fit": 0,
        "first_func_in_fit": "fit_feats"
    }
}


/home/daniel.z/ICML_PIECLAM_020425/experiments/../clamiter.py:577:::  
in fit,
first_func_in_fit='fit_feats'
second_function_name='fit_prior'


/home/daniel.z/ICML_PIECLAM_020425/experiments/../clamiter.py:637:::  
back and forth 1/7


/home/daniel.z/ICML_PIECLAM_020425/experiments/../clamiter.py:364:::  staring fit_feats for 500 iterations


/home/daniel.z/ICML_PIECLAM_020425/experiments/../clamiter.py:364:::  staring fit_prior for 2000 iterations


/home/daniel.z/ICML_PIECLAM_020425/experiments/../clamiter.py:637:::  
back and forth 2/7


/home/daniel.z/ICML_PIECLAM_020425/experiments/../clamiter.py:364:::  staring fit_feats for 500 iterations


/home/daniel.z/ICML_PIECLAM_020425/experiments/../clamiter.py:364:::  staring fit_prior for 2000 iterations


/home/daniel.z/ICML_PIECLAM_020425/experiments/../clamiter.py:637:::  
back and forth 3/7


/home/daniel.z/ICML_PIECLAM_020425/experiments/../clamiter.py:364:::  staring fit_feats for 500 iterations


/home/daniel.z/ICML_PIECLAM_020425/experiments/../clamiter.py:364:::  staring fit_prior for 2000 iterations


/home/daniel.z/ICML_PIECLAM_020425/experiments/../clamiter.py:637:::  
back and forth 4/7


/home/daniel.z/ICML_PIECLAM_020425/experiments/../clamiter.py:364:::  staring fit_feats for 500 iterations


/home/daniel.z/ICML_PIECLAM_020425/experiments/../clamiter.py:364:::  staring fit_prior for 2000 iterations


/home/daniel.z/ICML_PIECLAM_020425/experiments/../clamiter.py:637:::  
back and forth 5/7


/home/daniel.z/ICML_PIECLAM_020425/experiments/../clamiter.py:364:::  staring fit_feats for 500 iterations


/home/daniel.z/ICML_PIECLAM_020425/experiments/../clamiter.py:364:::  staring fit_prior for 2000 iterations


/home/daniel.z/ICML_PIECLAM_020425/experiments/../clamiter.py:637:::  
back and forth 6/7


/home/daniel.z/ICML_PIECLAM_020425/experiments/../clamiter.py:364:::  staring fit_feats for 500 iterations


/home/daniel.z/ICML_PIECLAM_020425/experiments/../clamiter.py:364:::  staring fit_prior for 2000 iterations


/home/daniel.z/ICML_PIECLAM_020425/experiments/../clamiter.py:637:::  
back and forth 7/7


/home/daniel.z/ICML_PIECLAM_020425/experiments/../clamiter.py:364:::  staring fit_feats for 500 iterations


/home/daniel.z/ICML_PIECLAM_020425/experiments/../clamiter.py:364:::  staring fit_prior for 2000 iterations


/home/daniel.z/ICML_PIECLAM_020425/experiments/../clamiter.py:704:::  
fit end, no early stopping


/home/daniel.z/ICML_PIECLAM_020425/experiments/../trainer.py:419:::  
train_model_on_params on pieclam squirrel 
took 1920.0183477401733 seconds


/home/daniel.z/ICML_PIECLAM_020425/experiments/../trainer.py:437:::  


FINISHED train 
 last accuracies:
test
key='auc': 0.9096539070501348
val
key='auc': 0.9099962623149792




/home/daniel.z/ICML_PIECLAM_020425/experiments/optimization_utils.py:648:::  Repetition no. 0


/home/daniel.z/ICML_PIECLAM_020425/experiments/../trainer.py:161:::  
Using dataset specific configuration and not global 




/home/daniel.z/ICML_PIECLAM_020425/experiments/../trainer.py:335:::  
 2025-05-28 15:58:04 starting optimization of pieclam on squirrel on device cuda

 configs_dict: 
{
    "clamiter_init": {
        "dim_feat": 200,
        "dim_attr": 100,
        "s_reg": 0.1,
        "l1_reg": 1,
        "T": 1,
        "hidden_dim": 64,
        "num_coupling_blocks": 32,
        "num_layers_mlp": 2
    },
    "feat_opt": {
        "lr": 5e-06,
        "n_iter": 500,
        "early_stop": 0
    },
    "prior_opt": {
        "n_iter": 2000,
        "lr": 5e-06,
        "noise_amp": 0.1,
        "weight_decay": 0.1,
        "early_stop": 0
    },
    "back_forth": {
        "n_back_forth": 7,
        "scheduler_step_size": 3,
        "scheduler_gamma": 0.5,
        "early_stop_fit": 0,
        "first_func_in_fit": "fit_feats"
    }
}


/home/daniel.z/ICML_PIECLAM_020425/experiments/../clamiter.py:577:::  
in fit,
first_func_in_fit='fit_feats'
second_function_name='fit_prior'


/home/daniel.z/ICML_PIECLAM_020425/experiments/../clamiter.py:637:::  
back and forth 1/7


/home/daniel.z/ICML_PIECLAM_020425/experiments/../clamiter.py:364:::  staring fit_feats for 500 iterations


/home/daniel.z/ICML_PIECLAM_020425/experiments/../clamiter.py:364:::  staring fit_prior for 2000 iterations


/home/daniel.z/ICML_PIECLAM_020425/experiments/../clamiter.py:637:::  
back and forth 2/7


/home/daniel.z/ICML_PIECLAM_020425/experiments/../clamiter.py:364:::  staring fit_feats for 500 iterations


/home/daniel.z/ICML_PIECLAM_020425/experiments/../clamiter.py:364:::  staring fit_prior for 2000 iterations


/home/daniel.z/ICML_PIECLAM_020425/experiments/../clamiter.py:637:::  
back and forth 3/7


/home/daniel.z/ICML_PIECLAM_020425/experiments/../clamiter.py:364:::  staring fit_feats for 500 iterations


/home/daniel.z/ICML_PIECLAM_020425/experiments/../clamiter.py:364:::  staring fit_prior for 2000 iterations


/home/daniel.z/ICML_PIECLAM_020425/experiments/../clamiter.py:637:::  
back and forth 4/7


/home/daniel.z/ICML_PIECLAM_020425/experiments/../clamiter.py:364:::  staring fit_feats for 500 iterations


/home/daniel.z/ICML_PIECLAM_020425/experiments/../clamiter.py:364:::  staring fit_prior for 2000 iterations


/home/daniel.z/ICML_PIECLAM_020425/experiments/../clamiter.py:637:::  
back and forth 5/7


/home/daniel.z/ICML_PIECLAM_020425/experiments/../clamiter.py:364:::  staring fit_feats for 500 iterations


/home/daniel.z/ICML_PIECLAM_020425/experiments/../clamiter.py:364:::  staring fit_prior for 2000 iterations


/home/daniel.z/ICML_PIECLAM_020425/experiments/../clamiter.py:637:::  
back and forth 6/7


/home/daniel.z/ICML_PIECLAM_020425/experiments/../clamiter.py:364:::  staring fit_feats for 500 iterations


/home/daniel.z/ICML_PIECLAM_020425/experiments/../clamiter.py:364:::  staring fit_prior for 2000 iterations


/home/daniel.z/ICML_PIECLAM_020425/experiments/../clamiter.py:637:::  
back and forth 7/7


/home/daniel.z/ICML_PIECLAM_020425/experiments/../clamiter.py:364:::  staring fit_feats for 500 iterations


/home/daniel.z/ICML_PIECLAM_020425/experiments/../clamiter.py:364:::  staring fit_prior for 2000 iterations


/home/daniel.z/ICML_PIECLAM_020425/experiments/../clamiter.py:704:::  
fit end, no early stopping


/home/daniel.z/ICML_PIECLAM_020425/experiments/../trainer.py:419:::  
train_model_on_params on pieclam squirrel 
took 2029.8497092723846 seconds


/home/daniel.z/ICML_PIECLAM_020425/experiments/../trainer.py:437:::  


FINISHED train 
 last accuracies:
test
key='auc': 0.9853261548553929
val
key='auc': 0.9855863549873076




/home/daniel.z/ICML_PIECLAM_020425/experiments/optimization_utils.py:648:::  Repetition no. 0


/home/daniel.z/ICML_PIECLAM_020425/experiments/../trainer.py:161:::  
Using dataset specific configuration and not global 




/home/daniel.z/ICML_PIECLAM_020425/experiments/../trainer.py:335:::  
 2025-05-28 16:31:55 starting optimization of pieclam on squirrel on device cuda

 configs_dict: 
{
    "clamiter_init": {
        "dim_feat": 100,
        "dim_attr": 100,
        "s_reg": 0.1,
        "l1_reg": 1,
        "T": 1,
        "hidden_dim": 64,
        "num_coupling_blocks": 32,
        "num_layers_mlp": 2
    },
    "feat_opt": {
        "lr": 5e-07,
        "n_iter": 500,
        "early_stop": 0
    },
    "prior_opt": {
        "n_iter": 2000,
        "lr": 5e-06,
        "noise_amp": 0.1,
        "weight_decay": 0.1,
        "early_stop": 0
    },
    "back_forth": {
        "n_back_forth": 7,
        "scheduler_step_size": 3,
        "scheduler_gamma": 0.5,
        "early_stop_fit": 0,
        "first_func_in_fit": "fit_feats"
    }
}


/home/daniel.z/ICML_PIECLAM_020425/experiments/../clamiter.py:577:::  
in fit,
first_func_in_fit='fit_feats'
second_function_name='fit_prior'


/home/daniel.z/ICML_PIECLAM_020425/experiments/../clamiter.py:637:::  
back and forth 1/7


/home/daniel.z/ICML_PIECLAM_020425/experiments/../clamiter.py:364:::  staring fit_feats for 500 iterations


/home/daniel.z/ICML_PIECLAM_020425/experiments/../clamiter.py:364:::  staring fit_prior for 2000 iterations


/home/daniel.z/ICML_PIECLAM_020425/experiments/../clamiter.py:637:::  
back and forth 2/7


/home/daniel.z/ICML_PIECLAM_020425/experiments/../clamiter.py:364:::  staring fit_feats for 500 iterations


/home/daniel.z/ICML_PIECLAM_020425/experiments/../clamiter.py:364:::  staring fit_prior for 2000 iterations


/home/daniel.z/ICML_PIECLAM_020425/experiments/../clamiter.py:637:::  
back and forth 3/7


/home/daniel.z/ICML_PIECLAM_020425/experiments/../clamiter.py:364:::  staring fit_feats for 500 iterations


/home/daniel.z/ICML_PIECLAM_020425/experiments/../clamiter.py:364:::  staring fit_prior for 2000 iterations


/home/daniel.z/ICML_PIECLAM_020425/experiments/../clamiter.py:637:::  
back and forth 4/7


/home/daniel.z/ICML_PIECLAM_020425/experiments/../clamiter.py:364:::  staring fit_feats for 500 iterations


/home/daniel.z/ICML_PIECLAM_020425/experiments/../clamiter.py:364:::  staring fit_prior for 2000 iterations


/home/daniel.z/ICML_PIECLAM_020425/experiments/../clamiter.py:637:::  
back and forth 5/7


/home/daniel.z/ICML_PIECLAM_020425/experiments/../clamiter.py:364:::  staring fit_feats for 500 iterations


/home/daniel.z/ICML_PIECLAM_020425/experiments/../clamiter.py:364:::  staring fit_prior for 2000 iterations


/home/daniel.z/ICML_PIECLAM_020425/experiments/../clamiter.py:637:::  
back and forth 6/7


/home/daniel.z/ICML_PIECLAM_020425/experiments/../clamiter.py:364:::  staring fit_feats for 500 iterations


/home/daniel.z/ICML_PIECLAM_020425/experiments/../clamiter.py:364:::  staring fit_prior for 2000 iterations


/home/daniel.z/ICML_PIECLAM_020425/experiments/../clamiter.py:637:::  
back and forth 7/7


/home/daniel.z/ICML_PIECLAM_020425/experiments/../clamiter.py:364:::  staring fit_feats for 500 iterations


/home/daniel.z/ICML_PIECLAM_020425/experiments/../clamiter.py:364:::  staring fit_prior for 2000 iterations


/home/daniel.z/ICML_PIECLAM_020425/experiments/../clamiter.py:704:::  
fit end, no early stopping


/home/daniel.z/ICML_PIECLAM_020425/experiments/../trainer.py:419:::  
train_model_on_params on pieclam squirrel 
took 1968.8903772830963 seconds


/home/daniel.z/ICML_PIECLAM_020425/experiments/../trainer.py:437:::  


FINISHED train 
 last accuracies:
test
key='auc': 0.9021067685758642
val
key='auc': 0.9030062885194446




/home/daniel.z/ICML_PIECLAM_020425/experiments/optimization_utils.py:648:::  Repetition no. 0


/home/daniel.z/ICML_PIECLAM_020425/experiments/../trainer.py:161:::  
Using dataset specific configuration and not global 




/home/daniel.z/ICML_PIECLAM_020425/experiments/../trainer.py:335:::  
 2025-05-28 17:04:45 starting optimization of pieclam on squirrel on device cuda

 configs_dict: 
{
    "clamiter_init": {
        "dim_feat": 50,
        "dim_attr": 100,
        "s_reg": 0.1,
        "l1_reg": 1,
        "T": 1,
        "hidden_dim": 64,
        "num_coupling_blocks": 32,
        "num_layers_mlp": 2
    },
    "feat_opt": {
        "lr": 5e-06,
        "n_iter": 3000,
        "early_stop": 0
    },
    "prior_opt": {
        "n_iter": 2000,
        "lr": 5e-06,
        "noise_amp": 0.1,
        "weight_decay": 0.1,
        "early_stop": 0
    },
    "back_forth": {
        "n_back_forth": 7,
        "scheduler_step_size": 3,
        "scheduler_gamma": 0.5,
        "early_stop_fit": 0,
        "first_func_in_fit": "fit_feats"
    }
}


/home/daniel.z/ICML_PIECLAM_020425/experiments/../clamiter.py:577:::  
in fit,
first_func_in_fit='fit_feats'
second_function_name='fit_prior'


/home/daniel.z/ICML_PIECLAM_020425/experiments/../clamiter.py:637:::  
back and forth 1/7


/home/daniel.z/ICML_PIECLAM_020425/experiments/../clamiter.py:364:::  staring fit_feats for 3000 iterations


/home/daniel.z/ICML_PIECLAM_020425/experiments/../clamiter.py:364:::  staring fit_prior for 2000 iterations


/home/daniel.z/ICML_PIECLAM_020425/experiments/../clamiter.py:637:::  
back and forth 2/7


/home/daniel.z/ICML_PIECLAM_020425/experiments/../clamiter.py:364:::  staring fit_feats for 3000 iterations


/home/daniel.z/ICML_PIECLAM_020425/experiments/../clamiter.py:364:::  staring fit_prior for 2000 iterations


/home/daniel.z/ICML_PIECLAM_020425/experiments/../clamiter.py:637:::  
back and forth 3/7


/home/daniel.z/ICML_PIECLAM_020425/experiments/../clamiter.py:364:::  staring fit_feats for 3000 iterations


/home/daniel.z/ICML_PIECLAM_020425/experiments/../clamiter.py:364:::  staring fit_prior for 2000 iterations


/home/daniel.z/ICML_PIECLAM_020425/experiments/../clamiter.py:637:::  
back and forth 4/7


/home/daniel.z/ICML_PIECLAM_020425/experiments/../clamiter.py:364:::  staring fit_feats for 3000 iterations


/home/daniel.z/ICML_PIECLAM_020425/experiments/../clamiter.py:364:::  staring fit_prior for 2000 iterations


/home/daniel.z/ICML_PIECLAM_020425/experiments/../clamiter.py:637:::  
back and forth 5/7


/home/daniel.z/ICML_PIECLAM_020425/experiments/../clamiter.py:364:::  staring fit_feats for 3000 iterations


/home/daniel.z/ICML_PIECLAM_020425/experiments/../clamiter.py:364:::  staring fit_prior for 2000 iterations


/home/daniel.z/ICML_PIECLAM_020425/experiments/../clamiter.py:637:::  
back and forth 6/7


/home/daniel.z/ICML_PIECLAM_020425/experiments/../clamiter.py:364:::  staring fit_feats for 3000 iterations


/home/daniel.z/ICML_PIECLAM_020425/experiments/../clamiter.py:364:::  staring fit_prior for 2000 iterations


/home/daniel.z/ICML_PIECLAM_020425/experiments/../clamiter.py:637:::  
back and forth 7/7


/home/daniel.z/ICML_PIECLAM_020425/experiments/../clamiter.py:364:::  staring fit_feats for 3000 iterations


/home/daniel.z/ICML_PIECLAM_020425/experiments/../clamiter.py:364:::  staring fit_prior for 2000 iterations


/home/daniel.z/ICML_PIECLAM_020425/experiments/../clamiter.py:704:::  
fit end, no early stopping


/home/daniel.z/ICML_PIECLAM_020425/experiments/../trainer.py:419:::  
train_model_on_params on pieclam squirrel 
took 4409.9069311618805 seconds


/home/daniel.z/ICML_PIECLAM_020425/experiments/../trainer.py:437:::  


FINISHED train 
 last accuracies:
test
key='auc': 0.9871982502076427
val
key='auc': 0.9866551713386265




/home/daniel.z/ICML_PIECLAM_020425/experiments/optimization_utils.py:648:::  Repetition no. 0


/home/daniel.z/ICML_PIECLAM_020425/experiments/../trainer.py:161:::  
Using dataset specific configuration and not global 




/home/daniel.z/ICML_PIECLAM_020425/experiments/../trainer.py:335:::  
 2025-05-28 18:18:15 starting optimization of pieclam on squirrel on device cuda

 configs_dict: 
{
    "clamiter_init": {
        "dim_feat": 100,
        "dim_attr": 100,
        "s_reg": 0.1,
        "l1_reg": 1,
        "T": 1,
        "hidden_dim": 64,
        "num_coupling_blocks": 32,
        "num_layers_mlp": 2
    },
    "feat_opt": {
        "lr": 5e-06,
        "n_iter": 1000,
        "early_stop": 0
    },
    "prior_opt": {
        "n_iter": 2000,
        "lr": 5e-06,
        "noise_amp": 0.1,
        "weight_decay": 0.1,
        "early_stop": 0
    },
    "back_forth": {
        "n_back_forth": 7,
        "scheduler_step_size": 3,
        "scheduler_gamma": 0.5,
        "early_stop_fit": 0,
        "first_func_in_fit": "fit_feats"
    }
}


/home/daniel.z/ICML_PIECLAM_020425/experiments/../clamiter.py:577:::  
in fit,
first_func_in_fit='fit_feats'
second_function_name='fit_prior'


/home/daniel.z/ICML_PIECLAM_020425/experiments/../clamiter.py:637:::  
back and forth 1/7


/home/daniel.z/ICML_PIECLAM_020425/experiments/../clamiter.py:364:::  staring fit_feats for 1000 iterations


/home/daniel.z/ICML_PIECLAM_020425/experiments/../clamiter.py:364:::  staring fit_prior for 2000 iterations


/home/daniel.z/ICML_PIECLAM_020425/experiments/../clamiter.py:637:::  
back and forth 2/7


/home/daniel.z/ICML_PIECLAM_020425/experiments/../clamiter.py:364:::  staring fit_feats for 1000 iterations


/home/daniel.z/ICML_PIECLAM_020425/experiments/../clamiter.py:364:::  staring fit_prior for 2000 iterations


/home/daniel.z/ICML_PIECLAM_020425/experiments/../clamiter.py:637:::  
back and forth 3/7


/home/daniel.z/ICML_PIECLAM_020425/experiments/../clamiter.py:364:::  staring fit_feats for 1000 iterations


/home/daniel.z/ICML_PIECLAM_020425/experiments/../clamiter.py:364:::  staring fit_prior for 2000 iterations


/home/daniel.z/ICML_PIECLAM_020425/experiments/../clamiter.py:637:::  
back and forth 4/7


/home/daniel.z/ICML_PIECLAM_020425/experiments/../clamiter.py:364:::  staring fit_feats for 1000 iterations


/home/daniel.z/ICML_PIECLAM_020425/experiments/../clamiter.py:364:::  staring fit_prior for 2000 iterations


/home/daniel.z/ICML_PIECLAM_020425/experiments/../clamiter.py:637:::  
back and forth 5/7


/home/daniel.z/ICML_PIECLAM_020425/experiments/../clamiter.py:364:::  staring fit_feats for 1000 iterations


/home/daniel.z/ICML_PIECLAM_020425/experiments/../clamiter.py:364:::  staring fit_prior for 2000 iterations


/home/daniel.z/ICML_PIECLAM_020425/experiments/../clamiter.py:637:::  
back and forth 6/7


/home/daniel.z/ICML_PIECLAM_020425/experiments/../clamiter.py:364:::  staring fit_feats for 1000 iterations


/home/daniel.z/ICML_PIECLAM_020425/experiments/../clamiter.py:364:::  staring fit_prior for 2000 iterations


/home/daniel.z/ICML_PIECLAM_020425/experiments/../clamiter.py:637:::  
back and forth 7/7


/home/daniel.z/ICML_PIECLAM_020425/experiments/../clamiter.py:364:::  staring fit_feats for 1000 iterations


/home/daniel.z/ICML_PIECLAM_020425/experiments/../clamiter.py:364:::  staring fit_prior for 2000 iterations


/home/daniel.z/ICML_PIECLAM_020425/experiments/../clamiter.py:704:::  
fit end, no early stopping


/home/daniel.z/ICML_PIECLAM_020425/experiments/../trainer.py:419:::  
train_model_on_params on pieclam squirrel 
took 2509.3329145908356 seconds


/home/daniel.z/ICML_PIECLAM_020425/experiments/../trainer.py:437:::  


FINISHED train 
 last accuracies:
test
key='auc': 0.9882327506077695
val
key='auc': 0.9870998919239216




/home/daniel.z/ICML_PIECLAM_020425/experiments/optimization_utils.py:648:::  Repetition no. 0


/home/daniel.z/ICML_PIECLAM_020425/experiments/../trainer.py:161:::  
Using dataset specific configuration and not global 




/home/daniel.z/ICML_PIECLAM_020425/experiments/../trainer.py:335:::  
 2025-05-28 19:00:05 starting optimization of pieclam on squirrel on device cuda

 configs_dict: 
{
    "clamiter_init": {
        "dim_feat": 200,
        "dim_attr": 100,
        "s_reg": 0.1,
        "l1_reg": 1,
        "T": 1,
        "hidden_dim": 64,
        "num_coupling_blocks": 32,
        "num_layers_mlp": 2
    },
    "feat_opt": {
        "lr": 5e-07,
        "n_iter": 500,
        "early_stop": 0
    },
    "prior_opt": {
        "n_iter": 2000,
        "lr": 5e-06,
        "noise_amp": 0.1,
        "weight_decay": 0.1,
        "early_stop": 0
    },
    "back_forth": {
        "n_back_forth": 7,
        "scheduler_step_size": 3,
        "scheduler_gamma": 0.5,
        "early_stop_fit": 0,
        "first_func_in_fit": "fit_feats"
    }
}


/home/daniel.z/ICML_PIECLAM_020425/experiments/../clamiter.py:577:::  
in fit,
first_func_in_fit='fit_feats'
second_function_name='fit_prior'


/home/daniel.z/ICML_PIECLAM_020425/experiments/../clamiter.py:637:::  
back and forth 1/7


/home/daniel.z/ICML_PIECLAM_020425/experiments/../clamiter.py:364:::  staring fit_feats for 500 iterations


/home/daniel.z/ICML_PIECLAM_020425/experiments/../clamiter.py:364:::  staring fit_prior for 2000 iterations


/home/daniel.z/ICML_PIECLAM_020425/experiments/../clamiter.py:637:::  
back and forth 2/7


/home/daniel.z/ICML_PIECLAM_020425/experiments/../clamiter.py:364:::  staring fit_feats for 500 iterations


/home/daniel.z/ICML_PIECLAM_020425/experiments/../clamiter.py:364:::  staring fit_prior for 2000 iterations


/home/daniel.z/ICML_PIECLAM_020425/experiments/../clamiter.py:637:::  
back and forth 3/7


/home/daniel.z/ICML_PIECLAM_020425/experiments/../clamiter.py:364:::  staring fit_feats for 500 iterations


/home/daniel.z/ICML_PIECLAM_020425/experiments/../clamiter.py:364:::  staring fit_prior for 2000 iterations


/home/daniel.z/ICML_PIECLAM_020425/experiments/../clamiter.py:637:::  
back and forth 4/7


/home/daniel.z/ICML_PIECLAM_020425/experiments/../clamiter.py:364:::  staring fit_feats for 500 iterations


/home/daniel.z/ICML_PIECLAM_020425/experiments/../clamiter.py:364:::  staring fit_prior for 2000 iterations


/home/daniel.z/ICML_PIECLAM_020425/experiments/../clamiter.py:637:::  
back and forth 5/7


/home/daniel.z/ICML_PIECLAM_020425/experiments/../clamiter.py:364:::  staring fit_feats for 500 iterations


/home/daniel.z/ICML_PIECLAM_020425/experiments/../clamiter.py:364:::  staring fit_prior for 2000 iterations


/home/daniel.z/ICML_PIECLAM_020425/experiments/../clamiter.py:637:::  
back and forth 6/7


/home/daniel.z/ICML_PIECLAM_020425/experiments/../clamiter.py:364:::  staring fit_feats for 500 iterations


/home/daniel.z/ICML_PIECLAM_020425/experiments/../clamiter.py:364:::  staring fit_prior for 2000 iterations


/home/daniel.z/ICML_PIECLAM_020425/experiments/../clamiter.py:637:::  
back and forth 7/7


/home/daniel.z/ICML_PIECLAM_020425/experiments/../clamiter.py:364:::  staring fit_feats for 500 iterations


/home/daniel.z/ICML_PIECLAM_020425/experiments/../clamiter.py:364:::  staring fit_prior for 2000 iterations


/home/daniel.z/ICML_PIECLAM_020425/experiments/../clamiter.py:704:::  
fit end, no early stopping


/home/daniel.z/ICML_PIECLAM_020425/experiments/../trainer.py:419:::  
train_model_on_params on pieclam squirrel 
took 2078.2922184467316 seconds


/home/daniel.z/ICML_PIECLAM_020425/experiments/../trainer.py:437:::  


FINISHED train 
 last accuracies:
test
key='auc': 0.897190068158482
val
key='auc': 0.8963419262951337




/home/daniel.z/ICML_PIECLAM_020425/experiments/optimization_utils.py:648:::  Repetition no. 0


/home/daniel.z/ICML_PIECLAM_020425/experiments/../trainer.py:161:::  
Using dataset specific configuration and not global 




/home/daniel.z/ICML_PIECLAM_020425/experiments/../trainer.py:335:::  
 2025-05-28 19:34:45 starting optimization of pieclam on squirrel on device cuda

 configs_dict: 
{
    "clamiter_init": {
        "dim_feat": 100,
        "dim_attr": 100,
        "s_reg": 0.0,
        "l1_reg": 1,
        "T": 1,
        "hidden_dim": 64,
        "num_coupling_blocks": 32,
        "num_layers_mlp": 2
    },
    "feat_opt": {
        "lr": 5e-06,
        "n_iter": 3000,
        "early_stop": 0
    },
    "prior_opt": {
        "n_iter": 2000,
        "lr": 5e-06,
        "noise_amp": 0.1,
        "weight_decay": 0.1,
        "early_stop": 0
    },
    "back_forth": {
        "n_back_forth": 7,
        "scheduler_step_size": 3,
        "scheduler_gamma": 0.5,
        "early_stop_fit": 0,
        "first_func_in_fit": "fit_feats"
    }
}


/home/daniel.z/ICML_PIECLAM_020425/experiments/../clamiter.py:577:::  
in fit,
first_func_in_fit='fit_feats'
second_function_name='fit_prior'


/home/daniel.z/ICML_PIECLAM_020425/experiments/../clamiter.py:637:::  
back and forth 1/7


/home/daniel.z/ICML_PIECLAM_020425/experiments/../clamiter.py:364:::  staring fit_feats for 3000 iterations


/home/daniel.z/ICML_PIECLAM_020425/experiments/../clamiter.py:364:::  staring fit_prior for 2000 iterations


/home/daniel.z/ICML_PIECLAM_020425/experiments/../clamiter.py:637:::  
back and forth 2/7


/home/daniel.z/ICML_PIECLAM_020425/experiments/../clamiter.py:364:::  staring fit_feats for 3000 iterations


/home/daniel.z/ICML_PIECLAM_020425/experiments/../clamiter.py:364:::  staring fit_prior for 2000 iterations


/home/daniel.z/ICML_PIECLAM_020425/experiments/../clamiter.py:637:::  
back and forth 3/7


/home/daniel.z/ICML_PIECLAM_020425/experiments/../clamiter.py:364:::  staring fit_feats for 3000 iterations


/home/daniel.z/ICML_PIECLAM_020425/experiments/../clamiter.py:364:::  staring fit_prior for 2000 iterations


/home/daniel.z/ICML_PIECLAM_020425/experiments/../clamiter.py:637:::  
back and forth 4/7


/home/daniel.z/ICML_PIECLAM_020425/experiments/../clamiter.py:364:::  staring fit_feats for 3000 iterations


/home/daniel.z/ICML_PIECLAM_020425/experiments/../clamiter.py:364:::  staring fit_prior for 2000 iterations


/home/daniel.z/ICML_PIECLAM_020425/experiments/../clamiter.py:637:::  
back and forth 5/7


/home/daniel.z/ICML_PIECLAM_020425/experiments/../clamiter.py:364:::  staring fit_feats for 3000 iterations


/home/daniel.z/ICML_PIECLAM_020425/experiments/../clamiter.py:364:::  staring fit_prior for 2000 iterations


/home/daniel.z/ICML_PIECLAM_020425/experiments/../clamiter.py:637:::  
back and forth 6/7


/home/daniel.z/ICML_PIECLAM_020425/experiments/../clamiter.py:364:::  staring fit_feats for 3000 iterations


/home/daniel.z/ICML_PIECLAM_020425/experiments/../clamiter.py:364:::  staring fit_prior for 2000 iterations


/home/daniel.z/ICML_PIECLAM_020425/experiments/../clamiter.py:637:::  
back and forth 7/7


/home/daniel.z/ICML_PIECLAM_020425/experiments/../clamiter.py:364:::  staring fit_feats for 3000 iterations


/home/daniel.z/ICML_PIECLAM_020425/experiments/../clamiter.py:364:::  staring fit_prior for 2000 iterations


/home/daniel.z/ICML_PIECLAM_020425/experiments/../clamiter.py:704:::  
fit end, no early stopping


/home/daniel.z/ICML_PIECLAM_020425/experiments/../trainer.py:419:::  
train_model_on_params on pieclam squirrel 
took 4679.973080396652 seconds


/home/daniel.z/ICML_PIECLAM_020425/experiments/../trainer.py:437:::  


FINISHED train 
 last accuracies:
test
key='auc': 0.9890016161035702
val
key='auc': 0.9886424420316164




/home/daniel.z/ICML_PIECLAM_020425/experiments/optimization_utils.py:648:::  Repetition no. 0


/home/daniel.z/ICML_PIECLAM_020425/experiments/../trainer.py:161:::  
Using dataset specific configuration and not global 




/home/daniel.z/ICML_PIECLAM_020425/experiments/../trainer.py:335:::  
 2025-05-28 20:52:45 starting optimization of pieclam on squirrel on device cuda

 configs_dict: 
{
    "clamiter_init": {
        "dim_feat": 100,
        "dim_attr": 100,
        "s_reg": 0.0,
        "l1_reg": 1,
        "T": 1,
        "hidden_dim": 64,
        "num_coupling_blocks": 32,
        "num_layers_mlp": 2
    },
    "feat_opt": {
        "lr": 5e-07,
        "n_iter": 3000,
        "early_stop": 0
    },
    "prior_opt": {
        "n_iter": 2000,
        "lr": 5e-06,
        "noise_amp": 0.1,
        "weight_decay": 0.1,
        "early_stop": 0
    },
    "back_forth": {
        "n_back_forth": 7,
        "scheduler_step_size": 3,
        "scheduler_gamma": 0.5,
        "early_stop_fit": 0,
        "first_func_in_fit": "fit_feats"
    }
}


/home/daniel.z/ICML_PIECLAM_020425/experiments/../clamiter.py:577:::  
in fit,
first_func_in_fit='fit_feats'
second_function_name='fit_prior'


/home/daniel.z/ICML_PIECLAM_020425/experiments/../clamiter.py:637:::  
back and forth 1/7


/home/daniel.z/ICML_PIECLAM_020425/experiments/../clamiter.py:364:::  staring fit_feats for 3000 iterations


/home/daniel.z/ICML_PIECLAM_020425/experiments/../clamiter.py:364:::  staring fit_prior for 2000 iterations


/home/daniel.z/ICML_PIECLAM_020425/experiments/../clamiter.py:637:::  
back and forth 2/7


/home/daniel.z/ICML_PIECLAM_020425/experiments/../clamiter.py:364:::  staring fit_feats for 3000 iterations


/home/daniel.z/ICML_PIECLAM_020425/experiments/../clamiter.py:364:::  staring fit_prior for 2000 iterations


/home/daniel.z/ICML_PIECLAM_020425/experiments/../clamiter.py:637:::  
back and forth 3/7


/home/daniel.z/ICML_PIECLAM_020425/experiments/../clamiter.py:364:::  staring fit_feats for 3000 iterations


/home/daniel.z/ICML_PIECLAM_020425/experiments/../clamiter.py:364:::  staring fit_prior for 2000 iterations


/home/daniel.z/ICML_PIECLAM_020425/experiments/../clamiter.py:637:::  
back and forth 4/7


/home/daniel.z/ICML_PIECLAM_020425/experiments/../clamiter.py:364:::  staring fit_feats for 3000 iterations


/home/daniel.z/ICML_PIECLAM_020425/experiments/../clamiter.py:364:::  staring fit_prior for 2000 iterations


/home/daniel.z/ICML_PIECLAM_020425/experiments/../clamiter.py:637:::  
back and forth 5/7


/home/daniel.z/ICML_PIECLAM_020425/experiments/../clamiter.py:364:::  staring fit_feats for 3000 iterations


/home/daniel.z/ICML_PIECLAM_020425/experiments/../clamiter.py:364:::  staring fit_prior for 2000 iterations


/home/daniel.z/ICML_PIECLAM_020425/experiments/../clamiter.py:637:::  
back and forth 6/7


/home/daniel.z/ICML_PIECLAM_020425/experiments/../clamiter.py:364:::  staring fit_feats for 3000 iterations


/home/daniel.z/ICML_PIECLAM_020425/experiments/../clamiter.py:364:::  staring fit_prior for 2000 iterations


/home/daniel.z/ICML_PIECLAM_020425/experiments/../clamiter.py:637:::  
back and forth 7/7


/home/daniel.z/ICML_PIECLAM_020425/experiments/../clamiter.py:364:::  staring fit_feats for 3000 iterations


/home/daniel.z/ICML_PIECLAM_020425/experiments/../clamiter.py:364:::  staring fit_prior for 2000 iterations


/home/daniel.z/ICML_PIECLAM_020425/experiments/../clamiter.py:704:::  
fit end, no early stopping


/home/daniel.z/ICML_PIECLAM_020425/experiments/../trainer.py:419:::  
train_model_on_params on pieclam squirrel 
took 4718.285127162933 seconds


/home/daniel.z/ICML_PIECLAM_020425/experiments/../trainer.py:437:::  


FINISHED train 
 last accuracies:
test
key='auc': 0.9788642535480137
val
key='auc': 0.9782057668216969




/home/daniel.z/ICML_PIECLAM_020425/experiments/optimization_utils.py:648:::  Repetition no. 0


/home/daniel.z/ICML_PIECLAM_020425/experiments/../trainer.py:161:::  
Using dataset specific configuration and not global 




/home/daniel.z/ICML_PIECLAM_020425/experiments/../trainer.py:335:::  
 2025-05-28 22:11:25 starting optimization of pieclam on squirrel on device cuda

 configs_dict: 
{
    "clamiter_init": {
        "dim_feat": 100,
        "dim_attr": 100,
        "s_reg": 0.1,
        "l1_reg": 1,
        "T": 1,
        "hidden_dim": 64,
        "num_coupling_blocks": 32,
        "num_layers_mlp": 2
    },
    "feat_opt": {
        "lr": 5e-06,
        "n_iter": 3000,
        "early_stop": 0
    },
    "prior_opt": {
        "n_iter": 2000,
        "lr": 5e-06,
        "noise_amp": 0.1,
        "weight_decay": 0.1,
        "early_stop": 0
    },
    "back_forth": {
        "n_back_forth": 7,
        "scheduler_step_size": 3,
        "scheduler_gamma": 0.5,
        "early_stop_fit": 0,
        "first_func_in_fit": "fit_feats"
    }
}


/home/daniel.z/ICML_PIECLAM_020425/experiments/../clamiter.py:577:::  
in fit,
first_func_in_fit='fit_feats'
second_function_name='fit_prior'


/home/daniel.z/ICML_PIECLAM_020425/experiments/../clamiter.py:637:::  
back and forth 1/7


/home/daniel.z/ICML_PIECLAM_020425/experiments/../clamiter.py:364:::  staring fit_feats for 3000 iterations


/home/daniel.z/ICML_PIECLAM_020425/experiments/../clamiter.py:364:::  staring fit_prior for 2000 iterations


/home/daniel.z/ICML_PIECLAM_020425/experiments/../clamiter.py:637:::  
back and forth 2/7


/home/daniel.z/ICML_PIECLAM_020425/experiments/../clamiter.py:364:::  staring fit_feats for 3000 iterations


/home/daniel.z/ICML_PIECLAM_020425/experiments/../clamiter.py:364:::  staring fit_prior for 2000 iterations


/home/daniel.z/ICML_PIECLAM_020425/experiments/../clamiter.py:637:::  
back and forth 3/7


/home/daniel.z/ICML_PIECLAM_020425/experiments/../clamiter.py:364:::  staring fit_feats for 3000 iterations


/home/daniel.z/ICML_PIECLAM_020425/experiments/../clamiter.py:364:::  staring fit_prior for 2000 iterations


/home/daniel.z/ICML_PIECLAM_020425/experiments/../clamiter.py:637:::  
back and forth 4/7


/home/daniel.z/ICML_PIECLAM_020425/experiments/../clamiter.py:364:::  staring fit_feats for 3000 iterations


/home/daniel.z/ICML_PIECLAM_020425/experiments/../clamiter.py:364:::  staring fit_prior for 2000 iterations


/home/daniel.z/ICML_PIECLAM_020425/experiments/../clamiter.py:637:::  
back and forth 5/7


/home/daniel.z/ICML_PIECLAM_020425/experiments/../clamiter.py:364:::  staring fit_feats for 3000 iterations


/home/daniel.z/ICML_PIECLAM_020425/experiments/../clamiter.py:364:::  staring fit_prior for 2000 iterations


/home/daniel.z/ICML_PIECLAM_020425/experiments/../clamiter.py:637:::  
back and forth 6/7


/home/daniel.z/ICML_PIECLAM_020425/experiments/../clamiter.py:364:::  staring fit_feats for 3000 iterations


/home/daniel.z/ICML_PIECLAM_020425/experiments/../clamiter.py:364:::  staring fit_prior for 2000 iterations


/home/daniel.z/ICML_PIECLAM_020425/experiments/../clamiter.py:637:::  
back and forth 7/7


/home/daniel.z/ICML_PIECLAM_020425/experiments/../clamiter.py:364:::  staring fit_feats for 3000 iterations


/home/daniel.z/ICML_PIECLAM_020425/experiments/../clamiter.py:364:::  staring fit_prior for 2000 iterations


/home/daniel.z/ICML_PIECLAM_020425/experiments/../clamiter.py:704:::  
fit end, no early stopping


/home/daniel.z/ICML_PIECLAM_020425/experiments/../trainer.py:419:::  
train_model_on_params on pieclam squirrel 
took 4711.947300434113 seconds


/home/daniel.z/ICML_PIECLAM_020425/experiments/../trainer.py:437:::  


FINISHED train 
 last accuracies:
test
key='auc': 0.9888053180641425
val
key='auc': 0.9890249299888877




/home/daniel.z/ICML_PIECLAM_020425/experiments/optimization_utils.py:648:::  Repetition no. 0


/home/daniel.z/ICML_PIECLAM_020425/experiments/../trainer.py:161:::  
Using dataset specific configuration and not global 




/home/daniel.z/ICML_PIECLAM_020425/experiments/../trainer.py:335:::  
 2025-05-28 23:29:57 starting optimization of pieclam on squirrel on device cuda

 configs_dict: 
{
    "clamiter_init": {
        "dim_feat": 100,
        "dim_attr": 100,
        "s_reg": 0.0,
        "l1_reg": 1,
        "T": 1,
        "hidden_dim": 64,
        "num_coupling_blocks": 32,
        "num_layers_mlp": 2
    },
    "feat_opt": {
        "lr": 5e-06,
        "n_iter": 1000,
        "early_stop": 0
    },
    "prior_opt": {
        "n_iter": 2000,
        "lr": 5e-06,
        "noise_amp": 0.1,
        "weight_decay": 0.1,
        "early_stop": 0
    },
    "back_forth": {
        "n_back_forth": 7,
        "scheduler_step_size": 3,
        "scheduler_gamma": 0.5,
        "early_stop_fit": 0,
        "first_func_in_fit": "fit_feats"
    }
}


/home/daniel.z/ICML_PIECLAM_020425/experiments/../clamiter.py:577:::  
in fit,
first_func_in_fit='fit_feats'
second_function_name='fit_prior'


/home/daniel.z/ICML_PIECLAM_020425/experiments/../clamiter.py:637:::  
back and forth 1/7


/home/daniel.z/ICML_PIECLAM_020425/experiments/../clamiter.py:364:::  staring fit_feats for 1000 iterations


/home/daniel.z/ICML_PIECLAM_020425/experiments/../clamiter.py:364:::  staring fit_prior for 2000 iterations


/home/daniel.z/ICML_PIECLAM_020425/experiments/../clamiter.py:637:::  
back and forth 2/7


/home/daniel.z/ICML_PIECLAM_020425/experiments/../clamiter.py:364:::  staring fit_feats for 1000 iterations


/home/daniel.z/ICML_PIECLAM_020425/experiments/../clamiter.py:364:::  staring fit_prior for 2000 iterations


/home/daniel.z/ICML_PIECLAM_020425/experiments/../clamiter.py:637:::  
back and forth 3/7


/home/daniel.z/ICML_PIECLAM_020425/experiments/../clamiter.py:364:::  staring fit_feats for 1000 iterations


/home/daniel.z/ICML_PIECLAM_020425/experiments/../clamiter.py:364:::  staring fit_prior for 2000 iterations


/home/daniel.z/ICML_PIECLAM_020425/experiments/../clamiter.py:637:::  
back and forth 4/7


/home/daniel.z/ICML_PIECLAM_020425/experiments/../clamiter.py:364:::  staring fit_feats for 1000 iterations


/home/daniel.z/ICML_PIECLAM_020425/experiments/../clamiter.py:364:::  staring fit_prior for 2000 iterations


/home/daniel.z/ICML_PIECLAM_020425/experiments/../clamiter.py:637:::  
back and forth 5/7


/home/daniel.z/ICML_PIECLAM_020425/experiments/../clamiter.py:364:::  staring fit_feats for 1000 iterations


/home/daniel.z/ICML_PIECLAM_020425/experiments/../clamiter.py:364:::  staring fit_prior for 2000 iterations


/home/daniel.z/ICML_PIECLAM_020425/experiments/../clamiter.py:637:::  
back and forth 6/7


/home/daniel.z/ICML_PIECLAM_020425/experiments/../clamiter.py:364:::  staring fit_feats for 1000 iterations


/home/daniel.z/ICML_PIECLAM_020425/experiments/../clamiter.py:364:::  staring fit_prior for 2000 iterations


/home/daniel.z/ICML_PIECLAM_020425/experiments/../clamiter.py:637:::  
back and forth 7/7


/home/daniel.z/ICML_PIECLAM_020425/experiments/../clamiter.py:364:::  staring fit_feats for 1000 iterations


/home/daniel.z/ICML_PIECLAM_020425/experiments/../clamiter.py:364:::  staring fit_prior for 2000 iterations


/home/daniel.z/ICML_PIECLAM_020425/experiments/../clamiter.py:704:::  
fit end, no early stopping


/home/daniel.z/ICML_PIECLAM_020425/experiments/../trainer.py:419:::  
train_model_on_params on pieclam squirrel 
took 2485.0516724586487 seconds


/home/daniel.z/ICML_PIECLAM_020425/experiments/../trainer.py:437:::  


FINISHED train 
 last accuracies:
test
key='auc': 0.9882713379247994
val
key='auc': 0.9885745449667859




/home/daniel.z/ICML_PIECLAM_020425/experiments/optimization_utils.py:648:::  Repetition no. 0


/home/daniel.z/ICML_PIECLAM_020425/experiments/../trainer.py:161:::  
Using dataset specific configuration and not global 




/home/daniel.z/ICML_PIECLAM_020425/experiments/../trainer.py:335:::  
 2025-05-29 00:11:23 starting optimization of pieclam on squirrel on device cuda

 configs_dict: 
{
    "clamiter_init": {
        "dim_feat": 50,
        "dim_attr": 100,
        "s_reg": 0.1,
        "l1_reg": 1,
        "T": 1,
        "hidden_dim": 64,
        "num_coupling_blocks": 32,
        "num_layers_mlp": 2
    },
    "feat_opt": {
        "lr": 5e-06,
        "n_iter": 1000,
        "early_stop": 0
    },
    "prior_opt": {
        "n_iter": 2000,
        "lr": 5e-06,
        "noise_amp": 0.1,
        "weight_decay": 0.1,
        "early_stop": 0
    },
    "back_forth": {
        "n_back_forth": 7,
        "scheduler_step_size": 3,
        "scheduler_gamma": 0.5,
        "early_stop_fit": 0,
        "first_func_in_fit": "fit_feats"
    }
}


/home/daniel.z/ICML_PIECLAM_020425/experiments/../clamiter.py:577:::  
in fit,
first_func_in_fit='fit_feats'
second_function_name='fit_prior'


/home/daniel.z/ICML_PIECLAM_020425/experiments/../clamiter.py:637:::  
back and forth 1/7


/home/daniel.z/ICML_PIECLAM_020425/experiments/../clamiter.py:364:::  staring fit_feats for 1000 iterations


/home/daniel.z/ICML_PIECLAM_020425/experiments/../clamiter.py:364:::  staring fit_prior for 2000 iterations


/home/daniel.z/ICML_PIECLAM_020425/experiments/../clamiter.py:637:::  
back and forth 2/7


/home/daniel.z/ICML_PIECLAM_020425/experiments/../clamiter.py:364:::  staring fit_feats for 1000 iterations


/home/daniel.z/ICML_PIECLAM_020425/experiments/../clamiter.py:364:::  staring fit_prior for 2000 iterations


/home/daniel.z/ICML_PIECLAM_020425/experiments/../clamiter.py:637:::  
back and forth 3/7


/home/daniel.z/ICML_PIECLAM_020425/experiments/../clamiter.py:364:::  staring fit_feats for 1000 iterations


/home/daniel.z/ICML_PIECLAM_020425/experiments/../clamiter.py:364:::  staring fit_prior for 2000 iterations


/home/daniel.z/ICML_PIECLAM_020425/experiments/../clamiter.py:637:::  
back and forth 4/7


/home/daniel.z/ICML_PIECLAM_020425/experiments/../clamiter.py:364:::  staring fit_feats for 1000 iterations


/home/daniel.z/ICML_PIECLAM_020425/experiments/../clamiter.py:364:::  staring fit_prior for 2000 iterations


/home/daniel.z/ICML_PIECLAM_020425/experiments/../clamiter.py:637:::  
back and forth 5/7


/home/daniel.z/ICML_PIECLAM_020425/experiments/../clamiter.py:364:::  staring fit_feats for 1000 iterations


/home/daniel.z/ICML_PIECLAM_020425/experiments/../clamiter.py:364:::  staring fit_prior for 2000 iterations


/home/daniel.z/ICML_PIECLAM_020425/experiments/../clamiter.py:637:::  
back and forth 6/7


/home/daniel.z/ICML_PIECLAM_020425/experiments/../clamiter.py:364:::  staring fit_feats for 1000 iterations


/home/daniel.z/ICML_PIECLAM_020425/experiments/../clamiter.py:364:::  staring fit_prior for 2000 iterations


/home/daniel.z/ICML_PIECLAM_020425/experiments/../clamiter.py:637:::  
back and forth 7/7


/home/daniel.z/ICML_PIECLAM_020425/experiments/../clamiter.py:364:::  staring fit_feats for 1000 iterations


/home/daniel.z/ICML_PIECLAM_020425/experiments/../clamiter.py:364:::  staring fit_prior for 2000 iterations


/home/daniel.z/ICML_PIECLAM_020425/experiments/../clamiter.py:704:::  
fit end, no early stopping


/home/daniel.z/ICML_PIECLAM_020425/experiments/../trainer.py:419:::  
train_model_on_params on pieclam squirrel 
took 2395.702732563019 seconds


/home/daniel.z/ICML_PIECLAM_020425/experiments/../trainer.py:437:::  


FINISHED train 
 last accuracies:
test
key='auc': 0.9854731801974644
val
key='auc': 0.9855268245986107




/home/daniel.z/ICML_PIECLAM_020425/experiments/optimization_utils.py:648:::  Repetition no. 0


/home/daniel.z/ICML_PIECLAM_020425/experiments/../trainer.py:161:::  
Using dataset specific configuration and not global 




/home/daniel.z/ICML_PIECLAM_020425/experiments/../trainer.py:335:::  
 2025-05-29 00:51:20 starting optimization of pieclam on squirrel on device cuda

 configs_dict: 
{
    "clamiter_init": {
        "dim_feat": 200,
        "dim_attr": 100,
        "s_reg": 0.0,
        "l1_reg": 1,
        "T": 1,
        "hidden_dim": 64,
        "num_coupling_blocks": 32,
        "num_layers_mlp": 2
    },
    "feat_opt": {
        "lr": 5e-06,
        "n_iter": 3000,
        "early_stop": 0
    },
    "prior_opt": {
        "n_iter": 2000,
        "lr": 5e-06,
        "noise_amp": 0.1,
        "weight_decay": 0.1,
        "early_stop": 0
    },
    "back_forth": {
        "n_back_forth": 7,
        "scheduler_step_size": 3,
        "scheduler_gamma": 0.5,
        "early_stop_fit": 0,
        "first_func_in_fit": "fit_feats"
    }
}


/home/daniel.z/ICML_PIECLAM_020425/experiments/../clamiter.py:577:::  
in fit,
first_func_in_fit='fit_feats'
second_function_name='fit_prior'


/home/daniel.z/ICML_PIECLAM_020425/experiments/../clamiter.py:637:::  
back and forth 1/7


/home/daniel.z/ICML_PIECLAM_020425/experiments/../clamiter.py:364:::  staring fit_feats for 3000 iterations


/home/daniel.z/ICML_PIECLAM_020425/experiments/../clamiter.py:364:::  staring fit_prior for 2000 iterations


/home/daniel.z/ICML_PIECLAM_020425/experiments/../clamiter.py:637:::  
back and forth 2/7


/home/daniel.z/ICML_PIECLAM_020425/experiments/../clamiter.py:364:::  staring fit_feats for 3000 iterations


/home/daniel.z/ICML_PIECLAM_020425/experiments/../clamiter.py:364:::  staring fit_prior for 2000 iterations


/home/daniel.z/ICML_PIECLAM_020425/experiments/../clamiter.py:637:::  
back and forth 3/7


/home/daniel.z/ICML_PIECLAM_020425/experiments/../clamiter.py:364:::  staring fit_feats for 3000 iterations


/home/daniel.z/ICML_PIECLAM_020425/experiments/../clamiter.py:364:::  staring fit_prior for 2000 iterations


/home/daniel.z/ICML_PIECLAM_020425/experiments/../clamiter.py:637:::  
back and forth 4/7


/home/daniel.z/ICML_PIECLAM_020425/experiments/../clamiter.py:364:::  staring fit_feats for 3000 iterations


/home/daniel.z/ICML_PIECLAM_020425/experiments/../clamiter.py:364:::  staring fit_prior for 2000 iterations


/home/daniel.z/ICML_PIECLAM_020425/experiments/../clamiter.py:637:::  
back and forth 5/7


/home/daniel.z/ICML_PIECLAM_020425/experiments/../clamiter.py:364:::  staring fit_feats for 3000 iterations


/home/daniel.z/ICML_PIECLAM_020425/experiments/../clamiter.py:364:::  staring fit_prior for 2000 iterations


/home/daniel.z/ICML_PIECLAM_020425/experiments/../clamiter.py:637:::  
back and forth 6/7


/home/daniel.z/ICML_PIECLAM_020425/experiments/../clamiter.py:364:::  staring fit_feats for 3000 iterations


/home/daniel.z/ICML_PIECLAM_020425/experiments/../clamiter.py:364:::  staring fit_prior for 2000 iterations


/home/daniel.z/ICML_PIECLAM_020425/experiments/../clamiter.py:637:::  
back and forth 7/7


/home/daniel.z/ICML_PIECLAM_020425/experiments/../clamiter.py:364:::  staring fit_feats for 3000 iterations


/home/daniel.z/ICML_PIECLAM_020425/experiments/../clamiter.py:364:::  staring fit_prior for 2000 iterations


/home/daniel.z/ICML_PIECLAM_020425/experiments/../clamiter.py:704:::  
fit end, no early stopping


/home/daniel.z/ICML_PIECLAM_020425/experiments/../trainer.py:419:::  
train_model_on_params on pieclam squirrel 
took 5466.808707237244 seconds


/home/daniel.z/ICML_PIECLAM_020425/experiments/../trainer.py:437:::  


FINISHED train 
 last accuracies:
test
key='auc': 0.9866649012517066
val
key='auc': 0.9870654285474266




/home/daniel.z/ICML_PIECLAM_020425/experiments/optimization_utils.py:648:::  Repetition no. 0


/home/daniel.z/ICML_PIECLAM_020425/experiments/../trainer.py:161:::  
Using dataset specific configuration and not global 




/home/daniel.z/ICML_PIECLAM_020425/experiments/../trainer.py:335:::  
 2025-05-29 02:22:27 starting optimization of pieclam on squirrel on device cuda

 configs_dict: 
{
    "clamiter_init": {
        "dim_feat": 200,
        "dim_attr": 100,
        "s_reg": 0.1,
        "l1_reg": 1,
        "T": 1,
        "hidden_dim": 64,
        "num_coupling_blocks": 32,
        "num_layers_mlp": 2
    },
    "feat_opt": {
        "lr": 5e-07,
        "n_iter": 3000,
        "early_stop": 0
    },
    "prior_opt": {
        "n_iter": 2000,
        "lr": 5e-06,
        "noise_amp": 0.1,
        "weight_decay": 0.1,
        "early_stop": 0
    },
    "back_forth": {
        "n_back_forth": 7,
        "scheduler_step_size": 3,
        "scheduler_gamma": 0.5,
        "early_stop_fit": 0,
        "first_func_in_fit": "fit_feats"
    }
}


/home/daniel.z/ICML_PIECLAM_020425/experiments/../clamiter.py:577:::  
in fit,
first_func_in_fit='fit_feats'
second_function_name='fit_prior'


/home/daniel.z/ICML_PIECLAM_020425/experiments/../clamiter.py:637:::  
back and forth 1/7


/home/daniel.z/ICML_PIECLAM_020425/experiments/../clamiter.py:364:::  staring fit_feats for 3000 iterations


/home/daniel.z/ICML_PIECLAM_020425/experiments/../clamiter.py:364:::  staring fit_prior for 2000 iterations


/home/daniel.z/ICML_PIECLAM_020425/experiments/../clamiter.py:637:::  
back and forth 2/7


/home/daniel.z/ICML_PIECLAM_020425/experiments/../clamiter.py:364:::  staring fit_feats for 3000 iterations


/home/daniel.z/ICML_PIECLAM_020425/experiments/../clamiter.py:364:::  staring fit_prior for 2000 iterations


/home/daniel.z/ICML_PIECLAM_020425/experiments/../clamiter.py:637:::  
back and forth 3/7


/home/daniel.z/ICML_PIECLAM_020425/experiments/../clamiter.py:364:::  staring fit_feats for 3000 iterations


/home/daniel.z/ICML_PIECLAM_020425/experiments/../clamiter.py:364:::  staring fit_prior for 2000 iterations


/home/daniel.z/ICML_PIECLAM_020425/experiments/../clamiter.py:637:::  
back and forth 4/7


/home/daniel.z/ICML_PIECLAM_020425/experiments/../clamiter.py:364:::  staring fit_feats for 3000 iterations


/home/daniel.z/ICML_PIECLAM_020425/experiments/../clamiter.py:364:::  staring fit_prior for 2000 iterations


/home/daniel.z/ICML_PIECLAM_020425/experiments/../clamiter.py:637:::  
back and forth 5/7


/home/daniel.z/ICML_PIECLAM_020425/experiments/../clamiter.py:364:::  staring fit_feats for 3000 iterations


/home/daniel.z/ICML_PIECLAM_020425/experiments/../clamiter.py:364:::  staring fit_prior for 2000 iterations


/home/daniel.z/ICML_PIECLAM_020425/experiments/../clamiter.py:637:::  
back and forth 6/7


/home/daniel.z/ICML_PIECLAM_020425/experiments/../clamiter.py:364:::  staring fit_feats for 3000 iterations


/home/daniel.z/ICML_PIECLAM_020425/experiments/../clamiter.py:364:::  staring fit_prior for 2000 iterations


/home/daniel.z/ICML_PIECLAM_020425/experiments/../clamiter.py:637:::  
back and forth 7/7


/home/daniel.z/ICML_PIECLAM_020425/experiments/../clamiter.py:364:::  staring fit_feats for 3000 iterations


/home/daniel.z/ICML_PIECLAM_020425/experiments/../clamiter.py:364:::  staring fit_prior for 2000 iterations


/home/daniel.z/ICML_PIECLAM_020425/experiments/../clamiter.py:704:::  
fit end, no early stopping


/home/daniel.z/ICML_PIECLAM_020425/experiments/../trainer.py:419:::  
train_model_on_params on pieclam squirrel 
took 5466.169977426529 seconds


/home/daniel.z/ICML_PIECLAM_020425/experiments/../trainer.py:437:::  


FINISHED train 
 last accuracies:
test
key='auc': 0.9792690941759264
val
key='auc': 0.9780792112325981




/home/daniel.z/ICML_PIECLAM_020425/experiments/optimization_utils.py:648:::  Repetition no. 0


/home/daniel.z/ICML_PIECLAM_020425/experiments/../trainer.py:161:::  
Using dataset specific configuration and not global 




/home/daniel.z/ICML_PIECLAM_020425/experiments/../trainer.py:335:::  
 2025-05-29 03:53:35 starting optimization of pieclam on squirrel on device cuda

 configs_dict: 
{
    "clamiter_init": {
        "dim_feat": 100,
        "dim_attr": 100,
        "s_reg": 0.0,
        "l1_reg": 1,
        "T": 1,
        "hidden_dim": 64,
        "num_coupling_blocks": 32,
        "num_layers_mlp": 2
    },
    "feat_opt": {
        "lr": 5e-06,
        "n_iter": 500,
        "early_stop": 0
    },
    "prior_opt": {
        "n_iter": 2000,
        "lr": 5e-06,
        "noise_amp": 0.1,
        "weight_decay": 0.1,
        "early_stop": 0
    },
    "back_forth": {
        "n_back_forth": 7,
        "scheduler_step_size": 3,
        "scheduler_gamma": 0.5,
        "early_stop_fit": 0,
        "first_func_in_fit": "fit_feats"
    }
}


/home/daniel.z/ICML_PIECLAM_020425/experiments/../clamiter.py:577:::  
in fit,
first_func_in_fit='fit_feats'
second_function_name='fit_prior'


/home/daniel.z/ICML_PIECLAM_020425/experiments/../clamiter.py:637:::  
back and forth 1/7


/home/daniel.z/ICML_PIECLAM_020425/experiments/../clamiter.py:364:::  staring fit_feats for 500 iterations


/home/daniel.z/ICML_PIECLAM_020425/experiments/../clamiter.py:364:::  staring fit_prior for 2000 iterations


/home/daniel.z/ICML_PIECLAM_020425/experiments/../clamiter.py:637:::  
back and forth 2/7


/home/daniel.z/ICML_PIECLAM_020425/experiments/../clamiter.py:364:::  staring fit_feats for 500 iterations


/home/daniel.z/ICML_PIECLAM_020425/experiments/../clamiter.py:364:::  staring fit_prior for 2000 iterations


/home/daniel.z/ICML_PIECLAM_020425/experiments/../clamiter.py:637:::  
back and forth 3/7


/home/daniel.z/ICML_PIECLAM_020425/experiments/../clamiter.py:364:::  staring fit_feats for 500 iterations


/home/daniel.z/ICML_PIECLAM_020425/experiments/../clamiter.py:364:::  staring fit_prior for 2000 iterations


/home/daniel.z/ICML_PIECLAM_020425/experiments/../clamiter.py:637:::  
back and forth 4/7


/home/daniel.z/ICML_PIECLAM_020425/experiments/../clamiter.py:364:::  staring fit_feats for 500 iterations


/home/daniel.z/ICML_PIECLAM_020425/experiments/../clamiter.py:364:::  staring fit_prior for 2000 iterations


/home/daniel.z/ICML_PIECLAM_020425/experiments/../clamiter.py:637:::  
back and forth 5/7


/home/daniel.z/ICML_PIECLAM_020425/experiments/../clamiter.py:364:::  staring fit_feats for 500 iterations


/home/daniel.z/ICML_PIECLAM_020425/experiments/../clamiter.py:364:::  staring fit_prior for 2000 iterations


/home/daniel.z/ICML_PIECLAM_020425/experiments/../clamiter.py:637:::  
back and forth 6/7


/home/daniel.z/ICML_PIECLAM_020425/experiments/../clamiter.py:364:::  staring fit_feats for 500 iterations


/home/daniel.z/ICML_PIECLAM_020425/experiments/../clamiter.py:364:::  staring fit_prior for 2000 iterations


/home/daniel.z/ICML_PIECLAM_020425/experiments/../clamiter.py:637:::  
back and forth 7/7


/home/daniel.z/ICML_PIECLAM_020425/experiments/../clamiter.py:364:::  staring fit_feats for 500 iterations


/home/daniel.z/ICML_PIECLAM_020425/experiments/../clamiter.py:364:::  staring fit_prior for 2000 iterations


/home/daniel.z/ICML_PIECLAM_020425/experiments/../clamiter.py:704:::  
fit end, no early stopping


/home/daniel.z/ICML_PIECLAM_020425/experiments/../trainer.py:419:::  
train_model_on_params on pieclam squirrel 
took 1930.088852405548 seconds


/home/daniel.z/ICML_PIECLAM_020425/experiments/../trainer.py:437:::  


FINISHED train 
 last accuracies:
test
key='auc': 0.9844957825945555
val
key='auc': 0.9848452341699692




/home/daniel.z/ICML_PIECLAM_020425/experiments/optimization_utils.py:648:::  Repetition no. 0


/home/daniel.z/ICML_PIECLAM_020425/experiments/../trainer.py:161:::  
Using dataset specific configuration and not global 




/home/daniel.z/ICML_PIECLAM_020425/experiments/../trainer.py:335:::  
 2025-05-29 04:25:46 starting optimization of pieclam on squirrel on device cuda

 configs_dict: 
{
    "clamiter_init": {
        "dim_feat": 100,
        "dim_attr": 100,
        "s_reg": 0.1,
        "l1_reg": 1,
        "T": 1,
        "hidden_dim": 64,
        "num_coupling_blocks": 32,
        "num_layers_mlp": 2
    },
    "feat_opt": {
        "lr": 5e-06,
        "n_iter": 500,
        "early_stop": 0
    },
    "prior_opt": {
        "n_iter": 2000,
        "lr": 5e-06,
        "noise_amp": 0.1,
        "weight_decay": 0.1,
        "early_stop": 0
    },
    "back_forth": {
        "n_back_forth": 7,
        "scheduler_step_size": 3,
        "scheduler_gamma": 0.5,
        "early_stop_fit": 0,
        "first_func_in_fit": "fit_feats"
    }
}


/home/daniel.z/ICML_PIECLAM_020425/experiments/../clamiter.py:577:::  
in fit,
first_func_in_fit='fit_feats'
second_function_name='fit_prior'


/home/daniel.z/ICML_PIECLAM_020425/experiments/../clamiter.py:637:::  
back and forth 1/7


/home/daniel.z/ICML_PIECLAM_020425/experiments/../clamiter.py:364:::  staring fit_feats for 500 iterations


/home/daniel.z/ICML_PIECLAM_020425/experiments/../clamiter.py:364:::  staring fit_prior for 2000 iterations


/home/daniel.z/ICML_PIECLAM_020425/experiments/../clamiter.py:637:::  
back and forth 2/7


/home/daniel.z/ICML_PIECLAM_020425/experiments/../clamiter.py:364:::  staring fit_feats for 500 iterations


/home/daniel.z/ICML_PIECLAM_020425/experiments/../clamiter.py:364:::  staring fit_prior for 2000 iterations


/home/daniel.z/ICML_PIECLAM_020425/experiments/../clamiter.py:637:::  
back and forth 3/7


/home/daniel.z/ICML_PIECLAM_020425/experiments/../clamiter.py:364:::  staring fit_feats for 500 iterations


/home/daniel.z/ICML_PIECLAM_020425/experiments/../clamiter.py:364:::  staring fit_prior for 2000 iterations


/home/daniel.z/ICML_PIECLAM_020425/experiments/../clamiter.py:637:::  
back and forth 4/7


/home/daniel.z/ICML_PIECLAM_020425/experiments/../clamiter.py:364:::  staring fit_feats for 500 iterations


/home/daniel.z/ICML_PIECLAM_020425/experiments/../clamiter.py:364:::  staring fit_prior for 2000 iterations


/home/daniel.z/ICML_PIECLAM_020425/experiments/../clamiter.py:637:::  
back and forth 5/7


/home/daniel.z/ICML_PIECLAM_020425/experiments/../clamiter.py:364:::  staring fit_feats for 500 iterations


/home/daniel.z/ICML_PIECLAM_020425/experiments/../clamiter.py:364:::  staring fit_prior for 2000 iterations


/home/daniel.z/ICML_PIECLAM_020425/experiments/../clamiter.py:637:::  
back and forth 6/7


/home/daniel.z/ICML_PIECLAM_020425/experiments/../clamiter.py:364:::  staring fit_feats for 500 iterations


/home/daniel.z/ICML_PIECLAM_020425/experiments/../clamiter.py:364:::  staring fit_prior for 2000 iterations


/home/daniel.z/ICML_PIECLAM_020425/experiments/../clamiter.py:637:::  
back and forth 7/7


/home/daniel.z/ICML_PIECLAM_020425/experiments/../clamiter.py:364:::  staring fit_feats for 500 iterations


/home/daniel.z/ICML_PIECLAM_020425/experiments/../clamiter.py:364:::  staring fit_prior for 2000 iterations


/home/daniel.z/ICML_PIECLAM_020425/experiments/../clamiter.py:704:::  
fit end, no early stopping


/home/daniel.z/ICML_PIECLAM_020425/experiments/../trainer.py:419:::  
train_model_on_params on pieclam squirrel 
took 1918.752380847931 seconds


/home/daniel.z/ICML_PIECLAM_020425/experiments/../trainer.py:437:::  


FINISHED train 
 last accuracies:
test
key='auc': 0.9839803562819015
val
key='auc': 0.9830082356991692




/home/daniel.z/ICML_PIECLAM_020425/experiments/optimization_utils.py:722:::  

Finished CrossVal!


