

/home/daniel.z/ICML_PIECLAM_020425/experiments/scripts/link_prediction/hypers_search/hypers_search_splits.py:97:::  
Using device: cuda


/home/daniel.z/ICML_PIECLAM_020425/experiments/scripts/link_prediction/hypers_search/hypers_search_splits.py:119:::  
Running cross val link splits for texas with model pieclam


/home/daniel.z/ICML_PIECLAM_020425/experiments/scripts/link_prediction/hypers_search/hypers_search_splits.py:120:::  
args=Namespace(model_name='pieclam', ds_name='texas', dim_feats=[20, 50, 100], l1_regs=[], s_regs=[0.0], n_iters_feats=[500, 1000, 3000], lr_feats=[5e-07, 5e-06], dim_attr=[], n_iters_prior=[500, 1000, 3000], lr_prior=[5e-06, 5e-07], noise_amps=[], n_back_forth=[], first_funcs_in_fit=[], use_global_config_base=False, densify=False, attr_opt=False, test_p=0.1, val_p=0.1, val_dyads_path=None, test_dyads_path=None, random_search=True, num_draws_random=20, test_only=False, n_reps=1, reverse_test_set_order=False)


/home/daniel.z/ICML_PIECLAM_020425/experiments/optimization_utils.py:512:::  
On test set split1 of texas,pieclam
 ======================


/home/daniel.z/ICML_PIECLAM_020425/experiments/optimization_utils.py:628:::  
RunSaver defined to acc_configs path /home/daniel.z/ICML_PIECLAM_020425/experiments/results/link_prediction/auc/texas/pieclam/split1/valid/acc_configs16-10_27-05-25.json


/home/daniel.z/ICML_PIECLAM_020425/experiments/optimization_utils.py:650:::  
Repetition no. 0


/home/daniel.z/ICML_PIECLAM_020425/experiments/../trainer.py:161:::  

Using dataset specific configuration and not global 




/home/daniel.z/ICML_PIECLAM_020425/experiments/../trainer.py:335:::  

 2025-05-27 16:11:04 starting optimization of pieclam on texas on device cuda

 configs_dict: 
{
    "clamiter_init": {
        "dim_feat": 100,
        "dim_attr": 100,
        "s_reg": 0.0,
        "l1_reg": 1,
        "T": 1,
        "hidden_dim": 64,
        "num_coupling_blocks": 32,
        "num_layers_mlp": 2
    },
    "feat_opt": {
        "lr": 5e-06,
        "n_iter": 500,
        "early_stop": 0
    },
    "prior_opt": {
        "n_iter": 2000,
        "lr": 5e-06,
        "noise_amp": 0.05,
        "weight_decay": 0.1,
        "early_stop": 0
    },
    "back_forth": {
        "n_back_forth": 7,
        "scheduler_step_size": 3,
        "scheduler_gamma": 0.5,
        "early_stop_fit": 0,
        "first_func_in_fit": "fit_prior"
    }
}


/home/daniel.z/ICML_PIECLAM_020425/experiments/../clamiter.py:567:::  

in fit,
first_func_in_fit='fit_prior'
second_function_name='fit_feats'


/home/daniel.z/ICML_PIECLAM_020425/experiments/../clamiter.py:629:::  

back and forth 1/7


/home/daniel.z/ICML_PIECLAM_020425/experiments/../clamiter.py:365:::  
staring fit_prior for 2000 iterations


/home/daniel.z/ICML_PIECLAM_020425/experiments/../clamiter.py:365:::  
staring fit_feats for 500 iterations


/home/daniel.z/ICML_PIECLAM_020425/experiments/../clamiter.py:629:::  

back and forth 2/7


/home/daniel.z/ICML_PIECLAM_020425/experiments/../clamiter.py:365:::  
staring fit_prior for 2000 iterations


/home/daniel.z/ICML_PIECLAM_020425/experiments/../clamiter.py:365:::  
staring fit_feats for 500 iterations


/home/daniel.z/ICML_PIECLAM_020425/experiments/../clamiter.py:629:::  

back and forth 3/7


/home/daniel.z/ICML_PIECLAM_020425/experiments/../clamiter.py:365:::  
staring fit_prior for 2000 iterations


/home/daniel.z/ICML_PIECLAM_020425/experiments/../clamiter.py:365:::  
staring fit_feats for 500 iterations


/home/daniel.z/ICML_PIECLAM_020425/experiments/../clamiter.py:629:::  

back and forth 4/7


/home/daniel.z/ICML_PIECLAM_020425/experiments/../clamiter.py:365:::  
staring fit_prior for 2000 iterations


/home/daniel.z/ICML_PIECLAM_020425/experiments/../clamiter.py:365:::  
staring fit_feats for 500 iterations


/home/daniel.z/ICML_PIECLAM_020425/experiments/../clamiter.py:629:::  

back and forth 5/7


/home/daniel.z/ICML_PIECLAM_020425/experiments/../clamiter.py:365:::  
staring fit_prior for 2000 iterations


/home/daniel.z/ICML_PIECLAM_020425/experiments/../clamiter.py:365:::  
staring fit_feats for 500 iterations


/home/daniel.z/ICML_PIECLAM_020425/experiments/../clamiter.py:629:::  

back and forth 6/7


/home/daniel.z/ICML_PIECLAM_020425/experiments/../clamiter.py:365:::  
staring fit_prior for 2000 iterations


/home/daniel.z/ICML_PIECLAM_020425/experiments/../clamiter.py:365:::  
staring fit_feats for 500 iterations


/home/daniel.z/ICML_PIECLAM_020425/experiments/../clamiter.py:629:::  

back and forth 7/7


/home/daniel.z/ICML_PIECLAM_020425/experiments/../clamiter.py:365:::  
staring fit_prior for 2000 iterations


/home/daniel.z/ICML_PIECLAM_020425/experiments/../clamiter.py:365:::  
staring fit_feats for 500 iterations


/home/daniel.z/ICML_PIECLAM_020425/experiments/../clamiter.py:704:::  

fit end


/home/daniel.z/ICML_PIECLAM_020425/experiments/../trainer.py:438:::  



FINISHED train 
 last accuracies:
test
key='auc': 0.8204785009201941
val
key='auc': 0.747401418907771




/home/daniel.z/ICML_PIECLAM_020425/experiments/../trainer.py:454:::  

train_model_on_params on pieclam texas 
took 1928.5172653198242 seconds


/home/daniel.z/ICML_PIECLAM_020425/experiments/optimization_utils.py:650:::  
Repetition no. 0


/home/daniel.z/ICML_PIECLAM_020425/experiments/../trainer.py:161:::  

Using dataset specific configuration and not global 




/home/daniel.z/ICML_PIECLAM_020425/experiments/../trainer.py:335:::  

 2025-05-27 16:43:13 starting optimization of pieclam on texas on device cuda

 configs_dict: 
{
    "clamiter_init": {
        "dim_feat": 100,
        "dim_attr": 100,
        "s_reg": 0.0,
        "l1_reg": 1,
        "T": 1,
        "hidden_dim": 64,
        "num_coupling_blocks": 32,
        "num_layers_mlp": 2
    },
    "feat_opt": {
        "lr": 5e-07,
        "n_iter": 500,
        "early_stop": 0
    },
    "prior_opt": {
        "n_iter": 2000,
        "lr": 5e-06,
        "noise_amp": 0.05,
        "weight_decay": 0.1,
        "early_stop": 0
    },
    "back_forth": {
        "n_back_forth": 7,
        "scheduler_step_size": 3,
        "scheduler_gamma": 0.5,
        "early_stop_fit": 0,
        "first_func_in_fit": "fit_prior"
    }
}


/home/daniel.z/ICML_PIECLAM_020425/experiments/../clamiter.py:567:::  

in fit,
first_func_in_fit='fit_prior'
second_function_name='fit_feats'


/home/daniel.z/ICML_PIECLAM_020425/experiments/../clamiter.py:629:::  

back and forth 1/7


/home/daniel.z/ICML_PIECLAM_020425/experiments/../clamiter.py:365:::  
staring fit_prior for 2000 iterations


/home/daniel.z/ICML_PIECLAM_020425/experiments/../clamiter.py:365:::  
staring fit_feats for 500 iterations


/home/daniel.z/ICML_PIECLAM_020425/experiments/../clamiter.py:629:::  

back and forth 2/7


/home/daniel.z/ICML_PIECLAM_020425/experiments/../clamiter.py:365:::  
staring fit_prior for 2000 iterations


/home/daniel.z/ICML_PIECLAM_020425/experiments/../clamiter.py:365:::  
staring fit_feats for 500 iterations


/home/daniel.z/ICML_PIECLAM_020425/experiments/../clamiter.py:629:::  

back and forth 3/7


/home/daniel.z/ICML_PIECLAM_020425/experiments/../clamiter.py:365:::  
staring fit_prior for 2000 iterations


/home/daniel.z/ICML_PIECLAM_020425/experiments/../clamiter.py:365:::  
staring fit_feats for 500 iterations


/home/daniel.z/ICML_PIECLAM_020425/experiments/../clamiter.py:629:::  

back and forth 4/7


/home/daniel.z/ICML_PIECLAM_020425/experiments/../clamiter.py:365:::  
staring fit_prior for 2000 iterations


/home/daniel.z/ICML_PIECLAM_020425/experiments/../clamiter.py:365:::  
staring fit_feats for 500 iterations


/home/daniel.z/ICML_PIECLAM_020425/experiments/../clamiter.py:629:::  

back and forth 5/7


/home/daniel.z/ICML_PIECLAM_020425/experiments/../clamiter.py:365:::  
staring fit_prior for 2000 iterations


/home/daniel.z/ICML_PIECLAM_020425/experiments/../clamiter.py:365:::  
staring fit_feats for 500 iterations


/home/daniel.z/ICML_PIECLAM_020425/experiments/../clamiter.py:629:::  

back and forth 6/7


/home/daniel.z/ICML_PIECLAM_020425/experiments/../clamiter.py:365:::  
staring fit_prior for 2000 iterations


/home/daniel.z/ICML_PIECLAM_020425/experiments/../clamiter.py:365:::  
staring fit_feats for 500 iterations


/home/daniel.z/ICML_PIECLAM_020425/experiments/../clamiter.py:629:::  

back and forth 7/7


/home/daniel.z/ICML_PIECLAM_020425/experiments/../clamiter.py:365:::  
staring fit_prior for 2000 iterations


/home/daniel.z/ICML_PIECLAM_020425/experiments/../clamiter.py:365:::  
staring fit_feats for 500 iterations


/home/daniel.z/ICML_PIECLAM_020425/experiments/../clamiter.py:704:::  

fit end


/home/daniel.z/ICML_PIECLAM_020425/experiments/../trainer.py:438:::  



FINISHED train 
 last accuracies:
test
key='auc': 0.5
val
key='auc': 0.5




/home/daniel.z/ICML_PIECLAM_020425/experiments/../trainer.py:454:::  

train_model_on_params on pieclam texas 
took 1810.901581287384 seconds


/home/daniel.z/ICML_PIECLAM_020425/experiments/optimization_utils.py:650:::  
Repetition no. 0


/home/daniel.z/ICML_PIECLAM_020425/experiments/../trainer.py:161:::  

Using dataset specific configuration and not global 




/home/daniel.z/ICML_PIECLAM_020425/experiments/../trainer.py:335:::  

 2025-05-27 17:13:24 starting optimization of pieclam on texas on device cuda

 configs_dict: 
{
    "clamiter_init": {
        "dim_feat": 20,
        "dim_attr": 100,
        "s_reg": 0.0,
        "l1_reg": 1,
        "T": 1,
        "hidden_dim": 64,
        "num_coupling_blocks": 32,
        "num_layers_mlp": 2
    },
    "feat_opt": {
        "lr": 5e-07,
        "n_iter": 3000,
        "early_stop": 0
    },
    "prior_opt": {
        "n_iter": 2000,
        "lr": 5e-06,
        "noise_amp": 0.05,
        "weight_decay": 0.1,
        "early_stop": 0
    },
    "back_forth": {
        "n_back_forth": 7,
        "scheduler_step_size": 3,
        "scheduler_gamma": 0.5,
        "early_stop_fit": 0,
        "first_func_in_fit": "fit_prior"
    }
}


/home/daniel.z/ICML_PIECLAM_020425/experiments/../clamiter.py:567:::  

in fit,
first_func_in_fit='fit_prior'
second_function_name='fit_feats'


/home/daniel.z/ICML_PIECLAM_020425/experiments/../clamiter.py:629:::  

back and forth 1/7


/home/daniel.z/ICML_PIECLAM_020425/experiments/../clamiter.py:365:::  
staring fit_prior for 2000 iterations


/home/daniel.z/ICML_PIECLAM_020425/experiments/../clamiter.py:365:::  
staring fit_feats for 3000 iterations


/home/daniel.z/ICML_PIECLAM_020425/experiments/../clamiter.py:629:::  

back and forth 2/7


/home/daniel.z/ICML_PIECLAM_020425/experiments/../clamiter.py:365:::  
staring fit_prior for 2000 iterations


/home/daniel.z/ICML_PIECLAM_020425/experiments/../clamiter.py:365:::  
staring fit_feats for 3000 iterations


/home/daniel.z/ICML_PIECLAM_020425/experiments/../clamiter.py:629:::  

back and forth 3/7


/home/daniel.z/ICML_PIECLAM_020425/experiments/../clamiter.py:365:::  
staring fit_prior for 2000 iterations


/home/daniel.z/ICML_PIECLAM_020425/experiments/../clamiter.py:365:::  
staring fit_feats for 3000 iterations


/home/daniel.z/ICML_PIECLAM_020425/experiments/../clamiter.py:629:::  

back and forth 4/7


/home/daniel.z/ICML_PIECLAM_020425/experiments/../clamiter.py:365:::  
staring fit_prior for 2000 iterations


/home/daniel.z/ICML_PIECLAM_020425/experiments/../clamiter.py:365:::  
staring fit_feats for 3000 iterations


/home/daniel.z/ICML_PIECLAM_020425/experiments/../clamiter.py:629:::  

back and forth 5/7


/home/daniel.z/ICML_PIECLAM_020425/experiments/../clamiter.py:365:::  
staring fit_prior for 2000 iterations


/home/daniel.z/ICML_PIECLAM_020425/experiments/../clamiter.py:365:::  
staring fit_feats for 3000 iterations


/home/daniel.z/ICML_PIECLAM_020425/experiments/../clamiter.py:629:::  

back and forth 6/7


/home/daniel.z/ICML_PIECLAM_020425/experiments/../clamiter.py:365:::  
staring fit_prior for 2000 iterations


/home/daniel.z/ICML_PIECLAM_020425/experiments/../clamiter.py:365:::  
staring fit_feats for 3000 iterations


/home/daniel.z/ICML_PIECLAM_020425/experiments/../clamiter.py:629:::  

back and forth 7/7


/home/daniel.z/ICML_PIECLAM_020425/experiments/../clamiter.py:365:::  
staring fit_prior for 2000 iterations


/home/daniel.z/ICML_PIECLAM_020425/experiments/../clamiter.py:365:::  
staring fit_feats for 3000 iterations


/home/daniel.z/ICML_PIECLAM_020425/experiments/../clamiter.py:704:::  

fit end


/home/daniel.z/ICML_PIECLAM_020425/experiments/../trainer.py:438:::  



FINISHED train 
 last accuracies:
test
key='auc': 0.8039150075288605
val
key='auc': 0.6319617224880383




/home/daniel.z/ICML_PIECLAM_020425/experiments/../trainer.py:454:::  

train_model_on_params on pieclam texas 
took 4092.56303691864 seconds


/home/daniel.z/ICML_PIECLAM_020425/experiments/optimization_utils.py:650:::  
Repetition no. 0


/home/daniel.z/ICML_PIECLAM_020425/experiments/../trainer.py:161:::  

Using dataset specific configuration and not global 




/home/daniel.z/ICML_PIECLAM_020425/experiments/../trainer.py:335:::  

 2025-05-27 18:21:37 starting optimization of pieclam on texas on device cuda

 configs_dict: 
{
    "clamiter_init": {
        "dim_feat": 50,
        "dim_attr": 100,
        "s_reg": 0.0,
        "l1_reg": 1,
        "T": 1,
        "hidden_dim": 64,
        "num_coupling_blocks": 32,
        "num_layers_mlp": 2
    },
    "feat_opt": {
        "lr": 5e-06,
        "n_iter": 1000,
        "early_stop": 0
    },
    "prior_opt": {
        "n_iter": 2000,
        "lr": 5e-06,
        "noise_amp": 0.05,
        "weight_decay": 0.1,
        "early_stop": 0
    },
    "back_forth": {
        "n_back_forth": 7,
        "scheduler_step_size": 3,
        "scheduler_gamma": 0.5,
        "early_stop_fit": 0,
        "first_func_in_fit": "fit_prior"
    }
}


/home/daniel.z/ICML_PIECLAM_020425/experiments/../clamiter.py:567:::  

in fit,
first_func_in_fit='fit_prior'
second_function_name='fit_feats'


/home/daniel.z/ICML_PIECLAM_020425/experiments/../clamiter.py:629:::  

back and forth 1/7


/home/daniel.z/ICML_PIECLAM_020425/experiments/../clamiter.py:365:::  
staring fit_prior for 2000 iterations


/home/daniel.z/ICML_PIECLAM_020425/experiments/../clamiter.py:365:::  
staring fit_feats for 1000 iterations


/home/daniel.z/ICML_PIECLAM_020425/experiments/../clamiter.py:629:::  

back and forth 2/7


/home/daniel.z/ICML_PIECLAM_020425/experiments/../clamiter.py:365:::  
staring fit_prior for 2000 iterations


/home/daniel.z/ICML_PIECLAM_020425/experiments/../clamiter.py:365:::  
staring fit_feats for 1000 iterations


/home/daniel.z/ICML_PIECLAM_020425/experiments/../clamiter.py:629:::  

back and forth 3/7


/home/daniel.z/ICML_PIECLAM_020425/experiments/../clamiter.py:365:::  
staring fit_prior for 2000 iterations


/home/daniel.z/ICML_PIECLAM_020425/experiments/../clamiter.py:365:::  
staring fit_feats for 1000 iterations


/home/daniel.z/ICML_PIECLAM_020425/experiments/../clamiter.py:629:::  

back and forth 4/7


/home/daniel.z/ICML_PIECLAM_020425/experiments/../clamiter.py:365:::  
staring fit_prior for 2000 iterations


/home/daniel.z/ICML_PIECLAM_020425/experiments/../clamiter.py:365:::  
staring fit_feats for 1000 iterations


/home/daniel.z/ICML_PIECLAM_020425/experiments/../clamiter.py:629:::  

back and forth 5/7


/home/daniel.z/ICML_PIECLAM_020425/experiments/../clamiter.py:365:::  
staring fit_prior for 2000 iterations


/home/daniel.z/ICML_PIECLAM_020425/experiments/../clamiter.py:365:::  
staring fit_feats for 1000 iterations


/home/daniel.z/ICML_PIECLAM_020425/experiments/../clamiter.py:629:::  

back and forth 6/7


/home/daniel.z/ICML_PIECLAM_020425/experiments/../clamiter.py:365:::  
staring fit_prior for 2000 iterations


/home/daniel.z/ICML_PIECLAM_020425/experiments/../clamiter.py:365:::  
staring fit_feats for 1000 iterations


/home/daniel.z/ICML_PIECLAM_020425/experiments/../clamiter.py:629:::  

back and forth 7/7


/home/daniel.z/ICML_PIECLAM_020425/experiments/../clamiter.py:365:::  
staring fit_prior for 2000 iterations


/home/daniel.z/ICML_PIECLAM_020425/experiments/../clamiter.py:365:::  
staring fit_feats for 1000 iterations


/home/daniel.z/ICML_PIECLAM_020425/experiments/../clamiter.py:704:::  

fit end


/home/daniel.z/ICML_PIECLAM_020425/experiments/../trainer.py:438:::  



FINISHED train 
 last accuracies:
test
key='auc': 0.8686632089677095
val
key='auc': 0.8877306903622694




/home/daniel.z/ICML_PIECLAM_020425/experiments/../trainer.py:454:::  

train_model_on_params on pieclam texas 
took 2242.7155344486237 seconds


/home/daniel.z/ICML_PIECLAM_020425/experiments/optimization_utils.py:650:::  
Repetition no. 0


/home/daniel.z/ICML_PIECLAM_020425/experiments/../trainer.py:161:::  

Using dataset specific configuration and not global 




/home/daniel.z/ICML_PIECLAM_020425/experiments/../trainer.py:335:::  

 2025-05-27 18:59:00 starting optimization of pieclam on texas on device cuda

 configs_dict: 
{
    "clamiter_init": {
        "dim_feat": 20,
        "dim_attr": 100,
        "s_reg": 0.0,
        "l1_reg": 1,
        "T": 1,
        "hidden_dim": 64,
        "num_coupling_blocks": 32,
        "num_layers_mlp": 2
    },
    "feat_opt": {
        "lr": 5e-06,
        "n_iter": 3000,
        "early_stop": 0
    },
    "prior_opt": {
        "n_iter": 2000,
        "lr": 5e-06,
        "noise_amp": 0.05,
        "weight_decay": 0.1,
        "early_stop": 0
    },
    "back_forth": {
        "n_back_forth": 7,
        "scheduler_step_size": 3,
        "scheduler_gamma": 0.5,
        "early_stop_fit": 0,
        "first_func_in_fit": "fit_prior"
    }
}


/home/daniel.z/ICML_PIECLAM_020425/experiments/../clamiter.py:567:::  

in fit,
first_func_in_fit='fit_prior'
second_function_name='fit_feats'


/home/daniel.z/ICML_PIECLAM_020425/experiments/../clamiter.py:629:::  

back and forth 1/7


/home/daniel.z/ICML_PIECLAM_020425/experiments/../clamiter.py:365:::  
staring fit_prior for 2000 iterations


/home/daniel.z/ICML_PIECLAM_020425/experiments/../clamiter.py:365:::  
staring fit_feats for 3000 iterations


/home/daniel.z/ICML_PIECLAM_020425/experiments/../clamiter.py:629:::  

back and forth 2/7


/home/daniel.z/ICML_PIECLAM_020425/experiments/../clamiter.py:365:::  
staring fit_prior for 2000 iterations


/home/daniel.z/ICML_PIECLAM_020425/experiments/../clamiter.py:365:::  
staring fit_feats for 3000 iterations


/home/daniel.z/ICML_PIECLAM_020425/experiments/../clamiter.py:629:::  

back and forth 3/7


/home/daniel.z/ICML_PIECLAM_020425/experiments/../clamiter.py:365:::  
staring fit_prior for 2000 iterations


/home/daniel.z/ICML_PIECLAM_020425/experiments/../clamiter.py:365:::  
staring fit_feats for 3000 iterations


/home/daniel.z/ICML_PIECLAM_020425/experiments/../clamiter.py:629:::  

back and forth 4/7


/home/daniel.z/ICML_PIECLAM_020425/experiments/../clamiter.py:365:::  
staring fit_prior for 2000 iterations


/home/daniel.z/ICML_PIECLAM_020425/experiments/../clamiter.py:365:::  
staring fit_feats for 3000 iterations


/home/daniel.z/ICML_PIECLAM_020425/experiments/../clamiter.py:629:::  

back and forth 5/7


/home/daniel.z/ICML_PIECLAM_020425/experiments/../clamiter.py:365:::  
staring fit_prior for 2000 iterations


/home/daniel.z/ICML_PIECLAM_020425/experiments/../clamiter.py:365:::  
staring fit_feats for 3000 iterations


/home/daniel.z/ICML_PIECLAM_020425/experiments/../clamiter.py:629:::  

back and forth 6/7


/home/daniel.z/ICML_PIECLAM_020425/experiments/../clamiter.py:365:::  
staring fit_prior for 2000 iterations


/home/daniel.z/ICML_PIECLAM_020425/experiments/../clamiter.py:365:::  
staring fit_feats for 3000 iterations


/home/daniel.z/ICML_PIECLAM_020425/experiments/../clamiter.py:629:::  

back and forth 7/7


/home/daniel.z/ICML_PIECLAM_020425/experiments/../clamiter.py:365:::  
staring fit_prior for 2000 iterations


/home/daniel.z/ICML_PIECLAM_020425/experiments/../clamiter.py:365:::  
staring fit_feats for 3000 iterations


/home/daniel.z/ICML_PIECLAM_020425/experiments/../clamiter.py:704:::  

fit end


/home/daniel.z/ICML_PIECLAM_020425/experiments/../trainer.py:438:::  



FINISHED train 
 last accuracies:
test
key='auc': 0.8944286431320059
val
key='auc': 0.8447634237107922




/home/daniel.z/ICML_PIECLAM_020425/experiments/../trainer.py:454:::  

train_model_on_params on pieclam texas 
took 4046.7422738075256 seconds


/home/daniel.z/ICML_PIECLAM_020425/experiments/optimization_utils.py:650:::  
Repetition no. 0


/home/daniel.z/ICML_PIECLAM_020425/experiments/../trainer.py:161:::  

Using dataset specific configuration and not global 




/home/daniel.z/ICML_PIECLAM_020425/experiments/../trainer.py:335:::  

 2025-05-27 20:06:27 starting optimization of pieclam on texas on device cuda

 configs_dict: 
{
    "clamiter_init": {
        "dim_feat": 50,
        "dim_attr": 100,
        "s_reg": 0.0,
        "l1_reg": 1,
        "T": 1,
        "hidden_dim": 64,
        "num_coupling_blocks": 32,
        "num_layers_mlp": 2
    },
    "feat_opt": {
        "lr": 5e-06,
        "n_iter": 500,
        "early_stop": 0
    },
    "prior_opt": {
        "n_iter": 2000,
        "lr": 5e-06,
        "noise_amp": 0.05,
        "weight_decay": 0.1,
        "early_stop": 0
    },
    "back_forth": {
        "n_back_forth": 7,
        "scheduler_step_size": 3,
        "scheduler_gamma": 0.5,
        "early_stop_fit": 0,
        "first_func_in_fit": "fit_prior"
    }
}


/home/daniel.z/ICML_PIECLAM_020425/experiments/../clamiter.py:567:::  

in fit,
first_func_in_fit='fit_prior'
second_function_name='fit_feats'


/home/daniel.z/ICML_PIECLAM_020425/experiments/../clamiter.py:629:::  

back and forth 1/7


/home/daniel.z/ICML_PIECLAM_020425/experiments/../clamiter.py:365:::  
staring fit_prior for 2000 iterations


/home/daniel.z/ICML_PIECLAM_020425/experiments/../clamiter.py:365:::  
staring fit_feats for 500 iterations


/home/daniel.z/ICML_PIECLAM_020425/experiments/../clamiter.py:629:::  

back and forth 2/7


/home/daniel.z/ICML_PIECLAM_020425/experiments/../clamiter.py:365:::  
staring fit_prior for 2000 iterations


/home/daniel.z/ICML_PIECLAM_020425/experiments/../clamiter.py:365:::  
staring fit_feats for 500 iterations


/home/daniel.z/ICML_PIECLAM_020425/experiments/../clamiter.py:629:::  

back and forth 3/7


/home/daniel.z/ICML_PIECLAM_020425/experiments/../clamiter.py:365:::  
staring fit_prior for 2000 iterations


/home/daniel.z/ICML_PIECLAM_020425/experiments/../clamiter.py:365:::  
staring fit_feats for 500 iterations


/home/daniel.z/ICML_PIECLAM_020425/experiments/../clamiter.py:629:::  

back and forth 4/7


/home/daniel.z/ICML_PIECLAM_020425/experiments/../clamiter.py:365:::  
staring fit_prior for 2000 iterations


/home/daniel.z/ICML_PIECLAM_020425/experiments/../clamiter.py:365:::  
staring fit_feats for 500 iterations


/home/daniel.z/ICML_PIECLAM_020425/experiments/../clamiter.py:629:::  

back and forth 5/7


/home/daniel.z/ICML_PIECLAM_020425/experiments/../clamiter.py:365:::  
staring fit_prior for 2000 iterations


/home/daniel.z/ICML_PIECLAM_020425/experiments/../clamiter.py:365:::  
staring fit_feats for 500 iterations


/home/daniel.z/ICML_PIECLAM_020425/experiments/../clamiter.py:629:::  

back and forth 6/7


/home/daniel.z/ICML_PIECLAM_020425/experiments/../clamiter.py:365:::  
staring fit_prior for 2000 iterations


/home/daniel.z/ICML_PIECLAM_020425/experiments/../clamiter.py:365:::  
staring fit_feats for 500 iterations


/home/daniel.z/ICML_PIECLAM_020425/experiments/../clamiter.py:629:::  

back and forth 7/7


/home/daniel.z/ICML_PIECLAM_020425/experiments/../clamiter.py:365:::  
staring fit_prior for 2000 iterations


/home/daniel.z/ICML_PIECLAM_020425/experiments/../clamiter.py:365:::  
staring fit_feats for 500 iterations


/home/daniel.z/ICML_PIECLAM_020425/experiments/../clamiter.py:704:::  

fit end


/home/daniel.z/ICML_PIECLAM_020425/experiments/../trainer.py:438:::  



FINISHED train 
 last accuracies:
test
key='auc': 0.7824995817299648
val
key='auc': 0.6825017088174984




/home/daniel.z/ICML_PIECLAM_020425/experiments/../trainer.py:454:::  

train_model_on_params on pieclam texas 
took 1896.5103464126587 seconds


/home/daniel.z/ICML_PIECLAM_020425/experiments/optimization_utils.py:650:::  
Repetition no. 0


/home/daniel.z/ICML_PIECLAM_020425/experiments/../trainer.py:161:::  

Using dataset specific configuration and not global 




/home/daniel.z/ICML_PIECLAM_020425/experiments/../trainer.py:335:::  

 2025-05-27 20:38:03 starting optimization of pieclam on texas on device cuda

 configs_dict: 
{
    "clamiter_init": {
        "dim_feat": 100,
        "dim_attr": 100,
        "s_reg": 0.0,
        "l1_reg": 1,
        "T": 1,
        "hidden_dim": 64,
        "num_coupling_blocks": 32,
        "num_layers_mlp": 2
    },
    "feat_opt": {
        "lr": 5e-07,
        "n_iter": 3000,
        "early_stop": 0
    },
    "prior_opt": {
        "n_iter": 2000,
        "lr": 5e-06,
        "noise_amp": 0.05,
        "weight_decay": 0.1,
        "early_stop": 0
    },
    "back_forth": {
        "n_back_forth": 7,
        "scheduler_step_size": 3,
        "scheduler_gamma": 0.5,
        "early_stop_fit": 0,
        "first_func_in_fit": "fit_prior"
    }
}


/home/daniel.z/ICML_PIECLAM_020425/experiments/../clamiter.py:567:::  

in fit,
first_func_in_fit='fit_prior'
second_function_name='fit_feats'


/home/daniel.z/ICML_PIECLAM_020425/experiments/../clamiter.py:629:::  

back and forth 1/7


/home/daniel.z/ICML_PIECLAM_020425/experiments/../clamiter.py:365:::  
staring fit_prior for 2000 iterations


/home/daniel.z/ICML_PIECLAM_020425/experiments/../clamiter.py:365:::  
staring fit_feats for 3000 iterations


/home/daniel.z/ICML_PIECLAM_020425/experiments/../clamiter.py:629:::  

back and forth 2/7


/home/daniel.z/ICML_PIECLAM_020425/experiments/../clamiter.py:365:::  
staring fit_prior for 2000 iterations


/home/daniel.z/ICML_PIECLAM_020425/experiments/../clamiter.py:365:::  
staring fit_feats for 3000 iterations


/home/daniel.z/ICML_PIECLAM_020425/experiments/../clamiter.py:629:::  

back and forth 3/7


/home/daniel.z/ICML_PIECLAM_020425/experiments/../clamiter.py:365:::  
staring fit_prior for 2000 iterations


/home/daniel.z/ICML_PIECLAM_020425/experiments/../clamiter.py:365:::  
staring fit_feats for 3000 iterations


/home/daniel.z/ICML_PIECLAM_020425/experiments/../clamiter.py:629:::  

back and forth 4/7


/home/daniel.z/ICML_PIECLAM_020425/experiments/../clamiter.py:365:::  
staring fit_prior for 2000 iterations


/home/daniel.z/ICML_PIECLAM_020425/experiments/../clamiter.py:365:::  
staring fit_feats for 3000 iterations


/home/daniel.z/ICML_PIECLAM_020425/experiments/../clamiter.py:629:::  

back and forth 5/7


/home/daniel.z/ICML_PIECLAM_020425/experiments/../clamiter.py:365:::  
staring fit_prior for 2000 iterations


/home/daniel.z/ICML_PIECLAM_020425/experiments/../clamiter.py:365:::  
staring fit_feats for 3000 iterations


/home/daniel.z/ICML_PIECLAM_020425/experiments/../clamiter.py:629:::  

back and forth 6/7


/home/daniel.z/ICML_PIECLAM_020425/experiments/../clamiter.py:365:::  
staring fit_prior for 2000 iterations


/home/daniel.z/ICML_PIECLAM_020425/experiments/../clamiter.py:365:::  
staring fit_feats for 3000 iterations


/home/daniel.z/ICML_PIECLAM_020425/experiments/../clamiter.py:629:::  

back and forth 7/7


/home/daniel.z/ICML_PIECLAM_020425/experiments/../clamiter.py:365:::  
staring fit_prior for 2000 iterations


/home/daniel.z/ICML_PIECLAM_020425/experiments/../clamiter.py:365:::  
staring fit_feats for 3000 iterations


/home/daniel.z/ICML_PIECLAM_020425/experiments/../clamiter.py:704:::  

fit end


/home/daniel.z/ICML_PIECLAM_020425/experiments/../trainer.py:438:::  



FINISHED train 
 last accuracies:
test
key='auc': 0.8402208465785511
val
key='auc': 0.7177033492822966




/home/daniel.z/ICML_PIECLAM_020425/experiments/../trainer.py:454:::  

train_model_on_params on pieclam texas 
took 4238.346054077148 seconds


/home/daniel.z/ICML_PIECLAM_020425/experiments/optimization_utils.py:650:::  
Repetition no. 0


/home/daniel.z/ICML_PIECLAM_020425/experiments/../trainer.py:161:::  

Using dataset specific configuration and not global 




/home/daniel.z/ICML_PIECLAM_020425/experiments/../trainer.py:335:::  

 2025-05-27 21:48:42 starting optimization of pieclam on texas on device cuda

 configs_dict: 
{
    "clamiter_init": {
        "dim_feat": 50,
        "dim_attr": 100,
        "s_reg": 0.0,
        "l1_reg": 1,
        "T": 1,
        "hidden_dim": 64,
        "num_coupling_blocks": 32,
        "num_layers_mlp": 2
    },
    "feat_opt": {
        "lr": 5e-07,
        "n_iter": 500,
        "early_stop": 0
    },
    "prior_opt": {
        "n_iter": 2000,
        "lr": 5e-06,
        "noise_amp": 0.05,
        "weight_decay": 0.1,
        "early_stop": 0
    },
    "back_forth": {
        "n_back_forth": 7,
        "scheduler_step_size": 3,
        "scheduler_gamma": 0.5,
        "early_stop_fit": 0,
        "first_func_in_fit": "fit_prior"
    }
}


/home/daniel.z/ICML_PIECLAM_020425/experiments/../clamiter.py:567:::  

in fit,
first_func_in_fit='fit_prior'
second_function_name='fit_feats'


/home/daniel.z/ICML_PIECLAM_020425/experiments/../clamiter.py:629:::  

back and forth 1/7


/home/daniel.z/ICML_PIECLAM_020425/experiments/../clamiter.py:365:::  
staring fit_prior for 2000 iterations


/home/daniel.z/ICML_PIECLAM_020425/experiments/../clamiter.py:365:::  
staring fit_feats for 500 iterations


/home/daniel.z/ICML_PIECLAM_020425/experiments/../clamiter.py:629:::  

back and forth 2/7


/home/daniel.z/ICML_PIECLAM_020425/experiments/../clamiter.py:365:::  
staring fit_prior for 2000 iterations


/home/daniel.z/ICML_PIECLAM_020425/experiments/../clamiter.py:365:::  
staring fit_feats for 500 iterations


/home/daniel.z/ICML_PIECLAM_020425/experiments/../clamiter.py:629:::  

back and forth 3/7


/home/daniel.z/ICML_PIECLAM_020425/experiments/../clamiter.py:365:::  
staring fit_prior for 2000 iterations


/home/daniel.z/ICML_PIECLAM_020425/experiments/../clamiter.py:365:::  
staring fit_feats for 500 iterations


/home/daniel.z/ICML_PIECLAM_020425/experiments/../clamiter.py:629:::  

back and forth 4/7


/home/daniel.z/ICML_PIECLAM_020425/experiments/../clamiter.py:365:::  
staring fit_prior for 2000 iterations


/home/daniel.z/ICML_PIECLAM_020425/experiments/../clamiter.py:365:::  
staring fit_feats for 500 iterations


/home/daniel.z/ICML_PIECLAM_020425/experiments/../clamiter.py:629:::  

back and forth 5/7


/home/daniel.z/ICML_PIECLAM_020425/experiments/../clamiter.py:365:::  
staring fit_prior for 2000 iterations


/home/daniel.z/ICML_PIECLAM_020425/experiments/../clamiter.py:365:::  
staring fit_feats for 500 iterations


/home/daniel.z/ICML_PIECLAM_020425/experiments/../clamiter.py:629:::  

back and forth 6/7


/home/daniel.z/ICML_PIECLAM_020425/experiments/../clamiter.py:365:::  
staring fit_prior for 2000 iterations


/home/daniel.z/ICML_PIECLAM_020425/experiments/../clamiter.py:365:::  
staring fit_feats for 500 iterations


/home/daniel.z/ICML_PIECLAM_020425/experiments/../clamiter.py:629:::  

back and forth 7/7


/home/daniel.z/ICML_PIECLAM_020425/experiments/../clamiter.py:365:::  
staring fit_prior for 2000 iterations


/home/daniel.z/ICML_PIECLAM_020425/experiments/../clamiter.py:365:::  
staring fit_feats for 500 iterations


/home/daniel.z/ICML_PIECLAM_020425/experiments/../clamiter.py:704:::  

fit end


/home/daniel.z/ICML_PIECLAM_020425/experiments/../trainer.py:438:::  



FINISHED train 
 last accuracies:
test
key='auc': 0.733311025598126
val
key='auc': 0.6230861244019139




/home/daniel.z/ICML_PIECLAM_020425/experiments/../trainer.py:454:::  

train_model_on_params on pieclam texas 
took 1909.505521774292 seconds


/home/daniel.z/ICML_PIECLAM_020425/experiments/optimization_utils.py:650:::  
Repetition no. 0


/home/daniel.z/ICML_PIECLAM_020425/experiments/../trainer.py:161:::  

Using dataset specific configuration and not global 




/home/daniel.z/ICML_PIECLAM_020425/experiments/../trainer.py:335:::  

 2025-05-27 22:20:31 starting optimization of pieclam on texas on device cuda

 configs_dict: 
{
    "clamiter_init": {
        "dim_feat": 50,
        "dim_attr": 100,
        "s_reg": 0.0,
        "l1_reg": 1,
        "T": 1,
        "hidden_dim": 64,
        "num_coupling_blocks": 32,
        "num_layers_mlp": 2
    },
    "feat_opt": {
        "lr": 5e-07,
        "n_iter": 3000,
        "early_stop": 0
    },
    "prior_opt": {
        "n_iter": 2000,
        "lr": 5e-06,
        "noise_amp": 0.05,
        "weight_decay": 0.1,
        "early_stop": 0
    },
    "back_forth": {
        "n_back_forth": 7,
        "scheduler_step_size": 3,
        "scheduler_gamma": 0.5,
        "early_stop_fit": 0,
        "first_func_in_fit": "fit_prior"
    }
}


/home/daniel.z/ICML_PIECLAM_020425/experiments/../clamiter.py:567:::  

in fit,
first_func_in_fit='fit_prior'
second_function_name='fit_feats'


/home/daniel.z/ICML_PIECLAM_020425/experiments/../clamiter.py:629:::  

back and forth 1/7


/home/daniel.z/ICML_PIECLAM_020425/experiments/../clamiter.py:365:::  
staring fit_prior for 2000 iterations


/home/daniel.z/ICML_PIECLAM_020425/experiments/../clamiter.py:365:::  
staring fit_feats for 3000 iterations


/home/daniel.z/ICML_PIECLAM_020425/experiments/../clamiter.py:629:::  

back and forth 2/7


/home/daniel.z/ICML_PIECLAM_020425/experiments/../clamiter.py:365:::  
staring fit_prior for 2000 iterations


/home/daniel.z/ICML_PIECLAM_020425/experiments/../clamiter.py:365:::  
staring fit_feats for 3000 iterations


/home/daniel.z/ICML_PIECLAM_020425/experiments/../clamiter.py:629:::  

back and forth 3/7


/home/daniel.z/ICML_PIECLAM_020425/experiments/../clamiter.py:365:::  
staring fit_prior for 2000 iterations


/home/daniel.z/ICML_PIECLAM_020425/experiments/../clamiter.py:365:::  
staring fit_feats for 3000 iterations


/home/daniel.z/ICML_PIECLAM_020425/experiments/../clamiter.py:629:::  

back and forth 4/7


/home/daniel.z/ICML_PIECLAM_020425/experiments/../clamiter.py:365:::  
staring fit_prior for 2000 iterations


/home/daniel.z/ICML_PIECLAM_020425/experiments/../clamiter.py:365:::  
staring fit_feats for 3000 iterations


/home/daniel.z/ICML_PIECLAM_020425/experiments/../clamiter.py:629:::  

back and forth 5/7


/home/daniel.z/ICML_PIECLAM_020425/experiments/../clamiter.py:365:::  
staring fit_prior for 2000 iterations


/home/daniel.z/ICML_PIECLAM_020425/experiments/../clamiter.py:365:::  
staring fit_feats for 3000 iterations


/home/daniel.z/ICML_PIECLAM_020425/experiments/../clamiter.py:629:::  

back and forth 6/7


/home/daniel.z/ICML_PIECLAM_020425/experiments/../clamiter.py:365:::  
staring fit_prior for 2000 iterations


/home/daniel.z/ICML_PIECLAM_020425/experiments/../clamiter.py:365:::  
staring fit_feats for 3000 iterations


/home/daniel.z/ICML_PIECLAM_020425/experiments/../clamiter.py:629:::  

back and forth 7/7


/home/daniel.z/ICML_PIECLAM_020425/experiments/../clamiter.py:365:::  
staring fit_prior for 2000 iterations


/home/daniel.z/ICML_PIECLAM_020425/experiments/../clamiter.py:365:::  
staring fit_feats for 3000 iterations


/home/daniel.z/ICML_PIECLAM_020425/experiments/../clamiter.py:704:::  

fit end


/home/daniel.z/ICML_PIECLAM_020425/experiments/../trainer.py:438:::  



FINISHED train 
 last accuracies:
test
key='auc': 0.7925380625731973
val
key='auc': 0.6588148693411852




/home/daniel.z/ICML_PIECLAM_020425/experiments/../trainer.py:454:::  

train_model_on_params on pieclam texas 
took 4306.651106119156 seconds


/home/daniel.z/ICML_PIECLAM_020425/experiments/optimization_utils.py:650:::  
Repetition no. 0


/home/daniel.z/ICML_PIECLAM_020425/experiments/../trainer.py:161:::  

Using dataset specific configuration and not global 




/home/daniel.z/ICML_PIECLAM_020425/experiments/../trainer.py:335:::  

 2025-05-27 23:32:18 starting optimization of pieclam on texas on device cuda

 configs_dict: 
{
    "clamiter_init": {
        "dim_feat": 100,
        "dim_attr": 100,
        "s_reg": 0.0,
        "l1_reg": 1,
        "T": 1,
        "hidden_dim": 64,
        "num_coupling_blocks": 32,
        "num_layers_mlp": 2
    },
    "feat_opt": {
        "lr": 5e-06,
        "n_iter": 1000,
        "early_stop": 0
    },
    "prior_opt": {
        "n_iter": 2000,
        "lr": 5e-06,
        "noise_amp": 0.05,
        "weight_decay": 0.1,
        "early_stop": 0
    },
    "back_forth": {
        "n_back_forth": 7,
        "scheduler_step_size": 3,
        "scheduler_gamma": 0.5,
        "early_stop_fit": 0,
        "first_func_in_fit": "fit_prior"
    }
}


/home/daniel.z/ICML_PIECLAM_020425/experiments/../clamiter.py:567:::  

in fit,
first_func_in_fit='fit_prior'
second_function_name='fit_feats'


/home/daniel.z/ICML_PIECLAM_020425/experiments/../clamiter.py:629:::  

back and forth 1/7


/home/daniel.z/ICML_PIECLAM_020425/experiments/../clamiter.py:365:::  
staring fit_prior for 2000 iterations


/home/daniel.z/ICML_PIECLAM_020425/experiments/../clamiter.py:365:::  
staring fit_feats for 1000 iterations


/home/daniel.z/ICML_PIECLAM_020425/experiments/../clamiter.py:629:::  

back and forth 2/7


/home/daniel.z/ICML_PIECLAM_020425/experiments/../clamiter.py:365:::  
staring fit_prior for 2000 iterations


/home/daniel.z/ICML_PIECLAM_020425/experiments/../clamiter.py:365:::  
staring fit_feats for 1000 iterations


/home/daniel.z/ICML_PIECLAM_020425/experiments/../clamiter.py:629:::  

back and forth 3/7


/home/daniel.z/ICML_PIECLAM_020425/experiments/../clamiter.py:365:::  
staring fit_prior for 2000 iterations


/home/daniel.z/ICML_PIECLAM_020425/experiments/../clamiter.py:365:::  
staring fit_feats for 1000 iterations


/home/daniel.z/ICML_PIECLAM_020425/experiments/../clamiter.py:629:::  

back and forth 4/7


/home/daniel.z/ICML_PIECLAM_020425/experiments/../clamiter.py:365:::  
staring fit_prior for 2000 iterations


/home/daniel.z/ICML_PIECLAM_020425/experiments/../clamiter.py:365:::  
staring fit_feats for 1000 iterations


/home/daniel.z/ICML_PIECLAM_020425/experiments/../clamiter.py:629:::  

back and forth 5/7


/home/daniel.z/ICML_PIECLAM_020425/experiments/../clamiter.py:365:::  
staring fit_prior for 2000 iterations


/home/daniel.z/ICML_PIECLAM_020425/experiments/../clamiter.py:365:::  
staring fit_feats for 1000 iterations


/home/daniel.z/ICML_PIECLAM_020425/experiments/../clamiter.py:629:::  

back and forth 6/7


/home/daniel.z/ICML_PIECLAM_020425/experiments/../clamiter.py:365:::  
staring fit_prior for 2000 iterations


/home/daniel.z/ICML_PIECLAM_020425/experiments/../clamiter.py:365:::  
staring fit_feats for 1000 iterations


/home/daniel.z/ICML_PIECLAM_020425/experiments/../clamiter.py:629:::  

back and forth 7/7


/home/daniel.z/ICML_PIECLAM_020425/experiments/../clamiter.py:365:::  
staring fit_prior for 2000 iterations


/home/daniel.z/ICML_PIECLAM_020425/experiments/../clamiter.py:365:::  
staring fit_feats for 1000 iterations


/home/daniel.z/ICML_PIECLAM_020425/experiments/../clamiter.py:704:::  

fit end


/home/daniel.z/ICML_PIECLAM_020425/experiments/../trainer.py:438:::  



FINISHED train 
 last accuracies:
test
key='auc': 0.8357035301990966
val
key='auc': 0.656761521027449




/home/daniel.z/ICML_PIECLAM_020425/experiments/../trainer.py:454:::  

train_model_on_params on pieclam texas 
took 2212.0167829990387 seconds


/home/daniel.z/ICML_PIECLAM_020425/experiments/optimization_utils.py:650:::  
Repetition no. 0


/home/daniel.z/ICML_PIECLAM_020425/experiments/../trainer.py:161:::  

Using dataset specific configuration and not global 




/home/daniel.z/ICML_PIECLAM_020425/experiments/../trainer.py:335:::  

 2025-05-28 00:09:10 starting optimization of pieclam on texas on device cuda

 configs_dict: 
{
    "clamiter_init": {
        "dim_feat": 20,
        "dim_attr": 100,
        "s_reg": 0.0,
        "l1_reg": 1,
        "T": 1,
        "hidden_dim": 64,
        "num_coupling_blocks": 32,
        "num_layers_mlp": 2
    },
    "feat_opt": {
        "lr": 5e-06,
        "n_iter": 500,
        "early_stop": 0
    },
    "prior_opt": {
        "n_iter": 2000,
        "lr": 5e-06,
        "noise_amp": 0.05,
        "weight_decay": 0.1,
        "early_stop": 0
    },
    "back_forth": {
        "n_back_forth": 7,
        "scheduler_step_size": 3,
        "scheduler_gamma": 0.5,
        "early_stop_fit": 0,
        "first_func_in_fit": "fit_prior"
    }
}


/home/daniel.z/ICML_PIECLAM_020425/experiments/../clamiter.py:567:::  

in fit,
first_func_in_fit='fit_prior'
second_function_name='fit_feats'


/home/daniel.z/ICML_PIECLAM_020425/experiments/../clamiter.py:629:::  

back and forth 1/7


/home/daniel.z/ICML_PIECLAM_020425/experiments/../clamiter.py:365:::  
staring fit_prior for 2000 iterations


/home/daniel.z/ICML_PIECLAM_020425/experiments/../clamiter.py:365:::  
staring fit_feats for 500 iterations


/home/daniel.z/ICML_PIECLAM_020425/experiments/../clamiter.py:629:::  

back and forth 2/7


/home/daniel.z/ICML_PIECLAM_020425/experiments/../clamiter.py:365:::  
staring fit_prior for 2000 iterations


/home/daniel.z/ICML_PIECLAM_020425/experiments/../clamiter.py:365:::  
staring fit_feats for 500 iterations


/home/daniel.z/ICML_PIECLAM_020425/experiments/../clamiter.py:629:::  

back and forth 3/7


/home/daniel.z/ICML_PIECLAM_020425/experiments/../clamiter.py:365:::  
staring fit_prior for 2000 iterations


/home/daniel.z/ICML_PIECLAM_020425/experiments/../clamiter.py:365:::  
staring fit_feats for 500 iterations


/home/daniel.z/ICML_PIECLAM_020425/experiments/../clamiter.py:629:::  

back and forth 4/7


/home/daniel.z/ICML_PIECLAM_020425/experiments/../clamiter.py:365:::  
staring fit_prior for 2000 iterations


/home/daniel.z/ICML_PIECLAM_020425/experiments/../clamiter.py:365:::  
staring fit_feats for 500 iterations


/home/daniel.z/ICML_PIECLAM_020425/experiments/../clamiter.py:629:::  

back and forth 5/7


/home/daniel.z/ICML_PIECLAM_020425/experiments/../clamiter.py:365:::  
staring fit_prior for 2000 iterations


/home/daniel.z/ICML_PIECLAM_020425/experiments/../clamiter.py:365:::  
staring fit_feats for 500 iterations


/home/daniel.z/ICML_PIECLAM_020425/experiments/../clamiter.py:629:::  

back and forth 6/7


/home/daniel.z/ICML_PIECLAM_020425/experiments/../clamiter.py:365:::  
staring fit_prior for 2000 iterations


/home/daniel.z/ICML_PIECLAM_020425/experiments/../clamiter.py:365:::  
staring fit_feats for 500 iterations


/home/daniel.z/ICML_PIECLAM_020425/experiments/../clamiter.py:629:::  

back and forth 7/7


/home/daniel.z/ICML_PIECLAM_020425/experiments/../clamiter.py:365:::  
staring fit_prior for 2000 iterations


/home/daniel.z/ICML_PIECLAM_020425/experiments/../clamiter.py:365:::  
staring fit_feats for 500 iterations


/home/daniel.z/ICML_PIECLAM_020425/experiments/../clamiter.py:704:::  

fit end


/home/daniel.z/ICML_PIECLAM_020425/experiments/../trainer.py:438:::  



FINISHED train 
 last accuracies:
test
key='auc': 0.8259996653839718
val
key='auc': 0.6983565633451216




/home/daniel.z/ICML_PIECLAM_020425/experiments/../trainer.py:454:::  

train_model_on_params on pieclam texas 
took 1627.1420097351074 seconds


/home/daniel.z/ICML_PIECLAM_020425/experiments/optimization_utils.py:650:::  
Repetition no. 0


/home/daniel.z/ICML_PIECLAM_020425/experiments/../trainer.py:161:::  

Using dataset specific configuration and not global 




/home/daniel.z/ICML_PIECLAM_020425/experiments/../trainer.py:335:::  

 2025-05-28 00:36:18 starting optimization of pieclam on texas on device cuda

 configs_dict: 
{
    "clamiter_init": {
        "dim_feat": 50,
        "dim_attr": 100,
        "s_reg": 0.0,
        "l1_reg": 1,
        "T": 1,
        "hidden_dim": 64,
        "num_coupling_blocks": 32,
        "num_layers_mlp": 2
    },
    "feat_opt": {
        "lr": 5e-06,
        "n_iter": 3000,
        "early_stop": 0
    },
    "prior_opt": {
        "n_iter": 2000,
        "lr": 5e-06,
        "noise_amp": 0.05,
        "weight_decay": 0.1,
        "early_stop": 0
    },
    "back_forth": {
        "n_back_forth": 7,
        "scheduler_step_size": 3,
        "scheduler_gamma": 0.5,
        "early_stop_fit": 0,
        "first_func_in_fit": "fit_prior"
    }
}


/home/daniel.z/ICML_PIECLAM_020425/experiments/../clamiter.py:567:::  

in fit,
first_func_in_fit='fit_prior'
second_function_name='fit_feats'


/home/daniel.z/ICML_PIECLAM_020425/experiments/../clamiter.py:629:::  

back and forth 1/7


/home/daniel.z/ICML_PIECLAM_020425/experiments/../clamiter.py:365:::  
staring fit_prior for 2000 iterations


/home/daniel.z/ICML_PIECLAM_020425/experiments/../clamiter.py:365:::  
staring fit_feats for 3000 iterations


/home/daniel.z/ICML_PIECLAM_020425/experiments/../clamiter.py:629:::  

back and forth 2/7


/home/daniel.z/ICML_PIECLAM_020425/experiments/../clamiter.py:365:::  
staring fit_prior for 2000 iterations


/home/daniel.z/ICML_PIECLAM_020425/experiments/../clamiter.py:365:::  
staring fit_feats for 3000 iterations


/home/daniel.z/ICML_PIECLAM_020425/experiments/../clamiter.py:629:::  

back and forth 3/7


/home/daniel.z/ICML_PIECLAM_020425/experiments/../clamiter.py:365:::  
staring fit_prior for 2000 iterations


/home/daniel.z/ICML_PIECLAM_020425/experiments/../clamiter.py:365:::  
staring fit_feats for 3000 iterations


/home/daniel.z/ICML_PIECLAM_020425/experiments/../clamiter.py:629:::  

back and forth 4/7


/home/daniel.z/ICML_PIECLAM_020425/experiments/../clamiter.py:365:::  
staring fit_prior for 2000 iterations


/home/daniel.z/ICML_PIECLAM_020425/experiments/../clamiter.py:365:::  
staring fit_feats for 3000 iterations


/home/daniel.z/ICML_PIECLAM_020425/experiments/../clamiter.py:629:::  

back and forth 5/7


/home/daniel.z/ICML_PIECLAM_020425/experiments/../clamiter.py:365:::  
staring fit_prior for 2000 iterations


/home/daniel.z/ICML_PIECLAM_020425/experiments/../clamiter.py:365:::  
staring fit_feats for 3000 iterations


/home/daniel.z/ICML_PIECLAM_020425/experiments/../clamiter.py:629:::  

back and forth 6/7


/home/daniel.z/ICML_PIECLAM_020425/experiments/../clamiter.py:365:::  
staring fit_prior for 2000 iterations


/home/daniel.z/ICML_PIECLAM_020425/experiments/../clamiter.py:365:::  
staring fit_feats for 3000 iterations


/home/daniel.z/ICML_PIECLAM_020425/experiments/../clamiter.py:629:::  

back and forth 7/7


/home/daniel.z/ICML_PIECLAM_020425/experiments/../clamiter.py:365:::  
staring fit_prior for 2000 iterations


/home/daniel.z/ICML_PIECLAM_020425/experiments/../clamiter.py:365:::  
staring fit_feats for 3000 iterations


/home/daniel.z/ICML_PIECLAM_020425/experiments/../clamiter.py:704:::  

fit end


/home/daniel.z/ICML_PIECLAM_020425/experiments/../trainer.py:438:::  



FINISHED train 
 last accuracies:
test
key='auc': 0.8224861970888405
val
key='auc': 0.6731032125768968




/home/daniel.z/ICML_PIECLAM_020425/experiments/../trainer.py:454:::  

train_model_on_params on pieclam texas 
took 4109.960883140564 seconds


/home/daniel.z/ICML_PIECLAM_020425/experiments/optimization_utils.py:650:::  
Repetition no. 0


/home/daniel.z/ICML_PIECLAM_020425/experiments/../trainer.py:161:::  

Using dataset specific configuration and not global 




/home/daniel.z/ICML_PIECLAM_020425/experiments/../trainer.py:335:::  

 2025-05-28 01:44:48 starting optimization of pieclam on texas on device cuda

 configs_dict: 
{
    "clamiter_init": {
        "dim_feat": 20,
        "dim_attr": 100,
        "s_reg": 0.0,
        "l1_reg": 1,
        "T": 1,
        "hidden_dim": 64,
        "num_coupling_blocks": 32,
        "num_layers_mlp": 2
    },
    "feat_opt": {
        "lr": 5e-07,
        "n_iter": 1000,
        "early_stop": 0
    },
    "prior_opt": {
        "n_iter": 2000,
        "lr": 5e-06,
        "noise_amp": 0.05,
        "weight_decay": 0.1,
        "early_stop": 0
    },
    "back_forth": {
        "n_back_forth": 7,
        "scheduler_step_size": 3,
        "scheduler_gamma": 0.5,
        "early_stop_fit": 0,
        "first_func_in_fit": "fit_prior"
    }
}


/home/daniel.z/ICML_PIECLAM_020425/experiments/../clamiter.py:567:::  

in fit,
first_func_in_fit='fit_prior'
second_function_name='fit_feats'


/home/daniel.z/ICML_PIECLAM_020425/experiments/../clamiter.py:629:::  

back and forth 1/7


/home/daniel.z/ICML_PIECLAM_020425/experiments/../clamiter.py:365:::  
staring fit_prior for 2000 iterations


/home/daniel.z/ICML_PIECLAM_020425/experiments/../clamiter.py:365:::  
staring fit_feats for 1000 iterations


/home/daniel.z/ICML_PIECLAM_020425/experiments/../clamiter.py:629:::  

back and forth 2/7


/home/daniel.z/ICML_PIECLAM_020425/experiments/../clamiter.py:365:::  
staring fit_prior for 2000 iterations


/home/daniel.z/ICML_PIECLAM_020425/experiments/../clamiter.py:365:::  
staring fit_feats for 1000 iterations


/home/daniel.z/ICML_PIECLAM_020425/experiments/../clamiter.py:629:::  

back and forth 3/7


/home/daniel.z/ICML_PIECLAM_020425/experiments/../clamiter.py:365:::  
staring fit_prior for 2000 iterations


/home/daniel.z/ICML_PIECLAM_020425/experiments/../clamiter.py:365:::  
staring fit_feats for 1000 iterations


/home/daniel.z/ICML_PIECLAM_020425/experiments/../clamiter.py:629:::  

back and forth 4/7


/home/daniel.z/ICML_PIECLAM_020425/experiments/../clamiter.py:365:::  
staring fit_prior for 2000 iterations


/home/daniel.z/ICML_PIECLAM_020425/experiments/../clamiter.py:365:::  
staring fit_feats for 1000 iterations


/home/daniel.z/ICML_PIECLAM_020425/experiments/../clamiter.py:629:::  

back and forth 5/7


/home/daniel.z/ICML_PIECLAM_020425/experiments/../clamiter.py:365:::  
staring fit_prior for 2000 iterations


/home/daniel.z/ICML_PIECLAM_020425/experiments/../clamiter.py:365:::  
staring fit_feats for 1000 iterations


/home/daniel.z/ICML_PIECLAM_020425/experiments/../clamiter.py:629:::  

back and forth 6/7


/home/daniel.z/ICML_PIECLAM_020425/experiments/../clamiter.py:365:::  
staring fit_prior for 2000 iterations


/home/daniel.z/ICML_PIECLAM_020425/experiments/../clamiter.py:365:::  
staring fit_feats for 1000 iterations


/home/daniel.z/ICML_PIECLAM_020425/experiments/../clamiter.py:629:::  

back and forth 7/7


/home/daniel.z/ICML_PIECLAM_020425/experiments/../clamiter.py:365:::  
staring fit_prior for 2000 iterations


/home/daniel.z/ICML_PIECLAM_020425/experiments/../clamiter.py:365:::  
staring fit_feats for 1000 iterations


/home/daniel.z/ICML_PIECLAM_020425/experiments/../clamiter.py:704:::  

fit end


/home/daniel.z/ICML_PIECLAM_020425/experiments/../trainer.py:438:::  



FINISHED train 
 last accuracies:
test
key='auc': 0.751882215158106
val
key='auc': 0.6145933014354067




/home/daniel.z/ICML_PIECLAM_020425/experiments/../trainer.py:454:::  

train_model_on_params on pieclam texas 
took 2327.8729960918427 seconds


/home/daniel.z/ICML_PIECLAM_020425/experiments/optimization_utils.py:650:::  
Repetition no. 0


/home/daniel.z/ICML_PIECLAM_020425/experiments/../trainer.py:161:::  

Using dataset specific configuration and not global 




/home/daniel.z/ICML_PIECLAM_020425/experiments/../trainer.py:335:::  

 2025-05-28 02:23:36 starting optimization of pieclam on texas on device cuda

 configs_dict: 
{
    "clamiter_init": {
        "dim_feat": 100,
        "dim_attr": 100,
        "s_reg": 0.0,
        "l1_reg": 1,
        "T": 1,
        "hidden_dim": 64,
        "num_coupling_blocks": 32,
        "num_layers_mlp": 2
    },
    "feat_opt": {
        "lr": 5e-07,
        "n_iter": 1000,
        "early_stop": 0
    },
    "prior_opt": {
        "n_iter": 2000,
        "lr": 5e-06,
        "noise_amp": 0.05,
        "weight_decay": 0.1,
        "early_stop": 0
    },
    "back_forth": {
        "n_back_forth": 7,
        "scheduler_step_size": 3,
        "scheduler_gamma": 0.5,
        "early_stop_fit": 0,
        "first_func_in_fit": "fit_prior"
    }
}


/home/daniel.z/ICML_PIECLAM_020425/experiments/../clamiter.py:567:::  

in fit,
first_func_in_fit='fit_prior'
second_function_name='fit_feats'


/home/daniel.z/ICML_PIECLAM_020425/experiments/../clamiter.py:629:::  

back and forth 1/7


/home/daniel.z/ICML_PIECLAM_020425/experiments/../clamiter.py:365:::  
staring fit_prior for 2000 iterations


/home/daniel.z/ICML_PIECLAM_020425/experiments/../clamiter.py:365:::  
staring fit_feats for 1000 iterations


/home/daniel.z/ICML_PIECLAM_020425/experiments/../clamiter.py:629:::  

back and forth 2/7


/home/daniel.z/ICML_PIECLAM_020425/experiments/../clamiter.py:365:::  
staring fit_prior for 2000 iterations


/home/daniel.z/ICML_PIECLAM_020425/experiments/../clamiter.py:365:::  
staring fit_feats for 1000 iterations


/home/daniel.z/ICML_PIECLAM_020425/experiments/../clamiter.py:629:::  

back and forth 3/7


/home/daniel.z/ICML_PIECLAM_020425/experiments/../clamiter.py:365:::  
staring fit_prior for 2000 iterations


/home/daniel.z/ICML_PIECLAM_020425/experiments/../clamiter.py:365:::  
staring fit_feats for 1000 iterations


/home/daniel.z/ICML_PIECLAM_020425/experiments/../clamiter.py:629:::  

back and forth 4/7


/home/daniel.z/ICML_PIECLAM_020425/experiments/../clamiter.py:365:::  
staring fit_prior for 2000 iterations


/home/daniel.z/ICML_PIECLAM_020425/experiments/../clamiter.py:365:::  
staring fit_feats for 1000 iterations


/home/daniel.z/ICML_PIECLAM_020425/experiments/../clamiter.py:629:::  

back and forth 5/7


/home/daniel.z/ICML_PIECLAM_020425/experiments/../clamiter.py:365:::  
staring fit_prior for 2000 iterations


/home/daniel.z/ICML_PIECLAM_020425/experiments/../clamiter.py:365:::  
staring fit_feats for 1000 iterations


/home/daniel.z/ICML_PIECLAM_020425/experiments/../clamiter.py:629:::  

back and forth 6/7


/home/daniel.z/ICML_PIECLAM_020425/experiments/../clamiter.py:365:::  
staring fit_prior for 2000 iterations


/home/daniel.z/ICML_PIECLAM_020425/experiments/../clamiter.py:365:::  
staring fit_feats for 1000 iterations


/home/daniel.z/ICML_PIECLAM_020425/experiments/../clamiter.py:629:::  

back and forth 7/7


/home/daniel.z/ICML_PIECLAM_020425/experiments/../clamiter.py:365:::  
staring fit_prior for 2000 iterations


/home/daniel.z/ICML_PIECLAM_020425/experiments/../clamiter.py:365:::  
staring fit_feats for 1000 iterations


/home/daniel.z/ICML_PIECLAM_020425/experiments/../clamiter.py:704:::  

fit end


/home/daniel.z/ICML_PIECLAM_020425/experiments/../trainer.py:438:::  



FINISHED train 
 last accuracies:
test
key='auc': 0.539568345323741
val
key='auc': 0.5765550239234449




/home/daniel.z/ICML_PIECLAM_020425/experiments/../trainer.py:454:::  

train_model_on_params on pieclam texas 
took 2249.901964902878 seconds


/home/daniel.z/ICML_PIECLAM_020425/experiments/optimization_utils.py:650:::  
Repetition no. 0


/home/daniel.z/ICML_PIECLAM_020425/experiments/../trainer.py:161:::  

Using dataset specific configuration and not global 




/home/daniel.z/ICML_PIECLAM_020425/experiments/../trainer.py:335:::  

 2025-05-28 03:01:06 starting optimization of pieclam on texas on device cuda

 configs_dict: 
{
    "clamiter_init": {
        "dim_feat": 100,
        "dim_attr": 100,
        "s_reg": 0.0,
        "l1_reg": 1,
        "T": 1,
        "hidden_dim": 64,
        "num_coupling_blocks": 32,
        "num_layers_mlp": 2
    },
    "feat_opt": {
        "lr": 5e-06,
        "n_iter": 3000,
        "early_stop": 0
    },
    "prior_opt": {
        "n_iter": 2000,
        "lr": 5e-06,
        "noise_amp": 0.05,
        "weight_decay": 0.1,
        "early_stop": 0
    },
    "back_forth": {
        "n_back_forth": 7,
        "scheduler_step_size": 3,
        "scheduler_gamma": 0.5,
        "early_stop_fit": 0,
        "first_func_in_fit": "fit_prior"
    }
}


/home/daniel.z/ICML_PIECLAM_020425/experiments/../clamiter.py:567:::  

in fit,
first_func_in_fit='fit_prior'
second_function_name='fit_feats'


/home/daniel.z/ICML_PIECLAM_020425/experiments/../clamiter.py:629:::  

back and forth 1/7


/home/daniel.z/ICML_PIECLAM_020425/experiments/../clamiter.py:365:::  
staring fit_prior for 2000 iterations


/home/daniel.z/ICML_PIECLAM_020425/experiments/../clamiter.py:365:::  
staring fit_feats for 3000 iterations


/home/daniel.z/ICML_PIECLAM_020425/experiments/../clamiter.py:629:::  

back and forth 2/7


/home/daniel.z/ICML_PIECLAM_020425/experiments/../clamiter.py:365:::  
staring fit_prior for 2000 iterations


/home/daniel.z/ICML_PIECLAM_020425/experiments/../clamiter.py:365:::  
staring fit_feats for 3000 iterations


/home/daniel.z/ICML_PIECLAM_020425/experiments/../clamiter.py:629:::  

back and forth 3/7


/home/daniel.z/ICML_PIECLAM_020425/experiments/../clamiter.py:365:::  
staring fit_prior for 2000 iterations


/home/daniel.z/ICML_PIECLAM_020425/experiments/../clamiter.py:365:::  
staring fit_feats for 3000 iterations


/home/daniel.z/ICML_PIECLAM_020425/experiments/../clamiter.py:629:::  

back and forth 4/7


/home/daniel.z/ICML_PIECLAM_020425/experiments/../clamiter.py:365:::  
staring fit_prior for 2000 iterations


/home/daniel.z/ICML_PIECLAM_020425/experiments/../clamiter.py:365:::  
staring fit_feats for 3000 iterations


/home/daniel.z/ICML_PIECLAM_020425/experiments/../clamiter.py:629:::  

back and forth 5/7


/home/daniel.z/ICML_PIECLAM_020425/experiments/../clamiter.py:365:::  
staring fit_prior for 2000 iterations


/home/daniel.z/ICML_PIECLAM_020425/experiments/../clamiter.py:365:::  
staring fit_feats for 3000 iterations


/home/daniel.z/ICML_PIECLAM_020425/experiments/../clamiter.py:629:::  

back and forth 6/7


/home/daniel.z/ICML_PIECLAM_020425/experiments/../clamiter.py:365:::  
staring fit_prior for 2000 iterations


/home/daniel.z/ICML_PIECLAM_020425/experiments/../clamiter.py:365:::  
staring fit_feats for 3000 iterations


/home/daniel.z/ICML_PIECLAM_020425/experiments/../clamiter.py:629:::  

back and forth 7/7


/home/daniel.z/ICML_PIECLAM_020425/experiments/../clamiter.py:365:::  
staring fit_prior for 2000 iterations


/home/daniel.z/ICML_PIECLAM_020425/experiments/../clamiter.py:365:::  
staring fit_feats for 3000 iterations


/home/daniel.z/ICML_PIECLAM_020425/experiments/../clamiter.py:704:::  

fit end


/home/daniel.z/ICML_PIECLAM_020425/experiments/../trainer.py:438:::  



FINISHED train 
 last accuracies:
test
key='auc': 0.7930399866153589
val
key='auc': 0.7981316928685349




/home/daniel.z/ICML_PIECLAM_020425/experiments/../trainer.py:454:::  

train_model_on_params on pieclam texas 
took 4297.354866027832 seconds


/home/daniel.z/ICML_PIECLAM_020425/experiments/optimization_utils.py:650:::  
Repetition no. 0


/home/daniel.z/ICML_PIECLAM_020425/experiments/../trainer.py:161:::  

Using dataset specific configuration and not global 




/home/daniel.z/ICML_PIECLAM_020425/experiments/../trainer.py:335:::  

 2025-05-28 04:12:43 starting optimization of pieclam on texas on device cuda

 configs_dict: 
{
    "clamiter_init": {
        "dim_feat": 50,
        "dim_attr": 100,
        "s_reg": 0.0,
        "l1_reg": 1,
        "T": 1,
        "hidden_dim": 64,
        "num_coupling_blocks": 32,
        "num_layers_mlp": 2
    },
    "feat_opt": {
        "lr": 5e-07,
        "n_iter": 1000,
        "early_stop": 0
    },
    "prior_opt": {
        "n_iter": 2000,
        "lr": 5e-06,
        "noise_amp": 0.05,
        "weight_decay": 0.1,
        "early_stop": 0
    },
    "back_forth": {
        "n_back_forth": 7,
        "scheduler_step_size": 3,
        "scheduler_gamma": 0.5,
        "early_stop_fit": 0,
        "first_func_in_fit": "fit_prior"
    }
}


/home/daniel.z/ICML_PIECLAM_020425/experiments/../clamiter.py:567:::  

in fit,
first_func_in_fit='fit_prior'
second_function_name='fit_feats'


/home/daniel.z/ICML_PIECLAM_020425/experiments/../clamiter.py:629:::  

back and forth 1/7


/home/daniel.z/ICML_PIECLAM_020425/experiments/../clamiter.py:365:::  
staring fit_prior for 2000 iterations


/home/daniel.z/ICML_PIECLAM_020425/experiments/../clamiter.py:365:::  
staring fit_feats for 1000 iterations


/home/daniel.z/ICML_PIECLAM_020425/experiments/../clamiter.py:629:::  

back and forth 2/7


/home/daniel.z/ICML_PIECLAM_020425/experiments/../clamiter.py:365:::  
staring fit_prior for 2000 iterations


/home/daniel.z/ICML_PIECLAM_020425/experiments/../clamiter.py:365:::  
staring fit_feats for 1000 iterations


/home/daniel.z/ICML_PIECLAM_020425/experiments/../clamiter.py:629:::  

back and forth 3/7


/home/daniel.z/ICML_PIECLAM_020425/experiments/../clamiter.py:365:::  
staring fit_prior for 2000 iterations


/home/daniel.z/ICML_PIECLAM_020425/experiments/../clamiter.py:365:::  
staring fit_feats for 1000 iterations


/home/daniel.z/ICML_PIECLAM_020425/experiments/../clamiter.py:629:::  

back and forth 4/7


/home/daniel.z/ICML_PIECLAM_020425/experiments/../clamiter.py:365:::  
staring fit_prior for 2000 iterations


/home/daniel.z/ICML_PIECLAM_020425/experiments/../clamiter.py:365:::  
staring fit_feats for 1000 iterations


/home/daniel.z/ICML_PIECLAM_020425/experiments/../clamiter.py:629:::  

back and forth 5/7


/home/daniel.z/ICML_PIECLAM_020425/experiments/../clamiter.py:365:::  
staring fit_prior for 2000 iterations


/home/daniel.z/ICML_PIECLAM_020425/experiments/../clamiter.py:365:::  
staring fit_feats for 1000 iterations


/home/daniel.z/ICML_PIECLAM_020425/experiments/../clamiter.py:629:::  

back and forth 6/7


/home/daniel.z/ICML_PIECLAM_020425/experiments/../clamiter.py:365:::  
staring fit_prior for 2000 iterations


/home/daniel.z/ICML_PIECLAM_020425/experiments/../clamiter.py:365:::  
staring fit_feats for 1000 iterations


/home/daniel.z/ICML_PIECLAM_020425/experiments/../clamiter.py:629:::  

back and forth 7/7


/home/daniel.z/ICML_PIECLAM_020425/experiments/../clamiter.py:365:::  
staring fit_prior for 2000 iterations


/home/daniel.z/ICML_PIECLAM_020425/experiments/../clamiter.py:365:::  
staring fit_feats for 1000 iterations


/home/daniel.z/ICML_PIECLAM_020425/experiments/../clamiter.py:704:::  

fit end


/home/daniel.z/ICML_PIECLAM_020425/experiments/../trainer.py:438:::  



FINISHED train 
 last accuracies:
test
key='auc': 0.7414254642797389
val
key='auc': 0.7029505582137161




/home/daniel.z/ICML_PIECLAM_020425/experiments/../trainer.py:454:::  

train_model_on_params on pieclam texas 
took 2345.670484304428 seconds


/home/daniel.z/ICML_PIECLAM_020425/experiments/optimization_utils.py:650:::  
Repetition no. 0


/home/daniel.z/ICML_PIECLAM_020425/experiments/../trainer.py:161:::  

Using dataset specific configuration and not global 




/home/daniel.z/ICML_PIECLAM_020425/experiments/../trainer.py:335:::  

 2025-05-28 04:51:49 starting optimization of pieclam on texas on device cuda

 configs_dict: 
{
    "clamiter_init": {
        "dim_feat": 20,
        "dim_attr": 100,
        "s_reg": 0.0,
        "l1_reg": 1,
        "T": 1,
        "hidden_dim": 64,
        "num_coupling_blocks": 32,
        "num_layers_mlp": 2
    },
    "feat_opt": {
        "lr": 5e-07,
        "n_iter": 500,
        "early_stop": 0
    },
    "prior_opt": {
        "n_iter": 2000,
        "lr": 5e-06,
        "noise_amp": 0.05,
        "weight_decay": 0.1,
        "early_stop": 0
    },
    "back_forth": {
        "n_back_forth": 7,
        "scheduler_step_size": 3,
        "scheduler_gamma": 0.5,
        "early_stop_fit": 0,
        "first_func_in_fit": "fit_prior"
    }
}


/home/daniel.z/ICML_PIECLAM_020425/experiments/../clamiter.py:567:::  

in fit,
first_func_in_fit='fit_prior'
second_function_name='fit_feats'


/home/daniel.z/ICML_PIECLAM_020425/experiments/../clamiter.py:629:::  

back and forth 1/7


/home/daniel.z/ICML_PIECLAM_020425/experiments/../clamiter.py:365:::  
staring fit_prior for 2000 iterations


/home/daniel.z/ICML_PIECLAM_020425/experiments/../clamiter.py:365:::  
staring fit_feats for 500 iterations


/home/daniel.z/ICML_PIECLAM_020425/experiments/../clamiter.py:629:::  

back and forth 2/7


/home/daniel.z/ICML_PIECLAM_020425/experiments/../clamiter.py:365:::  
staring fit_prior for 2000 iterations


/home/daniel.z/ICML_PIECLAM_020425/experiments/../clamiter.py:365:::  
staring fit_feats for 500 iterations


/home/daniel.z/ICML_PIECLAM_020425/experiments/../clamiter.py:629:::  

back and forth 3/7


/home/daniel.z/ICML_PIECLAM_020425/experiments/../clamiter.py:365:::  
staring fit_prior for 2000 iterations


/home/daniel.z/ICML_PIECLAM_020425/experiments/../clamiter.py:365:::  
staring fit_feats for 500 iterations


/home/daniel.z/ICML_PIECLAM_020425/experiments/../clamiter.py:629:::  

back and forth 4/7


/home/daniel.z/ICML_PIECLAM_020425/experiments/../clamiter.py:365:::  
staring fit_prior for 2000 iterations


/home/daniel.z/ICML_PIECLAM_020425/experiments/../clamiter.py:365:::  
staring fit_feats for 500 iterations


/home/daniel.z/ICML_PIECLAM_020425/experiments/../clamiter.py:629:::  

back and forth 5/7


/home/daniel.z/ICML_PIECLAM_020425/experiments/../clamiter.py:365:::  
staring fit_prior for 2000 iterations


/home/daniel.z/ICML_PIECLAM_020425/experiments/../clamiter.py:365:::  
staring fit_feats for 500 iterations


/home/daniel.z/ICML_PIECLAM_020425/experiments/../clamiter.py:629:::  

back and forth 6/7


/home/daniel.z/ICML_PIECLAM_020425/experiments/../clamiter.py:365:::  
staring fit_prior for 2000 iterations


/home/daniel.z/ICML_PIECLAM_020425/experiments/../clamiter.py:365:::  
staring fit_feats for 500 iterations


/home/daniel.z/ICML_PIECLAM_020425/experiments/../clamiter.py:629:::  

back and forth 7/7


/home/daniel.z/ICML_PIECLAM_020425/experiments/../clamiter.py:365:::  
staring fit_prior for 2000 iterations


/home/daniel.z/ICML_PIECLAM_020425/experiments/../clamiter.py:365:::  
staring fit_feats for 500 iterations


/home/daniel.z/ICML_PIECLAM_020425/experiments/../clamiter.py:704:::  

fit end


/home/daniel.z/ICML_PIECLAM_020425/experiments/../trainer.py:438:::  



FINISHED train 
 last accuracies:
test
key='auc': 0.6657185879203613
val
key='auc': 0.748006379585327




/home/daniel.z/ICML_PIECLAM_020425/experiments/../trainer.py:454:::  

train_model_on_params on pieclam texas 
took 1726.5862696170807 seconds


/home/daniel.z/ICML_PIECLAM_020425/experiments/optimization_utils.py:650:::  
Repetition no. 0


/home/daniel.z/ICML_PIECLAM_020425/experiments/../trainer.py:161:::  

Using dataset specific configuration and not global 




/home/daniel.z/ICML_PIECLAM_020425/experiments/../trainer.py:335:::  

 2025-05-28 05:20:36 starting optimization of pieclam on texas on device cuda

 configs_dict: 
{
    "clamiter_init": {
        "dim_feat": 20,
        "dim_attr": 100,
        "s_reg": 0.0,
        "l1_reg": 1,
        "T": 1,
        "hidden_dim": 64,
        "num_coupling_blocks": 32,
        "num_layers_mlp": 2
    },
    "feat_opt": {
        "lr": 5e-06,
        "n_iter": 1000,
        "early_stop": 0
    },
    "prior_opt": {
        "n_iter": 2000,
        "lr": 5e-06,
        "noise_amp": 0.05,
        "weight_decay": 0.1,
        "early_stop": 0
    },
    "back_forth": {
        "n_back_forth": 7,
        "scheduler_step_size": 3,
        "scheduler_gamma": 0.5,
        "early_stop_fit": 0,
        "first_func_in_fit": "fit_prior"
    }
}


/home/daniel.z/ICML_PIECLAM_020425/experiments/../clamiter.py:567:::  

in fit,
first_func_in_fit='fit_prior'
second_function_name='fit_feats'


/home/daniel.z/ICML_PIECLAM_020425/experiments/../clamiter.py:629:::  

back and forth 1/7


/home/daniel.z/ICML_PIECLAM_020425/experiments/../clamiter.py:365:::  
staring fit_prior for 2000 iterations


/home/daniel.z/ICML_PIECLAM_020425/experiments/../clamiter.py:365:::  
staring fit_feats for 1000 iterations


/home/daniel.z/ICML_PIECLAM_020425/experiments/../clamiter.py:629:::  

back and forth 2/7


/home/daniel.z/ICML_PIECLAM_020425/experiments/../clamiter.py:365:::  
staring fit_prior for 2000 iterations


/home/daniel.z/ICML_PIECLAM_020425/experiments/../clamiter.py:365:::  
staring fit_feats for 1000 iterations


/home/daniel.z/ICML_PIECLAM_020425/experiments/../clamiter.py:629:::  

back and forth 3/7


/home/daniel.z/ICML_PIECLAM_020425/experiments/../clamiter.py:365:::  
staring fit_prior for 2000 iterations


/home/daniel.z/ICML_PIECLAM_020425/experiments/../clamiter.py:365:::  
staring fit_feats for 1000 iterations


/home/daniel.z/ICML_PIECLAM_020425/experiments/../clamiter.py:629:::  

back and forth 4/7


/home/daniel.z/ICML_PIECLAM_020425/experiments/../clamiter.py:365:::  
staring fit_prior for 2000 iterations


/home/daniel.z/ICML_PIECLAM_020425/experiments/../clamiter.py:365:::  
staring fit_feats for 1000 iterations


/home/daniel.z/ICML_PIECLAM_020425/experiments/../clamiter.py:629:::  

back and forth 5/7


/home/daniel.z/ICML_PIECLAM_020425/experiments/../clamiter.py:365:::  
staring fit_prior for 2000 iterations


/home/daniel.z/ICML_PIECLAM_020425/experiments/../clamiter.py:365:::  
staring fit_feats for 1000 iterations


/home/daniel.z/ICML_PIECLAM_020425/experiments/../clamiter.py:629:::  

back and forth 6/7


/home/daniel.z/ICML_PIECLAM_020425/experiments/../clamiter.py:365:::  
staring fit_prior for 2000 iterations


/home/daniel.z/ICML_PIECLAM_020425/experiments/../clamiter.py:365:::  
staring fit_feats for 1000 iterations


/home/daniel.z/ICML_PIECLAM_020425/experiments/../clamiter.py:629:::  

back and forth 7/7


/home/daniel.z/ICML_PIECLAM_020425/experiments/../clamiter.py:365:::  
staring fit_prior for 2000 iterations


/home/daniel.z/ICML_PIECLAM_020425/experiments/../clamiter.py:365:::  
staring fit_feats for 1000 iterations


/home/daniel.z/ICML_PIECLAM_020425/experiments/../clamiter.py:704:::  

fit end


/home/daniel.z/ICML_PIECLAM_020425/experiments/../trainer.py:438:::  



FINISHED train 
 last accuracies:
test
key='auc': 0.8566170319558306
val
key='auc': 0.8764262053735737




/home/daniel.z/ICML_PIECLAM_020425/experiments/../trainer.py:454:::  

train_model_on_params on pieclam texas 
took 2043.9095542430878 seconds


/home/daniel.z/ICML_PIECLAM_020425/experiments/optimization_utils.py:724:::  


Finished CrossVal!




/home/daniel.z/ICML_PIECLAM_020425/experiments/optimization_utils.py:512:::  
On test set split_03-16_02-05-25 of texas,pieclam
 ======================


/home/daniel.z/ICML_PIECLAM_020425/experiments/optimization_utils.py:628:::  
RunSaver defined to acc_configs path /home/daniel.z/ICML_PIECLAM_020425/experiments/results/link_prediction/auc/texas/pieclam/split_03-16_02-05-25/valid/acc_configs05-54_28-05-25.json


/home/daniel.z/ICML_PIECLAM_020425/experiments/optimization_utils.py:650:::  
Repetition no. 0


/home/daniel.z/ICML_PIECLAM_020425/experiments/../trainer.py:161:::  

Using dataset specific configuration and not global 




/home/daniel.z/ICML_PIECLAM_020425/experiments/../trainer.py:335:::  

 2025-05-28 05:54:40 starting optimization of pieclam on texas on device cuda

 configs_dict: 
{
    "clamiter_init": {
        "dim_feat": 100,
        "dim_attr": 100,
        "s_reg": 0.0,
        "l1_reg": 1,
        "T": 1,
        "hidden_dim": 64,
        "num_coupling_blocks": 32,
        "num_layers_mlp": 2
    },
    "feat_opt": {
        "lr": 5e-06,
        "n_iter": 500,
        "early_stop": 0
    },
    "prior_opt": {
        "n_iter": 2000,
        "lr": 5e-06,
        "noise_amp": 0.05,
        "weight_decay": 0.1,
        "early_stop": 0
    },
    "back_forth": {
        "n_back_forth": 7,
        "scheduler_step_size": 3,
        "scheduler_gamma": 0.5,
        "early_stop_fit": 0,
        "first_func_in_fit": "fit_prior"
    }
}


/home/daniel.z/ICML_PIECLAM_020425/experiments/../clamiter.py:567:::  

in fit,
first_func_in_fit='fit_prior'
second_function_name='fit_feats'


/home/daniel.z/ICML_PIECLAM_020425/experiments/../clamiter.py:629:::  

back and forth 1/7


/home/daniel.z/ICML_PIECLAM_020425/experiments/../clamiter.py:365:::  
staring fit_prior for 2000 iterations


/home/daniel.z/ICML_PIECLAM_020425/experiments/../clamiter.py:365:::  
staring fit_feats for 500 iterations


/home/daniel.z/ICML_PIECLAM_020425/experiments/../clamiter.py:629:::  

back and forth 2/7


/home/daniel.z/ICML_PIECLAM_020425/experiments/../clamiter.py:365:::  
staring fit_prior for 2000 iterations


/home/daniel.z/ICML_PIECLAM_020425/experiments/../clamiter.py:365:::  
staring fit_feats for 500 iterations


/home/daniel.z/ICML_PIECLAM_020425/experiments/../clamiter.py:629:::  

back and forth 3/7


/home/daniel.z/ICML_PIECLAM_020425/experiments/../clamiter.py:365:::  
staring fit_prior for 2000 iterations


/home/daniel.z/ICML_PIECLAM_020425/experiments/../clamiter.py:365:::  
staring fit_feats for 500 iterations


/home/daniel.z/ICML_PIECLAM_020425/experiments/../clamiter.py:629:::  

back and forth 4/7


/home/daniel.z/ICML_PIECLAM_020425/experiments/../clamiter.py:365:::  
staring fit_prior for 2000 iterations


/home/daniel.z/ICML_PIECLAM_020425/experiments/../clamiter.py:365:::  
staring fit_feats for 500 iterations


/home/daniel.z/ICML_PIECLAM_020425/experiments/../clamiter.py:629:::  

back and forth 5/7


/home/daniel.z/ICML_PIECLAM_020425/experiments/../clamiter.py:365:::  
staring fit_prior for 2000 iterations


/home/daniel.z/ICML_PIECLAM_020425/experiments/../clamiter.py:365:::  
staring fit_feats for 500 iterations


/home/daniel.z/ICML_PIECLAM_020425/experiments/../clamiter.py:629:::  

back and forth 6/7


/home/daniel.z/ICML_PIECLAM_020425/experiments/../clamiter.py:365:::  
staring fit_prior for 2000 iterations


/home/daniel.z/ICML_PIECLAM_020425/experiments/../clamiter.py:365:::  
staring fit_feats for 500 iterations


/home/daniel.z/ICML_PIECLAM_020425/experiments/../clamiter.py:629:::  

back and forth 7/7


/home/daniel.z/ICML_PIECLAM_020425/experiments/../clamiter.py:365:::  
staring fit_prior for 2000 iterations


/home/daniel.z/ICML_PIECLAM_020425/experiments/../clamiter.py:365:::  
staring fit_feats for 500 iterations


/home/daniel.z/ICML_PIECLAM_020425/experiments/../clamiter.py:704:::  

fit end


/home/daniel.z/ICML_PIECLAM_020425/experiments/../trainer.py:438:::  



FINISHED train 
 last accuracies:
test
key='auc': 0.7638595006347864
val
key='auc': 0.8470671628566365




/home/daniel.z/ICML_PIECLAM_020425/experiments/../trainer.py:454:::  

train_model_on_params on pieclam texas 
took 1717.6989481449127 seconds


/home/daniel.z/ICML_PIECLAM_020425/experiments/optimization_utils.py:650:::  
Repetition no. 0


/home/daniel.z/ICML_PIECLAM_020425/experiments/../trainer.py:161:::  

Using dataset specific configuration and not global 




/home/daniel.z/ICML_PIECLAM_020425/experiments/../trainer.py:335:::  

 2025-05-28 06:23:18 starting optimization of pieclam on texas on device cuda

 configs_dict: 
{
    "clamiter_init": {
        "dim_feat": 100,
        "dim_attr": 100,
        "s_reg": 0.0,
        "l1_reg": 1,
        "T": 1,
        "hidden_dim": 64,
        "num_coupling_blocks": 32,
        "num_layers_mlp": 2
    },
    "feat_opt": {
        "lr": 5e-07,
        "n_iter": 500,
        "early_stop": 0
    },
    "prior_opt": {
        "n_iter": 2000,
        "lr": 5e-06,
        "noise_amp": 0.05,
        "weight_decay": 0.1,
        "early_stop": 0
    },
    "back_forth": {
        "n_back_forth": 7,
        "scheduler_step_size": 3,
        "scheduler_gamma": 0.5,
        "early_stop_fit": 0,
        "first_func_in_fit": "fit_prior"
    }
}


/home/daniel.z/ICML_PIECLAM_020425/experiments/../clamiter.py:567:::  

in fit,
first_func_in_fit='fit_prior'
second_function_name='fit_feats'


/home/daniel.z/ICML_PIECLAM_020425/experiments/../clamiter.py:629:::  

back and forth 1/7


/home/daniel.z/ICML_PIECLAM_020425/experiments/../clamiter.py:365:::  
staring fit_prior for 2000 iterations


/home/daniel.z/ICML_PIECLAM_020425/experiments/../clamiter.py:365:::  
staring fit_feats for 500 iterations


/home/daniel.z/ICML_PIECLAM_020425/experiments/../clamiter.py:629:::  

back and forth 2/7


/home/daniel.z/ICML_PIECLAM_020425/experiments/../clamiter.py:365:::  
staring fit_prior for 2000 iterations


/home/daniel.z/ICML_PIECLAM_020425/experiments/../clamiter.py:365:::  
staring fit_feats for 500 iterations


/home/daniel.z/ICML_PIECLAM_020425/experiments/../clamiter.py:629:::  

back and forth 3/7


/home/daniel.z/ICML_PIECLAM_020425/experiments/../clamiter.py:365:::  
staring fit_prior for 2000 iterations


/home/daniel.z/ICML_PIECLAM_020425/experiments/../clamiter.py:365:::  
staring fit_feats for 500 iterations


/home/daniel.z/ICML_PIECLAM_020425/experiments/../clamiter.py:629:::  

back and forth 4/7


/home/daniel.z/ICML_PIECLAM_020425/experiments/../clamiter.py:365:::  
staring fit_prior for 2000 iterations


/home/daniel.z/ICML_PIECLAM_020425/experiments/../clamiter.py:365:::  
staring fit_feats for 500 iterations


/home/daniel.z/ICML_PIECLAM_020425/experiments/../clamiter.py:629:::  

back and forth 5/7


/home/daniel.z/ICML_PIECLAM_020425/experiments/../clamiter.py:365:::  
staring fit_prior for 2000 iterations


/home/daniel.z/ICML_PIECLAM_020425/experiments/../clamiter.py:365:::  
staring fit_feats for 500 iterations


/home/daniel.z/ICML_PIECLAM_020425/experiments/../clamiter.py:629:::  

back and forth 6/7


/home/daniel.z/ICML_PIECLAM_020425/experiments/../clamiter.py:365:::  
staring fit_prior for 2000 iterations


/home/daniel.z/ICML_PIECLAM_020425/experiments/../clamiter.py:365:::  
staring fit_feats for 500 iterations


/home/daniel.z/ICML_PIECLAM_020425/experiments/../clamiter.py:629:::  

back and forth 7/7


/home/daniel.z/ICML_PIECLAM_020425/experiments/../clamiter.py:365:::  
staring fit_prior for 2000 iterations


/home/daniel.z/ICML_PIECLAM_020425/experiments/../clamiter.py:365:::  
staring fit_feats for 500 iterations


/home/daniel.z/ICML_PIECLAM_020425/experiments/../clamiter.py:704:::  

fit end


/home/daniel.z/ICML_PIECLAM_020425/experiments/../trainer.py:438:::  



FINISHED train 
 last accuracies:
test
key='auc': 0.5
val
key='auc': 0.5




/home/daniel.z/ICML_PIECLAM_020425/experiments/../trainer.py:454:::  

train_model_on_params on pieclam texas 
took 1873.426429271698 seconds


/home/daniel.z/ICML_PIECLAM_020425/experiments/optimization_utils.py:650:::  
Repetition no. 0


/home/daniel.z/ICML_PIECLAM_020425/experiments/../trainer.py:161:::  

Using dataset specific configuration and not global 




/home/daniel.z/ICML_PIECLAM_020425/experiments/../trainer.py:335:::  

 2025-05-28 06:54:31 starting optimization of pieclam on texas on device cuda

 configs_dict: 
{
    "clamiter_init": {
        "dim_feat": 20,
        "dim_attr": 100,
        "s_reg": 0.0,
        "l1_reg": 1,
        "T": 1,
        "hidden_dim": 64,
        "num_coupling_blocks": 32,
        "num_layers_mlp": 2
    },
    "feat_opt": {
        "lr": 5e-07,
        "n_iter": 3000,
        "early_stop": 0
    },
    "prior_opt": {
        "n_iter": 2000,
        "lr": 5e-06,
        "noise_amp": 0.05,
        "weight_decay": 0.1,
        "early_stop": 0
    },
    "back_forth": {
        "n_back_forth": 7,
        "scheduler_step_size": 3,
        "scheduler_gamma": 0.5,
        "early_stop_fit": 0,
        "first_func_in_fit": "fit_prior"
    }
}


/home/daniel.z/ICML_PIECLAM_020425/experiments/../clamiter.py:567:::  

in fit,
first_func_in_fit='fit_prior'
second_function_name='fit_feats'


/home/daniel.z/ICML_PIECLAM_020425/experiments/../clamiter.py:629:::  

back and forth 1/7


/home/daniel.z/ICML_PIECLAM_020425/experiments/../clamiter.py:365:::  
staring fit_prior for 2000 iterations


/home/daniel.z/ICML_PIECLAM_020425/experiments/../clamiter.py:365:::  
staring fit_feats for 3000 iterations


/home/daniel.z/ICML_PIECLAM_020425/experiments/../clamiter.py:629:::  

back and forth 2/7


/home/daniel.z/ICML_PIECLAM_020425/experiments/../clamiter.py:365:::  
staring fit_prior for 2000 iterations


/home/daniel.z/ICML_PIECLAM_020425/experiments/../clamiter.py:365:::  
staring fit_feats for 3000 iterations


/home/daniel.z/ICML_PIECLAM_020425/experiments/../clamiter.py:629:::  

back and forth 3/7


/home/daniel.z/ICML_PIECLAM_020425/experiments/../clamiter.py:365:::  
staring fit_prior for 2000 iterations


/home/daniel.z/ICML_PIECLAM_020425/experiments/../clamiter.py:365:::  
staring fit_feats for 3000 iterations


/home/daniel.z/ICML_PIECLAM_020425/experiments/../clamiter.py:629:::  

back and forth 4/7


/home/daniel.z/ICML_PIECLAM_020425/experiments/../clamiter.py:365:::  
staring fit_prior for 2000 iterations


/home/daniel.z/ICML_PIECLAM_020425/experiments/../clamiter.py:365:::  
staring fit_feats for 3000 iterations


/home/daniel.z/ICML_PIECLAM_020425/experiments/../clamiter.py:629:::  

back and forth 5/7


/home/daniel.z/ICML_PIECLAM_020425/experiments/../clamiter.py:365:::  
staring fit_prior for 2000 iterations


/home/daniel.z/ICML_PIECLAM_020425/experiments/../clamiter.py:365:::  
staring fit_feats for 3000 iterations


/home/daniel.z/ICML_PIECLAM_020425/experiments/../clamiter.py:629:::  

back and forth 6/7


/home/daniel.z/ICML_PIECLAM_020425/experiments/../clamiter.py:365:::  
staring fit_prior for 2000 iterations


/home/daniel.z/ICML_PIECLAM_020425/experiments/../clamiter.py:365:::  
staring fit_feats for 3000 iterations


/home/daniel.z/ICML_PIECLAM_020425/experiments/../clamiter.py:629:::  

back and forth 7/7


/home/daniel.z/ICML_PIECLAM_020425/experiments/../clamiter.py:365:::  
staring fit_prior for 2000 iterations


/home/daniel.z/ICML_PIECLAM_020425/experiments/../clamiter.py:365:::  
staring fit_feats for 3000 iterations


/home/daniel.z/ICML_PIECLAM_020425/experiments/../clamiter.py:704:::  

fit end


/home/daniel.z/ICML_PIECLAM_020425/experiments/../trainer.py:438:::  



FINISHED train 
 last accuracies:
test
key='auc': 0.8836225137537028
val
key='auc': 0.7188075082811926




/home/daniel.z/ICML_PIECLAM_020425/experiments/../trainer.py:454:::  

train_model_on_params on pieclam texas 
took 4305.667014598846 seconds


/home/daniel.z/ICML_PIECLAM_020425/experiments/optimization_utils.py:650:::  
Repetition no. 0


/home/daniel.z/ICML_PIECLAM_020425/experiments/../trainer.py:161:::  

Using dataset specific configuration and not global 




/home/daniel.z/ICML_PIECLAM_020425/experiments/../trainer.py:335:::  

 2025-05-28 08:06:17 starting optimization of pieclam on texas on device cuda

 configs_dict: 
{
    "clamiter_init": {
        "dim_feat": 50,
        "dim_attr": 100,
        "s_reg": 0.0,
        "l1_reg": 1,
        "T": 1,
        "hidden_dim": 64,
        "num_coupling_blocks": 32,
        "num_layers_mlp": 2
    },
    "feat_opt": {
        "lr": 5e-06,
        "n_iter": 1000,
        "early_stop": 0
    },
    "prior_opt": {
        "n_iter": 2000,
        "lr": 5e-06,
        "noise_amp": 0.05,
        "weight_decay": 0.1,
        "early_stop": 0
    },
    "back_forth": {
        "n_back_forth": 7,
        "scheduler_step_size": 3,
        "scheduler_gamma": 0.5,
        "early_stop_fit": 0,
        "first_func_in_fit": "fit_prior"
    }
}


/home/daniel.z/ICML_PIECLAM_020425/experiments/../clamiter.py:567:::  

in fit,
first_func_in_fit='fit_prior'
second_function_name='fit_feats'


/home/daniel.z/ICML_PIECLAM_020425/experiments/../clamiter.py:629:::  

back and forth 1/7


/home/daniel.z/ICML_PIECLAM_020425/experiments/../clamiter.py:365:::  
staring fit_prior for 2000 iterations


/home/daniel.z/ICML_PIECLAM_020425/experiments/../clamiter.py:365:::  
staring fit_feats for 1000 iterations


/home/daniel.z/ICML_PIECLAM_020425/experiments/../clamiter.py:629:::  

back and forth 2/7


/home/daniel.z/ICML_PIECLAM_020425/experiments/../clamiter.py:365:::  
staring fit_prior for 2000 iterations


/home/daniel.z/ICML_PIECLAM_020425/experiments/../clamiter.py:365:::  
staring fit_feats for 1000 iterations


/home/daniel.z/ICML_PIECLAM_020425/experiments/../clamiter.py:629:::  

back and forth 3/7


/home/daniel.z/ICML_PIECLAM_020425/experiments/../clamiter.py:365:::  
staring fit_prior for 2000 iterations


/home/daniel.z/ICML_PIECLAM_020425/experiments/../clamiter.py:365:::  
staring fit_feats for 1000 iterations


/home/daniel.z/ICML_PIECLAM_020425/experiments/../clamiter.py:629:::  

back and forth 4/7


/home/daniel.z/ICML_PIECLAM_020425/experiments/../clamiter.py:365:::  
staring fit_prior for 2000 iterations


/home/daniel.z/ICML_PIECLAM_020425/experiments/../clamiter.py:365:::  
staring fit_feats for 1000 iterations


/home/daniel.z/ICML_PIECLAM_020425/experiments/../clamiter.py:629:::  

back and forth 5/7


/home/daniel.z/ICML_PIECLAM_020425/experiments/../clamiter.py:365:::  
staring fit_prior for 2000 iterations


/home/daniel.z/ICML_PIECLAM_020425/experiments/../clamiter.py:365:::  
staring fit_feats for 1000 iterations


/home/daniel.z/ICML_PIECLAM_020425/experiments/../clamiter.py:629:::  

back and forth 6/7


/home/daniel.z/ICML_PIECLAM_020425/experiments/../clamiter.py:365:::  
staring fit_prior for 2000 iterations


/home/daniel.z/ICML_PIECLAM_020425/experiments/../clamiter.py:365:::  
staring fit_feats for 1000 iterations


/home/daniel.z/ICML_PIECLAM_020425/experiments/../clamiter.py:629:::  

back and forth 7/7


/home/daniel.z/ICML_PIECLAM_020425/experiments/../clamiter.py:365:::  
staring fit_prior for 2000 iterations


/home/daniel.z/ICML_PIECLAM_020425/experiments/../clamiter.py:365:::  
staring fit_feats for 1000 iterations


/home/daniel.z/ICML_PIECLAM_020425/experiments/../clamiter.py:704:::  

fit end


/home/daniel.z/ICML_PIECLAM_020425/experiments/../trainer.py:438:::  



FINISHED train 
 last accuracies:
test
key='auc': 0.8446889547185781
val
key='auc': 0.7771701982228298




/home/daniel.z/ICML_PIECLAM_020425/experiments/../trainer.py:454:::  

train_model_on_params on pieclam texas 
took 2180.0762627124786 seconds


/home/daniel.z/ICML_PIECLAM_020425/experiments/optimization_utils.py:650:::  
Repetition no. 0


/home/daniel.z/ICML_PIECLAM_020425/experiments/../trainer.py:161:::  

Using dataset specific configuration and not global 




/home/daniel.z/ICML_PIECLAM_020425/experiments/../trainer.py:335:::  

 2025-05-28 08:42:37 starting optimization of pieclam on texas on device cuda

 configs_dict: 
{
    "clamiter_init": {
        "dim_feat": 20,
        "dim_attr": 100,
        "s_reg": 0.0,
        "l1_reg": 1,
        "T": 1,
        "hidden_dim": 64,
        "num_coupling_blocks": 32,
        "num_layers_mlp": 2
    },
    "feat_opt": {
        "lr": 5e-06,
        "n_iter": 3000,
        "early_stop": 0
    },
    "prior_opt": {
        "n_iter": 2000,
        "lr": 5e-06,
        "noise_amp": 0.05,
        "weight_decay": 0.1,
        "early_stop": 0
    },
    "back_forth": {
        "n_back_forth": 7,
        "scheduler_step_size": 3,
        "scheduler_gamma": 0.5,
        "early_stop_fit": 0,
        "first_func_in_fit": "fit_prior"
    }
}


/home/daniel.z/ICML_PIECLAM_020425/experiments/../clamiter.py:567:::  

in fit,
first_func_in_fit='fit_prior'
second_function_name='fit_feats'


/home/daniel.z/ICML_PIECLAM_020425/experiments/../clamiter.py:629:::  

back and forth 1/7


/home/daniel.z/ICML_PIECLAM_020425/experiments/../clamiter.py:365:::  
staring fit_prior for 2000 iterations


/home/daniel.z/ICML_PIECLAM_020425/experiments/../clamiter.py:365:::  
staring fit_feats for 3000 iterations


/home/daniel.z/ICML_PIECLAM_020425/experiments/../clamiter.py:629:::  

back and forth 2/7


/home/daniel.z/ICML_PIECLAM_020425/experiments/../clamiter.py:365:::  
staring fit_prior for 2000 iterations


/home/daniel.z/ICML_PIECLAM_020425/experiments/../clamiter.py:365:::  
staring fit_feats for 3000 iterations


/home/daniel.z/ICML_PIECLAM_020425/experiments/../clamiter.py:629:::  

back and forth 3/7


/home/daniel.z/ICML_PIECLAM_020425/experiments/../clamiter.py:365:::  
staring fit_prior for 2000 iterations


/home/daniel.z/ICML_PIECLAM_020425/experiments/../clamiter.py:365:::  
staring fit_feats for 3000 iterations


/home/daniel.z/ICML_PIECLAM_020425/experiments/../clamiter.py:629:::  

back and forth 4/7


/home/daniel.z/ICML_PIECLAM_020425/experiments/../clamiter.py:365:::  
staring fit_prior for 2000 iterations


/home/daniel.z/ICML_PIECLAM_020425/experiments/../clamiter.py:365:::  
staring fit_feats for 3000 iterations


/home/daniel.z/ICML_PIECLAM_020425/experiments/../clamiter.py:629:::  

back and forth 5/7


/home/daniel.z/ICML_PIECLAM_020425/experiments/../clamiter.py:365:::  
staring fit_prior for 2000 iterations


/home/daniel.z/ICML_PIECLAM_020425/experiments/../clamiter.py:365:::  
staring fit_feats for 3000 iterations


/home/daniel.z/ICML_PIECLAM_020425/experiments/../clamiter.py:629:::  

back and forth 6/7


/home/daniel.z/ICML_PIECLAM_020425/experiments/../clamiter.py:365:::  
staring fit_prior for 2000 iterations


/home/daniel.z/ICML_PIECLAM_020425/experiments/../clamiter.py:365:::  
staring fit_feats for 3000 iterations


/home/daniel.z/ICML_PIECLAM_020425/experiments/../clamiter.py:629:::  

back and forth 7/7


/home/daniel.z/ICML_PIECLAM_020425/experiments/../clamiter.py:365:::  
staring fit_prior for 2000 iterations


/home/daniel.z/ICML_PIECLAM_020425/experiments/../clamiter.py:365:::  
staring fit_feats for 3000 iterations


/home/daniel.z/ICML_PIECLAM_020425/experiments/../clamiter.py:704:::  

fit end


/home/daniel.z/ICML_PIECLAM_020425/experiments/../trainer.py:438:::  



FINISHED train 
 last accuracies:
test
key='auc': 0.8946254760897164
val
key='auc': 0.727020901536137




/home/daniel.z/ICML_PIECLAM_020425/experiments/../trainer.py:454:::  

train_model_on_params on pieclam texas 
took 4158.978968143463 seconds


/home/daniel.z/ICML_PIECLAM_020425/experiments/optimization_utils.py:650:::  
Repetition no. 0


/home/daniel.z/ICML_PIECLAM_020425/experiments/../trainer.py:161:::  

Using dataset specific configuration and not global 




/home/daniel.z/ICML_PIECLAM_020425/experiments/../trainer.py:335:::  

 2025-05-28 09:51:56 starting optimization of pieclam on texas on device cuda

 configs_dict: 
{
    "clamiter_init": {
        "dim_feat": 50,
        "dim_attr": 100,
        "s_reg": 0.0,
        "l1_reg": 1,
        "T": 1,
        "hidden_dim": 64,
        "num_coupling_blocks": 32,
        "num_layers_mlp": 2
    },
    "feat_opt": {
        "lr": 5e-06,
        "n_iter": 500,
        "early_stop": 0
    },
    "prior_opt": {
        "n_iter": 2000,
        "lr": 5e-06,
        "noise_amp": 0.05,
        "weight_decay": 0.1,
        "early_stop": 0
    },
    "back_forth": {
        "n_back_forth": 7,
        "scheduler_step_size": 3,
        "scheduler_gamma": 0.5,
        "early_stop_fit": 0,
        "first_func_in_fit": "fit_prior"
    }
}


/home/daniel.z/ICML_PIECLAM_020425/experiments/../clamiter.py:567:::  

in fit,
first_func_in_fit='fit_prior'
second_function_name='fit_feats'


/home/daniel.z/ICML_PIECLAM_020425/experiments/../clamiter.py:629:::  

back and forth 1/7


/home/daniel.z/ICML_PIECLAM_020425/experiments/../clamiter.py:365:::  
staring fit_prior for 2000 iterations


/home/daniel.z/ICML_PIECLAM_020425/experiments/../clamiter.py:365:::  
staring fit_feats for 500 iterations


/home/daniel.z/ICML_PIECLAM_020425/experiments/../clamiter.py:629:::  

back and forth 2/7


/home/daniel.z/ICML_PIECLAM_020425/experiments/../clamiter.py:365:::  
staring fit_prior for 2000 iterations


/home/daniel.z/ICML_PIECLAM_020425/experiments/../clamiter.py:365:::  
staring fit_feats for 500 iterations


/home/daniel.z/ICML_PIECLAM_020425/experiments/../clamiter.py:629:::  

back and forth 3/7


/home/daniel.z/ICML_PIECLAM_020425/experiments/../clamiter.py:365:::  
staring fit_prior for 2000 iterations


/home/daniel.z/ICML_PIECLAM_020425/experiments/../clamiter.py:365:::  
staring fit_feats for 500 iterations


/home/daniel.z/ICML_PIECLAM_020425/experiments/../clamiter.py:629:::  

back and forth 4/7


/home/daniel.z/ICML_PIECLAM_020425/experiments/../clamiter.py:365:::  
staring fit_prior for 2000 iterations


/home/daniel.z/ICML_PIECLAM_020425/experiments/../clamiter.py:365:::  
staring fit_feats for 500 iterations


/home/daniel.z/ICML_PIECLAM_020425/experiments/../clamiter.py:629:::  

back and forth 5/7


/home/daniel.z/ICML_PIECLAM_020425/experiments/../clamiter.py:365:::  
staring fit_prior for 2000 iterations


/home/daniel.z/ICML_PIECLAM_020425/experiments/../clamiter.py:365:::  
staring fit_feats for 500 iterations


/home/daniel.z/ICML_PIECLAM_020425/experiments/../clamiter.py:629:::  

back and forth 6/7


/home/daniel.z/ICML_PIECLAM_020425/experiments/../clamiter.py:365:::  
staring fit_prior for 2000 iterations


/home/daniel.z/ICML_PIECLAM_020425/experiments/../clamiter.py:365:::  
staring fit_feats for 500 iterations


/home/daniel.z/ICML_PIECLAM_020425/experiments/../clamiter.py:629:::  

back and forth 7/7


/home/daniel.z/ICML_PIECLAM_020425/experiments/../clamiter.py:365:::  
staring fit_prior for 2000 iterations


/home/daniel.z/ICML_PIECLAM_020425/experiments/../clamiter.py:365:::  
staring fit_feats for 500 iterations


/home/daniel.z/ICML_PIECLAM_020425/experiments/../clamiter.py:704:::  

fit end


/home/daniel.z/ICML_PIECLAM_020425/experiments/../trainer.py:438:::  



FINISHED train 
 last accuracies:
test
key='auc': 0.8624629707998306
val
key='auc': 0.776555023923445




/home/daniel.z/ICML_PIECLAM_020425/experiments/../trainer.py:454:::  

train_model_on_params on pieclam texas 
took 1910.3543736934662 seconds


/home/daniel.z/ICML_PIECLAM_020425/experiments/optimization_utils.py:650:::  
Repetition no. 0


/home/daniel.z/ICML_PIECLAM_020425/experiments/../trainer.py:161:::  

Using dataset specific configuration and not global 




/home/daniel.z/ICML_PIECLAM_020425/experiments/../trainer.py:335:::  

 2025-05-28 10:23:47 starting optimization of pieclam on texas on device cuda

 configs_dict: 
{
    "clamiter_init": {
        "dim_feat": 100,
        "dim_attr": 100,
        "s_reg": 0.0,
        "l1_reg": 1,
        "T": 1,
        "hidden_dim": 64,
        "num_coupling_blocks": 32,
        "num_layers_mlp": 2
    },
    "feat_opt": {
        "lr": 5e-07,
        "n_iter": 3000,
        "early_stop": 0
    },
    "prior_opt": {
        "n_iter": 2000,
        "lr": 5e-06,
        "noise_amp": 0.05,
        "weight_decay": 0.1,
        "early_stop": 0
    },
    "back_forth": {
        "n_back_forth": 7,
        "scheduler_step_size": 3,
        "scheduler_gamma": 0.5,
        "early_stop_fit": 0,
        "first_func_in_fit": "fit_prior"
    }
}


/home/daniel.z/ICML_PIECLAM_020425/experiments/../clamiter.py:567:::  

in fit,
first_func_in_fit='fit_prior'
second_function_name='fit_feats'


/home/daniel.z/ICML_PIECLAM_020425/experiments/../clamiter.py:629:::  

back and forth 1/7


/home/daniel.z/ICML_PIECLAM_020425/experiments/../clamiter.py:365:::  
staring fit_prior for 2000 iterations


/home/daniel.z/ICML_PIECLAM_020425/experiments/../clamiter.py:365:::  
staring fit_feats for 3000 iterations


/home/daniel.z/ICML_PIECLAM_020425/experiments/../clamiter.py:629:::  

back and forth 2/7


/home/daniel.z/ICML_PIECLAM_020425/experiments/../clamiter.py:365:::  
staring fit_prior for 2000 iterations


/home/daniel.z/ICML_PIECLAM_020425/experiments/../clamiter.py:365:::  
staring fit_feats for 3000 iterations


/home/daniel.z/ICML_PIECLAM_020425/experiments/../clamiter.py:629:::  

back and forth 3/7


/home/daniel.z/ICML_PIECLAM_020425/experiments/../clamiter.py:365:::  
staring fit_prior for 2000 iterations


/home/daniel.z/ICML_PIECLAM_020425/experiments/../clamiter.py:365:::  
staring fit_feats for 3000 iterations


/home/daniel.z/ICML_PIECLAM_020425/experiments/../clamiter.py:629:::  

back and forth 4/7


/home/daniel.z/ICML_PIECLAM_020425/experiments/../clamiter.py:365:::  
staring fit_prior for 2000 iterations


/home/daniel.z/ICML_PIECLAM_020425/experiments/../clamiter.py:365:::  
staring fit_feats for 3000 iterations


/home/daniel.z/ICML_PIECLAM_020425/experiments/../clamiter.py:629:::  

back and forth 5/7


/home/daniel.z/ICML_PIECLAM_020425/experiments/../clamiter.py:365:::  
staring fit_prior for 2000 iterations


/home/daniel.z/ICML_PIECLAM_020425/experiments/../clamiter.py:365:::  
staring fit_feats for 3000 iterations


/home/daniel.z/ICML_PIECLAM_020425/experiments/../clamiter.py:629:::  

back and forth 6/7


/home/daniel.z/ICML_PIECLAM_020425/experiments/../clamiter.py:365:::  
staring fit_prior for 2000 iterations


/home/daniel.z/ICML_PIECLAM_020425/experiments/../clamiter.py:365:::  
staring fit_feats for 3000 iterations


/home/daniel.z/ICML_PIECLAM_020425/experiments/../clamiter.py:629:::  

back and forth 7/7


/home/daniel.z/ICML_PIECLAM_020425/experiments/../clamiter.py:365:::  
staring fit_prior for 2000 iterations


/home/daniel.z/ICML_PIECLAM_020425/experiments/../clamiter.py:365:::  
staring fit_feats for 3000 iterations


/home/daniel.z/ICML_PIECLAM_020425/experiments/../clamiter.py:704:::  

fit end


/home/daniel.z/ICML_PIECLAM_020425/experiments/../trainer.py:438:::  



FINISHED train 
 last accuracies:
test
key='auc': 0.7829030892932712
val
key='auc': 0.6935958778064041




/home/daniel.z/ICML_PIECLAM_020425/experiments/../trainer.py:454:::  

train_model_on_params on pieclam texas 
took 4322.95054101944 seconds


/home/daniel.z/ICML_PIECLAM_020425/experiments/optimization_utils.py:650:::  
Repetition no. 0


/home/daniel.z/ICML_PIECLAM_020425/experiments/../trainer.py:161:::  

Using dataset specific configuration and not global 




/home/daniel.z/ICML_PIECLAM_020425/experiments/../trainer.py:335:::  

 2025-05-28 11:35:53 starting optimization of pieclam on texas on device cuda

 configs_dict: 
{
    "clamiter_init": {
        "dim_feat": 50,
        "dim_attr": 100,
        "s_reg": 0.0,
        "l1_reg": 1,
        "T": 1,
        "hidden_dim": 64,
        "num_coupling_blocks": 32,
        "num_layers_mlp": 2
    },
    "feat_opt": {
        "lr": 5e-07,
        "n_iter": 500,
        "early_stop": 0
    },
    "prior_opt": {
        "n_iter": 2000,
        "lr": 5e-06,
        "noise_amp": 0.05,
        "weight_decay": 0.1,
        "early_stop": 0
    },
    "back_forth": {
        "n_back_forth": 7,
        "scheduler_step_size": 3,
        "scheduler_gamma": 0.5,
        "early_stop_fit": 0,
        "first_func_in_fit": "fit_prior"
    }
}


/home/daniel.z/ICML_PIECLAM_020425/experiments/../clamiter.py:567:::  

in fit,
first_func_in_fit='fit_prior'
second_function_name='fit_feats'


/home/daniel.z/ICML_PIECLAM_020425/experiments/../clamiter.py:629:::  

back and forth 1/7


/home/daniel.z/ICML_PIECLAM_020425/experiments/../clamiter.py:365:::  
staring fit_prior for 2000 iterations


/home/daniel.z/ICML_PIECLAM_020425/experiments/../clamiter.py:365:::  
staring fit_feats for 500 iterations


/home/daniel.z/ICML_PIECLAM_020425/experiments/../clamiter.py:629:::  

back and forth 2/7


/home/daniel.z/ICML_PIECLAM_020425/experiments/../clamiter.py:365:::  
staring fit_prior for 2000 iterations


/home/daniel.z/ICML_PIECLAM_020425/experiments/../clamiter.py:365:::  
staring fit_feats for 500 iterations


/home/daniel.z/ICML_PIECLAM_020425/experiments/../clamiter.py:629:::  

back and forth 3/7


/home/daniel.z/ICML_PIECLAM_020425/experiments/../clamiter.py:365:::  
staring fit_prior for 2000 iterations


/home/daniel.z/ICML_PIECLAM_020425/experiments/../clamiter.py:365:::  
staring fit_feats for 500 iterations


/home/daniel.z/ICML_PIECLAM_020425/experiments/../clamiter.py:629:::  

back and forth 4/7


/home/daniel.z/ICML_PIECLAM_020425/experiments/../clamiter.py:365:::  
staring fit_prior for 2000 iterations


/home/daniel.z/ICML_PIECLAM_020425/experiments/../clamiter.py:365:::  
staring fit_feats for 500 iterations


/home/daniel.z/ICML_PIECLAM_020425/experiments/../clamiter.py:629:::  

back and forth 5/7


/home/daniel.z/ICML_PIECLAM_020425/experiments/../clamiter.py:365:::  
staring fit_prior for 2000 iterations


/home/daniel.z/ICML_PIECLAM_020425/experiments/../clamiter.py:365:::  
staring fit_feats for 500 iterations


/home/daniel.z/ICML_PIECLAM_020425/experiments/../clamiter.py:629:::  

back and forth 6/7


/home/daniel.z/ICML_PIECLAM_020425/experiments/../clamiter.py:365:::  
staring fit_prior for 2000 iterations


/home/daniel.z/ICML_PIECLAM_020425/experiments/../clamiter.py:365:::  
staring fit_feats for 500 iterations


/home/daniel.z/ICML_PIECLAM_020425/experiments/../clamiter.py:629:::  

back and forth 7/7


/home/daniel.z/ICML_PIECLAM_020425/experiments/../clamiter.py:365:::  
staring fit_prior for 2000 iterations


/home/daniel.z/ICML_PIECLAM_020425/experiments/../clamiter.py:365:::  
staring fit_feats for 500 iterations


/home/daniel.z/ICML_PIECLAM_020425/experiments/../clamiter.py:704:::  

fit end


/home/daniel.z/ICML_PIECLAM_020425/experiments/../trainer.py:438:::  



FINISHED train 
 last accuracies:
test
key='auc': 0.8030046550994498
val
key='auc': 0.6199434536755111




/home/daniel.z/ICML_PIECLAM_020425/experiments/../trainer.py:454:::  

train_model_on_params on pieclam texas 
took 1678.7552783489227 seconds


/home/daniel.z/ICML_PIECLAM_020425/experiments/optimization_utils.py:650:::  
Repetition no. 0


/home/daniel.z/ICML_PIECLAM_020425/experiments/../trainer.py:161:::  

Using dataset specific configuration and not global 




/home/daniel.z/ICML_PIECLAM_020425/experiments/../trainer.py:335:::  

 2025-05-28 12:03:52 starting optimization of pieclam on texas on device cuda

 configs_dict: 
{
    "clamiter_init": {
        "dim_feat": 50,
        "dim_attr": 100,
        "s_reg": 0.0,
        "l1_reg": 1,
        "T": 1,
        "hidden_dim": 64,
        "num_coupling_blocks": 32,
        "num_layers_mlp": 2
    },
    "feat_opt": {
        "lr": 5e-07,
        "n_iter": 3000,
        "early_stop": 0
    },
    "prior_opt": {
        "n_iter": 2000,
        "lr": 5e-06,
        "noise_amp": 0.05,
        "weight_decay": 0.1,
        "early_stop": 0
    },
    "back_forth": {
        "n_back_forth": 7,
        "scheduler_step_size": 3,
        "scheduler_gamma": 0.5,
        "early_stop_fit": 0,
        "first_func_in_fit": "fit_prior"
    }
}


/home/daniel.z/ICML_PIECLAM_020425/experiments/../clamiter.py:567:::  

in fit,
first_func_in_fit='fit_prior'
second_function_name='fit_feats'


/home/daniel.z/ICML_PIECLAM_020425/experiments/../clamiter.py:629:::  

back and forth 1/7


/home/daniel.z/ICML_PIECLAM_020425/experiments/../clamiter.py:365:::  
staring fit_prior for 2000 iterations


/home/daniel.z/ICML_PIECLAM_020425/experiments/../clamiter.py:365:::  
staring fit_feats for 3000 iterations


/home/daniel.z/ICML_PIECLAM_020425/experiments/../clamiter.py:629:::  

back and forth 2/7


/home/daniel.z/ICML_PIECLAM_020425/experiments/../clamiter.py:365:::  
staring fit_prior for 2000 iterations


/home/daniel.z/ICML_PIECLAM_020425/experiments/../clamiter.py:365:::  
staring fit_feats for 3000 iterations


/home/daniel.z/ICML_PIECLAM_020425/experiments/../clamiter.py:629:::  

back and forth 3/7


/home/daniel.z/ICML_PIECLAM_020425/experiments/../clamiter.py:365:::  
staring fit_prior for 2000 iterations


/home/daniel.z/ICML_PIECLAM_020425/experiments/../clamiter.py:365:::  
staring fit_feats for 3000 iterations


/home/daniel.z/ICML_PIECLAM_020425/experiments/../clamiter.py:629:::  

back and forth 4/7


/home/daniel.z/ICML_PIECLAM_020425/experiments/../clamiter.py:365:::  
staring fit_prior for 2000 iterations


/home/daniel.z/ICML_PIECLAM_020425/experiments/../clamiter.py:365:::  
staring fit_feats for 3000 iterations


/home/daniel.z/ICML_PIECLAM_020425/experiments/../clamiter.py:629:::  

back and forth 5/7


/home/daniel.z/ICML_PIECLAM_020425/experiments/../clamiter.py:365:::  
staring fit_prior for 2000 iterations


/home/daniel.z/ICML_PIECLAM_020425/experiments/../clamiter.py:365:::  
staring fit_feats for 3000 iterations


/home/daniel.z/ICML_PIECLAM_020425/experiments/../clamiter.py:629:::  

back and forth 6/7


/home/daniel.z/ICML_PIECLAM_020425/experiments/../clamiter.py:365:::  
staring fit_prior for 2000 iterations


/home/daniel.z/ICML_PIECLAM_020425/experiments/../clamiter.py:365:::  
staring fit_feats for 3000 iterations


/home/daniel.z/ICML_PIECLAM_020425/experiments/../clamiter.py:629:::  

back and forth 7/7


/home/daniel.z/ICML_PIECLAM_020425/experiments/../clamiter.py:365:::  
staring fit_prior for 2000 iterations


/home/daniel.z/ICML_PIECLAM_020425/experiments/../clamiter.py:365:::  
staring fit_feats for 3000 iterations


/home/daniel.z/ICML_PIECLAM_020425/experiments/../clamiter.py:704:::  

fit end


/home/daniel.z/ICML_PIECLAM_020425/experiments/../trainer.py:438:::  



FINISHED train 
 last accuracies:
test
key='auc': 0.754126110876005
val
key='auc': 0.7884587501812382




/home/daniel.z/ICML_PIECLAM_020425/experiments/../trainer.py:454:::  

train_model_on_params on pieclam texas 
took 4314.502314567566 seconds


/home/daniel.z/ICML_PIECLAM_020425/experiments/optimization_utils.py:650:::  
Repetition no. 0


/home/daniel.z/ICML_PIECLAM_020425/experiments/../trainer.py:161:::  

Using dataset specific configuration and not global 




/home/daniel.z/ICML_PIECLAM_020425/experiments/../trainer.py:335:::  

 2025-05-28 13:15:47 starting optimization of pieclam on texas on device cuda

 configs_dict: 
{
    "clamiter_init": {
        "dim_feat": 100,
        "dim_attr": 100,
        "s_reg": 0.0,
        "l1_reg": 1,
        "T": 1,
        "hidden_dim": 64,
        "num_coupling_blocks": 32,
        "num_layers_mlp": 2
    },
    "feat_opt": {
        "lr": 5e-06,
        "n_iter": 1000,
        "early_stop": 0
    },
    "prior_opt": {
        "n_iter": 2000,
        "lr": 5e-06,
        "noise_amp": 0.05,
        "weight_decay": 0.1,
        "early_stop": 0
    },
    "back_forth": {
        "n_back_forth": 7,
        "scheduler_step_size": 3,
        "scheduler_gamma": 0.5,
        "early_stop_fit": 0,
        "first_func_in_fit": "fit_prior"
    }
}


/home/daniel.z/ICML_PIECLAM_020425/experiments/../clamiter.py:567:::  

in fit,
first_func_in_fit='fit_prior'
second_function_name='fit_feats'


/home/daniel.z/ICML_PIECLAM_020425/experiments/../clamiter.py:629:::  

back and forth 1/7


/home/daniel.z/ICML_PIECLAM_020425/experiments/../clamiter.py:365:::  
staring fit_prior for 2000 iterations


/home/daniel.z/ICML_PIECLAM_020425/experiments/../clamiter.py:365:::  
staring fit_feats for 1000 iterations


/home/daniel.z/ICML_PIECLAM_020425/experiments/../clamiter.py:629:::  

back and forth 2/7


/home/daniel.z/ICML_PIECLAM_020425/experiments/../clamiter.py:365:::  
staring fit_prior for 2000 iterations


/home/daniel.z/ICML_PIECLAM_020425/experiments/../clamiter.py:365:::  
staring fit_feats for 1000 iterations


/home/daniel.z/ICML_PIECLAM_020425/experiments/../clamiter.py:629:::  

back and forth 3/7


/home/daniel.z/ICML_PIECLAM_020425/experiments/../clamiter.py:365:::  
staring fit_prior for 2000 iterations


/home/daniel.z/ICML_PIECLAM_020425/experiments/../clamiter.py:365:::  
staring fit_feats for 1000 iterations


/home/daniel.z/ICML_PIECLAM_020425/experiments/../clamiter.py:629:::  

back and forth 4/7


/home/daniel.z/ICML_PIECLAM_020425/experiments/../clamiter.py:365:::  
staring fit_prior for 2000 iterations


/home/daniel.z/ICML_PIECLAM_020425/experiments/../clamiter.py:365:::  
staring fit_feats for 1000 iterations


/home/daniel.z/ICML_PIECLAM_020425/experiments/../clamiter.py:629:::  

back and forth 5/7


/home/daniel.z/ICML_PIECLAM_020425/experiments/../clamiter.py:365:::  
staring fit_prior for 2000 iterations


/home/daniel.z/ICML_PIECLAM_020425/experiments/../clamiter.py:365:::  
staring fit_feats for 1000 iterations


/home/daniel.z/ICML_PIECLAM_020425/experiments/../clamiter.py:629:::  

back and forth 6/7


/home/daniel.z/ICML_PIECLAM_020425/experiments/../clamiter.py:365:::  
staring fit_prior for 2000 iterations


/home/daniel.z/ICML_PIECLAM_020425/experiments/../clamiter.py:365:::  
staring fit_feats for 1000 iterations


/home/daniel.z/ICML_PIECLAM_020425/experiments/../clamiter.py:629:::  

back and forth 7/7


/home/daniel.z/ICML_PIECLAM_020425/experiments/../clamiter.py:365:::  
staring fit_prior for 2000 iterations


/home/daniel.z/ICML_PIECLAM_020425/experiments/../clamiter.py:365:::  
staring fit_feats for 1000 iterations


/home/daniel.z/ICML_PIECLAM_020425/experiments/../clamiter.py:704:::  

fit end


/home/daniel.z/ICML_PIECLAM_020425/experiments/../trainer.py:438:::  



FINISHED train 
 last accuracies:
test
key='auc': 0.8692340245450699
val
key='auc': 0.847514042022051




/home/daniel.z/ICML_PIECLAM_020425/experiments/../trainer.py:454:::  

train_model_on_params on pieclam texas 
took 1960.6294980049133 seconds


/home/daniel.z/ICML_PIECLAM_020425/experiments/optimization_utils.py:650:::  
Repetition no. 0


/home/daniel.z/ICML_PIECLAM_020425/experiments/../trainer.py:161:::  

Using dataset specific configuration and not global 




/home/daniel.z/ICML_PIECLAM_020425/experiments/../trainer.py:335:::  

 2025-05-28 13:48:28 starting optimization of pieclam on texas on device cuda

 configs_dict: 
{
    "clamiter_init": {
        "dim_feat": 20,
        "dim_attr": 100,
        "s_reg": 0.0,
        "l1_reg": 1,
        "T": 1,
        "hidden_dim": 64,
        "num_coupling_blocks": 32,
        "num_layers_mlp": 2
    },
    "feat_opt": {
        "lr": 5e-06,
        "n_iter": 500,
        "early_stop": 0
    },
    "prior_opt": {
        "n_iter": 2000,
        "lr": 5e-06,
        "noise_amp": 0.05,
        "weight_decay": 0.1,
        "early_stop": 0
    },
    "back_forth": {
        "n_back_forth": 7,
        "scheduler_step_size": 3,
        "scheduler_gamma": 0.5,
        "early_stop_fit": 0,
        "first_func_in_fit": "fit_prior"
    }
}


/home/daniel.z/ICML_PIECLAM_020425/experiments/../clamiter.py:567:::  

in fit,
first_func_in_fit='fit_prior'
second_function_name='fit_feats'


/home/daniel.z/ICML_PIECLAM_020425/experiments/../clamiter.py:629:::  

back and forth 1/7


/home/daniel.z/ICML_PIECLAM_020425/experiments/../clamiter.py:365:::  
staring fit_prior for 2000 iterations


/home/daniel.z/ICML_PIECLAM_020425/experiments/../clamiter.py:365:::  
staring fit_feats for 500 iterations


/home/daniel.z/ICML_PIECLAM_020425/experiments/../clamiter.py:629:::  

back and forth 2/7


/home/daniel.z/ICML_PIECLAM_020425/experiments/../clamiter.py:365:::  
staring fit_prior for 2000 iterations


/home/daniel.z/ICML_PIECLAM_020425/experiments/../clamiter.py:365:::  
staring fit_feats for 500 iterations


/home/daniel.z/ICML_PIECLAM_020425/experiments/../clamiter.py:629:::  

back and forth 3/7


/home/daniel.z/ICML_PIECLAM_020425/experiments/../clamiter.py:365:::  
staring fit_prior for 2000 iterations


/home/daniel.z/ICML_PIECLAM_020425/experiments/../clamiter.py:365:::  
staring fit_feats for 500 iterations


/home/daniel.z/ICML_PIECLAM_020425/experiments/../clamiter.py:629:::  

back and forth 4/7


/home/daniel.z/ICML_PIECLAM_020425/experiments/../clamiter.py:365:::  
staring fit_prior for 2000 iterations


/home/daniel.z/ICML_PIECLAM_020425/experiments/../clamiter.py:365:::  
staring fit_feats for 500 iterations


/home/daniel.z/ICML_PIECLAM_020425/experiments/../clamiter.py:629:::  

back and forth 5/7


/home/daniel.z/ICML_PIECLAM_020425/experiments/../clamiter.py:365:::  
staring fit_prior for 2000 iterations


/home/daniel.z/ICML_PIECLAM_020425/experiments/../clamiter.py:365:::  
staring fit_feats for 500 iterations


/home/daniel.z/ICML_PIECLAM_020425/experiments/../clamiter.py:629:::  

back and forth 6/7


/home/daniel.z/ICML_PIECLAM_020425/experiments/../clamiter.py:365:::  
staring fit_prior for 2000 iterations


/home/daniel.z/ICML_PIECLAM_020425/experiments/../clamiter.py:365:::  
staring fit_feats for 500 iterations


/home/daniel.z/ICML_PIECLAM_020425/experiments/../clamiter.py:629:::  

back and forth 7/7


/home/daniel.z/ICML_PIECLAM_020425/experiments/../clamiter.py:365:::  
staring fit_prior for 2000 iterations


/home/daniel.z/ICML_PIECLAM_020425/experiments/../clamiter.py:365:::  
staring fit_feats for 500 iterations


/home/daniel.z/ICML_PIECLAM_020425/experiments/../clamiter.py:704:::  

fit end


/home/daniel.z/ICML_PIECLAM_020425/experiments/../trainer.py:438:::  



FINISHED train 
 last accuracies:
test
key='auc': 0.7744392721117224
val
key='auc': 0.7515151515151516




/home/daniel.z/ICML_PIECLAM_020425/experiments/../trainer.py:454:::  

train_model_on_params on pieclam texas 
took 1560.3300178050995 seconds


/home/daniel.z/ICML_PIECLAM_020425/experiments/optimization_utils.py:650:::  
Repetition no. 0


/home/daniel.z/ICML_PIECLAM_020425/experiments/../trainer.py:161:::  

Using dataset specific configuration and not global 




/home/daniel.z/ICML_PIECLAM_020425/experiments/../trainer.py:335:::  

 2025-05-28 14:14:28 starting optimization of pieclam on texas on device cuda

 configs_dict: 
{
    "clamiter_init": {
        "dim_feat": 50,
        "dim_attr": 100,
        "s_reg": 0.0,
        "l1_reg": 1,
        "T": 1,
        "hidden_dim": 64,
        "num_coupling_blocks": 32,
        "num_layers_mlp": 2
    },
    "feat_opt": {
        "lr": 5e-06,
        "n_iter": 3000,
        "early_stop": 0
    },
    "prior_opt": {
        "n_iter": 2000,
        "lr": 5e-06,
        "noise_amp": 0.05,
        "weight_decay": 0.1,
        "early_stop": 0
    },
    "back_forth": {
        "n_back_forth": 7,
        "scheduler_step_size": 3,
        "scheduler_gamma": 0.5,
        "early_stop_fit": 0,
        "first_func_in_fit": "fit_prior"
    }
}


/home/daniel.z/ICML_PIECLAM_020425/experiments/../clamiter.py:567:::  

in fit,
first_func_in_fit='fit_prior'
second_function_name='fit_feats'


/home/daniel.z/ICML_PIECLAM_020425/experiments/../clamiter.py:629:::  

back and forth 1/7


/home/daniel.z/ICML_PIECLAM_020425/experiments/../clamiter.py:365:::  
staring fit_prior for 2000 iterations


/home/daniel.z/ICML_PIECLAM_020425/experiments/../clamiter.py:365:::  
staring fit_feats for 3000 iterations


/home/daniel.z/ICML_PIECLAM_020425/experiments/../clamiter.py:629:::  

back and forth 2/7


/home/daniel.z/ICML_PIECLAM_020425/experiments/../clamiter.py:365:::  
staring fit_prior for 2000 iterations


/home/daniel.z/ICML_PIECLAM_020425/experiments/../clamiter.py:365:::  
staring fit_feats for 3000 iterations


/home/daniel.z/ICML_PIECLAM_020425/experiments/../clamiter.py:629:::  

back and forth 3/7


/home/daniel.z/ICML_PIECLAM_020425/experiments/../clamiter.py:365:::  
staring fit_prior for 2000 iterations


/home/daniel.z/ICML_PIECLAM_020425/experiments/../clamiter.py:365:::  
staring fit_feats for 3000 iterations


/home/daniel.z/ICML_PIECLAM_020425/experiments/../clamiter.py:629:::  

back and forth 4/7


/home/daniel.z/ICML_PIECLAM_020425/experiments/../clamiter.py:365:::  
staring fit_prior for 2000 iterations


/home/daniel.z/ICML_PIECLAM_020425/experiments/../clamiter.py:365:::  
staring fit_feats for 3000 iterations


/home/daniel.z/ICML_PIECLAM_020425/experiments/../clamiter.py:629:::  

back and forth 5/7


/home/daniel.z/ICML_PIECLAM_020425/experiments/../clamiter.py:365:::  
staring fit_prior for 2000 iterations


/home/daniel.z/ICML_PIECLAM_020425/experiments/../clamiter.py:365:::  
staring fit_feats for 3000 iterations


/home/daniel.z/ICML_PIECLAM_020425/experiments/../clamiter.py:629:::  

back and forth 6/7


/home/daniel.z/ICML_PIECLAM_020425/experiments/../clamiter.py:365:::  
staring fit_prior for 2000 iterations


/home/daniel.z/ICML_PIECLAM_020425/experiments/../clamiter.py:365:::  
staring fit_feats for 3000 iterations


/home/daniel.z/ICML_PIECLAM_020425/experiments/../clamiter.py:629:::  

back and forth 7/7


/home/daniel.z/ICML_PIECLAM_020425/experiments/../clamiter.py:365:::  
staring fit_prior for 2000 iterations


/home/daniel.z/ICML_PIECLAM_020425/experiments/../clamiter.py:365:::  
staring fit_feats for 3000 iterations


/home/daniel.z/ICML_PIECLAM_020425/experiments/../clamiter.py:704:::  

fit end


/home/daniel.z/ICML_PIECLAM_020425/experiments/../trainer.py:438:::  



FINISHED train 
 last accuracies:
test
key='auc': 0.7947524333474395
val
key='auc': 0.7439305334042177




/home/daniel.z/ICML_PIECLAM_020425/experiments/../trainer.py:454:::  

train_model_on_params on pieclam texas 
took 3548.313974380493 seconds


/home/daniel.z/ICML_PIECLAM_020425/experiments/optimization_utils.py:650:::  
Repetition no. 0


/home/daniel.z/ICML_PIECLAM_020425/experiments/../trainer.py:161:::  

Using dataset specific configuration and not global 




/home/daniel.z/ICML_PIECLAM_020425/experiments/../trainer.py:335:::  

 2025-05-28 15:13:37 starting optimization of pieclam on texas on device cuda

 configs_dict: 
{
    "clamiter_init": {
        "dim_feat": 20,
        "dim_attr": 100,
        "s_reg": 0.0,
        "l1_reg": 1,
        "T": 1,
        "hidden_dim": 64,
        "num_coupling_blocks": 32,
        "num_layers_mlp": 2
    },
    "feat_opt": {
        "lr": 5e-07,
        "n_iter": 1000,
        "early_stop": 0
    },
    "prior_opt": {
        "n_iter": 2000,
        "lr": 5e-06,
        "noise_amp": 0.05,
        "weight_decay": 0.1,
        "early_stop": 0
    },
    "back_forth": {
        "n_back_forth": 7,
        "scheduler_step_size": 3,
        "scheduler_gamma": 0.5,
        "early_stop_fit": 0,
        "first_func_in_fit": "fit_prior"
    }
}


/home/daniel.z/ICML_PIECLAM_020425/experiments/../clamiter.py:567:::  

in fit,
first_func_in_fit='fit_prior'
second_function_name='fit_feats'


/home/daniel.z/ICML_PIECLAM_020425/experiments/../clamiter.py:629:::  

back and forth 1/7


/home/daniel.z/ICML_PIECLAM_020425/experiments/../clamiter.py:365:::  
staring fit_prior for 2000 iterations


/home/daniel.z/ICML_PIECLAM_020425/experiments/../clamiter.py:365:::  
staring fit_feats for 1000 iterations


/home/daniel.z/ICML_PIECLAM_020425/experiments/../clamiter.py:629:::  

back and forth 2/7


/home/daniel.z/ICML_PIECLAM_020425/experiments/../clamiter.py:365:::  
staring fit_prior for 2000 iterations


/home/daniel.z/ICML_PIECLAM_020425/experiments/../clamiter.py:365:::  
staring fit_feats for 1000 iterations


/home/daniel.z/ICML_PIECLAM_020425/experiments/../clamiter.py:629:::  

back and forth 3/7


/home/daniel.z/ICML_PIECLAM_020425/experiments/../clamiter.py:365:::  
staring fit_prior for 2000 iterations


/home/daniel.z/ICML_PIECLAM_020425/experiments/../clamiter.py:365:::  
staring fit_feats for 1000 iterations


/home/daniel.z/ICML_PIECLAM_020425/experiments/../clamiter.py:629:::  

back and forth 4/7


/home/daniel.z/ICML_PIECLAM_020425/experiments/../clamiter.py:365:::  
staring fit_prior for 2000 iterations


/home/daniel.z/ICML_PIECLAM_020425/experiments/../clamiter.py:365:::  
staring fit_feats for 1000 iterations


/home/daniel.z/ICML_PIECLAM_020425/experiments/../clamiter.py:629:::  

back and forth 5/7


/home/daniel.z/ICML_PIECLAM_020425/experiments/../clamiter.py:365:::  
staring fit_prior for 2000 iterations


/home/daniel.z/ICML_PIECLAM_020425/experiments/../clamiter.py:365:::  
staring fit_feats for 1000 iterations


/home/daniel.z/ICML_PIECLAM_020425/experiments/../clamiter.py:629:::  

back and forth 6/7


/home/daniel.z/ICML_PIECLAM_020425/experiments/../clamiter.py:365:::  
staring fit_prior for 2000 iterations


/home/daniel.z/ICML_PIECLAM_020425/experiments/../clamiter.py:365:::  
staring fit_feats for 1000 iterations


/home/daniel.z/ICML_PIECLAM_020425/experiments/../clamiter.py:629:::  

back and forth 7/7


/home/daniel.z/ICML_PIECLAM_020425/experiments/../clamiter.py:365:::  
staring fit_prior for 2000 iterations


/home/daniel.z/ICML_PIECLAM_020425/experiments/../clamiter.py:365:::  
staring fit_feats for 1000 iterations


/home/daniel.z/ICML_PIECLAM_020425/experiments/../clamiter.py:704:::  

fit end


/home/daniel.z/ICML_PIECLAM_020425/experiments/../trainer.py:438:::  



FINISHED train 
 last accuracies:
test
key='auc': 0.7101142615319509
val
key='auc': 0.6548499347542409




/home/daniel.z/ICML_PIECLAM_020425/experiments/../trainer.py:454:::  

train_model_on_params on pieclam texas 
took 2122.2666697502136 seconds


/home/daniel.z/ICML_PIECLAM_020425/experiments/optimization_utils.py:650:::  
Repetition no. 0


/home/daniel.z/ICML_PIECLAM_020425/experiments/../trainer.py:161:::  

Using dataset specific configuration and not global 




/home/daniel.z/ICML_PIECLAM_020425/experiments/../trainer.py:335:::  

 2025-05-28 15:48:59 starting optimization of pieclam on texas on device cuda

 configs_dict: 
{
    "clamiter_init": {
        "dim_feat": 100,
        "dim_attr": 100,
        "s_reg": 0.0,
        "l1_reg": 1,
        "T": 1,
        "hidden_dim": 64,
        "num_coupling_blocks": 32,
        "num_layers_mlp": 2
    },
    "feat_opt": {
        "lr": 5e-07,
        "n_iter": 1000,
        "early_stop": 0
    },
    "prior_opt": {
        "n_iter": 2000,
        "lr": 5e-06,
        "noise_amp": 0.05,
        "weight_decay": 0.1,
        "early_stop": 0
    },
    "back_forth": {
        "n_back_forth": 7,
        "scheduler_step_size": 3,
        "scheduler_gamma": 0.5,
        "early_stop_fit": 0,
        "first_func_in_fit": "fit_prior"
    }
}


/home/daniel.z/ICML_PIECLAM_020425/experiments/../clamiter.py:567:::  

in fit,
first_func_in_fit='fit_prior'
second_function_name='fit_feats'


/home/daniel.z/ICML_PIECLAM_020425/experiments/../clamiter.py:629:::  

back and forth 1/7


/home/daniel.z/ICML_PIECLAM_020425/experiments/../clamiter.py:365:::  
staring fit_prior for 2000 iterations


/home/daniel.z/ICML_PIECLAM_020425/experiments/../clamiter.py:365:::  
staring fit_feats for 1000 iterations


/home/daniel.z/ICML_PIECLAM_020425/experiments/../clamiter.py:629:::  

back and forth 2/7


/home/daniel.z/ICML_PIECLAM_020425/experiments/../clamiter.py:365:::  
staring fit_prior for 2000 iterations


/home/daniel.z/ICML_PIECLAM_020425/experiments/../clamiter.py:365:::  
staring fit_feats for 1000 iterations


/home/daniel.z/ICML_PIECLAM_020425/experiments/../clamiter.py:629:::  

back and forth 3/7


/home/daniel.z/ICML_PIECLAM_020425/experiments/../clamiter.py:365:::  
staring fit_prior for 2000 iterations


/home/daniel.z/ICML_PIECLAM_020425/experiments/../clamiter.py:365:::  
staring fit_feats for 1000 iterations


/home/daniel.z/ICML_PIECLAM_020425/experiments/../clamiter.py:629:::  

back and forth 4/7


/home/daniel.z/ICML_PIECLAM_020425/experiments/../clamiter.py:365:::  
staring fit_prior for 2000 iterations


/home/daniel.z/ICML_PIECLAM_020425/experiments/../clamiter.py:365:::  
staring fit_feats for 1000 iterations


/home/daniel.z/ICML_PIECLAM_020425/experiments/../clamiter.py:629:::  

back and forth 5/7


/home/daniel.z/ICML_PIECLAM_020425/experiments/../clamiter.py:365:::  
staring fit_prior for 2000 iterations


/home/daniel.z/ICML_PIECLAM_020425/experiments/../clamiter.py:365:::  
staring fit_feats for 1000 iterations


/home/daniel.z/ICML_PIECLAM_020425/experiments/../clamiter.py:629:::  

back and forth 6/7


/home/daniel.z/ICML_PIECLAM_020425/experiments/../clamiter.py:365:::  
staring fit_prior for 2000 iterations


/home/daniel.z/ICML_PIECLAM_020425/experiments/../clamiter.py:365:::  
staring fit_feats for 1000 iterations


/home/daniel.z/ICML_PIECLAM_020425/experiments/../clamiter.py:629:::  

back and forth 7/7


/home/daniel.z/ICML_PIECLAM_020425/experiments/../clamiter.py:365:::  
staring fit_prior for 2000 iterations


/home/daniel.z/ICML_PIECLAM_020425/experiments/../clamiter.py:365:::  
staring fit_feats for 1000 iterations


/home/daniel.z/ICML_PIECLAM_020425/experiments/../clamiter.py:704:::  

fit end


/home/daniel.z/ICML_PIECLAM_020425/experiments/../trainer.py:438:::  



FINISHED train 
 last accuracies:
test
key='auc': 0.5323741007194245
val
key='auc': 0.5102671451355661




/home/daniel.z/ICML_PIECLAM_020425/experiments/../trainer.py:454:::  

train_model_on_params on pieclam texas 
took 2316.1198394298553 seconds


/home/daniel.z/ICML_PIECLAM_020425/experiments/optimization_utils.py:650:::  
Repetition no. 0


/home/daniel.z/ICML_PIECLAM_020425/experiments/../trainer.py:161:::  

Using dataset specific configuration and not global 




/home/daniel.z/ICML_PIECLAM_020425/experiments/../trainer.py:335:::  

 2025-05-28 16:27:35 starting optimization of pieclam on texas on device cuda

 configs_dict: 
{
    "clamiter_init": {
        "dim_feat": 100,
        "dim_attr": 100,
        "s_reg": 0.0,
        "l1_reg": 1,
        "T": 1,
        "hidden_dim": 64,
        "num_coupling_blocks": 32,
        "num_layers_mlp": 2
    },
    "feat_opt": {
        "lr": 5e-06,
        "n_iter": 3000,
        "early_stop": 0
    },
    "prior_opt": {
        "n_iter": 2000,
        "lr": 5e-06,
        "noise_amp": 0.05,
        "weight_decay": 0.1,
        "early_stop": 0
    },
    "back_forth": {
        "n_back_forth": 7,
        "scheduler_step_size": 3,
        "scheduler_gamma": 0.5,
        "early_stop_fit": 0,
        "first_func_in_fit": "fit_prior"
    }
}


/home/daniel.z/ICML_PIECLAM_020425/experiments/../clamiter.py:567:::  

in fit,
first_func_in_fit='fit_prior'
second_function_name='fit_feats'


/home/daniel.z/ICML_PIECLAM_020425/experiments/../clamiter.py:629:::  

back and forth 1/7


/home/daniel.z/ICML_PIECLAM_020425/experiments/../clamiter.py:365:::  
staring fit_prior for 2000 iterations


/home/daniel.z/ICML_PIECLAM_020425/experiments/../clamiter.py:365:::  
staring fit_feats for 3000 iterations


/home/daniel.z/ICML_PIECLAM_020425/experiments/../clamiter.py:629:::  

back and forth 2/7


/home/daniel.z/ICML_PIECLAM_020425/experiments/../clamiter.py:365:::  
staring fit_prior for 2000 iterations


/home/daniel.z/ICML_PIECLAM_020425/experiments/../clamiter.py:365:::  
staring fit_feats for 3000 iterations


/home/daniel.z/ICML_PIECLAM_020425/experiments/../clamiter.py:629:::  

back and forth 3/7


/home/daniel.z/ICML_PIECLAM_020425/experiments/../clamiter.py:365:::  
staring fit_prior for 2000 iterations


/home/daniel.z/ICML_PIECLAM_020425/experiments/../clamiter.py:365:::  
staring fit_feats for 3000 iterations


/home/daniel.z/ICML_PIECLAM_020425/experiments/../clamiter.py:629:::  

back and forth 4/7


/home/daniel.z/ICML_PIECLAM_020425/experiments/../clamiter.py:365:::  
staring fit_prior for 2000 iterations


/home/daniel.z/ICML_PIECLAM_020425/experiments/../clamiter.py:365:::  
staring fit_feats for 3000 iterations


/home/daniel.z/ICML_PIECLAM_020425/experiments/../clamiter.py:629:::  

back and forth 5/7


/home/daniel.z/ICML_PIECLAM_020425/experiments/../clamiter.py:365:::  
staring fit_prior for 2000 iterations


/home/daniel.z/ICML_PIECLAM_020425/experiments/../clamiter.py:365:::  
staring fit_feats for 3000 iterations


/home/daniel.z/ICML_PIECLAM_020425/experiments/../clamiter.py:629:::  

back and forth 6/7


/home/daniel.z/ICML_PIECLAM_020425/experiments/../clamiter.py:365:::  
staring fit_prior for 2000 iterations


/home/daniel.z/ICML_PIECLAM_020425/experiments/../clamiter.py:365:::  
staring fit_feats for 3000 iterations


/home/daniel.z/ICML_PIECLAM_020425/experiments/../clamiter.py:629:::  

back and forth 7/7


/home/daniel.z/ICML_PIECLAM_020425/experiments/../clamiter.py:365:::  
staring fit_prior for 2000 iterations


/home/daniel.z/ICML_PIECLAM_020425/experiments/../clamiter.py:365:::  
staring fit_feats for 3000 iterations


/home/daniel.z/ICML_PIECLAM_020425/experiments/../clamiter.py:704:::  

fit end


/home/daniel.z/ICML_PIECLAM_020425/experiments/../trainer.py:438:::  



FINISHED train 
 last accuracies:
test
key='auc': 0.7888277613203555
val
key='auc': 0.8044077134986227




/home/daniel.z/ICML_PIECLAM_020425/experiments/../trainer.py:454:::  

train_model_on_params on pieclam texas 
took 4262.952765464783 seconds


/home/daniel.z/ICML_PIECLAM_020425/experiments/optimization_utils.py:650:::  
Repetition no. 0


/home/daniel.z/ICML_PIECLAM_020425/experiments/../trainer.py:161:::  

Using dataset specific configuration and not global 




/home/daniel.z/ICML_PIECLAM_020425/experiments/../trainer.py:335:::  

 2025-05-28 17:38:38 starting optimization of pieclam on texas on device cuda

 configs_dict: 
{
    "clamiter_init": {
        "dim_feat": 50,
        "dim_attr": 100,
        "s_reg": 0.0,
        "l1_reg": 1,
        "T": 1,
        "hidden_dim": 64,
        "num_coupling_blocks": 32,
        "num_layers_mlp": 2
    },
    "feat_opt": {
        "lr": 5e-07,
        "n_iter": 1000,
        "early_stop": 0
    },
    "prior_opt": {
        "n_iter": 2000,
        "lr": 5e-06,
        "noise_amp": 0.05,
        "weight_decay": 0.1,
        "early_stop": 0
    },
    "back_forth": {
        "n_back_forth": 7,
        "scheduler_step_size": 3,
        "scheduler_gamma": 0.5,
        "early_stop_fit": 0,
        "first_func_in_fit": "fit_prior"
    }
}


/home/daniel.z/ICML_PIECLAM_020425/experiments/../clamiter.py:567:::  

in fit,
first_func_in_fit='fit_prior'
second_function_name='fit_feats'


/home/daniel.z/ICML_PIECLAM_020425/experiments/../clamiter.py:629:::  

back and forth 1/7


/home/daniel.z/ICML_PIECLAM_020425/experiments/../clamiter.py:365:::  
staring fit_prior for 2000 iterations


/home/daniel.z/ICML_PIECLAM_020425/experiments/../clamiter.py:365:::  
staring fit_feats for 1000 iterations


/home/daniel.z/ICML_PIECLAM_020425/experiments/../clamiter.py:629:::  

back and forth 2/7


/home/daniel.z/ICML_PIECLAM_020425/experiments/../clamiter.py:365:::  
staring fit_prior for 2000 iterations


/home/daniel.z/ICML_PIECLAM_020425/experiments/../clamiter.py:365:::  
staring fit_feats for 1000 iterations


/home/daniel.z/ICML_PIECLAM_020425/experiments/../clamiter.py:629:::  

back and forth 3/7


/home/daniel.z/ICML_PIECLAM_020425/experiments/../clamiter.py:365:::  
staring fit_prior for 2000 iterations


/home/daniel.z/ICML_PIECLAM_020425/experiments/../clamiter.py:365:::  
staring fit_feats for 1000 iterations


/home/daniel.z/ICML_PIECLAM_020425/experiments/../clamiter.py:629:::  

back and forth 4/7


/home/daniel.z/ICML_PIECLAM_020425/experiments/../clamiter.py:365:::  
staring fit_prior for 2000 iterations


/home/daniel.z/ICML_PIECLAM_020425/experiments/../clamiter.py:365:::  
staring fit_feats for 1000 iterations


/home/daniel.z/ICML_PIECLAM_020425/experiments/../clamiter.py:629:::  

back and forth 5/7


/home/daniel.z/ICML_PIECLAM_020425/experiments/../clamiter.py:365:::  
staring fit_prior for 2000 iterations


/home/daniel.z/ICML_PIECLAM_020425/experiments/../clamiter.py:365:::  
staring fit_feats for 1000 iterations


/home/daniel.z/ICML_PIECLAM_020425/experiments/../clamiter.py:629:::  

back and forth 6/7


/home/daniel.z/ICML_PIECLAM_020425/experiments/../clamiter.py:365:::  
staring fit_prior for 2000 iterations


/home/daniel.z/ICML_PIECLAM_020425/experiments/../clamiter.py:365:::  
staring fit_feats for 1000 iterations


/home/daniel.z/ICML_PIECLAM_020425/experiments/../clamiter.py:629:::  

back and forth 7/7


/home/daniel.z/ICML_PIECLAM_020425/experiments/../clamiter.py:365:::  
staring fit_prior for 2000 iterations


/home/daniel.z/ICML_PIECLAM_020425/experiments/../clamiter.py:365:::  
staring fit_feats for 1000 iterations


/home/daniel.z/ICML_PIECLAM_020425/experiments/../clamiter.py:704:::  

fit end


/home/daniel.z/ICML_PIECLAM_020425/experiments/../trainer.py:438:::  



FINISHED train 
 last accuracies:
test
key='auc': 0.7892509521794329
val
key='auc': 0.7190835480309165




/home/daniel.z/ICML_PIECLAM_020425/experiments/../trainer.py:454:::  

train_model_on_params on pieclam texas 
took 2416.811671257019 seconds


/home/daniel.z/ICML_PIECLAM_020425/experiments/optimization_utils.py:650:::  
Repetition no. 0


/home/daniel.z/ICML_PIECLAM_020425/experiments/../trainer.py:161:::  

Using dataset specific configuration and not global 




/home/daniel.z/ICML_PIECLAM_020425/experiments/../trainer.py:335:::  

 2025-05-28 18:18:55 starting optimization of pieclam on texas on device cuda

 configs_dict: 
{
    "clamiter_init": {
        "dim_feat": 20,
        "dim_attr": 100,
        "s_reg": 0.0,
        "l1_reg": 1,
        "T": 1,
        "hidden_dim": 64,
        "num_coupling_blocks": 32,
        "num_layers_mlp": 2
    },
    "feat_opt": {
        "lr": 5e-07,
        "n_iter": 500,
        "early_stop": 0
    },
    "prior_opt": {
        "n_iter": 2000,
        "lr": 5e-06,
        "noise_amp": 0.05,
        "weight_decay": 0.1,
        "early_stop": 0
    },
    "back_forth": {
        "n_back_forth": 7,
        "scheduler_step_size": 3,
        "scheduler_gamma": 0.5,
        "early_stop_fit": 0,
        "first_func_in_fit": "fit_prior"
    }
}


/home/daniel.z/ICML_PIECLAM_020425/experiments/../clamiter.py:567:::  

in fit,
first_func_in_fit='fit_prior'
second_function_name='fit_feats'


/home/daniel.z/ICML_PIECLAM_020425/experiments/../clamiter.py:629:::  

back and forth 1/7


/home/daniel.z/ICML_PIECLAM_020425/experiments/../clamiter.py:365:::  
staring fit_prior for 2000 iterations


/home/daniel.z/ICML_PIECLAM_020425/experiments/../clamiter.py:365:::  
staring fit_feats for 500 iterations


/home/daniel.z/ICML_PIECLAM_020425/experiments/../clamiter.py:629:::  

back and forth 2/7


/home/daniel.z/ICML_PIECLAM_020425/experiments/../clamiter.py:365:::  
staring fit_prior for 2000 iterations


/home/daniel.z/ICML_PIECLAM_020425/experiments/../clamiter.py:365:::  
staring fit_feats for 500 iterations


/home/daniel.z/ICML_PIECLAM_020425/experiments/../clamiter.py:629:::  

back and forth 3/7


/home/daniel.z/ICML_PIECLAM_020425/experiments/../clamiter.py:365:::  
staring fit_prior for 2000 iterations


/home/daniel.z/ICML_PIECLAM_020425/experiments/../clamiter.py:365:::  
staring fit_feats for 500 iterations


/home/daniel.z/ICML_PIECLAM_020425/experiments/../clamiter.py:629:::  

back and forth 4/7


/home/daniel.z/ICML_PIECLAM_020425/experiments/../clamiter.py:365:::  
staring fit_prior for 2000 iterations


/home/daniel.z/ICML_PIECLAM_020425/experiments/../clamiter.py:365:::  
staring fit_feats for 500 iterations


/home/daniel.z/ICML_PIECLAM_020425/experiments/../clamiter.py:629:::  

back and forth 5/7


/home/daniel.z/ICML_PIECLAM_020425/experiments/../clamiter.py:365:::  
staring fit_prior for 2000 iterations


/home/daniel.z/ICML_PIECLAM_020425/experiments/../clamiter.py:365:::  
staring fit_feats for 500 iterations


/home/daniel.z/ICML_PIECLAM_020425/experiments/../clamiter.py:629:::  

back and forth 6/7


/home/daniel.z/ICML_PIECLAM_020425/experiments/../clamiter.py:365:::  
staring fit_prior for 2000 iterations


/home/daniel.z/ICML_PIECLAM_020425/experiments/../clamiter.py:365:::  
staring fit_feats for 500 iterations


/home/daniel.z/ICML_PIECLAM_020425/experiments/../clamiter.py:629:::  

back and forth 7/7


/home/daniel.z/ICML_PIECLAM_020425/experiments/../clamiter.py:365:::  
staring fit_prior for 2000 iterations


/home/daniel.z/ICML_PIECLAM_020425/experiments/../clamiter.py:365:::  
staring fit_feats for 500 iterations


/home/daniel.z/ICML_PIECLAM_020425/experiments/../clamiter.py:704:::  

fit end


/home/daniel.z/ICML_PIECLAM_020425/experiments/../trainer.py:438:::  



FINISHED train 
 last accuracies:
test
key='auc': 0.6479052052475667
val
key='auc': 0.5466094703844251




/home/daniel.z/ICML_PIECLAM_020425/experiments/../trainer.py:454:::  

train_model_on_params on pieclam texas 
took 1925.9829730987549 seconds


/home/daniel.z/ICML_PIECLAM_020425/experiments/optimization_utils.py:650:::  
Repetition no. 0


/home/daniel.z/ICML_PIECLAM_020425/experiments/../trainer.py:161:::  

Using dataset specific configuration and not global 




/home/daniel.z/ICML_PIECLAM_020425/experiments/../trainer.py:335:::  

 2025-05-28 18:51:01 starting optimization of pieclam on texas on device cuda

 configs_dict: 
{
    "clamiter_init": {
        "dim_feat": 20,
        "dim_attr": 100,
        "s_reg": 0.0,
        "l1_reg": 1,
        "T": 1,
        "hidden_dim": 64,
        "num_coupling_blocks": 32,
        "num_layers_mlp": 2
    },
    "feat_opt": {
        "lr": 5e-06,
        "n_iter": 1000,
        "early_stop": 0
    },
    "prior_opt": {
        "n_iter": 2000,
        "lr": 5e-06,
        "noise_amp": 0.05,
        "weight_decay": 0.1,
        "early_stop": 0
    },
    "back_forth": {
        "n_back_forth": 7,
        "scheduler_step_size": 3,
        "scheduler_gamma": 0.5,
        "early_stop_fit": 0,
        "first_func_in_fit": "fit_prior"
    }
}


/home/daniel.z/ICML_PIECLAM_020425/experiments/../clamiter.py:567:::  

in fit,
first_func_in_fit='fit_prior'
second_function_name='fit_feats'


/home/daniel.z/ICML_PIECLAM_020425/experiments/../clamiter.py:629:::  

back and forth 1/7


/home/daniel.z/ICML_PIECLAM_020425/experiments/../clamiter.py:365:::  
staring fit_prior for 2000 iterations


/home/daniel.z/ICML_PIECLAM_020425/experiments/../clamiter.py:365:::  
staring fit_feats for 1000 iterations


/home/daniel.z/ICML_PIECLAM_020425/experiments/../clamiter.py:629:::  

back and forth 2/7


/home/daniel.z/ICML_PIECLAM_020425/experiments/../clamiter.py:365:::  
staring fit_prior for 2000 iterations


/home/daniel.z/ICML_PIECLAM_020425/experiments/../clamiter.py:365:::  
staring fit_feats for 1000 iterations


/home/daniel.z/ICML_PIECLAM_020425/experiments/../clamiter.py:629:::  

back and forth 3/7


/home/daniel.z/ICML_PIECLAM_020425/experiments/../clamiter.py:365:::  
staring fit_prior for 2000 iterations


/home/daniel.z/ICML_PIECLAM_020425/experiments/../clamiter.py:365:::  
staring fit_feats for 1000 iterations


/home/daniel.z/ICML_PIECLAM_020425/experiments/../clamiter.py:629:::  

back and forth 4/7


/home/daniel.z/ICML_PIECLAM_020425/experiments/../clamiter.py:365:::  
staring fit_prior for 2000 iterations


/home/daniel.z/ICML_PIECLAM_020425/experiments/../clamiter.py:365:::  
staring fit_feats for 1000 iterations


/home/daniel.z/ICML_PIECLAM_020425/experiments/../clamiter.py:629:::  

back and forth 5/7


/home/daniel.z/ICML_PIECLAM_020425/experiments/../clamiter.py:365:::  
staring fit_prior for 2000 iterations


/home/daniel.z/ICML_PIECLAM_020425/experiments/../clamiter.py:365:::  
staring fit_feats for 1000 iterations


/home/daniel.z/ICML_PIECLAM_020425/experiments/../clamiter.py:629:::  

back and forth 6/7


/home/daniel.z/ICML_PIECLAM_020425/experiments/../clamiter.py:365:::  
staring fit_prior for 2000 iterations


/home/daniel.z/ICML_PIECLAM_020425/experiments/../clamiter.py:365:::  
staring fit_feats for 1000 iterations


/home/daniel.z/ICML_PIECLAM_020425/experiments/../clamiter.py:629:::  

back and forth 7/7


/home/daniel.z/ICML_PIECLAM_020425/experiments/../clamiter.py:365:::  
staring fit_prior for 2000 iterations


/home/daniel.z/ICML_PIECLAM_020425/experiments/../clamiter.py:365:::  
staring fit_feats for 1000 iterations


/home/daniel.z/ICML_PIECLAM_020425/experiments/../clamiter.py:704:::  

fit end


/home/daniel.z/ICML_PIECLAM_020425/experiments/../trainer.py:438:::  



FINISHED train 
 last accuracies:
test
key='auc': 0.8116800677105374
val
key='auc': 0.8564593301435407




/home/daniel.z/ICML_PIECLAM_020425/experiments/../trainer.py:454:::  

train_model_on_params on pieclam texas 
took 2355.1708612442017 seconds


/home/daniel.z/ICML_PIECLAM_020425/experiments/optimization_utils.py:724:::  


Finished CrossVal!




/home/daniel.z/ICML_PIECLAM_020425/experiments/optimization_utils.py:512:::  
On test set split_22-15_28-04-25 of texas,pieclam
 ======================


/home/daniel.z/ICML_PIECLAM_020425/experiments/optimization_utils.py:628:::  
RunSaver defined to acc_configs path /home/daniel.z/ICML_PIECLAM_020425/experiments/results/link_prediction/auc/texas/pieclam/split_22-15_28-04-25/valid/acc_configs19-30_28-05-25.json


/home/daniel.z/ICML_PIECLAM_020425/experiments/optimization_utils.py:650:::  
Repetition no. 0


/home/daniel.z/ICML_PIECLAM_020425/experiments/../trainer.py:161:::  

Using dataset specific configuration and not global 




/home/daniel.z/ICML_PIECLAM_020425/experiments/../trainer.py:335:::  

 2025-05-28 19:30:17 starting optimization of pieclam on texas on device cuda

 configs_dict: 
{
    "clamiter_init": {
        "dim_feat": 100,
        "dim_attr": 100,
        "s_reg": 0.0,
        "l1_reg": 1,
        "T": 1,
        "hidden_dim": 64,
        "num_coupling_blocks": 32,
        "num_layers_mlp": 2
    },
    "feat_opt": {
        "lr": 5e-06,
        "n_iter": 500,
        "early_stop": 0
    },
    "prior_opt": {
        "n_iter": 2000,
        "lr": 5e-06,
        "noise_amp": 0.05,
        "weight_decay": 0.1,
        "early_stop": 0
    },
    "back_forth": {
        "n_back_forth": 7,
        "scheduler_step_size": 3,
        "scheduler_gamma": 0.5,
        "early_stop_fit": 0,
        "first_func_in_fit": "fit_prior"
    }
}


/home/daniel.z/ICML_PIECLAM_020425/experiments/../clamiter.py:567:::  

in fit,
first_func_in_fit='fit_prior'
second_function_name='fit_feats'


/home/daniel.z/ICML_PIECLAM_020425/experiments/../clamiter.py:629:::  

back and forth 1/7


/home/daniel.z/ICML_PIECLAM_020425/experiments/../clamiter.py:365:::  
staring fit_prior for 2000 iterations


/home/daniel.z/ICML_PIECLAM_020425/experiments/../clamiter.py:365:::  
staring fit_feats for 500 iterations


/home/daniel.z/ICML_PIECLAM_020425/experiments/../clamiter.py:629:::  

back and forth 2/7


/home/daniel.z/ICML_PIECLAM_020425/experiments/../clamiter.py:365:::  
staring fit_prior for 2000 iterations


/home/daniel.z/ICML_PIECLAM_020425/experiments/../clamiter.py:365:::  
staring fit_feats for 500 iterations


/home/daniel.z/ICML_PIECLAM_020425/experiments/../clamiter.py:629:::  

back and forth 3/7


/home/daniel.z/ICML_PIECLAM_020425/experiments/../clamiter.py:365:::  
staring fit_prior for 2000 iterations


/home/daniel.z/ICML_PIECLAM_020425/experiments/../clamiter.py:365:::  
staring fit_feats for 500 iterations


/home/daniel.z/ICML_PIECLAM_020425/experiments/../clamiter.py:629:::  

back and forth 4/7


/home/daniel.z/ICML_PIECLAM_020425/experiments/../clamiter.py:365:::  
staring fit_prior for 2000 iterations


/home/daniel.z/ICML_PIECLAM_020425/experiments/../clamiter.py:365:::  
staring fit_feats for 500 iterations


/home/daniel.z/ICML_PIECLAM_020425/experiments/../clamiter.py:629:::  

back and forth 5/7


/home/daniel.z/ICML_PIECLAM_020425/experiments/../clamiter.py:365:::  
staring fit_prior for 2000 iterations


/home/daniel.z/ICML_PIECLAM_020425/experiments/../clamiter.py:365:::  
staring fit_feats for 500 iterations


/home/daniel.z/ICML_PIECLAM_020425/experiments/../clamiter.py:629:::  

back and forth 6/7


/home/daniel.z/ICML_PIECLAM_020425/experiments/../clamiter.py:365:::  
staring fit_prior for 2000 iterations


/home/daniel.z/ICML_PIECLAM_020425/experiments/../clamiter.py:365:::  
staring fit_feats for 500 iterations


/home/daniel.z/ICML_PIECLAM_020425/experiments/../clamiter.py:629:::  

back and forth 7/7


/home/daniel.z/ICML_PIECLAM_020425/experiments/../clamiter.py:365:::  
staring fit_prior for 2000 iterations


/home/daniel.z/ICML_PIECLAM_020425/experiments/../clamiter.py:365:::  
staring fit_feats for 500 iterations


/home/daniel.z/ICML_PIECLAM_020425/experiments/../clamiter.py:704:::  

fit end


/home/daniel.z/ICML_PIECLAM_020425/experiments/../trainer.py:438:::  



FINISHED train 
 last accuracies:
test
key='auc': 0.6635632670334322
val
key='auc': 0.8675598086124402




/home/daniel.z/ICML_PIECLAM_020425/experiments/../trainer.py:454:::  

train_model_on_params on pieclam texas 
took 1834.985493183136 seconds


/home/daniel.z/ICML_PIECLAM_020425/experiments/optimization_utils.py:650:::  
Repetition no. 0


/home/daniel.z/ICML_PIECLAM_020425/experiments/../trainer.py:161:::  

Using dataset specific configuration and not global 




/home/daniel.z/ICML_PIECLAM_020425/experiments/../trainer.py:335:::  

 2025-05-28 20:00:52 starting optimization of pieclam on texas on device cuda

 configs_dict: 
{
    "clamiter_init": {
        "dim_feat": 100,
        "dim_attr": 100,
        "s_reg": 0.0,
        "l1_reg": 1,
        "T": 1,
        "hidden_dim": 64,
        "num_coupling_blocks": 32,
        "num_layers_mlp": 2
    },
    "feat_opt": {
        "lr": 5e-07,
        "n_iter": 500,
        "early_stop": 0
    },
    "prior_opt": {
        "n_iter": 2000,
        "lr": 5e-06,
        "noise_amp": 0.05,
        "weight_decay": 0.1,
        "early_stop": 0
    },
    "back_forth": {
        "n_back_forth": 7,
        "scheduler_step_size": 3,
        "scheduler_gamma": 0.5,
        "early_stop_fit": 0,
        "first_func_in_fit": "fit_prior"
    }
}


/home/daniel.z/ICML_PIECLAM_020425/experiments/../clamiter.py:567:::  

in fit,
first_func_in_fit='fit_prior'
second_function_name='fit_feats'


/home/daniel.z/ICML_PIECLAM_020425/experiments/../clamiter.py:629:::  

back and forth 1/7


/home/daniel.z/ICML_PIECLAM_020425/experiments/../clamiter.py:365:::  
staring fit_prior for 2000 iterations


/home/daniel.z/ICML_PIECLAM_020425/experiments/../clamiter.py:365:::  
staring fit_feats for 500 iterations


/home/daniel.z/ICML_PIECLAM_020425/experiments/../clamiter.py:629:::  

back and forth 2/7


/home/daniel.z/ICML_PIECLAM_020425/experiments/../clamiter.py:365:::  
staring fit_prior for 2000 iterations


/home/daniel.z/ICML_PIECLAM_020425/experiments/../clamiter.py:365:::  
staring fit_feats for 500 iterations


/home/daniel.z/ICML_PIECLAM_020425/experiments/../clamiter.py:629:::  

back and forth 3/7


/home/daniel.z/ICML_PIECLAM_020425/experiments/../clamiter.py:365:::  
staring fit_prior for 2000 iterations


/home/daniel.z/ICML_PIECLAM_020425/experiments/../clamiter.py:365:::  
staring fit_feats for 500 iterations


/home/daniel.z/ICML_PIECLAM_020425/experiments/../clamiter.py:629:::  

back and forth 4/7


/home/daniel.z/ICML_PIECLAM_020425/experiments/../clamiter.py:365:::  
staring fit_prior for 2000 iterations


/home/daniel.z/ICML_PIECLAM_020425/experiments/../clamiter.py:365:::  
staring fit_feats for 500 iterations


/home/daniel.z/ICML_PIECLAM_020425/experiments/../clamiter.py:629:::  

back and forth 5/7


/home/daniel.z/ICML_PIECLAM_020425/experiments/../clamiter.py:365:::  
staring fit_prior for 2000 iterations


/home/daniel.z/ICML_PIECLAM_020425/experiments/../clamiter.py:365:::  
staring fit_feats for 500 iterations


/home/daniel.z/ICML_PIECLAM_020425/experiments/../clamiter.py:629:::  

back and forth 6/7


/home/daniel.z/ICML_PIECLAM_020425/experiments/../clamiter.py:365:::  
staring fit_prior for 2000 iterations


/home/daniel.z/ICML_PIECLAM_020425/experiments/../clamiter.py:365:::  
staring fit_feats for 500 iterations


/home/daniel.z/ICML_PIECLAM_020425/experiments/../clamiter.py:629:::  

back and forth 7/7


/home/daniel.z/ICML_PIECLAM_020425/experiments/../clamiter.py:365:::  
staring fit_prior for 2000 iterations


/home/daniel.z/ICML_PIECLAM_020425/experiments/../clamiter.py:365:::  
staring fit_feats for 500 iterations


/home/daniel.z/ICML_PIECLAM_020425/experiments/../clamiter.py:704:::  

fit end


/home/daniel.z/ICML_PIECLAM_020425/experiments/../trainer.py:438:::  



FINISHED train 
 last accuracies:
test
key='auc': 0.5
val
key='auc': 0.5




/home/daniel.z/ICML_PIECLAM_020425/experiments/../trainer.py:454:::  

train_model_on_params on pieclam texas 
took 1799.155588388443 seconds


/home/daniel.z/ICML_PIECLAM_020425/experiments/optimization_utils.py:650:::  
Repetition no. 0


/home/daniel.z/ICML_PIECLAM_020425/experiments/../trainer.py:161:::  

Using dataset specific configuration and not global 




/home/daniel.z/ICML_PIECLAM_020425/experiments/../trainer.py:335:::  

 2025-05-28 20:30:51 starting optimization of pieclam on texas on device cuda

 configs_dict: 
{
    "clamiter_init": {
        "dim_feat": 20,
        "dim_attr": 100,
        "s_reg": 0.0,
        "l1_reg": 1,
        "T": 1,
        "hidden_dim": 64,
        "num_coupling_blocks": 32,
        "num_layers_mlp": 2
    },
    "feat_opt": {
        "lr": 5e-07,
        "n_iter": 3000,
        "early_stop": 0
    },
    "prior_opt": {
        "n_iter": 2000,
        "lr": 5e-06,
        "noise_amp": 0.05,
        "weight_decay": 0.1,
        "early_stop": 0
    },
    "back_forth": {
        "n_back_forth": 7,
        "scheduler_step_size": 3,
        "scheduler_gamma": 0.5,
        "early_stop_fit": 0,
        "first_func_in_fit": "fit_prior"
    }
}


/home/daniel.z/ICML_PIECLAM_020425/experiments/../clamiter.py:567:::  

in fit,
first_func_in_fit='fit_prior'
second_function_name='fit_feats'


/home/daniel.z/ICML_PIECLAM_020425/experiments/../clamiter.py:629:::  

back and forth 1/7


/home/daniel.z/ICML_PIECLAM_020425/experiments/../clamiter.py:365:::  
staring fit_prior for 2000 iterations


/home/daniel.z/ICML_PIECLAM_020425/experiments/../clamiter.py:365:::  
staring fit_feats for 3000 iterations


/home/daniel.z/ICML_PIECLAM_020425/experiments/../clamiter.py:629:::  

back and forth 2/7


/home/daniel.z/ICML_PIECLAM_020425/experiments/../clamiter.py:365:::  
staring fit_prior for 2000 iterations


/home/daniel.z/ICML_PIECLAM_020425/experiments/../clamiter.py:365:::  
staring fit_feats for 3000 iterations


/home/daniel.z/ICML_PIECLAM_020425/experiments/../clamiter.py:629:::  

back and forth 3/7


/home/daniel.z/ICML_PIECLAM_020425/experiments/../clamiter.py:365:::  
staring fit_prior for 2000 iterations


/home/daniel.z/ICML_PIECLAM_020425/experiments/../clamiter.py:365:::  
staring fit_feats for 3000 iterations


/home/daniel.z/ICML_PIECLAM_020425/experiments/../clamiter.py:629:::  

back and forth 4/7


/home/daniel.z/ICML_PIECLAM_020425/experiments/../clamiter.py:365:::  
staring fit_prior for 2000 iterations


/home/daniel.z/ICML_PIECLAM_020425/experiments/../clamiter.py:365:::  
staring fit_feats for 3000 iterations


/home/daniel.z/ICML_PIECLAM_020425/experiments/../clamiter.py:629:::  

back and forth 5/7


/home/daniel.z/ICML_PIECLAM_020425/experiments/../clamiter.py:365:::  
staring fit_prior for 2000 iterations


/home/daniel.z/ICML_PIECLAM_020425/experiments/../clamiter.py:365:::  
staring fit_feats for 3000 iterations


/home/daniel.z/ICML_PIECLAM_020425/experiments/../clamiter.py:629:::  

back and forth 6/7


/home/daniel.z/ICML_PIECLAM_020425/experiments/../clamiter.py:365:::  
staring fit_prior for 2000 iterations


/home/daniel.z/ICML_PIECLAM_020425/experiments/../clamiter.py:365:::  
staring fit_feats for 3000 iterations


/home/daniel.z/ICML_PIECLAM_020425/experiments/../clamiter.py:629:::  

back and forth 7/7


/home/daniel.z/ICML_PIECLAM_020425/experiments/../clamiter.py:365:::  
staring fit_prior for 2000 iterations


/home/daniel.z/ICML_PIECLAM_020425/experiments/../clamiter.py:365:::  
staring fit_feats for 3000 iterations


/home/daniel.z/ICML_PIECLAM_020425/experiments/../clamiter.py:704:::  

fit end


/home/daniel.z/ICML_PIECLAM_020425/experiments/../trainer.py:438:::  



FINISHED train 
 last accuracies:
test
key='auc': 0.7276766821836648
val
key='auc': 0.6671223513328776




/home/daniel.z/ICML_PIECLAM_020425/experiments/../trainer.py:454:::  

train_model_on_params on pieclam texas 
took 4273.122180700302 seconds


/home/daniel.z/ICML_PIECLAM_020425/experiments/optimization_utils.py:650:::  
Repetition no. 0


/home/daniel.z/ICML_PIECLAM_020425/experiments/../trainer.py:161:::  

Using dataset specific configuration and not global 




/home/daniel.z/ICML_PIECLAM_020425/experiments/../trainer.py:335:::  

 2025-05-28 21:42:04 starting optimization of pieclam on texas on device cuda

 configs_dict: 
{
    "clamiter_init": {
        "dim_feat": 50,
        "dim_attr": 100,
        "s_reg": 0.0,
        "l1_reg": 1,
        "T": 1,
        "hidden_dim": 64,
        "num_coupling_blocks": 32,
        "num_layers_mlp": 2
    },
    "feat_opt": {
        "lr": 5e-06,
        "n_iter": 1000,
        "early_stop": 0
    },
    "prior_opt": {
        "n_iter": 2000,
        "lr": 5e-06,
        "noise_amp": 0.05,
        "weight_decay": 0.1,
        "early_stop": 0
    },
    "back_forth": {
        "n_back_forth": 7,
        "scheduler_step_size": 3,
        "scheduler_gamma": 0.5,
        "early_stop_fit": 0,
        "first_func_in_fit": "fit_prior"
    }
}


/home/daniel.z/ICML_PIECLAM_020425/experiments/../clamiter.py:567:::  

in fit,
first_func_in_fit='fit_prior'
second_function_name='fit_feats'


/home/daniel.z/ICML_PIECLAM_020425/experiments/../clamiter.py:629:::  

back and forth 1/7


/home/daniel.z/ICML_PIECLAM_020425/experiments/../clamiter.py:365:::  
staring fit_prior for 2000 iterations


/home/daniel.z/ICML_PIECLAM_020425/experiments/../clamiter.py:365:::  
staring fit_feats for 1000 iterations


/home/daniel.z/ICML_PIECLAM_020425/experiments/../clamiter.py:629:::  

back and forth 2/7


/home/daniel.z/ICML_PIECLAM_020425/experiments/../clamiter.py:365:::  
staring fit_prior for 2000 iterations


/home/daniel.z/ICML_PIECLAM_020425/experiments/../clamiter.py:365:::  
staring fit_feats for 1000 iterations


/home/daniel.z/ICML_PIECLAM_020425/experiments/../clamiter.py:629:::  

back and forth 3/7


/home/daniel.z/ICML_PIECLAM_020425/experiments/../clamiter.py:365:::  
staring fit_prior for 2000 iterations


/home/daniel.z/ICML_PIECLAM_020425/experiments/../clamiter.py:365:::  
staring fit_feats for 1000 iterations


/home/daniel.z/ICML_PIECLAM_020425/experiments/../clamiter.py:629:::  

back and forth 4/7


/home/daniel.z/ICML_PIECLAM_020425/experiments/../clamiter.py:365:::  
staring fit_prior for 2000 iterations


/home/daniel.z/ICML_PIECLAM_020425/experiments/../clamiter.py:365:::  
staring fit_feats for 1000 iterations


/home/daniel.z/ICML_PIECLAM_020425/experiments/../clamiter.py:629:::  

back and forth 5/7


/home/daniel.z/ICML_PIECLAM_020425/experiments/../clamiter.py:365:::  
staring fit_prior for 2000 iterations


/home/daniel.z/ICML_PIECLAM_020425/experiments/../clamiter.py:365:::  
staring fit_feats for 1000 iterations


/home/daniel.z/ICML_PIECLAM_020425/experiments/../clamiter.py:629:::  

back and forth 6/7


/home/daniel.z/ICML_PIECLAM_020425/experiments/../clamiter.py:365:::  
staring fit_prior for 2000 iterations


/home/daniel.z/ICML_PIECLAM_020425/experiments/../clamiter.py:365:::  
staring fit_feats for 1000 iterations


/home/daniel.z/ICML_PIECLAM_020425/experiments/../clamiter.py:629:::  

back and forth 7/7


/home/daniel.z/ICML_PIECLAM_020425/experiments/../clamiter.py:365:::  
staring fit_prior for 2000 iterations


/home/daniel.z/ICML_PIECLAM_020425/experiments/../clamiter.py:365:::  
staring fit_feats for 1000 iterations


/home/daniel.z/ICML_PIECLAM_020425/experiments/../clamiter.py:704:::  

fit end


/home/daniel.z/ICML_PIECLAM_020425/experiments/../trainer.py:438:::  



FINISHED train 
 last accuracies:
test
key='auc': 0.7721117223867965
val
key='auc': 0.7733253588516746




/home/daniel.z/ICML_PIECLAM_020425/experiments/../trainer.py:454:::  

train_model_on_params on pieclam texas 
took 2004.3775022029877 seconds


/home/daniel.z/ICML_PIECLAM_020425/experiments/optimization_utils.py:650:::  
Repetition no. 0


/home/daniel.z/ICML_PIECLAM_020425/experiments/../trainer.py:161:::  

Using dataset specific configuration and not global 




/home/daniel.z/ICML_PIECLAM_020425/experiments/../trainer.py:335:::  

 2025-05-28 22:15:29 starting optimization of pieclam on texas on device cuda

 configs_dict: 
{
    "clamiter_init": {
        "dim_feat": 20,
        "dim_attr": 100,
        "s_reg": 0.0,
        "l1_reg": 1,
        "T": 1,
        "hidden_dim": 64,
        "num_coupling_blocks": 32,
        "num_layers_mlp": 2
    },
    "feat_opt": {
        "lr": 5e-06,
        "n_iter": 3000,
        "early_stop": 0
    },
    "prior_opt": {
        "n_iter": 2000,
        "lr": 5e-06,
        "noise_amp": 0.05,
        "weight_decay": 0.1,
        "early_stop": 0
    },
    "back_forth": {
        "n_back_forth": 7,
        "scheduler_step_size": 3,
        "scheduler_gamma": 0.5,
        "early_stop_fit": 0,
        "first_func_in_fit": "fit_prior"
    }
}


/home/daniel.z/ICML_PIECLAM_020425/experiments/../clamiter.py:567:::  

in fit,
first_func_in_fit='fit_prior'
second_function_name='fit_feats'


/home/daniel.z/ICML_PIECLAM_020425/experiments/../clamiter.py:629:::  

back and forth 1/7


/home/daniel.z/ICML_PIECLAM_020425/experiments/../clamiter.py:365:::  
staring fit_prior for 2000 iterations


/home/daniel.z/ICML_PIECLAM_020425/experiments/../clamiter.py:365:::  
staring fit_feats for 3000 iterations


/home/daniel.z/ICML_PIECLAM_020425/experiments/../clamiter.py:629:::  

back and forth 2/7


/home/daniel.z/ICML_PIECLAM_020425/experiments/../clamiter.py:365:::  
staring fit_prior for 2000 iterations


/home/daniel.z/ICML_PIECLAM_020425/experiments/../clamiter.py:365:::  
staring fit_feats for 3000 iterations


/home/daniel.z/ICML_PIECLAM_020425/experiments/../clamiter.py:629:::  

back and forth 3/7


/home/daniel.z/ICML_PIECLAM_020425/experiments/../clamiter.py:365:::  
staring fit_prior for 2000 iterations


/home/daniel.z/ICML_PIECLAM_020425/experiments/../clamiter.py:365:::  
staring fit_feats for 3000 iterations


/home/daniel.z/ICML_PIECLAM_020425/experiments/../clamiter.py:629:::  

back and forth 4/7


/home/daniel.z/ICML_PIECLAM_020425/experiments/../clamiter.py:365:::  
staring fit_prior for 2000 iterations


/home/daniel.z/ICML_PIECLAM_020425/experiments/../clamiter.py:365:::  
staring fit_feats for 3000 iterations


/home/daniel.z/ICML_PIECLAM_020425/experiments/../clamiter.py:629:::  

back and forth 5/7


/home/daniel.z/ICML_PIECLAM_020425/experiments/../clamiter.py:365:::  
staring fit_prior for 2000 iterations


/home/daniel.z/ICML_PIECLAM_020425/experiments/../clamiter.py:365:::  
staring fit_feats for 3000 iterations


/home/daniel.z/ICML_PIECLAM_020425/experiments/../clamiter.py:629:::  

back and forth 6/7


/home/daniel.z/ICML_PIECLAM_020425/experiments/../clamiter.py:365:::  
staring fit_prior for 2000 iterations


/home/daniel.z/ICML_PIECLAM_020425/experiments/../clamiter.py:365:::  
staring fit_feats for 3000 iterations


/home/daniel.z/ICML_PIECLAM_020425/experiments/../clamiter.py:629:::  

back and forth 7/7


/home/daniel.z/ICML_PIECLAM_020425/experiments/../clamiter.py:365:::  
staring fit_prior for 2000 iterations


/home/daniel.z/ICML_PIECLAM_020425/experiments/../clamiter.py:365:::  
staring fit_feats for 3000 iterations


/home/daniel.z/ICML_PIECLAM_020425/experiments/../clamiter.py:704:::  

fit end


/home/daniel.z/ICML_PIECLAM_020425/experiments/../trainer.py:438:::  



FINISHED train 
 last accuracies:
test
key='auc': 0.7743334743969531
val
key='auc': 0.8185080469769466




/home/daniel.z/ICML_PIECLAM_020425/experiments/../trainer.py:454:::  

train_model_on_params on pieclam texas 
took 4175.341586589813 seconds


/home/daniel.z/ICML_PIECLAM_020425/experiments/optimization_utils.py:650:::  
Repetition no. 0


/home/daniel.z/ICML_PIECLAM_020425/experiments/../trainer.py:161:::  

Using dataset specific configuration and not global 




/home/daniel.z/ICML_PIECLAM_020425/experiments/../trainer.py:335:::  

 2025-05-28 23:25:04 starting optimization of pieclam on texas on device cuda

 configs_dict: 
{
    "clamiter_init": {
        "dim_feat": 50,
        "dim_attr": 100,
        "s_reg": 0.0,
        "l1_reg": 1,
        "T": 1,
        "hidden_dim": 64,
        "num_coupling_blocks": 32,
        "num_layers_mlp": 2
    },
    "feat_opt": {
        "lr": 5e-06,
        "n_iter": 500,
        "early_stop": 0
    },
    "prior_opt": {
        "n_iter": 2000,
        "lr": 5e-06,
        "noise_amp": 0.05,
        "weight_decay": 0.1,
        "early_stop": 0
    },
    "back_forth": {
        "n_back_forth": 7,
        "scheduler_step_size": 3,
        "scheduler_gamma": 0.5,
        "early_stop_fit": 0,
        "first_func_in_fit": "fit_prior"
    }
}


/home/daniel.z/ICML_PIECLAM_020425/experiments/../clamiter.py:567:::  

in fit,
first_func_in_fit='fit_prior'
second_function_name='fit_feats'


/home/daniel.z/ICML_PIECLAM_020425/experiments/../clamiter.py:629:::  

back and forth 1/7


/home/daniel.z/ICML_PIECLAM_020425/experiments/../clamiter.py:365:::  
staring fit_prior for 2000 iterations


/home/daniel.z/ICML_PIECLAM_020425/experiments/../clamiter.py:365:::  
staring fit_feats for 500 iterations


/home/daniel.z/ICML_PIECLAM_020425/experiments/../clamiter.py:629:::  

back and forth 2/7


/home/daniel.z/ICML_PIECLAM_020425/experiments/../clamiter.py:365:::  
staring fit_prior for 2000 iterations


/home/daniel.z/ICML_PIECLAM_020425/experiments/../clamiter.py:365:::  
staring fit_feats for 500 iterations


/home/daniel.z/ICML_PIECLAM_020425/experiments/../clamiter.py:629:::  

back and forth 3/7


/home/daniel.z/ICML_PIECLAM_020425/experiments/../clamiter.py:365:::  
staring fit_prior for 2000 iterations


/home/daniel.z/ICML_PIECLAM_020425/experiments/../clamiter.py:365:::  
staring fit_feats for 500 iterations


/home/daniel.z/ICML_PIECLAM_020425/experiments/../clamiter.py:629:::  

back and forth 4/7


/home/daniel.z/ICML_PIECLAM_020425/experiments/../clamiter.py:365:::  
staring fit_prior for 2000 iterations


/home/daniel.z/ICML_PIECLAM_020425/experiments/../clamiter.py:365:::  
staring fit_feats for 500 iterations


/home/daniel.z/ICML_PIECLAM_020425/experiments/../clamiter.py:629:::  

back and forth 5/7


/home/daniel.z/ICML_PIECLAM_020425/experiments/../clamiter.py:365:::  
staring fit_prior for 2000 iterations


/home/daniel.z/ICML_PIECLAM_020425/experiments/../clamiter.py:365:::  
staring fit_feats for 500 iterations


/home/daniel.z/ICML_PIECLAM_020425/experiments/../clamiter.py:629:::  

back and forth 6/7


/home/daniel.z/ICML_PIECLAM_020425/experiments/../clamiter.py:365:::  
staring fit_prior for 2000 iterations


/home/daniel.z/ICML_PIECLAM_020425/experiments/../clamiter.py:365:::  
staring fit_feats for 500 iterations


/home/daniel.z/ICML_PIECLAM_020425/experiments/../clamiter.py:629:::  

back and forth 7/7


/home/daniel.z/ICML_PIECLAM_020425/experiments/../clamiter.py:365:::  
staring fit_prior for 2000 iterations


/home/daniel.z/ICML_PIECLAM_020425/experiments/../clamiter.py:365:::  
staring fit_feats for 500 iterations


/home/daniel.z/ICML_PIECLAM_020425/experiments/../clamiter.py:704:::  

fit end


/home/daniel.z/ICML_PIECLAM_020425/experiments/../trainer.py:438:::  



FINISHED train 
 last accuracies:
test
key='auc': 0.7344477359289039
val
key='auc': 0.7425528630961568




/home/daniel.z/ICML_PIECLAM_020425/experiments/../trainer.py:454:::  

train_model_on_params on pieclam texas 
took 1830.1198580265045 seconds


/home/daniel.z/ICML_PIECLAM_020425/experiments/optimization_utils.py:650:::  
Repetition no. 0


/home/daniel.z/ICML_PIECLAM_020425/experiments/../trainer.py:161:::  

Using dataset specific configuration and not global 




/home/daniel.z/ICML_PIECLAM_020425/experiments/../trainer.py:335:::  

 2025-05-28 23:55:35 starting optimization of pieclam on texas on device cuda

 configs_dict: 
{
    "clamiter_init": {
        "dim_feat": 100,
        "dim_attr": 100,
        "s_reg": 0.0,
        "l1_reg": 1,
        "T": 1,
        "hidden_dim": 64,
        "num_coupling_blocks": 32,
        "num_layers_mlp": 2
    },
    "feat_opt": {
        "lr": 5e-07,
        "n_iter": 3000,
        "early_stop": 0
    },
    "prior_opt": {
        "n_iter": 2000,
        "lr": 5e-06,
        "noise_amp": 0.05,
        "weight_decay": 0.1,
        "early_stop": 0
    },
    "back_forth": {
        "n_back_forth": 7,
        "scheduler_step_size": 3,
        "scheduler_gamma": 0.5,
        "early_stop_fit": 0,
        "first_func_in_fit": "fit_prior"
    }
}


/home/daniel.z/ICML_PIECLAM_020425/experiments/../clamiter.py:567:::  

in fit,
first_func_in_fit='fit_prior'
second_function_name='fit_feats'


/home/daniel.z/ICML_PIECLAM_020425/experiments/../clamiter.py:629:::  

back and forth 1/7


/home/daniel.z/ICML_PIECLAM_020425/experiments/../clamiter.py:365:::  
staring fit_prior for 2000 iterations


/home/daniel.z/ICML_PIECLAM_020425/experiments/../clamiter.py:365:::  
staring fit_feats for 3000 iterations


/home/daniel.z/ICML_PIECLAM_020425/experiments/../clamiter.py:629:::  

back and forth 2/7


/home/daniel.z/ICML_PIECLAM_020425/experiments/../clamiter.py:365:::  
staring fit_prior for 2000 iterations


/home/daniel.z/ICML_PIECLAM_020425/experiments/../clamiter.py:365:::  
staring fit_feats for 3000 iterations


/home/daniel.z/ICML_PIECLAM_020425/experiments/../clamiter.py:629:::  

back and forth 3/7


/home/daniel.z/ICML_PIECLAM_020425/experiments/../clamiter.py:365:::  
staring fit_prior for 2000 iterations


/home/daniel.z/ICML_PIECLAM_020425/experiments/../clamiter.py:365:::  
staring fit_feats for 3000 iterations


/home/daniel.z/ICML_PIECLAM_020425/experiments/../clamiter.py:629:::  

back and forth 4/7


/home/daniel.z/ICML_PIECLAM_020425/experiments/../clamiter.py:365:::  
staring fit_prior for 2000 iterations


/home/daniel.z/ICML_PIECLAM_020425/experiments/../clamiter.py:365:::  
staring fit_feats for 3000 iterations


/home/daniel.z/ICML_PIECLAM_020425/experiments/../clamiter.py:629:::  

back and forth 5/7


/home/daniel.z/ICML_PIECLAM_020425/experiments/../clamiter.py:365:::  
staring fit_prior for 2000 iterations


/home/daniel.z/ICML_PIECLAM_020425/experiments/../clamiter.py:365:::  
staring fit_feats for 3000 iterations


/home/daniel.z/ICML_PIECLAM_020425/experiments/../clamiter.py:629:::  

back and forth 6/7


/home/daniel.z/ICML_PIECLAM_020425/experiments/../clamiter.py:365:::  
staring fit_prior for 2000 iterations


/home/daniel.z/ICML_PIECLAM_020425/experiments/../clamiter.py:365:::  
staring fit_feats for 3000 iterations


/home/daniel.z/ICML_PIECLAM_020425/experiments/../clamiter.py:629:::  

back and forth 7/7


/home/daniel.z/ICML_PIECLAM_020425/experiments/../clamiter.py:365:::  
staring fit_prior for 2000 iterations


/home/daniel.z/ICML_PIECLAM_020425/experiments/../clamiter.py:365:::  
staring fit_feats for 3000 iterations


/home/daniel.z/ICML_PIECLAM_020425/experiments/../clamiter.py:704:::  

fit end


/home/daniel.z/ICML_PIECLAM_020425/experiments/../trainer.py:438:::  



FINISHED train 
 last accuracies:
test
key='auc': 0.6722386796445197
val
key='auc': 0.6853146853146853




/home/daniel.z/ICML_PIECLAM_020425/experiments/../trainer.py:454:::  

train_model_on_params on pieclam texas 
took 4293.679842948914 seconds


/home/daniel.z/ICML_PIECLAM_020425/experiments/optimization_utils.py:650:::  
Repetition no. 0


/home/daniel.z/ICML_PIECLAM_020425/experiments/../trainer.py:161:::  

Using dataset specific configuration and not global 




/home/daniel.z/ICML_PIECLAM_020425/experiments/../trainer.py:335:::  

 2025-05-29 01:07:10 starting optimization of pieclam on texas on device cuda

 configs_dict: 
{
    "clamiter_init": {
        "dim_feat": 50,
        "dim_attr": 100,
        "s_reg": 0.0,
        "l1_reg": 1,
        "T": 1,
        "hidden_dim": 64,
        "num_coupling_blocks": 32,
        "num_layers_mlp": 2
    },
    "feat_opt": {
        "lr": 5e-07,
        "n_iter": 500,
        "early_stop": 0
    },
    "prior_opt": {
        "n_iter": 2000,
        "lr": 5e-06,
        "noise_amp": 0.05,
        "weight_decay": 0.1,
        "early_stop": 0
    },
    "back_forth": {
        "n_back_forth": 7,
        "scheduler_step_size": 3,
        "scheduler_gamma": 0.5,
        "early_stop_fit": 0,
        "first_func_in_fit": "fit_prior"
    }
}


/home/daniel.z/ICML_PIECLAM_020425/experiments/../clamiter.py:567:::  

in fit,
first_func_in_fit='fit_prior'
second_function_name='fit_feats'


/home/daniel.z/ICML_PIECLAM_020425/experiments/../clamiter.py:629:::  

back and forth 1/7


/home/daniel.z/ICML_PIECLAM_020425/experiments/../clamiter.py:365:::  
staring fit_prior for 2000 iterations


/home/daniel.z/ICML_PIECLAM_020425/experiments/../clamiter.py:365:::  
staring fit_feats for 500 iterations


/home/daniel.z/ICML_PIECLAM_020425/experiments/../clamiter.py:629:::  

back and forth 2/7


/home/daniel.z/ICML_PIECLAM_020425/experiments/../clamiter.py:365:::  
staring fit_prior for 2000 iterations


/home/daniel.z/ICML_PIECLAM_020425/experiments/../clamiter.py:365:::  
staring fit_feats for 500 iterations


/home/daniel.z/ICML_PIECLAM_020425/experiments/../clamiter.py:629:::  

back and forth 3/7


/home/daniel.z/ICML_PIECLAM_020425/experiments/../clamiter.py:365:::  
staring fit_prior for 2000 iterations


/home/daniel.z/ICML_PIECLAM_020425/experiments/../clamiter.py:365:::  
staring fit_feats for 500 iterations


/home/daniel.z/ICML_PIECLAM_020425/experiments/../clamiter.py:629:::  

back and forth 4/7


/home/daniel.z/ICML_PIECLAM_020425/experiments/../clamiter.py:365:::  
staring fit_prior for 2000 iterations


/home/daniel.z/ICML_PIECLAM_020425/experiments/../clamiter.py:365:::  
staring fit_feats for 500 iterations


/home/daniel.z/ICML_PIECLAM_020425/experiments/../clamiter.py:629:::  

back and forth 5/7


/home/daniel.z/ICML_PIECLAM_020425/experiments/../clamiter.py:365:::  
staring fit_prior for 2000 iterations


/home/daniel.z/ICML_PIECLAM_020425/experiments/../clamiter.py:365:::  
staring fit_feats for 500 iterations


/home/daniel.z/ICML_PIECLAM_020425/experiments/../clamiter.py:629:::  

back and forth 6/7


/home/daniel.z/ICML_PIECLAM_020425/experiments/../clamiter.py:365:::  
staring fit_prior for 2000 iterations


/home/daniel.z/ICML_PIECLAM_020425/experiments/../clamiter.py:365:::  
staring fit_feats for 500 iterations


/home/daniel.z/ICML_PIECLAM_020425/experiments/../clamiter.py:629:::  

back and forth 7/7


/home/daniel.z/ICML_PIECLAM_020425/experiments/../clamiter.py:365:::  
staring fit_prior for 2000 iterations


/home/daniel.z/ICML_PIECLAM_020425/experiments/../clamiter.py:365:::  
staring fit_feats for 500 iterations


/home/daniel.z/ICML_PIECLAM_020425/experiments/../clamiter.py:704:::  

fit end


/home/daniel.z/ICML_PIECLAM_020425/experiments/../trainer.py:438:::  



FINISHED train 
 last accuracies:
test
key='auc': 0.7325433770630554
val
key='auc': 0.7555023923444977




/home/daniel.z/ICML_PIECLAM_020425/experiments/../trainer.py:454:::  

train_model_on_params on pieclam texas 
took 1886.2634496688843 seconds


/home/daniel.z/ICML_PIECLAM_020425/experiments/optimization_utils.py:650:::  
Repetition no. 0


/home/daniel.z/ICML_PIECLAM_020425/experiments/../trainer.py:161:::  

Using dataset specific configuration and not global 




/home/daniel.z/ICML_PIECLAM_020425/experiments/../trainer.py:335:::  

 2025-05-29 01:38:37 starting optimization of pieclam on texas on device cuda

 configs_dict: 
{
    "clamiter_init": {
        "dim_feat": 50,
        "dim_attr": 100,
        "s_reg": 0.0,
        "l1_reg": 1,
        "T": 1,
        "hidden_dim": 64,
        "num_coupling_blocks": 32,
        "num_layers_mlp": 2
    },
    "feat_opt": {
        "lr": 5e-07,
        "n_iter": 3000,
        "early_stop": 0
    },
    "prior_opt": {
        "n_iter": 2000,
        "lr": 5e-06,
        "noise_amp": 0.05,
        "weight_decay": 0.1,
        "early_stop": 0
    },
    "back_forth": {
        "n_back_forth": 7,
        "scheduler_step_size": 3,
        "scheduler_gamma": 0.5,
        "early_stop_fit": 0,
        "first_func_in_fit": "fit_prior"
    }
}


/home/daniel.z/ICML_PIECLAM_020425/experiments/../clamiter.py:567:::  

in fit,
first_func_in_fit='fit_prior'
second_function_name='fit_feats'


/home/daniel.z/ICML_PIECLAM_020425/experiments/../clamiter.py:629:::  

back and forth 1/7


/home/daniel.z/ICML_PIECLAM_020425/experiments/../clamiter.py:365:::  
staring fit_prior for 2000 iterations


/home/daniel.z/ICML_PIECLAM_020425/experiments/../clamiter.py:365:::  
staring fit_feats for 3000 iterations


/home/daniel.z/ICML_PIECLAM_020425/experiments/../clamiter.py:629:::  

back and forth 2/7


/home/daniel.z/ICML_PIECLAM_020425/experiments/../clamiter.py:365:::  
staring fit_prior for 2000 iterations


/home/daniel.z/ICML_PIECLAM_020425/experiments/../clamiter.py:365:::  
staring fit_feats for 3000 iterations


/home/daniel.z/ICML_PIECLAM_020425/experiments/../clamiter.py:629:::  

back and forth 3/7


/home/daniel.z/ICML_PIECLAM_020425/experiments/../clamiter.py:365:::  
staring fit_prior for 2000 iterations


/home/daniel.z/ICML_PIECLAM_020425/experiments/../clamiter.py:365:::  
staring fit_feats for 3000 iterations


/home/daniel.z/ICML_PIECLAM_020425/experiments/../clamiter.py:629:::  

back and forth 4/7


/home/daniel.z/ICML_PIECLAM_020425/experiments/../clamiter.py:365:::  
staring fit_prior for 2000 iterations


/home/daniel.z/ICML_PIECLAM_020425/experiments/../clamiter.py:365:::  
staring fit_feats for 3000 iterations


/home/daniel.z/ICML_PIECLAM_020425/experiments/../clamiter.py:629:::  

back and forth 5/7


/home/daniel.z/ICML_PIECLAM_020425/experiments/../clamiter.py:365:::  
staring fit_prior for 2000 iterations


/home/daniel.z/ICML_PIECLAM_020425/experiments/../clamiter.py:365:::  
staring fit_feats for 3000 iterations


/home/daniel.z/ICML_PIECLAM_020425/experiments/../clamiter.py:629:::  

back and forth 6/7


/home/daniel.z/ICML_PIECLAM_020425/experiments/../clamiter.py:365:::  
staring fit_prior for 2000 iterations


/home/daniel.z/ICML_PIECLAM_020425/experiments/../clamiter.py:365:::  
staring fit_feats for 3000 iterations


/home/daniel.z/ICML_PIECLAM_020425/experiments/../clamiter.py:629:::  

back and forth 7/7


/home/daniel.z/ICML_PIECLAM_020425/experiments/../clamiter.py:365:::  
staring fit_prior for 2000 iterations


/home/daniel.z/ICML_PIECLAM_020425/experiments/../clamiter.py:365:::  
staring fit_feats for 3000 iterations


/home/daniel.z/ICML_PIECLAM_020425/experiments/../clamiter.py:704:::  

fit end


/home/daniel.z/ICML_PIECLAM_020425/experiments/../trainer.py:438:::  



FINISHED train 
 last accuracies:
test
key='auc': 0.7261955141768938
val
key='auc': 0.6786499418078366




/home/daniel.z/ICML_PIECLAM_020425/experiments/../trainer.py:454:::  

train_model_on_params on pieclam texas 
took 4281.400901794434 seconds


/home/daniel.z/ICML_PIECLAM_020425/experiments/optimization_utils.py:650:::  
Repetition no. 0


/home/daniel.z/ICML_PIECLAM_020425/experiments/../trainer.py:161:::  

Using dataset specific configuration and not global 




/home/daniel.z/ICML_PIECLAM_020425/experiments/../trainer.py:335:::  

 2025-05-29 02:49:59 starting optimization of pieclam on texas on device cuda

 configs_dict: 
{
    "clamiter_init": {
        "dim_feat": 100,
        "dim_attr": 100,
        "s_reg": 0.0,
        "l1_reg": 1,
        "T": 1,
        "hidden_dim": 64,
        "num_coupling_blocks": 32,
        "num_layers_mlp": 2
    },
    "feat_opt": {
        "lr": 5e-06,
        "n_iter": 1000,
        "early_stop": 0
    },
    "prior_opt": {
        "n_iter": 2000,
        "lr": 5e-06,
        "noise_amp": 0.05,
        "weight_decay": 0.1,
        "early_stop": 0
    },
    "back_forth": {
        "n_back_forth": 7,
        "scheduler_step_size": 3,
        "scheduler_gamma": 0.5,
        "early_stop_fit": 0,
        "first_func_in_fit": "fit_prior"
    }
}


/home/daniel.z/ICML_PIECLAM_020425/experiments/../clamiter.py:567:::  

in fit,
first_func_in_fit='fit_prior'
second_function_name='fit_feats'


/home/daniel.z/ICML_PIECLAM_020425/experiments/../clamiter.py:629:::  

back and forth 1/7


/home/daniel.z/ICML_PIECLAM_020425/experiments/../clamiter.py:365:::  
staring fit_prior for 2000 iterations


/home/daniel.z/ICML_PIECLAM_020425/experiments/../clamiter.py:365:::  
staring fit_feats for 1000 iterations


/home/daniel.z/ICML_PIECLAM_020425/experiments/../clamiter.py:629:::  

back and forth 2/7


/home/daniel.z/ICML_PIECLAM_020425/experiments/../clamiter.py:365:::  
staring fit_prior for 2000 iterations


/home/daniel.z/ICML_PIECLAM_020425/experiments/../clamiter.py:365:::  
staring fit_feats for 1000 iterations


/home/daniel.z/ICML_PIECLAM_020425/experiments/../clamiter.py:629:::  

back and forth 3/7


/home/daniel.z/ICML_PIECLAM_020425/experiments/../clamiter.py:365:::  
staring fit_prior for 2000 iterations


/home/daniel.z/ICML_PIECLAM_020425/experiments/../clamiter.py:365:::  
staring fit_feats for 1000 iterations


/home/daniel.z/ICML_PIECLAM_020425/experiments/../clamiter.py:629:::  

back and forth 4/7


/home/daniel.z/ICML_PIECLAM_020425/experiments/../clamiter.py:365:::  
staring fit_prior for 2000 iterations


/home/daniel.z/ICML_PIECLAM_020425/experiments/../clamiter.py:365:::  
staring fit_feats for 1000 iterations


/home/daniel.z/ICML_PIECLAM_020425/experiments/../clamiter.py:629:::  

back and forth 5/7


/home/daniel.z/ICML_PIECLAM_020425/experiments/../clamiter.py:365:::  
staring fit_prior for 2000 iterations


/home/daniel.z/ICML_PIECLAM_020425/experiments/../clamiter.py:365:::  
staring fit_feats for 1000 iterations


/home/daniel.z/ICML_PIECLAM_020425/experiments/../clamiter.py:629:::  

back and forth 6/7


/home/daniel.z/ICML_PIECLAM_020425/experiments/../clamiter.py:365:::  
staring fit_prior for 2000 iterations


/home/daniel.z/ICML_PIECLAM_020425/experiments/../clamiter.py:365:::  
staring fit_feats for 1000 iterations


/home/daniel.z/ICML_PIECLAM_020425/experiments/../clamiter.py:629:::  

back and forth 7/7


/home/daniel.z/ICML_PIECLAM_020425/experiments/../clamiter.py:365:::  
staring fit_prior for 2000 iterations


/home/daniel.z/ICML_PIECLAM_020425/experiments/../clamiter.py:365:::  
staring fit_feats for 1000 iterations


/home/daniel.z/ICML_PIECLAM_020425/experiments/../clamiter.py:704:::  

fit end


/home/daniel.z/ICML_PIECLAM_020425/experiments/../trainer.py:438:::  



FINISHED train 
 last accuracies:
test
key='auc': 0.7090562843842574
val
key='auc': 0.837011884550085




/home/daniel.z/ICML_PIECLAM_020425/experiments/../trainer.py:454:::  

train_model_on_params on pieclam texas 
took 2361.24990940094 seconds


/home/daniel.z/ICML_PIECLAM_020425/experiments/optimization_utils.py:650:::  
Repetition no. 0


/home/daniel.z/ICML_PIECLAM_020425/experiments/../trainer.py:161:::  

Using dataset specific configuration and not global 




/home/daniel.z/ICML_PIECLAM_020425/experiments/../trainer.py:335:::  

 2025-05-29 03:29:21 starting optimization of pieclam on texas on device cuda

 configs_dict: 
{
    "clamiter_init": {
        "dim_feat": 20,
        "dim_attr": 100,
        "s_reg": 0.0,
        "l1_reg": 1,
        "T": 1,
        "hidden_dim": 64,
        "num_coupling_blocks": 32,
        "num_layers_mlp": 2
    },
    "feat_opt": {
        "lr": 5e-06,
        "n_iter": 500,
        "early_stop": 0
    },
    "prior_opt": {
        "n_iter": 2000,
        "lr": 5e-06,
        "noise_amp": 0.05,
        "weight_decay": 0.1,
        "early_stop": 0
    },
    "back_forth": {
        "n_back_forth": 7,
        "scheduler_step_size": 3,
        "scheduler_gamma": 0.5,
        "early_stop_fit": 0,
        "first_func_in_fit": "fit_prior"
    }
}


/home/daniel.z/ICML_PIECLAM_020425/experiments/../clamiter.py:567:::  

in fit,
first_func_in_fit='fit_prior'
second_function_name='fit_feats'


/home/daniel.z/ICML_PIECLAM_020425/experiments/../clamiter.py:629:::  

back and forth 1/7


/home/daniel.z/ICML_PIECLAM_020425/experiments/../clamiter.py:365:::  
staring fit_prior for 2000 iterations


/home/daniel.z/ICML_PIECLAM_020425/experiments/../clamiter.py:365:::  
staring fit_feats for 500 iterations


/home/daniel.z/ICML_PIECLAM_020425/experiments/../clamiter.py:629:::  

back and forth 2/7


/home/daniel.z/ICML_PIECLAM_020425/experiments/../clamiter.py:365:::  
staring fit_prior for 2000 iterations


/home/daniel.z/ICML_PIECLAM_020425/experiments/../clamiter.py:365:::  
staring fit_feats for 500 iterations


/home/daniel.z/ICML_PIECLAM_020425/experiments/../clamiter.py:629:::  

back and forth 3/7


/home/daniel.z/ICML_PIECLAM_020425/experiments/../clamiter.py:365:::  
staring fit_prior for 2000 iterations


/home/daniel.z/ICML_PIECLAM_020425/experiments/../clamiter.py:365:::  
staring fit_feats for 500 iterations


/home/daniel.z/ICML_PIECLAM_020425/experiments/../clamiter.py:629:::  

back and forth 4/7


/home/daniel.z/ICML_PIECLAM_020425/experiments/../clamiter.py:365:::  
staring fit_prior for 2000 iterations


/home/daniel.z/ICML_PIECLAM_020425/experiments/../clamiter.py:365:::  
staring fit_feats for 500 iterations


/home/daniel.z/ICML_PIECLAM_020425/experiments/../clamiter.py:629:::  

back and forth 5/7


/home/daniel.z/ICML_PIECLAM_020425/experiments/../clamiter.py:365:::  
staring fit_prior for 2000 iterations


/home/daniel.z/ICML_PIECLAM_020425/experiments/../clamiter.py:365:::  
staring fit_feats for 500 iterations


/home/daniel.z/ICML_PIECLAM_020425/experiments/../clamiter.py:629:::  

back and forth 6/7


/home/daniel.z/ICML_PIECLAM_020425/experiments/../clamiter.py:365:::  
staring fit_prior for 2000 iterations


/home/daniel.z/ICML_PIECLAM_020425/experiments/../clamiter.py:365:::  
staring fit_feats for 500 iterations


/home/daniel.z/ICML_PIECLAM_020425/experiments/../clamiter.py:629:::  

back and forth 7/7


/home/daniel.z/ICML_PIECLAM_020425/experiments/../clamiter.py:365:::  
staring fit_prior for 2000 iterations


/home/daniel.z/ICML_PIECLAM_020425/experiments/../clamiter.py:365:::  
staring fit_feats for 500 iterations


/home/daniel.z/ICML_PIECLAM_020425/experiments/../clamiter.py:704:::  

fit end


/home/daniel.z/ICML_PIECLAM_020425/experiments/../trainer.py:438:::  



FINISHED train 
 last accuracies:
test
key='auc': 0.7111722386796445
val
key='auc': 0.8762505437146586




/home/daniel.z/ICML_PIECLAM_020425/experiments/../trainer.py:454:::  

train_model_on_params on pieclam texas 
took 1901.6150696277618 seconds


/home/daniel.z/ICML_PIECLAM_020425/experiments/optimization_utils.py:650:::  
Repetition no. 0


/home/daniel.z/ICML_PIECLAM_020425/experiments/../trainer.py:161:::  

Using dataset specific configuration and not global 




/home/daniel.z/ICML_PIECLAM_020425/experiments/../trainer.py:335:::  

 2025-05-29 04:01:02 starting optimization of pieclam on texas on device cuda

 configs_dict: 
{
    "clamiter_init": {
        "dim_feat": 50,
        "dim_attr": 100,
        "s_reg": 0.0,
        "l1_reg": 1,
        "T": 1,
        "hidden_dim": 64,
        "num_coupling_blocks": 32,
        "num_layers_mlp": 2
    },
    "feat_opt": {
        "lr": 5e-06,
        "n_iter": 3000,
        "early_stop": 0
    },
    "prior_opt": {
        "n_iter": 2000,
        "lr": 5e-06,
        "noise_amp": 0.05,
        "weight_decay": 0.1,
        "early_stop": 0
    },
    "back_forth": {
        "n_back_forth": 7,
        "scheduler_step_size": 3,
        "scheduler_gamma": 0.5,
        "early_stop_fit": 0,
        "first_func_in_fit": "fit_prior"
    }
}


/home/daniel.z/ICML_PIECLAM_020425/experiments/../clamiter.py:567:::  

in fit,
first_func_in_fit='fit_prior'
second_function_name='fit_feats'


/home/daniel.z/ICML_PIECLAM_020425/experiments/../clamiter.py:629:::  

back and forth 1/7


/home/daniel.z/ICML_PIECLAM_020425/experiments/../clamiter.py:365:::  
staring fit_prior for 2000 iterations


/home/daniel.z/ICML_PIECLAM_020425/experiments/../clamiter.py:365:::  
staring fit_feats for 3000 iterations


/home/daniel.z/ICML_PIECLAM_020425/experiments/../clamiter.py:629:::  

back and forth 2/7


/home/daniel.z/ICML_PIECLAM_020425/experiments/../clamiter.py:365:::  
staring fit_prior for 2000 iterations


/home/daniel.z/ICML_PIECLAM_020425/experiments/../clamiter.py:365:::  
staring fit_feats for 3000 iterations


/home/daniel.z/ICML_PIECLAM_020425/experiments/../clamiter.py:629:::  

back and forth 3/7


/home/daniel.z/ICML_PIECLAM_020425/experiments/../clamiter.py:365:::  
staring fit_prior for 2000 iterations


/home/daniel.z/ICML_PIECLAM_020425/experiments/../clamiter.py:365:::  
staring fit_feats for 3000 iterations


/home/daniel.z/ICML_PIECLAM_020425/experiments/../clamiter.py:629:::  

back and forth 4/7


/home/daniel.z/ICML_PIECLAM_020425/experiments/../clamiter.py:365:::  
staring fit_prior for 2000 iterations


/home/daniel.z/ICML_PIECLAM_020425/experiments/../clamiter.py:365:::  
staring fit_feats for 3000 iterations


/home/daniel.z/ICML_PIECLAM_020425/experiments/../clamiter.py:629:::  

back and forth 5/7


/home/daniel.z/ICML_PIECLAM_020425/experiments/../clamiter.py:365:::  
staring fit_prior for 2000 iterations


/home/daniel.z/ICML_PIECLAM_020425/experiments/../clamiter.py:365:::  
staring fit_feats for 3000 iterations


/home/daniel.z/ICML_PIECLAM_020425/experiments/../clamiter.py:629:::  

back and forth 6/7


/home/daniel.z/ICML_PIECLAM_020425/experiments/../clamiter.py:365:::  
staring fit_prior for 2000 iterations


/home/daniel.z/ICML_PIECLAM_020425/experiments/../clamiter.py:365:::  
staring fit_feats for 3000 iterations


/home/daniel.z/ICML_PIECLAM_020425/experiments/../clamiter.py:629:::  

back and forth 7/7


/home/daniel.z/ICML_PIECLAM_020425/experiments/../clamiter.py:365:::  
staring fit_prior for 2000 iterations


/home/daniel.z/ICML_PIECLAM_020425/experiments/../clamiter.py:365:::  
staring fit_feats for 3000 iterations


/home/daniel.z/ICML_PIECLAM_020425/experiments/../clamiter.py:704:::  

fit end


/home/daniel.z/ICML_PIECLAM_020425/experiments/../trainer.py:438:::  



FINISHED train 
 last accuracies:
test
key='auc': 0.7816335167160389
val
key='auc': 0.8897441231537342




/home/daniel.z/ICML_PIECLAM_020425/experiments/../trainer.py:454:::  

train_model_on_params on pieclam texas 
took 3872.557368516922 seconds


/home/daniel.z/ICML_PIECLAM_020425/experiments/optimization_utils.py:650:::  
Repetition no. 0


/home/daniel.z/ICML_PIECLAM_020425/experiments/../trainer.py:161:::  

Using dataset specific configuration and not global 




/home/daniel.z/ICML_PIECLAM_020425/experiments/../trainer.py:335:::  

 2025-05-29 05:05:35 starting optimization of pieclam on texas on device cuda

 configs_dict: 
{
    "clamiter_init": {
        "dim_feat": 20,
        "dim_attr": 100,
        "s_reg": 0.0,
        "l1_reg": 1,
        "T": 1,
        "hidden_dim": 64,
        "num_coupling_blocks": 32,
        "num_layers_mlp": 2
    },
    "feat_opt": {
        "lr": 5e-07,
        "n_iter": 1000,
        "early_stop": 0
    },
    "prior_opt": {
        "n_iter": 2000,
        "lr": 5e-06,
        "noise_amp": 0.05,
        "weight_decay": 0.1,
        "early_stop": 0
    },
    "back_forth": {
        "n_back_forth": 7,
        "scheduler_step_size": 3,
        "scheduler_gamma": 0.5,
        "early_stop_fit": 0,
        "first_func_in_fit": "fit_prior"
    }
}


/home/daniel.z/ICML_PIECLAM_020425/experiments/../clamiter.py:567:::  

in fit,
first_func_in_fit='fit_prior'
second_function_name='fit_feats'


/home/daniel.z/ICML_PIECLAM_020425/experiments/../clamiter.py:629:::  

back and forth 1/7


/home/daniel.z/ICML_PIECLAM_020425/experiments/../clamiter.py:365:::  
staring fit_prior for 2000 iterations


/home/daniel.z/ICML_PIECLAM_020425/experiments/../clamiter.py:365:::  
staring fit_feats for 1000 iterations


/home/daniel.z/ICML_PIECLAM_020425/experiments/../clamiter.py:629:::  

back and forth 2/7


/home/daniel.z/ICML_PIECLAM_020425/experiments/../clamiter.py:365:::  
staring fit_prior for 2000 iterations


/home/daniel.z/ICML_PIECLAM_020425/experiments/../clamiter.py:365:::  
staring fit_feats for 1000 iterations


/home/daniel.z/ICML_PIECLAM_020425/experiments/../clamiter.py:629:::  

back and forth 3/7


/home/daniel.z/ICML_PIECLAM_020425/experiments/../clamiter.py:365:::  
staring fit_prior for 2000 iterations


/home/daniel.z/ICML_PIECLAM_020425/experiments/../clamiter.py:365:::  
staring fit_feats for 1000 iterations


/home/daniel.z/ICML_PIECLAM_020425/experiments/../clamiter.py:629:::  

back and forth 4/7


/home/daniel.z/ICML_PIECLAM_020425/experiments/../clamiter.py:365:::  
staring fit_prior for 2000 iterations


/home/daniel.z/ICML_PIECLAM_020425/experiments/../clamiter.py:365:::  
staring fit_feats for 1000 iterations


/home/daniel.z/ICML_PIECLAM_020425/experiments/../clamiter.py:629:::  

back and forth 5/7


/home/daniel.z/ICML_PIECLAM_020425/experiments/../clamiter.py:365:::  
staring fit_prior for 2000 iterations


/home/daniel.z/ICML_PIECLAM_020425/experiments/../clamiter.py:365:::  
staring fit_feats for 1000 iterations


/home/daniel.z/ICML_PIECLAM_020425/experiments/../clamiter.py:629:::  

back and forth 6/7


/home/daniel.z/ICML_PIECLAM_020425/experiments/../clamiter.py:365:::  
staring fit_prior for 2000 iterations


/home/daniel.z/ICML_PIECLAM_020425/experiments/../clamiter.py:365:::  
staring fit_feats for 1000 iterations


/home/daniel.z/ICML_PIECLAM_020425/experiments/../clamiter.py:629:::  

back and forth 7/7


/home/daniel.z/ICML_PIECLAM_020425/experiments/../clamiter.py:365:::  
staring fit_prior for 2000 iterations


/home/daniel.z/ICML_PIECLAM_020425/experiments/../clamiter.py:365:::  
staring fit_feats for 1000 iterations


/home/daniel.z/ICML_PIECLAM_020425/experiments/../clamiter.py:704:::  

fit end


/home/daniel.z/ICML_PIECLAM_020425/experiments/../trainer.py:438:::  



FINISHED train 
 last accuracies:
test
key='auc': 0.7190012695725772
val
key='auc': 0.7292970187707031




/home/daniel.z/ICML_PIECLAM_020425/experiments/../trainer.py:454:::  

train_model_on_params on pieclam texas 
took 1959.3816845417023 seconds


/home/daniel.z/ICML_PIECLAM_020425/experiments/optimization_utils.py:650:::  
Repetition no. 0


/home/daniel.z/ICML_PIECLAM_020425/experiments/../trainer.py:161:::  

Using dataset specific configuration and not global 




/home/daniel.z/ICML_PIECLAM_020425/experiments/../trainer.py:335:::  

 2025-05-29 05:38:15 starting optimization of pieclam on texas on device cuda

 configs_dict: 
{
    "clamiter_init": {
        "dim_feat": 100,
        "dim_attr": 100,
        "s_reg": 0.0,
        "l1_reg": 1,
        "T": 1,
        "hidden_dim": 64,
        "num_coupling_blocks": 32,
        "num_layers_mlp": 2
    },
    "feat_opt": {
        "lr": 5e-07,
        "n_iter": 1000,
        "early_stop": 0
    },
    "prior_opt": {
        "n_iter": 2000,
        "lr": 5e-06,
        "noise_amp": 0.05,
        "weight_decay": 0.1,
        "early_stop": 0
    },
    "back_forth": {
        "n_back_forth": 7,
        "scheduler_step_size": 3,
        "scheduler_gamma": 0.5,
        "early_stop_fit": 0,
        "first_func_in_fit": "fit_prior"
    }
}


/home/daniel.z/ICML_PIECLAM_020425/experiments/../clamiter.py:567:::  

in fit,
first_func_in_fit='fit_prior'
second_function_name='fit_feats'


/home/daniel.z/ICML_PIECLAM_020425/experiments/../clamiter.py:629:::  

back and forth 1/7


/home/daniel.z/ICML_PIECLAM_020425/experiments/../clamiter.py:365:::  
staring fit_prior for 2000 iterations


/home/daniel.z/ICML_PIECLAM_020425/experiments/../clamiter.py:365:::  
staring fit_feats for 1000 iterations


/home/daniel.z/ICML_PIECLAM_020425/experiments/../clamiter.py:629:::  

back and forth 2/7


/home/daniel.z/ICML_PIECLAM_020425/experiments/../clamiter.py:365:::  
staring fit_prior for 2000 iterations


/home/daniel.z/ICML_PIECLAM_020425/experiments/../clamiter.py:365:::  
staring fit_feats for 1000 iterations


/home/daniel.z/ICML_PIECLAM_020425/experiments/../clamiter.py:629:::  

back and forth 3/7


/home/daniel.z/ICML_PIECLAM_020425/experiments/../clamiter.py:365:::  
staring fit_prior for 2000 iterations


/home/daniel.z/ICML_PIECLAM_020425/experiments/../clamiter.py:365:::  
staring fit_feats for 1000 iterations


/home/daniel.z/ICML_PIECLAM_020425/experiments/../clamiter.py:629:::  

back and forth 4/7


/home/daniel.z/ICML_PIECLAM_020425/experiments/../clamiter.py:365:::  
staring fit_prior for 2000 iterations


/home/daniel.z/ICML_PIECLAM_020425/experiments/../clamiter.py:365:::  
staring fit_feats for 1000 iterations


/home/daniel.z/ICML_PIECLAM_020425/experiments/../clamiter.py:629:::  

back and forth 5/7


/home/daniel.z/ICML_PIECLAM_020425/experiments/../clamiter.py:365:::  
staring fit_prior for 2000 iterations


/home/daniel.z/ICML_PIECLAM_020425/experiments/../clamiter.py:365:::  
staring fit_feats for 1000 iterations


/home/daniel.z/ICML_PIECLAM_020425/experiments/../clamiter.py:629:::  

back and forth 6/7


/home/daniel.z/ICML_PIECLAM_020425/experiments/../clamiter.py:365:::  
staring fit_prior for 2000 iterations


/home/daniel.z/ICML_PIECLAM_020425/experiments/../clamiter.py:365:::  
staring fit_feats for 1000 iterations


/home/daniel.z/ICML_PIECLAM_020425/experiments/../clamiter.py:629:::  

back and forth 7/7


/home/daniel.z/ICML_PIECLAM_020425/experiments/../clamiter.py:365:::  
staring fit_prior for 2000 iterations


/home/daniel.z/ICML_PIECLAM_020425/experiments/../clamiter.py:365:::  
staring fit_feats for 1000 iterations


/home/daniel.z/ICML_PIECLAM_020425/experiments/../clamiter.py:704:::  

fit end


/home/daniel.z/ICML_PIECLAM_020425/experiments/../trainer.py:438:::  



FINISHED train 
 last accuracies:
test
key='auc': 0.5467625899280575
val
key='auc': 0.5131578947368421




/home/daniel.z/ICML_PIECLAM_020425/experiments/../trainer.py:454:::  

train_model_on_params on pieclam texas 
took 2427.5066323280334 seconds


/home/daniel.z/ICML_PIECLAM_020425/experiments/optimization_utils.py:650:::  
Repetition no. 0


/home/daniel.z/ICML_PIECLAM_020425/experiments/../trainer.py:161:::  

Using dataset specific configuration and not global 




/home/daniel.z/ICML_PIECLAM_020425/experiments/../trainer.py:335:::  

 2025-05-29 06:18:43 starting optimization of pieclam on texas on device cuda

 configs_dict: 
{
    "clamiter_init": {
        "dim_feat": 100,
        "dim_attr": 100,
        "s_reg": 0.0,
        "l1_reg": 1,
        "T": 1,
        "hidden_dim": 64,
        "num_coupling_blocks": 32,
        "num_layers_mlp": 2
    },
    "feat_opt": {
        "lr": 5e-06,
        "n_iter": 3000,
        "early_stop": 0
    },
    "prior_opt": {
        "n_iter": 2000,
        "lr": 5e-06,
        "noise_amp": 0.05,
        "weight_decay": 0.1,
        "early_stop": 0
    },
    "back_forth": {
        "n_back_forth": 7,
        "scheduler_step_size": 3,
        "scheduler_gamma": 0.5,
        "early_stop_fit": 0,
        "first_func_in_fit": "fit_prior"
    }
}


/home/daniel.z/ICML_PIECLAM_020425/experiments/../clamiter.py:567:::  

in fit,
first_func_in_fit='fit_prior'
second_function_name='fit_feats'


/home/daniel.z/ICML_PIECLAM_020425/experiments/../clamiter.py:629:::  

back and forth 1/7


/home/daniel.z/ICML_PIECLAM_020425/experiments/../clamiter.py:365:::  
staring fit_prior for 2000 iterations


/home/daniel.z/ICML_PIECLAM_020425/experiments/../clamiter.py:365:::  
staring fit_feats for 3000 iterations


/home/daniel.z/ICML_PIECLAM_020425/experiments/../clamiter.py:629:::  

back and forth 2/7


/home/daniel.z/ICML_PIECLAM_020425/experiments/../clamiter.py:365:::  
staring fit_prior for 2000 iterations


/home/daniel.z/ICML_PIECLAM_020425/experiments/../clamiter.py:365:::  
staring fit_feats for 3000 iterations


/home/daniel.z/ICML_PIECLAM_020425/experiments/../clamiter.py:629:::  

back and forth 3/7


/home/daniel.z/ICML_PIECLAM_020425/experiments/../clamiter.py:365:::  
staring fit_prior for 2000 iterations


/home/daniel.z/ICML_PIECLAM_020425/experiments/../clamiter.py:365:::  
staring fit_feats for 3000 iterations


/home/daniel.z/ICML_PIECLAM_020425/experiments/../clamiter.py:629:::  

back and forth 4/7


/home/daniel.z/ICML_PIECLAM_020425/experiments/../clamiter.py:365:::  
staring fit_prior for 2000 iterations


/home/daniel.z/ICML_PIECLAM_020425/experiments/../clamiter.py:365:::  
staring fit_feats for 3000 iterations


/home/daniel.z/ICML_PIECLAM_020425/experiments/../clamiter.py:629:::  

back and forth 5/7


/home/daniel.z/ICML_PIECLAM_020425/experiments/../clamiter.py:365:::  
staring fit_prior for 2000 iterations


/home/daniel.z/ICML_PIECLAM_020425/experiments/../clamiter.py:365:::  
staring fit_feats for 3000 iterations


/home/daniel.z/ICML_PIECLAM_020425/experiments/../clamiter.py:629:::  

back and forth 6/7


/home/daniel.z/ICML_PIECLAM_020425/experiments/../clamiter.py:365:::  
staring fit_prior for 2000 iterations


/home/daniel.z/ICML_PIECLAM_020425/experiments/../clamiter.py:365:::  
staring fit_feats for 3000 iterations


/home/daniel.z/ICML_PIECLAM_020425/experiments/../clamiter.py:629:::  

back and forth 7/7


/home/daniel.z/ICML_PIECLAM_020425/experiments/../clamiter.py:365:::  
staring fit_prior for 2000 iterations


/home/daniel.z/ICML_PIECLAM_020425/experiments/../clamiter.py:365:::  
staring fit_feats for 3000 iterations


/home/daniel.z/ICML_PIECLAM_020425/experiments/../clamiter.py:704:::  

fit end


/home/daniel.z/ICML_PIECLAM_020425/experiments/../trainer.py:438:::  



FINISHED train 
 last accuracies:
test
key='auc': 0.7666102412187896
val
key='auc': 0.8156854587060537




/home/daniel.z/ICML_PIECLAM_020425/experiments/../trainer.py:454:::  

train_model_on_params on pieclam texas 
took 4239.3006818294525 seconds


/home/daniel.z/ICML_PIECLAM_020425/experiments/optimization_utils.py:650:::  
Repetition no. 0


/home/daniel.z/ICML_PIECLAM_020425/experiments/../trainer.py:161:::  

Using dataset specific configuration and not global 




/home/daniel.z/ICML_PIECLAM_020425/experiments/../trainer.py:335:::  

 2025-05-29 07:29:22 starting optimization of pieclam on texas on device cuda

 configs_dict: 
{
    "clamiter_init": {
        "dim_feat": 50,
        "dim_attr": 100,
        "s_reg": 0.0,
        "l1_reg": 1,
        "T": 1,
        "hidden_dim": 64,
        "num_coupling_blocks": 32,
        "num_layers_mlp": 2
    },
    "feat_opt": {
        "lr": 5e-07,
        "n_iter": 1000,
        "early_stop": 0
    },
    "prior_opt": {
        "n_iter": 2000,
        "lr": 5e-06,
        "noise_amp": 0.05,
        "weight_decay": 0.1,
        "early_stop": 0
    },
    "back_forth": {
        "n_back_forth": 7,
        "scheduler_step_size": 3,
        "scheduler_gamma": 0.5,
        "early_stop_fit": 0,
        "first_func_in_fit": "fit_prior"
    }
}


/home/daniel.z/ICML_PIECLAM_020425/experiments/../clamiter.py:567:::  

in fit,
first_func_in_fit='fit_prior'
second_function_name='fit_feats'


/home/daniel.z/ICML_PIECLAM_020425/experiments/../clamiter.py:629:::  

back and forth 1/7


/home/daniel.z/ICML_PIECLAM_020425/experiments/../clamiter.py:365:::  
staring fit_prior for 2000 iterations


/home/daniel.z/ICML_PIECLAM_020425/experiments/../clamiter.py:365:::  
staring fit_feats for 1000 iterations


/home/daniel.z/ICML_PIECLAM_020425/experiments/../clamiter.py:629:::  

back and forth 2/7


/home/daniel.z/ICML_PIECLAM_020425/experiments/../clamiter.py:365:::  
staring fit_prior for 2000 iterations


/home/daniel.z/ICML_PIECLAM_020425/experiments/../clamiter.py:365:::  
staring fit_feats for 1000 iterations


/home/daniel.z/ICML_PIECLAM_020425/experiments/../clamiter.py:629:::  

back and forth 3/7


/home/daniel.z/ICML_PIECLAM_020425/experiments/../clamiter.py:365:::  
staring fit_prior for 2000 iterations


/home/daniel.z/ICML_PIECLAM_020425/experiments/../clamiter.py:365:::  
staring fit_feats for 1000 iterations


/home/daniel.z/ICML_PIECLAM_020425/experiments/../clamiter.py:629:::  

back and forth 4/7


/home/daniel.z/ICML_PIECLAM_020425/experiments/../clamiter.py:365:::  
staring fit_prior for 2000 iterations


/home/daniel.z/ICML_PIECLAM_020425/experiments/../clamiter.py:365:::  
staring fit_feats for 1000 iterations


/home/daniel.z/ICML_PIECLAM_020425/experiments/../clamiter.py:629:::  

back and forth 5/7


/home/daniel.z/ICML_PIECLAM_020425/experiments/../clamiter.py:365:::  
staring fit_prior for 2000 iterations


/home/daniel.z/ICML_PIECLAM_020425/experiments/../clamiter.py:365:::  
staring fit_feats for 1000 iterations


/home/daniel.z/ICML_PIECLAM_020425/experiments/../clamiter.py:629:::  

back and forth 6/7


/home/daniel.z/ICML_PIECLAM_020425/experiments/../clamiter.py:365:::  
staring fit_prior for 2000 iterations


/home/daniel.z/ICML_PIECLAM_020425/experiments/../clamiter.py:365:::  
staring fit_feats for 1000 iterations


/home/daniel.z/ICML_PIECLAM_020425/experiments/../clamiter.py:629:::  

back and forth 7/7


/home/daniel.z/ICML_PIECLAM_020425/experiments/../clamiter.py:365:::  
staring fit_prior for 2000 iterations


/home/daniel.z/ICML_PIECLAM_020425/experiments/../clamiter.py:365:::  
staring fit_feats for 1000 iterations


/home/daniel.z/ICML_PIECLAM_020425/experiments/../clamiter.py:704:::  

fit end


/home/daniel.z/ICML_PIECLAM_020425/experiments/../trainer.py:438:::  



FINISHED train 
 last accuracies:
test
key='auc': 0.6941388066017775
val
key='auc': 0.7173615857826384




/home/daniel.z/ICML_PIECLAM_020425/experiments/../trainer.py:454:::  

train_model_on_params on pieclam texas 
took 2364.857983112335 seconds


/home/daniel.z/ICML_PIECLAM_020425/experiments/optimization_utils.py:650:::  
Repetition no. 0


/home/daniel.z/ICML_PIECLAM_020425/experiments/../trainer.py:161:::  

Using dataset specific configuration and not global 




/home/daniel.z/ICML_PIECLAM_020425/experiments/../trainer.py:335:::  

 2025-05-29 08:08:47 starting optimization of pieclam on texas on device cuda

 configs_dict: 
{
    "clamiter_init": {
        "dim_feat": 20,
        "dim_attr": 100,
        "s_reg": 0.0,
        "l1_reg": 1,
        "T": 1,
        "hidden_dim": 64,
        "num_coupling_blocks": 32,
        "num_layers_mlp": 2
    },
    "feat_opt": {
        "lr": 5e-07,
        "n_iter": 500,
        "early_stop": 0
    },
    "prior_opt": {
        "n_iter": 2000,
        "lr": 5e-06,
        "noise_amp": 0.05,
        "weight_decay": 0.1,
        "early_stop": 0
    },
    "back_forth": {
        "n_back_forth": 7,
        "scheduler_step_size": 3,
        "scheduler_gamma": 0.5,
        "early_stop_fit": 0,
        "first_func_in_fit": "fit_prior"
    }
}


/home/daniel.z/ICML_PIECLAM_020425/experiments/../clamiter.py:567:::  

in fit,
first_func_in_fit='fit_prior'
second_function_name='fit_feats'


/home/daniel.z/ICML_PIECLAM_020425/experiments/../clamiter.py:629:::  

back and forth 1/7


/home/daniel.z/ICML_PIECLAM_020425/experiments/../clamiter.py:365:::  
staring fit_prior for 2000 iterations


/home/daniel.z/ICML_PIECLAM_020425/experiments/../clamiter.py:365:::  
staring fit_feats for 500 iterations


/home/daniel.z/ICML_PIECLAM_020425/experiments/../clamiter.py:629:::  

back and forth 2/7


/home/daniel.z/ICML_PIECLAM_020425/experiments/../clamiter.py:365:::  
staring fit_prior for 2000 iterations


/home/daniel.z/ICML_PIECLAM_020425/experiments/../clamiter.py:365:::  
staring fit_feats for 500 iterations


/home/daniel.z/ICML_PIECLAM_020425/experiments/../clamiter.py:629:::  

back and forth 3/7


/home/daniel.z/ICML_PIECLAM_020425/experiments/../clamiter.py:365:::  
staring fit_prior for 2000 iterations


/home/daniel.z/ICML_PIECLAM_020425/experiments/../clamiter.py:365:::  
staring fit_feats for 500 iterations


/home/daniel.z/ICML_PIECLAM_020425/experiments/../clamiter.py:629:::  

back and forth 4/7


/home/daniel.z/ICML_PIECLAM_020425/experiments/../clamiter.py:365:::  
staring fit_prior for 2000 iterations


/home/daniel.z/ICML_PIECLAM_020425/experiments/../clamiter.py:365:::  
staring fit_feats for 500 iterations


/home/daniel.z/ICML_PIECLAM_020425/experiments/../clamiter.py:629:::  

back and forth 5/7


/home/daniel.z/ICML_PIECLAM_020425/experiments/../clamiter.py:365:::  
staring fit_prior for 2000 iterations


/home/daniel.z/ICML_PIECLAM_020425/experiments/../clamiter.py:365:::  
staring fit_feats for 500 iterations


/home/daniel.z/ICML_PIECLAM_020425/experiments/../clamiter.py:629:::  

back and forth 6/7


/home/daniel.z/ICML_PIECLAM_020425/experiments/../clamiter.py:365:::  
staring fit_prior for 2000 iterations


/home/daniel.z/ICML_PIECLAM_020425/experiments/../clamiter.py:365:::  
staring fit_feats for 500 iterations


/home/daniel.z/ICML_PIECLAM_020425/experiments/../clamiter.py:629:::  

back and forth 7/7


/home/daniel.z/ICML_PIECLAM_020425/experiments/../clamiter.py:365:::  
staring fit_prior for 2000 iterations


/home/daniel.z/ICML_PIECLAM_020425/experiments/../clamiter.py:365:::  
staring fit_feats for 500 iterations


/home/daniel.z/ICML_PIECLAM_020425/experiments/../clamiter.py:704:::  

fit end


/home/daniel.z/ICML_PIECLAM_020425/experiments/../trainer.py:438:::  



FINISHED train 
 last accuracies:
test
key='auc': 0.7058823529411765
val
key='auc': 0.5985810922290051




/home/daniel.z/ICML_PIECLAM_020425/experiments/../trainer.py:454:::  

train_model_on_params on pieclam texas 
took 1889.9166111946106 seconds


/home/daniel.z/ICML_PIECLAM_020425/experiments/optimization_utils.py:650:::  
Repetition no. 0


/home/daniel.z/ICML_PIECLAM_020425/experiments/../trainer.py:161:::  

Using dataset specific configuration and not global 




/home/daniel.z/ICML_PIECLAM_020425/experiments/../trainer.py:335:::  

 2025-05-29 08:40:17 starting optimization of pieclam on texas on device cuda

 configs_dict: 
{
    "clamiter_init": {
        "dim_feat": 20,
        "dim_attr": 100,
        "s_reg": 0.0,
        "l1_reg": 1,
        "T": 1,
        "hidden_dim": 64,
        "num_coupling_blocks": 32,
        "num_layers_mlp": 2
    },
    "feat_opt": {
        "lr": 5e-06,
        "n_iter": 1000,
        "early_stop": 0
    },
    "prior_opt": {
        "n_iter": 2000,
        "lr": 5e-06,
        "noise_amp": 0.05,
        "weight_decay": 0.1,
        "early_stop": 0
    },
    "back_forth": {
        "n_back_forth": 7,
        "scheduler_step_size": 3,
        "scheduler_gamma": 0.5,
        "early_stop_fit": 0,
        "first_func_in_fit": "fit_prior"
    }
}


/home/daniel.z/ICML_PIECLAM_020425/experiments/../clamiter.py:567:::  

in fit,
first_func_in_fit='fit_prior'
second_function_name='fit_feats'


/home/daniel.z/ICML_PIECLAM_020425/experiments/../clamiter.py:629:::  

back and forth 1/7


/home/daniel.z/ICML_PIECLAM_020425/experiments/../clamiter.py:365:::  
staring fit_prior for 2000 iterations


/home/daniel.z/ICML_PIECLAM_020425/experiments/../clamiter.py:365:::  
staring fit_feats for 1000 iterations


/home/daniel.z/ICML_PIECLAM_020425/experiments/../clamiter.py:629:::  

back and forth 2/7


/home/daniel.z/ICML_PIECLAM_020425/experiments/../clamiter.py:365:::  
staring fit_prior for 2000 iterations


/home/daniel.z/ICML_PIECLAM_020425/experiments/../clamiter.py:365:::  
staring fit_feats for 1000 iterations


/home/daniel.z/ICML_PIECLAM_020425/experiments/../clamiter.py:629:::  

back and forth 3/7


/home/daniel.z/ICML_PIECLAM_020425/experiments/../clamiter.py:365:::  
staring fit_prior for 2000 iterations


/home/daniel.z/ICML_PIECLAM_020425/experiments/../clamiter.py:365:::  
staring fit_feats for 1000 iterations


/home/daniel.z/ICML_PIECLAM_020425/experiments/../clamiter.py:629:::  

back and forth 4/7


/home/daniel.z/ICML_PIECLAM_020425/experiments/../clamiter.py:365:::  
staring fit_prior for 2000 iterations


/home/daniel.z/ICML_PIECLAM_020425/experiments/../clamiter.py:365:::  
staring fit_feats for 1000 iterations


/home/daniel.z/ICML_PIECLAM_020425/experiments/../clamiter.py:629:::  

back and forth 5/7


/home/daniel.z/ICML_PIECLAM_020425/experiments/../clamiter.py:365:::  
staring fit_prior for 2000 iterations


/home/daniel.z/ICML_PIECLAM_020425/experiments/../clamiter.py:365:::  
staring fit_feats for 1000 iterations


/home/daniel.z/ICML_PIECLAM_020425/experiments/../clamiter.py:629:::  

back and forth 6/7


/home/daniel.z/ICML_PIECLAM_020425/experiments/../clamiter.py:365:::  
staring fit_prior for 2000 iterations


/home/daniel.z/ICML_PIECLAM_020425/experiments/../clamiter.py:365:::  
staring fit_feats for 1000 iterations


/home/daniel.z/ICML_PIECLAM_020425/experiments/../clamiter.py:629:::  

back and forth 7/7


/home/daniel.z/ICML_PIECLAM_020425/experiments/../clamiter.py:365:::  
staring fit_prior for 2000 iterations


/home/daniel.z/ICML_PIECLAM_020425/experiments/../clamiter.py:365:::  
staring fit_feats for 1000 iterations


/home/daniel.z/ICML_PIECLAM_020425/experiments/../clamiter.py:704:::  

fit end


/home/daniel.z/ICML_PIECLAM_020425/experiments/../trainer.py:438:::  



FINISHED train 
 last accuracies:
test
key='auc': 0.7225983918747355
val
key='auc': 0.8179643323183993




/home/daniel.z/ICML_PIECLAM_020425/experiments/../trainer.py:454:::  

train_model_on_params on pieclam texas 
took 2361.753273963928 seconds


/home/daniel.z/ICML_PIECLAM_020425/experiments/optimization_utils.py:724:::  


Finished CrossVal!




/home/daniel.z/ICML_PIECLAM_020425/experiments/optimization_utils.py:512:::  
On test set split_00-08_02-05-25 of texas,pieclam
 ======================


/home/daniel.z/ICML_PIECLAM_020425/experiments/optimization_utils.py:628:::  
RunSaver defined to acc_configs path /home/daniel.z/ICML_PIECLAM_020425/experiments/results/link_prediction/auc/texas/pieclam/split_00-08_02-05-25/valid/acc_configs09-19_29-05-25.json


/home/daniel.z/ICML_PIECLAM_020425/experiments/optimization_utils.py:650:::  
Repetition no. 0


/home/daniel.z/ICML_PIECLAM_020425/experiments/../trainer.py:161:::  

Using dataset specific configuration and not global 




/home/daniel.z/ICML_PIECLAM_020425/experiments/../trainer.py:335:::  

 2025-05-29 09:19:40 starting optimization of pieclam on texas on device cuda

 configs_dict: 
{
    "clamiter_init": {
        "dim_feat": 100,
        "dim_attr": 100,
        "s_reg": 0.0,
        "l1_reg": 1,
        "T": 1,
        "hidden_dim": 64,
        "num_coupling_blocks": 32,
        "num_layers_mlp": 2
    },
    "feat_opt": {
        "lr": 5e-06,
        "n_iter": 500,
        "early_stop": 0
    },
    "prior_opt": {
        "n_iter": 2000,
        "lr": 5e-06,
        "noise_amp": 0.05,
        "weight_decay": 0.1,
        "early_stop": 0
    },
    "back_forth": {
        "n_back_forth": 7,
        "scheduler_step_size": 3,
        "scheduler_gamma": 0.5,
        "early_stop_fit": 0,
        "first_func_in_fit": "fit_prior"
    }
}


/home/daniel.z/ICML_PIECLAM_020425/experiments/../clamiter.py:567:::  

in fit,
first_func_in_fit='fit_prior'
second_function_name='fit_feats'


/home/daniel.z/ICML_PIECLAM_020425/experiments/../clamiter.py:629:::  

back and forth 1/7


/home/daniel.z/ICML_PIECLAM_020425/experiments/../clamiter.py:365:::  
staring fit_prior for 2000 iterations


/home/daniel.z/ICML_PIECLAM_020425/experiments/../clamiter.py:365:::  
staring fit_feats for 500 iterations


/home/daniel.z/ICML_PIECLAM_020425/experiments/../clamiter.py:629:::  

back and forth 2/7


/home/daniel.z/ICML_PIECLAM_020425/experiments/../clamiter.py:365:::  
staring fit_prior for 2000 iterations


/home/daniel.z/ICML_PIECLAM_020425/experiments/../clamiter.py:365:::  
staring fit_feats for 500 iterations


/home/daniel.z/ICML_PIECLAM_020425/experiments/../clamiter.py:629:::  

back and forth 3/7


/home/daniel.z/ICML_PIECLAM_020425/experiments/../clamiter.py:365:::  
staring fit_prior for 2000 iterations


/home/daniel.z/ICML_PIECLAM_020425/experiments/../clamiter.py:365:::  
staring fit_feats for 500 iterations


/home/daniel.z/ICML_PIECLAM_020425/experiments/../clamiter.py:629:::  

back and forth 4/7


/home/daniel.z/ICML_PIECLAM_020425/experiments/../clamiter.py:365:::  
staring fit_prior for 2000 iterations


/home/daniel.z/ICML_PIECLAM_020425/experiments/../clamiter.py:365:::  
staring fit_feats for 500 iterations


/home/daniel.z/ICML_PIECLAM_020425/experiments/../clamiter.py:629:::  

back and forth 5/7


/home/daniel.z/ICML_PIECLAM_020425/experiments/../clamiter.py:365:::  
staring fit_prior for 2000 iterations


/home/daniel.z/ICML_PIECLAM_020425/experiments/../clamiter.py:365:::  
staring fit_feats for 500 iterations


/home/daniel.z/ICML_PIECLAM_020425/experiments/../clamiter.py:629:::  

back and forth 6/7


/home/daniel.z/ICML_PIECLAM_020425/experiments/../clamiter.py:365:::  
staring fit_prior for 2000 iterations


/home/daniel.z/ICML_PIECLAM_020425/experiments/../clamiter.py:365:::  
staring fit_feats for 500 iterations


/home/daniel.z/ICML_PIECLAM_020425/experiments/../clamiter.py:629:::  

back and forth 7/7


/home/daniel.z/ICML_PIECLAM_020425/experiments/../clamiter.py:365:::  
staring fit_prior for 2000 iterations


/home/daniel.z/ICML_PIECLAM_020425/experiments/../clamiter.py:365:::  
staring fit_feats for 500 iterations


/home/daniel.z/ICML_PIECLAM_020425/experiments/../clamiter.py:704:::  

fit end


/home/daniel.z/ICML_PIECLAM_020425/experiments/../trainer.py:438:::  



FINISHED train 
 last accuracies:
test
key='auc': 0.6953393806693775
val
key='auc': 0.6772328548644339




/home/daniel.z/ICML_PIECLAM_020425/experiments/../trainer.py:454:::  

train_model_on_params on pieclam texas 
took 1904.6804242134094 seconds


/home/daniel.z/ICML_PIECLAM_020425/experiments/optimization_utils.py:650:::  
Repetition no. 0


/home/daniel.z/ICML_PIECLAM_020425/experiments/../trainer.py:161:::  

Using dataset specific configuration and not global 




/home/daniel.z/ICML_PIECLAM_020425/experiments/../trainer.py:335:::  

 2025-05-29 09:51:24 starting optimization of pieclam on texas on device cuda

 configs_dict: 
{
    "clamiter_init": {
        "dim_feat": 100,
        "dim_attr": 100,
        "s_reg": 0.0,
        "l1_reg": 1,
        "T": 1,
        "hidden_dim": 64,
        "num_coupling_blocks": 32,
        "num_layers_mlp": 2
    },
    "feat_opt": {
        "lr": 5e-07,
        "n_iter": 500,
        "early_stop": 0
    },
    "prior_opt": {
        "n_iter": 2000,
        "lr": 5e-06,
        "noise_amp": 0.05,
        "weight_decay": 0.1,
        "early_stop": 0
    },
    "back_forth": {
        "n_back_forth": 7,
        "scheduler_step_size": 3,
        "scheduler_gamma": 0.5,
        "early_stop_fit": 0,
        "first_func_in_fit": "fit_prior"
    }
}


/home/daniel.z/ICML_PIECLAM_020425/experiments/../clamiter.py:567:::  

in fit,
first_func_in_fit='fit_prior'
second_function_name='fit_feats'


/home/daniel.z/ICML_PIECLAM_020425/experiments/../clamiter.py:629:::  

back and forth 1/7


/home/daniel.z/ICML_PIECLAM_020425/experiments/../clamiter.py:365:::  
staring fit_prior for 2000 iterations


/home/daniel.z/ICML_PIECLAM_020425/experiments/../clamiter.py:365:::  
staring fit_feats for 500 iterations


/home/daniel.z/ICML_PIECLAM_020425/experiments/../clamiter.py:629:::  

back and forth 2/7


/home/daniel.z/ICML_PIECLAM_020425/experiments/../clamiter.py:365:::  
staring fit_prior for 2000 iterations


/home/daniel.z/ICML_PIECLAM_020425/experiments/../clamiter.py:365:::  
staring fit_feats for 500 iterations


/home/daniel.z/ICML_PIECLAM_020425/experiments/../clamiter.py:629:::  

back and forth 3/7


/home/daniel.z/ICML_PIECLAM_020425/experiments/../clamiter.py:365:::  
staring fit_prior for 2000 iterations


/home/daniel.z/ICML_PIECLAM_020425/experiments/../clamiter.py:365:::  
staring fit_feats for 500 iterations


/home/daniel.z/ICML_PIECLAM_020425/experiments/../clamiter.py:629:::  

back and forth 4/7


/home/daniel.z/ICML_PIECLAM_020425/experiments/../clamiter.py:365:::  
staring fit_prior for 2000 iterations


/home/daniel.z/ICML_PIECLAM_020425/experiments/../clamiter.py:365:::  
staring fit_feats for 500 iterations


/home/daniel.z/ICML_PIECLAM_020425/experiments/../clamiter.py:629:::  

back and forth 5/7


/home/daniel.z/ICML_PIECLAM_020425/experiments/../clamiter.py:365:::  
staring fit_prior for 2000 iterations


/home/daniel.z/ICML_PIECLAM_020425/experiments/../clamiter.py:365:::  
staring fit_feats for 500 iterations


/home/daniel.z/ICML_PIECLAM_020425/experiments/../clamiter.py:629:::  

back and forth 6/7


/home/daniel.z/ICML_PIECLAM_020425/experiments/../clamiter.py:365:::  
staring fit_prior for 2000 iterations


/home/daniel.z/ICML_PIECLAM_020425/experiments/../clamiter.py:365:::  
staring fit_feats for 500 iterations


/home/daniel.z/ICML_PIECLAM_020425/experiments/../clamiter.py:629:::  

back and forth 7/7


/home/daniel.z/ICML_PIECLAM_020425/experiments/../clamiter.py:365:::  
staring fit_prior for 2000 iterations


/home/daniel.z/ICML_PIECLAM_020425/experiments/../clamiter.py:365:::  
staring fit_feats for 500 iterations


/home/daniel.z/ICML_PIECLAM_020425/experiments/../clamiter.py:704:::  

fit end


/home/daniel.z/ICML_PIECLAM_020425/experiments/../trainer.py:438:::  



FINISHED train 
 last accuracies:
test
key='auc': 0.5
val
key='auc': 0.5




/home/daniel.z/ICML_PIECLAM_020425/experiments/../trainer.py:454:::  

train_model_on_params on pieclam texas 
took 1921.7172899246216 seconds


/home/daniel.z/ICML_PIECLAM_020425/experiments/optimization_utils.py:650:::  
Repetition no. 0


/home/daniel.z/ICML_PIECLAM_020425/experiments/../trainer.py:161:::  

Using dataset specific configuration and not global 




/home/daniel.z/ICML_PIECLAM_020425/experiments/../trainer.py:335:::  

 2025-05-29 10:23:27 starting optimization of pieclam on texas on device cuda

 configs_dict: 
{
    "clamiter_init": {
        "dim_feat": 20,
        "dim_attr": 100,
        "s_reg": 0.0,
        "l1_reg": 1,
        "T": 1,
        "hidden_dim": 64,
        "num_coupling_blocks": 32,
        "num_layers_mlp": 2
    },
    "feat_opt": {
        "lr": 5e-07,
        "n_iter": 3000,
        "early_stop": 0
    },
    "prior_opt": {
        "n_iter": 2000,
        "lr": 5e-06,
        "noise_amp": 0.05,
        "weight_decay": 0.1,
        "early_stop": 0
    },
    "back_forth": {
        "n_back_forth": 7,
        "scheduler_step_size": 3,
        "scheduler_gamma": 0.5,
        "early_stop_fit": 0,
        "first_func_in_fit": "fit_prior"
    }
}


/home/daniel.z/ICML_PIECLAM_020425/experiments/../clamiter.py:567:::  

in fit,
first_func_in_fit='fit_prior'
second_function_name='fit_feats'


/home/daniel.z/ICML_PIECLAM_020425/experiments/../clamiter.py:629:::  

back and forth 1/7


/home/daniel.z/ICML_PIECLAM_020425/experiments/../clamiter.py:365:::  
staring fit_prior for 2000 iterations


/home/daniel.z/ICML_PIECLAM_020425/experiments/../clamiter.py:365:::  
staring fit_feats for 3000 iterations


/home/daniel.z/ICML_PIECLAM_020425/experiments/../clamiter.py:629:::  

back and forth 2/7


/home/daniel.z/ICML_PIECLAM_020425/experiments/../clamiter.py:365:::  
staring fit_prior for 2000 iterations


/home/daniel.z/ICML_PIECLAM_020425/experiments/../clamiter.py:365:::  
staring fit_feats for 3000 iterations


/home/daniel.z/ICML_PIECLAM_020425/experiments/../clamiter.py:629:::  

back and forth 3/7


/home/daniel.z/ICML_PIECLAM_020425/experiments/../clamiter.py:365:::  
staring fit_prior for 2000 iterations


/home/daniel.z/ICML_PIECLAM_020425/experiments/../clamiter.py:365:::  
staring fit_feats for 3000 iterations


/home/daniel.z/ICML_PIECLAM_020425/experiments/../clamiter.py:629:::  

back and forth 4/7


/home/daniel.z/ICML_PIECLAM_020425/experiments/../clamiter.py:365:::  
staring fit_prior for 2000 iterations


/home/daniel.z/ICML_PIECLAM_020425/experiments/../clamiter.py:365:::  
staring fit_feats for 3000 iterations


/home/daniel.z/ICML_PIECLAM_020425/experiments/../clamiter.py:629:::  

back and forth 5/7


/home/daniel.z/ICML_PIECLAM_020425/experiments/../clamiter.py:365:::  
staring fit_prior for 2000 iterations


/home/daniel.z/ICML_PIECLAM_020425/experiments/../clamiter.py:365:::  
staring fit_feats for 3000 iterations


/home/daniel.z/ICML_PIECLAM_020425/experiments/../clamiter.py:629:::  

back and forth 6/7


/home/daniel.z/ICML_PIECLAM_020425/experiments/../clamiter.py:365:::  
staring fit_prior for 2000 iterations


/home/daniel.z/ICML_PIECLAM_020425/experiments/../clamiter.py:365:::  
staring fit_feats for 3000 iterations


/home/daniel.z/ICML_PIECLAM_020425/experiments/../clamiter.py:629:::  

back and forth 7/7


/home/daniel.z/ICML_PIECLAM_020425/experiments/../clamiter.py:365:::  
staring fit_prior for 2000 iterations


/home/daniel.z/ICML_PIECLAM_020425/experiments/../clamiter.py:365:::  
staring fit_feats for 3000 iterations


/home/daniel.z/ICML_PIECLAM_020425/experiments/../clamiter.py:704:::  

fit end


/home/daniel.z/ICML_PIECLAM_020425/experiments/../trainer.py:438:::  



FINISHED train 
 last accuracies:
test
key='auc': 0.6271504535502033
val
key='auc': 0.6943319838056681




/home/daniel.z/ICML_PIECLAM_020425/experiments/../trainer.py:454:::  

train_model_on_params on pieclam texas 
took 4277.596605062485 seconds


/home/daniel.z/ICML_PIECLAM_020425/experiments/optimization_utils.py:650:::  
Repetition no. 0


/home/daniel.z/ICML_PIECLAM_020425/experiments/../trainer.py:161:::  

Using dataset specific configuration and not global 




/home/daniel.z/ICML_PIECLAM_020425/experiments/../trainer.py:335:::  

 2025-05-29 11:34:44 starting optimization of pieclam on texas on device cuda

 configs_dict: 
{
    "clamiter_init": {
        "dim_feat": 50,
        "dim_attr": 100,
        "s_reg": 0.0,
        "l1_reg": 1,
        "T": 1,
        "hidden_dim": 64,
        "num_coupling_blocks": 32,
        "num_layers_mlp": 2
    },
    "feat_opt": {
        "lr": 5e-06,
        "n_iter": 1000,
        "early_stop": 0
    },
    "prior_opt": {
        "n_iter": 2000,
        "lr": 5e-06,
        "noise_amp": 0.05,
        "weight_decay": 0.1,
        "early_stop": 0
    },
    "back_forth": {
        "n_back_forth": 7,
        "scheduler_step_size": 3,
        "scheduler_gamma": 0.5,
        "early_stop_fit": 0,
        "first_func_in_fit": "fit_prior"
    }
}


/home/daniel.z/ICML_PIECLAM_020425/experiments/../clamiter.py:567:::  

in fit,
first_func_in_fit='fit_prior'
second_function_name='fit_feats'


/home/daniel.z/ICML_PIECLAM_020425/experiments/../clamiter.py:629:::  

back and forth 1/7


/home/daniel.z/ICML_PIECLAM_020425/experiments/../clamiter.py:365:::  
staring fit_prior for 2000 iterations


/home/daniel.z/ICML_PIECLAM_020425/experiments/../clamiter.py:365:::  
staring fit_feats for 1000 iterations


/home/daniel.z/ICML_PIECLAM_020425/experiments/../clamiter.py:629:::  

back and forth 2/7


/home/daniel.z/ICML_PIECLAM_020425/experiments/../clamiter.py:365:::  
staring fit_prior for 2000 iterations


/home/daniel.z/ICML_PIECLAM_020425/experiments/../clamiter.py:365:::  
staring fit_feats for 1000 iterations


/home/daniel.z/ICML_PIECLAM_020425/experiments/../clamiter.py:629:::  

back and forth 3/7


/home/daniel.z/ICML_PIECLAM_020425/experiments/../clamiter.py:365:::  
staring fit_prior for 2000 iterations


/home/daniel.z/ICML_PIECLAM_020425/experiments/../clamiter.py:365:::  
staring fit_feats for 1000 iterations


/home/daniel.z/ICML_PIECLAM_020425/experiments/../clamiter.py:629:::  

back and forth 4/7


/home/daniel.z/ICML_PIECLAM_020425/experiments/../clamiter.py:365:::  
staring fit_prior for 2000 iterations


/home/daniel.z/ICML_PIECLAM_020425/experiments/../clamiter.py:365:::  
staring fit_feats for 1000 iterations


/home/daniel.z/ICML_PIECLAM_020425/experiments/../clamiter.py:629:::  

back and forth 5/7


/home/daniel.z/ICML_PIECLAM_020425/experiments/../clamiter.py:365:::  
staring fit_prior for 2000 iterations


/home/daniel.z/ICML_PIECLAM_020425/experiments/../clamiter.py:365:::  
staring fit_feats for 1000 iterations


/home/daniel.z/ICML_PIECLAM_020425/experiments/../clamiter.py:629:::  

back and forth 6/7


/home/daniel.z/ICML_PIECLAM_020425/experiments/../clamiter.py:365:::  
staring fit_prior for 2000 iterations


/home/daniel.z/ICML_PIECLAM_020425/experiments/../clamiter.py:365:::  
staring fit_feats for 1000 iterations


/home/daniel.z/ICML_PIECLAM_020425/experiments/../clamiter.py:629:::  

back and forth 7/7


/home/daniel.z/ICML_PIECLAM_020425/experiments/../clamiter.py:365:::  
staring fit_prior for 2000 iterations


/home/daniel.z/ICML_PIECLAM_020425/experiments/../clamiter.py:365:::  
staring fit_feats for 1000 iterations


/home/daniel.z/ICML_PIECLAM_020425/experiments/../clamiter.py:704:::  

fit end


/home/daniel.z/ICML_PIECLAM_020425/experiments/../trainer.py:438:::  



FINISHED train 
 last accuracies:
test
key='auc': 0.7873005943071629
val
key='auc': 0.7233201581027667




/home/daniel.z/ICML_PIECLAM_020425/experiments/../trainer.py:454:::  

train_model_on_params on pieclam texas 
took 2302.2065036296844 seconds


/home/daniel.z/ICML_PIECLAM_020425/experiments/optimization_utils.py:650:::  
Repetition no. 0


/home/daniel.z/ICML_PIECLAM_020425/experiments/../trainer.py:161:::  

Using dataset specific configuration and not global 




/home/daniel.z/ICML_PIECLAM_020425/experiments/../trainer.py:335:::  

 2025-05-29 12:13:07 starting optimization of pieclam on texas on device cuda

 configs_dict: 
{
    "clamiter_init": {
        "dim_feat": 20,
        "dim_attr": 100,
        "s_reg": 0.0,
        "l1_reg": 1,
        "T": 1,
        "hidden_dim": 64,
        "num_coupling_blocks": 32,
        "num_layers_mlp": 2
    },
    "feat_opt": {
        "lr": 5e-06,
        "n_iter": 3000,
        "early_stop": 0
    },
    "prior_opt": {
        "n_iter": 2000,
        "lr": 5e-06,
        "noise_amp": 0.05,
        "weight_decay": 0.1,
        "early_stop": 0
    },
    "back_forth": {
        "n_back_forth": 7,
        "scheduler_step_size": 3,
        "scheduler_gamma": 0.5,
        "early_stop_fit": 0,
        "first_func_in_fit": "fit_prior"
    }
}


/home/daniel.z/ICML_PIECLAM_020425/experiments/../clamiter.py:567:::  

in fit,
first_func_in_fit='fit_prior'
second_function_name='fit_feats'


/home/daniel.z/ICML_PIECLAM_020425/experiments/../clamiter.py:629:::  

back and forth 1/7


/home/daniel.z/ICML_PIECLAM_020425/experiments/../clamiter.py:365:::  
staring fit_prior for 2000 iterations


/home/daniel.z/ICML_PIECLAM_020425/experiments/../clamiter.py:365:::  
staring fit_feats for 3000 iterations


/home/daniel.z/ICML_PIECLAM_020425/experiments/../clamiter.py:629:::  

back and forth 2/7


/home/daniel.z/ICML_PIECLAM_020425/experiments/../clamiter.py:365:::  
staring fit_prior for 2000 iterations


/home/daniel.z/ICML_PIECLAM_020425/experiments/../clamiter.py:365:::  
staring fit_feats for 3000 iterations


/home/daniel.z/ICML_PIECLAM_020425/experiments/../clamiter.py:629:::  

back and forth 3/7


/home/daniel.z/ICML_PIECLAM_020425/experiments/../clamiter.py:365:::  
staring fit_prior for 2000 iterations


/home/daniel.z/ICML_PIECLAM_020425/experiments/../clamiter.py:365:::  
staring fit_feats for 3000 iterations


/home/daniel.z/ICML_PIECLAM_020425/experiments/../clamiter.py:629:::  

back and forth 4/7


/home/daniel.z/ICML_PIECLAM_020425/experiments/../clamiter.py:365:::  
staring fit_prior for 2000 iterations


/home/daniel.z/ICML_PIECLAM_020425/experiments/../clamiter.py:365:::  
staring fit_feats for 3000 iterations


/home/daniel.z/ICML_PIECLAM_020425/experiments/../clamiter.py:629:::  

back and forth 5/7


/home/daniel.z/ICML_PIECLAM_020425/experiments/../clamiter.py:365:::  
staring fit_prior for 2000 iterations


/home/daniel.z/ICML_PIECLAM_020425/experiments/../clamiter.py:365:::  
staring fit_feats for 3000 iterations


/home/daniel.z/ICML_PIECLAM_020425/experiments/../clamiter.py:629:::  

back and forth 6/7


/home/daniel.z/ICML_PIECLAM_020425/experiments/../clamiter.py:365:::  
staring fit_prior for 2000 iterations


/home/daniel.z/ICML_PIECLAM_020425/experiments/../clamiter.py:365:::  
staring fit_feats for 3000 iterations


/home/daniel.z/ICML_PIECLAM_020425/experiments/../clamiter.py:629:::  

back and forth 7/7


/home/daniel.z/ICML_PIECLAM_020425/experiments/../clamiter.py:365:::  
staring fit_prior for 2000 iterations


/home/daniel.z/ICML_PIECLAM_020425/experiments/../clamiter.py:365:::  
staring fit_feats for 3000 iterations


/home/daniel.z/ICML_PIECLAM_020425/experiments/../clamiter.py:704:::  

fit end


/home/daniel.z/ICML_PIECLAM_020425/experiments/../trainer.py:438:::  



FINISHED train 
 last accuracies:
test
key='auc': 0.8528307788551768
val
key='auc': 0.9267447615904966




/home/daniel.z/ICML_PIECLAM_020425/experiments/../trainer.py:454:::  

train_model_on_params on pieclam texas 
took 4179.420211076736 seconds


/home/daniel.z/ICML_PIECLAM_020425/experiments/optimization_utils.py:650:::  
Repetition no. 0


/home/daniel.z/ICML_PIECLAM_020425/experiments/../trainer.py:161:::  

Using dataset specific configuration and not global 




/home/daniel.z/ICML_PIECLAM_020425/experiments/../trainer.py:335:::  

 2025-05-29 13:22:47 starting optimization of pieclam on texas on device cuda

 configs_dict: 
{
    "clamiter_init": {
        "dim_feat": 50,
        "dim_attr": 100,
        "s_reg": 0.0,
        "l1_reg": 1,
        "T": 1,
        "hidden_dim": 64,
        "num_coupling_blocks": 32,
        "num_layers_mlp": 2
    },
    "feat_opt": {
        "lr": 5e-06,
        "n_iter": 500,
        "early_stop": 0
    },
    "prior_opt": {
        "n_iter": 2000,
        "lr": 5e-06,
        "noise_amp": 0.05,
        "weight_decay": 0.1,
        "early_stop": 0
    },
    "back_forth": {
        "n_back_forth": 7,
        "scheduler_step_size": 3,
        "scheduler_gamma": 0.5,
        "early_stop_fit": 0,
        "first_func_in_fit": "fit_prior"
    }
}


/home/daniel.z/ICML_PIECLAM_020425/experiments/../clamiter.py:567:::  

in fit,
first_func_in_fit='fit_prior'
second_function_name='fit_feats'


/home/daniel.z/ICML_PIECLAM_020425/experiments/../clamiter.py:629:::  

back and forth 1/7


/home/daniel.z/ICML_PIECLAM_020425/experiments/../clamiter.py:365:::  
staring fit_prior for 2000 iterations


/home/daniel.z/ICML_PIECLAM_020425/experiments/../clamiter.py:365:::  
staring fit_feats for 500 iterations


/home/daniel.z/ICML_PIECLAM_020425/experiments/../clamiter.py:629:::  

back and forth 2/7


/home/daniel.z/ICML_PIECLAM_020425/experiments/../clamiter.py:365:::  
staring fit_prior for 2000 iterations


/home/daniel.z/ICML_PIECLAM_020425/experiments/../clamiter.py:365:::  
staring fit_feats for 500 iterations


/home/daniel.z/ICML_PIECLAM_020425/experiments/../clamiter.py:629:::  

back and forth 3/7


/home/daniel.z/ICML_PIECLAM_020425/experiments/../clamiter.py:365:::  
staring fit_prior for 2000 iterations


/home/daniel.z/ICML_PIECLAM_020425/experiments/../clamiter.py:365:::  
staring fit_feats for 500 iterations


/home/daniel.z/ICML_PIECLAM_020425/experiments/../clamiter.py:629:::  

back and forth 4/7


/home/daniel.z/ICML_PIECLAM_020425/experiments/../clamiter.py:365:::  
staring fit_prior for 2000 iterations


/home/daniel.z/ICML_PIECLAM_020425/experiments/../clamiter.py:365:::  
staring fit_feats for 500 iterations


/home/daniel.z/ICML_PIECLAM_020425/experiments/../clamiter.py:629:::  

back and forth 5/7


/home/daniel.z/ICML_PIECLAM_020425/experiments/../clamiter.py:365:::  
staring fit_prior for 2000 iterations


/home/daniel.z/ICML_PIECLAM_020425/experiments/../clamiter.py:365:::  
staring fit_feats for 500 iterations


/home/daniel.z/ICML_PIECLAM_020425/experiments/../clamiter.py:629:::  

back and forth 6/7


/home/daniel.z/ICML_PIECLAM_020425/experiments/../clamiter.py:365:::  
staring fit_prior for 2000 iterations


/home/daniel.z/ICML_PIECLAM_020425/experiments/../clamiter.py:365:::  
staring fit_feats for 500 iterations


/home/daniel.z/ICML_PIECLAM_020425/experiments/../clamiter.py:629:::  

back and forth 7/7


/home/daniel.z/ICML_PIECLAM_020425/experiments/../clamiter.py:365:::  
staring fit_prior for 2000 iterations


/home/daniel.z/ICML_PIECLAM_020425/experiments/../clamiter.py:365:::  
staring fit_feats for 500 iterations


/home/daniel.z/ICML_PIECLAM_020425/experiments/../clamiter.py:704:::  

fit end


/home/daniel.z/ICML_PIECLAM_020425/experiments/../trainer.py:438:::  



FINISHED train 
 last accuracies:
test
key='auc': 0.6324679386925242
val
key='auc': 0.8724082934609251




/home/daniel.z/ICML_PIECLAM_020425/experiments/../trainer.py:454:::  

train_model_on_params on pieclam texas 
took 1939.991860151291 seconds


/home/daniel.z/ICML_PIECLAM_020425/experiments/optimization_utils.py:650:::  
Repetition no. 0


/home/daniel.z/ICML_PIECLAM_020425/experiments/../trainer.py:161:::  

Using dataset specific configuration and not global 




/home/daniel.z/ICML_PIECLAM_020425/experiments/../trainer.py:335:::  

 2025-05-29 13:55:07 starting optimization of pieclam on texas on device cuda

 configs_dict: 
{
    "clamiter_init": {
        "dim_feat": 100,
        "dim_attr": 100,
        "s_reg": 0.0,
        "l1_reg": 1,
        "T": 1,
        "hidden_dim": 64,
        "num_coupling_blocks": 32,
        "num_layers_mlp": 2
    },
    "feat_opt": {
        "lr": 5e-07,
        "n_iter": 3000,
        "early_stop": 0
    },
    "prior_opt": {
        "n_iter": 2000,
        "lr": 5e-06,
        "noise_amp": 0.05,
        "weight_decay": 0.1,
        "early_stop": 0
    },
    "back_forth": {
        "n_back_forth": 7,
        "scheduler_step_size": 3,
        "scheduler_gamma": 0.5,
        "early_stop_fit": 0,
        "first_func_in_fit": "fit_prior"
    }
}


/home/daniel.z/ICML_PIECLAM_020425/experiments/../clamiter.py:567:::  

in fit,
first_func_in_fit='fit_prior'
second_function_name='fit_feats'


/home/daniel.z/ICML_PIECLAM_020425/experiments/../clamiter.py:629:::  

back and forth 1/7


/home/daniel.z/ICML_PIECLAM_020425/experiments/../clamiter.py:365:::  
staring fit_prior for 2000 iterations


/home/daniel.z/ICML_PIECLAM_020425/experiments/../clamiter.py:365:::  
staring fit_feats for 3000 iterations


/home/daniel.z/ICML_PIECLAM_020425/experiments/../clamiter.py:629:::  

back and forth 2/7


/home/daniel.z/ICML_PIECLAM_020425/experiments/../clamiter.py:365:::  
staring fit_prior for 2000 iterations


/home/daniel.z/ICML_PIECLAM_020425/experiments/../clamiter.py:365:::  
staring fit_feats for 3000 iterations


/home/daniel.z/ICML_PIECLAM_020425/experiments/../clamiter.py:629:::  

back and forth 3/7


/home/daniel.z/ICML_PIECLAM_020425/experiments/../clamiter.py:365:::  
staring fit_prior for 2000 iterations


/home/daniel.z/ICML_PIECLAM_020425/experiments/../clamiter.py:365:::  
staring fit_feats for 3000 iterations


/home/daniel.z/ICML_PIECLAM_020425/experiments/../clamiter.py:629:::  

back and forth 4/7


/home/daniel.z/ICML_PIECLAM_020425/experiments/../clamiter.py:365:::  
staring fit_prior for 2000 iterations


/home/daniel.z/ICML_PIECLAM_020425/experiments/../clamiter.py:365:::  
staring fit_feats for 3000 iterations


/home/daniel.z/ICML_PIECLAM_020425/experiments/../clamiter.py:629:::  

back and forth 5/7


/home/daniel.z/ICML_PIECLAM_020425/experiments/../clamiter.py:365:::  
staring fit_prior for 2000 iterations


/home/daniel.z/ICML_PIECLAM_020425/experiments/../clamiter.py:365:::  
staring fit_feats for 3000 iterations


/home/daniel.z/ICML_PIECLAM_020425/experiments/../clamiter.py:629:::  

back and forth 6/7


/home/daniel.z/ICML_PIECLAM_020425/experiments/../clamiter.py:365:::  
staring fit_prior for 2000 iterations


/home/daniel.z/ICML_PIECLAM_020425/experiments/../clamiter.py:365:::  
staring fit_feats for 3000 iterations


/home/daniel.z/ICML_PIECLAM_020425/experiments/../clamiter.py:629:::  

back and forth 7/7


/home/daniel.z/ICML_PIECLAM_020425/experiments/../clamiter.py:365:::  
staring fit_prior for 2000 iterations


/home/daniel.z/ICML_PIECLAM_020425/experiments/../clamiter.py:365:::  
staring fit_feats for 3000 iterations


/home/daniel.z/ICML_PIECLAM_020425/experiments/../clamiter.py:704:::  

fit end


/home/daniel.z/ICML_PIECLAM_020425/experiments/../trainer.py:438:::  



FINISHED train 
 last accuracies:
test
key='auc': 0.756959649671567
val
key='auc': 0.7258550416445153




/home/daniel.z/ICML_PIECLAM_020425/experiments/../trainer.py:454:::  

train_model_on_params on pieclam texas 
took 4246.7985553741455 seconds


/home/daniel.z/ICML_PIECLAM_020425/experiments/optimization_utils.py:650:::  
Repetition no. 0


/home/daniel.z/ICML_PIECLAM_020425/experiments/../trainer.py:161:::  

Using dataset specific configuration and not global 




/home/daniel.z/ICML_PIECLAM_020425/experiments/../trainer.py:335:::  

 2025-05-29 15:05:54 starting optimization of pieclam on texas on device cuda

 configs_dict: 
{
    "clamiter_init": {
        "dim_feat": 50,
        "dim_attr": 100,
        "s_reg": 0.0,
        "l1_reg": 1,
        "T": 1,
        "hidden_dim": 64,
        "num_coupling_blocks": 32,
        "num_layers_mlp": 2
    },
    "feat_opt": {
        "lr": 5e-07,
        "n_iter": 500,
        "early_stop": 0
    },
    "prior_opt": {
        "n_iter": 2000,
        "lr": 5e-06,
        "noise_amp": 0.05,
        "weight_decay": 0.1,
        "early_stop": 0
    },
    "back_forth": {
        "n_back_forth": 7,
        "scheduler_step_size": 3,
        "scheduler_gamma": 0.5,
        "early_stop_fit": 0,
        "first_func_in_fit": "fit_prior"
    }
}


/home/daniel.z/ICML_PIECLAM_020425/experiments/../clamiter.py:567:::  

in fit,
first_func_in_fit='fit_prior'
second_function_name='fit_feats'


/home/daniel.z/ICML_PIECLAM_020425/experiments/../clamiter.py:629:::  

back and forth 1/7


/home/daniel.z/ICML_PIECLAM_020425/experiments/../clamiter.py:365:::  
staring fit_prior for 2000 iterations


/home/daniel.z/ICML_PIECLAM_020425/experiments/../clamiter.py:365:::  
staring fit_feats for 500 iterations


/home/daniel.z/ICML_PIECLAM_020425/experiments/../clamiter.py:629:::  

back and forth 2/7


/home/daniel.z/ICML_PIECLAM_020425/experiments/../clamiter.py:365:::  
staring fit_prior for 2000 iterations


/home/daniel.z/ICML_PIECLAM_020425/experiments/../clamiter.py:365:::  
staring fit_feats for 500 iterations


/home/daniel.z/ICML_PIECLAM_020425/experiments/../clamiter.py:629:::  

back and forth 3/7


/home/daniel.z/ICML_PIECLAM_020425/experiments/../clamiter.py:365:::  
staring fit_prior for 2000 iterations


/home/daniel.z/ICML_PIECLAM_020425/experiments/../clamiter.py:365:::  
staring fit_feats for 500 iterations


/home/daniel.z/ICML_PIECLAM_020425/experiments/../clamiter.py:629:::  

back and forth 4/7


/home/daniel.z/ICML_PIECLAM_020425/experiments/../clamiter.py:365:::  
staring fit_prior for 2000 iterations


/home/daniel.z/ICML_PIECLAM_020425/experiments/../clamiter.py:365:::  
staring fit_feats for 500 iterations


/home/daniel.z/ICML_PIECLAM_020425/experiments/../clamiter.py:629:::  

back and forth 5/7


/home/daniel.z/ICML_PIECLAM_020425/experiments/../clamiter.py:365:::  
staring fit_prior for 2000 iterations


/home/daniel.z/ICML_PIECLAM_020425/experiments/../clamiter.py:365:::  
staring fit_feats for 500 iterations


/home/daniel.z/ICML_PIECLAM_020425/experiments/../clamiter.py:629:::  

back and forth 6/7


/home/daniel.z/ICML_PIECLAM_020425/experiments/../clamiter.py:365:::  
staring fit_prior for 2000 iterations


/home/daniel.z/ICML_PIECLAM_020425/experiments/../clamiter.py:365:::  
staring fit_feats for 500 iterations


/home/daniel.z/ICML_PIECLAM_020425/experiments/../clamiter.py:629:::  

back and forth 7/7


/home/daniel.z/ICML_PIECLAM_020425/experiments/../clamiter.py:365:::  
staring fit_prior for 2000 iterations


/home/daniel.z/ICML_PIECLAM_020425/experiments/../clamiter.py:365:::  
staring fit_feats for 500 iterations


/home/daniel.z/ICML_PIECLAM_020425/experiments/../clamiter.py:704:::  

fit end


/home/daniel.z/ICML_PIECLAM_020425/experiments/../trainer.py:438:::  



FINISHED train 
 last accuracies:
test
key='auc': 0.5996246481076009
val
key='auc': 0.6654235857022235




/home/daniel.z/ICML_PIECLAM_020425/experiments/../trainer.py:454:::  

train_model_on_params on pieclam texas 
took 1861.183598279953 seconds


/home/daniel.z/ICML_PIECLAM_020425/experiments/optimization_utils.py:650:::  
Repetition no. 0


/home/daniel.z/ICML_PIECLAM_020425/experiments/../trainer.py:161:::  

Using dataset specific configuration and not global 




/home/daniel.z/ICML_PIECLAM_020425/experiments/../trainer.py:335:::  

 2025-05-29 15:36:57 starting optimization of pieclam on texas on device cuda

 configs_dict: 
{
    "clamiter_init": {
        "dim_feat": 50,
        "dim_attr": 100,
        "s_reg": 0.0,
        "l1_reg": 1,
        "T": 1,
        "hidden_dim": 64,
        "num_coupling_blocks": 32,
        "num_layers_mlp": 2
    },
    "feat_opt": {
        "lr": 5e-07,
        "n_iter": 3000,
        "early_stop": 0
    },
    "prior_opt": {
        "n_iter": 2000,
        "lr": 5e-06,
        "noise_amp": 0.05,
        "weight_decay": 0.1,
        "early_stop": 0
    },
    "back_forth": {
        "n_back_forth": 7,
        "scheduler_step_size": 3,
        "scheduler_gamma": 0.5,
        "early_stop_fit": 0,
        "first_func_in_fit": "fit_prior"
    }
}


/home/daniel.z/ICML_PIECLAM_020425/experiments/../clamiter.py:567:::  

in fit,
first_func_in_fit='fit_prior'
second_function_name='fit_feats'


/home/daniel.z/ICML_PIECLAM_020425/experiments/../clamiter.py:629:::  

back and forth 1/7


/home/daniel.z/ICML_PIECLAM_020425/experiments/../clamiter.py:365:::  
staring fit_prior for 2000 iterations


/home/daniel.z/ICML_PIECLAM_020425/experiments/../clamiter.py:365:::  
staring fit_feats for 3000 iterations


/home/daniel.z/ICML_PIECLAM_020425/experiments/../clamiter.py:629:::  

back and forth 2/7


/home/daniel.z/ICML_PIECLAM_020425/experiments/../clamiter.py:365:::  
staring fit_prior for 2000 iterations


/home/daniel.z/ICML_PIECLAM_020425/experiments/../clamiter.py:365:::  
staring fit_feats for 3000 iterations


/home/daniel.z/ICML_PIECLAM_020425/experiments/../clamiter.py:629:::  

back and forth 3/7


/home/daniel.z/ICML_PIECLAM_020425/experiments/../clamiter.py:365:::  
staring fit_prior for 2000 iterations


/home/daniel.z/ICML_PIECLAM_020425/experiments/../clamiter.py:365:::  
staring fit_feats for 3000 iterations


/home/daniel.z/ICML_PIECLAM_020425/experiments/../clamiter.py:629:::  

back and forth 4/7


/home/daniel.z/ICML_PIECLAM_020425/experiments/../clamiter.py:365:::  
staring fit_prior for 2000 iterations


/home/daniel.z/ICML_PIECLAM_020425/experiments/../clamiter.py:365:::  
staring fit_feats for 3000 iterations


/home/daniel.z/ICML_PIECLAM_020425/experiments/../clamiter.py:629:::  

back and forth 5/7


/home/daniel.z/ICML_PIECLAM_020425/experiments/../clamiter.py:365:::  
staring fit_prior for 2000 iterations


/home/daniel.z/ICML_PIECLAM_020425/experiments/../clamiter.py:365:::  
staring fit_feats for 3000 iterations


/home/daniel.z/ICML_PIECLAM_020425/experiments/../clamiter.py:629:::  

back and forth 6/7


/home/daniel.z/ICML_PIECLAM_020425/experiments/../clamiter.py:365:::  
staring fit_prior for 2000 iterations


/home/daniel.z/ICML_PIECLAM_020425/experiments/../clamiter.py:365:::  
staring fit_feats for 3000 iterations


/home/daniel.z/ICML_PIECLAM_020425/experiments/../clamiter.py:629:::  

back and forth 7/7


/home/daniel.z/ICML_PIECLAM_020425/experiments/../clamiter.py:365:::  
staring fit_prior for 2000 iterations


/home/daniel.z/ICML_PIECLAM_020425/experiments/../clamiter.py:365:::  
staring fit_feats for 3000 iterations


/home/daniel.z/ICML_PIECLAM_020425/experiments/../clamiter.py:704:::  

fit end


/home/daniel.z/ICML_PIECLAM_020425/experiments/../trainer.py:438:::  



FINISHED train 
 last accuracies:
test
key='auc': 0.7037847982483578
val
key='auc': 0.652892561983471




/home/daniel.z/ICML_PIECLAM_020425/experiments/../trainer.py:454:::  

train_model_on_params on pieclam texas 
took 4251.052286624908 seconds


/home/daniel.z/ICML_PIECLAM_020425/experiments/optimization_utils.py:650:::  
Repetition no. 0


/home/daniel.z/ICML_PIECLAM_020425/experiments/../trainer.py:161:::  

Using dataset specific configuration and not global 




/home/daniel.z/ICML_PIECLAM_020425/experiments/../trainer.py:335:::  

 2025-05-29 16:47:49 starting optimization of pieclam on texas on device cuda

 configs_dict: 
{
    "clamiter_init": {
        "dim_feat": 100,
        "dim_attr": 100,
        "s_reg": 0.0,
        "l1_reg": 1,
        "T": 1,
        "hidden_dim": 64,
        "num_coupling_blocks": 32,
        "num_layers_mlp": 2
    },
    "feat_opt": {
        "lr": 5e-06,
        "n_iter": 1000,
        "early_stop": 0
    },
    "prior_opt": {
        "n_iter": 2000,
        "lr": 5e-06,
        "noise_amp": 0.05,
        "weight_decay": 0.1,
        "early_stop": 0
    },
    "back_forth": {
        "n_back_forth": 7,
        "scheduler_step_size": 3,
        "scheduler_gamma": 0.5,
        "early_stop_fit": 0,
        "first_func_in_fit": "fit_prior"
    }
}


/home/daniel.z/ICML_PIECLAM_020425/experiments/../clamiter.py:567:::  

in fit,
first_func_in_fit='fit_prior'
second_function_name='fit_feats'


/home/daniel.z/ICML_PIECLAM_020425/experiments/../clamiter.py:629:::  

back and forth 1/7


/home/daniel.z/ICML_PIECLAM_020425/experiments/../clamiter.py:365:::  
staring fit_prior for 2000 iterations


/home/daniel.z/ICML_PIECLAM_020425/experiments/../clamiter.py:365:::  
staring fit_feats for 1000 iterations


/home/daniel.z/ICML_PIECLAM_020425/experiments/../clamiter.py:629:::  

back and forth 2/7


/home/daniel.z/ICML_PIECLAM_020425/experiments/../clamiter.py:365:::  
staring fit_prior for 2000 iterations


/home/daniel.z/ICML_PIECLAM_020425/experiments/../clamiter.py:365:::  
staring fit_feats for 1000 iterations


/home/daniel.z/ICML_PIECLAM_020425/experiments/../clamiter.py:629:::  

back and forth 3/7


/home/daniel.z/ICML_PIECLAM_020425/experiments/../clamiter.py:365:::  
staring fit_prior for 2000 iterations


/home/daniel.z/ICML_PIECLAM_020425/experiments/../clamiter.py:365:::  
staring fit_feats for 1000 iterations


/home/daniel.z/ICML_PIECLAM_020425/experiments/../clamiter.py:629:::  

back and forth 4/7


/home/daniel.z/ICML_PIECLAM_020425/experiments/../clamiter.py:365:::  
staring fit_prior for 2000 iterations


/home/daniel.z/ICML_PIECLAM_020425/experiments/../clamiter.py:365:::  
staring fit_feats for 1000 iterations


/home/daniel.z/ICML_PIECLAM_020425/experiments/../clamiter.py:629:::  

back and forth 5/7


/home/daniel.z/ICML_PIECLAM_020425/experiments/../clamiter.py:365:::  
staring fit_prior for 2000 iterations


/home/daniel.z/ICML_PIECLAM_020425/experiments/../clamiter.py:365:::  
staring fit_feats for 1000 iterations


/home/daniel.z/ICML_PIECLAM_020425/experiments/../clamiter.py:629:::  

back and forth 6/7


/home/daniel.z/ICML_PIECLAM_020425/experiments/../clamiter.py:365:::  
staring fit_prior for 2000 iterations


/home/daniel.z/ICML_PIECLAM_020425/experiments/../clamiter.py:365:::  
staring fit_feats for 1000 iterations


/home/daniel.z/ICML_PIECLAM_020425/experiments/../clamiter.py:629:::  

back and forth 7/7


/home/daniel.z/ICML_PIECLAM_020425/experiments/../clamiter.py:365:::  
staring fit_prior for 2000 iterations


/home/daniel.z/ICML_PIECLAM_020425/experiments/../clamiter.py:365:::  
staring fit_feats for 1000 iterations


/home/daniel.z/ICML_PIECLAM_020425/experiments/../clamiter.py:704:::  

fit end


/home/daniel.z/ICML_PIECLAM_020425/experiments/../trainer.py:438:::  



FINISHED train 
 last accuracies:
test
key='auc': 0.8132624335314357
val
key='auc': 0.7855750487329435




/home/daniel.z/ICML_PIECLAM_020425/experiments/../trainer.py:454:::  

train_model_on_params on pieclam texas 
took 2283.201686859131 seconds


/home/daniel.z/ICML_PIECLAM_020425/experiments/optimization_utils.py:650:::  
Repetition no. 0


/home/daniel.z/ICML_PIECLAM_020425/experiments/../trainer.py:161:::  

Using dataset specific configuration and not global 




/home/daniel.z/ICML_PIECLAM_020425/experiments/../trainer.py:335:::  

 2025-05-29 17:25:54 starting optimization of pieclam on texas on device cuda

 configs_dict: 
{
    "clamiter_init": {
        "dim_feat": 20,
        "dim_attr": 100,
        "s_reg": 0.0,
        "l1_reg": 1,
        "T": 1,
        "hidden_dim": 64,
        "num_coupling_blocks": 32,
        "num_layers_mlp": 2
    },
    "feat_opt": {
        "lr": 5e-06,
        "n_iter": 500,
        "early_stop": 0
    },
    "prior_opt": {
        "n_iter": 2000,
        "lr": 5e-06,
        "noise_amp": 0.05,
        "weight_decay": 0.1,
        "early_stop": 0
    },
    "back_forth": {
        "n_back_forth": 7,
        "scheduler_step_size": 3,
        "scheduler_gamma": 0.5,
        "early_stop_fit": 0,
        "first_func_in_fit": "fit_prior"
    }
}


/home/daniel.z/ICML_PIECLAM_020425/experiments/../clamiter.py:567:::  

in fit,
first_func_in_fit='fit_prior'
second_function_name='fit_feats'


/home/daniel.z/ICML_PIECLAM_020425/experiments/../clamiter.py:629:::  

back and forth 1/7


/home/daniel.z/ICML_PIECLAM_020425/experiments/../clamiter.py:365:::  
staring fit_prior for 2000 iterations


/home/daniel.z/ICML_PIECLAM_020425/experiments/../clamiter.py:365:::  
staring fit_feats for 500 iterations


/home/daniel.z/ICML_PIECLAM_020425/experiments/../clamiter.py:629:::  

back and forth 2/7


/home/daniel.z/ICML_PIECLAM_020425/experiments/../clamiter.py:365:::  
staring fit_prior for 2000 iterations


/home/daniel.z/ICML_PIECLAM_020425/experiments/../clamiter.py:365:::  
staring fit_feats for 500 iterations


/home/daniel.z/ICML_PIECLAM_020425/experiments/../clamiter.py:629:::  

back and forth 3/7


/home/daniel.z/ICML_PIECLAM_020425/experiments/../clamiter.py:365:::  
staring fit_prior for 2000 iterations


/home/daniel.z/ICML_PIECLAM_020425/experiments/../clamiter.py:365:::  
staring fit_feats for 500 iterations


/home/daniel.z/ICML_PIECLAM_020425/experiments/../clamiter.py:629:::  

back and forth 4/7


/home/daniel.z/ICML_PIECLAM_020425/experiments/../clamiter.py:365:::  
staring fit_prior for 2000 iterations


/home/daniel.z/ICML_PIECLAM_020425/experiments/../clamiter.py:365:::  
staring fit_feats for 500 iterations


/home/daniel.z/ICML_PIECLAM_020425/experiments/../clamiter.py:629:::  

back and forth 5/7


/home/daniel.z/ICML_PIECLAM_020425/experiments/../clamiter.py:365:::  
staring fit_prior for 2000 iterations


/home/daniel.z/ICML_PIECLAM_020425/experiments/../clamiter.py:365:::  
staring fit_feats for 500 iterations


/home/daniel.z/ICML_PIECLAM_020425/experiments/../clamiter.py:629:::  

back and forth 6/7


/home/daniel.z/ICML_PIECLAM_020425/experiments/../clamiter.py:365:::  
staring fit_prior for 2000 iterations


/home/daniel.z/ICML_PIECLAM_020425/experiments/../clamiter.py:365:::  
staring fit_feats for 500 iterations


/home/daniel.z/ICML_PIECLAM_020425/experiments/../clamiter.py:629:::  

back and forth 7/7


/home/daniel.z/ICML_PIECLAM_020425/experiments/../clamiter.py:365:::  
staring fit_prior for 2000 iterations


/home/daniel.z/ICML_PIECLAM_020425/experiments/../clamiter.py:365:::  
staring fit_feats for 500 iterations


/home/daniel.z/ICML_PIECLAM_020425/experiments/../clamiter.py:704:::  

fit end


/home/daniel.z/ICML_PIECLAM_020425/experiments/../trainer.py:438:::  



FINISHED train 
 last accuracies:
test
key='auc': 0.6456052549264936
val
key='auc': 0.7592806467579607




/home/daniel.z/ICML_PIECLAM_020425/experiments/../trainer.py:454:::  

train_model_on_params on pieclam texas 
took 1814.9814295768738 seconds


/home/daniel.z/ICML_PIECLAM_020425/experiments/optimization_utils.py:650:::  
Repetition no. 0


/home/daniel.z/ICML_PIECLAM_020425/experiments/../trainer.py:161:::  

Using dataset specific configuration and not global 




/home/daniel.z/ICML_PIECLAM_020425/experiments/../trainer.py:335:::  

 2025-05-29 17:56:09 starting optimization of pieclam on texas on device cuda

 configs_dict: 
{
    "clamiter_init": {
        "dim_feat": 50,
        "dim_attr": 100,
        "s_reg": 0.0,
        "l1_reg": 1,
        "T": 1,
        "hidden_dim": 64,
        "num_coupling_blocks": 32,
        "num_layers_mlp": 2
    },
    "feat_opt": {
        "lr": 5e-06,
        "n_iter": 3000,
        "early_stop": 0
    },
    "prior_opt": {
        "n_iter": 2000,
        "lr": 5e-06,
        "noise_amp": 0.05,
        "weight_decay": 0.1,
        "early_stop": 0
    },
    "back_forth": {
        "n_back_forth": 7,
        "scheduler_step_size": 3,
        "scheduler_gamma": 0.5,
        "early_stop_fit": 0,
        "first_func_in_fit": "fit_prior"
    }
}


/home/daniel.z/ICML_PIECLAM_020425/experiments/../clamiter.py:567:::  

in fit,
first_func_in_fit='fit_prior'
second_function_name='fit_feats'


/home/daniel.z/ICML_PIECLAM_020425/experiments/../clamiter.py:629:::  

back and forth 1/7


/home/daniel.z/ICML_PIECLAM_020425/experiments/../clamiter.py:365:::  
staring fit_prior for 2000 iterations


/home/daniel.z/ICML_PIECLAM_020425/experiments/../clamiter.py:365:::  
staring fit_feats for 3000 iterations


/home/daniel.z/ICML_PIECLAM_020425/experiments/../clamiter.py:629:::  

back and forth 2/7


/home/daniel.z/ICML_PIECLAM_020425/experiments/../clamiter.py:365:::  
staring fit_prior for 2000 iterations


/home/daniel.z/ICML_PIECLAM_020425/experiments/../clamiter.py:365:::  
staring fit_feats for 3000 iterations


/home/daniel.z/ICML_PIECLAM_020425/experiments/../clamiter.py:629:::  

back and forth 3/7


/home/daniel.z/ICML_PIECLAM_020425/experiments/../clamiter.py:365:::  
staring fit_prior for 2000 iterations


/home/daniel.z/ICML_PIECLAM_020425/experiments/../clamiter.py:365:::  
staring fit_feats for 3000 iterations


/home/daniel.z/ICML_PIECLAM_020425/experiments/../clamiter.py:629:::  

back and forth 4/7


/home/daniel.z/ICML_PIECLAM_020425/experiments/../clamiter.py:365:::  
staring fit_prior for 2000 iterations


/home/daniel.z/ICML_PIECLAM_020425/experiments/../clamiter.py:365:::  
staring fit_feats for 3000 iterations


/home/daniel.z/ICML_PIECLAM_020425/experiments/../clamiter.py:629:::  

back and forth 5/7


/home/daniel.z/ICML_PIECLAM_020425/experiments/../clamiter.py:365:::  
staring fit_prior for 2000 iterations


/home/daniel.z/ICML_PIECLAM_020425/experiments/../clamiter.py:365:::  
staring fit_feats for 3000 iterations


/home/daniel.z/ICML_PIECLAM_020425/experiments/../clamiter.py:629:::  

back and forth 6/7


/home/daniel.z/ICML_PIECLAM_020425/experiments/../clamiter.py:365:::  
staring fit_prior for 2000 iterations


/home/daniel.z/ICML_PIECLAM_020425/experiments/../clamiter.py:365:::  
staring fit_feats for 3000 iterations


/home/daniel.z/ICML_PIECLAM_020425/experiments/../clamiter.py:629:::  

back and forth 7/7


/home/daniel.z/ICML_PIECLAM_020425/experiments/../clamiter.py:365:::  
staring fit_prior for 2000 iterations


/home/daniel.z/ICML_PIECLAM_020425/experiments/../clamiter.py:365:::  
staring fit_feats for 3000 iterations


/home/daniel.z/ICML_PIECLAM_020425/experiments/../clamiter.py:704:::  

fit end


/home/daniel.z/ICML_PIECLAM_020425/experiments/../trainer.py:438:::  



FINISHED train 
 last accuracies:
test
key='auc': 0.8404754457303723
val
key='auc': 0.7198298777246146




/home/daniel.z/ICML_PIECLAM_020425/experiments/../trainer.py:454:::  

train_model_on_params on pieclam texas 
took 4292.47555565834 seconds


/home/daniel.z/ICML_PIECLAM_020425/experiments/optimization_utils.py:650:::  
Repetition no. 0


/home/daniel.z/ICML_PIECLAM_020425/experiments/../trainer.py:161:::  

Using dataset specific configuration and not global 




/home/daniel.z/ICML_PIECLAM_020425/experiments/../trainer.py:335:::  

 2025-05-29 19:07:42 starting optimization of pieclam on texas on device cuda

 configs_dict: 
{
    "clamiter_init": {
        "dim_feat": 20,
        "dim_attr": 100,
        "s_reg": 0.0,
        "l1_reg": 1,
        "T": 1,
        "hidden_dim": 64,
        "num_coupling_blocks": 32,
        "num_layers_mlp": 2
    },
    "feat_opt": {
        "lr": 5e-07,
        "n_iter": 1000,
        "early_stop": 0
    },
    "prior_opt": {
        "n_iter": 2000,
        "lr": 5e-06,
        "noise_amp": 0.05,
        "weight_decay": 0.1,
        "early_stop": 0
    },
    "back_forth": {
        "n_back_forth": 7,
        "scheduler_step_size": 3,
        "scheduler_gamma": 0.5,
        "early_stop_fit": 0,
        "first_func_in_fit": "fit_prior"
    }
}


/home/daniel.z/ICML_PIECLAM_020425/experiments/../clamiter.py:567:::  

in fit,
first_func_in_fit='fit_prior'
second_function_name='fit_feats'


/home/daniel.z/ICML_PIECLAM_020425/experiments/../clamiter.py:629:::  

back and forth 1/7


/home/daniel.z/ICML_PIECLAM_020425/experiments/../clamiter.py:365:::  
staring fit_prior for 2000 iterations


/home/daniel.z/ICML_PIECLAM_020425/experiments/../clamiter.py:365:::  
staring fit_feats for 1000 iterations


/home/daniel.z/ICML_PIECLAM_020425/experiments/../clamiter.py:629:::  

back and forth 2/7


/home/daniel.z/ICML_PIECLAM_020425/experiments/../clamiter.py:365:::  
staring fit_prior for 2000 iterations


/home/daniel.z/ICML_PIECLAM_020425/experiments/../clamiter.py:365:::  
staring fit_feats for 1000 iterations


/home/daniel.z/ICML_PIECLAM_020425/experiments/../clamiter.py:629:::  

back and forth 3/7


/home/daniel.z/ICML_PIECLAM_020425/experiments/../clamiter.py:365:::  
staring fit_prior for 2000 iterations


/home/daniel.z/ICML_PIECLAM_020425/experiments/../clamiter.py:365:::  
staring fit_feats for 1000 iterations


/home/daniel.z/ICML_PIECLAM_020425/experiments/../clamiter.py:629:::  

back and forth 4/7


/home/daniel.z/ICML_PIECLAM_020425/experiments/../clamiter.py:365:::  
staring fit_prior for 2000 iterations


/home/daniel.z/ICML_PIECLAM_020425/experiments/../clamiter.py:365:::  
staring fit_feats for 1000 iterations


/home/daniel.z/ICML_PIECLAM_020425/experiments/../clamiter.py:629:::  

back and forth 5/7


/home/daniel.z/ICML_PIECLAM_020425/experiments/../clamiter.py:365:::  
staring fit_prior for 2000 iterations


/home/daniel.z/ICML_PIECLAM_020425/experiments/../clamiter.py:365:::  
staring fit_feats for 1000 iterations


/home/daniel.z/ICML_PIECLAM_020425/experiments/../clamiter.py:629:::  

back and forth 6/7


/home/daniel.z/ICML_PIECLAM_020425/experiments/../clamiter.py:365:::  
staring fit_prior for 2000 iterations


/home/daniel.z/ICML_PIECLAM_020425/experiments/../clamiter.py:365:::  
staring fit_feats for 1000 iterations


/home/daniel.z/ICML_PIECLAM_020425/experiments/../clamiter.py:629:::  

back and forth 7/7


/home/daniel.z/ICML_PIECLAM_020425/experiments/../clamiter.py:365:::  
staring fit_prior for 2000 iterations


/home/daniel.z/ICML_PIECLAM_020425/experiments/../clamiter.py:365:::  
staring fit_feats for 1000 iterations


/home/daniel.z/ICML_PIECLAM_020425/experiments/../clamiter.py:704:::  

fit end


/home/daniel.z/ICML_PIECLAM_020425/experiments/../trainer.py:438:::  



FINISHED train 
 last accuracies:
test
key='auc': 0.5871129183609634
val
key='auc': 0.7437533227006912




/home/daniel.z/ICML_PIECLAM_020425/experiments/../trainer.py:454:::  

train_model_on_params on pieclam texas 
took 2399.2091603279114 seconds


/home/daniel.z/ICML_PIECLAM_020425/experiments/optimization_utils.py:650:::  
Repetition no. 0


/home/daniel.z/ICML_PIECLAM_020425/experiments/../trainer.py:161:::  

Using dataset specific configuration and not global 




/home/daniel.z/ICML_PIECLAM_020425/experiments/../trainer.py:335:::  

 2025-05-29 19:47:41 starting optimization of pieclam on texas on device cuda

 configs_dict: 
{
    "clamiter_init": {
        "dim_feat": 100,
        "dim_attr": 100,
        "s_reg": 0.0,
        "l1_reg": 1,
        "T": 1,
        "hidden_dim": 64,
        "num_coupling_blocks": 32,
        "num_layers_mlp": 2
    },
    "feat_opt": {
        "lr": 5e-07,
        "n_iter": 1000,
        "early_stop": 0
    },
    "prior_opt": {
        "n_iter": 2000,
        "lr": 5e-06,
        "noise_amp": 0.05,
        "weight_decay": 0.1,
        "early_stop": 0
    },
    "back_forth": {
        "n_back_forth": 7,
        "scheduler_step_size": 3,
        "scheduler_gamma": 0.5,
        "early_stop_fit": 0,
        "first_func_in_fit": "fit_prior"
    }
}


/home/daniel.z/ICML_PIECLAM_020425/experiments/../clamiter.py:567:::  

in fit,
first_func_in_fit='fit_prior'
second_function_name='fit_feats'


/home/daniel.z/ICML_PIECLAM_020425/experiments/../clamiter.py:629:::  

back and forth 1/7


/home/daniel.z/ICML_PIECLAM_020425/experiments/../clamiter.py:365:::  
staring fit_prior for 2000 iterations


/home/daniel.z/ICML_PIECLAM_020425/experiments/../clamiter.py:365:::  
staring fit_feats for 1000 iterations


/home/daniel.z/ICML_PIECLAM_020425/experiments/../clamiter.py:629:::  

back and forth 2/7


/home/daniel.z/ICML_PIECLAM_020425/experiments/../clamiter.py:365:::  
staring fit_prior for 2000 iterations


/home/daniel.z/ICML_PIECLAM_020425/experiments/../clamiter.py:365:::  
staring fit_feats for 1000 iterations


/home/daniel.z/ICML_PIECLAM_020425/experiments/../clamiter.py:629:::  

back and forth 3/7


/home/daniel.z/ICML_PIECLAM_020425/experiments/../clamiter.py:365:::  
staring fit_prior for 2000 iterations


/home/daniel.z/ICML_PIECLAM_020425/experiments/../clamiter.py:365:::  
staring fit_feats for 1000 iterations


/home/daniel.z/ICML_PIECLAM_020425/experiments/../clamiter.py:629:::  

back and forth 4/7


/home/daniel.z/ICML_PIECLAM_020425/experiments/../clamiter.py:365:::  
staring fit_prior for 2000 iterations


/home/daniel.z/ICML_PIECLAM_020425/experiments/../clamiter.py:365:::  
staring fit_feats for 1000 iterations


/home/daniel.z/ICML_PIECLAM_020425/experiments/../clamiter.py:629:::  

back and forth 5/7


/home/daniel.z/ICML_PIECLAM_020425/experiments/../clamiter.py:365:::  
staring fit_prior for 2000 iterations


/home/daniel.z/ICML_PIECLAM_020425/experiments/../clamiter.py:365:::  
staring fit_feats for 1000 iterations


/home/daniel.z/ICML_PIECLAM_020425/experiments/../clamiter.py:629:::  

back and forth 6/7


/home/daniel.z/ICML_PIECLAM_020425/experiments/../clamiter.py:365:::  
staring fit_prior for 2000 iterations


/home/daniel.z/ICML_PIECLAM_020425/experiments/../clamiter.py:365:::  
staring fit_feats for 1000 iterations


/home/daniel.z/ICML_PIECLAM_020425/experiments/../clamiter.py:629:::  

back and forth 7/7


/home/daniel.z/ICML_PIECLAM_020425/experiments/../clamiter.py:365:::  
staring fit_prior for 2000 iterations


/home/daniel.z/ICML_PIECLAM_020425/experiments/../clamiter.py:365:::  
staring fit_feats for 1000 iterations


/home/daniel.z/ICML_PIECLAM_020425/experiments/../clamiter.py:704:::  

fit end


/home/daniel.z/ICML_PIECLAM_020425/experiments/../trainer.py:438:::  



FINISHED train 
 last accuracies:
test
key='auc': 0.5178292148889584
val
key='auc': 0.5478468899521531




/home/daniel.z/ICML_PIECLAM_020425/experiments/../trainer.py:454:::  

train_model_on_params on pieclam texas 
took 2292.8520164489746 seconds


/home/daniel.z/ICML_PIECLAM_020425/experiments/optimization_utils.py:650:::  
Repetition no. 0


/home/daniel.z/ICML_PIECLAM_020425/experiments/../trainer.py:161:::  

Using dataset specific configuration and not global 




/home/daniel.z/ICML_PIECLAM_020425/experiments/../trainer.py:335:::  

 2025-05-29 20:25:54 starting optimization of pieclam on texas on device cuda

 configs_dict: 
{
    "clamiter_init": {
        "dim_feat": 100,
        "dim_attr": 100,
        "s_reg": 0.0,
        "l1_reg": 1,
        "T": 1,
        "hidden_dim": 64,
        "num_coupling_blocks": 32,
        "num_layers_mlp": 2
    },
    "feat_opt": {
        "lr": 5e-06,
        "n_iter": 3000,
        "early_stop": 0
    },
    "prior_opt": {
        "n_iter": 2000,
        "lr": 5e-06,
        "noise_amp": 0.05,
        "weight_decay": 0.1,
        "early_stop": 0
    },
    "back_forth": {
        "n_back_forth": 7,
        "scheduler_step_size": 3,
        "scheduler_gamma": 0.5,
        "early_stop_fit": 0,
        "first_func_in_fit": "fit_prior"
    }
}


/home/daniel.z/ICML_PIECLAM_020425/experiments/../clamiter.py:567:::  

in fit,
first_func_in_fit='fit_prior'
second_function_name='fit_feats'


/home/daniel.z/ICML_PIECLAM_020425/experiments/../clamiter.py:629:::  

back and forth 1/7


/home/daniel.z/ICML_PIECLAM_020425/experiments/../clamiter.py:365:::  
staring fit_prior for 2000 iterations


/home/daniel.z/ICML_PIECLAM_020425/experiments/../clamiter.py:365:::  
staring fit_feats for 3000 iterations


/home/daniel.z/ICML_PIECLAM_020425/experiments/../clamiter.py:629:::  

back and forth 2/7


/home/daniel.z/ICML_PIECLAM_020425/experiments/../clamiter.py:365:::  
staring fit_prior for 2000 iterations


/home/daniel.z/ICML_PIECLAM_020425/experiments/../clamiter.py:365:::  
staring fit_feats for 3000 iterations


/home/daniel.z/ICML_PIECLAM_020425/experiments/../clamiter.py:629:::  

back and forth 3/7


/home/daniel.z/ICML_PIECLAM_020425/experiments/../clamiter.py:365:::  
staring fit_prior for 2000 iterations


/home/daniel.z/ICML_PIECLAM_020425/experiments/../clamiter.py:365:::  
staring fit_feats for 3000 iterations


/home/daniel.z/ICML_PIECLAM_020425/experiments/../clamiter.py:629:::  

back and forth 4/7


/home/daniel.z/ICML_PIECLAM_020425/experiments/../clamiter.py:365:::  
staring fit_prior for 2000 iterations


/home/daniel.z/ICML_PIECLAM_020425/experiments/../clamiter.py:365:::  
staring fit_feats for 3000 iterations


/home/daniel.z/ICML_PIECLAM_020425/experiments/../clamiter.py:629:::  

back and forth 5/7


/home/daniel.z/ICML_PIECLAM_020425/experiments/../clamiter.py:365:::  
staring fit_prior for 2000 iterations


/home/daniel.z/ICML_PIECLAM_020425/experiments/../clamiter.py:365:::  
staring fit_feats for 3000 iterations


/home/daniel.z/ICML_PIECLAM_020425/experiments/../clamiter.py:629:::  

back and forth 6/7


/home/daniel.z/ICML_PIECLAM_020425/experiments/../clamiter.py:365:::  
staring fit_prior for 2000 iterations


/home/daniel.z/ICML_PIECLAM_020425/experiments/../clamiter.py:365:::  
staring fit_feats for 3000 iterations


/home/daniel.z/ICML_PIECLAM_020425/experiments/../clamiter.py:629:::  

back and forth 7/7


/home/daniel.z/ICML_PIECLAM_020425/experiments/../clamiter.py:365:::  
staring fit_prior for 2000 iterations


/home/daniel.z/ICML_PIECLAM_020425/experiments/../clamiter.py:365:::  
staring fit_feats for 3000 iterations


/home/daniel.z/ICML_PIECLAM_020425/experiments/../clamiter.py:704:::  

fit end


/home/daniel.z/ICML_PIECLAM_020425/experiments/../trainer.py:438:::  



FINISHED train 
 last accuracies:
test
key='auc': 0.8045042227087895
val
key='auc': 0.8260113092648979




/home/daniel.z/ICML_PIECLAM_020425/experiments/../trainer.py:454:::  

train_model_on_params on pieclam texas 
took 3895.5229120254517 seconds


/home/daniel.z/ICML_PIECLAM_020425/experiments/optimization_utils.py:650:::  
Repetition no. 0


/home/daniel.z/ICML_PIECLAM_020425/experiments/../trainer.py:161:::  

Using dataset specific configuration and not global 




/home/daniel.z/ICML_PIECLAM_020425/experiments/../trainer.py:335:::  

 2025-05-29 21:30:50 starting optimization of pieclam on texas on device cuda

 configs_dict: 
{
    "clamiter_init": {
        "dim_feat": 50,
        "dim_attr": 100,
        "s_reg": 0.0,
        "l1_reg": 1,
        "T": 1,
        "hidden_dim": 64,
        "num_coupling_blocks": 32,
        "num_layers_mlp": 2
    },
    "feat_opt": {
        "lr": 5e-07,
        "n_iter": 1000,
        "early_stop": 0
    },
    "prior_opt": {
        "n_iter": 2000,
        "lr": 5e-06,
        "noise_amp": 0.05,
        "weight_decay": 0.1,
        "early_stop": 0
    },
    "back_forth": {
        "n_back_forth": 7,
        "scheduler_step_size": 3,
        "scheduler_gamma": 0.5,
        "early_stop_fit": 0,
        "first_func_in_fit": "fit_prior"
    }
}


/home/daniel.z/ICML_PIECLAM_020425/experiments/../clamiter.py:567:::  

in fit,
first_func_in_fit='fit_prior'
second_function_name='fit_feats'


/home/daniel.z/ICML_PIECLAM_020425/experiments/../clamiter.py:629:::  

back and forth 1/7


/home/daniel.z/ICML_PIECLAM_020425/experiments/../clamiter.py:365:::  
staring fit_prior for 2000 iterations


/home/daniel.z/ICML_PIECLAM_020425/experiments/../clamiter.py:365:::  
staring fit_feats for 1000 iterations


/home/daniel.z/ICML_PIECLAM_020425/experiments/../clamiter.py:629:::  

back and forth 2/7


/home/daniel.z/ICML_PIECLAM_020425/experiments/../clamiter.py:365:::  
staring fit_prior for 2000 iterations


/home/daniel.z/ICML_PIECLAM_020425/experiments/../clamiter.py:365:::  
staring fit_feats for 1000 iterations


/home/daniel.z/ICML_PIECLAM_020425/experiments/../clamiter.py:629:::  

back and forth 3/7


/home/daniel.z/ICML_PIECLAM_020425/experiments/../clamiter.py:365:::  
staring fit_prior for 2000 iterations


/home/daniel.z/ICML_PIECLAM_020425/experiments/../clamiter.py:365:::  
staring fit_feats for 1000 iterations


/home/daniel.z/ICML_PIECLAM_020425/experiments/../clamiter.py:629:::  

back and forth 4/7


/home/daniel.z/ICML_PIECLAM_020425/experiments/../clamiter.py:365:::  
staring fit_prior for 2000 iterations
