

/home/daniel.z/ICML_PIECLAM_020425/experiments/scripts/link_prediction/hypers_search/hypers_search_splits.py:97:::  
Using device: cuda


/home/daniel.z/ICML_PIECLAM_020425/experiments/scripts/link_prediction/hypers_search/hypers_search_splits.py:119:::  
Running cross val link splits for photo with model bigclam


/home/daniel.z/ICML_PIECLAM_020425/experiments/scripts/link_prediction/hypers_search/hypers_search_splits.py:120:::  
args=Namespace(model_name='bigclam', ds_name='photo', dim_feats=[40, 50, 60], l1_regs=[], s_regs=[], n_iters_feats=[7000, 10000, 13000], lr_feats=[2e-06, 3e-06, 5e-06], dim_attr=[], n_iters_prior=[], lr_prior=[], noise_amps=[], n_back_forth=[], first_funcs_in_fit=[], use_global_config_base=False, densify=False, attr_opt=False, test_p=0.1, val_p=0.1, val_dyads_path=None, test_dyads_path=None, random_search=True, num_draws_random=50, test_only=False, n_reps=3, reverse_test_set_order=False)


/home/daniel.z/ICML_PIECLAM_020425/experiments/optimization_utils.py:516:::  
On test set split_03-29_02-05-25 of photo,bigclam
 ======================


/home/daniel.z/ICML_PIECLAM_020425/experiments/optimization_utils.py:633:::  
RunSaver defined to acc_configs path /home/daniel.z/ICML_PIECLAM_020425/experiments/results/link_prediction/auc/photo/bigclam/split_03-29_02-05-25/valid/acc_configs01-28_24-05-25.json


/home/daniel.z/ICML_PIECLAM_020425/experiments/optimization_utils.py:655:::  
Repetition no. 0


/home/daniel.z/ICML_PIECLAM_020425/experiments/../trainer.py:161:::  

Using dataset specific configuration and not global 




/home/daniel.z/ICML_PIECLAM_020425/experiments/../trainer.py:335:::  

 2025-05-24 01:28:51 starting optimization of bigclam on photo on device cuda

 configs_dict: 
{
    "clamiter_init": {
        "dim_feat": 50,
        "dim_attr": 500,
        "s_reg": 0.0,
        "l1_reg": 1,
        "T": 1,
        "hidden_dim": 64,
        "num_coupling_blocks": 32,
        "num_layers_mlp": 2
    },
    "feat_opt": {
        "lr": 3e-06,
        "n_iter": 13000,
        "early_stop": 0
    }
}


/home/daniel.z/ICML_PIECLAM_020425/experiments/../clamiter.py:365:::  
staring fit_feats for 13000 iterations


/home/daniel.z/ICML_PIECLAM_020425/experiments/../trainer.py:454:::  

train_model_on_params on bigclam photo 
took 62.365877866744995 seconds


/home/daniel.z/ICML_PIECLAM_020425/experiments/optimization_utils.py:655:::  
Repetition no. 1


/home/daniel.z/ICML_PIECLAM_020425/experiments/../trainer.py:161:::  

Using dataset specific configuration and not global 




/home/daniel.z/ICML_PIECLAM_020425/experiments/../trainer.py:335:::  

 2025-05-24 01:29:53 starting optimization of bigclam on photo on device cuda

 configs_dict: 
{
    "clamiter_init": {
        "dim_feat": 50,
        "dim_attr": 500,
        "s_reg": 0.0,
        "l1_reg": 1,
        "T": 1,
        "hidden_dim": 64,
        "num_coupling_blocks": 32,
        "num_layers_mlp": 2
    },
    "feat_opt": {
        "lr": 3e-06,
        "n_iter": 13000,
        "early_stop": 0
    }
}


/home/daniel.z/ICML_PIECLAM_020425/experiments/../clamiter.py:365:::  
staring fit_feats for 13000 iterations


/home/daniel.z/ICML_PIECLAM_020425/experiments/../trainer.py:454:::  

train_model_on_params on bigclam photo 
took 61.616554260253906 seconds


/home/daniel.z/ICML_PIECLAM_020425/experiments/optimization_utils.py:655:::  
Repetition no. 2


/home/daniel.z/ICML_PIECLAM_020425/experiments/../trainer.py:161:::  

Using dataset specific configuration and not global 




/home/daniel.z/ICML_PIECLAM_020425/experiments/../trainer.py:335:::  

 2025-05-24 01:30:55 starting optimization of bigclam on photo on device cuda

 configs_dict: 
{
    "clamiter_init": {
        "dim_feat": 50,
        "dim_attr": 500,
        "s_reg": 0.0,
        "l1_reg": 1,
        "T": 1,
        "hidden_dim": 64,
        "num_coupling_blocks": 32,
        "num_layers_mlp": 2
    },
    "feat_opt": {
        "lr": 3e-06,
        "n_iter": 13000,
        "early_stop": 0
    }
}


/home/daniel.z/ICML_PIECLAM_020425/experiments/../clamiter.py:365:::  
staring fit_feats for 13000 iterations


/home/daniel.z/ICML_PIECLAM_020425/experiments/../trainer.py:454:::  

train_model_on_params on bigclam photo 
took 61.68867516517639 seconds


/home/daniel.z/ICML_PIECLAM_020425/experiments/optimization_utils.py:655:::  
Repetition no. 0


/home/daniel.z/ICML_PIECLAM_020425/experiments/../trainer.py:161:::  

Using dataset specific configuration and not global 




/home/daniel.z/ICML_PIECLAM_020425/experiments/../trainer.py:335:::  

 2025-05-24 01:31:57 starting optimization of bigclam on photo on device cuda

 configs_dict: 
{
    "clamiter_init": {
        "dim_feat": 50,
        "dim_attr": 500,
        "s_reg": 0.0,
        "l1_reg": 1,
        "T": 1,
        "hidden_dim": 64,
        "num_coupling_blocks": 32,
        "num_layers_mlp": 2
    },
    "feat_opt": {
        "lr": 2e-06,
        "n_iter": 10000,
        "early_stop": 0
    }
}


/home/daniel.z/ICML_PIECLAM_020425/experiments/../clamiter.py:365:::  
staring fit_feats for 10000 iterations


/home/daniel.z/ICML_PIECLAM_020425/experiments/../trainer.py:454:::  

train_model_on_params on bigclam photo 
took 47.45512318611145 seconds


/home/daniel.z/ICML_PIECLAM_020425/experiments/optimization_utils.py:655:::  
Repetition no. 1


/home/daniel.z/ICML_PIECLAM_020425/experiments/../trainer.py:161:::  

Using dataset specific configuration and not global 




/home/daniel.z/ICML_PIECLAM_020425/experiments/../trainer.py:335:::  

 2025-05-24 01:32:45 starting optimization of bigclam on photo on device cuda

 configs_dict: 
{
    "clamiter_init": {
        "dim_feat": 50,
        "dim_attr": 500,
        "s_reg": 0.0,
        "l1_reg": 1,
        "T": 1,
        "hidden_dim": 64,
        "num_coupling_blocks": 32,
        "num_layers_mlp": 2
    },
    "feat_opt": {
        "lr": 2e-06,
        "n_iter": 10000,
        "early_stop": 0
    }
}


/home/daniel.z/ICML_PIECLAM_020425/experiments/../clamiter.py:365:::  
staring fit_feats for 10000 iterations


/home/daniel.z/ICML_PIECLAM_020425/experiments/../trainer.py:454:::  

train_model_on_params on bigclam photo 
took 47.394898414611816 seconds


/home/daniel.z/ICML_PIECLAM_020425/experiments/optimization_utils.py:655:::  
Repetition no. 2


/home/daniel.z/ICML_PIECLAM_020425/experiments/../trainer.py:161:::  

Using dataset specific configuration and not global 




/home/daniel.z/ICML_PIECLAM_020425/experiments/../trainer.py:335:::  

 2025-05-24 01:33:33 starting optimization of bigclam on photo on device cuda

 configs_dict: 
{
    "clamiter_init": {
        "dim_feat": 50,
        "dim_attr": 500,
        "s_reg": 0.0,
        "l1_reg": 1,
        "T": 1,
        "hidden_dim": 64,
        "num_coupling_blocks": 32,
        "num_layers_mlp": 2
    },
    "feat_opt": {
        "lr": 2e-06,
        "n_iter": 10000,
        "early_stop": 0
    }
}


/home/daniel.z/ICML_PIECLAM_020425/experiments/../clamiter.py:365:::  
staring fit_feats for 10000 iterations


/home/daniel.z/ICML_PIECLAM_020425/experiments/../trainer.py:454:::  

train_model_on_params on bigclam photo 
took 47.19351243972778 seconds


/home/daniel.z/ICML_PIECLAM_020425/experiments/optimization_utils.py:655:::  
Repetition no. 0


/home/daniel.z/ICML_PIECLAM_020425/experiments/../trainer.py:161:::  

Using dataset specific configuration and not global 




/home/daniel.z/ICML_PIECLAM_020425/experiments/../trainer.py:335:::  

 2025-05-24 01:34:20 starting optimization of bigclam on photo on device cuda

 configs_dict: 
{
    "clamiter_init": {
        "dim_feat": 50,
        "dim_attr": 500,
        "s_reg": 0.0,
        "l1_reg": 1,
        "T": 1,
        "hidden_dim": 64,
        "num_coupling_blocks": 32,
        "num_layers_mlp": 2
    },
    "feat_opt": {
        "lr": 2e-06,
        "n_iter": 7000,
        "early_stop": 0
    }
}


/home/daniel.z/ICML_PIECLAM_020425/experiments/../clamiter.py:365:::  
staring fit_feats for 7000 iterations


/home/daniel.z/ICML_PIECLAM_020425/experiments/../trainer.py:454:::  

train_model_on_params on bigclam photo 
took 33.088802099227905 seconds


/home/daniel.z/ICML_PIECLAM_020425/experiments/optimization_utils.py:655:::  
Repetition no. 1


/home/daniel.z/ICML_PIECLAM_020425/experiments/../trainer.py:161:::  

Using dataset specific configuration and not global 




/home/daniel.z/ICML_PIECLAM_020425/experiments/../trainer.py:335:::  

 2025-05-24 01:34:54 starting optimization of bigclam on photo on device cuda

 configs_dict: 
{
    "clamiter_init": {
        "dim_feat": 50,
        "dim_attr": 500,
        "s_reg": 0.0,
        "l1_reg": 1,
        "T": 1,
        "hidden_dim": 64,
        "num_coupling_blocks": 32,
        "num_layers_mlp": 2
    },
    "feat_opt": {
        "lr": 2e-06,
        "n_iter": 7000,
        "early_stop": 0
    }
}


/home/daniel.z/ICML_PIECLAM_020425/experiments/../clamiter.py:365:::  
staring fit_feats for 7000 iterations


/home/daniel.z/ICML_PIECLAM_020425/experiments/../trainer.py:454:::  

train_model_on_params on bigclam photo 
took 33.076876163482666 seconds


/home/daniel.z/ICML_PIECLAM_020425/experiments/optimization_utils.py:655:::  
Repetition no. 2


/home/daniel.z/ICML_PIECLAM_020425/experiments/../trainer.py:161:::  

Using dataset specific configuration and not global 




/home/daniel.z/ICML_PIECLAM_020425/experiments/../trainer.py:335:::  

 2025-05-24 01:35:28 starting optimization of bigclam on photo on device cuda

 configs_dict: 
{
    "clamiter_init": {
        "dim_feat": 50,
        "dim_attr": 500,
        "s_reg": 0.0,
        "l1_reg": 1,
        "T": 1,
        "hidden_dim": 64,
        "num_coupling_blocks": 32,
        "num_layers_mlp": 2
    },
    "feat_opt": {
        "lr": 2e-06,
        "n_iter": 7000,
        "early_stop": 0
    }
}


/home/daniel.z/ICML_PIECLAM_020425/experiments/../clamiter.py:365:::  
staring fit_feats for 7000 iterations


/home/daniel.z/ICML_PIECLAM_020425/experiments/../trainer.py:454:::  

train_model_on_params on bigclam photo 
took 33.09586572647095 seconds


/home/daniel.z/ICML_PIECLAM_020425/experiments/optimization_utils.py:655:::  
Repetition no. 0


/home/daniel.z/ICML_PIECLAM_020425/experiments/../trainer.py:161:::  

Using dataset specific configuration and not global 




/home/daniel.z/ICML_PIECLAM_020425/experiments/../trainer.py:335:::  

 2025-05-24 01:36:01 starting optimization of bigclam on photo on device cuda

 configs_dict: 
{
    "clamiter_init": {
        "dim_feat": 60,
        "dim_attr": 500,
        "s_reg": 0.0,
        "l1_reg": 1,
        "T": 1,
        "hidden_dim": 64,
        "num_coupling_blocks": 32,
        "num_layers_mlp": 2
    },
    "feat_opt": {
        "lr": 5e-06,
        "n_iter": 13000,
        "early_stop": 0
    }
}


/home/daniel.z/ICML_PIECLAM_020425/experiments/../clamiter.py:365:::  
staring fit_feats for 13000 iterations


/home/daniel.z/ICML_PIECLAM_020425/experiments/../trainer.py:454:::  

train_model_on_params on bigclam photo 
took 70.55573773384094 seconds


/home/daniel.z/ICML_PIECLAM_020425/experiments/optimization_utils.py:655:::  
Repetition no. 1


/home/daniel.z/ICML_PIECLAM_020425/experiments/../trainer.py:161:::  

Using dataset specific configuration and not global 




/home/daniel.z/ICML_PIECLAM_020425/experiments/../trainer.py:335:::  

 2025-05-24 01:37:12 starting optimization of bigclam on photo on device cuda

 configs_dict: 
{
    "clamiter_init": {
        "dim_feat": 60,
        "dim_attr": 500,
        "s_reg": 0.0,
        "l1_reg": 1,
        "T": 1,
        "hidden_dim": 64,
        "num_coupling_blocks": 32,
        "num_layers_mlp": 2
    },
    "feat_opt": {
        "lr": 5e-06,
        "n_iter": 13000,
        "early_stop": 0
    }
}


/home/daniel.z/ICML_PIECLAM_020425/experiments/../clamiter.py:365:::  
staring fit_feats for 13000 iterations


/home/daniel.z/ICML_PIECLAM_020425/experiments/../trainer.py:454:::  

train_model_on_params on bigclam photo 
took 70.55763459205627 seconds


/home/daniel.z/ICML_PIECLAM_020425/experiments/optimization_utils.py:655:::  
Repetition no. 2


/home/daniel.z/ICML_PIECLAM_020425/experiments/../trainer.py:161:::  

Using dataset specific configuration and not global 




/home/daniel.z/ICML_PIECLAM_020425/experiments/../trainer.py:335:::  

 2025-05-24 01:38:23 starting optimization of bigclam on photo on device cuda

 configs_dict: 
{
    "clamiter_init": {
        "dim_feat": 60,
        "dim_attr": 500,
        "s_reg": 0.0,
        "l1_reg": 1,
        "T": 1,
        "hidden_dim": 64,
        "num_coupling_blocks": 32,
        "num_layers_mlp": 2
    },
    "feat_opt": {
        "lr": 5e-06,
        "n_iter": 13000,
        "early_stop": 0
    }
}


/home/daniel.z/ICML_PIECLAM_020425/experiments/../clamiter.py:365:::  
staring fit_feats for 13000 iterations


/home/daniel.z/ICML_PIECLAM_020425/experiments/../trainer.py:454:::  

train_model_on_params on bigclam photo 
took 71.00451731681824 seconds


/home/daniel.z/ICML_PIECLAM_020425/experiments/optimization_utils.py:655:::  
Repetition no. 0


/home/daniel.z/ICML_PIECLAM_020425/experiments/../trainer.py:161:::  

Using dataset specific configuration and not global 




/home/daniel.z/ICML_PIECLAM_020425/experiments/../trainer.py:335:::  

 2025-05-24 01:39:34 starting optimization of bigclam on photo on device cuda

 configs_dict: 
{
    "clamiter_init": {
        "dim_feat": 60,
        "dim_attr": 500,
        "s_reg": 0.0,
        "l1_reg": 1,
        "T": 1,
        "hidden_dim": 64,
        "num_coupling_blocks": 32,
        "num_layers_mlp": 2
    },
    "feat_opt": {
        "lr": 3e-06,
        "n_iter": 7000,
        "early_stop": 0
    }
}


/home/daniel.z/ICML_PIECLAM_020425/experiments/../clamiter.py:365:::  
staring fit_feats for 7000 iterations


/home/daniel.z/ICML_PIECLAM_020425/experiments/../trainer.py:454:::  

train_model_on_params on bigclam photo 
took 38.32075381278992 seconds


/home/daniel.z/ICML_PIECLAM_020425/experiments/optimization_utils.py:655:::  
Repetition no. 1


/home/daniel.z/ICML_PIECLAM_020425/experiments/../trainer.py:161:::  

Using dataset specific configuration and not global 




/home/daniel.z/ICML_PIECLAM_020425/experiments/../trainer.py:335:::  

 2025-05-24 01:40:13 starting optimization of bigclam on photo on device cuda

 configs_dict: 
{
    "clamiter_init": {
        "dim_feat": 60,
        "dim_attr": 500,
        "s_reg": 0.0,
        "l1_reg": 1,
        "T": 1,
        "hidden_dim": 64,
        "num_coupling_blocks": 32,
        "num_layers_mlp": 2
    },
    "feat_opt": {
        "lr": 3e-06,
        "n_iter": 7000,
        "early_stop": 0
    }
}


/home/daniel.z/ICML_PIECLAM_020425/experiments/../clamiter.py:365:::  
staring fit_feats for 7000 iterations


/home/daniel.z/ICML_PIECLAM_020425/experiments/../trainer.py:454:::  

train_model_on_params on bigclam photo 
took 38.33142113685608 seconds


/home/daniel.z/ICML_PIECLAM_020425/experiments/optimization_utils.py:655:::  
Repetition no. 2


/home/daniel.z/ICML_PIECLAM_020425/experiments/../trainer.py:161:::  

Using dataset specific configuration and not global 




/home/daniel.z/ICML_PIECLAM_020425/experiments/../trainer.py:335:::  

 2025-05-24 01:40:52 starting optimization of bigclam on photo on device cuda

 configs_dict: 
{
    "clamiter_init": {
        "dim_feat": 60,
        "dim_attr": 500,
        "s_reg": 0.0,
        "l1_reg": 1,
        "T": 1,
        "hidden_dim": 64,
        "num_coupling_blocks": 32,
        "num_layers_mlp": 2
    },
    "feat_opt": {
        "lr": 3e-06,
        "n_iter": 7000,
        "early_stop": 0
    }
}


/home/daniel.z/ICML_PIECLAM_020425/experiments/../clamiter.py:365:::  
staring fit_feats for 7000 iterations


/home/daniel.z/ICML_PIECLAM_020425/experiments/../trainer.py:454:::  

train_model_on_params on bigclam photo 
took 38.29682421684265 seconds


/home/daniel.z/ICML_PIECLAM_020425/experiments/optimization_utils.py:655:::  
Repetition no. 0


/home/daniel.z/ICML_PIECLAM_020425/experiments/../trainer.py:161:::  

Using dataset specific configuration and not global 




/home/daniel.z/ICML_PIECLAM_020425/experiments/../trainer.py:335:::  

 2025-05-24 01:41:30 starting optimization of bigclam on photo on device cuda

 configs_dict: 
{
    "clamiter_init": {
        "dim_feat": 40,
        "dim_attr": 500,
        "s_reg": 0.0,
        "l1_reg": 1,
        "T": 1,
        "hidden_dim": 64,
        "num_coupling_blocks": 32,
        "num_layers_mlp": 2
    },
    "feat_opt": {
        "lr": 2e-06,
        "n_iter": 13000,
        "early_stop": 0
    }
}


/home/daniel.z/ICML_PIECLAM_020425/experiments/../clamiter.py:365:::  
staring fit_feats for 13000 iterations


/home/daniel.z/ICML_PIECLAM_020425/experiments/../trainer.py:454:::  

train_model_on_params on bigclam photo 
took 51.84347724914551 seconds


/home/daniel.z/ICML_PIECLAM_020425/experiments/optimization_utils.py:655:::  
Repetition no. 1


/home/daniel.z/ICML_PIECLAM_020425/experiments/../trainer.py:161:::  

Using dataset specific configuration and not global 




/home/daniel.z/ICML_PIECLAM_020425/experiments/../trainer.py:335:::  

 2025-05-24 01:42:22 starting optimization of bigclam on photo on device cuda

 configs_dict: 
{
    "clamiter_init": {
        "dim_feat": 40,
        "dim_attr": 500,
        "s_reg": 0.0,
        "l1_reg": 1,
        "T": 1,
        "hidden_dim": 64,
        "num_coupling_blocks": 32,
        "num_layers_mlp": 2
    },
    "feat_opt": {
        "lr": 2e-06,
        "n_iter": 13000,
        "early_stop": 0
    }
}


/home/daniel.z/ICML_PIECLAM_020425/experiments/../clamiter.py:365:::  
staring fit_feats for 13000 iterations


/home/daniel.z/ICML_PIECLAM_020425/experiments/../trainer.py:454:::  

train_model_on_params on bigclam photo 
took 51.95347881317139 seconds


/home/daniel.z/ICML_PIECLAM_020425/experiments/optimization_utils.py:655:::  
Repetition no. 2


/home/daniel.z/ICML_PIECLAM_020425/experiments/../trainer.py:161:::  

Using dataset specific configuration and not global 




/home/daniel.z/ICML_PIECLAM_020425/experiments/../trainer.py:335:::  

 2025-05-24 01:43:14 starting optimization of bigclam on photo on device cuda

 configs_dict: 
{
    "clamiter_init": {
        "dim_feat": 40,
        "dim_attr": 500,
        "s_reg": 0.0,
        "l1_reg": 1,
        "T": 1,
        "hidden_dim": 64,
        "num_coupling_blocks": 32,
        "num_layers_mlp": 2
    },
    "feat_opt": {
        "lr": 2e-06,
        "n_iter": 13000,
        "early_stop": 0
    }
}


/home/daniel.z/ICML_PIECLAM_020425/experiments/../clamiter.py:365:::  
staring fit_feats for 13000 iterations


/home/daniel.z/ICML_PIECLAM_020425/experiments/../trainer.py:454:::  

train_model_on_params on bigclam photo 
took 51.9367790222168 seconds


/home/daniel.z/ICML_PIECLAM_020425/experiments/optimization_utils.py:655:::  
Repetition no. 0


/home/daniel.z/ICML_PIECLAM_020425/experiments/../trainer.py:161:::  

Using dataset specific configuration and not global 




/home/daniel.z/ICML_PIECLAM_020425/experiments/../trainer.py:335:::  

 2025-05-24 01:44:07 starting optimization of bigclam on photo on device cuda

 configs_dict: 
{
    "clamiter_init": {
        "dim_feat": 40,
        "dim_attr": 500,
        "s_reg": 0.0,
        "l1_reg": 1,
        "T": 1,
        "hidden_dim": 64,
        "num_coupling_blocks": 32,
        "num_layers_mlp": 2
    },
    "feat_opt": {
        "lr": 5e-06,
        "n_iter": 10000,
        "early_stop": 0
    }
}


/home/daniel.z/ICML_PIECLAM_020425/experiments/../clamiter.py:365:::  
staring fit_feats for 10000 iterations


/home/daniel.z/ICML_PIECLAM_020425/experiments/../trainer.py:454:::  

train_model_on_params on bigclam photo 
took 39.99747061729431 seconds


/home/daniel.z/ICML_PIECLAM_020425/experiments/optimization_utils.py:655:::  
Repetition no. 1


/home/daniel.z/ICML_PIECLAM_020425/experiments/../trainer.py:161:::  

Using dataset specific configuration and not global 




/home/daniel.z/ICML_PIECLAM_020425/experiments/../trainer.py:335:::  

 2025-05-24 01:44:47 starting optimization of bigclam on photo on device cuda

 configs_dict: 
{
    "clamiter_init": {
        "dim_feat": 40,
        "dim_attr": 500,
        "s_reg": 0.0,
        "l1_reg": 1,
        "T": 1,
        "hidden_dim": 64,
        "num_coupling_blocks": 32,
        "num_layers_mlp": 2
    },
    "feat_opt": {
        "lr": 5e-06,
        "n_iter": 10000,
        "early_stop": 0
    }
}


/home/daniel.z/ICML_PIECLAM_020425/experiments/../clamiter.py:365:::  
staring fit_feats for 10000 iterations


/home/daniel.z/ICML_PIECLAM_020425/experiments/../trainer.py:454:::  

train_model_on_params on bigclam photo 
took 39.968101978302 seconds


/home/daniel.z/ICML_PIECLAM_020425/experiments/optimization_utils.py:655:::  
Repetition no. 2


/home/daniel.z/ICML_PIECLAM_020425/experiments/../trainer.py:161:::  

Using dataset specific configuration and not global 




/home/daniel.z/ICML_PIECLAM_020425/experiments/../trainer.py:335:::  

 2025-05-24 01:45:27 starting optimization of bigclam on photo on device cuda

 configs_dict: 
{
    "clamiter_init": {
        "dim_feat": 40,
        "dim_attr": 500,
        "s_reg": 0.0,
        "l1_reg": 1,
        "T": 1,
        "hidden_dim": 64,
        "num_coupling_blocks": 32,
        "num_layers_mlp": 2
    },
    "feat_opt": {
        "lr": 5e-06,
        "n_iter": 10000,
        "early_stop": 0
    }
}


/home/daniel.z/ICML_PIECLAM_020425/experiments/../clamiter.py:365:::  
staring fit_feats for 10000 iterations


/home/daniel.z/ICML_PIECLAM_020425/experiments/../trainer.py:454:::  

train_model_on_params on bigclam photo 
took 39.706146001815796 seconds


/home/daniel.z/ICML_PIECLAM_020425/experiments/optimization_utils.py:655:::  
Repetition no. 0


/home/daniel.z/ICML_PIECLAM_020425/experiments/../trainer.py:161:::  

Using dataset specific configuration and not global 




/home/daniel.z/ICML_PIECLAM_020425/experiments/../trainer.py:335:::  

 2025-05-24 01:46:07 starting optimization of bigclam on photo on device cuda

 configs_dict: 
{
    "clamiter_init": {
        "dim_feat": 50,
        "dim_attr": 500,
        "s_reg": 0.0,
        "l1_reg": 1,
        "T": 1,
        "hidden_dim": 64,
        "num_coupling_blocks": 32,
        "num_layers_mlp": 2
    },
    "feat_opt": {
        "lr": 3e-06,
        "n_iter": 7000,
        "early_stop": 0
    }
}


/home/daniel.z/ICML_PIECLAM_020425/experiments/../clamiter.py:365:::  
staring fit_feats for 7000 iterations


/home/daniel.z/ICML_PIECLAM_020425/experiments/../trainer.py:454:::  

train_model_on_params on bigclam photo 
took 33.07378077507019 seconds


/home/daniel.z/ICML_PIECLAM_020425/experiments/optimization_utils.py:655:::  
Repetition no. 1


/home/daniel.z/ICML_PIECLAM_020425/experiments/../trainer.py:161:::  

Using dataset specific configuration and not global 




/home/daniel.z/ICML_PIECLAM_020425/experiments/../trainer.py:335:::  

 2025-05-24 01:46:41 starting optimization of bigclam on photo on device cuda

 configs_dict: 
{
    "clamiter_init": {
        "dim_feat": 50,
        "dim_attr": 500,
        "s_reg": 0.0,
        "l1_reg": 1,
        "T": 1,
        "hidden_dim": 64,
        "num_coupling_blocks": 32,
        "num_layers_mlp": 2
    },
    "feat_opt": {
        "lr": 3e-06,
        "n_iter": 7000,
        "early_stop": 0
    }
}


/home/daniel.z/ICML_PIECLAM_020425/experiments/../clamiter.py:365:::  
staring fit_feats for 7000 iterations


/home/daniel.z/ICML_PIECLAM_020425/experiments/../trainer.py:454:::  

train_model_on_params on bigclam photo 
took 33.09868550300598 seconds


/home/daniel.z/ICML_PIECLAM_020425/experiments/optimization_utils.py:655:::  
Repetition no. 2


/home/daniel.z/ICML_PIECLAM_020425/experiments/../trainer.py:161:::  

Using dataset specific configuration and not global 




/home/daniel.z/ICML_PIECLAM_020425/experiments/../trainer.py:335:::  

 2025-05-24 01:47:14 starting optimization of bigclam on photo on device cuda

 configs_dict: 
{
    "clamiter_init": {
        "dim_feat": 50,
        "dim_attr": 500,
        "s_reg": 0.0,
        "l1_reg": 1,
        "T": 1,
        "hidden_dim": 64,
        "num_coupling_blocks": 32,
        "num_layers_mlp": 2
    },
    "feat_opt": {
        "lr": 3e-06,
        "n_iter": 7000,
        "early_stop": 0
    }
}


/home/daniel.z/ICML_PIECLAM_020425/experiments/../clamiter.py:365:::  
staring fit_feats for 7000 iterations


/home/daniel.z/ICML_PIECLAM_020425/experiments/../trainer.py:454:::  

train_model_on_params on bigclam photo 
took 33.07761764526367 seconds


/home/daniel.z/ICML_PIECLAM_020425/experiments/optimization_utils.py:655:::  
Repetition no. 0


/home/daniel.z/ICML_PIECLAM_020425/experiments/../trainer.py:161:::  

Using dataset specific configuration and not global 




/home/daniel.z/ICML_PIECLAM_020425/experiments/../trainer.py:335:::  

 2025-05-24 01:47:48 starting optimization of bigclam on photo on device cuda

 configs_dict: 
{
    "clamiter_init": {
        "dim_feat": 50,
        "dim_attr": 500,
        "s_reg": 0.0,
        "l1_reg": 1,
        "T": 1,
        "hidden_dim": 64,
        "num_coupling_blocks": 32,
        "num_layers_mlp": 2
    },
    "feat_opt": {
        "lr": 2e-06,
        "n_iter": 13000,
        "early_stop": 0
    }
}


/home/daniel.z/ICML_PIECLAM_020425/experiments/../clamiter.py:365:::  
staring fit_feats for 13000 iterations


/home/daniel.z/ICML_PIECLAM_020425/experiments/../trainer.py:454:::  

train_model_on_params on bigclam photo 
took 61.37713050842285 seconds


/home/daniel.z/ICML_PIECLAM_020425/experiments/optimization_utils.py:655:::  
Repetition no. 1


/home/daniel.z/ICML_PIECLAM_020425/experiments/../trainer.py:161:::  

Using dataset specific configuration and not global 




/home/daniel.z/ICML_PIECLAM_020425/experiments/../trainer.py:335:::  

 2025-05-24 01:48:49 starting optimization of bigclam on photo on device cuda

 configs_dict: 
{
    "clamiter_init": {
        "dim_feat": 50,
        "dim_attr": 500,
        "s_reg": 0.0,
        "l1_reg": 1,
        "T": 1,
        "hidden_dim": 64,
        "num_coupling_blocks": 32,
        "num_layers_mlp": 2
    },
    "feat_opt": {
        "lr": 2e-06,
        "n_iter": 13000,
        "early_stop": 0
    }
}


/home/daniel.z/ICML_PIECLAM_020425/experiments/../clamiter.py:365:::  
staring fit_feats for 13000 iterations


/home/daniel.z/ICML_PIECLAM_020425/experiments/../trainer.py:454:::  

train_model_on_params on bigclam photo 
took 61.94147300720215 seconds


/home/daniel.z/ICML_PIECLAM_020425/experiments/optimization_utils.py:655:::  
Repetition no. 2


/home/daniel.z/ICML_PIECLAM_020425/experiments/../trainer.py:161:::  

Using dataset specific configuration and not global 




/home/daniel.z/ICML_PIECLAM_020425/experiments/../trainer.py:335:::  

 2025-05-24 01:49:51 starting optimization of bigclam on photo on device cuda

 configs_dict: 
{
    "clamiter_init": {
        "dim_feat": 50,
        "dim_attr": 500,
        "s_reg": 0.0,
        "l1_reg": 1,
        "T": 1,
        "hidden_dim": 64,
        "num_coupling_blocks": 32,
        "num_layers_mlp": 2
    },
    "feat_opt": {
        "lr": 2e-06,
        "n_iter": 13000,
        "early_stop": 0
    }
}


/home/daniel.z/ICML_PIECLAM_020425/experiments/../clamiter.py:365:::  
staring fit_feats for 13000 iterations


/home/daniel.z/ICML_PIECLAM_020425/experiments/../trainer.py:454:::  

train_model_on_params on bigclam photo 
took 61.94645929336548 seconds


/home/daniel.z/ICML_PIECLAM_020425/experiments/optimization_utils.py:655:::  
Repetition no. 0


/home/daniel.z/ICML_PIECLAM_020425/experiments/../trainer.py:161:::  

Using dataset specific configuration and not global 




/home/daniel.z/ICML_PIECLAM_020425/experiments/../trainer.py:335:::  

 2025-05-24 01:50:54 starting optimization of bigclam on photo on device cuda

 configs_dict: 
{
    "clamiter_init": {
        "dim_feat": 60,
        "dim_attr": 500,
        "s_reg": 0.0,
        "l1_reg": 1,
        "T": 1,
        "hidden_dim": 64,
        "num_coupling_blocks": 32,
        "num_layers_mlp": 2
    },
    "feat_opt": {
        "lr": 3e-06,
        "n_iter": 10000,
        "early_stop": 0
    }
}


/home/daniel.z/ICML_PIECLAM_020425/experiments/../clamiter.py:365:::  
staring fit_feats for 10000 iterations


/home/daniel.z/ICML_PIECLAM_020425/experiments/../trainer.py:454:::  

train_model_on_params on bigclam photo 
took 54.76291108131409 seconds


/home/daniel.z/ICML_PIECLAM_020425/experiments/optimization_utils.py:655:::  
Repetition no. 1


/home/daniel.z/ICML_PIECLAM_020425/experiments/../trainer.py:161:::  

Using dataset specific configuration and not global 




/home/daniel.z/ICML_PIECLAM_020425/experiments/../trainer.py:335:::  

 2025-05-24 01:51:49 starting optimization of bigclam on photo on device cuda

 configs_dict: 
{
    "clamiter_init": {
        "dim_feat": 60,
        "dim_attr": 500,
        "s_reg": 0.0,
        "l1_reg": 1,
        "T": 1,
        "hidden_dim": 64,
        "num_coupling_blocks": 32,
        "num_layers_mlp": 2
    },
    "feat_opt": {
        "lr": 3e-06,
        "n_iter": 10000,
        "early_stop": 0
    }
}


/home/daniel.z/ICML_PIECLAM_020425/experiments/../clamiter.py:365:::  
staring fit_feats for 10000 iterations


/home/daniel.z/ICML_PIECLAM_020425/experiments/../trainer.py:454:::  

train_model_on_params on bigclam photo 
took 54.649147272109985 seconds


/home/daniel.z/ICML_PIECLAM_020425/experiments/optimization_utils.py:655:::  
Repetition no. 2


/home/daniel.z/ICML_PIECLAM_020425/experiments/../trainer.py:161:::  

Using dataset specific configuration and not global 




/home/daniel.z/ICML_PIECLAM_020425/experiments/../trainer.py:335:::  

 2025-05-24 01:52:44 starting optimization of bigclam on photo on device cuda

 configs_dict: 
{
    "clamiter_init": {
        "dim_feat": 60,
        "dim_attr": 500,
        "s_reg": 0.0,
        "l1_reg": 1,
        "T": 1,
        "hidden_dim": 64,
        "num_coupling_blocks": 32,
        "num_layers_mlp": 2
    },
    "feat_opt": {
        "lr": 3e-06,
        "n_iter": 10000,
        "early_stop": 0
    }
}


/home/daniel.z/ICML_PIECLAM_020425/experiments/../clamiter.py:365:::  
staring fit_feats for 10000 iterations


/home/daniel.z/ICML_PIECLAM_020425/experiments/../trainer.py:454:::  

train_model_on_params on bigclam photo 
took 54.376458168029785 seconds


/home/daniel.z/ICML_PIECLAM_020425/experiments/optimization_utils.py:655:::  
Repetition no. 0


/home/daniel.z/ICML_PIECLAM_020425/experiments/../trainer.py:161:::  

Using dataset specific configuration and not global 




/home/daniel.z/ICML_PIECLAM_020425/experiments/../trainer.py:335:::  

 2025-05-24 01:53:38 starting optimization of bigclam on photo on device cuda

 configs_dict: 
{
    "clamiter_init": {
        "dim_feat": 50,
        "dim_attr": 500,
        "s_reg": 0.0,
        "l1_reg": 1,
        "T": 1,
        "hidden_dim": 64,
        "num_coupling_blocks": 32,
        "num_layers_mlp": 2
    },
    "feat_opt": {
        "lr": 5e-06,
        "n_iter": 7000,
        "early_stop": 0
    }
}


/home/daniel.z/ICML_PIECLAM_020425/experiments/../clamiter.py:365:::  
staring fit_feats for 7000 iterations


/home/daniel.z/ICML_PIECLAM_020425/experiments/../trainer.py:454:::  

train_model_on_params on bigclam photo 
took 33.144232988357544 seconds


/home/daniel.z/ICML_PIECLAM_020425/experiments/optimization_utils.py:655:::  
Repetition no. 1


/home/daniel.z/ICML_PIECLAM_020425/experiments/../trainer.py:161:::  

Using dataset specific configuration and not global 




/home/daniel.z/ICML_PIECLAM_020425/experiments/../trainer.py:335:::  

 2025-05-24 01:54:12 starting optimization of bigclam on photo on device cuda

 configs_dict: 
{
    "clamiter_init": {
        "dim_feat": 50,
        "dim_attr": 500,
        "s_reg": 0.0,
        "l1_reg": 1,
        "T": 1,
        "hidden_dim": 64,
        "num_coupling_blocks": 32,
        "num_layers_mlp": 2
    },
    "feat_opt": {
        "lr": 5e-06,
        "n_iter": 7000,
        "early_stop": 0
    }
}


/home/daniel.z/ICML_PIECLAM_020425/experiments/../clamiter.py:365:::  
staring fit_feats for 7000 iterations


/home/daniel.z/ICML_PIECLAM_020425/experiments/../trainer.py:454:::  

train_model_on_params on bigclam photo 
took 33.15174651145935 seconds


/home/daniel.z/ICML_PIECLAM_020425/experiments/optimization_utils.py:655:::  
Repetition no. 2


/home/daniel.z/ICML_PIECLAM_020425/experiments/../trainer.py:161:::  

Using dataset specific configuration and not global 




/home/daniel.z/ICML_PIECLAM_020425/experiments/../trainer.py:335:::  

 2025-05-24 01:54:45 starting optimization of bigclam on photo on device cuda

 configs_dict: 
{
    "clamiter_init": {
        "dim_feat": 50,
        "dim_attr": 500,
        "s_reg": 0.0,
        "l1_reg": 1,
        "T": 1,
        "hidden_dim": 64,
        "num_coupling_blocks": 32,
        "num_layers_mlp": 2
    },
    "feat_opt": {
        "lr": 5e-06,
        "n_iter": 7000,
        "early_stop": 0
    }
}


/home/daniel.z/ICML_PIECLAM_020425/experiments/../clamiter.py:365:::  
staring fit_feats for 7000 iterations


/home/daniel.z/ICML_PIECLAM_020425/experiments/../trainer.py:454:::  

train_model_on_params on bigclam photo 
took 33.15898394584656 seconds


/home/daniel.z/ICML_PIECLAM_020425/experiments/optimization_utils.py:655:::  
Repetition no. 0


/home/daniel.z/ICML_PIECLAM_020425/experiments/../trainer.py:161:::  

Using dataset specific configuration and not global 




/home/daniel.z/ICML_PIECLAM_020425/experiments/../trainer.py:335:::  

 2025-05-24 01:55:19 starting optimization of bigclam on photo on device cuda

 configs_dict: 
{
    "clamiter_init": {
        "dim_feat": 60,
        "dim_attr": 500,
        "s_reg": 0.0,
        "l1_reg": 1,
        "T": 1,
        "hidden_dim": 64,
        "num_coupling_blocks": 32,
        "num_layers_mlp": 2
    },
    "feat_opt": {
        "lr": 2e-06,
        "n_iter": 7000,
        "early_stop": 0
    }
}


/home/daniel.z/ICML_PIECLAM_020425/experiments/../clamiter.py:365:::  
staring fit_feats for 7000 iterations


/home/daniel.z/ICML_PIECLAM_020425/experiments/../trainer.py:454:::  

train_model_on_params on bigclam photo 
took 38.39634728431702 seconds


/home/daniel.z/ICML_PIECLAM_020425/experiments/optimization_utils.py:655:::  
Repetition no. 1


/home/daniel.z/ICML_PIECLAM_020425/experiments/../trainer.py:161:::  

Using dataset specific configuration and not global 




/home/daniel.z/ICML_PIECLAM_020425/experiments/../trainer.py:335:::  

 2025-05-24 01:55:57 starting optimization of bigclam on photo on device cuda

 configs_dict: 
{
    "clamiter_init": {
        "dim_feat": 60,
        "dim_attr": 500,
        "s_reg": 0.0,
        "l1_reg": 1,
        "T": 1,
        "hidden_dim": 64,
        "num_coupling_blocks": 32,
        "num_layers_mlp": 2
    },
    "feat_opt": {
        "lr": 2e-06,
        "n_iter": 7000,
        "early_stop": 0
    }
}


/home/daniel.z/ICML_PIECLAM_020425/experiments/../clamiter.py:365:::  
staring fit_feats for 7000 iterations


/home/daniel.z/ICML_PIECLAM_020425/experiments/../trainer.py:454:::  

train_model_on_params on bigclam photo 
took 38.330212116241455 seconds


/home/daniel.z/ICML_PIECLAM_020425/experiments/optimization_utils.py:655:::  
Repetition no. 2


/home/daniel.z/ICML_PIECLAM_020425/experiments/../trainer.py:161:::  

Using dataset specific configuration and not global 




/home/daniel.z/ICML_PIECLAM_020425/experiments/../trainer.py:335:::  

 2025-05-24 01:56:36 starting optimization of bigclam on photo on device cuda

 configs_dict: 
{
    "clamiter_init": {
        "dim_feat": 60,
        "dim_attr": 500,
        "s_reg": 0.0,
        "l1_reg": 1,
        "T": 1,
        "hidden_dim": 64,
        "num_coupling_blocks": 32,
        "num_layers_mlp": 2
    },
    "feat_opt": {
        "lr": 2e-06,
        "n_iter": 7000,
        "early_stop": 0
    }
}


/home/daniel.z/ICML_PIECLAM_020425/experiments/../clamiter.py:365:::  
staring fit_feats for 7000 iterations


/home/daniel.z/ICML_PIECLAM_020425/experiments/../trainer.py:454:::  

train_model_on_params on bigclam photo 
took 38.37044835090637 seconds


/home/daniel.z/ICML_PIECLAM_020425/experiments/optimization_utils.py:655:::  
Repetition no. 0


/home/daniel.z/ICML_PIECLAM_020425/experiments/../trainer.py:161:::  

Using dataset specific configuration and not global 




/home/daniel.z/ICML_PIECLAM_020425/experiments/../trainer.py:335:::  

 2025-05-24 01:57:15 starting optimization of bigclam on photo on device cuda

 configs_dict: 
{
    "clamiter_init": {
        "dim_feat": 40,
        "dim_attr": 500,
        "s_reg": 0.0,
        "l1_reg": 1,
        "T": 1,
        "hidden_dim": 64,
        "num_coupling_blocks": 32,
        "num_layers_mlp": 2
    },
    "feat_opt": {
        "lr": 3e-06,
        "n_iter": 7000,
        "early_stop": 0
    }
}


/home/daniel.z/ICML_PIECLAM_020425/experiments/../clamiter.py:365:::  
staring fit_feats for 7000 iterations


/home/daniel.z/ICML_PIECLAM_020425/experiments/../trainer.py:454:::  

train_model_on_params on bigclam photo 
took 27.97935962677002 seconds


/home/daniel.z/ICML_PIECLAM_020425/experiments/optimization_utils.py:655:::  
Repetition no. 1


/home/daniel.z/ICML_PIECLAM_020425/experiments/../trainer.py:161:::  

Using dataset specific configuration and not global 




/home/daniel.z/ICML_PIECLAM_020425/experiments/../trainer.py:335:::  

 2025-05-24 01:57:43 starting optimization of bigclam on photo on device cuda

 configs_dict: 
{
    "clamiter_init": {
        "dim_feat": 40,
        "dim_attr": 500,
        "s_reg": 0.0,
        "l1_reg": 1,
        "T": 1,
        "hidden_dim": 64,
        "num_coupling_blocks": 32,
        "num_layers_mlp": 2
    },
    "feat_opt": {
        "lr": 3e-06,
        "n_iter": 7000,
        "early_stop": 0
    }
}


/home/daniel.z/ICML_PIECLAM_020425/experiments/../clamiter.py:365:::  
staring fit_feats for 7000 iterations


/home/daniel.z/ICML_PIECLAM_020425/experiments/../trainer.py:454:::  

train_model_on_params on bigclam photo 
took 28.0342013835907 seconds


/home/daniel.z/ICML_PIECLAM_020425/experiments/optimization_utils.py:655:::  
Repetition no. 2


/home/daniel.z/ICML_PIECLAM_020425/experiments/../trainer.py:161:::  

Using dataset specific configuration and not global 




/home/daniel.z/ICML_PIECLAM_020425/experiments/../trainer.py:335:::  

 2025-05-24 01:58:11 starting optimization of bigclam on photo on device cuda

 configs_dict: 
{
    "clamiter_init": {
        "dim_feat": 40,
        "dim_attr": 500,
        "s_reg": 0.0,
        "l1_reg": 1,
        "T": 1,
        "hidden_dim": 64,
        "num_coupling_blocks": 32,
        "num_layers_mlp": 2
    },
    "feat_opt": {
        "lr": 3e-06,
        "n_iter": 7000,
        "early_stop": 0
    }
}


/home/daniel.z/ICML_PIECLAM_020425/experiments/../clamiter.py:365:::  
staring fit_feats for 7000 iterations


/home/daniel.z/ICML_PIECLAM_020425/experiments/../trainer.py:454:::  

train_model_on_params on bigclam photo 
took 27.995630502700806 seconds


/home/daniel.z/ICML_PIECLAM_020425/experiments/optimization_utils.py:655:::  
Repetition no. 0


/home/daniel.z/ICML_PIECLAM_020425/experiments/../trainer.py:161:::  

Using dataset specific configuration and not global 




/home/daniel.z/ICML_PIECLAM_020425/experiments/../trainer.py:335:::  

 2025-05-24 01:58:40 starting optimization of bigclam on photo on device cuda

 configs_dict: 
{
    "clamiter_init": {
        "dim_feat": 50,
        "dim_attr": 500,
        "s_reg": 0.0,
        "l1_reg": 1,
        "T": 1,
        "hidden_dim": 64,
        "num_coupling_blocks": 32,
        "num_layers_mlp": 2
    },
    "feat_opt": {
        "lr": 5e-06,
        "n_iter": 10000,
        "early_stop": 0
    }
}


/home/daniel.z/ICML_PIECLAM_020425/experiments/../clamiter.py:365:::  
staring fit_feats for 10000 iterations


/home/daniel.z/ICML_PIECLAM_020425/experiments/../trainer.py:454:::  

train_model_on_params on bigclam photo 
took 47.59245586395264 seconds


/home/daniel.z/ICML_PIECLAM_020425/experiments/optimization_utils.py:655:::  
Repetition no. 1


/home/daniel.z/ICML_PIECLAM_020425/experiments/../trainer.py:161:::  

Using dataset specific configuration and not global 




/home/daniel.z/ICML_PIECLAM_020425/experiments/../trainer.py:335:::  

 2025-05-24 01:59:27 starting optimization of bigclam on photo on device cuda

 configs_dict: 
{
    "clamiter_init": {
        "dim_feat": 50,
        "dim_attr": 500,
        "s_reg": 0.0,
        "l1_reg": 1,
        "T": 1,
        "hidden_dim": 64,
        "num_coupling_blocks": 32,
        "num_layers_mlp": 2
    },
    "feat_opt": {
        "lr": 5e-06,
        "n_iter": 10000,
        "early_stop": 0
    }
}


/home/daniel.z/ICML_PIECLAM_020425/experiments/../clamiter.py:365:::  
staring fit_feats for 10000 iterations


/home/daniel.z/ICML_PIECLAM_020425/experiments/../trainer.py:454:::  

train_model_on_params on bigclam photo 
took 47.592660665512085 seconds


/home/daniel.z/ICML_PIECLAM_020425/experiments/optimization_utils.py:655:::  
Repetition no. 2


/home/daniel.z/ICML_PIECLAM_020425/experiments/../trainer.py:161:::  

Using dataset specific configuration and not global 




/home/daniel.z/ICML_PIECLAM_020425/experiments/../trainer.py:335:::  

 2025-05-24 02:00:15 starting optimization of bigclam on photo on device cuda

 configs_dict: 
{
    "clamiter_init": {
        "dim_feat": 50,
        "dim_attr": 500,
        "s_reg": 0.0,
        "l1_reg": 1,
        "T": 1,
        "hidden_dim": 64,
        "num_coupling_blocks": 32,
        "num_layers_mlp": 2
    },
    "feat_opt": {
        "lr": 5e-06,
        "n_iter": 10000,
        "early_stop": 0
    }
}


/home/daniel.z/ICML_PIECLAM_020425/experiments/../clamiter.py:365:::  
staring fit_feats for 10000 iterations


/home/daniel.z/ICML_PIECLAM_020425/experiments/../trainer.py:454:::  

train_model_on_params on bigclam photo 
took 47.57892179489136 seconds


/home/daniel.z/ICML_PIECLAM_020425/experiments/optimization_utils.py:655:::  
Repetition no. 0


/home/daniel.z/ICML_PIECLAM_020425/experiments/../trainer.py:161:::  

Using dataset specific configuration and not global 




/home/daniel.z/ICML_PIECLAM_020425/experiments/../trainer.py:335:::  

 2025-05-24 02:01:03 starting optimization of bigclam on photo on device cuda

 configs_dict: 
{
    "clamiter_init": {
        "dim_feat": 60,
        "dim_attr": 500,
        "s_reg": 0.0,
        "l1_reg": 1,
        "T": 1,
        "hidden_dim": 64,
        "num_coupling_blocks": 32,
        "num_layers_mlp": 2
    },
    "feat_opt": {
        "lr": 2e-06,
        "n_iter": 13000,
        "early_stop": 0
    }
}


/home/daniel.z/ICML_PIECLAM_020425/experiments/../clamiter.py:365:::  
staring fit_feats for 13000 iterations


/home/daniel.z/ICML_PIECLAM_020425/experiments/../trainer.py:454:::  

train_model_on_params on bigclam photo 
took 71.07937431335449 seconds


/home/daniel.z/ICML_PIECLAM_020425/experiments/optimization_utils.py:655:::  
Repetition no. 1


/home/daniel.z/ICML_PIECLAM_020425/experiments/../trainer.py:161:::  

Using dataset specific configuration and not global 




/home/daniel.z/ICML_PIECLAM_020425/experiments/../trainer.py:335:::  

 2025-05-24 02:02:15 starting optimization of bigclam on photo on device cuda

 configs_dict: 
{
    "clamiter_init": {
        "dim_feat": 60,
        "dim_attr": 500,
        "s_reg": 0.0,
        "l1_reg": 1,
        "T": 1,
        "hidden_dim": 64,
        "num_coupling_blocks": 32,
        "num_layers_mlp": 2
    },
    "feat_opt": {
        "lr": 2e-06,
        "n_iter": 13000,
        "early_stop": 0
    }
}


/home/daniel.z/ICML_PIECLAM_020425/experiments/../clamiter.py:365:::  
staring fit_feats for 13000 iterations


/home/daniel.z/ICML_PIECLAM_020425/experiments/../trainer.py:454:::  

train_model_on_params on bigclam photo 
took 71.0524537563324 seconds


/home/daniel.z/ICML_PIECLAM_020425/experiments/optimization_utils.py:655:::  
Repetition no. 2


/home/daniel.z/ICML_PIECLAM_020425/experiments/../trainer.py:161:::  

Using dataset specific configuration and not global 




/home/daniel.z/ICML_PIECLAM_020425/experiments/../trainer.py:335:::  

 2025-05-24 02:03:26 starting optimization of bigclam on photo on device cuda

 configs_dict: 
{
    "clamiter_init": {
        "dim_feat": 60,
        "dim_attr": 500,
        "s_reg": 0.0,
        "l1_reg": 1,
        "T": 1,
        "hidden_dim": 64,
        "num_coupling_blocks": 32,
        "num_layers_mlp": 2
    },
    "feat_opt": {
        "lr": 2e-06,
        "n_iter": 13000,
        "early_stop": 0
    }
}


/home/daniel.z/ICML_PIECLAM_020425/experiments/../clamiter.py:365:::  
staring fit_feats for 13000 iterations


/home/daniel.z/ICML_PIECLAM_020425/experiments/../trainer.py:454:::  

train_model_on_params on bigclam photo 
took 71.0360460281372 seconds


/home/daniel.z/ICML_PIECLAM_020425/experiments/optimization_utils.py:655:::  
Repetition no. 0


/home/daniel.z/ICML_PIECLAM_020425/experiments/../trainer.py:161:::  

Using dataset specific configuration and not global 




/home/daniel.z/ICML_PIECLAM_020425/experiments/../trainer.py:335:::  

 2025-05-24 02:04:37 starting optimization of bigclam on photo on device cuda

 configs_dict: 
{
    "clamiter_init": {
        "dim_feat": 50,
        "dim_attr": 500,
        "s_reg": 0.0,
        "l1_reg": 1,
        "T": 1,
        "hidden_dim": 64,
        "num_coupling_blocks": 32,
        "num_layers_mlp": 2
    },
    "feat_opt": {
        "lr": 3e-06,
        "n_iter": 10000,
        "early_stop": 0
    }
}


/home/daniel.z/ICML_PIECLAM_020425/experiments/../clamiter.py:365:::  
staring fit_feats for 10000 iterations


/home/daniel.z/ICML_PIECLAM_020425/experiments/../trainer.py:454:::  

train_model_on_params on bigclam photo 
took 47.555896282196045 seconds


/home/daniel.z/ICML_PIECLAM_020425/experiments/optimization_utils.py:655:::  
Repetition no. 1


/home/daniel.z/ICML_PIECLAM_020425/experiments/../trainer.py:161:::  

Using dataset specific configuration and not global 




/home/daniel.z/ICML_PIECLAM_020425/experiments/../trainer.py:335:::  

 2025-05-24 02:05:25 starting optimization of bigclam on photo on device cuda

 configs_dict: 
{
    "clamiter_init": {
        "dim_feat": 50,
        "dim_attr": 500,
        "s_reg": 0.0,
        "l1_reg": 1,
        "T": 1,
        "hidden_dim": 64,
        "num_coupling_blocks": 32,
        "num_layers_mlp": 2
    },
    "feat_opt": {
        "lr": 3e-06,
        "n_iter": 10000,
        "early_stop": 0
    }
}


/home/daniel.z/ICML_PIECLAM_020425/experiments/../clamiter.py:365:::  
staring fit_feats for 10000 iterations


/home/daniel.z/ICML_PIECLAM_020425/experiments/../trainer.py:454:::  

train_model_on_params on bigclam photo 
took 47.52673554420471 seconds


/home/daniel.z/ICML_PIECLAM_020425/experiments/optimization_utils.py:655:::  
Repetition no. 2


/home/daniel.z/ICML_PIECLAM_020425/experiments/../trainer.py:161:::  

Using dataset specific configuration and not global 




/home/daniel.z/ICML_PIECLAM_020425/experiments/../trainer.py:335:::  

 2025-05-24 02:06:13 starting optimization of bigclam on photo on device cuda

 configs_dict: 
{
    "clamiter_init": {
        "dim_feat": 50,
        "dim_attr": 500,
        "s_reg": 0.0,
        "l1_reg": 1,
        "T": 1,
        "hidden_dim": 64,
        "num_coupling_blocks": 32,
        "num_layers_mlp": 2
    },
    "feat_opt": {
        "lr": 3e-06,
        "n_iter": 10000,
        "early_stop": 0
    }
}


/home/daniel.z/ICML_PIECLAM_020425/experiments/../clamiter.py:365:::  
staring fit_feats for 10000 iterations


/home/daniel.z/ICML_PIECLAM_020425/experiments/../trainer.py:454:::  

train_model_on_params on bigclam photo 
took 47.53260946273804 seconds


/home/daniel.z/ICML_PIECLAM_020425/experiments/optimization_utils.py:655:::  
Repetition no. 0


/home/daniel.z/ICML_PIECLAM_020425/experiments/../trainer.py:161:::  

Using dataset specific configuration and not global 




/home/daniel.z/ICML_PIECLAM_020425/experiments/../trainer.py:335:::  

 2025-05-24 02:07:01 starting optimization of bigclam on photo on device cuda

 configs_dict: 
{
    "clamiter_init": {
        "dim_feat": 40,
        "dim_attr": 500,
        "s_reg": 0.0,
        "l1_reg": 1,
        "T": 1,
        "hidden_dim": 64,
        "num_coupling_blocks": 32,
        "num_layers_mlp": 2
    },
    "feat_opt": {
        "lr": 5e-06,
        "n_iter": 7000,
        "early_stop": 0
    }
}


/home/daniel.z/ICML_PIECLAM_020425/experiments/../clamiter.py:365:::  
staring fit_feats for 7000 iterations


/home/daniel.z/ICML_PIECLAM_020425/experiments/../trainer.py:454:::  

train_model_on_params on bigclam photo 
took 27.991658210754395 seconds


/home/daniel.z/ICML_PIECLAM_020425/experiments/optimization_utils.py:655:::  
Repetition no. 1


/home/daniel.z/ICML_PIECLAM_020425/experiments/../trainer.py:161:::  

Using dataset specific configuration and not global 




/home/daniel.z/ICML_PIECLAM_020425/experiments/../trainer.py:335:::  

 2025-05-24 02:07:29 starting optimization of bigclam on photo on device cuda

 configs_dict: 
{
    "clamiter_init": {
        "dim_feat": 40,
        "dim_attr": 500,
        "s_reg": 0.0,
        "l1_reg": 1,
        "T": 1,
        "hidden_dim": 64,
        "num_coupling_blocks": 32,
        "num_layers_mlp": 2
    },
    "feat_opt": {
        "lr": 5e-06,
        "n_iter": 7000,
        "early_stop": 0
    }
}


/home/daniel.z/ICML_PIECLAM_020425/experiments/../clamiter.py:365:::  
staring fit_feats for 7000 iterations


/home/daniel.z/ICML_PIECLAM_020425/experiments/../trainer.py:454:::  

train_model_on_params on bigclam photo 
took 28.05477786064148 seconds


/home/daniel.z/ICML_PIECLAM_020425/experiments/optimization_utils.py:655:::  
Repetition no. 2


/home/daniel.z/ICML_PIECLAM_020425/experiments/../trainer.py:161:::  

Using dataset specific configuration and not global 




/home/daniel.z/ICML_PIECLAM_020425/experiments/../trainer.py:335:::  

 2025-05-24 02:07:57 starting optimization of bigclam on photo on device cuda

 configs_dict: 
{
    "clamiter_init": {
        "dim_feat": 40,
        "dim_attr": 500,
        "s_reg": 0.0,
        "l1_reg": 1,
        "T": 1,
        "hidden_dim": 64,
        "num_coupling_blocks": 32,
        "num_layers_mlp": 2
    },
    "feat_opt": {
        "lr": 5e-06,
        "n_iter": 7000,
        "early_stop": 0
    }
}


/home/daniel.z/ICML_PIECLAM_020425/experiments/../clamiter.py:365:::  
staring fit_feats for 7000 iterations


/home/daniel.z/ICML_PIECLAM_020425/experiments/../trainer.py:454:::  

train_model_on_params on bigclam photo 
took 28.023343801498413 seconds


/home/daniel.z/ICML_PIECLAM_020425/experiments/optimization_utils.py:655:::  
Repetition no. 0


/home/daniel.z/ICML_PIECLAM_020425/experiments/../trainer.py:161:::  

Using dataset specific configuration and not global 




/home/daniel.z/ICML_PIECLAM_020425/experiments/../trainer.py:335:::  

 2025-05-24 02:08:26 starting optimization of bigclam on photo on device cuda

 configs_dict: 
{
    "clamiter_init": {
        "dim_feat": 50,
        "dim_attr": 500,
        "s_reg": 0.0,
        "l1_reg": 1,
        "T": 1,
        "hidden_dim": 64,
        "num_coupling_blocks": 32,
        "num_layers_mlp": 2
    },
    "feat_opt": {
        "lr": 5e-06,
        "n_iter": 13000,
        "early_stop": 0
    }
}


/home/daniel.z/ICML_PIECLAM_020425/experiments/../clamiter.py:365:::  
staring fit_feats for 13000 iterations


/home/daniel.z/ICML_PIECLAM_020425/experiments/../trainer.py:454:::  

train_model_on_params on bigclam photo 
took 61.85121989250183 seconds


/home/daniel.z/ICML_PIECLAM_020425/experiments/optimization_utils.py:655:::  
Repetition no. 1


/home/daniel.z/ICML_PIECLAM_020425/experiments/../trainer.py:161:::  

Using dataset specific configuration and not global 




/home/daniel.z/ICML_PIECLAM_020425/experiments/../trainer.py:335:::  

 2025-05-24 02:09:28 starting optimization of bigclam on photo on device cuda

 configs_dict: 
{
    "clamiter_init": {
        "dim_feat": 50,
        "dim_attr": 500,
        "s_reg": 0.0,
        "l1_reg": 1,
        "T": 1,
        "hidden_dim": 64,
        "num_coupling_blocks": 32,
        "num_layers_mlp": 2
    },
    "feat_opt": {
        "lr": 5e-06,
        "n_iter": 13000,
        "early_stop": 0
    }
}


/home/daniel.z/ICML_PIECLAM_020425/experiments/../clamiter.py:365:::  
staring fit_feats for 13000 iterations


/home/daniel.z/ICML_PIECLAM_020425/experiments/../trainer.py:454:::  

train_model_on_params on bigclam photo 
took 62.159085273742676 seconds


/home/daniel.z/ICML_PIECLAM_020425/experiments/optimization_utils.py:655:::  
Repetition no. 2


/home/daniel.z/ICML_PIECLAM_020425/experiments/../trainer.py:161:::  

Using dataset specific configuration and not global 




/home/daniel.z/ICML_PIECLAM_020425/experiments/../trainer.py:335:::  

 2025-05-24 02:10:30 starting optimization of bigclam on photo on device cuda

 configs_dict: 
{
    "clamiter_init": {
        "dim_feat": 50,
        "dim_attr": 500,
        "s_reg": 0.0,
        "l1_reg": 1,
        "T": 1,
        "hidden_dim": 64,
        "num_coupling_blocks": 32,
        "num_layers_mlp": 2
    },
    "feat_opt": {
        "lr": 5e-06,
        "n_iter": 13000,
        "early_stop": 0
    }
}


/home/daniel.z/ICML_PIECLAM_020425/experiments/../clamiter.py:365:::  
staring fit_feats for 13000 iterations


/home/daniel.z/ICML_PIECLAM_020425/experiments/../trainer.py:454:::  

train_model_on_params on bigclam photo 
took 62.27972388267517 seconds


/home/daniel.z/ICML_PIECLAM_020425/experiments/optimization_utils.py:655:::  
Repetition no. 0


/home/daniel.z/ICML_PIECLAM_020425/experiments/../trainer.py:161:::  

Using dataset specific configuration and not global 




/home/daniel.z/ICML_PIECLAM_020425/experiments/../trainer.py:335:::  

 2025-05-24 02:11:34 starting optimization of bigclam on photo on device cuda

 configs_dict: 
{
    "clamiter_init": {
        "dim_feat": 60,
        "dim_attr": 500,
        "s_reg": 0.0,
        "l1_reg": 1,
        "T": 1,
        "hidden_dim": 64,
        "num_coupling_blocks": 32,
        "num_layers_mlp": 2
    },
    "feat_opt": {
        "lr": 3e-06,
        "n_iter": 13000,
        "early_stop": 0
    }
}


/home/daniel.z/ICML_PIECLAM_020425/experiments/../clamiter.py:365:::  
staring fit_feats for 13000 iterations


/home/daniel.z/ICML_PIECLAM_020425/experiments/../trainer.py:454:::  

train_model_on_params on bigclam photo 
took 71.38068222999573 seconds


/home/daniel.z/ICML_PIECLAM_020425/experiments/optimization_utils.py:655:::  
Repetition no. 1


/home/daniel.z/ICML_PIECLAM_020425/experiments/../trainer.py:161:::  

Using dataset specific configuration and not global 




/home/daniel.z/ICML_PIECLAM_020425/experiments/../trainer.py:335:::  

 2025-05-24 02:12:47 starting optimization of bigclam on photo on device cuda

 configs_dict: 
{
    "clamiter_init": {
        "dim_feat": 60,
        "dim_attr": 500,
        "s_reg": 0.0,
        "l1_reg": 1,
        "T": 1,
        "hidden_dim": 64,
        "num_coupling_blocks": 32,
        "num_layers_mlp": 2
    },
    "feat_opt": {
        "lr": 3e-06,
        "n_iter": 13000,
        "early_stop": 0
    }
}


/home/daniel.z/ICML_PIECLAM_020425/experiments/../clamiter.py:365:::  
staring fit_feats for 13000 iterations


/home/daniel.z/ICML_PIECLAM_020425/experiments/../trainer.py:454:::  

train_model_on_params on bigclam photo 
took 71.4871473312378 seconds


/home/daniel.z/ICML_PIECLAM_020425/experiments/optimization_utils.py:655:::  
Repetition no. 2


/home/daniel.z/ICML_PIECLAM_020425/experiments/../trainer.py:161:::  

Using dataset specific configuration and not global 




/home/daniel.z/ICML_PIECLAM_020425/experiments/../trainer.py:335:::  

 2025-05-24 02:13:59 starting optimization of bigclam on photo on device cuda

 configs_dict: 
{
    "clamiter_init": {
        "dim_feat": 60,
        "dim_attr": 500,
        "s_reg": 0.0,
        "l1_reg": 1,
        "T": 1,
        "hidden_dim": 64,
        "num_coupling_blocks": 32,
        "num_layers_mlp": 2
    },
    "feat_opt": {
        "lr": 3e-06,
        "n_iter": 13000,
        "early_stop": 0
    }
}


/home/daniel.z/ICML_PIECLAM_020425/experiments/../clamiter.py:365:::  
staring fit_feats for 13000 iterations


/home/daniel.z/ICML_PIECLAM_020425/experiments/../trainer.py:454:::  

train_model_on_params on bigclam photo 
took 71.40616583824158 seconds


/home/daniel.z/ICML_PIECLAM_020425/experiments/optimization_utils.py:655:::  
Repetition no. 0


/home/daniel.z/ICML_PIECLAM_020425/experiments/../trainer.py:161:::  

Using dataset specific configuration and not global 




/home/daniel.z/ICML_PIECLAM_020425/experiments/../trainer.py:335:::  

 2025-05-24 02:15:10 starting optimization of bigclam on photo on device cuda

 configs_dict: 
{
    "clamiter_init": {
        "dim_feat": 40,
        "dim_attr": 500,
        "s_reg": 0.0,
        "l1_reg": 1,
        "T": 1,
        "hidden_dim": 64,
        "num_coupling_blocks": 32,
        "num_layers_mlp": 2
    },
    "feat_opt": {
        "lr": 3e-06,
        "n_iter": 10000,
        "early_stop": 0
    }
}


/home/daniel.z/ICML_PIECLAM_020425/experiments/../clamiter.py:365:::  
staring fit_feats for 10000 iterations


/home/daniel.z/ICML_PIECLAM_020425/experiments/../trainer.py:454:::  

train_model_on_params on bigclam photo 
took 40.32136106491089 seconds


/home/daniel.z/ICML_PIECLAM_020425/experiments/optimization_utils.py:655:::  
Repetition no. 1


/home/daniel.z/ICML_PIECLAM_020425/experiments/../trainer.py:161:::  

Using dataset specific configuration and not global 




/home/daniel.z/ICML_PIECLAM_020425/experiments/../trainer.py:335:::  

 2025-05-24 02:15:51 starting optimization of bigclam on photo on device cuda

 configs_dict: 
{
    "clamiter_init": {
        "dim_feat": 40,
        "dim_attr": 500,
        "s_reg": 0.0,
        "l1_reg": 1,
        "T": 1,
        "hidden_dim": 64,
        "num_coupling_blocks": 32,
        "num_layers_mlp": 2
    },
    "feat_opt": {
        "lr": 3e-06,
        "n_iter": 10000,
        "early_stop": 0
    }
}


/home/daniel.z/ICML_PIECLAM_020425/experiments/../clamiter.py:365:::  
staring fit_feats for 10000 iterations


/home/daniel.z/ICML_PIECLAM_020425/experiments/../trainer.py:454:::  

train_model_on_params on bigclam photo 
took 40.282448291778564 seconds


/home/daniel.z/ICML_PIECLAM_020425/experiments/optimization_utils.py:655:::  
Repetition no. 2


/home/daniel.z/ICML_PIECLAM_020425/experiments/../trainer.py:161:::  

Using dataset specific configuration and not global 




/home/daniel.z/ICML_PIECLAM_020425/experiments/../trainer.py:335:::  

 2025-05-24 02:16:32 starting optimization of bigclam on photo on device cuda

 configs_dict: 
{
    "clamiter_init": {
        "dim_feat": 40,
        "dim_attr": 500,
        "s_reg": 0.0,
        "l1_reg": 1,
        "T": 1,
        "hidden_dim": 64,
        "num_coupling_blocks": 32,
        "num_layers_mlp": 2
    },
    "feat_opt": {
        "lr": 3e-06,
        "n_iter": 10000,
        "early_stop": 0
    }
}


/home/daniel.z/ICML_PIECLAM_020425/experiments/../clamiter.py:365:::  
staring fit_feats for 10000 iterations


/home/daniel.z/ICML_PIECLAM_020425/experiments/../trainer.py:454:::  

train_model_on_params on bigclam photo 
took 40.289693117141724 seconds


/home/daniel.z/ICML_PIECLAM_020425/experiments/optimization_utils.py:655:::  
Repetition no. 0


/home/daniel.z/ICML_PIECLAM_020425/experiments/../trainer.py:161:::  

Using dataset specific configuration and not global 




/home/daniel.z/ICML_PIECLAM_020425/experiments/../trainer.py:335:::  

 2025-05-24 02:17:12 starting optimization of bigclam on photo on device cuda

 configs_dict: 
{
    "clamiter_init": {
        "dim_feat": 60,
        "dim_attr": 500,
        "s_reg": 0.0,
        "l1_reg": 1,
        "T": 1,
        "hidden_dim": 64,
        "num_coupling_blocks": 32,
        "num_layers_mlp": 2
    },
    "feat_opt": {
        "lr": 2e-06,
        "n_iter": 10000,
        "early_stop": 0
    }
}


/home/daniel.z/ICML_PIECLAM_020425/experiments/../clamiter.py:365:::  
staring fit_feats for 10000 iterations


/home/daniel.z/ICML_PIECLAM_020425/experiments/../trainer.py:454:::  

train_model_on_params on bigclam photo 
took 54.89332866668701 seconds


/home/daniel.z/ICML_PIECLAM_020425/experiments/optimization_utils.py:655:::  
Repetition no. 1


/home/daniel.z/ICML_PIECLAM_020425/experiments/../trainer.py:161:::  

Using dataset specific configuration and not global 




/home/daniel.z/ICML_PIECLAM_020425/experiments/../trainer.py:335:::  

 2025-05-24 02:18:07 starting optimization of bigclam on photo on device cuda

 configs_dict: 
{
    "clamiter_init": {
        "dim_feat": 60,
        "dim_attr": 500,
        "s_reg": 0.0,
        "l1_reg": 1,
        "T": 1,
        "hidden_dim": 64,
        "num_coupling_blocks": 32,
        "num_layers_mlp": 2
    },
    "feat_opt": {
        "lr": 2e-06,
        "n_iter": 10000,
        "early_stop": 0
    }
}


/home/daniel.z/ICML_PIECLAM_020425/experiments/../clamiter.py:365:::  
staring fit_feats for 10000 iterations


/home/daniel.z/ICML_PIECLAM_020425/experiments/../trainer.py:454:::  

train_model_on_params on bigclam photo 
took 54.9511833190918 seconds


/home/daniel.z/ICML_PIECLAM_020425/experiments/optimization_utils.py:655:::  
Repetition no. 2


/home/daniel.z/ICML_PIECLAM_020425/experiments/../trainer.py:161:::  

Using dataset specific configuration and not global 




/home/daniel.z/ICML_PIECLAM_020425/experiments/../trainer.py:335:::  

 2025-05-24 02:19:03 starting optimization of bigclam on photo on device cuda

 configs_dict: 
{
    "clamiter_init": {
        "dim_feat": 60,
        "dim_attr": 500,
        "s_reg": 0.0,
        "l1_reg": 1,
        "T": 1,
        "hidden_dim": 64,
        "num_coupling_blocks": 32,
        "num_layers_mlp": 2
    },
    "feat_opt": {
        "lr": 2e-06,
        "n_iter": 10000,
        "early_stop": 0
    }
}


/home/daniel.z/ICML_PIECLAM_020425/experiments/../clamiter.py:365:::  
staring fit_feats for 10000 iterations


/home/daniel.z/ICML_PIECLAM_020425/experiments/../trainer.py:454:::  

train_model_on_params on bigclam photo 
took 54.943418741226196 seconds


/home/daniel.z/ICML_PIECLAM_020425/experiments/optimization_utils.py:655:::  
Repetition no. 0


/home/daniel.z/ICML_PIECLAM_020425/experiments/../trainer.py:161:::  

Using dataset specific configuration and not global 




/home/daniel.z/ICML_PIECLAM_020425/experiments/../trainer.py:335:::  

 2025-05-24 02:19:58 starting optimization of bigclam on photo on device cuda

 configs_dict: 
{
    "clamiter_init": {
        "dim_feat": 40,
        "dim_attr": 500,
        "s_reg": 0.0,
        "l1_reg": 1,
        "T": 1,
        "hidden_dim": 64,
        "num_coupling_blocks": 32,
        "num_layers_mlp": 2
    },
    "feat_opt": {
        "lr": 3e-06,
        "n_iter": 13000,
        "early_stop": 0
    }
}


/home/daniel.z/ICML_PIECLAM_020425/experiments/../clamiter.py:365:::  
staring fit_feats for 13000 iterations


/home/daniel.z/ICML_PIECLAM_020425/experiments/../trainer.py:454:::  

train_model_on_params on bigclam photo 
took 52.093281507492065 seconds


/home/daniel.z/ICML_PIECLAM_020425/experiments/optimization_utils.py:655:::  
Repetition no. 1


/home/daniel.z/ICML_PIECLAM_020425/experiments/../trainer.py:161:::  

Using dataset specific configuration and not global 




/home/daniel.z/ICML_PIECLAM_020425/experiments/../trainer.py:335:::  

 2025-05-24 02:20:50 starting optimization of bigclam on photo on device cuda

 configs_dict: 
{
    "clamiter_init": {
        "dim_feat": 40,
        "dim_attr": 500,
        "s_reg": 0.0,
        "l1_reg": 1,
        "T": 1,
        "hidden_dim": 64,
        "num_coupling_blocks": 32,
        "num_layers_mlp": 2
    },
    "feat_opt": {
        "lr": 3e-06,
        "n_iter": 13000,
        "early_stop": 0
    }
}


/home/daniel.z/ICML_PIECLAM_020425/experiments/../clamiter.py:365:::  
staring fit_feats for 13000 iterations


/home/daniel.z/ICML_PIECLAM_020425/experiments/../trainer.py:454:::  

train_model_on_params on bigclam photo 
took 52.08093786239624 seconds


/home/daniel.z/ICML_PIECLAM_020425/experiments/optimization_utils.py:655:::  
Repetition no. 2


/home/daniel.z/ICML_PIECLAM_020425/experiments/../trainer.py:161:::  

Using dataset specific configuration and not global 




/home/daniel.z/ICML_PIECLAM_020425/experiments/../trainer.py:335:::  

 2025-05-24 02:21:43 starting optimization of bigclam on photo on device cuda

 configs_dict: 
{
    "clamiter_init": {
        "dim_feat": 40,
        "dim_attr": 500,
        "s_reg": 0.0,
        "l1_reg": 1,
        "T": 1,
        "hidden_dim": 64,
        "num_coupling_blocks": 32,
        "num_layers_mlp": 2
    },
    "feat_opt": {
        "lr": 3e-06,
        "n_iter": 13000,
        "early_stop": 0
    }
}


/home/daniel.z/ICML_PIECLAM_020425/experiments/../clamiter.py:365:::  
staring fit_feats for 13000 iterations


/home/daniel.z/ICML_PIECLAM_020425/experiments/../trainer.py:454:::  

train_model_on_params on bigclam photo 
took 52.160123109817505 seconds


/home/daniel.z/ICML_PIECLAM_020425/experiments/optimization_utils.py:655:::  
Repetition no. 0


/home/daniel.z/ICML_PIECLAM_020425/experiments/../trainer.py:161:::  

Using dataset specific configuration and not global 




/home/daniel.z/ICML_PIECLAM_020425/experiments/../trainer.py:335:::  

 2025-05-24 02:22:35 starting optimization of bigclam on photo on device cuda

 configs_dict: 
{
    "clamiter_init": {
        "dim_feat": 40,
        "dim_attr": 500,
        "s_reg": 0.0,
        "l1_reg": 1,
        "T": 1,
        "hidden_dim": 64,
        "num_coupling_blocks": 32,
        "num_layers_mlp": 2
    },
    "feat_opt": {
        "lr": 5e-06,
        "n_iter": 13000,
        "early_stop": 0
    }
}


/home/daniel.z/ICML_PIECLAM_020425/experiments/../clamiter.py:365:::  
staring fit_feats for 13000 iterations


/home/daniel.z/ICML_PIECLAM_020425/experiments/../trainer.py:454:::  

train_model_on_params on bigclam photo 
took 52.10388207435608 seconds


/home/daniel.z/ICML_PIECLAM_020425/experiments/optimization_utils.py:655:::  
Repetition no. 1


/home/daniel.z/ICML_PIECLAM_020425/experiments/../trainer.py:161:::  

Using dataset specific configuration and not global 




/home/daniel.z/ICML_PIECLAM_020425/experiments/../trainer.py:335:::  

 2025-05-24 02:23:28 starting optimization of bigclam on photo on device cuda

 configs_dict: 
{
    "clamiter_init": {
        "dim_feat": 40,
        "dim_attr": 500,
        "s_reg": 0.0,
        "l1_reg": 1,
        "T": 1,
        "hidden_dim": 64,
        "num_coupling_blocks": 32,
        "num_layers_mlp": 2
    },
    "feat_opt": {
        "lr": 5e-06,
        "n_iter": 13000,
        "early_stop": 0
    }
}


/home/daniel.z/ICML_PIECLAM_020425/experiments/../clamiter.py:365:::  
staring fit_feats for 13000 iterations


/home/daniel.z/ICML_PIECLAM_020425/experiments/../trainer.py:454:::  

train_model_on_params on bigclam photo 
took 52.20307683944702 seconds


/home/daniel.z/ICML_PIECLAM_020425/experiments/optimization_utils.py:655:::  
Repetition no. 2


/home/daniel.z/ICML_PIECLAM_020425/experiments/../trainer.py:161:::  

Using dataset specific configuration and not global 




/home/daniel.z/ICML_PIECLAM_020425/experiments/../trainer.py:335:::  

 2025-05-24 02:24:20 starting optimization of bigclam on photo on device cuda

 configs_dict: 
{
    "clamiter_init": {
        "dim_feat": 40,
        "dim_attr": 500,
        "s_reg": 0.0,
        "l1_reg": 1,
        "T": 1,
        "hidden_dim": 64,
        "num_coupling_blocks": 32,
        "num_layers_mlp": 2
    },
    "feat_opt": {
        "lr": 5e-06,
        "n_iter": 13000,
        "early_stop": 0
    }
}


/home/daniel.z/ICML_PIECLAM_020425/experiments/../clamiter.py:365:::  
staring fit_feats for 13000 iterations


/home/daniel.z/ICML_PIECLAM_020425/experiments/../trainer.py:454:::  

train_model_on_params on bigclam photo 
took 52.19866132736206 seconds


/home/daniel.z/ICML_PIECLAM_020425/experiments/optimization_utils.py:655:::  
Repetition no. 0


/home/daniel.z/ICML_PIECLAM_020425/experiments/../trainer.py:161:::  

Using dataset specific configuration and not global 




/home/daniel.z/ICML_PIECLAM_020425/experiments/../trainer.py:335:::  

 2025-05-24 02:25:13 starting optimization of bigclam on photo on device cuda

 configs_dict: 
{
    "clamiter_init": {
        "dim_feat": 60,
        "dim_attr": 500,
        "s_reg": 0.0,
        "l1_reg": 1,
        "T": 1,
        "hidden_dim": 64,
        "num_coupling_blocks": 32,
        "num_layers_mlp": 2
    },
    "feat_opt": {
        "lr": 5e-06,
        "n_iter": 10000,
        "early_stop": 0
    }
}


/home/daniel.z/ICML_PIECLAM_020425/experiments/../clamiter.py:365:::  
staring fit_feats for 10000 iterations


/home/daniel.z/ICML_PIECLAM_020425/experiments/../trainer.py:454:::  

train_model_on_params on bigclam photo 
took 54.95276355743408 seconds


/home/daniel.z/ICML_PIECLAM_020425/experiments/optimization_utils.py:655:::  
Repetition no. 1


/home/daniel.z/ICML_PIECLAM_020425/experiments/../trainer.py:161:::  

Using dataset specific configuration and not global 




/home/daniel.z/ICML_PIECLAM_020425/experiments/../trainer.py:335:::  

 2025-05-24 02:26:08 starting optimization of bigclam on photo on device cuda

 configs_dict: 
{
    "clamiter_init": {
        "dim_feat": 60,
        "dim_attr": 500,
        "s_reg": 0.0,
        "l1_reg": 1,
        "T": 1,
        "hidden_dim": 64,
        "num_coupling_blocks": 32,
        "num_layers_mlp": 2
    },
    "feat_opt": {
        "lr": 5e-06,
        "n_iter": 10000,
        "early_stop": 0
    }
}


/home/daniel.z/ICML_PIECLAM_020425/experiments/../clamiter.py:365:::  
staring fit_feats for 10000 iterations


/home/daniel.z/ICML_PIECLAM_020425/experiments/../trainer.py:454:::  

train_model_on_params on bigclam photo 
took 54.951263189315796 seconds


/home/daniel.z/ICML_PIECLAM_020425/experiments/optimization_utils.py:655:::  
Repetition no. 2


/home/daniel.z/ICML_PIECLAM_020425/experiments/../trainer.py:161:::  

Using dataset specific configuration and not global 




/home/daniel.z/ICML_PIECLAM_020425/experiments/../trainer.py:335:::  

 2025-05-24 02:27:03 starting optimization of bigclam on photo on device cuda

 configs_dict: 
{
    "clamiter_init": {
        "dim_feat": 60,
        "dim_attr": 500,
        "s_reg": 0.0,
        "l1_reg": 1,
        "T": 1,
        "hidden_dim": 64,
        "num_coupling_blocks": 32,
        "num_layers_mlp": 2
    },
    "feat_opt": {
        "lr": 5e-06,
        "n_iter": 10000,
        "early_stop": 0
    }
}


/home/daniel.z/ICML_PIECLAM_020425/experiments/../clamiter.py:365:::  
staring fit_feats for 10000 iterations


/home/daniel.z/ICML_PIECLAM_020425/experiments/../trainer.py:454:::  

train_model_on_params on bigclam photo 
took 54.94235038757324 seconds


/home/daniel.z/ICML_PIECLAM_020425/experiments/optimization_utils.py:655:::  
Repetition no. 0


/home/daniel.z/ICML_PIECLAM_020425/experiments/../trainer.py:161:::  

Using dataset specific configuration and not global 




/home/daniel.z/ICML_PIECLAM_020425/experiments/../trainer.py:335:::  

 2025-05-24 02:27:58 starting optimization of bigclam on photo on device cuda

 configs_dict: 
{
    "clamiter_init": {
        "dim_feat": 40,
        "dim_attr": 500,
        "s_reg": 0.0,
        "l1_reg": 1,
        "T": 1,
        "hidden_dim": 64,
        "num_coupling_blocks": 32,
        "num_layers_mlp": 2
    },
    "feat_opt": {
        "lr": 2e-06,
        "n_iter": 7000,
        "early_stop": 0
    }
}


/home/daniel.z/ICML_PIECLAM_020425/experiments/../clamiter.py:365:::  
staring fit_feats for 7000 iterations


/home/daniel.z/ICML_PIECLAM_020425/experiments/../trainer.py:454:::  

train_model_on_params on bigclam photo 
took 28.2645001411438 seconds


/home/daniel.z/ICML_PIECLAM_020425/experiments/optimization_utils.py:655:::  
Repetition no. 1


/home/daniel.z/ICML_PIECLAM_020425/experiments/../trainer.py:161:::  

Using dataset specific configuration and not global 




/home/daniel.z/ICML_PIECLAM_020425/experiments/../trainer.py:335:::  

 2025-05-24 02:28:27 starting optimization of bigclam on photo on device cuda

 configs_dict: 
{
    "clamiter_init": {
        "dim_feat": 40,
        "dim_attr": 500,
        "s_reg": 0.0,
        "l1_reg": 1,
        "T": 1,
        "hidden_dim": 64,
        "num_coupling_blocks": 32,
        "num_layers_mlp": 2
    },
    "feat_opt": {
        "lr": 2e-06,
        "n_iter": 7000,
        "early_stop": 0
    }
}


/home/daniel.z/ICML_PIECLAM_020425/experiments/../clamiter.py:365:::  
staring fit_feats for 7000 iterations


/home/daniel.z/ICML_PIECLAM_020425/experiments/../trainer.py:454:::  

train_model_on_params on bigclam photo 
took 28.256187438964844 seconds


/home/daniel.z/ICML_PIECLAM_020425/experiments/optimization_utils.py:655:::  
Repetition no. 2


/home/daniel.z/ICML_PIECLAM_020425/experiments/../trainer.py:161:::  

Using dataset specific configuration and not global 




/home/daniel.z/ICML_PIECLAM_020425/experiments/../trainer.py:335:::  

 2025-05-24 02:28:55 starting optimization of bigclam on photo on device cuda

 configs_dict: 
{
    "clamiter_init": {
        "dim_feat": 40,
        "dim_attr": 500,
        "s_reg": 0.0,
        "l1_reg": 1,
        "T": 1,
        "hidden_dim": 64,
        "num_coupling_blocks": 32,
        "num_layers_mlp": 2
    },
    "feat_opt": {
        "lr": 2e-06,
        "n_iter": 7000,
        "early_stop": 0
    }
}


/home/daniel.z/ICML_PIECLAM_020425/experiments/../clamiter.py:365:::  
staring fit_feats for 7000 iterations


/home/daniel.z/ICML_PIECLAM_020425/experiments/../trainer.py:454:::  

train_model_on_params on bigclam photo 
took 28.217885971069336 seconds


/home/daniel.z/ICML_PIECLAM_020425/experiments/optimization_utils.py:655:::  
Repetition no. 0


/home/daniel.z/ICML_PIECLAM_020425/experiments/../trainer.py:161:::  

Using dataset specific configuration and not global 




/home/daniel.z/ICML_PIECLAM_020425/experiments/../trainer.py:335:::  

 2025-05-24 02:29:24 starting optimization of bigclam on photo on device cuda

 configs_dict: 
{
    "clamiter_init": {
        "dim_feat": 40,
        "dim_attr": 500,
        "s_reg": 0.0,
        "l1_reg": 1,
        "T": 1,
        "hidden_dim": 64,
        "num_coupling_blocks": 32,
        "num_layers_mlp": 2
    },
    "feat_opt": {
        "lr": 2e-06,
        "n_iter": 10000,
        "early_stop": 0
    }
}


/home/daniel.z/ICML_PIECLAM_020425/experiments/../clamiter.py:365:::  
staring fit_feats for 10000 iterations


/home/daniel.z/ICML_PIECLAM_020425/experiments/../trainer.py:454:::  

train_model_on_params on bigclam photo 
took 40.252153635025024 seconds


/home/daniel.z/ICML_PIECLAM_020425/experiments/optimization_utils.py:655:::  
Repetition no. 1


/home/daniel.z/ICML_PIECLAM_020425/experiments/../trainer.py:161:::  

Using dataset specific configuration and not global 




/home/daniel.z/ICML_PIECLAM_020425/experiments/../trainer.py:335:::  

 2025-05-24 02:30:04 starting optimization of bigclam on photo on device cuda

 configs_dict: 
{
    "clamiter_init": {
        "dim_feat": 40,
        "dim_attr": 500,
        "s_reg": 0.0,
        "l1_reg": 1,
        "T": 1,
        "hidden_dim": 64,
        "num_coupling_blocks": 32,
        "num_layers_mlp": 2
    },
    "feat_opt": {
        "lr": 2e-06,
        "n_iter": 10000,
        "early_stop": 0
    }
}


/home/daniel.z/ICML_PIECLAM_020425/experiments/../clamiter.py:365:::  
staring fit_feats for 10000 iterations


/home/daniel.z/ICML_PIECLAM_020425/experiments/../trainer.py:454:::  

train_model_on_params on bigclam photo 
took 40.217862129211426 seconds


/home/daniel.z/ICML_PIECLAM_020425/experiments/optimization_utils.py:655:::  
Repetition no. 2


/home/daniel.z/ICML_PIECLAM_020425/experiments/../trainer.py:161:::  

Using dataset specific configuration and not global 




/home/daniel.z/ICML_PIECLAM_020425/experiments/../trainer.py:335:::  

 2025-05-24 02:30:45 starting optimization of bigclam on photo on device cuda

 configs_dict: 
{
    "clamiter_init": {
        "dim_feat": 40,
        "dim_attr": 500,
        "s_reg": 0.0,
        "l1_reg": 1,
        "T": 1,
        "hidden_dim": 64,
        "num_coupling_blocks": 32,
        "num_layers_mlp": 2
    },
    "feat_opt": {
        "lr": 2e-06,
        "n_iter": 10000,
        "early_stop": 0
    }
}


/home/daniel.z/ICML_PIECLAM_020425/experiments/../clamiter.py:365:::  
staring fit_feats for 10000 iterations


/home/daniel.z/ICML_PIECLAM_020425/experiments/../trainer.py:454:::  

train_model_on_params on bigclam photo 
took 40.25545001029968 seconds


/home/daniel.z/ICML_PIECLAM_020425/experiments/optimization_utils.py:655:::  
Repetition no. 0


/home/daniel.z/ICML_PIECLAM_020425/experiments/../trainer.py:161:::  

Using dataset specific configuration and not global 




/home/daniel.z/ICML_PIECLAM_020425/experiments/../trainer.py:335:::  

 2025-05-24 02:31:25 starting optimization of bigclam on photo on device cuda

 configs_dict: 
{
    "clamiter_init": {
        "dim_feat": 60,
        "dim_attr": 500,
        "s_reg": 0.0,
        "l1_reg": 1,
        "T": 1,
        "hidden_dim": 64,
        "num_coupling_blocks": 32,
        "num_layers_mlp": 2
    },
    "feat_opt": {
        "lr": 5e-06,
        "n_iter": 7000,
        "early_stop": 0
    }
}


/home/daniel.z/ICML_PIECLAM_020425/experiments/../clamiter.py:365:::  
staring fit_feats for 7000 iterations


/home/daniel.z/ICML_PIECLAM_020425/experiments/../trainer.py:454:::  

train_model_on_params on bigclam photo 
took 38.517228841781616 seconds


/home/daniel.z/ICML_PIECLAM_020425/experiments/optimization_utils.py:655:::  
Repetition no. 1


/home/daniel.z/ICML_PIECLAM_020425/experiments/../trainer.py:161:::  

Using dataset specific configuration and not global 




/home/daniel.z/ICML_PIECLAM_020425/experiments/../trainer.py:335:::  

 2025-05-24 02:32:04 starting optimization of bigclam on photo on device cuda

 configs_dict: 
{
    "clamiter_init": {
        "dim_feat": 60,
        "dim_attr": 500,
        "s_reg": 0.0,
        "l1_reg": 1,
        "T": 1,
        "hidden_dim": 64,
        "num_coupling_blocks": 32,
        "num_layers_mlp": 2
    },
    "feat_opt": {
        "lr": 5e-06,
        "n_iter": 7000,
        "early_stop": 0
    }
}


/home/daniel.z/ICML_PIECLAM_020425/experiments/../clamiter.py:365:::  
staring fit_feats for 7000 iterations


/home/daniel.z/ICML_PIECLAM_020425/experiments/../trainer.py:454:::  

train_model_on_params on bigclam photo 
took 38.57946228981018 seconds


/home/daniel.z/ICML_PIECLAM_020425/experiments/optimization_utils.py:655:::  
Repetition no. 2


/home/daniel.z/ICML_PIECLAM_020425/experiments/../trainer.py:161:::  

Using dataset specific configuration and not global 




/home/daniel.z/ICML_PIECLAM_020425/experiments/../trainer.py:335:::  

 2025-05-24 02:32:43 starting optimization of bigclam on photo on device cuda

 configs_dict: 
{
    "clamiter_init": {
        "dim_feat": 60,
        "dim_attr": 500,
        "s_reg": 0.0,
        "l1_reg": 1,
        "T": 1,
        "hidden_dim": 64,
        "num_coupling_blocks": 32,
        "num_layers_mlp": 2
    },
    "feat_opt": {
        "lr": 5e-06,
        "n_iter": 7000,
        "early_stop": 0
    }
}


/home/daniel.z/ICML_PIECLAM_020425/experiments/../clamiter.py:365:::  
staring fit_feats for 7000 iterations


/home/daniel.z/ICML_PIECLAM_020425/experiments/../trainer.py:454:::  

train_model_on_params on bigclam photo 
took 38.51074481010437 seconds


/home/daniel.z/ICML_PIECLAM_020425/experiments/optimization_utils.py:729:::  


Finished CrossVal!




/home/daniel.z/ICML_PIECLAM_020425/experiments/optimization_utils.py:516:::  
On test set split_03-30_02-05-25 of photo,bigclam
 ======================


/home/daniel.z/ICML_PIECLAM_020425/experiments/optimization_utils.py:633:::  
RunSaver defined to acc_configs path /home/daniel.z/ICML_PIECLAM_020425/experiments/results/link_prediction/auc/photo/bigclam/split_03-30_02-05-25/valid/acc_configs02-33_24-05-25.json


/home/daniel.z/ICML_PIECLAM_020425/experiments/optimization_utils.py:655:::  
Repetition no. 0


/home/daniel.z/ICML_PIECLAM_020425/experiments/../trainer.py:161:::  

Using dataset specific configuration and not global 




/home/daniel.z/ICML_PIECLAM_020425/experiments/../trainer.py:335:::  

 2025-05-24 02:33:24 starting optimization of bigclam on photo on device cuda

 configs_dict: 
{
    "clamiter_init": {
        "dim_feat": 50,
        "dim_attr": 500,
        "s_reg": 0.0,
        "l1_reg": 1,
        "T": 1,
        "hidden_dim": 64,
        "num_coupling_blocks": 32,
        "num_layers_mlp": 2
    },
    "feat_opt": {
        "lr": 3e-06,
        "n_iter": 13000,
        "early_stop": 0
    }
}


/home/daniel.z/ICML_PIECLAM_020425/experiments/../clamiter.py:365:::  
staring fit_feats for 13000 iterations


/home/daniel.z/ICML_PIECLAM_020425/experiments/../trainer.py:454:::  

train_model_on_params on bigclam photo 
took 62.15892028808594 seconds


/home/daniel.z/ICML_PIECLAM_020425/experiments/optimization_utils.py:655:::  
Repetition no. 1


/home/daniel.z/ICML_PIECLAM_020425/experiments/../trainer.py:161:::  

Using dataset specific configuration and not global 




/home/daniel.z/ICML_PIECLAM_020425/experiments/../trainer.py:335:::  

 2025-05-24 02:34:27 starting optimization of bigclam on photo on device cuda

 configs_dict: 
{
    "clamiter_init": {
        "dim_feat": 50,
        "dim_attr": 500,
        "s_reg": 0.0,
        "l1_reg": 1,
        "T": 1,
        "hidden_dim": 64,
        "num_coupling_blocks": 32,
        "num_layers_mlp": 2
    },
    "feat_opt": {
        "lr": 3e-06,
        "n_iter": 13000,
        "early_stop": 0
    }
}


/home/daniel.z/ICML_PIECLAM_020425/experiments/../clamiter.py:365:::  
staring fit_feats for 13000 iterations


/home/daniel.z/ICML_PIECLAM_020425/experiments/../trainer.py:454:::  

train_model_on_params on bigclam photo 
took 62.13240647315979 seconds


/home/daniel.z/ICML_PIECLAM_020425/experiments/optimization_utils.py:655:::  
Repetition no. 2


/home/daniel.z/ICML_PIECLAM_020425/experiments/../trainer.py:161:::  

Using dataset specific configuration and not global 




/home/daniel.z/ICML_PIECLAM_020425/experiments/../trainer.py:335:::  

 2025-05-24 02:35:29 starting optimization of bigclam on photo on device cuda

 configs_dict: 
{
    "clamiter_init": {
        "dim_feat": 50,
        "dim_attr": 500,
        "s_reg": 0.0,
        "l1_reg": 1,
        "T": 1,
        "hidden_dim": 64,
        "num_coupling_blocks": 32,
        "num_layers_mlp": 2
    },
    "feat_opt": {
        "lr": 3e-06,
        "n_iter": 13000,
        "early_stop": 0
    }
}


/home/daniel.z/ICML_PIECLAM_020425/experiments/../clamiter.py:365:::  
staring fit_feats for 13000 iterations


/home/daniel.z/ICML_PIECLAM_020425/experiments/../trainer.py:454:::  

train_model_on_params on bigclam photo 
took 61.95666432380676 seconds


/home/daniel.z/ICML_PIECLAM_020425/experiments/optimization_utils.py:655:::  
Repetition no. 0


/home/daniel.z/ICML_PIECLAM_020425/experiments/../trainer.py:161:::  

Using dataset specific configuration and not global 




/home/daniel.z/ICML_PIECLAM_020425/experiments/../trainer.py:335:::  

 2025-05-24 02:36:31 starting optimization of bigclam on photo on device cuda

 configs_dict: 
{
    "clamiter_init": {
        "dim_feat": 50,
        "dim_attr": 500,
        "s_reg": 0.0,
        "l1_reg": 1,
        "T": 1,
        "hidden_dim": 64,
        "num_coupling_blocks": 32,
        "num_layers_mlp": 2
    },
    "feat_opt": {
        "lr": 2e-06,
        "n_iter": 10000,
        "early_stop": 0
    }
}


/home/daniel.z/ICML_PIECLAM_020425/experiments/../clamiter.py:365:::  
staring fit_feats for 10000 iterations


/home/daniel.z/ICML_PIECLAM_020425/experiments/../trainer.py:454:::  

train_model_on_params on bigclam photo 
took 47.591816902160645 seconds


/home/daniel.z/ICML_PIECLAM_020425/experiments/optimization_utils.py:655:::  
Repetition no. 1


/home/daniel.z/ICML_PIECLAM_020425/experiments/../trainer.py:161:::  

Using dataset specific configuration and not global 




/home/daniel.z/ICML_PIECLAM_020425/experiments/../trainer.py:335:::  

 2025-05-24 02:37:19 starting optimization of bigclam on photo on device cuda

 configs_dict: 
{
    "clamiter_init": {
        "dim_feat": 50,
        "dim_attr": 500,
        "s_reg": 0.0,
        "l1_reg": 1,
        "T": 1,
        "hidden_dim": 64,
        "num_coupling_blocks": 32,
        "num_layers_mlp": 2
    },
    "feat_opt": {
        "lr": 2e-06,
        "n_iter": 10000,
        "early_stop": 0
    }
}


/home/daniel.z/ICML_PIECLAM_020425/experiments/../clamiter.py:365:::  
staring fit_feats for 10000 iterations


/home/daniel.z/ICML_PIECLAM_020425/experiments/../trainer.py:454:::  

train_model_on_params on bigclam photo 
took 47.58063626289368 seconds


/home/daniel.z/ICML_PIECLAM_020425/experiments/optimization_utils.py:655:::  
Repetition no. 2


/home/daniel.z/ICML_PIECLAM_020425/experiments/../trainer.py:161:::  

Using dataset specific configuration and not global 




/home/daniel.z/ICML_PIECLAM_020425/experiments/../trainer.py:335:::  

 2025-05-24 02:38:07 starting optimization of bigclam on photo on device cuda

 configs_dict: 
{
    "clamiter_init": {
        "dim_feat": 50,
        "dim_attr": 500,
        "s_reg": 0.0,
        "l1_reg": 1,
        "T": 1,
        "hidden_dim": 64,
        "num_coupling_blocks": 32,
        "num_layers_mlp": 2
    },
    "feat_opt": {
        "lr": 2e-06,
        "n_iter": 10000,
        "early_stop": 0
    }
}


/home/daniel.z/ICML_PIECLAM_020425/experiments/../clamiter.py:365:::  
staring fit_feats for 10000 iterations


/home/daniel.z/ICML_PIECLAM_020425/experiments/../trainer.py:454:::  

train_model_on_params on bigclam photo 
took 47.58088564872742 seconds


/home/daniel.z/ICML_PIECLAM_020425/experiments/optimization_utils.py:655:::  
Repetition no. 0


/home/daniel.z/ICML_PIECLAM_020425/experiments/../trainer.py:161:::  

Using dataset specific configuration and not global 




/home/daniel.z/ICML_PIECLAM_020425/experiments/../trainer.py:335:::  

 2025-05-24 02:38:55 starting optimization of bigclam on photo on device cuda

 configs_dict: 
{
    "clamiter_init": {
        "dim_feat": 50,
        "dim_attr": 500,
        "s_reg": 0.0,
        "l1_reg": 1,
        "T": 1,
        "hidden_dim": 64,
        "num_coupling_blocks": 32,
        "num_layers_mlp": 2
    },
    "feat_opt": {
        "lr": 2e-06,
        "n_iter": 7000,
        "early_stop": 0
    }
}


/home/daniel.z/ICML_PIECLAM_020425/experiments/../clamiter.py:365:::  
staring fit_feats for 7000 iterations


/home/daniel.z/ICML_PIECLAM_020425/experiments/../trainer.py:454:::  

train_model_on_params on bigclam photo 
took 33.38015413284302 seconds


/home/daniel.z/ICML_PIECLAM_020425/experiments/optimization_utils.py:655:::  
Repetition no. 1


/home/daniel.z/ICML_PIECLAM_020425/experiments/../trainer.py:161:::  

Using dataset specific configuration and not global 




/home/daniel.z/ICML_PIECLAM_020425/experiments/../trainer.py:335:::  

 2025-05-24 02:39:29 starting optimization of bigclam on photo on device cuda

 configs_dict: 
{
    "clamiter_init": {
        "dim_feat": 50,
        "dim_attr": 500,
        "s_reg": 0.0,
        "l1_reg": 1,
        "T": 1,
        "hidden_dim": 64,
        "num_coupling_blocks": 32,
        "num_layers_mlp": 2
    },
    "feat_opt": {
        "lr": 2e-06,
        "n_iter": 7000,
        "early_stop": 0
    }
}


/home/daniel.z/ICML_PIECLAM_020425/experiments/../clamiter.py:365:::  
staring fit_feats for 7000 iterations


/home/daniel.z/ICML_PIECLAM_020425/experiments/../trainer.py:454:::  

train_model_on_params on bigclam photo 
took 34.16123580932617 seconds


/home/daniel.z/ICML_PIECLAM_020425/experiments/optimization_utils.py:655:::  
Repetition no. 2


/home/daniel.z/ICML_PIECLAM_020425/experiments/../trainer.py:161:::  

Using dataset specific configuration and not global 




/home/daniel.z/ICML_PIECLAM_020425/experiments/../trainer.py:335:::  

 2025-05-24 02:40:03 starting optimization of bigclam on photo on device cuda

 configs_dict: 
{
    "clamiter_init": {
        "dim_feat": 50,
        "dim_attr": 500,
        "s_reg": 0.0,
        "l1_reg": 1,
        "T": 1,
        "hidden_dim": 64,
        "num_coupling_blocks": 32,
        "num_layers_mlp": 2
    },
    "feat_opt": {
        "lr": 2e-06,
        "n_iter": 7000,
        "early_stop": 0
    }
}


/home/daniel.z/ICML_PIECLAM_020425/experiments/../clamiter.py:365:::  
staring fit_feats for 7000 iterations


/home/daniel.z/ICML_PIECLAM_020425/experiments/../trainer.py:454:::  

train_model_on_params on bigclam photo 
took 33.34713530540466 seconds


/home/daniel.z/ICML_PIECLAM_020425/experiments/optimization_utils.py:655:::  
Repetition no. 0


/home/daniel.z/ICML_PIECLAM_020425/experiments/../trainer.py:161:::  

Using dataset specific configuration and not global 




/home/daniel.z/ICML_PIECLAM_020425/experiments/../trainer.py:335:::  

 2025-05-24 02:40:37 starting optimization of bigclam on photo on device cuda

 configs_dict: 
{
    "clamiter_init": {
        "dim_feat": 60,
        "dim_attr": 500,
        "s_reg": 0.0,
        "l1_reg": 1,
        "T": 1,
        "hidden_dim": 64,
        "num_coupling_blocks": 32,
        "num_layers_mlp": 2
    },
    "feat_opt": {
        "lr": 5e-06,
        "n_iter": 13000,
        "early_stop": 0
    }
}


/home/daniel.z/ICML_PIECLAM_020425/experiments/../clamiter.py:365:::  
staring fit_feats for 13000 iterations


/home/daniel.z/ICML_PIECLAM_020425/experiments/../trainer.py:454:::  

train_model_on_params on bigclam photo 
took 71.08889555931091 seconds


/home/daniel.z/ICML_PIECLAM_020425/experiments/optimization_utils.py:655:::  
Repetition no. 1


/home/daniel.z/ICML_PIECLAM_020425/experiments/../trainer.py:161:::  

Using dataset specific configuration and not global 




/home/daniel.z/ICML_PIECLAM_020425/experiments/../trainer.py:335:::  

 2025-05-24 02:41:48 starting optimization of bigclam on photo on device cuda

 configs_dict: 
{
    "clamiter_init": {
        "dim_feat": 60,
        "dim_attr": 500,
        "s_reg": 0.0,
        "l1_reg": 1,
        "T": 1,
        "hidden_dim": 64,
        "num_coupling_blocks": 32,
        "num_layers_mlp": 2
    },
    "feat_opt": {
        "lr": 5e-06,
        "n_iter": 13000,
        "early_stop": 0
    }
}


/home/daniel.z/ICML_PIECLAM_020425/experiments/../clamiter.py:365:::  
staring fit_feats for 13000 iterations


/home/daniel.z/ICML_PIECLAM_020425/experiments/../trainer.py:454:::  

train_model_on_params on bigclam photo 
took 71.1648678779602 seconds


/home/daniel.z/ICML_PIECLAM_020425/experiments/optimization_utils.py:655:::  
Repetition no. 2


/home/daniel.z/ICML_PIECLAM_020425/experiments/../trainer.py:161:::  

Using dataset specific configuration and not global 




/home/daniel.z/ICML_PIECLAM_020425/experiments/../trainer.py:335:::  

 2025-05-24 02:43:00 starting optimization of bigclam on photo on device cuda

 configs_dict: 
{
    "clamiter_init": {
        "dim_feat": 60,
        "dim_attr": 500,
        "s_reg": 0.0,
        "l1_reg": 1,
        "T": 1,
        "hidden_dim": 64,
        "num_coupling_blocks": 32,
        "num_layers_mlp": 2
    },
    "feat_opt": {
        "lr": 5e-06,
        "n_iter": 13000,
        "early_stop": 0
    }
}


/home/daniel.z/ICML_PIECLAM_020425/experiments/../clamiter.py:365:::  
staring fit_feats for 13000 iterations


/home/daniel.z/ICML_PIECLAM_020425/experiments/../trainer.py:454:::  

train_model_on_params on bigclam photo 
took 71.07935523986816 seconds


/home/daniel.z/ICML_PIECLAM_020425/experiments/optimization_utils.py:655:::  
Repetition no. 0


/home/daniel.z/ICML_PIECLAM_020425/experiments/../trainer.py:161:::  

Using dataset specific configuration and not global 




/home/daniel.z/ICML_PIECLAM_020425/experiments/../trainer.py:335:::  

 2025-05-24 02:44:11 starting optimization of bigclam on photo on device cuda

 configs_dict: 
{
    "clamiter_init": {
        "dim_feat": 60,
        "dim_attr": 500,
        "s_reg": 0.0,
        "l1_reg": 1,
        "T": 1,
        "hidden_dim": 64,
        "num_coupling_blocks": 32,
        "num_layers_mlp": 2
    },
    "feat_opt": {
        "lr": 3e-06,
        "n_iter": 7000,
        "early_stop": 0
    }
}


/home/daniel.z/ICML_PIECLAM_020425/experiments/../clamiter.py:365:::  
staring fit_feats for 7000 iterations


/home/daniel.z/ICML_PIECLAM_020425/experiments/../trainer.py:454:::  

train_model_on_params on bigclam photo 
took 38.31583619117737 seconds


/home/daniel.z/ICML_PIECLAM_020425/experiments/optimization_utils.py:655:::  
Repetition no. 1


/home/daniel.z/ICML_PIECLAM_020425/experiments/../trainer.py:161:::  

Using dataset specific configuration and not global 




/home/daniel.z/ICML_PIECLAM_020425/experiments/../trainer.py:335:::  

 2025-05-24 02:44:50 starting optimization of bigclam on photo on device cuda

 configs_dict: 
{
    "clamiter_init": {
        "dim_feat": 60,
        "dim_attr": 500,
        "s_reg": 0.0,
        "l1_reg": 1,
        "T": 1,
        "hidden_dim": 64,
        "num_coupling_blocks": 32,
        "num_layers_mlp": 2
    },
    "feat_opt": {
        "lr": 3e-06,
        "n_iter": 7000,
        "early_stop": 0
    }
}


/home/daniel.z/ICML_PIECLAM_020425/experiments/../clamiter.py:365:::  
staring fit_feats for 7000 iterations


/home/daniel.z/ICML_PIECLAM_020425/experiments/../trainer.py:454:::  

train_model_on_params on bigclam photo 
took 38.33806586265564 seconds


/home/daniel.z/ICML_PIECLAM_020425/experiments/optimization_utils.py:655:::  
Repetition no. 2


/home/daniel.z/ICML_PIECLAM_020425/experiments/../trainer.py:161:::  

Using dataset specific configuration and not global 




/home/daniel.z/ICML_PIECLAM_020425/experiments/../trainer.py:335:::  

 2025-05-24 02:45:29 starting optimization of bigclam on photo on device cuda

 configs_dict: 
{
    "clamiter_init": {
        "dim_feat": 60,
        "dim_attr": 500,
        "s_reg": 0.0,
        "l1_reg": 1,
        "T": 1,
        "hidden_dim": 64,
        "num_coupling_blocks": 32,
        "num_layers_mlp": 2
    },
    "feat_opt": {
        "lr": 3e-06,
        "n_iter": 7000,
        "early_stop": 0
    }
}


/home/daniel.z/ICML_PIECLAM_020425/experiments/../clamiter.py:365:::  
staring fit_feats for 7000 iterations


/home/daniel.z/ICML_PIECLAM_020425/experiments/../trainer.py:454:::  

train_model_on_params on bigclam photo 
took 38.33848023414612 seconds


/home/daniel.z/ICML_PIECLAM_020425/experiments/optimization_utils.py:655:::  
Repetition no. 0


/home/daniel.z/ICML_PIECLAM_020425/experiments/../trainer.py:161:::  

Using dataset specific configuration and not global 




/home/daniel.z/ICML_PIECLAM_020425/experiments/../trainer.py:335:::  

 2025-05-24 02:46:07 starting optimization of bigclam on photo on device cuda

 configs_dict: 
{
    "clamiter_init": {
        "dim_feat": 40,
        "dim_attr": 500,
        "s_reg": 0.0,
        "l1_reg": 1,
        "T": 1,
        "hidden_dim": 64,
        "num_coupling_blocks": 32,
        "num_layers_mlp": 2
    },
    "feat_opt": {
        "lr": 2e-06,
        "n_iter": 13000,
        "early_stop": 0
    }
}


/home/daniel.z/ICML_PIECLAM_020425/experiments/../clamiter.py:365:::  
staring fit_feats for 13000 iterations


/home/daniel.z/ICML_PIECLAM_020425/experiments/../trainer.py:454:::  

train_model_on_params on bigclam photo 
took 51.887346029281616 seconds


/home/daniel.z/ICML_PIECLAM_020425/experiments/optimization_utils.py:655:::  
Repetition no. 1


/home/daniel.z/ICML_PIECLAM_020425/experiments/../trainer.py:161:::  

Using dataset specific configuration and not global 




/home/daniel.z/ICML_PIECLAM_020425/experiments/../trainer.py:335:::  

 2025-05-24 02:47:00 starting optimization of bigclam on photo on device cuda

 configs_dict: 
{
    "clamiter_init": {
        "dim_feat": 40,
        "dim_attr": 500,
        "s_reg": 0.0,
        "l1_reg": 1,
        "T": 1,
        "hidden_dim": 64,
        "num_coupling_blocks": 32,
        "num_layers_mlp": 2
    },
    "feat_opt": {
        "lr": 2e-06,
        "n_iter": 13000,
        "early_stop": 0
    }
}


/home/daniel.z/ICML_PIECLAM_020425/experiments/../clamiter.py:365:::  
staring fit_feats for 13000 iterations


/home/daniel.z/ICML_PIECLAM_020425/experiments/../trainer.py:454:::  

train_model_on_params on bigclam photo 
took 51.858750104904175 seconds


/home/daniel.z/ICML_PIECLAM_020425/experiments/optimization_utils.py:655:::  
Repetition no. 2


/home/daniel.z/ICML_PIECLAM_020425/experiments/../trainer.py:161:::  

Using dataset specific configuration and not global 




/home/daniel.z/ICML_PIECLAM_020425/experiments/../trainer.py:335:::  

 2025-05-24 02:47:52 starting optimization of bigclam on photo on device cuda

 configs_dict: 
{
    "clamiter_init": {
        "dim_feat": 40,
        "dim_attr": 500,
        "s_reg": 0.0,
        "l1_reg": 1,
        "T": 1,
        "hidden_dim": 64,
        "num_coupling_blocks": 32,
        "num_layers_mlp": 2
    },
    "feat_opt": {
        "lr": 2e-06,
        "n_iter": 13000,
        "early_stop": 0
    }
}


/home/daniel.z/ICML_PIECLAM_020425/experiments/../clamiter.py:365:::  
staring fit_feats for 13000 iterations


/home/daniel.z/ICML_PIECLAM_020425/experiments/../trainer.py:454:::  

train_model_on_params on bigclam photo 
took 51.96347904205322 seconds


/home/daniel.z/ICML_PIECLAM_020425/experiments/optimization_utils.py:655:::  
Repetition no. 0


/home/daniel.z/ICML_PIECLAM_020425/experiments/../trainer.py:161:::  

Using dataset specific configuration and not global 




/home/daniel.z/ICML_PIECLAM_020425/experiments/../trainer.py:335:::  

 2025-05-24 02:48:44 starting optimization of bigclam on photo on device cuda

 configs_dict: 
{
    "clamiter_init": {
        "dim_feat": 40,
        "dim_attr": 500,
        "s_reg": 0.0,
        "l1_reg": 1,
        "T": 1,
        "hidden_dim": 64,
        "num_coupling_blocks": 32,
        "num_layers_mlp": 2
    },
    "feat_opt": {
        "lr": 5e-06,
        "n_iter": 10000,
        "early_stop": 0
    }
}


/home/daniel.z/ICML_PIECLAM_020425/experiments/../clamiter.py:365:::  
staring fit_feats for 10000 iterations


/home/daniel.z/ICML_PIECLAM_020425/experiments/../trainer.py:454:::  

train_model_on_params on bigclam photo 
took 39.96188402175903 seconds


/home/daniel.z/ICML_PIECLAM_020425/experiments/optimization_utils.py:655:::  
Repetition no. 1


/home/daniel.z/ICML_PIECLAM_020425/experiments/../trainer.py:161:::  

Using dataset specific configuration and not global 




/home/daniel.z/ICML_PIECLAM_020425/experiments/../trainer.py:335:::  

 2025-05-24 02:49:24 starting optimization of bigclam on photo on device cuda

 configs_dict: 
{
    "clamiter_init": {
        "dim_feat": 40,
        "dim_attr": 500,
        "s_reg": 0.0,
        "l1_reg": 1,
        "T": 1,
        "hidden_dim": 64,
        "num_coupling_blocks": 32,
        "num_layers_mlp": 2
    },
    "feat_opt": {
        "lr": 5e-06,
        "n_iter": 10000,
        "early_stop": 0
    }
}


/home/daniel.z/ICML_PIECLAM_020425/experiments/../clamiter.py:365:::  
staring fit_feats for 10000 iterations


/home/daniel.z/ICML_PIECLAM_020425/experiments/../trainer.py:454:::  

train_model_on_params on bigclam photo 
took 40.042596101760864 seconds


/home/daniel.z/ICML_PIECLAM_020425/experiments/optimization_utils.py:655:::  
Repetition no. 2


/home/daniel.z/ICML_PIECLAM_020425/experiments/../trainer.py:161:::  

Using dataset specific configuration and not global 




/home/daniel.z/ICML_PIECLAM_020425/experiments/../trainer.py:335:::  

 2025-05-24 02:50:05 starting optimization of bigclam on photo on device cuda

 configs_dict: 
{
    "clamiter_init": {
        "dim_feat": 40,
        "dim_attr": 500,
        "s_reg": 0.0,
        "l1_reg": 1,
        "T": 1,
        "hidden_dim": 64,
        "num_coupling_blocks": 32,
        "num_layers_mlp": 2
    },
    "feat_opt": {
        "lr": 5e-06,
        "n_iter": 10000,
        "early_stop": 0
    }
}


/home/daniel.z/ICML_PIECLAM_020425/experiments/../clamiter.py:365:::  
staring fit_feats for 10000 iterations


/home/daniel.z/ICML_PIECLAM_020425/experiments/../trainer.py:454:::  

train_model_on_params on bigclam photo 
took 40.068671226501465 seconds


/home/daniel.z/ICML_PIECLAM_020425/experiments/optimization_utils.py:655:::  
Repetition no. 0


/home/daniel.z/ICML_PIECLAM_020425/experiments/../trainer.py:161:::  

Using dataset specific configuration and not global 




/home/daniel.z/ICML_PIECLAM_020425/experiments/../trainer.py:335:::  

 2025-05-24 02:50:45 starting optimization of bigclam on photo on device cuda

 configs_dict: 
{
    "clamiter_init": {
        "dim_feat": 50,
        "dim_attr": 500,
        "s_reg": 0.0,
        "l1_reg": 1,
        "T": 1,
        "hidden_dim": 64,
        "num_coupling_blocks": 32,
        "num_layers_mlp": 2
    },
    "feat_opt": {
        "lr": 3e-06,
        "n_iter": 7000,
        "early_stop": 0
    }
}


/home/daniel.z/ICML_PIECLAM_020425/experiments/../clamiter.py:365:::  
staring fit_feats for 7000 iterations


/home/daniel.z/ICML_PIECLAM_020425/experiments/../trainer.py:454:::  

train_model_on_params on bigclam photo 
took 33.4475040435791 seconds


/home/daniel.z/ICML_PIECLAM_020425/experiments/optimization_utils.py:655:::  
Repetition no. 1


/home/daniel.z/ICML_PIECLAM_020425/experiments/../trainer.py:161:::  

Using dataset specific configuration and not global 




/home/daniel.z/ICML_PIECLAM_020425/experiments/../trainer.py:335:::  

 2025-05-24 02:51:19 starting optimization of bigclam on photo on device cuda

 configs_dict: 
{
    "clamiter_init": {
        "dim_feat": 50,
        "dim_attr": 500,
        "s_reg": 0.0,
        "l1_reg": 1,
        "T": 1,
        "hidden_dim": 64,
        "num_coupling_blocks": 32,
        "num_layers_mlp": 2
    },
    "feat_opt": {
        "lr": 3e-06,
        "n_iter": 7000,
        "early_stop": 0
    }
}


/home/daniel.z/ICML_PIECLAM_020425/experiments/../clamiter.py:365:::  
staring fit_feats for 7000 iterations


/home/daniel.z/ICML_PIECLAM_020425/experiments/../trainer.py:454:::  

train_model_on_params on bigclam photo 
took 33.44952321052551 seconds


/home/daniel.z/ICML_PIECLAM_020425/experiments/optimization_utils.py:655:::  
Repetition no. 2


/home/daniel.z/ICML_PIECLAM_020425/experiments/../trainer.py:161:::  

Using dataset specific configuration and not global 




/home/daniel.z/ICML_PIECLAM_020425/experiments/../trainer.py:335:::  

 2025-05-24 02:51:53 starting optimization of bigclam on photo on device cuda

 configs_dict: 
{
    "clamiter_init": {
        "dim_feat": 50,
        "dim_attr": 500,
        "s_reg": 0.0,
        "l1_reg": 1,
        "T": 1,
        "hidden_dim": 64,
        "num_coupling_blocks": 32,
        "num_layers_mlp": 2
    },
    "feat_opt": {
        "lr": 3e-06,
        "n_iter": 7000,
        "early_stop": 0
    }
}


/home/daniel.z/ICML_PIECLAM_020425/experiments/../clamiter.py:365:::  
staring fit_feats for 7000 iterations


/home/daniel.z/ICML_PIECLAM_020425/experiments/../trainer.py:454:::  

train_model_on_params on bigclam photo 
took 33.46106815338135 seconds


/home/daniel.z/ICML_PIECLAM_020425/experiments/optimization_utils.py:655:::  
Repetition no. 0


/home/daniel.z/ICML_PIECLAM_020425/experiments/../trainer.py:161:::  

Using dataset specific configuration and not global 




/home/daniel.z/ICML_PIECLAM_020425/experiments/../trainer.py:335:::  

 2025-05-24 02:52:26 starting optimization of bigclam on photo on device cuda

 configs_dict: 
{
    "clamiter_init": {
        "dim_feat": 50,
        "dim_attr": 500,
        "s_reg": 0.0,
        "l1_reg": 1,
        "T": 1,
        "hidden_dim": 64,
        "num_coupling_blocks": 32,
        "num_layers_mlp": 2
    },
    "feat_opt": {
        "lr": 2e-06,
        "n_iter": 13000,
        "early_stop": 0
    }
}


/home/daniel.z/ICML_PIECLAM_020425/experiments/../clamiter.py:365:::  
staring fit_feats for 13000 iterations


/home/daniel.z/ICML_PIECLAM_020425/experiments/../trainer.py:454:::  

train_model_on_params on bigclam photo 
took 61.92033410072327 seconds


/home/daniel.z/ICML_PIECLAM_020425/experiments/optimization_utils.py:655:::  
Repetition no. 1


/home/daniel.z/ICML_PIECLAM_020425/experiments/../trainer.py:161:::  

Using dataset specific configuration and not global 




/home/daniel.z/ICML_PIECLAM_020425/experiments/../trainer.py:335:::  

 2025-05-24 02:53:29 starting optimization of bigclam on photo on device cuda

 configs_dict: 
{
    "clamiter_init": {
        "dim_feat": 50,
        "dim_attr": 500,
        "s_reg": 0.0,
        "l1_reg": 1,
        "T": 1,
        "hidden_dim": 64,
        "num_coupling_blocks": 32,
        "num_layers_mlp": 2
    },
    "feat_opt": {
        "lr": 2e-06,
        "n_iter": 13000,
        "early_stop": 0
    }
}


/home/daniel.z/ICML_PIECLAM_020425/experiments/../clamiter.py:365:::  
staring fit_feats for 13000 iterations


/home/daniel.z/ICML_PIECLAM_020425/experiments/../trainer.py:454:::  

train_model_on_params on bigclam photo 
took 61.84652280807495 seconds


/home/daniel.z/ICML_PIECLAM_020425/experiments/optimization_utils.py:655:::  
Repetition no. 2


/home/daniel.z/ICML_PIECLAM_020425/experiments/../trainer.py:161:::  

Using dataset specific configuration and not global 




/home/daniel.z/ICML_PIECLAM_020425/experiments/../trainer.py:335:::  

 2025-05-24 02:54:31 starting optimization of bigclam on photo on device cuda

 configs_dict: 
{
    "clamiter_init": {
        "dim_feat": 50,
        "dim_attr": 500,
        "s_reg": 0.0,
        "l1_reg": 1,
        "T": 1,
        "hidden_dim": 64,
        "num_coupling_blocks": 32,
        "num_layers_mlp": 2
    },
    "feat_opt": {
        "lr": 2e-06,
        "n_iter": 13000,
        "early_stop": 0
    }
}


/home/daniel.z/ICML_PIECLAM_020425/experiments/../clamiter.py:365:::  
staring fit_feats for 13000 iterations


/home/daniel.z/ICML_PIECLAM_020425/experiments/../trainer.py:454:::  

train_model_on_params on bigclam photo 
took 61.90814924240112 seconds


/home/daniel.z/ICML_PIECLAM_020425/experiments/optimization_utils.py:655:::  
Repetition no. 0


/home/daniel.z/ICML_PIECLAM_020425/experiments/../trainer.py:161:::  

Using dataset specific configuration and not global 




/home/daniel.z/ICML_PIECLAM_020425/experiments/../trainer.py:335:::  

 2025-05-24 02:55:33 starting optimization of bigclam on photo on device cuda

 configs_dict: 
{
    "clamiter_init": {
        "dim_feat": 60,
        "dim_attr": 500,
        "s_reg": 0.0,
        "l1_reg": 1,
        "T": 1,
        "hidden_dim": 64,
        "num_coupling_blocks": 32,
        "num_layers_mlp": 2
    },
    "feat_opt": {
        "lr": 3e-06,
        "n_iter": 10000,
        "early_stop": 0
    }
}


/home/daniel.z/ICML_PIECLAM_020425/experiments/../clamiter.py:365:::  
staring fit_feats for 10000 iterations


/home/daniel.z/ICML_PIECLAM_020425/experiments/../trainer.py:454:::  

train_model_on_params on bigclam photo 
took 54.67213821411133 seconds


/home/daniel.z/ICML_PIECLAM_020425/experiments/optimization_utils.py:655:::  
Repetition no. 1


/home/daniel.z/ICML_PIECLAM_020425/experiments/../trainer.py:161:::  

Using dataset specific configuration and not global 




/home/daniel.z/ICML_PIECLAM_020425/experiments/../trainer.py:335:::  

 2025-05-24 02:56:28 starting optimization of bigclam on photo on device cuda

 configs_dict: 
{
    "clamiter_init": {
        "dim_feat": 60,
        "dim_attr": 500,
        "s_reg": 0.0,
        "l1_reg": 1,
        "T": 1,
        "hidden_dim": 64,
        "num_coupling_blocks": 32,
        "num_layers_mlp": 2
    },
    "feat_opt": {
        "lr": 3e-06,
        "n_iter": 10000,
        "early_stop": 0
    }
}


/home/daniel.z/ICML_PIECLAM_020425/experiments/../clamiter.py:365:::  
staring fit_feats for 10000 iterations


/home/daniel.z/ICML_PIECLAM_020425/experiments/../trainer.py:454:::  

train_model_on_params on bigclam photo 
took 54.715445041656494 seconds


/home/daniel.z/ICML_PIECLAM_020425/experiments/optimization_utils.py:655:::  
Repetition no. 2


/home/daniel.z/ICML_PIECLAM_020425/experiments/../trainer.py:161:::  

Using dataset specific configuration and not global 




/home/daniel.z/ICML_PIECLAM_020425/experiments/../trainer.py:335:::  

 2025-05-24 02:57:23 starting optimization of bigclam on photo on device cuda

 configs_dict: 
{
    "clamiter_init": {
        "dim_feat": 60,
        "dim_attr": 500,
        "s_reg": 0.0,
        "l1_reg": 1,
        "T": 1,
        "hidden_dim": 64,
        "num_coupling_blocks": 32,
        "num_layers_mlp": 2
    },
    "feat_opt": {
        "lr": 3e-06,
        "n_iter": 10000,
        "early_stop": 0
    }
}


/home/daniel.z/ICML_PIECLAM_020425/experiments/../clamiter.py:365:::  
staring fit_feats for 10000 iterations


/home/daniel.z/ICML_PIECLAM_020425/experiments/../trainer.py:454:::  

train_model_on_params on bigclam photo 
took 54.49436116218567 seconds


/home/daniel.z/ICML_PIECLAM_020425/experiments/optimization_utils.py:655:::  
Repetition no. 0


/home/daniel.z/ICML_PIECLAM_020425/experiments/../trainer.py:161:::  

Using dataset specific configuration and not global 




/home/daniel.z/ICML_PIECLAM_020425/experiments/../trainer.py:335:::  

 2025-05-24 02:58:18 starting optimization of bigclam on photo on device cuda

 configs_dict: 
{
    "clamiter_init": {
        "dim_feat": 50,
        "dim_attr": 500,
        "s_reg": 0.0,
        "l1_reg": 1,
        "T": 1,
        "hidden_dim": 64,
        "num_coupling_blocks": 32,
        "num_layers_mlp": 2
    },
    "feat_opt": {
        "lr": 5e-06,
        "n_iter": 7000,
        "early_stop": 0
    }
}


/home/daniel.z/ICML_PIECLAM_020425/experiments/../clamiter.py:365:::  
staring fit_feats for 7000 iterations


/home/daniel.z/ICML_PIECLAM_020425/experiments/../trainer.py:454:::  

train_model_on_params on bigclam photo 
took 33.100961446762085 seconds


/home/daniel.z/ICML_PIECLAM_020425/experiments/optimization_utils.py:655:::  
Repetition no. 1


/home/daniel.z/ICML_PIECLAM_020425/experiments/../trainer.py:161:::  

Using dataset specific configuration and not global 




/home/daniel.z/ICML_PIECLAM_020425/experiments/../trainer.py:335:::  

 2025-05-24 02:58:51 starting optimization of bigclam on photo on device cuda

 configs_dict: 
{
    "clamiter_init": {
        "dim_feat": 50,
        "dim_attr": 500,
        "s_reg": 0.0,
        "l1_reg": 1,
        "T": 1,
        "hidden_dim": 64,
        "num_coupling_blocks": 32,
        "num_layers_mlp": 2
    },
    "feat_opt": {
        "lr": 5e-06,
        "n_iter": 7000,
        "early_stop": 0
    }
}


/home/daniel.z/ICML_PIECLAM_020425/experiments/../clamiter.py:365:::  
staring fit_feats for 7000 iterations


/home/daniel.z/ICML_PIECLAM_020425/experiments/../trainer.py:454:::  

train_model_on_params on bigclam photo 
took 33.088462352752686 seconds


/home/daniel.z/ICML_PIECLAM_020425/experiments/optimization_utils.py:655:::  
Repetition no. 2


/home/daniel.z/ICML_PIECLAM_020425/experiments/../trainer.py:161:::  

Using dataset specific configuration and not global 




/home/daniel.z/ICML_PIECLAM_020425/experiments/../trainer.py:335:::  

 2025-05-24 02:59:24 starting optimization of bigclam on photo on device cuda

 configs_dict: 
{
    "clamiter_init": {
        "dim_feat": 50,
        "dim_attr": 500,
        "s_reg": 0.0,
        "l1_reg": 1,
        "T": 1,
        "hidden_dim": 64,
        "num_coupling_blocks": 32,
        "num_layers_mlp": 2
    },
    "feat_opt": {
        "lr": 5e-06,
        "n_iter": 7000,
        "early_stop": 0
    }
}


/home/daniel.z/ICML_PIECLAM_020425/experiments/../clamiter.py:365:::  
staring fit_feats for 7000 iterations


/home/daniel.z/ICML_PIECLAM_020425/experiments/../trainer.py:454:::  

train_model_on_params on bigclam photo 
took 33.1254518032074 seconds


/home/daniel.z/ICML_PIECLAM_020425/experiments/optimization_utils.py:655:::  
Repetition no. 0


/home/daniel.z/ICML_PIECLAM_020425/experiments/../trainer.py:161:::  

Using dataset specific configuration and not global 




/home/daniel.z/ICML_PIECLAM_020425/experiments/../trainer.py:335:::  

 2025-05-24 02:59:58 starting optimization of bigclam on photo on device cuda

 configs_dict: 
{
    "clamiter_init": {
        "dim_feat": 60,
        "dim_attr": 500,
        "s_reg": 0.0,
        "l1_reg": 1,
        "T": 1,
        "hidden_dim": 64,
        "num_coupling_blocks": 32,
        "num_layers_mlp": 2
    },
    "feat_opt": {
        "lr": 2e-06,
        "n_iter": 7000,
        "early_stop": 0
    }
}


/home/daniel.z/ICML_PIECLAM_020425/experiments/../clamiter.py:365:::  
staring fit_feats for 7000 iterations


/home/daniel.z/ICML_PIECLAM_020425/experiments/../trainer.py:454:::  

train_model_on_params on bigclam photo 
took 38.12793803215027 seconds


/home/daniel.z/ICML_PIECLAM_020425/experiments/optimization_utils.py:655:::  
Repetition no. 1


/home/daniel.z/ICML_PIECLAM_020425/experiments/../trainer.py:161:::  

Using dataset specific configuration and not global 




/home/daniel.z/ICML_PIECLAM_020425/experiments/../trainer.py:335:::  

 2025-05-24 03:00:36 starting optimization of bigclam on photo on device cuda

 configs_dict: 
{
    "clamiter_init": {
        "dim_feat": 60,
        "dim_attr": 500,
        "s_reg": 0.0,
        "l1_reg": 1,
        "T": 1,
        "hidden_dim": 64,
        "num_coupling_blocks": 32,
        "num_layers_mlp": 2
    },
    "feat_opt": {
        "lr": 2e-06,
        "n_iter": 7000,
        "early_stop": 0
    }
}


/home/daniel.z/ICML_PIECLAM_020425/experiments/../clamiter.py:365:::  
staring fit_feats for 7000 iterations


/home/daniel.z/ICML_PIECLAM_020425/experiments/../trainer.py:454:::  

train_model_on_params on bigclam photo 
took 38.14736723899841 seconds


/home/daniel.z/ICML_PIECLAM_020425/experiments/optimization_utils.py:655:::  
Repetition no. 2


/home/daniel.z/ICML_PIECLAM_020425/experiments/../trainer.py:161:::  

Using dataset specific configuration and not global 




/home/daniel.z/ICML_PIECLAM_020425/experiments/../trainer.py:335:::  

 2025-05-24 03:01:15 starting optimization of bigclam on photo on device cuda

 configs_dict: 
{
    "clamiter_init": {
        "dim_feat": 60,
        "dim_attr": 500,
        "s_reg": 0.0,
        "l1_reg": 1,
        "T": 1,
        "hidden_dim": 64,
        "num_coupling_blocks": 32,
        "num_layers_mlp": 2
    },
    "feat_opt": {
        "lr": 2e-06,
        "n_iter": 7000,
        "early_stop": 0
    }
}


/home/daniel.z/ICML_PIECLAM_020425/experiments/../clamiter.py:365:::  
staring fit_feats for 7000 iterations


/home/daniel.z/ICML_PIECLAM_020425/experiments/../trainer.py:454:::  

train_model_on_params on bigclam photo 
took 38.154093742370605 seconds


/home/daniel.z/ICML_PIECLAM_020425/experiments/optimization_utils.py:655:::  
Repetition no. 0


/home/daniel.z/ICML_PIECLAM_020425/experiments/../trainer.py:161:::  

Using dataset specific configuration and not global 




/home/daniel.z/ICML_PIECLAM_020425/experiments/../trainer.py:335:::  

 2025-05-24 03:01:53 starting optimization of bigclam on photo on device cuda

 configs_dict: 
{
    "clamiter_init": {
        "dim_feat": 40,
        "dim_attr": 500,
        "s_reg": 0.0,
        "l1_reg": 1,
        "T": 1,
        "hidden_dim": 64,
        "num_coupling_blocks": 32,
        "num_layers_mlp": 2
    },
    "feat_opt": {
        "lr": 3e-06,
        "n_iter": 7000,
        "early_stop": 0
    }
}


/home/daniel.z/ICML_PIECLAM_020425/experiments/../clamiter.py:365:::  
staring fit_feats for 7000 iterations


/home/daniel.z/ICML_PIECLAM_020425/experiments/../trainer.py:454:::  

train_model_on_params on bigclam photo 
took 27.82520604133606 seconds


/home/daniel.z/ICML_PIECLAM_020425/experiments/optimization_utils.py:655:::  
Repetition no. 1


/home/daniel.z/ICML_PIECLAM_020425/experiments/../trainer.py:161:::  

Using dataset specific configuration and not global 




/home/daniel.z/ICML_PIECLAM_020425/experiments/../trainer.py:335:::  

 2025-05-24 03:02:21 starting optimization of bigclam on photo on device cuda

 configs_dict: 
{
    "clamiter_init": {
        "dim_feat": 40,
        "dim_attr": 500,
        "s_reg": 0.0,
        "l1_reg": 1,
        "T": 1,
        "hidden_dim": 64,
        "num_coupling_blocks": 32,
        "num_layers_mlp": 2
    },
    "feat_opt": {
        "lr": 3e-06,
        "n_iter": 7000,
        "early_stop": 0
    }
}


/home/daniel.z/ICML_PIECLAM_020425/experiments/../clamiter.py:365:::  
staring fit_feats for 7000 iterations


/home/daniel.z/ICML_PIECLAM_020425/experiments/../trainer.py:454:::  

train_model_on_params on bigclam photo 
took 27.834324598312378 seconds


/home/daniel.z/ICML_PIECLAM_020425/experiments/optimization_utils.py:655:::  
Repetition no. 2


/home/daniel.z/ICML_PIECLAM_020425/experiments/../trainer.py:161:::  

Using dataset specific configuration and not global 




/home/daniel.z/ICML_PIECLAM_020425/experiments/../trainer.py:335:::  

 2025-05-24 03:02:49 starting optimization of bigclam on photo on device cuda

 configs_dict: 
{
    "clamiter_init": {
        "dim_feat": 40,
        "dim_attr": 500,
        "s_reg": 0.0,
        "l1_reg": 1,
        "T": 1,
        "hidden_dim": 64,
        "num_coupling_blocks": 32,
        "num_layers_mlp": 2
    },
    "feat_opt": {
        "lr": 3e-06,
        "n_iter": 7000,
        "early_stop": 0
    }
}


/home/daniel.z/ICML_PIECLAM_020425/experiments/../clamiter.py:365:::  
staring fit_feats for 7000 iterations


/home/daniel.z/ICML_PIECLAM_020425/experiments/../trainer.py:454:::  

train_model_on_params on bigclam photo 
took 27.816203355789185 seconds


/home/daniel.z/ICML_PIECLAM_020425/experiments/optimization_utils.py:655:::  
Repetition no. 0


/home/daniel.z/ICML_PIECLAM_020425/experiments/../trainer.py:161:::  

Using dataset specific configuration and not global 




/home/daniel.z/ICML_PIECLAM_020425/experiments/../trainer.py:335:::  

 2025-05-24 03:03:17 starting optimization of bigclam on photo on device cuda

 configs_dict: 
{
    "clamiter_init": {
        "dim_feat": 50,
        "dim_attr": 500,
        "s_reg": 0.0,
        "l1_reg": 1,
        "T": 1,
        "hidden_dim": 64,
        "num_coupling_blocks": 32,
        "num_layers_mlp": 2
    },
    "feat_opt": {
        "lr": 5e-06,
        "n_iter": 10000,
        "early_stop": 0
    }
}


/home/daniel.z/ICML_PIECLAM_020425/experiments/../clamiter.py:365:::  
staring fit_feats for 10000 iterations


/home/daniel.z/ICML_PIECLAM_020425/experiments/../trainer.py:454:::  

train_model_on_params on bigclam photo 
took 47.30431413650513 seconds


/home/daniel.z/ICML_PIECLAM_020425/experiments/optimization_utils.py:655:::  
Repetition no. 1


/home/daniel.z/ICML_PIECLAM_020425/experiments/../trainer.py:161:::  

Using dataset specific configuration and not global 




/home/daniel.z/ICML_PIECLAM_020425/experiments/../trainer.py:335:::  

 2025-05-24 03:04:05 starting optimization of bigclam on photo on device cuda

 configs_dict: 
{
    "clamiter_init": {
        "dim_feat": 50,
        "dim_attr": 500,
        "s_reg": 0.0,
        "l1_reg": 1,
        "T": 1,
        "hidden_dim": 64,
        "num_coupling_blocks": 32,
        "num_layers_mlp": 2
    },
    "feat_opt": {
        "lr": 5e-06,
        "n_iter": 10000,
        "early_stop": 0
    }
}


/home/daniel.z/ICML_PIECLAM_020425/experiments/../clamiter.py:365:::  
staring fit_feats for 10000 iterations


/home/daniel.z/ICML_PIECLAM_020425/experiments/../trainer.py:454:::  

train_model_on_params on bigclam photo 
took 47.27117085456848 seconds


/home/daniel.z/ICML_PIECLAM_020425/experiments/optimization_utils.py:655:::  
Repetition no. 2


/home/daniel.z/ICML_PIECLAM_020425/experiments/../trainer.py:161:::  

Using dataset specific configuration and not global 




/home/daniel.z/ICML_PIECLAM_020425/experiments/../trainer.py:335:::  

 2025-05-24 03:04:53 starting optimization of bigclam on photo on device cuda

 configs_dict: 
{
    "clamiter_init": {
        "dim_feat": 50,
        "dim_attr": 500,
        "s_reg": 0.0,
        "l1_reg": 1,
        "T": 1,
        "hidden_dim": 64,
        "num_coupling_blocks": 32,
        "num_layers_mlp": 2
    },
    "feat_opt": {
        "lr": 5e-06,
        "n_iter": 10000,
        "early_stop": 0
    }
}


/home/daniel.z/ICML_PIECLAM_020425/experiments/../clamiter.py:365:::  
staring fit_feats for 10000 iterations


/home/daniel.z/ICML_PIECLAM_020425/experiments/../trainer.py:454:::  

train_model_on_params on bigclam photo 
took 47.27284502983093 seconds


/home/daniel.z/ICML_PIECLAM_020425/experiments/optimization_utils.py:655:::  
Repetition no. 0


/home/daniel.z/ICML_PIECLAM_020425/experiments/../trainer.py:161:::  

Using dataset specific configuration and not global 




/home/daniel.z/ICML_PIECLAM_020425/experiments/../trainer.py:335:::  

 2025-05-24 03:05:40 starting optimization of bigclam on photo on device cuda

 configs_dict: 
{
    "clamiter_init": {
        "dim_feat": 60,
        "dim_attr": 500,
        "s_reg": 0.0,
        "l1_reg": 1,
        "T": 1,
        "hidden_dim": 64,
        "num_coupling_blocks": 32,
        "num_layers_mlp": 2
    },
    "feat_opt": {
        "lr": 2e-06,
        "n_iter": 13000,
        "early_stop": 0
    }
}


/home/daniel.z/ICML_PIECLAM_020425/experiments/../clamiter.py:365:::  
staring fit_feats for 13000 iterations


/home/daniel.z/ICML_PIECLAM_020425/experiments/../trainer.py:454:::  

train_model_on_params on bigclam photo 
took 70.57921886444092 seconds


/home/daniel.z/ICML_PIECLAM_020425/experiments/optimization_utils.py:655:::  
Repetition no. 1


/home/daniel.z/ICML_PIECLAM_020425/experiments/../trainer.py:161:::  

Using dataset specific configuration and not global 




/home/daniel.z/ICML_PIECLAM_020425/experiments/../trainer.py:335:::  

 2025-05-24 03:06:51 starting optimization of bigclam on photo on device cuda

 configs_dict: 
{
    "clamiter_init": {
        "dim_feat": 60,
        "dim_attr": 500,
        "s_reg": 0.0,
        "l1_reg": 1,
        "T": 1,
        "hidden_dim": 64,
        "num_coupling_blocks": 32,
        "num_layers_mlp": 2
    },
    "feat_opt": {
        "lr": 2e-06,
        "n_iter": 13000,
        "early_stop": 0
    }
}


/home/daniel.z/ICML_PIECLAM_020425/experiments/../clamiter.py:365:::  
staring fit_feats for 13000 iterations


/home/daniel.z/ICML_PIECLAM_020425/experiments/../trainer.py:454:::  

train_model_on_params on bigclam photo 
took 70.55199837684631 seconds


/home/daniel.z/ICML_PIECLAM_020425/experiments/optimization_utils.py:655:::  
Repetition no. 2


/home/daniel.z/ICML_PIECLAM_020425/experiments/../trainer.py:161:::  

Using dataset specific configuration and not global 




/home/daniel.z/ICML_PIECLAM_020425/experiments/../trainer.py:335:::  

 2025-05-24 03:08:02 starting optimization of bigclam on photo on device cuda

 configs_dict: 
{
    "clamiter_init": {
        "dim_feat": 60,
        "dim_attr": 500,
        "s_reg": 0.0,
        "l1_reg": 1,
        "T": 1,
        "hidden_dim": 64,
        "num_coupling_blocks": 32,
        "num_layers_mlp": 2
    },
    "feat_opt": {
        "lr": 2e-06,
        "n_iter": 13000,
        "early_stop": 0
    }
}


/home/daniel.z/ICML_PIECLAM_020425/experiments/../clamiter.py:365:::  
staring fit_feats for 13000 iterations


/home/daniel.z/ICML_PIECLAM_020425/experiments/../trainer.py:454:::  

train_model_on_params on bigclam photo 
took 70.51437854766846 seconds


/home/daniel.z/ICML_PIECLAM_020425/experiments/optimization_utils.py:655:::  
Repetition no. 0


/home/daniel.z/ICML_PIECLAM_020425/experiments/../trainer.py:161:::  

Using dataset specific configuration and not global 




/home/daniel.z/ICML_PIECLAM_020425/experiments/../trainer.py:335:::  

 2025-05-24 03:09:13 starting optimization of bigclam on photo on device cuda

 configs_dict: 
{
    "clamiter_init": {
        "dim_feat": 50,
        "dim_attr": 500,
        "s_reg": 0.0,
        "l1_reg": 1,
        "T": 1,
        "hidden_dim": 64,
        "num_coupling_blocks": 32,
        "num_layers_mlp": 2
    },
    "feat_opt": {
        "lr": 3e-06,
        "n_iter": 10000,
        "early_stop": 0
    }
}


/home/daniel.z/ICML_PIECLAM_020425/experiments/../clamiter.py:365:::  
staring fit_feats for 10000 iterations


/home/daniel.z/ICML_PIECLAM_020425/experiments/../trainer.py:454:::  

train_model_on_params on bigclam photo 
took 47.197986364364624 seconds


/home/daniel.z/ICML_PIECLAM_020425/experiments/optimization_utils.py:655:::  
Repetition no. 1


/home/daniel.z/ICML_PIECLAM_020425/experiments/../trainer.py:161:::  

Using dataset specific configuration and not global 




/home/daniel.z/ICML_PIECLAM_020425/experiments/../trainer.py:335:::  

 2025-05-24 03:10:00 starting optimization of bigclam on photo on device cuda

 configs_dict: 
{
    "clamiter_init": {
        "dim_feat": 50,
        "dim_attr": 500,
        "s_reg": 0.0,
        "l1_reg": 1,
        "T": 1,
        "hidden_dim": 64,
        "num_coupling_blocks": 32,
        "num_layers_mlp": 2
    },
    "feat_opt": {
        "lr": 3e-06,
        "n_iter": 10000,
        "early_stop": 0
    }
}


/home/daniel.z/ICML_PIECLAM_020425/experiments/../clamiter.py:365:::  
staring fit_feats for 10000 iterations


/home/daniel.z/ICML_PIECLAM_020425/experiments/../trainer.py:454:::  

train_model_on_params on bigclam photo 
took 47.224112033843994 seconds


/home/daniel.z/ICML_PIECLAM_020425/experiments/optimization_utils.py:655:::  
Repetition no. 2


/home/daniel.z/ICML_PIECLAM_020425/experiments/../trainer.py:161:::  

Using dataset specific configuration and not global 




/home/daniel.z/ICML_PIECLAM_020425/experiments/../trainer.py:335:::  

 2025-05-24 03:10:48 starting optimization of bigclam on photo on device cuda

 configs_dict: 
{
    "clamiter_init": {
        "dim_feat": 50,
        "dim_attr": 500,
        "s_reg": 0.0,
        "l1_reg": 1,
        "T": 1,
        "hidden_dim": 64,
        "num_coupling_blocks": 32,
        "num_layers_mlp": 2
    },
    "feat_opt": {
        "lr": 3e-06,
        "n_iter": 10000,
        "early_stop": 0
    }
}


/home/daniel.z/ICML_PIECLAM_020425/experiments/../clamiter.py:365:::  
staring fit_feats for 10000 iterations


/home/daniel.z/ICML_PIECLAM_020425/experiments/../trainer.py:454:::  

train_model_on_params on bigclam photo 
took 47.15046715736389 seconds


/home/daniel.z/ICML_PIECLAM_020425/experiments/optimization_utils.py:655:::  
Repetition no. 0


/home/daniel.z/ICML_PIECLAM_020425/experiments/../trainer.py:161:::  

Using dataset specific configuration and not global 




/home/daniel.z/ICML_PIECLAM_020425/experiments/../trainer.py:335:::  

 2025-05-24 03:11:35 starting optimization of bigclam on photo on device cuda

 configs_dict: 
{
    "clamiter_init": {
        "dim_feat": 40,
        "dim_attr": 500,
        "s_reg": 0.0,
        "l1_reg": 1,
        "T": 1,
        "hidden_dim": 64,
        "num_coupling_blocks": 32,
        "num_layers_mlp": 2
    },
    "feat_opt": {
        "lr": 5e-06,
        "n_iter": 7000,
        "early_stop": 0
    }
}


/home/daniel.z/ICML_PIECLAM_020425/experiments/../clamiter.py:365:::  
staring fit_feats for 7000 iterations


/home/daniel.z/ICML_PIECLAM_020425/experiments/../trainer.py:454:::  

train_model_on_params on bigclam photo 
took 27.750105142593384 seconds


/home/daniel.z/ICML_PIECLAM_020425/experiments/optimization_utils.py:655:::  
Repetition no. 1


/home/daniel.z/ICML_PIECLAM_020425/experiments/../trainer.py:161:::  

Using dataset specific configuration and not global 




/home/daniel.z/ICML_PIECLAM_020425/experiments/../trainer.py:335:::  

 2025-05-24 03:12:03 starting optimization of bigclam on photo on device cuda

 configs_dict: 
{
    "clamiter_init": {
        "dim_feat": 40,
        "dim_attr": 500,
        "s_reg": 0.0,
        "l1_reg": 1,
        "T": 1,
        "hidden_dim": 64,
        "num_coupling_blocks": 32,
        "num_layers_mlp": 2
    },
    "feat_opt": {
        "lr": 5e-06,
        "n_iter": 7000,
        "early_stop": 0
    }
}


/home/daniel.z/ICML_PIECLAM_020425/experiments/../clamiter.py:365:::  
staring fit_feats for 7000 iterations


/home/daniel.z/ICML_PIECLAM_020425/experiments/../trainer.py:454:::  

train_model_on_params on bigclam photo 
took 27.74571466445923 seconds


/home/daniel.z/ICML_PIECLAM_020425/experiments/optimization_utils.py:655:::  
Repetition no. 2


/home/daniel.z/ICML_PIECLAM_020425/experiments/../trainer.py:161:::  

Using dataset specific configuration and not global 




/home/daniel.z/ICML_PIECLAM_020425/experiments/../trainer.py:335:::  

 2025-05-24 03:12:31 starting optimization of bigclam on photo on device cuda

 configs_dict: 
{
    "clamiter_init": {
        "dim_feat": 40,
        "dim_attr": 500,
        "s_reg": 0.0,
        "l1_reg": 1,
        "T": 1,
        "hidden_dim": 64,
        "num_coupling_blocks": 32,
        "num_layers_mlp": 2
    },
    "feat_opt": {
        "lr": 5e-06,
        "n_iter": 7000,
        "early_stop": 0
    }
}


/home/daniel.z/ICML_PIECLAM_020425/experiments/../clamiter.py:365:::  
staring fit_feats for 7000 iterations


/home/daniel.z/ICML_PIECLAM_020425/experiments/../trainer.py:454:::  

train_model_on_params on bigclam photo 
took 27.776145458221436 seconds


/home/daniel.z/ICML_PIECLAM_020425/experiments/optimization_utils.py:655:::  
Repetition no. 0


/home/daniel.z/ICML_PIECLAM_020425/experiments/../trainer.py:161:::  

Using dataset specific configuration and not global 




/home/daniel.z/ICML_PIECLAM_020425/experiments/../trainer.py:335:::  

 2025-05-24 03:12:59 starting optimization of bigclam on photo on device cuda

 configs_dict: 
{
    "clamiter_init": {
        "dim_feat": 50,
        "dim_attr": 500,
        "s_reg": 0.0,
        "l1_reg": 1,
        "T": 1,
        "hidden_dim": 64,
        "num_coupling_blocks": 32,
        "num_layers_mlp": 2
    },
    "feat_opt": {
        "lr": 5e-06,
        "n_iter": 13000,
        "early_stop": 0
    }
}


/home/daniel.z/ICML_PIECLAM_020425/experiments/../clamiter.py:365:::  
staring fit_feats for 13000 iterations


/home/daniel.z/ICML_PIECLAM_020425/experiments/../trainer.py:454:::  

train_model_on_params on bigclam photo 
took 61.28851246833801 seconds


/home/daniel.z/ICML_PIECLAM_020425/experiments/optimization_utils.py:655:::  
Repetition no. 1


/home/daniel.z/ICML_PIECLAM_020425/experiments/../trainer.py:161:::  

Using dataset specific configuration and not global 




/home/daniel.z/ICML_PIECLAM_020425/experiments/../trainer.py:335:::  

 2025-05-24 03:14:01 starting optimization of bigclam on photo on device cuda

 configs_dict: 
{
    "clamiter_init": {
        "dim_feat": 50,
        "dim_attr": 500,
        "s_reg": 0.0,
        "l1_reg": 1,
        "T": 1,
        "hidden_dim": 64,
        "num_coupling_blocks": 32,
        "num_layers_mlp": 2
    },
    "feat_opt": {
        "lr": 5e-06,
        "n_iter": 13000,
        "early_stop": 0
    }
}


/home/daniel.z/ICML_PIECLAM_020425/experiments/../clamiter.py:365:::  
staring fit_feats for 13000 iterations


/home/daniel.z/ICML_PIECLAM_020425/experiments/../trainer.py:454:::  

train_model_on_params on bigclam photo 
took 61.27622103691101 seconds


/home/daniel.z/ICML_PIECLAM_020425/experiments/optimization_utils.py:655:::  
Repetition no. 2


/home/daniel.z/ICML_PIECLAM_020425/experiments/../trainer.py:161:::  

Using dataset specific configuration and not global 




/home/daniel.z/ICML_PIECLAM_020425/experiments/../trainer.py:335:::  

 2025-05-24 03:15:03 starting optimization of bigclam on photo on device cuda

 configs_dict: 
{
    "clamiter_init": {
        "dim_feat": 50,
        "dim_attr": 500,
        "s_reg": 0.0,
        "l1_reg": 1,
        "T": 1,
        "hidden_dim": 64,
        "num_coupling_blocks": 32,
        "num_layers_mlp": 2
    },
    "feat_opt": {
        "lr": 5e-06,
        "n_iter": 13000,
        "early_stop": 0
    }
}


/home/daniel.z/ICML_PIECLAM_020425/experiments/../clamiter.py:365:::  
staring fit_feats for 13000 iterations


/home/daniel.z/ICML_PIECLAM_020425/experiments/../trainer.py:454:::  

train_model_on_params on bigclam photo 
took 61.34802174568176 seconds


/home/daniel.z/ICML_PIECLAM_020425/experiments/optimization_utils.py:655:::  
Repetition no. 0


/home/daniel.z/ICML_PIECLAM_020425/experiments/../trainer.py:161:::  

Using dataset specific configuration and not global 




/home/daniel.z/ICML_PIECLAM_020425/experiments/../trainer.py:335:::  

 2025-05-24 03:16:04 starting optimization of bigclam on photo on device cuda

 configs_dict: 
{
    "clamiter_init": {
        "dim_feat": 60,
        "dim_attr": 500,
        "s_reg": 0.0,
        "l1_reg": 1,
        "T": 1,
        "hidden_dim": 64,
        "num_coupling_blocks": 32,
        "num_layers_mlp": 2
    },
    "feat_opt": {
        "lr": 3e-06,
        "n_iter": 13000,
        "early_stop": 0
    }
}


/home/daniel.z/ICML_PIECLAM_020425/experiments/../clamiter.py:365:::  
staring fit_feats for 13000 iterations


/home/daniel.z/ICML_PIECLAM_020425/experiments/../trainer.py:454:::  

train_model_on_params on bigclam photo 
took 70.61060214042664 seconds


/home/daniel.z/ICML_PIECLAM_020425/experiments/optimization_utils.py:655:::  
Repetition no. 1


/home/daniel.z/ICML_PIECLAM_020425/experiments/../trainer.py:161:::  

Using dataset specific configuration and not global 




/home/daniel.z/ICML_PIECLAM_020425/experiments/../trainer.py:335:::  

 2025-05-24 03:17:15 starting optimization of bigclam on photo on device cuda

 configs_dict: 
{
    "clamiter_init": {
        "dim_feat": 60,
        "dim_attr": 500,
        "s_reg": 0.0,
        "l1_reg": 1,
        "T": 1,
        "hidden_dim": 64,
        "num_coupling_blocks": 32,
        "num_layers_mlp": 2
    },
    "feat_opt": {
        "lr": 3e-06,
        "n_iter": 13000,
        "early_stop": 0
    }
}


/home/daniel.z/ICML_PIECLAM_020425/experiments/../clamiter.py:365:::  
staring fit_feats for 13000 iterations


/home/daniel.z/ICML_PIECLAM_020425/experiments/../trainer.py:454:::  

train_model_on_params on bigclam photo 
took 70.60329723358154 seconds


/home/daniel.z/ICML_PIECLAM_020425/experiments/optimization_utils.py:655:::  
Repetition no. 2


/home/daniel.z/ICML_PIECLAM_020425/experiments/../trainer.py:161:::  

Using dataset specific configuration and not global 




/home/daniel.z/ICML_PIECLAM_020425/experiments/../trainer.py:335:::  

 2025-05-24 03:18:26 starting optimization of bigclam on photo on device cuda

 configs_dict: 
{
    "clamiter_init": {
        "dim_feat": 60,
        "dim_attr": 500,
        "s_reg": 0.0,
        "l1_reg": 1,
        "T": 1,
        "hidden_dim": 64,
        "num_coupling_blocks": 32,
        "num_layers_mlp": 2
    },
    "feat_opt": {
        "lr": 3e-06,
        "n_iter": 13000,
        "early_stop": 0
    }
}


/home/daniel.z/ICML_PIECLAM_020425/experiments/../clamiter.py:365:::  
staring fit_feats for 13000 iterations


/home/daniel.z/ICML_PIECLAM_020425/experiments/../trainer.py:454:::  

train_model_on_params on bigclam photo 
took 70.55818009376526 seconds


/home/daniel.z/ICML_PIECLAM_020425/experiments/optimization_utils.py:655:::  
Repetition no. 0


/home/daniel.z/ICML_PIECLAM_020425/experiments/../trainer.py:161:::  

Using dataset specific configuration and not global 




/home/daniel.z/ICML_PIECLAM_020425/experiments/../trainer.py:335:::  

 2025-05-24 03:19:37 starting optimization of bigclam on photo on device cuda

 configs_dict: 
{
    "clamiter_init": {
        "dim_feat": 40,
        "dim_attr": 500,
        "s_reg": 0.0,
        "l1_reg": 1,
        "T": 1,
        "hidden_dim": 64,
        "num_coupling_blocks": 32,
        "num_layers_mlp": 2
    },
    "feat_opt": {
        "lr": 3e-06,
        "n_iter": 10000,
        "early_stop": 0
    }
}


/home/daniel.z/ICML_PIECLAM_020425/experiments/../clamiter.py:365:::  
staring fit_feats for 10000 iterations


/home/daniel.z/ICML_PIECLAM_020425/experiments/../trainer.py:454:::  

train_model_on_params on bigclam photo 
took 39.603811740875244 seconds


/home/daniel.z/ICML_PIECLAM_020425/experiments/optimization_utils.py:655:::  
Repetition no. 1


/home/daniel.z/ICML_PIECLAM_020425/experiments/../trainer.py:161:::  

Using dataset specific configuration and not global 




/home/daniel.z/ICML_PIECLAM_020425/experiments/../trainer.py:335:::  

 2025-05-24 03:20:17 starting optimization of bigclam on photo on device cuda

 configs_dict: 
{
    "clamiter_init": {
        "dim_feat": 40,
        "dim_attr": 500,
        "s_reg": 0.0,
        "l1_reg": 1,
        "T": 1,
        "hidden_dim": 64,
        "num_coupling_blocks": 32,
        "num_layers_mlp": 2
    },
    "feat_opt": {
        "lr": 3e-06,
        "n_iter": 10000,
        "early_stop": 0
    }
}


/home/daniel.z/ICML_PIECLAM_020425/experiments/../clamiter.py:365:::  
staring fit_feats for 10000 iterations


/home/daniel.z/ICML_PIECLAM_020425/experiments/../trainer.py:454:::  

train_model_on_params on bigclam photo 
took 39.57989716529846 seconds


/home/daniel.z/ICML_PIECLAM_020425/experiments/optimization_utils.py:655:::  
Repetition no. 2


/home/daniel.z/ICML_PIECLAM_020425/experiments/../trainer.py:161:::  

Using dataset specific configuration and not global 




/home/daniel.z/ICML_PIECLAM_020425/experiments/../trainer.py:335:::  

 2025-05-24 03:20:57 starting optimization of bigclam on photo on device cuda

 configs_dict: 
{
    "clamiter_init": {
        "dim_feat": 40,
        "dim_attr": 500,
        "s_reg": 0.0,
        "l1_reg": 1,
        "T": 1,
        "hidden_dim": 64,
        "num_coupling_blocks": 32,
        "num_layers_mlp": 2
    },
    "feat_opt": {
        "lr": 3e-06,
        "n_iter": 10000,
        "early_stop": 0
    }
}


/home/daniel.z/ICML_PIECLAM_020425/experiments/../clamiter.py:365:::  
staring fit_feats for 10000 iterations


/home/daniel.z/ICML_PIECLAM_020425/experiments/../trainer.py:454:::  

train_model_on_params on bigclam photo 
took 39.5506751537323 seconds


/home/daniel.z/ICML_PIECLAM_020425/experiments/optimization_utils.py:655:::  
Repetition no. 0


/home/daniel.z/ICML_PIECLAM_020425/experiments/../trainer.py:161:::  

Using dataset specific configuration and not global 




/home/daniel.z/ICML_PIECLAM_020425/experiments/../trainer.py:335:::  

 2025-05-24 03:21:36 starting optimization of bigclam on photo on device cuda

 configs_dict: 
{
    "clamiter_init": {
        "dim_feat": 60,
        "dim_attr": 500,
        "s_reg": 0.0,
        "l1_reg": 1,
        "T": 1,
        "hidden_dim": 64,
        "num_coupling_blocks": 32,
        "num_layers_mlp": 2
    },
    "feat_opt": {
        "lr": 2e-06,
        "n_iter": 10000,
        "early_stop": 0
    }
}


/home/daniel.z/ICML_PIECLAM_020425/experiments/../clamiter.py:365:::  
staring fit_feats for 10000 iterations


/home/daniel.z/ICML_PIECLAM_020425/experiments/../trainer.py:454:::  

train_model_on_params on bigclam photo 
took 54.329527616500854 seconds


/home/daniel.z/ICML_PIECLAM_020425/experiments/optimization_utils.py:655:::  
Repetition no. 1


/home/daniel.z/ICML_PIECLAM_020425/experiments/../trainer.py:161:::  

Using dataset specific configuration and not global 




/home/daniel.z/ICML_PIECLAM_020425/experiments/../trainer.py:335:::  

 2025-05-24 03:22:31 starting optimization of bigclam on photo on device cuda

 configs_dict: 
{
    "clamiter_init": {
        "dim_feat": 60,
        "dim_attr": 500,
        "s_reg": 0.0,
        "l1_reg": 1,
        "T": 1,
        "hidden_dim": 64,
        "num_coupling_blocks": 32,
        "num_layers_mlp": 2
    },
    "feat_opt": {
        "lr": 2e-06,
        "n_iter": 10000,
        "early_stop": 0
    }
}


/home/daniel.z/ICML_PIECLAM_020425/experiments/../clamiter.py:365:::  
staring fit_feats for 10000 iterations


/home/daniel.z/ICML_PIECLAM_020425/experiments/../trainer.py:454:::  

train_model_on_params on bigclam photo 
took 54.328572034835815 seconds


/home/daniel.z/ICML_PIECLAM_020425/experiments/optimization_utils.py:655:::  
Repetition no. 2


/home/daniel.z/ICML_PIECLAM_020425/experiments/../trainer.py:161:::  

Using dataset specific configuration and not global 




/home/daniel.z/ICML_PIECLAM_020425/experiments/../trainer.py:335:::  

 2025-05-24 03:23:26 starting optimization of bigclam on photo on device cuda

 configs_dict: 
{
    "clamiter_init": {
        "dim_feat": 60,
        "dim_attr": 500,
        "s_reg": 0.0,
        "l1_reg": 1,
        "T": 1,
        "hidden_dim": 64,
        "num_coupling_blocks": 32,
        "num_layers_mlp": 2
    },
    "feat_opt": {
        "lr": 2e-06,
        "n_iter": 10000,
        "early_stop": 0
    }
}


/home/daniel.z/ICML_PIECLAM_020425/experiments/../clamiter.py:365:::  
staring fit_feats for 10000 iterations


/home/daniel.z/ICML_PIECLAM_020425/experiments/../trainer.py:454:::  

train_model_on_params on bigclam photo 
took 54.32386755943298 seconds


/home/daniel.z/ICML_PIECLAM_020425/experiments/optimization_utils.py:655:::  
Repetition no. 0


/home/daniel.z/ICML_PIECLAM_020425/experiments/../trainer.py:161:::  

Using dataset specific configuration and not global 




/home/daniel.z/ICML_PIECLAM_020425/experiments/../trainer.py:335:::  

 2025-05-24 03:24:20 starting optimization of bigclam on photo on device cuda

 configs_dict: 
{
    "clamiter_init": {
        "dim_feat": 40,
        "dim_attr": 500,
        "s_reg": 0.0,
        "l1_reg": 1,
        "T": 1,
        "hidden_dim": 64,
        "num_coupling_blocks": 32,
        "num_layers_mlp": 2
    },
    "feat_opt": {
        "lr": 3e-06,
        "n_iter": 13000,
        "early_stop": 0
    }
}


/home/daniel.z/ICML_PIECLAM_020425/experiments/../clamiter.py:365:::  
staring fit_feats for 13000 iterations


/home/daniel.z/ICML_PIECLAM_020425/experiments/../trainer.py:454:::  

train_model_on_params on bigclam photo 
took 51.43754053115845 seconds


/home/daniel.z/ICML_PIECLAM_020425/experiments/optimization_utils.py:655:::  
Repetition no. 1


/home/daniel.z/ICML_PIECLAM_020425/experiments/../trainer.py:161:::  

Using dataset specific configuration and not global 




/home/daniel.z/ICML_PIECLAM_020425/experiments/../trainer.py:335:::  

 2025-05-24 03:25:12 starting optimization of bigclam on photo on device cuda

 configs_dict: 
{
    "clamiter_init": {
        "dim_feat": 40,
        "dim_attr": 500,
        "s_reg": 0.0,
        "l1_reg": 1,
        "T": 1,
        "hidden_dim": 64,
        "num_coupling_blocks": 32,
        "num_layers_mlp": 2
    },
    "feat_opt": {
        "lr": 3e-06,
        "n_iter": 13000,
        "early_stop": 0
    }
}


/home/daniel.z/ICML_PIECLAM_020425/experiments/../clamiter.py:365:::  
staring fit_feats for 13000 iterations


/home/daniel.z/ICML_PIECLAM_020425/experiments/../trainer.py:454:::  

train_model_on_params on bigclam photo 
took 51.37486290931702 seconds


/home/daniel.z/ICML_PIECLAM_020425/experiments/optimization_utils.py:655:::  
Repetition no. 2


/home/daniel.z/ICML_PIECLAM_020425/experiments/../trainer.py:161:::  

Using dataset specific configuration and not global 




/home/daniel.z/ICML_PIECLAM_020425/experiments/../trainer.py:335:::  

 2025-05-24 03:26:03 starting optimization of bigclam on photo on device cuda

 configs_dict: 
{
    "clamiter_init": {
        "dim_feat": 40,
        "dim_attr": 500,
        "s_reg": 0.0,
        "l1_reg": 1,
        "T": 1,
        "hidden_dim": 64,
        "num_coupling_blocks": 32,
        "num_layers_mlp": 2
    },
    "feat_opt": {
        "lr": 3e-06,
        "n_iter": 13000,
        "early_stop": 0
    }
}


/home/daniel.z/ICML_PIECLAM_020425/experiments/../clamiter.py:365:::  
staring fit_feats for 13000 iterations


/home/daniel.z/ICML_PIECLAM_020425/experiments/../trainer.py:454:::  

train_model_on_params on bigclam photo 
took 51.378032207489014 seconds


/home/daniel.z/ICML_PIECLAM_020425/experiments/optimization_utils.py:655:::  
Repetition no. 0


/home/daniel.z/ICML_PIECLAM_020425/experiments/../trainer.py:161:::  

Using dataset specific configuration and not global 




/home/daniel.z/ICML_PIECLAM_020425/experiments/../trainer.py:335:::  

 2025-05-24 03:26:55 starting optimization of bigclam on photo on device cuda

 configs_dict: 
{
    "clamiter_init": {
        "dim_feat": 40,
        "dim_attr": 500,
        "s_reg": 0.0,
        "l1_reg": 1,
        "T": 1,
        "hidden_dim": 64,
        "num_coupling_blocks": 32,
        "num_layers_mlp": 2
    },
    "feat_opt": {
        "lr": 5e-06,
        "n_iter": 13000,
        "early_stop": 0
    }
}


/home/daniel.z/ICML_PIECLAM_020425/experiments/../clamiter.py:365:::  
staring fit_feats for 13000 iterations


/home/daniel.z/ICML_PIECLAM_020425/experiments/../trainer.py:454:::  

train_model_on_params on bigclam photo 
took 51.41589069366455 seconds


/home/daniel.z/ICML_PIECLAM_020425/experiments/optimization_utils.py:655:::  
Repetition no. 1


/home/daniel.z/ICML_PIECLAM_020425/experiments/../trainer.py:161:::  

Using dataset specific configuration and not global 




/home/daniel.z/ICML_PIECLAM_020425/experiments/../trainer.py:335:::  

 2025-05-24 03:27:47 starting optimization of bigclam on photo on device cuda

 configs_dict: 
{
    "clamiter_init": {
        "dim_feat": 40,
        "dim_attr": 500,
        "s_reg": 0.0,
        "l1_reg": 1,
        "T": 1,
        "hidden_dim": 64,
        "num_coupling_blocks": 32,
        "num_layers_mlp": 2
    },
    "feat_opt": {
        "lr": 5e-06,
        "n_iter": 13000,
        "early_stop": 0
    }
}


/home/daniel.z/ICML_PIECLAM_020425/experiments/../clamiter.py:365:::  
staring fit_feats for 13000 iterations


/home/daniel.z/ICML_PIECLAM_020425/experiments/../trainer.py:454:::  

train_model_on_params on bigclam photo 
took 51.54376268386841 seconds


/home/daniel.z/ICML_PIECLAM_020425/experiments/optimization_utils.py:655:::  
Repetition no. 2


/home/daniel.z/ICML_PIECLAM_020425/experiments/../trainer.py:161:::  

Using dataset specific configuration and not global 




/home/daniel.z/ICML_PIECLAM_020425/experiments/../trainer.py:335:::  

 2025-05-24 03:28:39 starting optimization of bigclam on photo on device cuda

 configs_dict: 
{
    "clamiter_init": {
        "dim_feat": 40,
        "dim_attr": 500,
        "s_reg": 0.0,
        "l1_reg": 1,
        "T": 1,
        "hidden_dim": 64,
        "num_coupling_blocks": 32,
        "num_layers_mlp": 2
    },
    "feat_opt": {
        "lr": 5e-06,
        "n_iter": 13000,
        "early_stop": 0
    }
}


/home/daniel.z/ICML_PIECLAM_020425/experiments/../clamiter.py:365:::  
staring fit_feats for 13000 iterations


/home/daniel.z/ICML_PIECLAM_020425/experiments/../trainer.py:454:::  

train_model_on_params on bigclam photo 
took 51.54769277572632 seconds


/home/daniel.z/ICML_PIECLAM_020425/experiments/optimization_utils.py:655:::  
Repetition no. 0


/home/daniel.z/ICML_PIECLAM_020425/experiments/../trainer.py:161:::  

Using dataset specific configuration and not global 




/home/daniel.z/ICML_PIECLAM_020425/experiments/../trainer.py:335:::  

 2025-05-24 03:29:31 starting optimization of bigclam on photo on device cuda

 configs_dict: 
{
    "clamiter_init": {
        "dim_feat": 60,
        "dim_attr": 500,
        "s_reg": 0.0,
        "l1_reg": 1,
        "T": 1,
        "hidden_dim": 64,
        "num_coupling_blocks": 32,
        "num_layers_mlp": 2
    },
    "feat_opt": {
        "lr": 5e-06,
        "n_iter": 10000,
        "early_stop": 0
    }
}


/home/daniel.z/ICML_PIECLAM_020425/experiments/../clamiter.py:365:::  
staring fit_feats for 10000 iterations


/home/daniel.z/ICML_PIECLAM_020425/experiments/../trainer.py:454:::  

train_model_on_params on bigclam photo 
took 54.36510181427002 seconds


/home/daniel.z/ICML_PIECLAM_020425/experiments/optimization_utils.py:655:::  
Repetition no. 1


/home/daniel.z/ICML_PIECLAM_020425/experiments/../trainer.py:161:::  

Using dataset specific configuration and not global 




/home/daniel.z/ICML_PIECLAM_020425/experiments/../trainer.py:335:::  

 2025-05-24 03:30:26 starting optimization of bigclam on photo on device cuda

 configs_dict: 
{
    "clamiter_init": {
        "dim_feat": 60,
        "dim_attr": 500,
        "s_reg": 0.0,
        "l1_reg": 1,
        "T": 1,
        "hidden_dim": 64,
        "num_coupling_blocks": 32,
        "num_layers_mlp": 2
    },
    "feat_opt": {
        "lr": 5e-06,
        "n_iter": 10000,
        "early_stop": 0
    }
}


/home/daniel.z/ICML_PIECLAM_020425/experiments/../clamiter.py:365:::  
staring fit_feats for 10000 iterations


/home/daniel.z/ICML_PIECLAM_020425/experiments/../trainer.py:454:::  

train_model_on_params on bigclam photo 
took 54.38416075706482 seconds


/home/daniel.z/ICML_PIECLAM_020425/experiments/optimization_utils.py:655:::  
Repetition no. 2


/home/daniel.z/ICML_PIECLAM_020425/experiments/../trainer.py:161:::  

Using dataset specific configuration and not global 




/home/daniel.z/ICML_PIECLAM_020425/experiments/../trainer.py:335:::  

 2025-05-24 03:31:21 starting optimization of bigclam on photo on device cuda

 configs_dict: 
{
    "clamiter_init": {
        "dim_feat": 60,
        "dim_attr": 500,
        "s_reg": 0.0,
        "l1_reg": 1,
        "T": 1,
        "hidden_dim": 64,
        "num_coupling_blocks": 32,
        "num_layers_mlp": 2
    },
    "feat_opt": {
        "lr": 5e-06,
        "n_iter": 10000,
        "early_stop": 0
    }
}


/home/daniel.z/ICML_PIECLAM_020425/experiments/../clamiter.py:365:::  
staring fit_feats for 10000 iterations


/home/daniel.z/ICML_PIECLAM_020425/experiments/../trainer.py:454:::  

train_model_on_params on bigclam photo 
took 54.39141631126404 seconds


/home/daniel.z/ICML_PIECLAM_020425/experiments/optimization_utils.py:655:::  
Repetition no. 0


/home/daniel.z/ICML_PIECLAM_020425/experiments/../trainer.py:161:::  

Using dataset specific configuration and not global 




/home/daniel.z/ICML_PIECLAM_020425/experiments/../trainer.py:335:::  

 2025-05-24 03:32:15 starting optimization of bigclam on photo on device cuda

 configs_dict: 
{
    "clamiter_init": {
        "dim_feat": 40,
        "dim_attr": 500,
        "s_reg": 0.0,
        "l1_reg": 1,
        "T": 1,
        "hidden_dim": 64,
        "num_coupling_blocks": 32,
        "num_layers_mlp": 2
    },
    "feat_opt": {
        "lr": 2e-06,
        "n_iter": 7000,
        "early_stop": 0
    }
}


/home/daniel.z/ICML_PIECLAM_020425/experiments/../clamiter.py:365:::  
staring fit_feats for 7000 iterations


/home/daniel.z/ICML_PIECLAM_020425/experiments/../trainer.py:454:::  

train_model_on_params on bigclam photo 
took 27.81447172164917 seconds


/home/daniel.z/ICML_PIECLAM_020425/experiments/optimization_utils.py:655:::  
Repetition no. 1


/home/daniel.z/ICML_PIECLAM_020425/experiments/../trainer.py:161:::  

Using dataset specific configuration and not global 




/home/daniel.z/ICML_PIECLAM_020425/experiments/../trainer.py:335:::  

 2025-05-24 03:32:44 starting optimization of bigclam on photo on device cuda

 configs_dict: 
{
    "clamiter_init": {
        "dim_feat": 40,
        "dim_attr": 500,
        "s_reg": 0.0,
        "l1_reg": 1,
        "T": 1,
        "hidden_dim": 64,
        "num_coupling_blocks": 32,
        "num_layers_mlp": 2
    },
    "feat_opt": {
        "lr": 2e-06,
        "n_iter": 7000,
        "early_stop": 0
    }
}


/home/daniel.z/ICML_PIECLAM_020425/experiments/../clamiter.py:365:::  
staring fit_feats for 7000 iterations


/home/daniel.z/ICML_PIECLAM_020425/experiments/../trainer.py:454:::  

train_model_on_params on bigclam photo 
took 27.83609104156494 seconds


/home/daniel.z/ICML_PIECLAM_020425/experiments/optimization_utils.py:655:::  
Repetition no. 2


/home/daniel.z/ICML_PIECLAM_020425/experiments/../trainer.py:161:::  

Using dataset specific configuration and not global 




/home/daniel.z/ICML_PIECLAM_020425/experiments/../trainer.py:335:::  

 2025-05-24 03:33:12 starting optimization of bigclam on photo on device cuda

 configs_dict: 
{
    "clamiter_init": {
        "dim_feat": 40,
        "dim_attr": 500,
        "s_reg": 0.0,
        "l1_reg": 1,
        "T": 1,
        "hidden_dim": 64,
        "num_coupling_blocks": 32,
        "num_layers_mlp": 2
    },
    "feat_opt": {
        "lr": 2e-06,
        "n_iter": 7000,
        "early_stop": 0
    }
}


/home/daniel.z/ICML_PIECLAM_020425/experiments/../clamiter.py:365:::  
staring fit_feats for 7000 iterations


/home/daniel.z/ICML_PIECLAM_020425/experiments/../trainer.py:454:::  

train_model_on_params on bigclam photo 
took 27.808268308639526 seconds


/home/daniel.z/ICML_PIECLAM_020425/experiments/optimization_utils.py:655:::  
Repetition no. 0


/home/daniel.z/ICML_PIECLAM_020425/experiments/../trainer.py:161:::  

Using dataset specific configuration and not global 




/home/daniel.z/ICML_PIECLAM_020425/experiments/../trainer.py:335:::  

 2025-05-24 03:33:40 starting optimization of bigclam on photo on device cuda

 configs_dict: 
{
    "clamiter_init": {
        "dim_feat": 40,
        "dim_attr": 500,
        "s_reg": 0.0,
        "l1_reg": 1,
        "T": 1,
        "hidden_dim": 64,
        "num_coupling_blocks": 32,
        "num_layers_mlp": 2
    },
    "feat_opt": {
        "lr": 2e-06,
        "n_iter": 10000,
        "early_stop": 0
    }
}


/home/daniel.z/ICML_PIECLAM_020425/experiments/../clamiter.py:365:::  
staring fit_feats for 10000 iterations


/home/daniel.z/ICML_PIECLAM_020425/experiments/../trainer.py:454:::  

train_model_on_params on bigclam photo 
took 39.676186084747314 seconds


/home/daniel.z/ICML_PIECLAM_020425/experiments/optimization_utils.py:655:::  
Repetition no. 1


/home/daniel.z/ICML_PIECLAM_020425/experiments/../trainer.py:161:::  

Using dataset specific configuration and not global 




/home/daniel.z/ICML_PIECLAM_020425/experiments/../trainer.py:335:::  

 2025-05-24 03:34:20 starting optimization of bigclam on photo on device cuda

 configs_dict: 
{
    "clamiter_init": {
        "dim_feat": 40,
        "dim_attr": 500,
        "s_reg": 0.0,
        "l1_reg": 1,
        "T": 1,
        "hidden_dim": 64,
        "num_coupling_blocks": 32,
        "num_layers_mlp": 2
    },
    "feat_opt": {
        "lr": 2e-06,
        "n_iter": 10000,
        "early_stop": 0
    }
}


/home/daniel.z/ICML_PIECLAM_020425/experiments/../clamiter.py:365:::  
staring fit_feats for 10000 iterations


/home/daniel.z/ICML_PIECLAM_020425/experiments/../trainer.py:454:::  

train_model_on_params on bigclam photo 
took 39.666743516922 seconds


/home/daniel.z/ICML_PIECLAM_020425/experiments/optimization_utils.py:655:::  
Repetition no. 2


/home/daniel.z/ICML_PIECLAM_020425/experiments/../trainer.py:161:::  

Using dataset specific configuration and not global 




/home/daniel.z/ICML_PIECLAM_020425/experiments/../trainer.py:335:::  

 2025-05-24 03:35:00 starting optimization of bigclam on photo on device cuda

 configs_dict: 
{
    "clamiter_init": {
        "dim_feat": 40,
        "dim_attr": 500,
        "s_reg": 0.0,
        "l1_reg": 1,
        "T": 1,
        "hidden_dim": 64,
        "num_coupling_blocks": 32,
        "num_layers_mlp": 2
    },
    "feat_opt": {
        "lr": 2e-06,
        "n_iter": 10000,
        "early_stop": 0
    }
}


/home/daniel.z/ICML_PIECLAM_020425/experiments/../clamiter.py:365:::  
staring fit_feats for 10000 iterations


/home/daniel.z/ICML_PIECLAM_020425/experiments/../trainer.py:454:::  

train_model_on_params on bigclam photo 
took 39.63439416885376 seconds


/home/daniel.z/ICML_PIECLAM_020425/experiments/optimization_utils.py:655:::  
Repetition no. 0


/home/daniel.z/ICML_PIECLAM_020425/experiments/../trainer.py:161:::  

Using dataset specific configuration and not global 




/home/daniel.z/ICML_PIECLAM_020425/experiments/../trainer.py:335:::  

 2025-05-24 03:35:40 starting optimization of bigclam on photo on device cuda

 configs_dict: 
{
    "clamiter_init": {
        "dim_feat": 60,
        "dim_attr": 500,
        "s_reg": 0.0,
        "l1_reg": 1,
        "T": 1,
        "hidden_dim": 64,
        "num_coupling_blocks": 32,
        "num_layers_mlp": 2
    },
    "feat_opt": {
        "lr": 5e-06,
        "n_iter": 7000,
        "early_stop": 0
    }
}


/home/daniel.z/ICML_PIECLAM_020425/experiments/../clamiter.py:365:::  
staring fit_feats for 7000 iterations


/home/daniel.z/ICML_PIECLAM_020425/experiments/../trainer.py:454:::  

train_model_on_params on bigclam photo 
took 38.07223415374756 seconds


/home/daniel.z/ICML_PIECLAM_020425/experiments/optimization_utils.py:655:::  
Repetition no. 1


/home/daniel.z/ICML_PIECLAM_020425/experiments/../trainer.py:161:::  

Using dataset specific configuration and not global 




/home/daniel.z/ICML_PIECLAM_020425/experiments/../trainer.py:335:::  

 2025-05-24 03:36:18 starting optimization of bigclam on photo on device cuda

 configs_dict: 
{
    "clamiter_init": {
        "dim_feat": 60,
        "dim_attr": 500,
        "s_reg": 0.0,
        "l1_reg": 1,
        "T": 1,
        "hidden_dim": 64,
        "num_coupling_blocks": 32,
        "num_layers_mlp": 2
    },
    "feat_opt": {
        "lr": 5e-06,
        "n_iter": 7000,
        "early_stop": 0
    }
}


/home/daniel.z/ICML_PIECLAM_020425/experiments/../clamiter.py:365:::  
staring fit_feats for 7000 iterations


/home/daniel.z/ICML_PIECLAM_020425/experiments/../trainer.py:454:::  

train_model_on_params on bigclam photo 
took 38.113337993621826 seconds


/home/daniel.z/ICML_PIECLAM_020425/experiments/optimization_utils.py:655:::  
Repetition no. 2


/home/daniel.z/ICML_PIECLAM_020425/experiments/../trainer.py:161:::  

Using dataset specific configuration and not global 




/home/daniel.z/ICML_PIECLAM_020425/experiments/../trainer.py:335:::  

 2025-05-24 03:36:56 starting optimization of bigclam on photo on device cuda

 configs_dict: 
{
    "clamiter_init": {
        "dim_feat": 60,
        "dim_attr": 500,
        "s_reg": 0.0,
        "l1_reg": 1,
        "T": 1,
        "hidden_dim": 64,
        "num_coupling_blocks": 32,
        "num_layers_mlp": 2
    },
    "feat_opt": {
        "lr": 5e-06,
        "n_iter": 7000,
        "early_stop": 0
    }
}


/home/daniel.z/ICML_PIECLAM_020425/experiments/../clamiter.py:365:::  
staring fit_feats for 7000 iterations


/home/daniel.z/ICML_PIECLAM_020425/experiments/../trainer.py:454:::  

train_model_on_params on bigclam photo 
took 38.1750214099884 seconds


/home/daniel.z/ICML_PIECLAM_020425/experiments/optimization_utils.py:729:::  


Finished CrossVal!




/home/daniel.z/ICML_PIECLAM_020425/experiments/optimization_utils.py:516:::  
On test set split_03-31_02-05-25 of photo,bigclam
 ======================


/home/daniel.z/ICML_PIECLAM_020425/experiments/optimization_utils.py:633:::  
RunSaver defined to acc_configs path /home/daniel.z/ICML_PIECLAM_020425/experiments/results/link_prediction/auc/photo/bigclam/split_03-31_02-05-25/valid/acc_configs03-37_24-05-25.json


/home/daniel.z/ICML_PIECLAM_020425/experiments/optimization_utils.py:655:::  
Repetition no. 0


/home/daniel.z/ICML_PIECLAM_020425/experiments/../trainer.py:161:::  

Using dataset specific configuration and not global 




/home/daniel.z/ICML_PIECLAM_020425/experiments/../trainer.py:335:::  

 2025-05-24 03:37:38 starting optimization of bigclam on photo on device cuda

 configs_dict: 
{
    "clamiter_init": {
        "dim_feat": 50,
        "dim_attr": 500,
        "s_reg": 0.0,
        "l1_reg": 1,
        "T": 1,
        "hidden_dim": 64,
        "num_coupling_blocks": 32,
        "num_layers_mlp": 2
    },
    "feat_opt": {
        "lr": 3e-06,
        "n_iter": 13000,
        "early_stop": 0
    }
}


/home/daniel.z/ICML_PIECLAM_020425/experiments/../clamiter.py:365:::  
staring fit_feats for 13000 iterations


/home/daniel.z/ICML_PIECLAM_020425/experiments/../trainer.py:454:::  

train_model_on_params on bigclam photo 
took 61.529622077941895 seconds


/home/daniel.z/ICML_PIECLAM_020425/experiments/optimization_utils.py:655:::  
Repetition no. 1


/home/daniel.z/ICML_PIECLAM_020425/experiments/../trainer.py:161:::  

Using dataset specific configuration and not global 




/home/daniel.z/ICML_PIECLAM_020425/experiments/../trainer.py:335:::  

 2025-05-24 03:38:39 starting optimization of bigclam on photo on device cuda

 configs_dict: 
{
    "clamiter_init": {
        "dim_feat": 50,
        "dim_attr": 500,
        "s_reg": 0.0,
        "l1_reg": 1,
        "T": 1,
        "hidden_dim": 64,
        "num_coupling_blocks": 32,
        "num_layers_mlp": 2
    },
    "feat_opt": {
        "lr": 3e-06,
        "n_iter": 13000,
        "early_stop": 0
    }
}


/home/daniel.z/ICML_PIECLAM_020425/experiments/../clamiter.py:365:::  
staring fit_feats for 13000 iterations


/home/daniel.z/ICML_PIECLAM_020425/experiments/../trainer.py:454:::  

train_model_on_params on bigclam photo 
took 61.64804291725159 seconds


/home/daniel.z/ICML_PIECLAM_020425/experiments/optimization_utils.py:655:::  
Repetition no. 2


/home/daniel.z/ICML_PIECLAM_020425/experiments/../trainer.py:161:::  

Using dataset specific configuration and not global 




/home/daniel.z/ICML_PIECLAM_020425/experiments/../trainer.py:335:::  

 2025-05-24 03:39:41 starting optimization of bigclam on photo on device cuda

 configs_dict: 
{
    "clamiter_init": {
        "dim_feat": 50,
        "dim_attr": 500,
        "s_reg": 0.0,
        "l1_reg": 1,
        "T": 1,
        "hidden_dim": 64,
        "num_coupling_blocks": 32,
        "num_layers_mlp": 2
    },
    "feat_opt": {
        "lr": 3e-06,
        "n_iter": 13000,
        "early_stop": 0
    }
}


/home/daniel.z/ICML_PIECLAM_020425/experiments/../clamiter.py:365:::  
staring fit_feats for 13000 iterations


/home/daniel.z/ICML_PIECLAM_020425/experiments/../trainer.py:454:::  

train_model_on_params on bigclam photo 
took 61.61298108100891 seconds


/home/daniel.z/ICML_PIECLAM_020425/experiments/optimization_utils.py:655:::  
Repetition no. 0


/home/daniel.z/ICML_PIECLAM_020425/experiments/../trainer.py:161:::  

Using dataset specific configuration and not global 




/home/daniel.z/ICML_PIECLAM_020425/experiments/../trainer.py:335:::  

 2025-05-24 03:40:43 starting optimization of bigclam on photo on device cuda

 configs_dict: 
{
    "clamiter_init": {
        "dim_feat": 50,
        "dim_attr": 500,
        "s_reg": 0.0,
        "l1_reg": 1,
        "T": 1,
        "hidden_dim": 64,
        "num_coupling_blocks": 32,
        "num_layers_mlp": 2
    },
    "feat_opt": {
        "lr": 2e-06,
        "n_iter": 10000,
        "early_stop": 0
    }
}


/home/daniel.z/ICML_PIECLAM_020425/experiments/../clamiter.py:365:::  
staring fit_feats for 10000 iterations


/home/daniel.z/ICML_PIECLAM_020425/experiments/../trainer.py:454:::  

train_model_on_params on bigclam photo 
took 47.435325622558594 seconds


/home/daniel.z/ICML_PIECLAM_020425/experiments/optimization_utils.py:655:::  
Repetition no. 1


/home/daniel.z/ICML_PIECLAM_020425/experiments/../trainer.py:161:::  

Using dataset specific configuration and not global 




/home/daniel.z/ICML_PIECLAM_020425/experiments/../trainer.py:335:::  

 2025-05-24 03:41:31 starting optimization of bigclam on photo on device cuda

 configs_dict: 
{
    "clamiter_init": {
        "dim_feat": 50,
        "dim_attr": 500,
        "s_reg": 0.0,
        "l1_reg": 1,
        "T": 1,
        "hidden_dim": 64,
        "num_coupling_blocks": 32,
        "num_layers_mlp": 2
    },
    "feat_opt": {
        "lr": 2e-06,
        "n_iter": 10000,
        "early_stop": 0
    }
}


/home/daniel.z/ICML_PIECLAM_020425/experiments/../clamiter.py:365:::  
staring fit_feats for 10000 iterations


/home/daniel.z/ICML_PIECLAM_020425/experiments/../trainer.py:454:::  

train_model_on_params on bigclam photo 
took 47.33884358406067 seconds


/home/daniel.z/ICML_PIECLAM_020425/experiments/optimization_utils.py:655:::  
Repetition no. 2


/home/daniel.z/ICML_PIECLAM_020425/experiments/../trainer.py:161:::  

Using dataset specific configuration and not global 




/home/daniel.z/ICML_PIECLAM_020425/experiments/../trainer.py:335:::  

 2025-05-24 03:42:19 starting optimization of bigclam on photo on device cuda

 configs_dict: 
{
    "clamiter_init": {
        "dim_feat": 50,
        "dim_attr": 500,
        "s_reg": 0.0,
        "l1_reg": 1,
        "T": 1,
        "hidden_dim": 64,
        "num_coupling_blocks": 32,
        "num_layers_mlp": 2
    },
    "feat_opt": {
        "lr": 2e-06,
        "n_iter": 10000,
        "early_stop": 0
    }
}


/home/daniel.z/ICML_PIECLAM_020425/experiments/../clamiter.py:365:::  
staring fit_feats for 10000 iterations


/home/daniel.z/ICML_PIECLAM_020425/experiments/../trainer.py:454:::  

train_model_on_params on bigclam photo 
took 47.385103702545166 seconds


/home/daniel.z/ICML_PIECLAM_020425/experiments/optimization_utils.py:655:::  
Repetition no. 0


/home/daniel.z/ICML_PIECLAM_020425/experiments/../trainer.py:161:::  

Using dataset specific configuration and not global 




/home/daniel.z/ICML_PIECLAM_020425/experiments/../trainer.py:335:::  

 2025-05-24 03:43:06 starting optimization of bigclam on photo on device cuda

 configs_dict: 
{
    "clamiter_init": {
        "dim_feat": 50,
        "dim_attr": 500,
        "s_reg": 0.0,
        "l1_reg": 1,
        "T": 1,
        "hidden_dim": 64,
        "num_coupling_blocks": 32,
        "num_layers_mlp": 2
    },
    "feat_opt": {
        "lr": 2e-06,
        "n_iter": 7000,
        "early_stop": 0
    }
}


/home/daniel.z/ICML_PIECLAM_020425/experiments/../clamiter.py:365:::  
staring fit_feats for 7000 iterations


/home/daniel.z/ICML_PIECLAM_020425/experiments/../trainer.py:454:::  

train_model_on_params on bigclam photo 
took 33.197083711624146 seconds


/home/daniel.z/ICML_PIECLAM_020425/experiments/optimization_utils.py:655:::  
Repetition no. 1


/home/daniel.z/ICML_PIECLAM_020425/experiments/../trainer.py:161:::  

Using dataset specific configuration and not global 




/home/daniel.z/ICML_PIECLAM_020425/experiments/../trainer.py:335:::  

 2025-05-24 03:43:40 starting optimization of bigclam on photo on device cuda

 configs_dict: 
{
    "clamiter_init": {
        "dim_feat": 50,
        "dim_attr": 500,
        "s_reg": 0.0,
        "l1_reg": 1,
        "T": 1,
        "hidden_dim": 64,
        "num_coupling_blocks": 32,
        "num_layers_mlp": 2
    },
    "feat_opt": {
        "lr": 2e-06,
        "n_iter": 7000,
        "early_stop": 0
    }
}


/home/daniel.z/ICML_PIECLAM_020425/experiments/../clamiter.py:365:::  
staring fit_feats for 7000 iterations


/home/daniel.z/ICML_PIECLAM_020425/experiments/../trainer.py:454:::  

train_model_on_params on bigclam photo 
took 33.20660161972046 seconds


/home/daniel.z/ICML_PIECLAM_020425/experiments/optimization_utils.py:655:::  
Repetition no. 2


/home/daniel.z/ICML_PIECLAM_020425/experiments/../trainer.py:161:::  

Using dataset specific configuration and not global 




/home/daniel.z/ICML_PIECLAM_020425/experiments/../trainer.py:335:::  

 2025-05-24 03:44:14 starting optimization of bigclam on photo on device cuda

 configs_dict: 
{
    "clamiter_init": {
        "dim_feat": 50,
        "dim_attr": 500,
        "s_reg": 0.0,
        "l1_reg": 1,
        "T": 1,
        "hidden_dim": 64,
        "num_coupling_blocks": 32,
        "num_layers_mlp": 2
    },
    "feat_opt": {
        "lr": 2e-06,
        "n_iter": 7000,
        "early_stop": 0
    }
}


/home/daniel.z/ICML_PIECLAM_020425/experiments/../clamiter.py:365:::  
staring fit_feats for 7000 iterations


/home/daniel.z/ICML_PIECLAM_020425/experiments/../trainer.py:454:::  

train_model_on_params on bigclam photo 
took 33.15543794631958 seconds


/home/daniel.z/ICML_PIECLAM_020425/experiments/optimization_utils.py:655:::  
Repetition no. 0


/home/daniel.z/ICML_PIECLAM_020425/experiments/../trainer.py:161:::  

Using dataset specific configuration and not global 




/home/daniel.z/ICML_PIECLAM_020425/experiments/../trainer.py:335:::  

 2025-05-24 03:44:47 starting optimization of bigclam on photo on device cuda

 configs_dict: 
{
    "clamiter_init": {
        "dim_feat": 60,
        "dim_attr": 500,
        "s_reg": 0.0,
        "l1_reg": 1,
        "T": 1,
        "hidden_dim": 64,
        "num_coupling_blocks": 32,
        "num_layers_mlp": 2
    },
    "feat_opt": {
        "lr": 5e-06,
        "n_iter": 13000,
        "early_stop": 0
    }
}


/home/daniel.z/ICML_PIECLAM_020425/experiments/../clamiter.py:365:::  
staring fit_feats for 13000 iterations


/home/daniel.z/ICML_PIECLAM_020425/experiments/../trainer.py:454:::  

train_model_on_params on bigclam photo 
took 70.67368245124817 seconds


/home/daniel.z/ICML_PIECLAM_020425/experiments/optimization_utils.py:655:::  
Repetition no. 1


/home/daniel.z/ICML_PIECLAM_020425/experiments/../trainer.py:161:::  

Using dataset specific configuration and not global 




/home/daniel.z/ICML_PIECLAM_020425/experiments/../trainer.py:335:::  

 2025-05-24 03:45:58 starting optimization of bigclam on photo on device cuda

 configs_dict: 
{
    "clamiter_init": {
        "dim_feat": 60,
        "dim_attr": 500,
        "s_reg": 0.0,
        "l1_reg": 1,
        "T": 1,
        "hidden_dim": 64,
        "num_coupling_blocks": 32,
        "num_layers_mlp": 2
    },
    "feat_opt": {
        "lr": 5e-06,
        "n_iter": 13000,
        "early_stop": 0
    }
}


/home/daniel.z/ICML_PIECLAM_020425/experiments/../clamiter.py:365:::  
staring fit_feats for 13000 iterations


/home/daniel.z/ICML_PIECLAM_020425/experiments/../trainer.py:454:::  

train_model_on_params on bigclam photo 
took 70.76579904556274 seconds


/home/daniel.z/ICML_PIECLAM_020425/experiments/optimization_utils.py:655:::  
Repetition no. 2


/home/daniel.z/ICML_PIECLAM_020425/experiments/../trainer.py:161:::  

Using dataset specific configuration and not global 




/home/daniel.z/ICML_PIECLAM_020425/experiments/../trainer.py:335:::  

 2025-05-24 03:47:09 starting optimization of bigclam on photo on device cuda

 configs_dict: 
{
    "clamiter_init": {
        "dim_feat": 60,
        "dim_attr": 500,
        "s_reg": 0.0,
        "l1_reg": 1,
        "T": 1,
        "hidden_dim": 64,
        "num_coupling_blocks": 32,
        "num_layers_mlp": 2
    },
    "feat_opt": {
        "lr": 5e-06,
        "n_iter": 13000,
        "early_stop": 0
    }
}


/home/daniel.z/ICML_PIECLAM_020425/experiments/../clamiter.py:365:::  
staring fit_feats for 13000 iterations


/home/daniel.z/ICML_PIECLAM_020425/experiments/../trainer.py:454:::  

train_model_on_params on bigclam photo 
took 70.85020685195923 seconds


/home/daniel.z/ICML_PIECLAM_020425/experiments/optimization_utils.py:655:::  
Repetition no. 0


/home/daniel.z/ICML_PIECLAM_020425/experiments/../trainer.py:161:::  

Using dataset specific configuration and not global 




/home/daniel.z/ICML_PIECLAM_020425/experiments/../trainer.py:335:::  

 2025-05-24 03:48:20 starting optimization of bigclam on photo on device cuda

 configs_dict: 
{
    "clamiter_init": {
        "dim_feat": 60,
        "dim_attr": 500,
        "s_reg": 0.0,
        "l1_reg": 1,
        "T": 1,
        "hidden_dim": 64,
        "num_coupling_blocks": 32,
        "num_layers_mlp": 2
    },
    "feat_opt": {
        "lr": 3e-06,
        "n_iter": 7000,
        "early_stop": 0
    }
}


/home/daniel.z/ICML_PIECLAM_020425/experiments/../clamiter.py:365:::  
staring fit_feats for 7000 iterations


/home/daniel.z/ICML_PIECLAM_020425/experiments/../trainer.py:454:::  

train_model_on_params on bigclam photo 
took 38.182387828826904 seconds


/home/daniel.z/ICML_PIECLAM_020425/experiments/optimization_utils.py:655:::  
Repetition no. 1


/home/daniel.z/ICML_PIECLAM_020425/experiments/../trainer.py:161:::  

Using dataset specific configuration and not global 




/home/daniel.z/ICML_PIECLAM_020425/experiments/../trainer.py:335:::  

 2025-05-24 03:48:59 starting optimization of bigclam on photo on device cuda

 configs_dict: 
{
    "clamiter_init": {
        "dim_feat": 60,
        "dim_attr": 500,
        "s_reg": 0.0,
        "l1_reg": 1,
        "T": 1,
        "hidden_dim": 64,
        "num_coupling_blocks": 32,
        "num_layers_mlp": 2
    },
    "feat_opt": {
        "lr": 3e-06,
        "n_iter": 7000,
        "early_stop": 0
    }
}


/home/daniel.z/ICML_PIECLAM_020425/experiments/../clamiter.py:365:::  
staring fit_feats for 7000 iterations


/home/daniel.z/ICML_PIECLAM_020425/experiments/../trainer.py:454:::  

train_model_on_params on bigclam photo 
took 38.152002573013306 seconds


/home/daniel.z/ICML_PIECLAM_020425/experiments/optimization_utils.py:655:::  
Repetition no. 2


/home/daniel.z/ICML_PIECLAM_020425/experiments/../trainer.py:161:::  

Using dataset specific configuration and not global 




/home/daniel.z/ICML_PIECLAM_020425/experiments/../trainer.py:335:::  

 2025-05-24 03:49:37 starting optimization of bigclam on photo on device cuda

 configs_dict: 
{
    "clamiter_init": {
        "dim_feat": 60,
        "dim_attr": 500,
        "s_reg": 0.0,
        "l1_reg": 1,
        "T": 1,
        "hidden_dim": 64,
        "num_coupling_blocks": 32,
        "num_layers_mlp": 2
    },
    "feat_opt": {
        "lr": 3e-06,
        "n_iter": 7000,
        "early_stop": 0
    }
}


/home/daniel.z/ICML_PIECLAM_020425/experiments/../clamiter.py:365:::  
staring fit_feats for 7000 iterations


/home/daniel.z/ICML_PIECLAM_020425/experiments/../trainer.py:454:::  

train_model_on_params on bigclam photo 
took 38.154306411743164 seconds


/home/daniel.z/ICML_PIECLAM_020425/experiments/optimization_utils.py:655:::  
Repetition no. 0


/home/daniel.z/ICML_PIECLAM_020425/experiments/../trainer.py:161:::  

Using dataset specific configuration and not global 




/home/daniel.z/ICML_PIECLAM_020425/experiments/../trainer.py:335:::  

 2025-05-24 03:50:16 starting optimization of bigclam on photo on device cuda

 configs_dict: 
{
    "clamiter_init": {
        "dim_feat": 40,
        "dim_attr": 500,
        "s_reg": 0.0,
        "l1_reg": 1,
        "T": 1,
        "hidden_dim": 64,
        "num_coupling_blocks": 32,
        "num_layers_mlp": 2
    },
    "feat_opt": {
        "lr": 2e-06,
        "n_iter": 13000,
        "early_stop": 0
    }
}


/home/daniel.z/ICML_PIECLAM_020425/experiments/../clamiter.py:365:::  
staring fit_feats for 13000 iterations


/home/daniel.z/ICML_PIECLAM_020425/experiments/../trainer.py:454:::  

train_model_on_params on bigclam photo 
took 51.58400249481201 seconds


/home/daniel.z/ICML_PIECLAM_020425/experiments/optimization_utils.py:655:::  
Repetition no. 1


/home/daniel.z/ICML_PIECLAM_020425/experiments/../trainer.py:161:::  

Using dataset specific configuration and not global 




/home/daniel.z/ICML_PIECLAM_020425/experiments/../trainer.py:335:::  

 2025-05-24 03:51:07 starting optimization of bigclam on photo on device cuda

 configs_dict: 
{
    "clamiter_init": {
        "dim_feat": 40,
        "dim_attr": 500,
        "s_reg": 0.0,
        "l1_reg": 1,
        "T": 1,
        "hidden_dim": 64,
        "num_coupling_blocks": 32,
        "num_layers_mlp": 2
    },
    "feat_opt": {
        "lr": 2e-06,
        "n_iter": 13000,
        "early_stop": 0
    }
}


/home/daniel.z/ICML_PIECLAM_020425/experiments/../clamiter.py:365:::  
staring fit_feats for 13000 iterations


/home/daniel.z/ICML_PIECLAM_020425/experiments/../trainer.py:454:::  

train_model_on_params on bigclam photo 
took 51.546040296554565 seconds


/home/daniel.z/ICML_PIECLAM_020425/experiments/optimization_utils.py:655:::  
Repetition no. 2


/home/daniel.z/ICML_PIECLAM_020425/experiments/../trainer.py:161:::  

Using dataset specific configuration and not global 




/home/daniel.z/ICML_PIECLAM_020425/experiments/../trainer.py:335:::  

 2025-05-24 03:51:59 starting optimization of bigclam on photo on device cuda

 configs_dict: 
{
    "clamiter_init": {
        "dim_feat": 40,
        "dim_attr": 500,
        "s_reg": 0.0,
        "l1_reg": 1,
        "T": 1,
        "hidden_dim": 64,
        "num_coupling_blocks": 32,
        "num_layers_mlp": 2
    },
    "feat_opt": {
        "lr": 2e-06,
        "n_iter": 13000,
        "early_stop": 0
    }
}


/home/daniel.z/ICML_PIECLAM_020425/experiments/../clamiter.py:365:::  
staring fit_feats for 13000 iterations


/home/daniel.z/ICML_PIECLAM_020425/experiments/../trainer.py:454:::  

train_model_on_params on bigclam photo 
took 51.63524508476257 seconds


/home/daniel.z/ICML_PIECLAM_020425/experiments/optimization_utils.py:655:::  
Repetition no. 0


/home/daniel.z/ICML_PIECLAM_020425/experiments/../trainer.py:161:::  

Using dataset specific configuration and not global 




/home/daniel.z/ICML_PIECLAM_020425/experiments/../trainer.py:335:::  

 2025-05-24 03:52:51 starting optimization of bigclam on photo on device cuda

 configs_dict: 
{
    "clamiter_init": {
        "dim_feat": 40,
        "dim_attr": 500,
        "s_reg": 0.0,
        "l1_reg": 1,
        "T": 1,
        "hidden_dim": 64,
        "num_coupling_blocks": 32,
        "num_layers_mlp": 2
    },
    "feat_opt": {
        "lr": 5e-06,
        "n_iter": 10000,
        "early_stop": 0
    }
}


/home/daniel.z/ICML_PIECLAM_020425/experiments/../clamiter.py:365:::  
staring fit_feats for 10000 iterations


/home/daniel.z/ICML_PIECLAM_020425/experiments/../trainer.py:454:::  

train_model_on_params on bigclam photo 
took 39.73313021659851 seconds


/home/daniel.z/ICML_PIECLAM_020425/experiments/optimization_utils.py:655:::  
Repetition no. 1


/home/daniel.z/ICML_PIECLAM_020425/experiments/../trainer.py:161:::  

Using dataset specific configuration and not global 




/home/daniel.z/ICML_PIECLAM_020425/experiments/../trainer.py:335:::  

 2025-05-24 03:53:31 starting optimization of bigclam on photo on device cuda

 configs_dict: 
{
    "clamiter_init": {
        "dim_feat": 40,
        "dim_attr": 500,
        "s_reg": 0.0,
        "l1_reg": 1,
        "T": 1,
        "hidden_dim": 64,
        "num_coupling_blocks": 32,
        "num_layers_mlp": 2
    },
    "feat_opt": {
        "lr": 5e-06,
        "n_iter": 10000,
        "early_stop": 0
    }
}


/home/daniel.z/ICML_PIECLAM_020425/experiments/../clamiter.py:365:::  
staring fit_feats for 10000 iterations


/home/daniel.z/ICML_PIECLAM_020425/experiments/../trainer.py:454:::  

train_model_on_params on bigclam photo 
took 39.832351207733154 seconds


/home/daniel.z/ICML_PIECLAM_020425/experiments/optimization_utils.py:655:::  
Repetition no. 2


/home/daniel.z/ICML_PIECLAM_020425/experiments/../trainer.py:161:::  

Using dataset specific configuration and not global 




/home/daniel.z/ICML_PIECLAM_020425/experiments/../trainer.py:335:::  

 2025-05-24 03:54:11 starting optimization of bigclam on photo on device cuda

 configs_dict: 
{
    "clamiter_init": {
        "dim_feat": 40,
        "dim_attr": 500,
        "s_reg": 0.0,
        "l1_reg": 1,
        "T": 1,
        "hidden_dim": 64,
        "num_coupling_blocks": 32,
        "num_layers_mlp": 2
    },
    "feat_opt": {
        "lr": 5e-06,
        "n_iter": 10000,
        "early_stop": 0
    }
}


/home/daniel.z/ICML_PIECLAM_020425/experiments/../clamiter.py:365:::  
staring fit_feats for 10000 iterations


/home/daniel.z/ICML_PIECLAM_020425/experiments/../trainer.py:454:::  

train_model_on_params on bigclam photo 
took 39.80897378921509 seconds


/home/daniel.z/ICML_PIECLAM_020425/experiments/optimization_utils.py:655:::  
Repetition no. 0


/home/daniel.z/ICML_PIECLAM_020425/experiments/../trainer.py:161:::  

Using dataset specific configuration and not global 




/home/daniel.z/ICML_PIECLAM_020425/experiments/../trainer.py:335:::  

 2025-05-24 03:54:51 starting optimization of bigclam on photo on device cuda

 configs_dict: 
{
    "clamiter_init": {
        "dim_feat": 50,
        "dim_attr": 500,
        "s_reg": 0.0,
        "l1_reg": 1,
        "T": 1,
        "hidden_dim": 64,
        "num_coupling_blocks": 32,
        "num_layers_mlp": 2
    },
    "feat_opt": {
        "lr": 3e-06,
        "n_iter": 7000,
        "early_stop": 0
    }
}


/home/daniel.z/ICML_PIECLAM_020425/experiments/../clamiter.py:365:::  
staring fit_feats for 7000 iterations


/home/daniel.z/ICML_PIECLAM_020425/experiments/../trainer.py:454:::  

train_model_on_params on bigclam photo 
took 33.26482582092285 seconds


/home/daniel.z/ICML_PIECLAM_020425/experiments/optimization_utils.py:655:::  
Repetition no. 1


/home/daniel.z/ICML_PIECLAM_020425/experiments/../trainer.py:161:::  

Using dataset specific configuration and not global 




/home/daniel.z/ICML_PIECLAM_020425/experiments/../trainer.py:335:::  

 2025-05-24 03:55:25 starting optimization of bigclam on photo on device cuda

 configs_dict: 
{
    "clamiter_init": {
        "dim_feat": 50,
        "dim_attr": 500,
        "s_reg": 0.0,
        "l1_reg": 1,
        "T": 1,
        "hidden_dim": 64,
        "num_coupling_blocks": 32,
        "num_layers_mlp": 2
    },
    "feat_opt": {
        "lr": 3e-06,
        "n_iter": 7000,
        "early_stop": 0
    }
}


/home/daniel.z/ICML_PIECLAM_020425/experiments/../clamiter.py:365:::  
staring fit_feats for 7000 iterations


/home/daniel.z/ICML_PIECLAM_020425/experiments/../trainer.py:454:::  

train_model_on_params on bigclam photo 
took 33.25757026672363 seconds


/home/daniel.z/ICML_PIECLAM_020425/experiments/optimization_utils.py:655:::  
Repetition no. 2


/home/daniel.z/ICML_PIECLAM_020425/experiments/../trainer.py:161:::  

Using dataset specific configuration and not global 




/home/daniel.z/ICML_PIECLAM_020425/experiments/../trainer.py:335:::  

 2025-05-24 03:55:58 starting optimization of bigclam on photo on device cuda

 configs_dict: 
{
    "clamiter_init": {
        "dim_feat": 50,
        "dim_attr": 500,
        "s_reg": 0.0,
        "l1_reg": 1,
        "T": 1,
        "hidden_dim": 64,
        "num_coupling_blocks": 32,
        "num_layers_mlp": 2
    },
    "feat_opt": {
        "lr": 3e-06,
        "n_iter": 7000,
        "early_stop": 0
    }
}


/home/daniel.z/ICML_PIECLAM_020425/experiments/../clamiter.py:365:::  
staring fit_feats for 7000 iterations


/home/daniel.z/ICML_PIECLAM_020425/experiments/../trainer.py:454:::  

train_model_on_params on bigclam photo 
took 33.200114727020264 seconds


/home/daniel.z/ICML_PIECLAM_020425/experiments/optimization_utils.py:655:::  
Repetition no. 0


/home/daniel.z/ICML_PIECLAM_020425/experiments/../trainer.py:161:::  

Using dataset specific configuration and not global 




/home/daniel.z/ICML_PIECLAM_020425/experiments/../trainer.py:335:::  

 2025-05-24 03:56:32 starting optimization of bigclam on photo on device cuda

 configs_dict: 
{
    "clamiter_init": {
        "dim_feat": 50,
        "dim_attr": 500,
        "s_reg": 0.0,
        "l1_reg": 1,
        "T": 1,
        "hidden_dim": 64,
        "num_coupling_blocks": 32,
        "num_layers_mlp": 2
    },
    "feat_opt": {
        "lr": 2e-06,
        "n_iter": 13000,
        "early_stop": 0
    }
}


/home/daniel.z/ICML_PIECLAM_020425/experiments/../clamiter.py:365:::  
staring fit_feats for 13000 iterations


/home/daniel.z/ICML_PIECLAM_020425/experiments/../trainer.py:454:::  

train_model_on_params on bigclam photo 
took 61.51372718811035 seconds


/home/daniel.z/ICML_PIECLAM_020425/experiments/optimization_utils.py:655:::  
Repetition no. 1


/home/daniel.z/ICML_PIECLAM_020425/experiments/../trainer.py:161:::  

Using dataset specific configuration and not global 




/home/daniel.z/ICML_PIECLAM_020425/experiments/../trainer.py:335:::  

 2025-05-24 03:57:34 starting optimization of bigclam on photo on device cuda

 configs_dict: 
{
    "clamiter_init": {
        "dim_feat": 50,
        "dim_attr": 500,
        "s_reg": 0.0,
        "l1_reg": 1,
        "T": 1,
        "hidden_dim": 64,
        "num_coupling_blocks": 32,
        "num_layers_mlp": 2
    },
    "feat_opt": {
        "lr": 2e-06,
        "n_iter": 13000,
        "early_stop": 0
    }
}


/home/daniel.z/ICML_PIECLAM_020425/experiments/../clamiter.py:365:::  
staring fit_feats for 13000 iterations


/home/daniel.z/ICML_PIECLAM_020425/experiments/../trainer.py:454:::  

train_model_on_params on bigclam photo 
took 61.50796318054199 seconds


/home/daniel.z/ICML_PIECLAM_020425/experiments/optimization_utils.py:655:::  
Repetition no. 2


/home/daniel.z/ICML_PIECLAM_020425/experiments/../trainer.py:161:::  

Using dataset specific configuration and not global 




/home/daniel.z/ICML_PIECLAM_020425/experiments/../trainer.py:335:::  

 2025-05-24 03:58:35 starting optimization of bigclam on photo on device cuda

 configs_dict: 
{
    "clamiter_init": {
        "dim_feat": 50,
        "dim_attr": 500,
        "s_reg": 0.0,
        "l1_reg": 1,
        "T": 1,
        "hidden_dim": 64,
        "num_coupling_blocks": 32,
        "num_layers_mlp": 2
    },
    "feat_opt": {
        "lr": 2e-06,
        "n_iter": 13000,
        "early_stop": 0
    }
}


/home/daniel.z/ICML_PIECLAM_020425/experiments/../clamiter.py:365:::  
staring fit_feats for 13000 iterations


/home/daniel.z/ICML_PIECLAM_020425/experiments/../trainer.py:454:::  

train_model_on_params on bigclam photo 
took 61.482298851013184 seconds


/home/daniel.z/ICML_PIECLAM_020425/experiments/optimization_utils.py:655:::  
Repetition no. 0


/home/daniel.z/ICML_PIECLAM_020425/experiments/../trainer.py:161:::  

Using dataset specific configuration and not global 




/home/daniel.z/ICML_PIECLAM_020425/experiments/../trainer.py:335:::  

 2025-05-24 03:59:37 starting optimization of bigclam on photo on device cuda

 configs_dict: 
{
    "clamiter_init": {
        "dim_feat": 60,
        "dim_attr": 500,
        "s_reg": 0.0,
        "l1_reg": 1,
        "T": 1,
        "hidden_dim": 64,
        "num_coupling_blocks": 32,
        "num_layers_mlp": 2
    },
    "feat_opt": {
        "lr": 3e-06,
        "n_iter": 10000,
        "early_stop": 0
    }
}


/home/daniel.z/ICML_PIECLAM_020425/experiments/../clamiter.py:365:::  
staring fit_feats for 10000 iterations


/home/daniel.z/ICML_PIECLAM_020425/experiments/../trainer.py:454:::  

train_model_on_params on bigclam photo 
took 54.44219636917114 seconds


/home/daniel.z/ICML_PIECLAM_020425/experiments/optimization_utils.py:655:::  
Repetition no. 1


/home/daniel.z/ICML_PIECLAM_020425/experiments/../trainer.py:161:::  

Using dataset specific configuration and not global 




/home/daniel.z/ICML_PIECLAM_020425/experiments/../trainer.py:335:::  

 2025-05-24 04:00:32 starting optimization of bigclam on photo on device cuda

 configs_dict: 
{
    "clamiter_init": {
        "dim_feat": 60,
        "dim_attr": 500,
        "s_reg": 0.0,
        "l1_reg": 1,
        "T": 1,
        "hidden_dim": 64,
        "num_coupling_blocks": 32,
        "num_layers_mlp": 2
    },
    "feat_opt": {
        "lr": 3e-06,
        "n_iter": 10000,
        "early_stop": 0
    }
}


/home/daniel.z/ICML_PIECLAM_020425/experiments/../clamiter.py:365:::  
staring fit_feats for 10000 iterations


/home/daniel.z/ICML_PIECLAM_020425/experiments/../trainer.py:454:::  

train_model_on_params on bigclam photo 
took 54.51062893867493 seconds


/home/daniel.z/ICML_PIECLAM_020425/experiments/optimization_utils.py:655:::  
Repetition no. 2


/home/daniel.z/ICML_PIECLAM_020425/experiments/../trainer.py:161:::  

Using dataset specific configuration and not global 




/home/daniel.z/ICML_PIECLAM_020425/experiments/../trainer.py:335:::  

 2025-05-24 04:01:27 starting optimization of bigclam on photo on device cuda

 configs_dict: 
{
    "clamiter_init": {
        "dim_feat": 60,
        "dim_attr": 500,
        "s_reg": 0.0,
        "l1_reg": 1,
        "T": 1,
        "hidden_dim": 64,
        "num_coupling_blocks": 32,
        "num_layers_mlp": 2
    },
    "feat_opt": {
        "lr": 3e-06,
        "n_iter": 10000,
        "early_stop": 0
    }
}


/home/daniel.z/ICML_PIECLAM_020425/experiments/../clamiter.py:365:::  
staring fit_feats for 10000 iterations


/home/daniel.z/ICML_PIECLAM_020425/experiments/../trainer.py:454:::  

train_model_on_params on bigclam photo 
took 54.50374245643616 seconds


/home/daniel.z/ICML_PIECLAM_020425/experiments/optimization_utils.py:655:::  
Repetition no. 0


/home/daniel.z/ICML_PIECLAM_020425/experiments/../trainer.py:161:::  

Using dataset specific configuration and not global 




/home/daniel.z/ICML_PIECLAM_020425/experiments/../trainer.py:335:::  

 2025-05-24 04:02:22 starting optimization of bigclam on photo on device cuda

 configs_dict: 
{
    "clamiter_init": {
        "dim_feat": 50,
        "dim_attr": 500,
        "s_reg": 0.0,
        "l1_reg": 1,
        "T": 1,
        "hidden_dim": 64,
        "num_coupling_blocks": 32,
        "num_layers_mlp": 2
    },
    "feat_opt": {
        "lr": 5e-06,
        "n_iter": 7000,
        "early_stop": 0
    }
}


/home/daniel.z/ICML_PIECLAM_020425/experiments/../clamiter.py:365:::  
staring fit_feats for 7000 iterations


/home/daniel.z/ICML_PIECLAM_020425/experiments/../trainer.py:454:::  

train_model_on_params on bigclam photo 
took 33.17738223075867 seconds


/home/daniel.z/ICML_PIECLAM_020425/experiments/optimization_utils.py:655:::  
Repetition no. 1


/home/daniel.z/ICML_PIECLAM_020425/experiments/../trainer.py:161:::  

Using dataset specific configuration and not global 




/home/daniel.z/ICML_PIECLAM_020425/experiments/../trainer.py:335:::  

 2025-05-24 04:02:55 starting optimization of bigclam on photo on device cuda

 configs_dict: 
{
    "clamiter_init": {
        "dim_feat": 50,
        "dim_attr": 500,
        "s_reg": 0.0,
        "l1_reg": 1,
        "T": 1,
        "hidden_dim": 64,
        "num_coupling_blocks": 32,
        "num_layers_mlp": 2
    },
    "feat_opt": {
        "lr": 5e-06,
        "n_iter": 7000,
        "early_stop": 0
    }
}


/home/daniel.z/ICML_PIECLAM_020425/experiments/../clamiter.py:365:::  
staring fit_feats for 7000 iterations


/home/daniel.z/ICML_PIECLAM_020425/experiments/../trainer.py:454:::  

train_model_on_params on bigclam photo 
took 33.192413091659546 seconds


/home/daniel.z/ICML_PIECLAM_020425/experiments/optimization_utils.py:655:::  
Repetition no. 2


/home/daniel.z/ICML_PIECLAM_020425/experiments/../trainer.py:161:::  

Using dataset specific configuration and not global 




/home/daniel.z/ICML_PIECLAM_020425/experiments/../trainer.py:335:::  

 2025-05-24 04:03:28 starting optimization of bigclam on photo on device cuda

 configs_dict: 
{
    "clamiter_init": {
        "dim_feat": 50,
        "dim_attr": 500,
        "s_reg": 0.0,
        "l1_reg": 1,
        "T": 1,
        "hidden_dim": 64,
        "num_coupling_blocks": 32,
        "num_layers_mlp": 2
    },
    "feat_opt": {
        "lr": 5e-06,
        "n_iter": 7000,
        "early_stop": 0
    }
}


/home/daniel.z/ICML_PIECLAM_020425/experiments/../clamiter.py:365:::  
staring fit_feats for 7000 iterations


/home/daniel.z/ICML_PIECLAM_020425/experiments/../trainer.py:454:::  

train_model_on_params on bigclam photo 
took 33.21481800079346 seconds


/home/daniel.z/ICML_PIECLAM_020425/experiments/optimization_utils.py:655:::  
Repetition no. 0


/home/daniel.z/ICML_PIECLAM_020425/experiments/../trainer.py:161:::  

Using dataset specific configuration and not global 




/home/daniel.z/ICML_PIECLAM_020425/experiments/../trainer.py:335:::  

 2025-05-24 04:04:02 starting optimization of bigclam on photo on device cuda

 configs_dict: 
{
    "clamiter_init": {
        "dim_feat": 60,
        "dim_attr": 500,
        "s_reg": 0.0,
        "l1_reg": 1,
        "T": 1,
        "hidden_dim": 64,
        "num_coupling_blocks": 32,
        "num_layers_mlp": 2
    },
    "feat_opt": {
        "lr": 2e-06,
        "n_iter": 7000,
        "early_stop": 0
    }
}


/home/daniel.z/ICML_PIECLAM_020425/experiments/../clamiter.py:365:::  
staring fit_feats for 7000 iterations


/home/daniel.z/ICML_PIECLAM_020425/experiments/../trainer.py:454:::  

train_model_on_params on bigclam photo 
took 38.232028007507324 seconds


/home/daniel.z/ICML_PIECLAM_020425/experiments/optimization_utils.py:655:::  
Repetition no. 1


/home/daniel.z/ICML_PIECLAM_020425/experiments/../trainer.py:161:::  

Using dataset specific configuration and not global 




/home/daniel.z/ICML_PIECLAM_020425/experiments/../trainer.py:335:::  

 2025-05-24 04:04:40 starting optimization of bigclam on photo on device cuda

 configs_dict: 
{
    "clamiter_init": {
        "dim_feat": 60,
        "dim_attr": 500,
        "s_reg": 0.0,
        "l1_reg": 1,
        "T": 1,
        "hidden_dim": 64,
        "num_coupling_blocks": 32,
        "num_layers_mlp": 2
    },
    "feat_opt": {
        "lr": 2e-06,
        "n_iter": 7000,
        "early_stop": 0
    }
}


/home/daniel.z/ICML_PIECLAM_020425/experiments/../clamiter.py:365:::  
staring fit_feats for 7000 iterations


/home/daniel.z/ICML_PIECLAM_020425/experiments/../trainer.py:454:::  

train_model_on_params on bigclam photo 
took 38.239850759506226 seconds


/home/daniel.z/ICML_PIECLAM_020425/experiments/optimization_utils.py:655:::  
Repetition no. 2


/home/daniel.z/ICML_PIECLAM_020425/experiments/../trainer.py:161:::  

Using dataset specific configuration and not global 




/home/daniel.z/ICML_PIECLAM_020425/experiments/../trainer.py:335:::  

 2025-05-24 04:05:19 starting optimization of bigclam on photo on device cuda

 configs_dict: 
{
    "clamiter_init": {
        "dim_feat": 60,
        "dim_attr": 500,
        "s_reg": 0.0,
        "l1_reg": 1,
        "T": 1,
        "hidden_dim": 64,
        "num_coupling_blocks": 32,
        "num_layers_mlp": 2
    },
    "feat_opt": {
        "lr": 2e-06,
        "n_iter": 7000,
        "early_stop": 0
    }
}


/home/daniel.z/ICML_PIECLAM_020425/experiments/../clamiter.py:365:::  
staring fit_feats for 7000 iterations


/home/daniel.z/ICML_PIECLAM_020425/experiments/../trainer.py:454:::  

train_model_on_params on bigclam photo 
took 38.23569130897522 seconds


/home/daniel.z/ICML_PIECLAM_020425/experiments/optimization_utils.py:655:::  
Repetition no. 0


/home/daniel.z/ICML_PIECLAM_020425/experiments/../trainer.py:161:::  

Using dataset specific configuration and not global 




/home/daniel.z/ICML_PIECLAM_020425/experiments/../trainer.py:335:::  

 2025-05-24 04:05:57 starting optimization of bigclam on photo on device cuda

 configs_dict: 
{
    "clamiter_init": {
        "dim_feat": 40,
        "dim_attr": 500,
        "s_reg": 0.0,
        "l1_reg": 1,
        "T": 1,
        "hidden_dim": 64,
        "num_coupling_blocks": 32,
        "num_layers_mlp": 2
    },
    "feat_opt": {
        "lr": 3e-06,
        "n_iter": 7000,
        "early_stop": 0
    }
}


/home/daniel.z/ICML_PIECLAM_020425/experiments/../clamiter.py:365:::  
staring fit_feats for 7000 iterations


/home/daniel.z/ICML_PIECLAM_020425/experiments/../trainer.py:454:::  

train_model_on_params on bigclam photo 
took 27.851582050323486 seconds


/home/daniel.z/ICML_PIECLAM_020425/experiments/optimization_utils.py:655:::  
Repetition no. 1


/home/daniel.z/ICML_PIECLAM_020425/experiments/../trainer.py:161:::  

Using dataset specific configuration and not global 




/home/daniel.z/ICML_PIECLAM_020425/experiments/../trainer.py:335:::  

 2025-05-24 04:06:26 starting optimization of bigclam on photo on device cuda

 configs_dict: 
{
    "clamiter_init": {
        "dim_feat": 40,
        "dim_attr": 500,
        "s_reg": 0.0,
        "l1_reg": 1,
        "T": 1,
        "hidden_dim": 64,
        "num_coupling_blocks": 32,
        "num_layers_mlp": 2
    },
    "feat_opt": {
        "lr": 3e-06,
        "n_iter": 7000,
        "early_stop": 0
    }
}


/home/daniel.z/ICML_PIECLAM_020425/experiments/../clamiter.py:365:::  
staring fit_feats for 7000 iterations


/home/daniel.z/ICML_PIECLAM_020425/experiments/../trainer.py:454:::  

train_model_on_params on bigclam photo 
took 27.898507833480835 seconds


/home/daniel.z/ICML_PIECLAM_020425/experiments/optimization_utils.py:655:::  
Repetition no. 2


/home/daniel.z/ICML_PIECLAM_020425/experiments/../trainer.py:161:::  

Using dataset specific configuration and not global 




/home/daniel.z/ICML_PIECLAM_020425/experiments/../trainer.py:335:::  

 2025-05-24 04:06:54 starting optimization of bigclam on photo on device cuda

 configs_dict: 
{
    "clamiter_init": {
        "dim_feat": 40,
        "dim_attr": 500,
        "s_reg": 0.0,
        "l1_reg": 1,
        "T": 1,
        "hidden_dim": 64,
        "num_coupling_blocks": 32,
        "num_layers_mlp": 2
    },
    "feat_opt": {
        "lr": 3e-06,
        "n_iter": 7000,
        "early_stop": 0
    }
}


/home/daniel.z/ICML_PIECLAM_020425/experiments/../clamiter.py:365:::  
staring fit_feats for 7000 iterations


/home/daniel.z/ICML_PIECLAM_020425/experiments/../trainer.py:454:::  

train_model_on_params on bigclam photo 
took 27.87735104560852 seconds


/home/daniel.z/ICML_PIECLAM_020425/experiments/optimization_utils.py:655:::  
Repetition no. 0


/home/daniel.z/ICML_PIECLAM_020425/experiments/../trainer.py:161:::  

Using dataset specific configuration and not global 




/home/daniel.z/ICML_PIECLAM_020425/experiments/../trainer.py:335:::  

 2025-05-24 04:07:22 starting optimization of bigclam on photo on device cuda

 configs_dict: 
{
    "clamiter_init": {
        "dim_feat": 50,
        "dim_attr": 500,
        "s_reg": 0.0,
        "l1_reg": 1,
        "T": 1,
        "hidden_dim": 64,
        "num_coupling_blocks": 32,
        "num_layers_mlp": 2
    },
    "feat_opt": {
        "lr": 5e-06,
        "n_iter": 10000,
        "early_stop": 0
    }
}


/home/daniel.z/ICML_PIECLAM_020425/experiments/../clamiter.py:365:::  
staring fit_feats for 10000 iterations


/home/daniel.z/ICML_PIECLAM_020425/experiments/../trainer.py:454:::  

train_model_on_params on bigclam photo 
took 47.46720767021179 seconds


/home/daniel.z/ICML_PIECLAM_020425/experiments/optimization_utils.py:655:::  
Repetition no. 1


/home/daniel.z/ICML_PIECLAM_020425/experiments/../trainer.py:161:::  

Using dataset specific configuration and not global 




/home/daniel.z/ICML_PIECLAM_020425/experiments/../trainer.py:335:::  

 2025-05-24 04:08:10 starting optimization of bigclam on photo on device cuda

 configs_dict: 
{
    "clamiter_init": {
        "dim_feat": 50,
        "dim_attr": 500,
        "s_reg": 0.0,
        "l1_reg": 1,
        "T": 1,
        "hidden_dim": 64,
        "num_coupling_blocks": 32,
        "num_layers_mlp": 2
    },
    "feat_opt": {
        "lr": 5e-06,
        "n_iter": 10000,
        "early_stop": 0
    }
}


/home/daniel.z/ICML_PIECLAM_020425/experiments/../clamiter.py:365:::  
staring fit_feats for 10000 iterations


/home/daniel.z/ICML_PIECLAM_020425/experiments/../trainer.py:454:::  

train_model_on_params on bigclam photo 
took 47.45644283294678 seconds


/home/daniel.z/ICML_PIECLAM_020425/experiments/optimization_utils.py:655:::  
Repetition no. 2


/home/daniel.z/ICML_PIECLAM_020425/experiments/../trainer.py:161:::  

Using dataset specific configuration and not global 




/home/daniel.z/ICML_PIECLAM_020425/experiments/../trainer.py:335:::  

 2025-05-24 04:08:57 starting optimization of bigclam on photo on device cuda

 configs_dict: 
{
    "clamiter_init": {
        "dim_feat": 50,
        "dim_attr": 500,
        "s_reg": 0.0,
        "l1_reg": 1,
        "T": 1,
        "hidden_dim": 64,
        "num_coupling_blocks": 32,
        "num_layers_mlp": 2
    },
    "feat_opt": {
        "lr": 5e-06,
        "n_iter": 10000,
        "early_stop": 0
    }
}


/home/daniel.z/ICML_PIECLAM_020425/experiments/../clamiter.py:365:::  
staring fit_feats for 10000 iterations


/home/daniel.z/ICML_PIECLAM_020425/experiments/../trainer.py:454:::  

train_model_on_params on bigclam photo 
took 47.57762885093689 seconds


/home/daniel.z/ICML_PIECLAM_020425/experiments/optimization_utils.py:655:::  
Repetition no. 0


/home/daniel.z/ICML_PIECLAM_020425/experiments/../trainer.py:161:::  

Using dataset specific configuration and not global 




/home/daniel.z/ICML_PIECLAM_020425/experiments/../trainer.py:335:::  

 2025-05-24 04:09:45 starting optimization of bigclam on photo on device cuda

 configs_dict: 
{
    "clamiter_init": {
        "dim_feat": 60,
        "dim_attr": 500,
        "s_reg": 0.0,
        "l1_reg": 1,
        "T": 1,
        "hidden_dim": 64,
        "num_coupling_blocks": 32,
        "num_layers_mlp": 2
    },
    "feat_opt": {
        "lr": 2e-06,
        "n_iter": 13000,
        "early_stop": 0
    }
}


/home/daniel.z/ICML_PIECLAM_020425/experiments/../clamiter.py:365:::  
staring fit_feats for 13000 iterations


/home/daniel.z/ICML_PIECLAM_020425/experiments/../trainer.py:454:::  

train_model_on_params on bigclam photo 
took 70.75082969665527 seconds


/home/daniel.z/ICML_PIECLAM_020425/experiments/optimization_utils.py:655:::  
Repetition no. 1


/home/daniel.z/ICML_PIECLAM_020425/experiments/../trainer.py:161:::  

Using dataset specific configuration and not global 




/home/daniel.z/ICML_PIECLAM_020425/experiments/../trainer.py:335:::  

 2025-05-24 04:10:56 starting optimization of bigclam on photo on device cuda

 configs_dict: 
{
    "clamiter_init": {
        "dim_feat": 60,
        "dim_attr": 500,
        "s_reg": 0.0,
        "l1_reg": 1,
        "T": 1,
        "hidden_dim": 64,
        "num_coupling_blocks": 32,
        "num_layers_mlp": 2
    },
    "feat_opt": {
        "lr": 2e-06,
        "n_iter": 13000,
        "early_stop": 0
    }
}


/home/daniel.z/ICML_PIECLAM_020425/experiments/../clamiter.py:365:::  
staring fit_feats for 13000 iterations


/home/daniel.z/ICML_PIECLAM_020425/experiments/../trainer.py:454:::  

train_model_on_params on bigclam photo 
took 70.83698558807373 seconds


/home/daniel.z/ICML_PIECLAM_020425/experiments/optimization_utils.py:655:::  
Repetition no. 2


/home/daniel.z/ICML_PIECLAM_020425/experiments/../trainer.py:161:::  

Using dataset specific configuration and not global 




/home/daniel.z/ICML_PIECLAM_020425/experiments/../trainer.py:335:::  

 2025-05-24 04:12:07 starting optimization of bigclam on photo on device cuda

 configs_dict: 
{
    "clamiter_init": {
        "dim_feat": 60,
        "dim_attr": 500,
        "s_reg": 0.0,
        "l1_reg": 1,
        "T": 1,
        "hidden_dim": 64,
        "num_coupling_blocks": 32,
        "num_layers_mlp": 2
    },
    "feat_opt": {
        "lr": 2e-06,
        "n_iter": 13000,
        "early_stop": 0
    }
}


/home/daniel.z/ICML_PIECLAM_020425/experiments/../clamiter.py:365:::  
staring fit_feats for 13000 iterations


/home/daniel.z/ICML_PIECLAM_020425/experiments/../trainer.py:454:::  

train_model_on_params on bigclam photo 
took 70.86192274093628 seconds


/home/daniel.z/ICML_PIECLAM_020425/experiments/optimization_utils.py:655:::  
Repetition no. 0


/home/daniel.z/ICML_PIECLAM_020425/experiments/../trainer.py:161:::  

Using dataset specific configuration and not global 




/home/daniel.z/ICML_PIECLAM_020425/experiments/../trainer.py:335:::  

 2025-05-24 04:13:19 starting optimization of bigclam on photo on device cuda

 configs_dict: 
{
    "clamiter_init": {
        "dim_feat": 50,
        "dim_attr": 500,
        "s_reg": 0.0,
        "l1_reg": 1,
        "T": 1,
        "hidden_dim": 64,
        "num_coupling_blocks": 32,
        "num_layers_mlp": 2
    },
    "feat_opt": {
        "lr": 3e-06,
        "n_iter": 10000,
        "early_stop": 0
    }
}


/home/daniel.z/ICML_PIECLAM_020425/experiments/../clamiter.py:365:::  
staring fit_feats for 10000 iterations


/home/daniel.z/ICML_PIECLAM_020425/experiments/../trainer.py:454:::  

train_model_on_params on bigclam photo 
took 47.33300852775574 seconds


/home/daniel.z/ICML_PIECLAM_020425/experiments/optimization_utils.py:655:::  
Repetition no. 1


/home/daniel.z/ICML_PIECLAM_020425/experiments/../trainer.py:161:::  

Using dataset specific configuration and not global 




/home/daniel.z/ICML_PIECLAM_020425/experiments/../trainer.py:335:::  

 2025-05-24 04:14:06 starting optimization of bigclam on photo on device cuda

 configs_dict: 
{
    "clamiter_init": {
        "dim_feat": 50,
        "dim_attr": 500,
        "s_reg": 0.0,
        "l1_reg": 1,
        "T": 1,
        "hidden_dim": 64,
        "num_coupling_blocks": 32,
        "num_layers_mlp": 2
    },
    "feat_opt": {
        "lr": 3e-06,
        "n_iter": 10000,
        "early_stop": 0
    }
}


/home/daniel.z/ICML_PIECLAM_020425/experiments/../clamiter.py:365:::  
staring fit_feats for 10000 iterations


/home/daniel.z/ICML_PIECLAM_020425/experiments/../trainer.py:454:::  

train_model_on_params on bigclam photo 
took 47.371246576309204 seconds


/home/daniel.z/ICML_PIECLAM_020425/experiments/optimization_utils.py:655:::  
Repetition no. 2


/home/daniel.z/ICML_PIECLAM_020425/experiments/../trainer.py:161:::  

Using dataset specific configuration and not global 




/home/daniel.z/ICML_PIECLAM_020425/experiments/../trainer.py:335:::  

 2025-05-24 04:14:54 starting optimization of bigclam on photo on device cuda

 configs_dict: 
{
    "clamiter_init": {
        "dim_feat": 50,
        "dim_attr": 500,
        "s_reg": 0.0,
        "l1_reg": 1,
        "T": 1,
        "hidden_dim": 64,
        "num_coupling_blocks": 32,
        "num_layers_mlp": 2
    },
    "feat_opt": {
        "lr": 3e-06,
        "n_iter": 10000,
        "early_stop": 0
    }
}


/home/daniel.z/ICML_PIECLAM_020425/experiments/../clamiter.py:365:::  
staring fit_feats for 10000 iterations


/home/daniel.z/ICML_PIECLAM_020425/experiments/../trainer.py:454:::  

train_model_on_params on bigclam photo 
took 47.3830041885376 seconds


/home/daniel.z/ICML_PIECLAM_020425/experiments/optimization_utils.py:655:::  
Repetition no. 0


/home/daniel.z/ICML_PIECLAM_020425/experiments/../trainer.py:161:::  

Using dataset specific configuration and not global 




/home/daniel.z/ICML_PIECLAM_020425/experiments/../trainer.py:335:::  

 2025-05-24 04:15:41 starting optimization of bigclam on photo on device cuda

 configs_dict: 
{
    "clamiter_init": {
        "dim_feat": 40,
        "dim_attr": 500,
        "s_reg": 0.0,
        "l1_reg": 1,
        "T": 1,
        "hidden_dim": 64,
        "num_coupling_blocks": 32,
        "num_layers_mlp": 2
    },
    "feat_opt": {
        "lr": 5e-06,
        "n_iter": 7000,
        "early_stop": 0
    }
}


/home/daniel.z/ICML_PIECLAM_020425/experiments/../clamiter.py:365:::  
staring fit_feats for 7000 iterations


/home/daniel.z/ICML_PIECLAM_020425/experiments/../trainer.py:454:::  

train_model_on_params on bigclam photo 
took 27.87781548500061 seconds


/home/daniel.z/ICML_PIECLAM_020425/experiments/optimization_utils.py:655:::  
Repetition no. 1


/home/daniel.z/ICML_PIECLAM_020425/experiments/../trainer.py:161:::  

Using dataset specific configuration and not global 




/home/daniel.z/ICML_PIECLAM_020425/experiments/../trainer.py:335:::  

 2025-05-24 04:16:10 starting optimization of bigclam on photo on device cuda

 configs_dict: 
{
    "clamiter_init": {
        "dim_feat": 40,
        "dim_attr": 500,
        "s_reg": 0.0,
        "l1_reg": 1,
        "T": 1,
        "hidden_dim": 64,
        "num_coupling_blocks": 32,
        "num_layers_mlp": 2
    },
    "feat_opt": {
        "lr": 5e-06,
        "n_iter": 7000,
        "early_stop": 0
    }
}


/home/daniel.z/ICML_PIECLAM_020425/experiments/../clamiter.py:365:::  
staring fit_feats for 7000 iterations


/home/daniel.z/ICML_PIECLAM_020425/experiments/../trainer.py:454:::  

train_model_on_params on bigclam photo 
took 27.856555700302124 seconds


/home/daniel.z/ICML_PIECLAM_020425/experiments/optimization_utils.py:655:::  
Repetition no. 2


/home/daniel.z/ICML_PIECLAM_020425/experiments/../trainer.py:161:::  

Using dataset specific configuration and not global 




/home/daniel.z/ICML_PIECLAM_020425/experiments/../trainer.py:335:::  

 2025-05-24 04:16:38 starting optimization of bigclam on photo on device cuda

 configs_dict: 
{
    "clamiter_init": {
        "dim_feat": 40,
        "dim_attr": 500,
        "s_reg": 0.0,
        "l1_reg": 1,
        "T": 1,
        "hidden_dim": 64,
        "num_coupling_blocks": 32,
        "num_layers_mlp": 2
    },
    "feat_opt": {
        "lr": 5e-06,
        "n_iter": 7000,
        "early_stop": 0
    }
}


/home/daniel.z/ICML_PIECLAM_020425/experiments/../clamiter.py:365:::  
staring fit_feats for 7000 iterations


/home/daniel.z/ICML_PIECLAM_020425/experiments/../trainer.py:454:::  

train_model_on_params on bigclam photo 
took 27.837554693222046 seconds


/home/daniel.z/ICML_PIECLAM_020425/experiments/optimization_utils.py:655:::  
Repetition no. 0


/home/daniel.z/ICML_PIECLAM_020425/experiments/../trainer.py:161:::  

Using dataset specific configuration and not global 




/home/daniel.z/ICML_PIECLAM_020425/experiments/../trainer.py:335:::  

 2025-05-24 04:17:06 starting optimization of bigclam on photo on device cuda

 configs_dict: 
{
    "clamiter_init": {
        "dim_feat": 50,
        "dim_attr": 500,
        "s_reg": 0.0,
        "l1_reg": 1,
        "T": 1,
        "hidden_dim": 64,
        "num_coupling_blocks": 32,
        "num_layers_mlp": 2
    },
    "feat_opt": {
        "lr": 5e-06,
        "n_iter": 13000,
        "early_stop": 0
    }
}


/home/daniel.z/ICML_PIECLAM_020425/experiments/../clamiter.py:365:::  
staring fit_feats for 13000 iterations


/home/daniel.z/ICML_PIECLAM_020425/experiments/../trainer.py:454:::  

train_model_on_params on bigclam photo 
took 61.52657628059387 seconds


/home/daniel.z/ICML_PIECLAM_020425/experiments/optimization_utils.py:655:::  
Repetition no. 1


/home/daniel.z/ICML_PIECLAM_020425/experiments/../trainer.py:161:::  

Using dataset specific configuration and not global 




/home/daniel.z/ICML_PIECLAM_020425/experiments/../trainer.py:335:::  

 2025-05-24 04:18:08 starting optimization of bigclam on photo on device cuda

 configs_dict: 
{
    "clamiter_init": {
        "dim_feat": 50,
        "dim_attr": 500,
        "s_reg": 0.0,
        "l1_reg": 1,
        "T": 1,
        "hidden_dim": 64,
        "num_coupling_blocks": 32,
        "num_layers_mlp": 2
    },
    "feat_opt": {
        "lr": 5e-06,
        "n_iter": 13000,
        "early_stop": 0
    }
}


/home/daniel.z/ICML_PIECLAM_020425/experiments/../clamiter.py:365:::  
staring fit_feats for 13000 iterations


/home/daniel.z/ICML_PIECLAM_020425/experiments/../trainer.py:454:::  

train_model_on_params on bigclam photo 
took 61.61907196044922 seconds


/home/daniel.z/ICML_PIECLAM_020425/experiments/optimization_utils.py:655:::  
Repetition no. 2


/home/daniel.z/ICML_PIECLAM_020425/experiments/../trainer.py:161:::  

Using dataset specific configuration and not global 




/home/daniel.z/ICML_PIECLAM_020425/experiments/../trainer.py:335:::  

 2025-05-24 04:19:10 starting optimization of bigclam on photo on device cuda

 configs_dict: 
{
    "clamiter_init": {
        "dim_feat": 50,
        "dim_attr": 500,
        "s_reg": 0.0,
        "l1_reg": 1,
        "T": 1,
        "hidden_dim": 64,
        "num_coupling_blocks": 32,
        "num_layers_mlp": 2
    },
    "feat_opt": {
        "lr": 5e-06,
        "n_iter": 13000,
        "early_stop": 0
    }
}


/home/daniel.z/ICML_PIECLAM_020425/experiments/../clamiter.py:365:::  
staring fit_feats for 13000 iterations


/home/daniel.z/ICML_PIECLAM_020425/experiments/../trainer.py:454:::  

train_model_on_params on bigclam photo 
took 61.66755747795105 seconds


/home/daniel.z/ICML_PIECLAM_020425/experiments/optimization_utils.py:655:::  
Repetition no. 0


/home/daniel.z/ICML_PIECLAM_020425/experiments/../trainer.py:161:::  

Using dataset specific configuration and not global 




/home/daniel.z/ICML_PIECLAM_020425/experiments/../trainer.py:335:::  

 2025-05-24 04:20:12 starting optimization of bigclam on photo on device cuda

 configs_dict: 
{
    "clamiter_init": {
        "dim_feat": 60,
        "dim_attr": 500,
        "s_reg": 0.0,
        "l1_reg": 1,
        "T": 1,
        "hidden_dim": 64,
        "num_coupling_blocks": 32,
        "num_layers_mlp": 2
    },
    "feat_opt": {
        "lr": 3e-06,
        "n_iter": 13000,
        "early_stop": 0
    }
}


/home/daniel.z/ICML_PIECLAM_020425/experiments/../clamiter.py:365:::  
staring fit_feats for 13000 iterations


/home/daniel.z/ICML_PIECLAM_020425/experiments/../trainer.py:454:::  

train_model_on_params on bigclam photo 
took 70.83185744285583 seconds


/home/daniel.z/ICML_PIECLAM_020425/experiments/optimization_utils.py:655:::  
Repetition no. 1


/home/daniel.z/ICML_PIECLAM_020425/experiments/../trainer.py:161:::  

Using dataset specific configuration and not global 




/home/daniel.z/ICML_PIECLAM_020425/experiments/../trainer.py:335:::  

 2025-05-24 04:21:23 starting optimization of bigclam on photo on device cuda

 configs_dict: 
{
    "clamiter_init": {
        "dim_feat": 60,
        "dim_attr": 500,
        "s_reg": 0.0,
        "l1_reg": 1,
        "T": 1,
        "hidden_dim": 64,
        "num_coupling_blocks": 32,
        "num_layers_mlp": 2
    },
    "feat_opt": {
        "lr": 3e-06,
        "n_iter": 13000,
        "early_stop": 0
    }
}


/home/daniel.z/ICML_PIECLAM_020425/experiments/../clamiter.py:365:::  
staring fit_feats for 13000 iterations


/home/daniel.z/ICML_PIECLAM_020425/experiments/../trainer.py:454:::  

train_model_on_params on bigclam photo 
took 70.9427478313446 seconds


/home/daniel.z/ICML_PIECLAM_020425/experiments/optimization_utils.py:655:::  
Repetition no. 2


/home/daniel.z/ICML_PIECLAM_020425/experiments/../trainer.py:161:::  

Using dataset specific configuration and not global 




/home/daniel.z/ICML_PIECLAM_020425/experiments/../trainer.py:335:::  

 2025-05-24 04:22:34 starting optimization of bigclam on photo on device cuda

 configs_dict: 
{
    "clamiter_init": {
        "dim_feat": 60,
        "dim_attr": 500,
        "s_reg": 0.0,
        "l1_reg": 1,
        "T": 1,
        "hidden_dim": 64,
        "num_coupling_blocks": 32,
        "num_layers_mlp": 2
    },
    "feat_opt": {
        "lr": 3e-06,
        "n_iter": 13000,
        "early_stop": 0
    }
}


/home/daniel.z/ICML_PIECLAM_020425/experiments/../clamiter.py:365:::  
staring fit_feats for 13000 iterations


/home/daniel.z/ICML_PIECLAM_020425/experiments/../trainer.py:454:::  

train_model_on_params on bigclam photo 
took 70.71532368659973 seconds


/home/daniel.z/ICML_PIECLAM_020425/experiments/optimization_utils.py:655:::  
Repetition no. 0


/home/daniel.z/ICML_PIECLAM_020425/experiments/../trainer.py:161:::  

Using dataset specific configuration and not global 




/home/daniel.z/ICML_PIECLAM_020425/experiments/../trainer.py:335:::  

 2025-05-24 04:23:45 starting optimization of bigclam on photo on device cuda

 configs_dict: 
{
    "clamiter_init": {
        "dim_feat": 40,
        "dim_attr": 500,
        "s_reg": 0.0,
        "l1_reg": 1,
        "T": 1,
        "hidden_dim": 64,
        "num_coupling_blocks": 32,
        "num_layers_mlp": 2
    },
    "feat_opt": {
        "lr": 3e-06,
        "n_iter": 10000,
        "early_stop": 0
    }
}


/home/daniel.z/ICML_PIECLAM_020425/experiments/../clamiter.py:365:::  
staring fit_feats for 10000 iterations


/home/daniel.z/ICML_PIECLAM_020425/experiments/../trainer.py:454:::  

train_model_on_params on bigclam photo 
took 39.774569511413574 seconds


/home/daniel.z/ICML_PIECLAM_020425/experiments/optimization_utils.py:655:::  
Repetition no. 1


/home/daniel.z/ICML_PIECLAM_020425/experiments/../trainer.py:161:::  

Using dataset specific configuration and not global 




/home/daniel.z/ICML_PIECLAM_020425/experiments/../trainer.py:335:::  

 2025-05-24 04:24:25 starting optimization of bigclam on photo on device cuda

 configs_dict: 
{
    "clamiter_init": {
        "dim_feat": 40,
        "dim_attr": 500,
        "s_reg": 0.0,
        "l1_reg": 1,
        "T": 1,
        "hidden_dim": 64,
        "num_coupling_blocks": 32,
        "num_layers_mlp": 2
    },
    "feat_opt": {
        "lr": 3e-06,
        "n_iter": 10000,
        "early_stop": 0
    }
}


/home/daniel.z/ICML_PIECLAM_020425/experiments/../clamiter.py:365:::  
staring fit_feats for 10000 iterations


/home/daniel.z/ICML_PIECLAM_020425/experiments/../trainer.py:454:::  

train_model_on_params on bigclam photo 
took 39.865090131759644 seconds


/home/daniel.z/ICML_PIECLAM_020425/experiments/optimization_utils.py:655:::  
Repetition no. 2


/home/daniel.z/ICML_PIECLAM_020425/experiments/../trainer.py:161:::  

Using dataset specific configuration and not global 




/home/daniel.z/ICML_PIECLAM_020425/experiments/../trainer.py:335:::  

 2025-05-24 04:25:05 starting optimization of bigclam on photo on device cuda

 configs_dict: 
{
    "clamiter_init": {
        "dim_feat": 40,
        "dim_attr": 500,
        "s_reg": 0.0,
        "l1_reg": 1,
        "T": 1,
        "hidden_dim": 64,
        "num_coupling_blocks": 32,
        "num_layers_mlp": 2
    },
    "feat_opt": {
        "lr": 3e-06,
        "n_iter": 10000,
        "early_stop": 0
    }
}


/home/daniel.z/ICML_PIECLAM_020425/experiments/../clamiter.py:365:::  
staring fit_feats for 10000 iterations


/home/daniel.z/ICML_PIECLAM_020425/experiments/../trainer.py:454:::  

train_model_on_params on bigclam photo 
took 39.84330368041992 seconds


/home/daniel.z/ICML_PIECLAM_020425/experiments/optimization_utils.py:655:::  
Repetition no. 0


/home/daniel.z/ICML_PIECLAM_020425/experiments/../trainer.py:161:::  

Using dataset specific configuration and not global 




/home/daniel.z/ICML_PIECLAM_020425/experiments/../trainer.py:335:::  

 2025-05-24 04:25:45 starting optimization of bigclam on photo on device cuda

 configs_dict: 
{
    "clamiter_init": {
        "dim_feat": 60,
        "dim_attr": 500,
        "s_reg": 0.0,
        "l1_reg": 1,
        "T": 1,
        "hidden_dim": 64,
        "num_coupling_blocks": 32,
        "num_layers_mlp": 2
    },
    "feat_opt": {
        "lr": 2e-06,
        "n_iter": 10000,
        "early_stop": 0
    }
}


/home/daniel.z/ICML_PIECLAM_020425/experiments/../clamiter.py:365:::  
staring fit_feats for 10000 iterations


/home/daniel.z/ICML_PIECLAM_020425/experiments/../trainer.py:454:::  

train_model_on_params on bigclam photo 
took 54.496745586395264 seconds


/home/daniel.z/ICML_PIECLAM_020425/experiments/optimization_utils.py:655:::  
Repetition no. 1


/home/daniel.z/ICML_PIECLAM_020425/experiments/../trainer.py:161:::  

Using dataset specific configuration and not global 




/home/daniel.z/ICML_PIECLAM_020425/experiments/../trainer.py:335:::  

 2025-05-24 04:26:40 starting optimization of bigclam on photo on device cuda

 configs_dict: 
{
    "clamiter_init": {
        "dim_feat": 60,
        "dim_attr": 500,
        "s_reg": 0.0,
        "l1_reg": 1,
        "T": 1,
        "hidden_dim": 64,
        "num_coupling_blocks": 32,
        "num_layers_mlp": 2
    },
    "feat_opt": {
        "lr": 2e-06,
        "n_iter": 10000,
        "early_stop": 0
    }
}


/home/daniel.z/ICML_PIECLAM_020425/experiments/../clamiter.py:365:::  
staring fit_feats for 10000 iterations


/home/daniel.z/ICML_PIECLAM_020425/experiments/../trainer.py:454:::  

train_model_on_params on bigclam photo 
took 54.4706974029541 seconds


/home/daniel.z/ICML_PIECLAM_020425/experiments/optimization_utils.py:655:::  
Repetition no. 2


/home/daniel.z/ICML_PIECLAM_020425/experiments/../trainer.py:161:::  

Using dataset specific configuration and not global 




/home/daniel.z/ICML_PIECLAM_020425/experiments/../trainer.py:335:::  

 2025-05-24 04:27:35 starting optimization of bigclam on photo on device cuda

 configs_dict: 
{
    "clamiter_init": {
        "dim_feat": 60,
        "dim_attr": 500,
        "s_reg": 0.0,
        "l1_reg": 1,
        "T": 1,
        "hidden_dim": 64,
        "num_coupling_blocks": 32,
        "num_layers_mlp": 2
    },
    "feat_opt": {
        "lr": 2e-06,
        "n_iter": 10000,
        "early_stop": 0
    }
}


/home/daniel.z/ICML_PIECLAM_020425/experiments/../clamiter.py:365:::  
staring fit_feats for 10000 iterations


/home/daniel.z/ICML_PIECLAM_020425/experiments/../trainer.py:454:::  

train_model_on_params on bigclam photo 
took 54.53185796737671 seconds


/home/daniel.z/ICML_PIECLAM_020425/experiments/optimization_utils.py:655:::  
Repetition no. 0


/home/daniel.z/ICML_PIECLAM_020425/experiments/../trainer.py:161:::  

Using dataset specific configuration and not global 




/home/daniel.z/ICML_PIECLAM_020425/experiments/../trainer.py:335:::  

 2025-05-24 04:28:30 starting optimization of bigclam on photo on device cuda

 configs_dict: 
{
    "clamiter_init": {
        "dim_feat": 40,
        "dim_attr": 500,
        "s_reg": 0.0,
        "l1_reg": 1,
        "T": 1,
        "hidden_dim": 64,
        "num_coupling_blocks": 32,
        "num_layers_mlp": 2
    },
    "feat_opt": {
        "lr": 3e-06,
        "n_iter": 13000,
        "early_stop": 0
    }
}


/home/daniel.z/ICML_PIECLAM_020425/experiments/../clamiter.py:365:::  
staring fit_feats for 13000 iterations


/home/daniel.z/ICML_PIECLAM_020425/experiments/../trainer.py:454:::  

train_model_on_params on bigclam photo 
took 51.71164417266846 seconds


/home/daniel.z/ICML_PIECLAM_020425/experiments/optimization_utils.py:655:::  
Repetition no. 1


/home/daniel.z/ICML_PIECLAM_020425/experiments/../trainer.py:161:::  

Using dataset specific configuration and not global 




/home/daniel.z/ICML_PIECLAM_020425/experiments/../trainer.py:335:::  

 2025-05-24 04:29:22 starting optimization of bigclam on photo on device cuda

 configs_dict: 
{
    "clamiter_init": {
        "dim_feat": 40,
        "dim_attr": 500,
        "s_reg": 0.0,
        "l1_reg": 1,
        "T": 1,
        "hidden_dim": 64,
        "num_coupling_blocks": 32,
        "num_layers_mlp": 2
    },
    "feat_opt": {
        "lr": 3e-06,
        "n_iter": 13000,
        "early_stop": 0
    }
}


/home/daniel.z/ICML_PIECLAM_020425/experiments/../clamiter.py:365:::  
staring fit_feats for 13000 iterations


/home/daniel.z/ICML_PIECLAM_020425/experiments/../trainer.py:454:::  

train_model_on_params on bigclam photo 
took 51.73224234580994 seconds


/home/daniel.z/ICML_PIECLAM_020425/experiments/optimization_utils.py:655:::  
Repetition no. 2


/home/daniel.z/ICML_PIECLAM_020425/experiments/../trainer.py:161:::  

Using dataset specific configuration and not global 




/home/daniel.z/ICML_PIECLAM_020425/experiments/../trainer.py:335:::  

 2025-05-24 04:30:14 starting optimization of bigclam on photo on device cuda

 configs_dict: 
{
    "clamiter_init": {
        "dim_feat": 40,
        "dim_attr": 500,
        "s_reg": 0.0,
        "l1_reg": 1,
        "T": 1,
        "hidden_dim": 64,
        "num_coupling_blocks": 32,
        "num_layers_mlp": 2
    },
    "feat_opt": {
        "lr": 3e-06,
        "n_iter": 13000,
        "early_stop": 0
    }
}


/home/daniel.z/ICML_PIECLAM_020425/experiments/../clamiter.py:365:::  
staring fit_feats for 13000 iterations


/home/daniel.z/ICML_PIECLAM_020425/experiments/../trainer.py:454:::  

train_model_on_params on bigclam photo 
took 51.588759660720825 seconds


/home/daniel.z/ICML_PIECLAM_020425/experiments/optimization_utils.py:655:::  
Repetition no. 0


/home/daniel.z/ICML_PIECLAM_020425/experiments/../trainer.py:161:::  

Using dataset specific configuration and not global 




/home/daniel.z/ICML_PIECLAM_020425/experiments/../trainer.py:335:::  

 2025-05-24 04:31:05 starting optimization of bigclam on photo on device cuda

 configs_dict: 
{
    "clamiter_init": {
        "dim_feat": 40,
        "dim_attr": 500,
        "s_reg": 0.0,
        "l1_reg": 1,
        "T": 1,
        "hidden_dim": 64,
        "num_coupling_blocks": 32,
        "num_layers_mlp": 2
    },
    "feat_opt": {
        "lr": 5e-06,
        "n_iter": 13000,
        "early_stop": 0
    }
}


/home/daniel.z/ICML_PIECLAM_020425/experiments/../clamiter.py:365:::  
staring fit_feats for 13000 iterations


/home/daniel.z/ICML_PIECLAM_020425/experiments/../trainer.py:454:::  

train_model_on_params on bigclam photo 
took 51.65780711174011 seconds


/home/daniel.z/ICML_PIECLAM_020425/experiments/optimization_utils.py:655:::  
Repetition no. 1


/home/daniel.z/ICML_PIECLAM_020425/experiments/../trainer.py:161:::  

Using dataset specific configuration and not global 




/home/daniel.z/ICML_PIECLAM_020425/experiments/../trainer.py:335:::  

 2025-05-24 04:31:57 starting optimization of bigclam on photo on device cuda

 configs_dict: 
{
    "clamiter_init": {
        "dim_feat": 40,
        "dim_attr": 500,
        "s_reg": 0.0,
        "l1_reg": 1,
        "T": 1,
        "hidden_dim": 64,
        "num_coupling_blocks": 32,
        "num_layers_mlp": 2
    },
    "feat_opt": {
        "lr": 5e-06,
        "n_iter": 13000,
        "early_stop": 0
    }
}


/home/daniel.z/ICML_PIECLAM_020425/experiments/../clamiter.py:365:::  
staring fit_feats for 13000 iterations


/home/daniel.z/ICML_PIECLAM_020425/experiments/../trainer.py:454:::  

train_model_on_params on bigclam photo 
took 51.702749252319336 seconds


/home/daniel.z/ICML_PIECLAM_020425/experiments/optimization_utils.py:655:::  
Repetition no. 2


/home/daniel.z/ICML_PIECLAM_020425/experiments/../trainer.py:161:::  

Using dataset specific configuration and not global 




/home/daniel.z/ICML_PIECLAM_020425/experiments/../trainer.py:335:::  

 2025-05-24 04:32:49 starting optimization of bigclam on photo on device cuda

 configs_dict: 
{
    "clamiter_init": {
        "dim_feat": 40,
        "dim_attr": 500,
        "s_reg": 0.0,
        "l1_reg": 1,
        "T": 1,
        "hidden_dim": 64,
        "num_coupling_blocks": 32,
        "num_layers_mlp": 2
    },
    "feat_opt": {
        "lr": 5e-06,
        "n_iter": 13000,
        "early_stop": 0
    }
}


/home/daniel.z/ICML_PIECLAM_020425/experiments/../clamiter.py:365:::  
staring fit_feats for 13000 iterations


/home/daniel.z/ICML_PIECLAM_020425/experiments/../trainer.py:454:::  

train_model_on_params on bigclam photo 
took 51.76231670379639 seconds


/home/daniel.z/ICML_PIECLAM_020425/experiments/optimization_utils.py:655:::  
Repetition no. 0


/home/daniel.z/ICML_PIECLAM_020425/experiments/../trainer.py:161:::  

Using dataset specific configuration and not global 




/home/daniel.z/ICML_PIECLAM_020425/experiments/../trainer.py:335:::  

 2025-05-24 04:33:41 starting optimization of bigclam on photo on device cuda

 configs_dict: 
{
    "clamiter_init": {
        "dim_feat": 60,
        "dim_attr": 500,
        "s_reg": 0.0,
        "l1_reg": 1,
        "T": 1,
        "hidden_dim": 64,
        "num_coupling_blocks": 32,
        "num_layers_mlp": 2
    },
    "feat_opt": {
        "lr": 5e-06,
        "n_iter": 10000,
        "early_stop": 0
    }
}


/home/daniel.z/ICML_PIECLAM_020425/experiments/../clamiter.py:365:::  
staring fit_feats for 10000 iterations


/home/daniel.z/ICML_PIECLAM_020425/experiments/../trainer.py:454:::  

train_model_on_params on bigclam photo 
took 54.47805857658386 seconds


/home/daniel.z/ICML_PIECLAM_020425/experiments/optimization_utils.py:655:::  
Repetition no. 1


/home/daniel.z/ICML_PIECLAM_020425/experiments/../trainer.py:161:::  

Using dataset specific configuration and not global 




/home/daniel.z/ICML_PIECLAM_020425/experiments/../trainer.py:335:::  

 2025-05-24 04:34:36 starting optimization of bigclam on photo on device cuda

 configs_dict: 
{
    "clamiter_init": {
        "dim_feat": 60,
        "dim_attr": 500,
        "s_reg": 0.0,
        "l1_reg": 1,
        "T": 1,
        "hidden_dim": 64,
        "num_coupling_blocks": 32,
        "num_layers_mlp": 2
    },
    "feat_opt": {
        "lr": 5e-06,
        "n_iter": 10000,
        "early_stop": 0
    }
}


/home/daniel.z/ICML_PIECLAM_020425/experiments/../clamiter.py:365:::  
staring fit_feats for 10000 iterations


/home/daniel.z/ICML_PIECLAM_020425/experiments/../trainer.py:454:::  

train_model_on_params on bigclam photo 
took 54.459683418273926 seconds


/home/daniel.z/ICML_PIECLAM_020425/experiments/optimization_utils.py:655:::  
Repetition no. 2


/home/daniel.z/ICML_PIECLAM_020425/experiments/../trainer.py:161:::  

Using dataset specific configuration and not global 




/home/daniel.z/ICML_PIECLAM_020425/experiments/../trainer.py:335:::  

 2025-05-24 04:35:31 starting optimization of bigclam on photo on device cuda

 configs_dict: 
{
    "clamiter_init": {
        "dim_feat": 60,
        "dim_attr": 500,
        "s_reg": 0.0,
        "l1_reg": 1,
        "T": 1,
        "hidden_dim": 64,
        "num_coupling_blocks": 32,
        "num_layers_mlp": 2
    },
    "feat_opt": {
        "lr": 5e-06,
        "n_iter": 10000,
        "early_stop": 0
    }
}


/home/daniel.z/ICML_PIECLAM_020425/experiments/../clamiter.py:365:::  
staring fit_feats for 10000 iterations


/home/daniel.z/ICML_PIECLAM_020425/experiments/../trainer.py:454:::  

train_model_on_params on bigclam photo 
took 54.49616050720215 seconds


/home/daniel.z/ICML_PIECLAM_020425/experiments/optimization_utils.py:655:::  
Repetition no. 0


/home/daniel.z/ICML_PIECLAM_020425/experiments/../trainer.py:161:::  

Using dataset specific configuration and not global 




/home/daniel.z/ICML_PIECLAM_020425/experiments/../trainer.py:335:::  

 2025-05-24 04:36:26 starting optimization of bigclam on photo on device cuda

 configs_dict: 
{
    "clamiter_init": {
        "dim_feat": 40,
        "dim_attr": 500,
        "s_reg": 0.0,
        "l1_reg": 1,
        "T": 1,
        "hidden_dim": 64,
        "num_coupling_blocks": 32,
        "num_layers_mlp": 2
    },
    "feat_opt": {
        "lr": 2e-06,
        "n_iter": 7000,
        "early_stop": 0
    }
}


/home/daniel.z/ICML_PIECLAM_020425/experiments/../clamiter.py:365:::  
staring fit_feats for 7000 iterations


/home/daniel.z/ICML_PIECLAM_020425/experiments/../trainer.py:454:::  

train_model_on_params on bigclam photo 
took 27.841796159744263 seconds


/home/daniel.z/ICML_PIECLAM_020425/experiments/optimization_utils.py:655:::  
Repetition no. 1


/home/daniel.z/ICML_PIECLAM_020425/experiments/../trainer.py:161:::  

Using dataset specific configuration and not global 




/home/daniel.z/ICML_PIECLAM_020425/experiments/../trainer.py:335:::  

 2025-05-24 04:36:54 starting optimization of bigclam on photo on device cuda

 configs_dict: 
{
    "clamiter_init": {
        "dim_feat": 40,
        "dim_attr": 500,
        "s_reg": 0.0,
        "l1_reg": 1,
        "T": 1,
        "hidden_dim": 64,
        "num_coupling_blocks": 32,
        "num_layers_mlp": 2
    },
    "feat_opt": {
        "lr": 2e-06,
        "n_iter": 7000,
        "early_stop": 0
    }
}


/home/daniel.z/ICML_PIECLAM_020425/experiments/../clamiter.py:365:::  
staring fit_feats for 7000 iterations


/home/daniel.z/ICML_PIECLAM_020425/experiments/../trainer.py:454:::  

train_model_on_params on bigclam photo 
took 27.808205127716064 seconds


/home/daniel.z/ICML_PIECLAM_020425/experiments/optimization_utils.py:655:::  
Repetition no. 2


/home/daniel.z/ICML_PIECLAM_020425/experiments/../trainer.py:161:::  

Using dataset specific configuration and not global 




/home/daniel.z/ICML_PIECLAM_020425/experiments/../trainer.py:335:::  

 2025-05-24 04:37:22 starting optimization of bigclam on photo on device cuda

 configs_dict: 
{
    "clamiter_init": {
        "dim_feat": 40,
        "dim_attr": 500,
        "s_reg": 0.0,
        "l1_reg": 1,
        "T": 1,
        "hidden_dim": 64,
        "num_coupling_blocks": 32,
        "num_layers_mlp": 2
    },
    "feat_opt": {
        "lr": 2e-06,
        "n_iter": 7000,
        "early_stop": 0
    }
}


/home/daniel.z/ICML_PIECLAM_020425/experiments/../clamiter.py:365:::  
staring fit_feats for 7000 iterations


/home/daniel.z/ICML_PIECLAM_020425/experiments/../trainer.py:454:::  

train_model_on_params on bigclam photo 
took 27.832786083221436 seconds


/home/daniel.z/ICML_PIECLAM_020425/experiments/optimization_utils.py:655:::  
Repetition no. 0


/home/daniel.z/ICML_PIECLAM_020425/experiments/../trainer.py:161:::  

Using dataset specific configuration and not global 




/home/daniel.z/ICML_PIECLAM_020425/experiments/../trainer.py:335:::  

 2025-05-24 04:37:50 starting optimization of bigclam on photo on device cuda

 configs_dict: 
{
    "clamiter_init": {
        "dim_feat": 40,
        "dim_attr": 500,
        "s_reg": 0.0,
        "l1_reg": 1,
        "T": 1,
        "hidden_dim": 64,
        "num_coupling_blocks": 32,
        "num_layers_mlp": 2
    },
    "feat_opt": {
        "lr": 2e-06,
        "n_iter": 10000,
        "early_stop": 0
    }
}


/home/daniel.z/ICML_PIECLAM_020425/experiments/../clamiter.py:365:::  
staring fit_feats for 10000 iterations


/home/daniel.z/ICML_PIECLAM_020425/experiments/../trainer.py:454:::  

train_model_on_params on bigclam photo 
took 39.73784351348877 seconds


/home/daniel.z/ICML_PIECLAM_020425/experiments/optimization_utils.py:655:::  
Repetition no. 1


/home/daniel.z/ICML_PIECLAM_020425/experiments/../trainer.py:161:::  

Using dataset specific configuration and not global 




/home/daniel.z/ICML_PIECLAM_020425/experiments/../trainer.py:335:::  

 2025-05-24 04:38:30 starting optimization of bigclam on photo on device cuda

 configs_dict: 
{
    "clamiter_init": {
        "dim_feat": 40,
        "dim_attr": 500,
        "s_reg": 0.0,
        "l1_reg": 1,
        "T": 1,
        "hidden_dim": 64,
        "num_coupling_blocks": 32,
        "num_layers_mlp": 2
    },
    "feat_opt": {
        "lr": 2e-06,
        "n_iter": 10000,
        "early_stop": 0
    }
}


/home/daniel.z/ICML_PIECLAM_020425/experiments/../clamiter.py:365:::  
staring fit_feats for 10000 iterations


/home/daniel.z/ICML_PIECLAM_020425/experiments/../trainer.py:454:::  

train_model_on_params on bigclam photo 
took 39.770458936691284 seconds


/home/daniel.z/ICML_PIECLAM_020425/experiments/optimization_utils.py:655:::  
Repetition no. 2


/home/daniel.z/ICML_PIECLAM_020425/experiments/../trainer.py:161:::  

Using dataset specific configuration and not global 




/home/daniel.z/ICML_PIECLAM_020425/experiments/../trainer.py:335:::  

 2025-05-24 04:39:10 starting optimization of bigclam on photo on device cuda

 configs_dict: 
{
    "clamiter_init": {
        "dim_feat": 40,
        "dim_attr": 500,
        "s_reg": 0.0,
        "l1_reg": 1,
        "T": 1,
        "hidden_dim": 64,
        "num_coupling_blocks": 32,
        "num_layers_mlp": 2
    },
    "feat_opt": {
        "lr": 2e-06,
        "n_iter": 10000,
        "early_stop": 0
    }
}


/home/daniel.z/ICML_PIECLAM_020425/experiments/../clamiter.py:365:::  
staring fit_feats for 10000 iterations


/home/daniel.z/ICML_PIECLAM_020425/experiments/../trainer.py:454:::  

train_model_on_params on bigclam photo 
took 39.77373218536377 seconds


/home/daniel.z/ICML_PIECLAM_020425/experiments/optimization_utils.py:655:::  
Repetition no. 0


/home/daniel.z/ICML_PIECLAM_020425/experiments/../trainer.py:161:::  

Using dataset specific configuration and not global 




/home/daniel.z/ICML_PIECLAM_020425/experiments/../trainer.py:335:::  

 2025-05-24 04:39:50 starting optimization of bigclam on photo on device cuda

 configs_dict: 
{
    "clamiter_init": {
        "dim_feat": 60,
        "dim_attr": 500,
        "s_reg": 0.0,
        "l1_reg": 1,
        "T": 1,
        "hidden_dim": 64,
        "num_coupling_blocks": 32,
        "num_layers_mlp": 2
    },
    "feat_opt": {
        "lr": 5e-06,
        "n_iter": 7000,
        "early_stop": 0
    }
}


/home/daniel.z/ICML_PIECLAM_020425/experiments/../clamiter.py:365:::  
staring fit_feats for 7000 iterations


/home/daniel.z/ICML_PIECLAM_020425/experiments/../trainer.py:454:::  

train_model_on_params on bigclam photo 
took 38.18200325965881 seconds


/home/daniel.z/ICML_PIECLAM_020425/experiments/optimization_utils.py:655:::  
Repetition no. 1


/home/daniel.z/ICML_PIECLAM_020425/experiments/../trainer.py:161:::  

Using dataset specific configuration and not global 




/home/daniel.z/ICML_PIECLAM_020425/experiments/../trainer.py:335:::  

 2025-05-24 04:40:28 starting optimization of bigclam on photo on device cuda

 configs_dict: 
{
    "clamiter_init": {
        "dim_feat": 60,
        "dim_attr": 500,
        "s_reg": 0.0,
        "l1_reg": 1,
        "T": 1,
        "hidden_dim": 64,
        "num_coupling_blocks": 32,
        "num_layers_mlp": 2
    },
    "feat_opt": {
        "lr": 5e-06,
        "n_iter": 7000,
        "early_stop": 0
    }
}


/home/daniel.z/ICML_PIECLAM_020425/experiments/../clamiter.py:365:::  
staring fit_feats for 7000 iterations


/home/daniel.z/ICML_PIECLAM_020425/experiments/../trainer.py:454:::  

train_model_on_params on bigclam photo 
took 38.20759463310242 seconds


/home/daniel.z/ICML_PIECLAM_020425/experiments/optimization_utils.py:655:::  
Repetition no. 2


/home/daniel.z/ICML_PIECLAM_020425/experiments/../trainer.py:161:::  

Using dataset specific configuration and not global 




/home/daniel.z/ICML_PIECLAM_020425/experiments/../trainer.py:335:::  

 2025-05-24 04:41:07 starting optimization of bigclam on photo on device cuda

 configs_dict: 
{
    "clamiter_init": {
        "dim_feat": 60,
        "dim_attr": 500,
        "s_reg": 0.0,
        "l1_reg": 1,
        "T": 1,
        "hidden_dim": 64,
        "num_coupling_blocks": 32,
        "num_layers_mlp": 2
    },
    "feat_opt": {
        "lr": 5e-06,
        "n_iter": 7000,
        "early_stop": 0
    }
}


/home/daniel.z/ICML_PIECLAM_020425/experiments/../clamiter.py:365:::  
staring fit_feats for 7000 iterations


/home/daniel.z/ICML_PIECLAM_020425/experiments/../trainer.py:454:::  

train_model_on_params on bigclam photo 
took 38.23475003242493 seconds


/home/daniel.z/ICML_PIECLAM_020425/experiments/optimization_utils.py:729:::  


Finished CrossVal!




/home/daniel.z/ICML_PIECLAM_020425/experiments/optimization_utils.py:516:::  
On test set split_05-18_02-05-25 of photo,bigclam
 ======================


/home/daniel.z/ICML_PIECLAM_020425/experiments/optimization_utils.py:633:::  
RunSaver defined to acc_configs path /home/daniel.z/ICML_PIECLAM_020425/experiments/results/link_prediction/auc/photo/bigclam/split_05-18_02-05-25/valid/acc_configs04-41_24-05-25.json


/home/daniel.z/ICML_PIECLAM_020425/experiments/optimization_utils.py:655:::  
Repetition no. 0


/home/daniel.z/ICML_PIECLAM_020425/experiments/../trainer.py:161:::  

Using dataset specific configuration and not global 




/home/daniel.z/ICML_PIECLAM_020425/experiments/../trainer.py:335:::  

 2025-05-24 04:41:48 starting optimization of bigclam on photo on device cuda

 configs_dict: 
{
    "clamiter_init": {
        "dim_feat": 50,
        "dim_attr": 500,
        "s_reg": 0.0,
        "l1_reg": 1,
        "T": 1,
        "hidden_dim": 64,
        "num_coupling_blocks": 32,
        "num_layers_mlp": 2
    },
    "feat_opt": {
        "lr": 3e-06,
        "n_iter": 13000,
        "early_stop": 0
    }
}


/home/daniel.z/ICML_PIECLAM_020425/experiments/../clamiter.py:365:::  
staring fit_feats for 13000 iterations


/home/daniel.z/ICML_PIECLAM_020425/experiments/../trainer.py:454:::  

train_model_on_params on bigclam photo 
took 61.628541707992554 seconds


/home/daniel.z/ICML_PIECLAM_020425/experiments/optimization_utils.py:655:::  
Repetition no. 1


/home/daniel.z/ICML_PIECLAM_020425/experiments/../trainer.py:161:::  

Using dataset specific configuration and not global 




/home/daniel.z/ICML_PIECLAM_020425/experiments/../trainer.py:335:::  

 2025-05-24 04:42:50 starting optimization of bigclam on photo on device cuda

 configs_dict: 
{
    "clamiter_init": {
        "dim_feat": 50,
        "dim_attr": 500,
        "s_reg": 0.0,
        "l1_reg": 1,
        "T": 1,
        "hidden_dim": 64,
        "num_coupling_blocks": 32,
        "num_layers_mlp": 2
    },
    "feat_opt": {
        "lr": 3e-06,
        "n_iter": 13000,
        "early_stop": 0
    }
}


/home/daniel.z/ICML_PIECLAM_020425/experiments/../clamiter.py:365:::  
staring fit_feats for 13000 iterations


/home/daniel.z/ICML_PIECLAM_020425/experiments/../trainer.py:454:::  

train_model_on_params on bigclam photo 
took 61.54719638824463 seconds


/home/daniel.z/ICML_PIECLAM_020425/experiments/optimization_utils.py:655:::  
Repetition no. 2


/home/daniel.z/ICML_PIECLAM_020425/experiments/../trainer.py:161:::  

Using dataset specific configuration and not global 




/home/daniel.z/ICML_PIECLAM_020425/experiments/../trainer.py:335:::  

 2025-05-24 04:43:52 starting optimization of bigclam on photo on device cuda

 configs_dict: 
{
    "clamiter_init": {
        "dim_feat": 50,
        "dim_attr": 500,
        "s_reg": 0.0,
        "l1_reg": 1,
        "T": 1,
        "hidden_dim": 64,
        "num_coupling_blocks": 32,
        "num_layers_mlp": 2
    },
    "feat_opt": {
        "lr": 3e-06,
        "n_iter": 13000,
        "early_stop": 0
    }
}


/home/daniel.z/ICML_PIECLAM_020425/experiments/../clamiter.py:365:::  
staring fit_feats for 13000 iterations


/home/daniel.z/ICML_PIECLAM_020425/experiments/../trainer.py:454:::  

train_model_on_params on bigclam photo 
took 61.619991302490234 seconds


/home/daniel.z/ICML_PIECLAM_020425/experiments/optimization_utils.py:655:::  
Repetition no. 0


/home/daniel.z/ICML_PIECLAM_020425/experiments/../trainer.py:161:::  

Using dataset specific configuration and not global 




/home/daniel.z/ICML_PIECLAM_020425/experiments/../trainer.py:335:::  

 2025-05-24 04:44:54 starting optimization of bigclam on photo on device cuda

 configs_dict: 
{
    "clamiter_init": {
        "dim_feat": 50,
        "dim_attr": 500,
        "s_reg": 0.0,
        "l1_reg": 1,
        "T": 1,
        "hidden_dim": 64,
        "num_coupling_blocks": 32,
        "num_layers_mlp": 2
    },
    "feat_opt": {
        "lr": 2e-06,
        "n_iter": 10000,
        "early_stop": 0
    }
}


/home/daniel.z/ICML_PIECLAM_020425/experiments/../clamiter.py:365:::  
staring fit_feats for 10000 iterations


/home/daniel.z/ICML_PIECLAM_020425/experiments/../trainer.py:454:::  

train_model_on_params on bigclam photo 
took 47.36548209190369 seconds


/home/daniel.z/ICML_PIECLAM_020425/experiments/optimization_utils.py:655:::  
Repetition no. 1


/home/daniel.z/ICML_PIECLAM_020425/experiments/../trainer.py:161:::  

Using dataset specific configuration and not global 




/home/daniel.z/ICML_PIECLAM_020425/experiments/../trainer.py:335:::  

 2025-05-24 04:45:41 starting optimization of bigclam on photo on device cuda

 configs_dict: 
{
    "clamiter_init": {
        "dim_feat": 50,
        "dim_attr": 500,
        "s_reg": 0.0,
        "l1_reg": 1,
        "T": 1,
        "hidden_dim": 64,
        "num_coupling_blocks": 32,
        "num_layers_mlp": 2
    },
    "feat_opt": {
        "lr": 2e-06,
        "n_iter": 10000,
        "early_stop": 0
    }
}


/home/daniel.z/ICML_PIECLAM_020425/experiments/../clamiter.py:365:::  
staring fit_feats for 10000 iterations


/home/daniel.z/ICML_PIECLAM_020425/experiments/../trainer.py:454:::  

train_model_on_params on bigclam photo 
took 47.296481132507324 seconds


/home/daniel.z/ICML_PIECLAM_020425/experiments/optimization_utils.py:655:::  
Repetition no. 2


/home/daniel.z/ICML_PIECLAM_020425/experiments/../trainer.py:161:::  

Using dataset specific configuration and not global 




/home/daniel.z/ICML_PIECLAM_020425/experiments/../trainer.py:335:::  

 2025-05-24 04:46:29 starting optimization of bigclam on photo on device cuda

 configs_dict: 
{
    "clamiter_init": {
        "dim_feat": 50,
        "dim_attr": 500,
        "s_reg": 0.0,
        "l1_reg": 1,
        "T": 1,
        "hidden_dim": 64,
        "num_coupling_blocks": 32,
        "num_layers_mlp": 2
    },
    "feat_opt": {
        "lr": 2e-06,
        "n_iter": 10000,
        "early_stop": 0
    }
}


/home/daniel.z/ICML_PIECLAM_020425/experiments/../clamiter.py:365:::  
staring fit_feats for 10000 iterations


/home/daniel.z/ICML_PIECLAM_020425/experiments/../trainer.py:454:::  

train_model_on_params on bigclam photo 
took 47.292951345443726 seconds


/home/daniel.z/ICML_PIECLAM_020425/experiments/optimization_utils.py:655:::  
Repetition no. 0


/home/daniel.z/ICML_PIECLAM_020425/experiments/../trainer.py:161:::  

Using dataset specific configuration and not global 




/home/daniel.z/ICML_PIECLAM_020425/experiments/../trainer.py:335:::  

 2025-05-24 04:47:16 starting optimization of bigclam on photo on device cuda

 configs_dict: 
{
    "clamiter_init": {
        "dim_feat": 50,
        "dim_attr": 500,
        "s_reg": 0.0,
        "l1_reg": 1,
        "T": 1,
        "hidden_dim": 64,
        "num_coupling_blocks": 32,
        "num_layers_mlp": 2
    },
    "feat_opt": {
        "lr": 2e-06,
        "n_iter": 7000,
        "early_stop": 0
    }
}


/home/daniel.z/ICML_PIECLAM_020425/experiments/../clamiter.py:365:::  
staring fit_feats for 7000 iterations


/home/daniel.z/ICML_PIECLAM_020425/experiments/../trainer.py:454:::  

train_model_on_params on bigclam photo 
took 33.21792531013489 seconds


/home/daniel.z/ICML_PIECLAM_020425/experiments/optimization_utils.py:655:::  
Repetition no. 1


/home/daniel.z/ICML_PIECLAM_020425/experiments/../trainer.py:161:::  

Using dataset specific configuration and not global 




/home/daniel.z/ICML_PIECLAM_020425/experiments/../trainer.py:335:::  

 2025-05-24 04:47:50 starting optimization of bigclam on photo on device cuda

 configs_dict: 
{
    "clamiter_init": {
        "dim_feat": 50,
        "dim_attr": 500,
        "s_reg": 0.0,
        "l1_reg": 1,
        "T": 1,
        "hidden_dim": 64,
        "num_coupling_blocks": 32,
        "num_layers_mlp": 2
    },
    "feat_opt": {
        "lr": 2e-06,
        "n_iter": 7000,
        "early_stop": 0
    }
}


/home/daniel.z/ICML_PIECLAM_020425/experiments/../clamiter.py:365:::  
staring fit_feats for 7000 iterations


/home/daniel.z/ICML_PIECLAM_020425/experiments/../trainer.py:454:::  

train_model_on_params on bigclam photo 
took 33.26581621170044 seconds


/home/daniel.z/ICML_PIECLAM_020425/experiments/optimization_utils.py:655:::  
Repetition no. 2


/home/daniel.z/ICML_PIECLAM_020425/experiments/../trainer.py:161:::  

Using dataset specific configuration and not global 




/home/daniel.z/ICML_PIECLAM_020425/experiments/../trainer.py:335:::  

 2025-05-24 04:48:23 starting optimization of bigclam on photo on device cuda

 configs_dict: 
{
    "clamiter_init": {
        "dim_feat": 50,
        "dim_attr": 500,
        "s_reg": 0.0,
        "l1_reg": 1,
        "T": 1,
        "hidden_dim": 64,
        "num_coupling_blocks": 32,
        "num_layers_mlp": 2
    },
    "feat_opt": {
        "lr": 2e-06,
        "n_iter": 7000,
        "early_stop": 0
    }
}


/home/daniel.z/ICML_PIECLAM_020425/experiments/../clamiter.py:365:::  
staring fit_feats for 7000 iterations


/home/daniel.z/ICML_PIECLAM_020425/experiments/../trainer.py:454:::  

train_model_on_params on bigclam photo 
took 33.18899941444397 seconds


/home/daniel.z/ICML_PIECLAM_020425/experiments/optimization_utils.py:655:::  
Repetition no. 0


/home/daniel.z/ICML_PIECLAM_020425/experiments/../trainer.py:161:::  

Using dataset specific configuration and not global 




/home/daniel.z/ICML_PIECLAM_020425/experiments/../trainer.py:335:::  

 2025-05-24 04:48:57 starting optimization of bigclam on photo on device cuda

 configs_dict: 
{
    "clamiter_init": {
        "dim_feat": 60,
        "dim_attr": 500,
        "s_reg": 0.0,
        "l1_reg": 1,
        "T": 1,
        "hidden_dim": 64,
        "num_coupling_blocks": 32,
        "num_layers_mlp": 2
    },
    "feat_opt": {
        "lr": 5e-06,
        "n_iter": 13000,
        "early_stop": 0
    }
}


/home/daniel.z/ICML_PIECLAM_020425/experiments/../clamiter.py:365:::  
staring fit_feats for 13000 iterations


/home/daniel.z/ICML_PIECLAM_020425/experiments/../trainer.py:454:::  

train_model_on_params on bigclam photo 
took 70.68665981292725 seconds


/home/daniel.z/ICML_PIECLAM_020425/experiments/optimization_utils.py:655:::  
Repetition no. 1


/home/daniel.z/ICML_PIECLAM_020425/experiments/../trainer.py:161:::  

Using dataset specific configuration and not global 




/home/daniel.z/ICML_PIECLAM_020425/experiments/../trainer.py:335:::  

 2025-05-24 04:50:08 starting optimization of bigclam on photo on device cuda

 configs_dict: 
{
    "clamiter_init": {
        "dim_feat": 60,
        "dim_attr": 500,
        "s_reg": 0.0,
        "l1_reg": 1,
        "T": 1,
        "hidden_dim": 64,
        "num_coupling_blocks": 32,
        "num_layers_mlp": 2
    },
    "feat_opt": {
        "lr": 5e-06,
        "n_iter": 13000,
        "early_stop": 0
    }
}


/home/daniel.z/ICML_PIECLAM_020425/experiments/../clamiter.py:365:::  
staring fit_feats for 13000 iterations


/home/daniel.z/ICML_PIECLAM_020425/experiments/../trainer.py:454:::  

train_model_on_params on bigclam photo 
took 70.85177898406982 seconds


/home/daniel.z/ICML_PIECLAM_020425/experiments/optimization_utils.py:655:::  
Repetition no. 2


/home/daniel.z/ICML_PIECLAM_020425/experiments/../trainer.py:161:::  

Using dataset specific configuration and not global 




/home/daniel.z/ICML_PIECLAM_020425/experiments/../trainer.py:335:::  

 2025-05-24 04:51:19 starting optimization of bigclam on photo on device cuda

 configs_dict: 
{
    "clamiter_init": {
        "dim_feat": 60,
        "dim_attr": 500,
        "s_reg": 0.0,
        "l1_reg": 1,
        "T": 1,
        "hidden_dim": 64,
        "num_coupling_blocks": 32,
        "num_layers_mlp": 2
    },
    "feat_opt": {
        "lr": 5e-06,
        "n_iter": 13000,
        "early_stop": 0
    }
}


/home/daniel.z/ICML_PIECLAM_020425/experiments/../clamiter.py:365:::  
staring fit_feats for 13000 iterations


/home/daniel.z/ICML_PIECLAM_020425/experiments/../trainer.py:454:::  

train_model_on_params on bigclam photo 
took 70.75990867614746 seconds


/home/daniel.z/ICML_PIECLAM_020425/experiments/optimization_utils.py:655:::  
Repetition no. 0


/home/daniel.z/ICML_PIECLAM_020425/experiments/../trainer.py:161:::  

Using dataset specific configuration and not global 




/home/daniel.z/ICML_PIECLAM_020425/experiments/../trainer.py:335:::  

 2025-05-24 04:52:30 starting optimization of bigclam on photo on device cuda

 configs_dict: 
{
    "clamiter_init": {
        "dim_feat": 60,
        "dim_attr": 500,
        "s_reg": 0.0,
        "l1_reg": 1,
        "T": 1,
        "hidden_dim": 64,
        "num_coupling_blocks": 32,
        "num_layers_mlp": 2
    },
    "feat_opt": {
        "lr": 3e-06,
        "n_iter": 7000,
        "early_stop": 0
    }
}


/home/daniel.z/ICML_PIECLAM_020425/experiments/../clamiter.py:365:::  
staring fit_feats for 7000 iterations


/home/daniel.z/ICML_PIECLAM_020425/experiments/../trainer.py:454:::  

train_model_on_params on bigclam photo 
took 38.16178846359253 seconds


/home/daniel.z/ICML_PIECLAM_020425/experiments/optimization_utils.py:655:::  
Repetition no. 1


/home/daniel.z/ICML_PIECLAM_020425/experiments/../trainer.py:161:::  

Using dataset specific configuration and not global 




/home/daniel.z/ICML_PIECLAM_020425/experiments/../trainer.py:335:::  

 2025-05-24 04:53:08 starting optimization of bigclam on photo on device cuda

 configs_dict: 
{
    "clamiter_init": {
        "dim_feat": 60,
        "dim_attr": 500,
        "s_reg": 0.0,
        "l1_reg": 1,
        "T": 1,
        "hidden_dim": 64,
        "num_coupling_blocks": 32,
        "num_layers_mlp": 2
    },
    "feat_opt": {
        "lr": 3e-06,
        "n_iter": 7000,
        "early_stop": 0
    }
}


/home/daniel.z/ICML_PIECLAM_020425/experiments/../clamiter.py:365:::  
staring fit_feats for 7000 iterations


/home/daniel.z/ICML_PIECLAM_020425/experiments/../trainer.py:454:::  

train_model_on_params on bigclam photo 
took 38.23092532157898 seconds


/home/daniel.z/ICML_PIECLAM_020425/experiments/optimization_utils.py:655:::  
Repetition no. 2


/home/daniel.z/ICML_PIECLAM_020425/experiments/../trainer.py:161:::  

Using dataset specific configuration and not global 




/home/daniel.z/ICML_PIECLAM_020425/experiments/../trainer.py:335:::  

 2025-05-24 04:53:47 starting optimization of bigclam on photo on device cuda

 configs_dict: 
{
    "clamiter_init": {
        "dim_feat": 60,
        "dim_attr": 500,
        "s_reg": 0.0,
        "l1_reg": 1,
        "T": 1,
        "hidden_dim": 64,
        "num_coupling_blocks": 32,
        "num_layers_mlp": 2
    },
    "feat_opt": {
        "lr": 3e-06,
        "n_iter": 7000,
        "early_stop": 0
    }
}


/home/daniel.z/ICML_PIECLAM_020425/experiments/../clamiter.py:365:::  
staring fit_feats for 7000 iterations


/home/daniel.z/ICML_PIECLAM_020425/experiments/../trainer.py:454:::  

train_model_on_params on bigclam photo 
took 38.196836709976196 seconds


/home/daniel.z/ICML_PIECLAM_020425/experiments/optimization_utils.py:655:::  
Repetition no. 0


/home/daniel.z/ICML_PIECLAM_020425/experiments/../trainer.py:161:::  

Using dataset specific configuration and not global 




/home/daniel.z/ICML_PIECLAM_020425/experiments/../trainer.py:335:::  

 2025-05-24 04:54:25 starting optimization of bigclam on photo on device cuda

 configs_dict: 
{
    "clamiter_init": {
        "dim_feat": 40,
        "dim_attr": 500,
        "s_reg": 0.0,
        "l1_reg": 1,
        "T": 1,
        "hidden_dim": 64,
        "num_coupling_blocks": 32,
        "num_layers_mlp": 2
    },
    "feat_opt": {
        "lr": 2e-06,
        "n_iter": 13000,
        "early_stop": 0
    }
}


/home/daniel.z/ICML_PIECLAM_020425/experiments/../clamiter.py:365:::  
staring fit_feats for 13000 iterations


/home/daniel.z/ICML_PIECLAM_020425/experiments/../trainer.py:454:::  

train_model_on_params on bigclam photo 
took 51.57996082305908 seconds


/home/daniel.z/ICML_PIECLAM_020425/experiments/optimization_utils.py:655:::  
Repetition no. 1


/home/daniel.z/ICML_PIECLAM_020425/experiments/../trainer.py:161:::  

Using dataset specific configuration and not global 




/home/daniel.z/ICML_PIECLAM_020425/experiments/../trainer.py:335:::  

 2025-05-24 04:55:17 starting optimization of bigclam on photo on device cuda

 configs_dict: 
{
    "clamiter_init": {
        "dim_feat": 40,
        "dim_attr": 500,
        "s_reg": 0.0,
        "l1_reg": 1,
        "T": 1,
        "hidden_dim": 64,
        "num_coupling_blocks": 32,
        "num_layers_mlp": 2
    },
    "feat_opt": {
        "lr": 2e-06,
        "n_iter": 13000,
        "early_stop": 0
    }
}


/home/daniel.z/ICML_PIECLAM_020425/experiments/../clamiter.py:365:::  
staring fit_feats for 13000 iterations


/home/daniel.z/ICML_PIECLAM_020425/experiments/../trainer.py:454:::  

train_model_on_params on bigclam photo 
took 51.52907991409302 seconds


/home/daniel.z/ICML_PIECLAM_020425/experiments/optimization_utils.py:655:::  
Repetition no. 2


/home/daniel.z/ICML_PIECLAM_020425/experiments/../trainer.py:161:::  

Using dataset specific configuration and not global 




/home/daniel.z/ICML_PIECLAM_020425/experiments/../trainer.py:335:::  

 2025-05-24 04:56:09 starting optimization of bigclam on photo on device cuda

 configs_dict: 
{
    "clamiter_init": {
        "dim_feat": 40,
        "dim_attr": 500,
        "s_reg": 0.0,
        "l1_reg": 1,
        "T": 1,
        "hidden_dim": 64,
        "num_coupling_blocks": 32,
        "num_layers_mlp": 2
    },
    "feat_opt": {
        "lr": 2e-06,
        "n_iter": 13000,
        "early_stop": 0
    }
}


/home/daniel.z/ICML_PIECLAM_020425/experiments/../clamiter.py:365:::  
staring fit_feats for 13000 iterations


/home/daniel.z/ICML_PIECLAM_020425/experiments/../trainer.py:454:::  

train_model_on_params on bigclam photo 
took 51.71782898902893 seconds


/home/daniel.z/ICML_PIECLAM_020425/experiments/optimization_utils.py:655:::  
Repetition no. 0


/home/daniel.z/ICML_PIECLAM_020425/experiments/../trainer.py:161:::  

Using dataset specific configuration and not global 




/home/daniel.z/ICML_PIECLAM_020425/experiments/../trainer.py:335:::  

 2025-05-24 04:57:01 starting optimization of bigclam on photo on device cuda

 configs_dict: 
{
    "clamiter_init": {
        "dim_feat": 40,
        "dim_attr": 500,
        "s_reg": 0.0,
        "l1_reg": 1,
        "T": 1,
        "hidden_dim": 64,
        "num_coupling_blocks": 32,
        "num_layers_mlp": 2
    },
    "feat_opt": {
        "lr": 5e-06,
        "n_iter": 10000,
        "early_stop": 0
    }
}


/home/daniel.z/ICML_PIECLAM_020425/experiments/../clamiter.py:365:::  
staring fit_feats for 10000 iterations


/home/daniel.z/ICML_PIECLAM_020425/experiments/../trainer.py:454:::  

train_model_on_params on bigclam photo 
took 39.76408386230469 seconds


/home/daniel.z/ICML_PIECLAM_020425/experiments/optimization_utils.py:655:::  
Repetition no. 1


/home/daniel.z/ICML_PIECLAM_020425/experiments/../trainer.py:161:::  

Using dataset specific configuration and not global 




/home/daniel.z/ICML_PIECLAM_020425/experiments/../trainer.py:335:::  

 2025-05-24 04:57:41 starting optimization of bigclam on photo on device cuda

 configs_dict: 
{
    "clamiter_init": {
        "dim_feat": 40,
        "dim_attr": 500,
        "s_reg": 0.0,
        "l1_reg": 1,
        "T": 1,
        "hidden_dim": 64,
        "num_coupling_blocks": 32,
        "num_layers_mlp": 2
    },
    "feat_opt": {
        "lr": 5e-06,
        "n_iter": 10000,
        "early_stop": 0
    }
}


/home/daniel.z/ICML_PIECLAM_020425/experiments/../clamiter.py:365:::  
staring fit_feats for 10000 iterations


/home/daniel.z/ICML_PIECLAM_020425/experiments/../trainer.py:454:::  

train_model_on_params on bigclam photo 
took 39.72597098350525 seconds


/home/daniel.z/ICML_PIECLAM_020425/experiments/optimization_utils.py:655:::  
Repetition no. 2


/home/daniel.z/ICML_PIECLAM_020425/experiments/../trainer.py:161:::  

Using dataset specific configuration and not global 




/home/daniel.z/ICML_PIECLAM_020425/experiments/../trainer.py:335:::  

 2025-05-24 04:58:21 starting optimization of bigclam on photo on device cuda

 configs_dict: 
{
    "clamiter_init": {
        "dim_feat": 40,
        "dim_attr": 500,
        "s_reg": 0.0,
        "l1_reg": 1,
        "T": 1,
        "hidden_dim": 64,
        "num_coupling_blocks": 32,
        "num_layers_mlp": 2
    },
    "feat_opt": {
        "lr": 5e-06,
        "n_iter": 10000,
        "early_stop": 0
    }
}


/home/daniel.z/ICML_PIECLAM_020425/experiments/../clamiter.py:365:::  
staring fit_feats for 10000 iterations


/home/daniel.z/ICML_PIECLAM_020425/experiments/../trainer.py:454:::  

train_model_on_params on bigclam photo 
took 39.68833637237549 seconds


/home/daniel.z/ICML_PIECLAM_020425/experiments/optimization_utils.py:655:::  
Repetition no. 0


/home/daniel.z/ICML_PIECLAM_020425/experiments/../trainer.py:161:::  

Using dataset specific configuration and not global 




/home/daniel.z/ICML_PIECLAM_020425/experiments/../trainer.py:335:::  

 2025-05-24 04:59:01 starting optimization of bigclam on photo on device cuda

 configs_dict: 
{
    "clamiter_init": {
        "dim_feat": 50,
        "dim_attr": 500,
        "s_reg": 0.0,
        "l1_reg": 1,
        "T": 1,
        "hidden_dim": 64,
        "num_coupling_blocks": 32,
        "num_layers_mlp": 2
    },
    "feat_opt": {
        "lr": 3e-06,
        "n_iter": 7000,
        "early_stop": 0
    }
}


/home/daniel.z/ICML_PIECLAM_020425/experiments/../clamiter.py:365:::  
staring fit_feats for 7000 iterations


/home/daniel.z/ICML_PIECLAM_020425/experiments/../trainer.py:454:::  

train_model_on_params on bigclam photo 
took 33.26442551612854 seconds


/home/daniel.z/ICML_PIECLAM_020425/experiments/optimization_utils.py:655:::  
Repetition no. 1


/home/daniel.z/ICML_PIECLAM_020425/experiments/../trainer.py:161:::  

Using dataset specific configuration and not global 




/home/daniel.z/ICML_PIECLAM_020425/experiments/../trainer.py:335:::  

 2025-05-24 04:59:35 starting optimization of bigclam on photo on device cuda

 configs_dict: 
{
    "clamiter_init": {
        "dim_feat": 50,
        "dim_attr": 500,
        "s_reg": 0.0,
        "l1_reg": 1,
        "T": 1,
        "hidden_dim": 64,
        "num_coupling_blocks": 32,
        "num_layers_mlp": 2
    },
    "feat_opt": {
        "lr": 3e-06,
        "n_iter": 7000,
        "early_stop": 0
    }
}


/home/daniel.z/ICML_PIECLAM_020425/experiments/../clamiter.py:365:::  
staring fit_feats for 7000 iterations


/home/daniel.z/ICML_PIECLAM_020425/experiments/../trainer.py:454:::  

train_model_on_params on bigclam photo 
took 33.30290150642395 seconds


/home/daniel.z/ICML_PIECLAM_020425/experiments/optimization_utils.py:655:::  
Repetition no. 2


/home/daniel.z/ICML_PIECLAM_020425/experiments/../trainer.py:161:::  

Using dataset specific configuration and not global 




/home/daniel.z/ICML_PIECLAM_020425/experiments/../trainer.py:335:::  

 2025-05-24 05:00:08 starting optimization of bigclam on photo on device cuda

 configs_dict: 
{
    "clamiter_init": {
        "dim_feat": 50,
        "dim_attr": 500,
        "s_reg": 0.0,
        "l1_reg": 1,
        "T": 1,
        "hidden_dim": 64,
        "num_coupling_blocks": 32,
        "num_layers_mlp": 2
    },
    "feat_opt": {
        "lr": 3e-06,
        "n_iter": 7000,
        "early_stop": 0
    }
}


/home/daniel.z/ICML_PIECLAM_020425/experiments/../clamiter.py:365:::  
staring fit_feats for 7000 iterations


/home/daniel.z/ICML_PIECLAM_020425/experiments/../trainer.py:454:::  

train_model_on_params on bigclam photo 
took 33.3161416053772 seconds


/home/daniel.z/ICML_PIECLAM_020425/experiments/optimization_utils.py:655:::  
Repetition no. 0


/home/daniel.z/ICML_PIECLAM_020425/experiments/../trainer.py:161:::  

Using dataset specific configuration and not global 




/home/daniel.z/ICML_PIECLAM_020425/experiments/../trainer.py:335:::  

 2025-05-24 05:00:42 starting optimization of bigclam on photo on device cuda

 configs_dict: 
{
    "clamiter_init": {
        "dim_feat": 50,
        "dim_attr": 500,
        "s_reg": 0.0,
        "l1_reg": 1,
        "T": 1,
        "hidden_dim": 64,
        "num_coupling_blocks": 32,
        "num_layers_mlp": 2
    },
    "feat_opt": {
        "lr": 2e-06,
        "n_iter": 13000,
        "early_stop": 0
    }
}


/home/daniel.z/ICML_PIECLAM_020425/experiments/../clamiter.py:365:::  
staring fit_feats for 13000 iterations


/home/daniel.z/ICML_PIECLAM_020425/experiments/../trainer.py:454:::  

train_model_on_params on bigclam photo 
took 61.49196100234985 seconds


/home/daniel.z/ICML_PIECLAM_020425/experiments/optimization_utils.py:655:::  
Repetition no. 1


/home/daniel.z/ICML_PIECLAM_020425/experiments/../trainer.py:161:::  

Using dataset specific configuration and not global 




/home/daniel.z/ICML_PIECLAM_020425/experiments/../trainer.py:335:::  

 2025-05-24 05:01:44 starting optimization of bigclam on photo on device cuda

 configs_dict: 
{
    "clamiter_init": {
        "dim_feat": 50,
        "dim_attr": 500,
        "s_reg": 0.0,
        "l1_reg": 1,
        "T": 1,
        "hidden_dim": 64,
        "num_coupling_blocks": 32,
        "num_layers_mlp": 2
    },
    "feat_opt": {
        "lr": 2e-06,
        "n_iter": 13000,
        "early_stop": 0
    }
}


/home/daniel.z/ICML_PIECLAM_020425/experiments/../clamiter.py:365:::  
staring fit_feats for 13000 iterations


/home/daniel.z/ICML_PIECLAM_020425/experiments/../trainer.py:454:::  

train_model_on_params on bigclam photo 
took 61.55325627326965 seconds


/home/daniel.z/ICML_PIECLAM_020425/experiments/optimization_utils.py:655:::  
Repetition no. 2


/home/daniel.z/ICML_PIECLAM_020425/experiments/../trainer.py:161:::  

Using dataset specific configuration and not global 




/home/daniel.z/ICML_PIECLAM_020425/experiments/../trainer.py:335:::  

 2025-05-24 05:02:45 starting optimization of bigclam on photo on device cuda

 configs_dict: 
{
    "clamiter_init": {
        "dim_feat": 50,
        "dim_attr": 500,
        "s_reg": 0.0,
        "l1_reg": 1,
        "T": 1,
        "hidden_dim": 64,
        "num_coupling_blocks": 32,
        "num_layers_mlp": 2
    },
    "feat_opt": {
        "lr": 2e-06,
        "n_iter": 13000,
        "early_stop": 0
    }
}


/home/daniel.z/ICML_PIECLAM_020425/experiments/../clamiter.py:365:::  
staring fit_feats for 13000 iterations


/home/daniel.z/ICML_PIECLAM_020425/experiments/../trainer.py:454:::  

train_model_on_params on bigclam photo 
took 61.68395161628723 seconds


/home/daniel.z/ICML_PIECLAM_020425/experiments/optimization_utils.py:655:::  
Repetition no. 0


/home/daniel.z/ICML_PIECLAM_020425/experiments/../trainer.py:161:::  

Using dataset specific configuration and not global 




/home/daniel.z/ICML_PIECLAM_020425/experiments/../trainer.py:335:::  

 2025-05-24 05:03:47 starting optimization of bigclam on photo on device cuda

 configs_dict: 
{
    "clamiter_init": {
        "dim_feat": 60,
        "dim_attr": 500,
        "s_reg": 0.0,
        "l1_reg": 1,
        "T": 1,
        "hidden_dim": 64,
        "num_coupling_blocks": 32,
        "num_layers_mlp": 2
    },
    "feat_opt": {
        "lr": 3e-06,
        "n_iter": 10000,
        "early_stop": 0
    }
}


/home/daniel.z/ICML_PIECLAM_020425/experiments/../clamiter.py:365:::  
staring fit_feats for 10000 iterations


/home/daniel.z/ICML_PIECLAM_020425/experiments/../trainer.py:454:::  

train_model_on_params on bigclam photo 
took 54.525779485702515 seconds


/home/daniel.z/ICML_PIECLAM_020425/experiments/optimization_utils.py:655:::  
Repetition no. 1


/home/daniel.z/ICML_PIECLAM_020425/experiments/../trainer.py:161:::  

Using dataset specific configuration and not global 




/home/daniel.z/ICML_PIECLAM_020425/experiments/../trainer.py:335:::  

 2025-05-24 05:04:42 starting optimization of bigclam on photo on device cuda

 configs_dict: 
{
    "clamiter_init": {
        "dim_feat": 60,
        "dim_attr": 500,
        "s_reg": 0.0,
        "l1_reg": 1,
        "T": 1,
        "hidden_dim": 64,
        "num_coupling_blocks": 32,
        "num_layers_mlp": 2
    },
    "feat_opt": {
        "lr": 3e-06,
        "n_iter": 10000,
        "early_stop": 0
    }
}


/home/daniel.z/ICML_PIECLAM_020425/experiments/../clamiter.py:365:::  
staring fit_feats for 10000 iterations


/home/daniel.z/ICML_PIECLAM_020425/experiments/../trainer.py:454:::  

train_model_on_params on bigclam photo 
took 54.55829119682312 seconds


/home/daniel.z/ICML_PIECLAM_020425/experiments/optimization_utils.py:655:::  
Repetition no. 2


/home/daniel.z/ICML_PIECLAM_020425/experiments/../trainer.py:161:::  

Using dataset specific configuration and not global 




/home/daniel.z/ICML_PIECLAM_020425/experiments/../trainer.py:335:::  

 2025-05-24 05:05:37 starting optimization of bigclam on photo on device cuda

 configs_dict: 
{
    "clamiter_init": {
        "dim_feat": 60,
        "dim_attr": 500,
        "s_reg": 0.0,
        "l1_reg": 1,
        "T": 1,
        "hidden_dim": 64,
        "num_coupling_blocks": 32,
        "num_layers_mlp": 2
    },
    "feat_opt": {
        "lr": 3e-06,
        "n_iter": 10000,
        "early_stop": 0
    }
}


/home/daniel.z/ICML_PIECLAM_020425/experiments/../clamiter.py:365:::  
staring fit_feats for 10000 iterations


/home/daniel.z/ICML_PIECLAM_020425/experiments/../trainer.py:454:::  

train_model_on_params on bigclam photo 
took 54.556562185287476 seconds


/home/daniel.z/ICML_PIECLAM_020425/experiments/optimization_utils.py:655:::  
Repetition no. 0


/home/daniel.z/ICML_PIECLAM_020425/experiments/../trainer.py:161:::  

Using dataset specific configuration and not global 




/home/daniel.z/ICML_PIECLAM_020425/experiments/../trainer.py:335:::  

 2025-05-24 05:06:32 starting optimization of bigclam on photo on device cuda

 configs_dict: 
{
    "clamiter_init": {
        "dim_feat": 50,
        "dim_attr": 500,
        "s_reg": 0.0,
        "l1_reg": 1,
        "T": 1,
        "hidden_dim": 64,
        "num_coupling_blocks": 32,
        "num_layers_mlp": 2
    },
    "feat_opt": {
        "lr": 5e-06,
        "n_iter": 7000,
        "early_stop": 0
    }
}


/home/daniel.z/ICML_PIECLAM_020425/experiments/../clamiter.py:365:::  
staring fit_feats for 7000 iterations


/home/daniel.z/ICML_PIECLAM_020425/experiments/../trainer.py:454:::  

train_model_on_params on bigclam photo 
took 33.23506546020508 seconds


/home/daniel.z/ICML_PIECLAM_020425/experiments/optimization_utils.py:655:::  
Repetition no. 1


/home/daniel.z/ICML_PIECLAM_020425/experiments/../trainer.py:161:::  

Using dataset specific configuration and not global 




/home/daniel.z/ICML_PIECLAM_020425/experiments/../trainer.py:335:::  

 2025-05-24 05:07:05 starting optimization of bigclam on photo on device cuda

 configs_dict: 
{
    "clamiter_init": {
        "dim_feat": 50,
        "dim_attr": 500,
        "s_reg": 0.0,
        "l1_reg": 1,
        "T": 1,
        "hidden_dim": 64,
        "num_coupling_blocks": 32,
        "num_layers_mlp": 2
    },
    "feat_opt": {
        "lr": 5e-06,
        "n_iter": 7000,
        "early_stop": 0
    }
}


/home/daniel.z/ICML_PIECLAM_020425/experiments/../clamiter.py:365:::  
staring fit_feats for 7000 iterations


/home/daniel.z/ICML_PIECLAM_020425/experiments/../trainer.py:454:::  

train_model_on_params on bigclam photo 
took 33.293012619018555 seconds


/home/daniel.z/ICML_PIECLAM_020425/experiments/optimization_utils.py:655:::  
Repetition no. 2


/home/daniel.z/ICML_PIECLAM_020425/experiments/../trainer.py:161:::  

Using dataset specific configuration and not global 




/home/daniel.z/ICML_PIECLAM_020425/experiments/../trainer.py:335:::  

 2025-05-24 05:07:39 starting optimization of bigclam on photo on device cuda

 configs_dict: 
{
    "clamiter_init": {
        "dim_feat": 50,
        "dim_attr": 500,
        "s_reg": 0.0,
        "l1_reg": 1,
        "T": 1,
        "hidden_dim": 64,
        "num_coupling_blocks": 32,
        "num_layers_mlp": 2
    },
    "feat_opt": {
        "lr": 5e-06,
        "n_iter": 7000,
        "early_stop": 0
    }
}


/home/daniel.z/ICML_PIECLAM_020425/experiments/../clamiter.py:365:::  
staring fit_feats for 7000 iterations


/home/daniel.z/ICML_PIECLAM_020425/experiments/../trainer.py:454:::  

train_model_on_params on bigclam photo 
took 33.2912392616272 seconds


/home/daniel.z/ICML_PIECLAM_020425/experiments/optimization_utils.py:655:::  
Repetition no. 0


/home/daniel.z/ICML_PIECLAM_020425/experiments/../trainer.py:161:::  

Using dataset specific configuration and not global 




/home/daniel.z/ICML_PIECLAM_020425/experiments/../trainer.py:335:::  

 2025-05-24 05:08:12 starting optimization of bigclam on photo on device cuda

 configs_dict: 
{
    "clamiter_init": {
        "dim_feat": 60,
        "dim_attr": 500,
        "s_reg": 0.0,
        "l1_reg": 1,
        "T": 1,
        "hidden_dim": 64,
        "num_coupling_blocks": 32,
        "num_layers_mlp": 2
    },
    "feat_opt": {
        "lr": 2e-06,
        "n_iter": 7000,
        "early_stop": 0
    }
}


/home/daniel.z/ICML_PIECLAM_020425/experiments/../clamiter.py:365:::  
staring fit_feats for 7000 iterations


/home/daniel.z/ICML_PIECLAM_020425/experiments/../trainer.py:454:::  

train_model_on_params on bigclam photo 
took 38.42644190788269 seconds


/home/daniel.z/ICML_PIECLAM_020425/experiments/optimization_utils.py:655:::  
Repetition no. 1


/home/daniel.z/ICML_PIECLAM_020425/experiments/../trainer.py:161:::  

Using dataset specific configuration and not global 




/home/daniel.z/ICML_PIECLAM_020425/experiments/../trainer.py:335:::  

 2025-05-24 05:08:51 starting optimization of bigclam on photo on device cuda

 configs_dict: 
{
    "clamiter_init": {
        "dim_feat": 60,
        "dim_attr": 500,
        "s_reg": 0.0,
        "l1_reg": 1,
        "T": 1,
        "hidden_dim": 64,
        "num_coupling_blocks": 32,
        "num_layers_mlp": 2
    },
    "feat_opt": {
        "lr": 2e-06,
        "n_iter": 7000,
        "early_stop": 0
    }
}


/home/daniel.z/ICML_PIECLAM_020425/experiments/../clamiter.py:365:::  
staring fit_feats for 7000 iterations


/home/daniel.z/ICML_PIECLAM_020425/experiments/../trainer.py:454:::  

train_model_on_params on bigclam photo 
took 38.518046617507935 seconds


/home/daniel.z/ICML_PIECLAM_020425/experiments/optimization_utils.py:655:::  
Repetition no. 2


/home/daniel.z/ICML_PIECLAM_020425/experiments/../trainer.py:161:::  

Using dataset specific configuration and not global 




/home/daniel.z/ICML_PIECLAM_020425/experiments/../trainer.py:335:::  

 2025-05-24 05:09:30 starting optimization of bigclam on photo on device cuda

 configs_dict: 
{
    "clamiter_init": {
        "dim_feat": 60,
        "dim_attr": 500,
        "s_reg": 0.0,
        "l1_reg": 1,
        "T": 1,
        "hidden_dim": 64,
        "num_coupling_blocks": 32,
        "num_layers_mlp": 2
    },
    "feat_opt": {
        "lr": 2e-06,
        "n_iter": 7000,
        "early_stop": 0
    }
}


/home/daniel.z/ICML_PIECLAM_020425/experiments/../clamiter.py:365:::  
staring fit_feats for 7000 iterations


/home/daniel.z/ICML_PIECLAM_020425/experiments/../trainer.py:454:::  

train_model_on_params on bigclam photo 
took 38.529969453811646 seconds


/home/daniel.z/ICML_PIECLAM_020425/experiments/optimization_utils.py:655:::  
Repetition no. 0


/home/daniel.z/ICML_PIECLAM_020425/experiments/../trainer.py:161:::  

Using dataset specific configuration and not global 




/home/daniel.z/ICML_PIECLAM_020425/experiments/../trainer.py:335:::  

 2025-05-24 05:10:09 starting optimization of bigclam on photo on device cuda

 configs_dict: 
{
    "clamiter_init": {
        "dim_feat": 40,
        "dim_attr": 500,
        "s_reg": 0.0,
        "l1_reg": 1,
        "T": 1,
        "hidden_dim": 64,
        "num_coupling_blocks": 32,
        "num_layers_mlp": 2
    },
    "feat_opt": {
        "lr": 3e-06,
        "n_iter": 7000,
        "early_stop": 0
    }
}


/home/daniel.z/ICML_PIECLAM_020425/experiments/../clamiter.py:365:::  
staring fit_feats for 7000 iterations


/home/daniel.z/ICML_PIECLAM_020425/experiments/../trainer.py:454:::  

train_model_on_params on bigclam photo 
took 28.20604681968689 seconds


/home/daniel.z/ICML_PIECLAM_020425/experiments/optimization_utils.py:655:::  
Repetition no. 1


/home/daniel.z/ICML_PIECLAM_020425/experiments/../trainer.py:161:::  

Using dataset specific configuration and not global 




/home/daniel.z/ICML_PIECLAM_020425/experiments/../trainer.py:335:::  

 2025-05-24 05:10:37 starting optimization of bigclam on photo on device cuda

 configs_dict: 
{
    "clamiter_init": {
        "dim_feat": 40,
        "dim_attr": 500,
        "s_reg": 0.0,
        "l1_reg": 1,
        "T": 1,
        "hidden_dim": 64,
        "num_coupling_blocks": 32,
        "num_layers_mlp": 2
    },
    "feat_opt": {
        "lr": 3e-06,
        "n_iter": 7000,
        "early_stop": 0
    }
}


/home/daniel.z/ICML_PIECLAM_020425/experiments/../clamiter.py:365:::  
staring fit_feats for 7000 iterations


/home/daniel.z/ICML_PIECLAM_020425/experiments/../trainer.py:454:::  

train_model_on_params on bigclam photo 
took 28.188594818115234 seconds


/home/daniel.z/ICML_PIECLAM_020425/experiments/optimization_utils.py:655:::  
Repetition no. 2


/home/daniel.z/ICML_PIECLAM_020425/experiments/../trainer.py:161:::  

Using dataset specific configuration and not global 




/home/daniel.z/ICML_PIECLAM_020425/experiments/../trainer.py:335:::  

 2025-05-24 05:11:06 starting optimization of bigclam on photo on device cuda

 configs_dict: 
{
    "clamiter_init": {
        "dim_feat": 40,
        "dim_attr": 500,
        "s_reg": 0.0,
        "l1_reg": 1,
        "T": 1,
        "hidden_dim": 64,
        "num_coupling_blocks": 32,
        "num_layers_mlp": 2
    },
    "feat_opt": {
        "lr": 3e-06,
        "n_iter": 7000,
        "early_stop": 0
    }
}


/home/daniel.z/ICML_PIECLAM_020425/experiments/../clamiter.py:365:::  
staring fit_feats for 7000 iterations


/home/daniel.z/ICML_PIECLAM_020425/experiments/../trainer.py:454:::  

train_model_on_params on bigclam photo 
took 28.1910560131073 seconds


/home/daniel.z/ICML_PIECLAM_020425/experiments/optimization_utils.py:655:::  
Repetition no. 0


/home/daniel.z/ICML_PIECLAM_020425/experiments/../trainer.py:161:::  

Using dataset specific configuration and not global 




/home/daniel.z/ICML_PIECLAM_020425/experiments/../trainer.py:335:::  

 2025-05-24 05:11:34 starting optimization of bigclam on photo on device cuda

 configs_dict: 
{
    "clamiter_init": {
        "dim_feat": 50,
        "dim_attr": 500,
        "s_reg": 0.0,
        "l1_reg": 1,
        "T": 1,
        "hidden_dim": 64,
        "num_coupling_blocks": 32,
        "num_layers_mlp": 2
    },
    "feat_opt": {
        "lr": 5e-06,
        "n_iter": 10000,
        "early_stop": 0
    }
}


/home/daniel.z/ICML_PIECLAM_020425/experiments/../clamiter.py:365:::  
staring fit_feats for 10000 iterations


/home/daniel.z/ICML_PIECLAM_020425/experiments/../trainer.py:454:::  

train_model_on_params on bigclam photo 
took 47.86621570587158 seconds


/home/daniel.z/ICML_PIECLAM_020425/experiments/optimization_utils.py:655:::  
Repetition no. 1


/home/daniel.z/ICML_PIECLAM_020425/experiments/../trainer.py:161:::  

Using dataset specific configuration and not global 




/home/daniel.z/ICML_PIECLAM_020425/experiments/../trainer.py:335:::  

 2025-05-24 05:12:22 starting optimization of bigclam on photo on device cuda

 configs_dict: 
{
    "clamiter_init": {
        "dim_feat": 50,
        "dim_attr": 500,
        "s_reg": 0.0,
        "l1_reg": 1,
        "T": 1,
        "hidden_dim": 64,
        "num_coupling_blocks": 32,
        "num_layers_mlp": 2
    },
    "feat_opt": {
        "lr": 5e-06,
        "n_iter": 10000,
        "early_stop": 0
    }
}


/home/daniel.z/ICML_PIECLAM_020425/experiments/../clamiter.py:365:::  
staring fit_feats for 10000 iterations


/home/daniel.z/ICML_PIECLAM_020425/experiments/../trainer.py:454:::  

train_model_on_params on bigclam photo 
took 47.83679223060608 seconds


/home/daniel.z/ICML_PIECLAM_020425/experiments/optimization_utils.py:655:::  
Repetition no. 2


/home/daniel.z/ICML_PIECLAM_020425/experiments/../trainer.py:161:::  

Using dataset specific configuration and not global 




/home/daniel.z/ICML_PIECLAM_020425/experiments/../trainer.py:335:::  

 2025-05-24 05:13:10 starting optimization of bigclam on photo on device cuda

 configs_dict: 
{
    "clamiter_init": {
        "dim_feat": 50,
        "dim_attr": 500,
        "s_reg": 0.0,
        "l1_reg": 1,
        "T": 1,
        "hidden_dim": 64,
        "num_coupling_blocks": 32,
        "num_layers_mlp": 2
    },
    "feat_opt": {
        "lr": 5e-06,
        "n_iter": 10000,
        "early_stop": 0
    }
}


/home/daniel.z/ICML_PIECLAM_020425/experiments/../clamiter.py:365:::  
staring fit_feats for 10000 iterations


/home/daniel.z/ICML_PIECLAM_020425/experiments/../trainer.py:454:::  

train_model_on_params on bigclam photo 
took 47.7452392578125 seconds


/home/daniel.z/ICML_PIECLAM_020425/experiments/optimization_utils.py:655:::  
Repetition no. 0


/home/daniel.z/ICML_PIECLAM_020425/experiments/../trainer.py:161:::  

Using dataset specific configuration and not global 




/home/daniel.z/ICML_PIECLAM_020425/experiments/../trainer.py:335:::  

 2025-05-24 05:13:58 starting optimization of bigclam on photo on device cuda

 configs_dict: 
{
    "clamiter_init": {
        "dim_feat": 60,
        "dim_attr": 500,
        "s_reg": 0.0,
        "l1_reg": 1,
        "T": 1,
        "hidden_dim": 64,
        "num_coupling_blocks": 32,
        "num_layers_mlp": 2
    },
    "feat_opt": {
        "lr": 2e-06,
        "n_iter": 13000,
        "early_stop": 0
    }
}


/home/daniel.z/ICML_PIECLAM_020425/experiments/../clamiter.py:365:::  
staring fit_feats for 13000 iterations


/home/daniel.z/ICML_PIECLAM_020425/experiments/../trainer.py:454:::  

train_model_on_params on bigclam photo 
took 71.21901845932007 seconds


/home/daniel.z/ICML_PIECLAM_020425/experiments/optimization_utils.py:655:::  
Repetition no. 1


/home/daniel.z/ICML_PIECLAM_020425/experiments/../trainer.py:161:::  

Using dataset specific configuration and not global 




/home/daniel.z/ICML_PIECLAM_020425/experiments/../trainer.py:335:::  

 2025-05-24 05:15:10 starting optimization of bigclam on photo on device cuda

 configs_dict: 
{
    "clamiter_init": {
        "dim_feat": 60,
        "dim_attr": 500,
        "s_reg": 0.0,
        "l1_reg": 1,
        "T": 1,
        "hidden_dim": 64,
        "num_coupling_blocks": 32,
        "num_layers_mlp": 2
    },
    "feat_opt": {
        "lr": 2e-06,
        "n_iter": 13000,
        "early_stop": 0
    }
}


/home/daniel.z/ICML_PIECLAM_020425/experiments/../clamiter.py:365:::  
staring fit_feats for 13000 iterations


/home/daniel.z/ICML_PIECLAM_020425/experiments/../trainer.py:454:::  

train_model_on_params on bigclam photo 
took 71.20256209373474 seconds


/home/daniel.z/ICML_PIECLAM_020425/experiments/optimization_utils.py:655:::  
Repetition no. 2


/home/daniel.z/ICML_PIECLAM_020425/experiments/../trainer.py:161:::  

Using dataset specific configuration and not global 




/home/daniel.z/ICML_PIECLAM_020425/experiments/../trainer.py:335:::  

 2025-05-24 05:16:21 starting optimization of bigclam on photo on device cuda

 configs_dict: 
{
    "clamiter_init": {
        "dim_feat": 60,
        "dim_attr": 500,
        "s_reg": 0.0,
        "l1_reg": 1,
        "T": 1,
        "hidden_dim": 64,
        "num_coupling_blocks": 32,
        "num_layers_mlp": 2
    },
    "feat_opt": {
        "lr": 2e-06,
        "n_iter": 13000,
        "early_stop": 0
    }
}


/home/daniel.z/ICML_PIECLAM_020425/experiments/../clamiter.py:365:::  
staring fit_feats for 13000 iterations


/home/daniel.z/ICML_PIECLAM_020425/experiments/../trainer.py:454:::  

train_model_on_params on bigclam photo 
took 71.20651507377625 seconds


/home/daniel.z/ICML_PIECLAM_020425/experiments/optimization_utils.py:655:::  
Repetition no. 0


/home/daniel.z/ICML_PIECLAM_020425/experiments/../trainer.py:161:::  

Using dataset specific configuration and not global 




/home/daniel.z/ICML_PIECLAM_020425/experiments/../trainer.py:335:::  

 2025-05-24 05:17:33 starting optimization of bigclam on photo on device cuda

 configs_dict: 
{
    "clamiter_init": {
        "dim_feat": 50,
        "dim_attr": 500,
        "s_reg": 0.0,
        "l1_reg": 1,
        "T": 1,
        "hidden_dim": 64,
        "num_coupling_blocks": 32,
        "num_layers_mlp": 2
    },
    "feat_opt": {
        "lr": 3e-06,
        "n_iter": 10000,
        "early_stop": 0
    }
}


/home/daniel.z/ICML_PIECLAM_020425/experiments/../clamiter.py:365:::  
staring fit_feats for 10000 iterations


/home/daniel.z/ICML_PIECLAM_020425/experiments/../trainer.py:454:::  

train_model_on_params on bigclam photo 
took 47.730534076690674 seconds


/home/daniel.z/ICML_PIECLAM_020425/experiments/optimization_utils.py:655:::  
Repetition no. 1


/home/daniel.z/ICML_PIECLAM_020425/experiments/../trainer.py:161:::  

Using dataset specific configuration and not global 




/home/daniel.z/ICML_PIECLAM_020425/experiments/../trainer.py:335:::  

 2025-05-24 05:18:21 starting optimization of bigclam on photo on device cuda

 configs_dict: 
{
    "clamiter_init": {
        "dim_feat": 50,
        "dim_attr": 500,
        "s_reg": 0.0,
        "l1_reg": 1,
        "T": 1,
        "hidden_dim": 64,
        "num_coupling_blocks": 32,
        "num_layers_mlp": 2
    },
    "feat_opt": {
        "lr": 3e-06,
        "n_iter": 10000,
        "early_stop": 0
    }
}


/home/daniel.z/ICML_PIECLAM_020425/experiments/../clamiter.py:365:::  
staring fit_feats for 10000 iterations


/home/daniel.z/ICML_PIECLAM_020425/experiments/../trainer.py:454:::  

train_model_on_params on bigclam photo 
took 47.7799916267395 seconds


/home/daniel.z/ICML_PIECLAM_020425/experiments/optimization_utils.py:655:::  
Repetition no. 2


/home/daniel.z/ICML_PIECLAM_020425/experiments/../trainer.py:161:::  

Using dataset specific configuration and not global 




/home/daniel.z/ICML_PIECLAM_020425/experiments/../trainer.py:335:::  

 2025-05-24 05:19:09 starting optimization of bigclam on photo on device cuda

 configs_dict: 
{
    "clamiter_init": {
        "dim_feat": 50,
        "dim_attr": 500,
        "s_reg": 0.0,
        "l1_reg": 1,
        "T": 1,
        "hidden_dim": 64,
        "num_coupling_blocks": 32,
        "num_layers_mlp": 2
    },
    "feat_opt": {
        "lr": 3e-06,
        "n_iter": 10000,
        "early_stop": 0
    }
}


/home/daniel.z/ICML_PIECLAM_020425/experiments/../clamiter.py:365:::  
staring fit_feats for 10000 iterations


/home/daniel.z/ICML_PIECLAM_020425/experiments/../trainer.py:454:::  

train_model_on_params on bigclam photo 
took 47.69162654876709 seconds


/home/daniel.z/ICML_PIECLAM_020425/experiments/optimization_utils.py:655:::  
Repetition no. 0


/home/daniel.z/ICML_PIECLAM_020425/experiments/../trainer.py:161:::  

Using dataset specific configuration and not global 




/home/daniel.z/ICML_PIECLAM_020425/experiments/../trainer.py:335:::  

 2025-05-24 05:19:57 starting optimization of bigclam on photo on device cuda

 configs_dict: 
{
    "clamiter_init": {
        "dim_feat": 40,
        "dim_attr": 500,
        "s_reg": 0.0,
        "l1_reg": 1,
        "T": 1,
        "hidden_dim": 64,
        "num_coupling_blocks": 32,
        "num_layers_mlp": 2
    },
    "feat_opt": {
        "lr": 5e-06,
        "n_iter": 7000,
        "early_stop": 0
    }
}


/home/daniel.z/ICML_PIECLAM_020425/experiments/../clamiter.py:365:::  
staring fit_feats for 7000 iterations


/home/daniel.z/ICML_PIECLAM_020425/experiments/../trainer.py:454:::  

train_model_on_params on bigclam photo 
took 28.1375994682312 seconds


/home/daniel.z/ICML_PIECLAM_020425/experiments/optimization_utils.py:655:::  
Repetition no. 1


/home/daniel.z/ICML_PIECLAM_020425/experiments/../trainer.py:161:::  

Using dataset specific configuration and not global 




/home/daniel.z/ICML_PIECLAM_020425/experiments/../trainer.py:335:::  

 2025-05-24 05:20:25 starting optimization of bigclam on photo on device cuda

 configs_dict: 
{
    "clamiter_init": {
        "dim_feat": 40,
        "dim_attr": 500,
        "s_reg": 0.0,
        "l1_reg": 1,
        "T": 1,
        "hidden_dim": 64,
        "num_coupling_blocks": 32,
        "num_layers_mlp": 2
    },
    "feat_opt": {
        "lr": 5e-06,
        "n_iter": 7000,
        "early_stop": 0
    }
}


/home/daniel.z/ICML_PIECLAM_020425/experiments/../clamiter.py:365:::  
staring fit_feats for 7000 iterations


/home/daniel.z/ICML_PIECLAM_020425/experiments/../trainer.py:454:::  

train_model_on_params on bigclam photo 
took 28.112363815307617 seconds


/home/daniel.z/ICML_PIECLAM_020425/experiments/optimization_utils.py:655:::  
Repetition no. 2


/home/daniel.z/ICML_PIECLAM_020425/experiments/../trainer.py:161:::  

Using dataset specific configuration and not global 




/home/daniel.z/ICML_PIECLAM_020425/experiments/../trainer.py:335:::  

 2025-05-24 05:20:54 starting optimization of bigclam on photo on device cuda

 configs_dict: 
{
    "clamiter_init": {
        "dim_feat": 40,
        "dim_attr": 500,
        "s_reg": 0.0,
        "l1_reg": 1,
        "T": 1,
        "hidden_dim": 64,
        "num_coupling_blocks": 32,
        "num_layers_mlp": 2
    },
    "feat_opt": {
        "lr": 5e-06,
        "n_iter": 7000,
        "early_stop": 0
    }
}


/home/daniel.z/ICML_PIECLAM_020425/experiments/../clamiter.py:365:::  
staring fit_feats for 7000 iterations


/home/daniel.z/ICML_PIECLAM_020425/experiments/../trainer.py:454:::  

train_model_on_params on bigclam photo 
took 28.097678899765015 seconds


/home/daniel.z/ICML_PIECLAM_020425/experiments/optimization_utils.py:655:::  
Repetition no. 0


/home/daniel.z/ICML_PIECLAM_020425/experiments/../trainer.py:161:::  

Using dataset specific configuration and not global 




/home/daniel.z/ICML_PIECLAM_020425/experiments/../trainer.py:335:::  

 2025-05-24 05:21:22 starting optimization of bigclam on photo on device cuda

 configs_dict: 
{
    "clamiter_init": {
        "dim_feat": 50,
        "dim_attr": 500,
        "s_reg": 0.0,
        "l1_reg": 1,
        "T": 1,
        "hidden_dim": 64,
        "num_coupling_blocks": 32,
        "num_layers_mlp": 2
    },
    "feat_opt": {
        "lr": 5e-06,
        "n_iter": 13000,
        "early_stop": 0
    }
}


/home/daniel.z/ICML_PIECLAM_020425/experiments/../clamiter.py:365:::  
staring fit_feats for 13000 iterations


/home/daniel.z/ICML_PIECLAM_020425/experiments/../trainer.py:454:::  

train_model_on_params on bigclam photo 
took 61.86114764213562 seconds


/home/daniel.z/ICML_PIECLAM_020425/experiments/optimization_utils.py:655:::  
Repetition no. 1


/home/daniel.z/ICML_PIECLAM_020425/experiments/../trainer.py:161:::  

Using dataset specific configuration and not global 




/home/daniel.z/ICML_PIECLAM_020425/experiments/../trainer.py:335:::  

 2025-05-24 05:22:24 starting optimization of bigclam on photo on device cuda

 configs_dict: 
{
    "clamiter_init": {
        "dim_feat": 50,
        "dim_attr": 500,
        "s_reg": 0.0,
        "l1_reg": 1,
        "T": 1,
        "hidden_dim": 64,
        "num_coupling_blocks": 32,
        "num_layers_mlp": 2
    },
    "feat_opt": {
        "lr": 5e-06,
        "n_iter": 13000,
        "early_stop": 0
    }
}


/home/daniel.z/ICML_PIECLAM_020425/experiments/../clamiter.py:365:::  
staring fit_feats for 13000 iterations


/home/daniel.z/ICML_PIECLAM_020425/experiments/../trainer.py:454:::  

train_model_on_params on bigclam photo 
took 61.86620473861694 seconds


/home/daniel.z/ICML_PIECLAM_020425/experiments/optimization_utils.py:655:::  
Repetition no. 2


/home/daniel.z/ICML_PIECLAM_020425/experiments/../trainer.py:161:::  

Using dataset specific configuration and not global 




/home/daniel.z/ICML_PIECLAM_020425/experiments/../trainer.py:335:::  

 2025-05-24 05:23:26 starting optimization of bigclam on photo on device cuda

 configs_dict: 
{
    "clamiter_init": {
        "dim_feat": 50,
        "dim_attr": 500,
        "s_reg": 0.0,
        "l1_reg": 1,
        "T": 1,
        "hidden_dim": 64,
        "num_coupling_blocks": 32,
        "num_layers_mlp": 2
    },
    "feat_opt": {
        "lr": 5e-06,
        "n_iter": 13000,
        "early_stop": 0
    }
}


/home/daniel.z/ICML_PIECLAM_020425/experiments/../clamiter.py:365:::  
staring fit_feats for 13000 iterations


/home/daniel.z/ICML_PIECLAM_020425/experiments/../trainer.py:454:::  

train_model_on_params on bigclam photo 
took 61.77491331100464 seconds


/home/daniel.z/ICML_PIECLAM_020425/experiments/optimization_utils.py:655:::  
Repetition no. 0


/home/daniel.z/ICML_PIECLAM_020425/experiments/../trainer.py:161:::  

Using dataset specific configuration and not global 




/home/daniel.z/ICML_PIECLAM_020425/experiments/../trainer.py:335:::  

 2025-05-24 05:24:28 starting optimization of bigclam on photo on device cuda

 configs_dict: 
{
    "clamiter_init": {
        "dim_feat": 60,
        "dim_attr": 500,
        "s_reg": 0.0,
        "l1_reg": 1,
        "T": 1,
        "hidden_dim": 64,
        "num_coupling_blocks": 32,
        "num_layers_mlp": 2
    },
    "feat_opt": {
        "lr": 3e-06,
        "n_iter": 13000,
        "early_stop": 0
    }
}


/home/daniel.z/ICML_PIECLAM_020425/experiments/../clamiter.py:365:::  
staring fit_feats for 13000 iterations


/home/daniel.z/ICML_PIECLAM_020425/experiments/../trainer.py:454:::  

train_model_on_params on bigclam photo 
took 70.81487226486206 seconds


/home/daniel.z/ICML_PIECLAM_020425/experiments/optimization_utils.py:655:::  
Repetition no. 1


/home/daniel.z/ICML_PIECLAM_020425/experiments/../trainer.py:161:::  

Using dataset specific configuration and not global 




/home/daniel.z/ICML_PIECLAM_020425/experiments/../trainer.py:335:::  

 2025-05-24 05:25:39 starting optimization of bigclam on photo on device cuda

 configs_dict: 
{
    "clamiter_init": {
        "dim_feat": 60,
        "dim_attr": 500,
        "s_reg": 0.0,
        "l1_reg": 1,
        "T": 1,
        "hidden_dim": 64,
        "num_coupling_blocks": 32,
        "num_layers_mlp": 2
    },
    "feat_opt": {
        "lr": 3e-06,
        "n_iter": 13000,
        "early_stop": 0
    }
}


/home/daniel.z/ICML_PIECLAM_020425/experiments/../clamiter.py:365:::  
staring fit_feats for 13000 iterations


/home/daniel.z/ICML_PIECLAM_020425/experiments/../trainer.py:454:::  

train_model_on_params on bigclam photo 
took 70.74213886260986 seconds


/home/daniel.z/ICML_PIECLAM_020425/experiments/optimization_utils.py:655:::  
Repetition no. 2


/home/daniel.z/ICML_PIECLAM_020425/experiments/../trainer.py:161:::  

Using dataset specific configuration and not global 




/home/daniel.z/ICML_PIECLAM_020425/experiments/../trainer.py:335:::  

 2025-05-24 05:26:50 starting optimization of bigclam on photo on device cuda

 configs_dict: 
{
    "clamiter_init": {
        "dim_feat": 60,
        "dim_attr": 500,
        "s_reg": 0.0,
        "l1_reg": 1,
        "T": 1,
        "hidden_dim": 64,
        "num_coupling_blocks": 32,
        "num_layers_mlp": 2
    },
    "feat_opt": {
        "lr": 3e-06,
        "n_iter": 13000,
        "early_stop": 0
    }
}


/home/daniel.z/ICML_PIECLAM_020425/experiments/../clamiter.py:365:::  
staring fit_feats for 13000 iterations


/home/daniel.z/ICML_PIECLAM_020425/experiments/../trainer.py:454:::  

train_model_on_params on bigclam photo 
took 70.80265998840332 seconds


/home/daniel.z/ICML_PIECLAM_020425/experiments/optimization_utils.py:655:::  
Repetition no. 0


/home/daniel.z/ICML_PIECLAM_020425/experiments/../trainer.py:161:::  

Using dataset specific configuration and not global 




/home/daniel.z/ICML_PIECLAM_020425/experiments/../trainer.py:335:::  

 2025-05-24 05:28:02 starting optimization of bigclam on photo on device cuda

 configs_dict: 
{
    "clamiter_init": {
        "dim_feat": 40,
        "dim_attr": 500,
        "s_reg": 0.0,
        "l1_reg": 1,
        "T": 1,
        "hidden_dim": 64,
        "num_coupling_blocks": 32,
        "num_layers_mlp": 2
    },
    "feat_opt": {
        "lr": 3e-06,
        "n_iter": 10000,
        "early_stop": 0
    }
}


/home/daniel.z/ICML_PIECLAM_020425/experiments/../clamiter.py:365:::  
staring fit_feats for 10000 iterations


/home/daniel.z/ICML_PIECLAM_020425/experiments/../trainer.py:454:::  

train_model_on_params on bigclam photo 
took 39.85676455497742 seconds


/home/daniel.z/ICML_PIECLAM_020425/experiments/optimization_utils.py:655:::  
Repetition no. 1


/home/daniel.z/ICML_PIECLAM_020425/experiments/../trainer.py:161:::  

Using dataset specific configuration and not global 




/home/daniel.z/ICML_PIECLAM_020425/experiments/../trainer.py:335:::  

 2025-05-24 05:28:43 starting optimization of bigclam on photo on device cuda

 configs_dict: 
{
    "clamiter_init": {
        "dim_feat": 40,
        "dim_attr": 500,
        "s_reg": 0.0,
        "l1_reg": 1,
        "T": 1,
        "hidden_dim": 64,
        "num_coupling_blocks": 32,
        "num_layers_mlp": 2
    },
    "feat_opt": {
        "lr": 3e-06,
        "n_iter": 10000,
        "early_stop": 0
    }
}


/home/daniel.z/ICML_PIECLAM_020425/experiments/../clamiter.py:365:::  
staring fit_feats for 10000 iterations


/home/daniel.z/ICML_PIECLAM_020425/experiments/../trainer.py:454:::  

train_model_on_params on bigclam photo 
took 39.83450365066528 seconds


/home/daniel.z/ICML_PIECLAM_020425/experiments/optimization_utils.py:655:::  
Repetition no. 2


/home/daniel.z/ICML_PIECLAM_020425/experiments/../trainer.py:161:::  

Using dataset specific configuration and not global 




/home/daniel.z/ICML_PIECLAM_020425/experiments/../trainer.py:335:::  

 2025-05-24 05:29:23 starting optimization of bigclam on photo on device cuda

 configs_dict: 
{
    "clamiter_init": {
        "dim_feat": 40,
        "dim_attr": 500,
        "s_reg": 0.0,
        "l1_reg": 1,
        "T": 1,
        "hidden_dim": 64,
        "num_coupling_blocks": 32,
        "num_layers_mlp": 2
    },
    "feat_opt": {
        "lr": 3e-06,
        "n_iter": 10000,
        "early_stop": 0
    }
}


/home/daniel.z/ICML_PIECLAM_020425/experiments/../clamiter.py:365:::  
staring fit_feats for 10000 iterations


/home/daniel.z/ICML_PIECLAM_020425/experiments/../trainer.py:454:::  

train_model_on_params on bigclam photo 
took 39.78134870529175 seconds


/home/daniel.z/ICML_PIECLAM_020425/experiments/optimization_utils.py:655:::  
Repetition no. 0


/home/daniel.z/ICML_PIECLAM_020425/experiments/../trainer.py:161:::  

Using dataset specific configuration and not global 




/home/daniel.z/ICML_PIECLAM_020425/experiments/../trainer.py:335:::  

 2025-05-24 05:30:04 starting optimization of bigclam on photo on device cuda

 configs_dict: 
{
    "clamiter_init": {
        "dim_feat": 60,
        "dim_attr": 500,
        "s_reg": 0.0,
        "l1_reg": 1,
        "T": 1,
        "hidden_dim": 64,
        "num_coupling_blocks": 32,
        "num_layers_mlp": 2
    },
    "feat_opt": {
        "lr": 2e-06,
        "n_iter": 10000,
        "early_stop": 0
    }
}


/home/daniel.z/ICML_PIECLAM_020425/experiments/../clamiter.py:365:::  
staring fit_feats for 10000 iterations


/home/daniel.z/ICML_PIECLAM_020425/experiments/../trainer.py:454:::  

train_model_on_params on bigclam photo 
took 54.58287596702576 seconds


/home/daniel.z/ICML_PIECLAM_020425/experiments/optimization_utils.py:655:::  
Repetition no. 1


/home/daniel.z/ICML_PIECLAM_020425/experiments/../trainer.py:161:::  

Using dataset specific configuration and not global 




/home/daniel.z/ICML_PIECLAM_020425/experiments/../trainer.py:335:::  

 2025-05-24 05:30:59 starting optimization of bigclam on photo on device cuda

 configs_dict: 
{
    "clamiter_init": {
        "dim_feat": 60,
        "dim_attr": 500,
        "s_reg": 0.0,
        "l1_reg": 1,
        "T": 1,
        "hidden_dim": 64,
        "num_coupling_blocks": 32,
        "num_layers_mlp": 2
    },
    "feat_opt": {
        "lr": 2e-06,
        "n_iter": 10000,
        "early_stop": 0
    }
}


/home/daniel.z/ICML_PIECLAM_020425/experiments/../clamiter.py:365:::  
staring fit_feats for 10000 iterations


/home/daniel.z/ICML_PIECLAM_020425/experiments/../trainer.py:454:::  

train_model_on_params on bigclam photo 
took 54.630131006240845 seconds


/home/daniel.z/ICML_PIECLAM_020425/experiments/optimization_utils.py:655:::  
Repetition no. 2


/home/daniel.z/ICML_PIECLAM_020425/experiments/../trainer.py:161:::  

Using dataset specific configuration and not global 




/home/daniel.z/ICML_PIECLAM_020425/experiments/../trainer.py:335:::  

 2025-05-24 05:31:53 starting optimization of bigclam on photo on device cuda

 configs_dict: 
{
    "clamiter_init": {
        "dim_feat": 60,
        "dim_attr": 500,
        "s_reg": 0.0,
        "l1_reg": 1,
        "T": 1,
        "hidden_dim": 64,
        "num_coupling_blocks": 32,
        "num_layers_mlp": 2
    },
    "feat_opt": {
        "lr": 2e-06,
        "n_iter": 10000,
        "early_stop": 0
    }
}


/home/daniel.z/ICML_PIECLAM_020425/experiments/../clamiter.py:365:::  
staring fit_feats for 10000 iterations


/home/daniel.z/ICML_PIECLAM_020425/experiments/../trainer.py:454:::  

train_model_on_params on bigclam photo 
took 54.6075394153595 seconds


/home/daniel.z/ICML_PIECLAM_020425/experiments/optimization_utils.py:655:::  
Repetition no. 0


/home/daniel.z/ICML_PIECLAM_020425/experiments/../trainer.py:161:::  

Using dataset specific configuration and not global 




/home/daniel.z/ICML_PIECLAM_020425/experiments/../trainer.py:335:::  

 2025-05-24 05:32:48 starting optimization of bigclam on photo on device cuda

 configs_dict: 
{
    "clamiter_init": {
        "dim_feat": 40,
        "dim_attr": 500,
        "s_reg": 0.0,
        "l1_reg": 1,
        "T": 1,
        "hidden_dim": 64,
        "num_coupling_blocks": 32,
        "num_layers_mlp": 2
    },
    "feat_opt": {
        "lr": 3e-06,
        "n_iter": 13000,
        "early_stop": 0
    }
}


/home/daniel.z/ICML_PIECLAM_020425/experiments/../clamiter.py:365:::  
staring fit_feats for 13000 iterations


/home/daniel.z/ICML_PIECLAM_020425/experiments/../trainer.py:454:::  

train_model_on_params on bigclam photo 
took 51.72144675254822 seconds


/home/daniel.z/ICML_PIECLAM_020425/experiments/optimization_utils.py:655:::  
Repetition no. 1


/home/daniel.z/ICML_PIECLAM_020425/experiments/../trainer.py:161:::  

Using dataset specific configuration and not global 




/home/daniel.z/ICML_PIECLAM_020425/experiments/../trainer.py:335:::  

 2025-05-24 05:33:40 starting optimization of bigclam on photo on device cuda

 configs_dict: 
{
    "clamiter_init": {
        "dim_feat": 40,
        "dim_attr": 500,
        "s_reg": 0.0,
        "l1_reg": 1,
        "T": 1,
        "hidden_dim": 64,
        "num_coupling_blocks": 32,
        "num_layers_mlp": 2
    },
    "feat_opt": {
        "lr": 3e-06,
        "n_iter": 13000,
        "early_stop": 0
    }
}


/home/daniel.z/ICML_PIECLAM_020425/experiments/../clamiter.py:365:::  
staring fit_feats for 13000 iterations


/home/daniel.z/ICML_PIECLAM_020425/experiments/../trainer.py:454:::  

train_model_on_params on bigclam photo 
took 51.71272301673889 seconds


/home/daniel.z/ICML_PIECLAM_020425/experiments/optimization_utils.py:655:::  
Repetition no. 2


/home/daniel.z/ICML_PIECLAM_020425/experiments/../trainer.py:161:::  

Using dataset specific configuration and not global 




/home/daniel.z/ICML_PIECLAM_020425/experiments/../trainer.py:335:::  

 2025-05-24 05:34:32 starting optimization of bigclam on photo on device cuda

 configs_dict: 
{
    "clamiter_init": {
        "dim_feat": 40,
        "dim_attr": 500,
        "s_reg": 0.0,
        "l1_reg": 1,
        "T": 1,
        "hidden_dim": 64,
        "num_coupling_blocks": 32,
        "num_layers_mlp": 2
    },
    "feat_opt": {
        "lr": 3e-06,
        "n_iter": 13000,
        "early_stop": 0
    }
}


/home/daniel.z/ICML_PIECLAM_020425/experiments/../clamiter.py:365:::  
staring fit_feats for 13000 iterations


/home/daniel.z/ICML_PIECLAM_020425/experiments/../trainer.py:454:::  

train_model_on_params on bigclam photo 
took 51.679953813552856 seconds


/home/daniel.z/ICML_PIECLAM_020425/experiments/optimization_utils.py:655:::  
Repetition no. 0


/home/daniel.z/ICML_PIECLAM_020425/experiments/../trainer.py:161:::  

Using dataset specific configuration and not global 




/home/daniel.z/ICML_PIECLAM_020425/experiments/../trainer.py:335:::  

 2025-05-24 05:35:25 starting optimization of bigclam on photo on device cuda

 configs_dict: 
{
    "clamiter_init": {
        "dim_feat": 40,
        "dim_attr": 500,
        "s_reg": 0.0,
        "l1_reg": 1,
        "T": 1,
        "hidden_dim": 64,
        "num_coupling_blocks": 32,
        "num_layers_mlp": 2
    },
    "feat_opt": {
        "lr": 5e-06,
        "n_iter": 13000,
        "early_stop": 0
    }
}


/home/daniel.z/ICML_PIECLAM_020425/experiments/../clamiter.py:365:::  
staring fit_feats for 13000 iterations


/home/daniel.z/ICML_PIECLAM_020425/experiments/../trainer.py:454:::  

train_model_on_params on bigclam photo 
took 51.685487508773804 seconds


/home/daniel.z/ICML_PIECLAM_020425/experiments/optimization_utils.py:655:::  
Repetition no. 1


/home/daniel.z/ICML_PIECLAM_020425/experiments/../trainer.py:161:::  

Using dataset specific configuration and not global 




/home/daniel.z/ICML_PIECLAM_020425/experiments/../trainer.py:335:::  

 2025-05-24 05:36:17 starting optimization of bigclam on photo on device cuda

 configs_dict: 
{
    "clamiter_init": {
        "dim_feat": 40,
        "dim_attr": 500,
        "s_reg": 0.0,
        "l1_reg": 1,
        "T": 1,
        "hidden_dim": 64,
        "num_coupling_blocks": 32,
        "num_layers_mlp": 2
    },
    "feat_opt": {
        "lr": 5e-06,
        "n_iter": 13000,
        "early_stop": 0
    }
}


/home/daniel.z/ICML_PIECLAM_020425/experiments/../clamiter.py:365:::  
staring fit_feats for 13000 iterations


/home/daniel.z/ICML_PIECLAM_020425/experiments/../trainer.py:454:::  

train_model_on_params on bigclam photo 
took 51.77503728866577 seconds


/home/daniel.z/ICML_PIECLAM_020425/experiments/optimization_utils.py:655:::  
Repetition no. 2


/home/daniel.z/ICML_PIECLAM_020425/experiments/../trainer.py:161:::  

Using dataset specific configuration and not global 




/home/daniel.z/ICML_PIECLAM_020425/experiments/../trainer.py:335:::  

 2025-05-24 05:37:09 starting optimization of bigclam on photo on device cuda

 configs_dict: 
{
    "clamiter_init": {
        "dim_feat": 40,
        "dim_attr": 500,
        "s_reg": 0.0,
        "l1_reg": 1,
        "T": 1,
        "hidden_dim": 64,
        "num_coupling_blocks": 32,
        "num_layers_mlp": 2
    },
    "feat_opt": {
        "lr": 5e-06,
        "n_iter": 13000,
        "early_stop": 0
    }
}


/home/daniel.z/ICML_PIECLAM_020425/experiments/../clamiter.py:365:::  
staring fit_feats for 13000 iterations


/home/daniel.z/ICML_PIECLAM_020425/experiments/../trainer.py:454:::  

train_model_on_params on bigclam photo 
took 51.760231733322144 seconds


/home/daniel.z/ICML_PIECLAM_020425/experiments/optimization_utils.py:655:::  
Repetition no. 0


/home/daniel.z/ICML_PIECLAM_020425/experiments/../trainer.py:161:::  

Using dataset specific configuration and not global 




/home/daniel.z/ICML_PIECLAM_020425/experiments/../trainer.py:335:::  

 2025-05-24 05:38:01 starting optimization of bigclam on photo on device cuda

 configs_dict: 
{
    "clamiter_init": {
        "dim_feat": 60,
        "dim_attr": 500,
        "s_reg": 0.0,
        "l1_reg": 1,
        "T": 1,
        "hidden_dim": 64,
        "num_coupling_blocks": 32,
        "num_layers_mlp": 2
    },
    "feat_opt": {
        "lr": 5e-06,
        "n_iter": 10000,
        "early_stop": 0
    }
}


/home/daniel.z/ICML_PIECLAM_020425/experiments/../clamiter.py:365:::  
staring fit_feats for 10000 iterations


/home/daniel.z/ICML_PIECLAM_020425/experiments/../trainer.py:454:::  

train_model_on_params on bigclam photo 
took 54.616131067276 seconds


/home/daniel.z/ICML_PIECLAM_020425/experiments/optimization_utils.py:655:::  
Repetition no. 1


/home/daniel.z/ICML_PIECLAM_020425/experiments/../trainer.py:161:::  

Using dataset specific configuration and not global 




/home/daniel.z/ICML_PIECLAM_020425/experiments/../trainer.py:335:::  

 2025-05-24 05:38:56 starting optimization of bigclam on photo on device cuda

 configs_dict: 
{
    "clamiter_init": {
        "dim_feat": 60,
        "dim_attr": 500,
        "s_reg": 0.0,
        "l1_reg": 1,
        "T": 1,
        "hidden_dim": 64,
        "num_coupling_blocks": 32,
        "num_layers_mlp": 2
    },
    "feat_opt": {
        "lr": 5e-06,
        "n_iter": 10000,
        "early_stop": 0
    }
}


/home/daniel.z/ICML_PIECLAM_020425/experiments/../clamiter.py:365:::  
staring fit_feats for 10000 iterations


/home/daniel.z/ICML_PIECLAM_020425/experiments/../trainer.py:454:::  

train_model_on_params on bigclam photo 
took 54.46099233627319 seconds


/home/daniel.z/ICML_PIECLAM_020425/experiments/optimization_utils.py:655:::  
Repetition no. 2


/home/daniel.z/ICML_PIECLAM_020425/experiments/../trainer.py:161:::  

Using dataset specific configuration and not global 




/home/daniel.z/ICML_PIECLAM_020425/experiments/../trainer.py:335:::  

 2025-05-24 05:39:50 starting optimization of bigclam on photo on device cuda

 configs_dict: 
{
    "clamiter_init": {
        "dim_feat": 60,
        "dim_attr": 500,
        "s_reg": 0.0,
        "l1_reg": 1,
        "T": 1,
        "hidden_dim": 64,
        "num_coupling_blocks": 32,
        "num_layers_mlp": 2
    },
    "feat_opt": {
        "lr": 5e-06,
        "n_iter": 10000,
        "early_stop": 0
    }
}


/home/daniel.z/ICML_PIECLAM_020425/experiments/../clamiter.py:365:::  
staring fit_feats for 10000 iterations


/home/daniel.z/ICML_PIECLAM_020425/experiments/../trainer.py:454:::  

train_model_on_params on bigclam photo 
took 54.4372661113739 seconds


/home/daniel.z/ICML_PIECLAM_020425/experiments/optimization_utils.py:655:::  
Repetition no. 0


/home/daniel.z/ICML_PIECLAM_020425/experiments/../trainer.py:161:::  

Using dataset specific configuration and not global 




/home/daniel.z/ICML_PIECLAM_020425/experiments/../trainer.py:335:::  

 2025-05-24 05:40:45 starting optimization of bigclam on photo on device cuda

 configs_dict: 
{
    "clamiter_init": {
        "dim_feat": 40,
        "dim_attr": 500,
        "s_reg": 0.0,
        "l1_reg": 1,
        "T": 1,
        "hidden_dim": 64,
        "num_coupling_blocks": 32,
        "num_layers_mlp": 2
    },
    "feat_opt": {
        "lr": 2e-06,
        "n_iter": 7000,
        "early_stop": 0
    }
}


/home/daniel.z/ICML_PIECLAM_020425/experiments/../clamiter.py:365:::  
staring fit_feats for 7000 iterations


/home/daniel.z/ICML_PIECLAM_020425/experiments/../trainer.py:454:::  

train_model_on_params on bigclam photo 
took 27.9021737575531 seconds


/home/daniel.z/ICML_PIECLAM_020425/experiments/optimization_utils.py:655:::  
Repetition no. 1


/home/daniel.z/ICML_PIECLAM_020425/experiments/../trainer.py:161:::  

Using dataset specific configuration and not global 




/home/daniel.z/ICML_PIECLAM_020425/experiments/../trainer.py:335:::  

 2025-05-24 05:41:13 starting optimization of bigclam on photo on device cuda

 configs_dict: 
{
    "clamiter_init": {
        "dim_feat": 40,
        "dim_attr": 500,
        "s_reg": 0.0,
        "l1_reg": 1,
        "T": 1,
        "hidden_dim": 64,
        "num_coupling_blocks": 32,
        "num_layers_mlp": 2
    },
    "feat_opt": {
        "lr": 2e-06,
        "n_iter": 7000,
        "early_stop": 0
    }
}


/home/daniel.z/ICML_PIECLAM_020425/experiments/../clamiter.py:365:::  
staring fit_feats for 7000 iterations


/home/daniel.z/ICML_PIECLAM_020425/experiments/../trainer.py:454:::  

train_model_on_params on bigclam photo 
took 27.89561915397644 seconds


/home/daniel.z/ICML_PIECLAM_020425/experiments/optimization_utils.py:655:::  
Repetition no. 2


/home/daniel.z/ICML_PIECLAM_020425/experiments/../trainer.py:161:::  

Using dataset specific configuration and not global 




/home/daniel.z/ICML_PIECLAM_020425/experiments/../trainer.py:335:::  

 2025-05-24 05:41:42 starting optimization of bigclam on photo on device cuda

 configs_dict: 
{
    "clamiter_init": {
        "dim_feat": 40,
        "dim_attr": 500,
        "s_reg": 0.0,
        "l1_reg": 1,
        "T": 1,
        "hidden_dim": 64,
        "num_coupling_blocks": 32,
        "num_layers_mlp": 2
    },
    "feat_opt": {
        "lr": 2e-06,
        "n_iter": 7000,
        "early_stop": 0
    }
}


/home/daniel.z/ICML_PIECLAM_020425/experiments/../clamiter.py:365:::  
staring fit_feats for 7000 iterations


/home/daniel.z/ICML_PIECLAM_020425/experiments/../trainer.py:454:::  

train_model_on_params on bigclam photo 
took 27.888618230819702 seconds


/home/daniel.z/ICML_PIECLAM_020425/experiments/optimization_utils.py:655:::  
Repetition no. 0


/home/daniel.z/ICML_PIECLAM_020425/experiments/../trainer.py:161:::  

Using dataset specific configuration and not global 




/home/daniel.z/ICML_PIECLAM_020425/experiments/../trainer.py:335:::  

 2025-05-24 05:42:10 starting optimization of bigclam on photo on device cuda

 configs_dict: 
{
    "clamiter_init": {
        "dim_feat": 40,
        "dim_attr": 500,
        "s_reg": 0.0,
        "l1_reg": 1,
        "T": 1,
        "hidden_dim": 64,
        "num_coupling_blocks": 32,
        "num_layers_mlp": 2
    },
    "feat_opt": {
        "lr": 2e-06,
        "n_iter": 10000,
        "early_stop": 0
    }
}


/home/daniel.z/ICML_PIECLAM_020425/experiments/../clamiter.py:365:::  
staring fit_feats for 10000 iterations


/home/daniel.z/ICML_PIECLAM_020425/experiments/../trainer.py:454:::  

train_model_on_params on bigclam photo 
took 39.695138692855835 seconds


/home/daniel.z/ICML_PIECLAM_020425/experiments/optimization_utils.py:655:::  
Repetition no. 1


/home/daniel.z/ICML_PIECLAM_020425/experiments/../trainer.py:161:::  

Using dataset specific configuration and not global 




/home/daniel.z/ICML_PIECLAM_020425/experiments/../trainer.py:335:::  

 2025-05-24 05:42:50 starting optimization of bigclam on photo on device cuda

 configs_dict: 
{
    "clamiter_init": {
        "dim_feat": 40,
        "dim_attr": 500,
        "s_reg": 0.0,
        "l1_reg": 1,
        "T": 1,
        "hidden_dim": 64,
        "num_coupling_blocks": 32,
        "num_layers_mlp": 2
    },
    "feat_opt": {
        "lr": 2e-06,
        "n_iter": 10000,
        "early_stop": 0
    }
}


/home/daniel.z/ICML_PIECLAM_020425/experiments/../clamiter.py:365:::  
staring fit_feats for 10000 iterations


/home/daniel.z/ICML_PIECLAM_020425/experiments/../trainer.py:454:::  

train_model_on_params on bigclam photo 
took 39.68911266326904 seconds


/home/daniel.z/ICML_PIECLAM_020425/experiments/optimization_utils.py:655:::  
Repetition no. 2


/home/daniel.z/ICML_PIECLAM_020425/experiments/../trainer.py:161:::  

Using dataset specific configuration and not global 




/home/daniel.z/ICML_PIECLAM_020425/experiments/../trainer.py:335:::  

 2025-05-24 05:43:30 starting optimization of bigclam on photo on device cuda

 configs_dict: 
{
    "clamiter_init": {
        "dim_feat": 40,
        "dim_attr": 500,
        "s_reg": 0.0,
        "l1_reg": 1,
        "T": 1,
        "hidden_dim": 64,
        "num_coupling_blocks": 32,
        "num_layers_mlp": 2
    },
    "feat_opt": {
        "lr": 2e-06,
        "n_iter": 10000,
        "early_stop": 0
    }
}


/home/daniel.z/ICML_PIECLAM_020425/experiments/../clamiter.py:365:::  
staring fit_feats for 10000 iterations


/home/daniel.z/ICML_PIECLAM_020425/experiments/../trainer.py:454:::  

train_model_on_params on bigclam photo 
took 39.79594039916992 seconds


/home/daniel.z/ICML_PIECLAM_020425/experiments/optimization_utils.py:655:::  
Repetition no. 0


/home/daniel.z/ICML_PIECLAM_020425/experiments/../trainer.py:161:::  

Using dataset specific configuration and not global 




/home/daniel.z/ICML_PIECLAM_020425/experiments/../trainer.py:335:::  

 2025-05-24 05:44:10 starting optimization of bigclam on photo on device cuda

 configs_dict: 
{
    "clamiter_init": {
        "dim_feat": 60,
        "dim_attr": 500,
        "s_reg": 0.0,
        "l1_reg": 1,
        "T": 1,
        "hidden_dim": 64,
        "num_coupling_blocks": 32,
        "num_layers_mlp": 2
    },
    "feat_opt": {
        "lr": 5e-06,
        "n_iter": 7000,
        "early_stop": 0
    }
}


/home/daniel.z/ICML_PIECLAM_020425/experiments/../clamiter.py:365:::  
staring fit_feats for 7000 iterations


/home/daniel.z/ICML_PIECLAM_020425/experiments/../trainer.py:454:::  

train_model_on_params on bigclam photo 
took 38.22848105430603 seconds


/home/daniel.z/ICML_PIECLAM_020425/experiments/optimization_utils.py:655:::  
Repetition no. 1


/home/daniel.z/ICML_PIECLAM_020425/experiments/../trainer.py:161:::  

Using dataset specific configuration and not global 




/home/daniel.z/ICML_PIECLAM_020425/experiments/../trainer.py:335:::  

 2025-05-24 05:44:48 starting optimization of bigclam on photo on device cuda

 configs_dict: 
{
    "clamiter_init": {
        "dim_feat": 60,
        "dim_attr": 500,
        "s_reg": 0.0,
        "l1_reg": 1,
        "T": 1,
        "hidden_dim": 64,
        "num_coupling_blocks": 32,
        "num_layers_mlp": 2
    },
    "feat_opt": {
        "lr": 5e-06,
        "n_iter": 7000,
        "early_stop": 0
    }
}


/home/daniel.z/ICML_PIECLAM_020425/experiments/../clamiter.py:365:::  
staring fit_feats for 7000 iterations


/home/daniel.z/ICML_PIECLAM_020425/experiments/../trainer.py:454:::  

train_model_on_params on bigclam photo 
took 38.210071086883545 seconds


/home/daniel.z/ICML_PIECLAM_020425/experiments/optimization_utils.py:655:::  
Repetition no. 2


/home/daniel.z/ICML_PIECLAM_020425/experiments/../trainer.py:161:::  

Using dataset specific configuration and not global 




/home/daniel.z/ICML_PIECLAM_020425/experiments/../trainer.py:335:::  

 2025-05-24 05:45:27 starting optimization of bigclam on photo on device cuda

 configs_dict: 
{
    "clamiter_init": {
        "dim_feat": 60,
        "dim_attr": 500,
        "s_reg": 0.0,
        "l1_reg": 1,
        "T": 1,
        "hidden_dim": 64,
        "num_coupling_blocks": 32,
        "num_layers_mlp": 2
    },
    "feat_opt": {
        "lr": 5e-06,
        "n_iter": 7000,
        "early_stop": 0
    }
}


/home/daniel.z/ICML_PIECLAM_020425/experiments/../clamiter.py:365:::  
staring fit_feats for 7000 iterations


/home/daniel.z/ICML_PIECLAM_020425/experiments/../trainer.py:454:::  

train_model_on_params on bigclam photo 
took 38.14535617828369 seconds


/home/daniel.z/ICML_PIECLAM_020425/experiments/optimization_utils.py:729:::  


Finished CrossVal!




/home/daniel.z/ICML_PIECLAM_020425/experiments/optimization_utils.py:516:::  
On test set split_12-31_03-05-25 of photo,bigclam
 ======================


/home/daniel.z/ICML_PIECLAM_020425/experiments/optimization_utils.py:633:::  
RunSaver defined to acc_configs path /home/daniel.z/ICML_PIECLAM_020425/experiments/results/link_prediction/auc/photo/bigclam/split_12-31_03-05-25/valid/acc_configs05-46_24-05-25.json


/home/daniel.z/ICML_PIECLAM_020425/experiments/optimization_utils.py:655:::  
Repetition no. 0


/home/daniel.z/ICML_PIECLAM_020425/experiments/../trainer.py:161:::  

Using dataset specific configuration and not global 




/home/daniel.z/ICML_PIECLAM_020425/experiments/../trainer.py:335:::  

 2025-05-24 05:46:08 starting optimization of bigclam on photo on device cuda

 configs_dict: 
{
    "clamiter_init": {
        "dim_feat": 50,
        "dim_attr": 500,
        "s_reg": 0.0,
        "l1_reg": 1,
        "T": 1,
        "hidden_dim": 64,
        "num_coupling_blocks": 32,
        "num_layers_mlp": 2
    },
    "feat_opt": {
        "lr": 3e-06,
        "n_iter": 13000,
        "early_stop": 0
    }
}


/home/daniel.z/ICML_PIECLAM_020425/experiments/../clamiter.py:365:::  
staring fit_feats for 13000 iterations


/home/daniel.z/ICML_PIECLAM_020425/experiments/../trainer.py:454:::  

train_model_on_params on bigclam photo 
took 61.592628955841064 seconds


/home/daniel.z/ICML_PIECLAM_020425/experiments/optimization_utils.py:655:::  
Repetition no. 1


/home/daniel.z/ICML_PIECLAM_020425/experiments/../trainer.py:161:::  

Using dataset specific configuration and not global 




/home/daniel.z/ICML_PIECLAM_020425/experiments/../trainer.py:335:::  

 2025-05-24 05:47:10 starting optimization of bigclam on photo on device cuda

 configs_dict: 
{
    "clamiter_init": {
        "dim_feat": 50,
        "dim_attr": 500,
        "s_reg": 0.0,
        "l1_reg": 1,
        "T": 1,
        "hidden_dim": 64,
        "num_coupling_blocks": 32,
        "num_layers_mlp": 2
    },
    "feat_opt": {
        "lr": 3e-06,
        "n_iter": 13000,
        "early_stop": 0
    }
}


/home/daniel.z/ICML_PIECLAM_020425/experiments/../clamiter.py:365:::  
staring fit_feats for 13000 iterations


/home/daniel.z/ICML_PIECLAM_020425/experiments/../trainer.py:454:::  

train_model_on_params on bigclam photo 
took 61.86022090911865 seconds


/home/daniel.z/ICML_PIECLAM_020425/experiments/optimization_utils.py:655:::  
Repetition no. 2


/home/daniel.z/ICML_PIECLAM_020425/experiments/../trainer.py:161:::  

Using dataset specific configuration and not global 




/home/daniel.z/ICML_PIECLAM_020425/experiments/../trainer.py:335:::  

 2025-05-24 05:48:12 starting optimization of bigclam on photo on device cuda

 configs_dict: 
{
    "clamiter_init": {
        "dim_feat": 50,
        "dim_attr": 500,
        "s_reg": 0.0,
        "l1_reg": 1,
        "T": 1,
        "hidden_dim": 64,
        "num_coupling_blocks": 32,
        "num_layers_mlp": 2
    },
    "feat_opt": {
        "lr": 3e-06,
        "n_iter": 13000,
        "early_stop": 0
    }
}


/home/daniel.z/ICML_PIECLAM_020425/experiments/../clamiter.py:365:::  
staring fit_feats for 13000 iterations


/home/daniel.z/ICML_PIECLAM_020425/experiments/../trainer.py:454:::  

train_model_on_params on bigclam photo 
took 61.55262637138367 seconds


/home/daniel.z/ICML_PIECLAM_020425/experiments/optimization_utils.py:655:::  
Repetition no. 0


/home/daniel.z/ICML_PIECLAM_020425/experiments/../trainer.py:161:::  

Using dataset specific configuration and not global 




/home/daniel.z/ICML_PIECLAM_020425/experiments/../trainer.py:335:::  

 2025-05-24 05:49:14 starting optimization of bigclam on photo on device cuda

 configs_dict: 
{
    "clamiter_init": {
        "dim_feat": 50,
        "dim_attr": 500,
        "s_reg": 0.0,
        "l1_reg": 1,
        "T": 1,
        "hidden_dim": 64,
        "num_coupling_blocks": 32,
        "num_layers_mlp": 2
    },
    "feat_opt": {
        "lr": 2e-06,
        "n_iter": 10000,
        "early_stop": 0
    }
}


/home/daniel.z/ICML_PIECLAM_020425/experiments/../clamiter.py:365:::  
staring fit_feats for 10000 iterations


/home/daniel.z/ICML_PIECLAM_020425/experiments/../trainer.py:454:::  

train_model_on_params on bigclam photo 
took 47.40082502365112 seconds


/home/daniel.z/ICML_PIECLAM_020425/experiments/optimization_utils.py:655:::  
Repetition no. 1


/home/daniel.z/ICML_PIECLAM_020425/experiments/../trainer.py:161:::  

Using dataset specific configuration and not global 




/home/daniel.z/ICML_PIECLAM_020425/experiments/../trainer.py:335:::  

 2025-05-24 05:50:02 starting optimization of bigclam on photo on device cuda

 configs_dict: 
{
    "clamiter_init": {
        "dim_feat": 50,
        "dim_attr": 500,
        "s_reg": 0.0,
        "l1_reg": 1,
        "T": 1,
        "hidden_dim": 64,
        "num_coupling_blocks": 32,
        "num_layers_mlp": 2
    },
    "feat_opt": {
        "lr": 2e-06,
        "n_iter": 10000,
        "early_stop": 0
    }
}


/home/daniel.z/ICML_PIECLAM_020425/experiments/../clamiter.py:365:::  
staring fit_feats for 10000 iterations


/home/daniel.z/ICML_PIECLAM_020425/experiments/../trainer.py:454:::  

train_model_on_params on bigclam photo 
took 47.475695848464966 seconds


/home/daniel.z/ICML_PIECLAM_020425/experiments/optimization_utils.py:655:::  
Repetition no. 2


/home/daniel.z/ICML_PIECLAM_020425/experiments/../trainer.py:161:::  

Using dataset specific configuration and not global 




/home/daniel.z/ICML_PIECLAM_020425/experiments/../trainer.py:335:::  

 2025-05-24 05:50:50 starting optimization of bigclam on photo on device cuda

 configs_dict: 
{
    "clamiter_init": {
        "dim_feat": 50,
        "dim_attr": 500,
        "s_reg": 0.0,
        "l1_reg": 1,
        "T": 1,
        "hidden_dim": 64,
        "num_coupling_blocks": 32,
        "num_layers_mlp": 2
    },
    "feat_opt": {
        "lr": 2e-06,
        "n_iter": 10000,
        "early_stop": 0
    }
}


/home/daniel.z/ICML_PIECLAM_020425/experiments/../clamiter.py:365:::  
staring fit_feats for 10000 iterations


/home/daniel.z/ICML_PIECLAM_020425/experiments/../trainer.py:454:::  

train_model_on_params on bigclam photo 
took 47.50752806663513 seconds


/home/daniel.z/ICML_PIECLAM_020425/experiments/optimization_utils.py:655:::  
Repetition no. 0


/home/daniel.z/ICML_PIECLAM_020425/experiments/../trainer.py:161:::  

Using dataset specific configuration and not global 




/home/daniel.z/ICML_PIECLAM_020425/experiments/../trainer.py:335:::  

 2025-05-24 05:51:37 starting optimization of bigclam on photo on device cuda

 configs_dict: 
{
    "clamiter_init": {
        "dim_feat": 50,
        "dim_attr": 500,
        "s_reg": 0.0,
        "l1_reg": 1,
        "T": 1,
        "hidden_dim": 64,
        "num_coupling_blocks": 32,
        "num_layers_mlp": 2
    },
    "feat_opt": {
        "lr": 2e-06,
        "n_iter": 7000,
        "early_stop": 0
    }
}


/home/daniel.z/ICML_PIECLAM_020425/experiments/../clamiter.py:365:::  
staring fit_feats for 7000 iterations


/home/daniel.z/ICML_PIECLAM_020425/experiments/../trainer.py:454:::  

train_model_on_params on bigclam photo 
took 33.1927535533905 seconds


/home/daniel.z/ICML_PIECLAM_020425/experiments/optimization_utils.py:655:::  
Repetition no. 1


/home/daniel.z/ICML_PIECLAM_020425/experiments/../trainer.py:161:::  

Using dataset specific configuration and not global 




/home/daniel.z/ICML_PIECLAM_020425/experiments/../trainer.py:335:::  

 2025-05-24 05:52:11 starting optimization of bigclam on photo on device cuda

 configs_dict: 
{
    "clamiter_init": {
        "dim_feat": 50,
        "dim_attr": 500,
        "s_reg": 0.0,
        "l1_reg": 1,
        "T": 1,
        "hidden_dim": 64,
        "num_coupling_blocks": 32,
        "num_layers_mlp": 2
    },
    "feat_opt": {
        "lr": 2e-06,
        "n_iter": 7000,
        "early_stop": 0
    }
}


/home/daniel.z/ICML_PIECLAM_020425/experiments/../clamiter.py:365:::  
staring fit_feats for 7000 iterations


/home/daniel.z/ICML_PIECLAM_020425/experiments/../trainer.py:454:::  

train_model_on_params on bigclam photo 
took 33.183181285858154 seconds


/home/daniel.z/ICML_PIECLAM_020425/experiments/optimization_utils.py:655:::  
Repetition no. 2


/home/daniel.z/ICML_PIECLAM_020425/experiments/../trainer.py:161:::  

Using dataset specific configuration and not global 




/home/daniel.z/ICML_PIECLAM_020425/experiments/../trainer.py:335:::  

 2025-05-24 05:52:44 starting optimization of bigclam on photo on device cuda

 configs_dict: 
{
    "clamiter_init": {
        "dim_feat": 50,
        "dim_attr": 500,
        "s_reg": 0.0,
        "l1_reg": 1,
        "T": 1,
        "hidden_dim": 64,
        "num_coupling_blocks": 32,
        "num_layers_mlp": 2
    },
    "feat_opt": {
        "lr": 2e-06,
        "n_iter": 7000,
        "early_stop": 0
    }
}


/home/daniel.z/ICML_PIECLAM_020425/experiments/../clamiter.py:365:::  
staring fit_feats for 7000 iterations


/home/daniel.z/ICML_PIECLAM_020425/experiments/../trainer.py:454:::  

train_model_on_params on bigclam photo 
took 33.18823456764221 seconds


/home/daniel.z/ICML_PIECLAM_020425/experiments/optimization_utils.py:655:::  
Repetition no. 0


/home/daniel.z/ICML_PIECLAM_020425/experiments/../trainer.py:161:::  

Using dataset specific configuration and not global 




/home/daniel.z/ICML_PIECLAM_020425/experiments/../trainer.py:335:::  

 2025-05-24 05:53:18 starting optimization of bigclam on photo on device cuda

 configs_dict: 
{
    "clamiter_init": {
        "dim_feat": 60,
        "dim_attr": 500,
        "s_reg": 0.0,
        "l1_reg": 1,
        "T": 1,
        "hidden_dim": 64,
        "num_coupling_blocks": 32,
        "num_layers_mlp": 2
    },
    "feat_opt": {
        "lr": 5e-06,
        "n_iter": 13000,
        "early_stop": 0
    }
}


/home/daniel.z/ICML_PIECLAM_020425/experiments/../clamiter.py:365:::  
staring fit_feats for 13000 iterations


/home/daniel.z/ICML_PIECLAM_020425/experiments/../trainer.py:454:::  

train_model_on_params on bigclam photo 
took 70.78032207489014 seconds


/home/daniel.z/ICML_PIECLAM_020425/experiments/optimization_utils.py:655:::  
Repetition no. 1


/home/daniel.z/ICML_PIECLAM_020425/experiments/../trainer.py:161:::  

Using dataset specific configuration and not global 




/home/daniel.z/ICML_PIECLAM_020425/experiments/../trainer.py:335:::  

 2025-05-24 05:54:29 starting optimization of bigclam on photo on device cuda

 configs_dict: 
{
    "clamiter_init": {
        "dim_feat": 60,
        "dim_attr": 500,
        "s_reg": 0.0,
        "l1_reg": 1,
        "T": 1,
        "hidden_dim": 64,
        "num_coupling_blocks": 32,
        "num_layers_mlp": 2
    },
    "feat_opt": {
        "lr": 5e-06,
        "n_iter": 13000,
        "early_stop": 0
    }
}


/home/daniel.z/ICML_PIECLAM_020425/experiments/../clamiter.py:365:::  
staring fit_feats for 13000 iterations


/home/daniel.z/ICML_PIECLAM_020425/experiments/../trainer.py:454:::  

train_model_on_params on bigclam photo 
took 70.87468028068542 seconds


/home/daniel.z/ICML_PIECLAM_020425/experiments/optimization_utils.py:655:::  
Repetition no. 2


/home/daniel.z/ICML_PIECLAM_020425/experiments/../trainer.py:161:::  

Using dataset specific configuration and not global 




/home/daniel.z/ICML_PIECLAM_020425/experiments/../trainer.py:335:::  

 2025-05-24 05:55:40 starting optimization of bigclam on photo on device cuda

 configs_dict: 
{
    "clamiter_init": {
        "dim_feat": 60,
        "dim_attr": 500,
        "s_reg": 0.0,
        "l1_reg": 1,
        "T": 1,
        "hidden_dim": 64,
        "num_coupling_blocks": 32,
        "num_layers_mlp": 2
    },
    "feat_opt": {
        "lr": 5e-06,
        "n_iter": 13000,
        "early_stop": 0
    }
}


/home/daniel.z/ICML_PIECLAM_020425/experiments/../clamiter.py:365:::  
staring fit_feats for 13000 iterations


/home/daniel.z/ICML_PIECLAM_020425/experiments/../trainer.py:454:::  

train_model_on_params on bigclam photo 
took 70.93658661842346 seconds


/home/daniel.z/ICML_PIECLAM_020425/experiments/optimization_utils.py:655:::  
Repetition no. 0


/home/daniel.z/ICML_PIECLAM_020425/experiments/../trainer.py:161:::  

Using dataset specific configuration and not global 




/home/daniel.z/ICML_PIECLAM_020425/experiments/../trainer.py:335:::  

 2025-05-24 05:56:51 starting optimization of bigclam on photo on device cuda

 configs_dict: 
{
    "clamiter_init": {
        "dim_feat": 60,
        "dim_attr": 500,
        "s_reg": 0.0,
        "l1_reg": 1,
        "T": 1,
        "hidden_dim": 64,
        "num_coupling_blocks": 32,
        "num_layers_mlp": 2
    },
    "feat_opt": {
        "lr": 3e-06,
        "n_iter": 7000,
        "early_stop": 0
    }
}


/home/daniel.z/ICML_PIECLAM_020425/experiments/../clamiter.py:365:::  
staring fit_feats for 7000 iterations


/home/daniel.z/ICML_PIECLAM_020425/experiments/../trainer.py:454:::  

train_model_on_params on bigclam photo 
took 38.22458243370056 seconds


/home/daniel.z/ICML_PIECLAM_020425/experiments/optimization_utils.py:655:::  
Repetition no. 1


/home/daniel.z/ICML_PIECLAM_020425/experiments/../trainer.py:161:::  

Using dataset specific configuration and not global 




/home/daniel.z/ICML_PIECLAM_020425/experiments/../trainer.py:335:::  

 2025-05-24 05:57:30 starting optimization of bigclam on photo on device cuda

 configs_dict: 
{
    "clamiter_init": {
        "dim_feat": 60,
        "dim_attr": 500,
        "s_reg": 0.0,
        "l1_reg": 1,
        "T": 1,
        "hidden_dim": 64,
        "num_coupling_blocks": 32,
        "num_layers_mlp": 2
    },
    "feat_opt": {
        "lr": 3e-06,
        "n_iter": 7000,
        "early_stop": 0
    }
}


/home/daniel.z/ICML_PIECLAM_020425/experiments/../clamiter.py:365:::  
staring fit_feats for 7000 iterations


/home/daniel.z/ICML_PIECLAM_020425/experiments/../trainer.py:454:::  

train_model_on_params on bigclam photo 
took 38.245424032211304 seconds


/home/daniel.z/ICML_PIECLAM_020425/experiments/optimization_utils.py:655:::  
Repetition no. 2


/home/daniel.z/ICML_PIECLAM_020425/experiments/../trainer.py:161:::  

Using dataset specific configuration and not global 




/home/daniel.z/ICML_PIECLAM_020425/experiments/../trainer.py:335:::  

 2025-05-24 05:58:08 starting optimization of bigclam on photo on device cuda

 configs_dict: 
{
    "clamiter_init": {
        "dim_feat": 60,
        "dim_attr": 500,
        "s_reg": 0.0,
        "l1_reg": 1,
        "T": 1,
        "hidden_dim": 64,
        "num_coupling_blocks": 32,
        "num_layers_mlp": 2
    },
    "feat_opt": {
        "lr": 3e-06,
        "n_iter": 7000,
        "early_stop": 0
    }
}


/home/daniel.z/ICML_PIECLAM_020425/experiments/../clamiter.py:365:::  
staring fit_feats for 7000 iterations


/home/daniel.z/ICML_PIECLAM_020425/experiments/../trainer.py:454:::  

train_model_on_params on bigclam photo 
took 38.23403859138489 seconds


/home/daniel.z/ICML_PIECLAM_020425/experiments/optimization_utils.py:655:::  
Repetition no. 0


/home/daniel.z/ICML_PIECLAM_020425/experiments/../trainer.py:161:::  

Using dataset specific configuration and not global 




/home/daniel.z/ICML_PIECLAM_020425/experiments/../trainer.py:335:::  

 2025-05-24 05:58:47 starting optimization of bigclam on photo on device cuda

 configs_dict: 
{
    "clamiter_init": {
        "dim_feat": 40,
        "dim_attr": 500,
        "s_reg": 0.0,
        "l1_reg": 1,
        "T": 1,
        "hidden_dim": 64,
        "num_coupling_blocks": 32,
        "num_layers_mlp": 2
    },
    "feat_opt": {
        "lr": 2e-06,
        "n_iter": 13000,
        "early_stop": 0
    }
}


/home/daniel.z/ICML_PIECLAM_020425/experiments/../clamiter.py:365:::  
staring fit_feats for 13000 iterations


/home/daniel.z/ICML_PIECLAM_020425/experiments/../trainer.py:454:::  

train_model_on_params on bigclam photo 
took 51.6679413318634 seconds


/home/daniel.z/ICML_PIECLAM_020425/experiments/optimization_utils.py:655:::  
Repetition no. 1


/home/daniel.z/ICML_PIECLAM_020425/experiments/../trainer.py:161:::  

Using dataset specific configuration and not global 




/home/daniel.z/ICML_PIECLAM_020425/experiments/../trainer.py:335:::  

 2025-05-24 05:59:39 starting optimization of bigclam on photo on device cuda

 configs_dict: 
{
    "clamiter_init": {
        "dim_feat": 40,
        "dim_attr": 500,
        "s_reg": 0.0,
        "l1_reg": 1,
        "T": 1,
        "hidden_dim": 64,
        "num_coupling_blocks": 32,
        "num_layers_mlp": 2
    },
    "feat_opt": {
        "lr": 2e-06,
        "n_iter": 13000,
        "early_stop": 0
    }
}


/home/daniel.z/ICML_PIECLAM_020425/experiments/../clamiter.py:365:::  
staring fit_feats for 13000 iterations


/home/daniel.z/ICML_PIECLAM_020425/experiments/../trainer.py:454:::  

train_model_on_params on bigclam photo 
took 51.6447958946228 seconds


/home/daniel.z/ICML_PIECLAM_020425/experiments/optimization_utils.py:655:::  
Repetition no. 2


/home/daniel.z/ICML_PIECLAM_020425/experiments/../trainer.py:161:::  

Using dataset specific configuration and not global 




/home/daniel.z/ICML_PIECLAM_020425/experiments/../trainer.py:335:::  

 2025-05-24 06:00:31 starting optimization of bigclam on photo on device cuda

 configs_dict: 
{
    "clamiter_init": {
        "dim_feat": 40,
        "dim_attr": 500,
        "s_reg": 0.0,
        "l1_reg": 1,
        "T": 1,
        "hidden_dim": 64,
        "num_coupling_blocks": 32,
        "num_layers_mlp": 2
    },
    "feat_opt": {
        "lr": 2e-06,
        "n_iter": 13000,
        "early_stop": 0
    }
}


/home/daniel.z/ICML_PIECLAM_020425/experiments/../clamiter.py:365:::  
staring fit_feats for 13000 iterations


/home/daniel.z/ICML_PIECLAM_020425/experiments/../trainer.py:454:::  

train_model_on_params on bigclam photo 
took 51.69984292984009 seconds


/home/daniel.z/ICML_PIECLAM_020425/experiments/optimization_utils.py:655:::  
Repetition no. 0


/home/daniel.z/ICML_PIECLAM_020425/experiments/../trainer.py:161:::  

Using dataset specific configuration and not global 




/home/daniel.z/ICML_PIECLAM_020425/experiments/../trainer.py:335:::  

 2025-05-24 06:01:23 starting optimization of bigclam on photo on device cuda

 configs_dict: 
{
    "clamiter_init": {
        "dim_feat": 40,
        "dim_attr": 500,
        "s_reg": 0.0,
        "l1_reg": 1,
        "T": 1,
        "hidden_dim": 64,
        "num_coupling_blocks": 32,
        "num_layers_mlp": 2
    },
    "feat_opt": {
        "lr": 5e-06,
        "n_iter": 10000,
        "early_stop": 0
    }
}


/home/daniel.z/ICML_PIECLAM_020425/experiments/../clamiter.py:365:::  
staring fit_feats for 10000 iterations


/home/daniel.z/ICML_PIECLAM_020425/experiments/../trainer.py:454:::  

train_model_on_params on bigclam photo 
took 39.7012083530426 seconds


/home/daniel.z/ICML_PIECLAM_020425/experiments/optimization_utils.py:655:::  
Repetition no. 1


/home/daniel.z/ICML_PIECLAM_020425/experiments/../trainer.py:161:::  

Using dataset specific configuration and not global 




/home/daniel.z/ICML_PIECLAM_020425/experiments/../trainer.py:335:::  

 2025-05-24 06:02:03 starting optimization of bigclam on photo on device cuda

 configs_dict: 
{
    "clamiter_init": {
        "dim_feat": 40,
        "dim_attr": 500,
        "s_reg": 0.0,
        "l1_reg": 1,
        "T": 1,
        "hidden_dim": 64,
        "num_coupling_blocks": 32,
        "num_layers_mlp": 2
    },
    "feat_opt": {
        "lr": 5e-06,
        "n_iter": 10000,
        "early_stop": 0
    }
}


/home/daniel.z/ICML_PIECLAM_020425/experiments/../clamiter.py:365:::  
staring fit_feats for 10000 iterations


/home/daniel.z/ICML_PIECLAM_020425/experiments/../trainer.py:454:::  

train_model_on_params on bigclam photo 
took 39.73171019554138 seconds


/home/daniel.z/ICML_PIECLAM_020425/experiments/optimization_utils.py:655:::  
Repetition no. 2


/home/daniel.z/ICML_PIECLAM_020425/experiments/../trainer.py:161:::  

Using dataset specific configuration and not global 




/home/daniel.z/ICML_PIECLAM_020425/experiments/../trainer.py:335:::  

 2025-05-24 06:02:43 starting optimization of bigclam on photo on device cuda

 configs_dict: 
{
    "clamiter_init": {
        "dim_feat": 40,
        "dim_attr": 500,
        "s_reg": 0.0,
        "l1_reg": 1,
        "T": 1,
        "hidden_dim": 64,
        "num_coupling_blocks": 32,
        "num_layers_mlp": 2
    },
    "feat_opt": {
        "lr": 5e-06,
        "n_iter": 10000,
        "early_stop": 0
    }
}


/home/daniel.z/ICML_PIECLAM_020425/experiments/../clamiter.py:365:::  
staring fit_feats for 10000 iterations


/home/daniel.z/ICML_PIECLAM_020425/experiments/../trainer.py:454:::  

train_model_on_params on bigclam photo 
took 39.68685960769653 seconds


/home/daniel.z/ICML_PIECLAM_020425/experiments/optimization_utils.py:655:::  
Repetition no. 0


/home/daniel.z/ICML_PIECLAM_020425/experiments/../trainer.py:161:::  

Using dataset specific configuration and not global 




/home/daniel.z/ICML_PIECLAM_020425/experiments/../trainer.py:335:::  

 2025-05-24 06:03:23 starting optimization of bigclam on photo on device cuda

 configs_dict: 
{
    "clamiter_init": {
        "dim_feat": 50,
        "dim_attr": 500,
        "s_reg": 0.0,
        "l1_reg": 1,
        "T": 1,
        "hidden_dim": 64,
        "num_coupling_blocks": 32,
        "num_layers_mlp": 2
    },
    "feat_opt": {
        "lr": 3e-06,
        "n_iter": 7000,
        "early_stop": 0
    }
}


/home/daniel.z/ICML_PIECLAM_020425/experiments/../clamiter.py:365:::  
staring fit_feats for 7000 iterations


/home/daniel.z/ICML_PIECLAM_020425/experiments/../trainer.py:454:::  

train_model_on_params on bigclam photo 
took 33.21920037269592 seconds


/home/daniel.z/ICML_PIECLAM_020425/experiments/optimization_utils.py:655:::  
Repetition no. 1


/home/daniel.z/ICML_PIECLAM_020425/experiments/../trainer.py:161:::  

Using dataset specific configuration and not global 




/home/daniel.z/ICML_PIECLAM_020425/experiments/../trainer.py:335:::  

 2025-05-24 06:03:56 starting optimization of bigclam on photo on device cuda

 configs_dict: 
{
    "clamiter_init": {
        "dim_feat": 50,
        "dim_attr": 500,
        "s_reg": 0.0,
        "l1_reg": 1,
        "T": 1,
        "hidden_dim": 64,
        "num_coupling_blocks": 32,
        "num_layers_mlp": 2
    },
    "feat_opt": {
        "lr": 3e-06,
        "n_iter": 7000,
        "early_stop": 0
    }
}


/home/daniel.z/ICML_PIECLAM_020425/experiments/../clamiter.py:365:::  
staring fit_feats for 7000 iterations


/home/daniel.z/ICML_PIECLAM_020425/experiments/../trainer.py:454:::  

train_model_on_params on bigclam photo 
took 33.1468288898468 seconds


/home/daniel.z/ICML_PIECLAM_020425/experiments/optimization_utils.py:655:::  
Repetition no. 2


/home/daniel.z/ICML_PIECLAM_020425/experiments/../trainer.py:161:::  

Using dataset specific configuration and not global 




/home/daniel.z/ICML_PIECLAM_020425/experiments/../trainer.py:335:::  

 2025-05-24 06:04:30 starting optimization of bigclam on photo on device cuda

 configs_dict: 
{
    "clamiter_init": {
        "dim_feat": 50,
        "dim_attr": 500,
        "s_reg": 0.0,
        "l1_reg": 1,
        "T": 1,
        "hidden_dim": 64,
        "num_coupling_blocks": 32,
        "num_layers_mlp": 2
    },
    "feat_opt": {
        "lr": 3e-06,
        "n_iter": 7000,
        "early_stop": 0
    }
}


/home/daniel.z/ICML_PIECLAM_020425/experiments/../clamiter.py:365:::  
staring fit_feats for 7000 iterations


/home/daniel.z/ICML_PIECLAM_020425/experiments/../trainer.py:454:::  

train_model_on_params on bigclam photo 
took 33.16438817977905 seconds


/home/daniel.z/ICML_PIECLAM_020425/experiments/optimization_utils.py:655:::  
Repetition no. 0


/home/daniel.z/ICML_PIECLAM_020425/experiments/../trainer.py:161:::  

Using dataset specific configuration and not global 




/home/daniel.z/ICML_PIECLAM_020425/experiments/../trainer.py:335:::  

 2025-05-24 06:05:03 starting optimization of bigclam on photo on device cuda

 configs_dict: 
{
    "clamiter_init": {
        "dim_feat": 50,
        "dim_attr": 500,
        "s_reg": 0.0,
        "l1_reg": 1,
        "T": 1,
        "hidden_dim": 64,
        "num_coupling_blocks": 32,
        "num_layers_mlp": 2
    },
    "feat_opt": {
        "lr": 2e-06,
        "n_iter": 13000,
        "early_stop": 0
    }
}


/home/daniel.z/ICML_PIECLAM_020425/experiments/../clamiter.py:365:::  
staring fit_feats for 13000 iterations


/home/daniel.z/ICML_PIECLAM_020425/experiments/../trainer.py:454:::  

train_model_on_params on bigclam photo 
took 61.517518520355225 seconds


/home/daniel.z/ICML_PIECLAM_020425/experiments/optimization_utils.py:655:::  
Repetition no. 1


/home/daniel.z/ICML_PIECLAM_020425/experiments/../trainer.py:161:::  

Using dataset specific configuration and not global 




/home/daniel.z/ICML_PIECLAM_020425/experiments/../trainer.py:335:::  

 2025-05-24 06:06:05 starting optimization of bigclam on photo on device cuda

 configs_dict: 
{
    "clamiter_init": {
        "dim_feat": 50,
        "dim_attr": 500,
        "s_reg": 0.0,
        "l1_reg": 1,
        "T": 1,
        "hidden_dim": 64,
        "num_coupling_blocks": 32,
        "num_layers_mlp": 2
    },
    "feat_opt": {
        "lr": 2e-06,
        "n_iter": 13000,
        "early_stop": 0
    }
}


/home/daniel.z/ICML_PIECLAM_020425/experiments/../clamiter.py:365:::  
staring fit_feats for 13000 iterations


/home/daniel.z/ICML_PIECLAM_020425/experiments/../trainer.py:454:::  

train_model_on_params on bigclam photo 
took 61.62834119796753 seconds


/home/daniel.z/ICML_PIECLAM_020425/experiments/optimization_utils.py:655:::  
Repetition no. 2


/home/daniel.z/ICML_PIECLAM_020425/experiments/../trainer.py:161:::  

Using dataset specific configuration and not global 




/home/daniel.z/ICML_PIECLAM_020425/experiments/../trainer.py:335:::  

 2025-05-24 06:07:07 starting optimization of bigclam on photo on device cuda

 configs_dict: 
{
    "clamiter_init": {
        "dim_feat": 50,
        "dim_attr": 500,
        "s_reg": 0.0,
        "l1_reg": 1,
        "T": 1,
        "hidden_dim": 64,
        "num_coupling_blocks": 32,
        "num_layers_mlp": 2
    },
    "feat_opt": {
        "lr": 2e-06,
        "n_iter": 13000,
        "early_stop": 0
    }
}


/home/daniel.z/ICML_PIECLAM_020425/experiments/../clamiter.py:365:::  
staring fit_feats for 13000 iterations


/home/daniel.z/ICML_PIECLAM_020425/experiments/../trainer.py:454:::  

train_model_on_params on bigclam photo 
took 61.23384976387024 seconds


/home/daniel.z/ICML_PIECLAM_020425/experiments/optimization_utils.py:655:::  
Repetition no. 0


/home/daniel.z/ICML_PIECLAM_020425/experiments/../trainer.py:161:::  

Using dataset specific configuration and not global 




/home/daniel.z/ICML_PIECLAM_020425/experiments/../trainer.py:335:::  

 2025-05-24 06:08:08 starting optimization of bigclam on photo on device cuda

 configs_dict: 
{
    "clamiter_init": {
        "dim_feat": 60,
        "dim_attr": 500,
        "s_reg": 0.0,
        "l1_reg": 1,
        "T": 1,
        "hidden_dim": 64,
        "num_coupling_blocks": 32,
        "num_layers_mlp": 2
    },
    "feat_opt": {
        "lr": 3e-06,
        "n_iter": 10000,
        "early_stop": 0
    }
}


/home/daniel.z/ICML_PIECLAM_020425/experiments/../clamiter.py:365:::  
staring fit_feats for 10000 iterations


/home/daniel.z/ICML_PIECLAM_020425/experiments/../trainer.py:454:::  

train_model_on_params on bigclam photo 
took 54.146751403808594 seconds


/home/daniel.z/ICML_PIECLAM_020425/experiments/optimization_utils.py:655:::  
Repetition no. 1


/home/daniel.z/ICML_PIECLAM_020425/experiments/../trainer.py:161:::  

Using dataset specific configuration and not global 




/home/daniel.z/ICML_PIECLAM_020425/experiments/../trainer.py:335:::  

 2025-05-24 06:09:03 starting optimization of bigclam on photo on device cuda

 configs_dict: 
{
    "clamiter_init": {
        "dim_feat": 60,
        "dim_attr": 500,
        "s_reg": 0.0,
        "l1_reg": 1,
        "T": 1,
        "hidden_dim": 64,
        "num_coupling_blocks": 32,
        "num_layers_mlp": 2
    },
    "feat_opt": {
        "lr": 3e-06,
        "n_iter": 10000,
        "early_stop": 0
    }
}


/home/daniel.z/ICML_PIECLAM_020425/experiments/../clamiter.py:365:::  
staring fit_feats for 10000 iterations


/home/daniel.z/ICML_PIECLAM_020425/experiments/../trainer.py:454:::  

train_model_on_params on bigclam photo 
took 54.17173457145691 seconds


/home/daniel.z/ICML_PIECLAM_020425/experiments/optimization_utils.py:655:::  
Repetition no. 2


/home/daniel.z/ICML_PIECLAM_020425/experiments/../trainer.py:161:::  

Using dataset specific configuration and not global 




/home/daniel.z/ICML_PIECLAM_020425/experiments/../trainer.py:335:::  

 2025-05-24 06:09:57 starting optimization of bigclam on photo on device cuda

 configs_dict: 
{
    "clamiter_init": {
        "dim_feat": 60,
        "dim_attr": 500,
        "s_reg": 0.0,
        "l1_reg": 1,
        "T": 1,
        "hidden_dim": 64,
        "num_coupling_blocks": 32,
        "num_layers_mlp": 2
    },
    "feat_opt": {
        "lr": 3e-06,
        "n_iter": 10000,
        "early_stop": 0
    }
}


/home/daniel.z/ICML_PIECLAM_020425/experiments/../clamiter.py:365:::  
staring fit_feats for 10000 iterations


/home/daniel.z/ICML_PIECLAM_020425/experiments/../trainer.py:454:::  

train_model_on_params on bigclam photo 
took 54.05450797080994 seconds


/home/daniel.z/ICML_PIECLAM_020425/experiments/optimization_utils.py:655:::  
Repetition no. 0


/home/daniel.z/ICML_PIECLAM_020425/experiments/../trainer.py:161:::  

Using dataset specific configuration and not global 




/home/daniel.z/ICML_PIECLAM_020425/experiments/../trainer.py:335:::  

 2025-05-24 06:10:51 starting optimization of bigclam on photo on device cuda

 configs_dict: 
{
    "clamiter_init": {
        "dim_feat": 50,
        "dim_attr": 500,
        "s_reg": 0.0,
        "l1_reg": 1,
        "T": 1,
        "hidden_dim": 64,
        "num_coupling_blocks": 32,
        "num_layers_mlp": 2
    },
    "feat_opt": {
        "lr": 5e-06,
        "n_iter": 7000,
        "early_stop": 0
    }
}


/home/daniel.z/ICML_PIECLAM_020425/experiments/../clamiter.py:365:::  
staring fit_feats for 7000 iterations


/home/daniel.z/ICML_PIECLAM_020425/experiments/../trainer.py:454:::  

train_model_on_params on bigclam photo 
took 32.91460728645325 seconds


/home/daniel.z/ICML_PIECLAM_020425/experiments/optimization_utils.py:655:::  
Repetition no. 1


/home/daniel.z/ICML_PIECLAM_020425/experiments/../trainer.py:161:::  

Using dataset specific configuration and not global 




/home/daniel.z/ICML_PIECLAM_020425/experiments/../trainer.py:335:::  

 2025-05-24 06:11:25 starting optimization of bigclam on photo on device cuda

 configs_dict: 
{
    "clamiter_init": {
        "dim_feat": 50,
        "dim_attr": 500,
        "s_reg": 0.0,
        "l1_reg": 1,
        "T": 1,
        "hidden_dim": 64,
        "num_coupling_blocks": 32,
        "num_layers_mlp": 2
    },
    "feat_opt": {
        "lr": 5e-06,
        "n_iter": 7000,
        "early_stop": 0
    }
}


/home/daniel.z/ICML_PIECLAM_020425/experiments/../clamiter.py:365:::  
staring fit_feats for 7000 iterations


/home/daniel.z/ICML_PIECLAM_020425/experiments/../trainer.py:454:::  

train_model_on_params on bigclam photo 
took 32.99237298965454 seconds


/home/daniel.z/ICML_PIECLAM_020425/experiments/optimization_utils.py:655:::  
Repetition no. 2


/home/daniel.z/ICML_PIECLAM_020425/experiments/../trainer.py:161:::  

Using dataset specific configuration and not global 




/home/daniel.z/ICML_PIECLAM_020425/experiments/../trainer.py:335:::  

 2025-05-24 06:11:58 starting optimization of bigclam on photo on device cuda

 configs_dict: 
{
    "clamiter_init": {
        "dim_feat": 50,
        "dim_attr": 500,
        "s_reg": 0.0,
        "l1_reg": 1,
        "T": 1,
        "hidden_dim": 64,
        "num_coupling_blocks": 32,
        "num_layers_mlp": 2
    },
    "feat_opt": {
        "lr": 5e-06,
        "n_iter": 7000,
        "early_stop": 0
    }
}


/home/daniel.z/ICML_PIECLAM_020425/experiments/../clamiter.py:365:::  
staring fit_feats for 7000 iterations


/home/daniel.z/ICML_PIECLAM_020425/experiments/../trainer.py:454:::  

train_model_on_params on bigclam photo 
took 32.98633170127869 seconds


/home/daniel.z/ICML_PIECLAM_020425/experiments/optimization_utils.py:655:::  
Repetition no. 0


/home/daniel.z/ICML_PIECLAM_020425/experiments/../trainer.py:161:::  

Using dataset specific configuration and not global 




/home/daniel.z/ICML_PIECLAM_020425/experiments/../trainer.py:335:::  

 2025-05-24 06:12:31 starting optimization of bigclam on photo on device cuda

 configs_dict: 
{
    "clamiter_init": {
        "dim_feat": 60,
        "dim_attr": 500,
        "s_reg": 0.0,
        "l1_reg": 1,
        "T": 1,
        "hidden_dim": 64,
        "num_coupling_blocks": 32,
        "num_layers_mlp": 2
    },
    "feat_opt": {
        "lr": 2e-06,
        "n_iter": 7000,
        "early_stop": 0
    }
}


/home/daniel.z/ICML_PIECLAM_020425/experiments/../clamiter.py:365:::  
staring fit_feats for 7000 iterations


/home/daniel.z/ICML_PIECLAM_020425/experiments/../trainer.py:454:::  

train_model_on_params on bigclam photo 
took 37.9671196937561 seconds


/home/daniel.z/ICML_PIECLAM_020425/experiments/optimization_utils.py:655:::  
Repetition no. 1


/home/daniel.z/ICML_PIECLAM_020425/experiments/../trainer.py:161:::  

Using dataset specific configuration and not global 




/home/daniel.z/ICML_PIECLAM_020425/experiments/../trainer.py:335:::  

 2025-05-24 06:13:09 starting optimization of bigclam on photo on device cuda

 configs_dict: 
{
    "clamiter_init": {
        "dim_feat": 60,
        "dim_attr": 500,
        "s_reg": 0.0,
        "l1_reg": 1,
        "T": 1,
        "hidden_dim": 64,
        "num_coupling_blocks": 32,
        "num_layers_mlp": 2
    },
    "feat_opt": {
        "lr": 2e-06,
        "n_iter": 7000,
        "early_stop": 0
    }
}


/home/daniel.z/ICML_PIECLAM_020425/experiments/../clamiter.py:365:::  
staring fit_feats for 7000 iterations


/home/daniel.z/ICML_PIECLAM_020425/experiments/../trainer.py:454:::  

train_model_on_params on bigclam photo 
took 37.89528250694275 seconds


/home/daniel.z/ICML_PIECLAM_020425/experiments/optimization_utils.py:655:::  
Repetition no. 2


/home/daniel.z/ICML_PIECLAM_020425/experiments/../trainer.py:161:::  

Using dataset specific configuration and not global 




/home/daniel.z/ICML_PIECLAM_020425/experiments/../trainer.py:335:::  

 2025-05-24 06:13:48 starting optimization of bigclam on photo on device cuda

 configs_dict: 
{
    "clamiter_init": {
        "dim_feat": 60,
        "dim_attr": 500,
        "s_reg": 0.0,
        "l1_reg": 1,
        "T": 1,
        "hidden_dim": 64,
        "num_coupling_blocks": 32,
        "num_layers_mlp": 2
    },
    "feat_opt": {
        "lr": 2e-06,
        "n_iter": 7000,
        "early_stop": 0
    }
}


/home/daniel.z/ICML_PIECLAM_020425/experiments/../clamiter.py:365:::  
staring fit_feats for 7000 iterations


/home/daniel.z/ICML_PIECLAM_020425/experiments/../trainer.py:454:::  

train_model_on_params on bigclam photo 
took 37.866065979003906 seconds


/home/daniel.z/ICML_PIECLAM_020425/experiments/optimization_utils.py:655:::  
Repetition no. 0


/home/daniel.z/ICML_PIECLAM_020425/experiments/../trainer.py:161:::  

Using dataset specific configuration and not global 




/home/daniel.z/ICML_PIECLAM_020425/experiments/../trainer.py:335:::  

 2025-05-24 06:14:26 starting optimization of bigclam on photo on device cuda

 configs_dict: 
{
    "clamiter_init": {
        "dim_feat": 40,
        "dim_attr": 500,
        "s_reg": 0.0,
        "l1_reg": 1,
        "T": 1,
        "hidden_dim": 64,
        "num_coupling_blocks": 32,
        "num_layers_mlp": 2
    },
    "feat_opt": {
        "lr": 3e-06,
        "n_iter": 7000,
        "early_stop": 0
    }
}


/home/daniel.z/ICML_PIECLAM_020425/experiments/../clamiter.py:365:::  
staring fit_feats for 7000 iterations


/home/daniel.z/ICML_PIECLAM_020425/experiments/../trainer.py:454:::  

train_model_on_params on bigclam photo 
took 27.57555913925171 seconds


/home/daniel.z/ICML_PIECLAM_020425/experiments/optimization_utils.py:655:::  
Repetition no. 1


/home/daniel.z/ICML_PIECLAM_020425/experiments/../trainer.py:161:::  

Using dataset specific configuration and not global 




/home/daniel.z/ICML_PIECLAM_020425/experiments/../trainer.py:335:::  

 2025-05-24 06:14:54 starting optimization of bigclam on photo on device cuda

 configs_dict: 
{
    "clamiter_init": {
        "dim_feat": 40,
        "dim_attr": 500,
        "s_reg": 0.0,
        "l1_reg": 1,
        "T": 1,
        "hidden_dim": 64,
        "num_coupling_blocks": 32,
        "num_layers_mlp": 2
    },
    "feat_opt": {
        "lr": 3e-06,
        "n_iter": 7000,
        "early_stop": 0
    }
}


/home/daniel.z/ICML_PIECLAM_020425/experiments/../clamiter.py:365:::  
staring fit_feats for 7000 iterations


/home/daniel.z/ICML_PIECLAM_020425/experiments/../trainer.py:454:::  

train_model_on_params on bigclam photo 
took 27.904025077819824 seconds


/home/daniel.z/ICML_PIECLAM_020425/experiments/optimization_utils.py:655:::  
Repetition no. 2


/home/daniel.z/ICML_PIECLAM_020425/experiments/../trainer.py:161:::  

Using dataset specific configuration and not global 




/home/daniel.z/ICML_PIECLAM_020425/experiments/../trainer.py:335:::  

 2025-05-24 06:15:22 starting optimization of bigclam on photo on device cuda

 configs_dict: 
{
    "clamiter_init": {
        "dim_feat": 40,
        "dim_attr": 500,
        "s_reg": 0.0,
        "l1_reg": 1,
        "T": 1,
        "hidden_dim": 64,
        "num_coupling_blocks": 32,
        "num_layers_mlp": 2
    },
    "feat_opt": {
        "lr": 3e-06,
        "n_iter": 7000,
        "early_stop": 0
    }
}


/home/daniel.z/ICML_PIECLAM_020425/experiments/../clamiter.py:365:::  
staring fit_feats for 7000 iterations


/home/daniel.z/ICML_PIECLAM_020425/experiments/../trainer.py:454:::  

train_model_on_params on bigclam photo 
took 27.84226655960083 seconds


/home/daniel.z/ICML_PIECLAM_020425/experiments/optimization_utils.py:655:::  
Repetition no. 0


/home/daniel.z/ICML_PIECLAM_020425/experiments/../trainer.py:161:::  

Using dataset specific configuration and not global 




/home/daniel.z/ICML_PIECLAM_020425/experiments/../trainer.py:335:::  

 2025-05-24 06:15:50 starting optimization of bigclam on photo on device cuda

 configs_dict: 
{
    "clamiter_init": {
        "dim_feat": 50,
        "dim_attr": 500,
        "s_reg": 0.0,
        "l1_reg": 1,
        "T": 1,
        "hidden_dim": 64,
        "num_coupling_blocks": 32,
        "num_layers_mlp": 2
    },
    "feat_opt": {
        "lr": 5e-06,
        "n_iter": 10000,
        "early_stop": 0
    }
}


/home/daniel.z/ICML_PIECLAM_020425/experiments/../clamiter.py:365:::  
staring fit_feats for 10000 iterations


/home/daniel.z/ICML_PIECLAM_020425/experiments/../trainer.py:454:::  

train_model_on_params on bigclam photo 
took 47.433818101882935 seconds


/home/daniel.z/ICML_PIECLAM_020425/experiments/optimization_utils.py:655:::  
Repetition no. 1


/home/daniel.z/ICML_PIECLAM_020425/experiments/../trainer.py:161:::  

Using dataset specific configuration and not global 




/home/daniel.z/ICML_PIECLAM_020425/experiments/../trainer.py:335:::  

 2025-05-24 06:16:38 starting optimization of bigclam on photo on device cuda

 configs_dict: 
{
    "clamiter_init": {
        "dim_feat": 50,
        "dim_attr": 500,
        "s_reg": 0.0,
        "l1_reg": 1,
        "T": 1,
        "hidden_dim": 64,
        "num_coupling_blocks": 32,
        "num_layers_mlp": 2
    },
    "feat_opt": {
        "lr": 5e-06,
        "n_iter": 10000,
        "early_stop": 0
    }
}


/home/daniel.z/ICML_PIECLAM_020425/experiments/../clamiter.py:365:::  
staring fit_feats for 10000 iterations


/home/daniel.z/ICML_PIECLAM_020425/experiments/../trainer.py:454:::  

train_model_on_params on bigclam photo 
took 47.25808930397034 seconds


/home/daniel.z/ICML_PIECLAM_020425/experiments/optimization_utils.py:655:::  
Repetition no. 2


/home/daniel.z/ICML_PIECLAM_020425/experiments/../trainer.py:161:::  

Using dataset specific configuration and not global 




/home/daniel.z/ICML_PIECLAM_020425/experiments/../trainer.py:335:::  

 2025-05-24 06:17:25 starting optimization of bigclam on photo on device cuda

 configs_dict: 
{
    "clamiter_init": {
        "dim_feat": 50,
        "dim_attr": 500,
        "s_reg": 0.0,
        "l1_reg": 1,
        "T": 1,
        "hidden_dim": 64,
        "num_coupling_blocks": 32,
        "num_layers_mlp": 2
    },
    "feat_opt": {
        "lr": 5e-06,
        "n_iter": 10000,
        "early_stop": 0
    }
}


/home/daniel.z/ICML_PIECLAM_020425/experiments/../clamiter.py:365:::  
staring fit_feats for 10000 iterations


/home/daniel.z/ICML_PIECLAM_020425/experiments/../trainer.py:454:::  

train_model_on_params on bigclam photo 
took 46.97601008415222 seconds


/home/daniel.z/ICML_PIECLAM_020425/experiments/optimization_utils.py:655:::  
Repetition no. 0


/home/daniel.z/ICML_PIECLAM_020425/experiments/../trainer.py:161:::  

Using dataset specific configuration and not global 




/home/daniel.z/ICML_PIECLAM_020425/experiments/../trainer.py:335:::  

 2025-05-24 06:18:12 starting optimization of bigclam on photo on device cuda

 configs_dict: 
{
    "clamiter_init": {
        "dim_feat": 60,
        "dim_attr": 500,
        "s_reg": 0.0,
        "l1_reg": 1,
        "T": 1,
        "hidden_dim": 64,
        "num_coupling_blocks": 32,
        "num_layers_mlp": 2
    },
    "feat_opt": {
        "lr": 2e-06,
        "n_iter": 13000,
        "early_stop": 0
    }
}


/home/daniel.z/ICML_PIECLAM_020425/experiments/../clamiter.py:365:::  
staring fit_feats for 13000 iterations


/home/daniel.z/ICML_PIECLAM_020425/experiments/../trainer.py:454:::  

train_model_on_params on bigclam photo 
took 70.32651209831238 seconds


/home/daniel.z/ICML_PIECLAM_020425/experiments/optimization_utils.py:655:::  
Repetition no. 1


/home/daniel.z/ICML_PIECLAM_020425/experiments/../trainer.py:161:::  

Using dataset specific configuration and not global 




/home/daniel.z/ICML_PIECLAM_020425/experiments/../trainer.py:335:::  

 2025-05-24 06:19:23 starting optimization of bigclam on photo on device cuda

 configs_dict: 
{
    "clamiter_init": {
        "dim_feat": 60,
        "dim_attr": 500,
        "s_reg": 0.0,
        "l1_reg": 1,
        "T": 1,
        "hidden_dim": 64,
        "num_coupling_blocks": 32,
        "num_layers_mlp": 2
    },
    "feat_opt": {
        "lr": 2e-06,
        "n_iter": 13000,
        "early_stop": 0
    }
}


/home/daniel.z/ICML_PIECLAM_020425/experiments/../clamiter.py:365:::  
staring fit_feats for 13000 iterations


/home/daniel.z/ICML_PIECLAM_020425/experiments/../trainer.py:454:::  

train_model_on_params on bigclam photo 
took 70.28468728065491 seconds


/home/daniel.z/ICML_PIECLAM_020425/experiments/optimization_utils.py:655:::  
Repetition no. 2


/home/daniel.z/ICML_PIECLAM_020425/experiments/../trainer.py:161:::  

Using dataset specific configuration and not global 




/home/daniel.z/ICML_PIECLAM_020425/experiments/../trainer.py:335:::  

 2025-05-24 06:20:33 starting optimization of bigclam on photo on device cuda

 configs_dict: 
{
    "clamiter_init": {
        "dim_feat": 60,
        "dim_attr": 500,
        "s_reg": 0.0,
        "l1_reg": 1,
        "T": 1,
        "hidden_dim": 64,
        "num_coupling_blocks": 32,
        "num_layers_mlp": 2
    },
    "feat_opt": {
        "lr": 2e-06,
        "n_iter": 13000,
        "early_stop": 0
    }
}


/home/daniel.z/ICML_PIECLAM_020425/experiments/../clamiter.py:365:::  
staring fit_feats for 13000 iterations


/home/daniel.z/ICML_PIECLAM_020425/experiments/../trainer.py:454:::  

train_model_on_params on bigclam photo 
took 70.32523393630981 seconds


/home/daniel.z/ICML_PIECLAM_020425/experiments/optimization_utils.py:655:::  
Repetition no. 0


/home/daniel.z/ICML_PIECLAM_020425/experiments/../trainer.py:161:::  

Using dataset specific configuration and not global 




/home/daniel.z/ICML_PIECLAM_020425/experiments/../trainer.py:335:::  

 2025-05-24 06:21:44 starting optimization of bigclam on photo on device cuda

 configs_dict: 
{
    "clamiter_init": {
        "dim_feat": 50,
        "dim_attr": 500,
        "s_reg": 0.0,
        "l1_reg": 1,
        "T": 1,
        "hidden_dim": 64,
        "num_coupling_blocks": 32,
        "num_layers_mlp": 2
    },
    "feat_opt": {
        "lr": 3e-06,
        "n_iter": 10000,
        "early_stop": 0
    }
}


/home/daniel.z/ICML_PIECLAM_020425/experiments/../clamiter.py:365:::  
staring fit_feats for 10000 iterations


/home/daniel.z/ICML_PIECLAM_020425/experiments/../trainer.py:454:::  

train_model_on_params on bigclam photo 
took 46.95445704460144 seconds


/home/daniel.z/ICML_PIECLAM_020425/experiments/optimization_utils.py:655:::  
Repetition no. 1


/home/daniel.z/ICML_PIECLAM_020425/experiments/../trainer.py:161:::  

Using dataset specific configuration and not global 




/home/daniel.z/ICML_PIECLAM_020425/experiments/../trainer.py:335:::  

 2025-05-24 06:22:31 starting optimization of bigclam on photo on device cuda

 configs_dict: 
{
    "clamiter_init": {
        "dim_feat": 50,
        "dim_attr": 500,
        "s_reg": 0.0,
        "l1_reg": 1,
        "T": 1,
        "hidden_dim": 64,
        "num_coupling_blocks": 32,
        "num_layers_mlp": 2
    },
    "feat_opt": {
        "lr": 3e-06,
        "n_iter": 10000,
        "early_stop": 0
    }
}


/home/daniel.z/ICML_PIECLAM_020425/experiments/../clamiter.py:365:::  
staring fit_feats for 10000 iterations


/home/daniel.z/ICML_PIECLAM_020425/experiments/../trainer.py:454:::  

train_model_on_params on bigclam photo 
took 46.94165372848511 seconds


/home/daniel.z/ICML_PIECLAM_020425/experiments/optimization_utils.py:655:::  
Repetition no. 2


/home/daniel.z/ICML_PIECLAM_020425/experiments/../trainer.py:161:::  

Using dataset specific configuration and not global 




/home/daniel.z/ICML_PIECLAM_020425/experiments/../trainer.py:335:::  

 2025-05-24 06:23:18 starting optimization of bigclam on photo on device cuda

 configs_dict: 
{
    "clamiter_init": {
        "dim_feat": 50,
        "dim_attr": 500,
        "s_reg": 0.0,
        "l1_reg": 1,
        "T": 1,
        "hidden_dim": 64,
        "num_coupling_blocks": 32,
        "num_layers_mlp": 2
    },
    "feat_opt": {
        "lr": 3e-06,
        "n_iter": 10000,
        "early_stop": 0
    }
}


/home/daniel.z/ICML_PIECLAM_020425/experiments/../clamiter.py:365:::  
staring fit_feats for 10000 iterations


/home/daniel.z/ICML_PIECLAM_020425/experiments/../trainer.py:454:::  

train_model_on_params on bigclam photo 
took 46.9587664604187 seconds


/home/daniel.z/ICML_PIECLAM_020425/experiments/optimization_utils.py:655:::  
Repetition no. 0


/home/daniel.z/ICML_PIECLAM_020425/experiments/../trainer.py:161:::  

Using dataset specific configuration and not global 




/home/daniel.z/ICML_PIECLAM_020425/experiments/../trainer.py:335:::  

 2025-05-24 06:24:06 starting optimization of bigclam on photo on device cuda

 configs_dict: 
{
    "clamiter_init": {
        "dim_feat": 40,
        "dim_attr": 500,
        "s_reg": 0.0,
        "l1_reg": 1,
        "T": 1,
        "hidden_dim": 64,
        "num_coupling_blocks": 32,
        "num_layers_mlp": 2
    },
    "feat_opt": {
        "lr": 5e-06,
        "n_iter": 7000,
        "early_stop": 0
    }
}


/home/daniel.z/ICML_PIECLAM_020425/experiments/../clamiter.py:365:::  
staring fit_feats for 7000 iterations


/home/daniel.z/ICML_PIECLAM_020425/experiments/../trainer.py:454:::  

train_model_on_params on bigclam photo 
took 27.575932025909424 seconds


/home/daniel.z/ICML_PIECLAM_020425/experiments/optimization_utils.py:655:::  
Repetition no. 1


/home/daniel.z/ICML_PIECLAM_020425/experiments/../trainer.py:161:::  

Using dataset specific configuration and not global 




/home/daniel.z/ICML_PIECLAM_020425/experiments/../trainer.py:335:::  

 2025-05-24 06:24:34 starting optimization of bigclam on photo on device cuda

 configs_dict: 
{
    "clamiter_init": {
        "dim_feat": 40,
        "dim_attr": 500,
        "s_reg": 0.0,
        "l1_reg": 1,
        "T": 1,
        "hidden_dim": 64,
        "num_coupling_blocks": 32,
        "num_layers_mlp": 2
    },
    "feat_opt": {
        "lr": 5e-06,
        "n_iter": 7000,
        "early_stop": 0
    }
}


/home/daniel.z/ICML_PIECLAM_020425/experiments/../clamiter.py:365:::  
staring fit_feats for 7000 iterations


/home/daniel.z/ICML_PIECLAM_020425/experiments/../trainer.py:454:::  

train_model_on_params on bigclam photo 
took 27.535014629364014 seconds


/home/daniel.z/ICML_PIECLAM_020425/experiments/optimization_utils.py:655:::  
Repetition no. 2


/home/daniel.z/ICML_PIECLAM_020425/experiments/../trainer.py:161:::  

Using dataset specific configuration and not global 




/home/daniel.z/ICML_PIECLAM_020425/experiments/../trainer.py:335:::  

 2025-05-24 06:25:01 starting optimization of bigclam on photo on device cuda

 configs_dict: 
{
    "clamiter_init": {
        "dim_feat": 40,
        "dim_attr": 500,
        "s_reg": 0.0,
        "l1_reg": 1,
        "T": 1,
        "hidden_dim": 64,
        "num_coupling_blocks": 32,
        "num_layers_mlp": 2
    },
    "feat_opt": {
        "lr": 5e-06,
        "n_iter": 7000,
        "early_stop": 0
    }
}


/home/daniel.z/ICML_PIECLAM_020425/experiments/../clamiter.py:365:::  
staring fit_feats for 7000 iterations


/home/daniel.z/ICML_PIECLAM_020425/experiments/../trainer.py:454:::  

train_model_on_params on bigclam photo 
took 27.503591775894165 seconds


/home/daniel.z/ICML_PIECLAM_020425/experiments/optimization_utils.py:655:::  
Repetition no. 0


/home/daniel.z/ICML_PIECLAM_020425/experiments/../trainer.py:161:::  

Using dataset specific configuration and not global 




/home/daniel.z/ICML_PIECLAM_020425/experiments/../trainer.py:335:::  

 2025-05-24 06:25:29 starting optimization of bigclam on photo on device cuda

 configs_dict: 
{
    "clamiter_init": {
        "dim_feat": 50,
        "dim_attr": 500,
        "s_reg": 0.0,
        "l1_reg": 1,
        "T": 1,
        "hidden_dim": 64,
        "num_coupling_blocks": 32,
        "num_layers_mlp": 2
    },
    "feat_opt": {
        "lr": 5e-06,
        "n_iter": 13000,
        "early_stop": 0
    }
}


/home/daniel.z/ICML_PIECLAM_020425/experiments/../clamiter.py:365:::  
staring fit_feats for 13000 iterations


/home/daniel.z/ICML_PIECLAM_020425/experiments/../trainer.py:454:::  

train_model_on_params on bigclam photo 
took 60.90433192253113 seconds


/home/daniel.z/ICML_PIECLAM_020425/experiments/optimization_utils.py:655:::  
Repetition no. 1


/home/daniel.z/ICML_PIECLAM_020425/experiments/../trainer.py:161:::  

Using dataset specific configuration and not global 




/home/daniel.z/ICML_PIECLAM_020425/experiments/../trainer.py:335:::  

 2025-05-24 06:26:30 starting optimization of bigclam on photo on device cuda

 configs_dict: 
{
    "clamiter_init": {
        "dim_feat": 50,
        "dim_attr": 500,
        "s_reg": 0.0,
        "l1_reg": 1,
        "T": 1,
        "hidden_dim": 64,
        "num_coupling_blocks": 32,
        "num_layers_mlp": 2
    },
    "feat_opt": {
        "lr": 5e-06,
        "n_iter": 13000,
        "early_stop": 0
    }
}


/home/daniel.z/ICML_PIECLAM_020425/experiments/../clamiter.py:365:::  
staring fit_feats for 13000 iterations


/home/daniel.z/ICML_PIECLAM_020425/experiments/../trainer.py:454:::  

train_model_on_params on bigclam photo 
took 61.029467821121216 seconds


/home/daniel.z/ICML_PIECLAM_020425/experiments/optimization_utils.py:655:::  
Repetition no. 2


/home/daniel.z/ICML_PIECLAM_020425/experiments/../trainer.py:161:::  

Using dataset specific configuration and not global 




/home/daniel.z/ICML_PIECLAM_020425/experiments/../trainer.py:335:::  

 2025-05-24 06:27:32 starting optimization of bigclam on photo on device cuda

 configs_dict: 
{
    "clamiter_init": {
        "dim_feat": 50,
        "dim_attr": 500,
        "s_reg": 0.0,
        "l1_reg": 1,
        "T": 1,
        "hidden_dim": 64,
        "num_coupling_blocks": 32,
        "num_layers_mlp": 2
    },
    "feat_opt": {
        "lr": 5e-06,
        "n_iter": 13000,
        "early_stop": 0
    }
}


/home/daniel.z/ICML_PIECLAM_020425/experiments/../clamiter.py:365:::  
staring fit_feats for 13000 iterations


/home/daniel.z/ICML_PIECLAM_020425/experiments/../trainer.py:454:::  

train_model_on_params on bigclam photo 
took 61.04532265663147 seconds


/home/daniel.z/ICML_PIECLAM_020425/experiments/optimization_utils.py:655:::  
Repetition no. 0


/home/daniel.z/ICML_PIECLAM_020425/experiments/../trainer.py:161:::  

Using dataset specific configuration and not global 




/home/daniel.z/ICML_PIECLAM_020425/experiments/../trainer.py:335:::  

 2025-05-24 06:28:33 starting optimization of bigclam on photo on device cuda

 configs_dict: 
{
    "clamiter_init": {
        "dim_feat": 60,
        "dim_attr": 500,
        "s_reg": 0.0,
        "l1_reg": 1,
        "T": 1,
        "hidden_dim": 64,
        "num_coupling_blocks": 32,
        "num_layers_mlp": 2
    },
    "feat_opt": {
        "lr": 3e-06,
        "n_iter": 13000,
        "early_stop": 0
    }
}


/home/daniel.z/ICML_PIECLAM_020425/experiments/../clamiter.py:365:::  
staring fit_feats for 13000 iterations


/home/daniel.z/ICML_PIECLAM_020425/experiments/../trainer.py:454:::  

train_model_on_params on bigclam photo 
took 70.24995946884155 seconds


/home/daniel.z/ICML_PIECLAM_020425/experiments/optimization_utils.py:655:::  
Repetition no. 1


/home/daniel.z/ICML_PIECLAM_020425/experiments/../trainer.py:161:::  

Using dataset specific configuration and not global 




/home/daniel.z/ICML_PIECLAM_020425/experiments/../trainer.py:335:::  

 2025-05-24 06:29:43 starting optimization of bigclam on photo on device cuda

 configs_dict: 
{
    "clamiter_init": {
        "dim_feat": 60,
        "dim_attr": 500,
        "s_reg": 0.0,
        "l1_reg": 1,
        "T": 1,
        "hidden_dim": 64,
        "num_coupling_blocks": 32,
        "num_layers_mlp": 2
    },
    "feat_opt": {
        "lr": 3e-06,
        "n_iter": 13000,
        "early_stop": 0
    }
}


/home/daniel.z/ICML_PIECLAM_020425/experiments/../clamiter.py:365:::  
staring fit_feats for 13000 iterations


/home/daniel.z/ICML_PIECLAM_020425/experiments/../trainer.py:454:::  

train_model_on_params on bigclam photo 
took 70.29032063484192 seconds


/home/daniel.z/ICML_PIECLAM_020425/experiments/optimization_utils.py:655:::  
Repetition no. 2


/home/daniel.z/ICML_PIECLAM_020425/experiments/../trainer.py:161:::  

Using dataset specific configuration and not global 




/home/daniel.z/ICML_PIECLAM_020425/experiments/../trainer.py:335:::  

 2025-05-24 06:30:54 starting optimization of bigclam on photo on device cuda

 configs_dict: 
{
    "clamiter_init": {
        "dim_feat": 60,
        "dim_attr": 500,
        "s_reg": 0.0,
        "l1_reg": 1,
        "T": 1,
        "hidden_dim": 64,
        "num_coupling_blocks": 32,
        "num_layers_mlp": 2
    },
    "feat_opt": {
        "lr": 3e-06,
        "n_iter": 13000,
        "early_stop": 0
    }
}


/home/daniel.z/ICML_PIECLAM_020425/experiments/../clamiter.py:365:::  
staring fit_feats for 13000 iterations


/home/daniel.z/ICML_PIECLAM_020425/experiments/../trainer.py:454:::  

train_model_on_params on bigclam photo 
took 70.07822823524475 seconds


/home/daniel.z/ICML_PIECLAM_020425/experiments/optimization_utils.py:655:::  
Repetition no. 0


/home/daniel.z/ICML_PIECLAM_020425/experiments/../trainer.py:161:::  

Using dataset specific configuration and not global 




/home/daniel.z/ICML_PIECLAM_020425/experiments/../trainer.py:335:::  

 2025-05-24 06:32:04 starting optimization of bigclam on photo on device cuda

 configs_dict: 
{
    "clamiter_init": {
        "dim_feat": 40,
        "dim_attr": 500,
        "s_reg": 0.0,
        "l1_reg": 1,
        "T": 1,
        "hidden_dim": 64,
        "num_coupling_blocks": 32,
        "num_layers_mlp": 2
    },
    "feat_opt": {
        "lr": 3e-06,
        "n_iter": 10000,
        "early_stop": 0
    }
}


/home/daniel.z/ICML_PIECLAM_020425/experiments/../clamiter.py:365:::  
staring fit_feats for 10000 iterations


/home/daniel.z/ICML_PIECLAM_020425/experiments/../trainer.py:454:::  

train_model_on_params on bigclam photo 
took 39.24408459663391 seconds


/home/daniel.z/ICML_PIECLAM_020425/experiments/optimization_utils.py:655:::  
Repetition no. 1


/home/daniel.z/ICML_PIECLAM_020425/experiments/../trainer.py:161:::  

Using dataset specific configuration and not global 




/home/daniel.z/ICML_PIECLAM_020425/experiments/../trainer.py:335:::  

 2025-05-24 06:32:44 starting optimization of bigclam on photo on device cuda

 configs_dict: 
{
    "clamiter_init": {
        "dim_feat": 40,
        "dim_attr": 500,
        "s_reg": 0.0,
        "l1_reg": 1,
        "T": 1,
        "hidden_dim": 64,
        "num_coupling_blocks": 32,
        "num_layers_mlp": 2
    },
    "feat_opt": {
        "lr": 3e-06,
        "n_iter": 10000,
        "early_stop": 0
    }
}


/home/daniel.z/ICML_PIECLAM_020425/experiments/../clamiter.py:365:::  
staring fit_feats for 10000 iterations


/home/daniel.z/ICML_PIECLAM_020425/experiments/../trainer.py:454:::  

train_model_on_params on bigclam photo 
took 39.2900025844574 seconds


/home/daniel.z/ICML_PIECLAM_020425/experiments/optimization_utils.py:655:::  
Repetition no. 2


/home/daniel.z/ICML_PIECLAM_020425/experiments/../trainer.py:161:::  

Using dataset specific configuration and not global 




/home/daniel.z/ICML_PIECLAM_020425/experiments/../trainer.py:335:::  

 2025-05-24 06:33:23 starting optimization of bigclam on photo on device cuda

 configs_dict: 
{
    "clamiter_init": {
        "dim_feat": 40,
        "dim_attr": 500,
        "s_reg": 0.0,
        "l1_reg": 1,
        "T": 1,
        "hidden_dim": 64,
        "num_coupling_blocks": 32,
        "num_layers_mlp": 2
    },
    "feat_opt": {
        "lr": 3e-06,
        "n_iter": 10000,
        "early_stop": 0
    }
}


/home/daniel.z/ICML_PIECLAM_020425/experiments/../clamiter.py:365:::  
staring fit_feats for 10000 iterations


/home/daniel.z/ICML_PIECLAM_020425/experiments/../trainer.py:454:::  

train_model_on_params on bigclam photo 
took 39.20077991485596 seconds


/home/daniel.z/ICML_PIECLAM_020425/experiments/optimization_utils.py:655:::  
Repetition no. 0


/home/daniel.z/ICML_PIECLAM_020425/experiments/../trainer.py:161:::  

Using dataset specific configuration and not global 




/home/daniel.z/ICML_PIECLAM_020425/experiments/../trainer.py:335:::  

 2025-05-24 06:34:03 starting optimization of bigclam on photo on device cuda

 configs_dict: 
{
    "clamiter_init": {
        "dim_feat": 60,
        "dim_attr": 500,
        "s_reg": 0.0,
        "l1_reg": 1,
        "T": 1,
        "hidden_dim": 64,
        "num_coupling_blocks": 32,
        "num_layers_mlp": 2
    },
    "feat_opt": {
        "lr": 2e-06,
        "n_iter": 10000,
        "early_stop": 0
    }
}


/home/daniel.z/ICML_PIECLAM_020425/experiments/../clamiter.py:365:::  
staring fit_feats for 10000 iterations


/home/daniel.z/ICML_PIECLAM_020425/experiments/../trainer.py:454:::  

train_model_on_params on bigclam photo 
took 53.90528440475464 seconds


/home/daniel.z/ICML_PIECLAM_020425/experiments/optimization_utils.py:655:::  
Repetition no. 1


/home/daniel.z/ICML_PIECLAM_020425/experiments/../trainer.py:161:::  

Using dataset specific configuration and not global 




/home/daniel.z/ICML_PIECLAM_020425/experiments/../trainer.py:335:::  

 2025-05-24 06:34:57 starting optimization of bigclam on photo on device cuda

 configs_dict: 
{
    "clamiter_init": {
        "dim_feat": 60,
        "dim_attr": 500,
        "s_reg": 0.0,
        "l1_reg": 1,
        "T": 1,
        "hidden_dim": 64,
        "num_coupling_blocks": 32,
        "num_layers_mlp": 2
    },
    "feat_opt": {
        "lr": 2e-06,
        "n_iter": 10000,
        "early_stop": 0
    }
}


/home/daniel.z/ICML_PIECLAM_020425/experiments/../clamiter.py:365:::  
staring fit_feats for 10000 iterations


/home/daniel.z/ICML_PIECLAM_020425/experiments/../trainer.py:454:::  

train_model_on_params on bigclam photo 
took 53.9068124294281 seconds


/home/daniel.z/ICML_PIECLAM_020425/experiments/optimization_utils.py:655:::  
Repetition no. 2


/home/daniel.z/ICML_PIECLAM_020425/experiments/../trainer.py:161:::  

Using dataset specific configuration and not global 




/home/daniel.z/ICML_PIECLAM_020425/experiments/../trainer.py:335:::  

 2025-05-24 06:35:51 starting optimization of bigclam on photo on device cuda

 configs_dict: 
{
    "clamiter_init": {
        "dim_feat": 60,
        "dim_attr": 500,
        "s_reg": 0.0,
        "l1_reg": 1,
        "T": 1,
        "hidden_dim": 64,
        "num_coupling_blocks": 32,
        "num_layers_mlp": 2
    },
    "feat_opt": {
        "lr": 2e-06,
        "n_iter": 10000,
        "early_stop": 0
    }
}


/home/daniel.z/ICML_PIECLAM_020425/experiments/../clamiter.py:365:::  
staring fit_feats for 10000 iterations


/home/daniel.z/ICML_PIECLAM_020425/experiments/../trainer.py:454:::  

train_model_on_params on bigclam photo 
took 53.94274306297302 seconds


/home/daniel.z/ICML_PIECLAM_020425/experiments/optimization_utils.py:655:::  
Repetition no. 0


/home/daniel.z/ICML_PIECLAM_020425/experiments/../trainer.py:161:::  

Using dataset specific configuration and not global 




/home/daniel.z/ICML_PIECLAM_020425/experiments/../trainer.py:335:::  

 2025-05-24 06:36:46 starting optimization of bigclam on photo on device cuda

 configs_dict: 
{
    "clamiter_init": {
        "dim_feat": 40,
        "dim_attr": 500,
        "s_reg": 0.0,
        "l1_reg": 1,
        "T": 1,
        "hidden_dim": 64,
        "num_coupling_blocks": 32,
        "num_layers_mlp": 2
    },
    "feat_opt": {
        "lr": 3e-06,
        "n_iter": 13000,
        "early_stop": 0
    }
}


/home/daniel.z/ICML_PIECLAM_020425/experiments/../clamiter.py:365:::  
staring fit_feats for 13000 iterations


/home/daniel.z/ICML_PIECLAM_020425/experiments/../trainer.py:454:::  

train_model_on_params on bigclam photo 
took 50.89376163482666 seconds


/home/daniel.z/ICML_PIECLAM_020425/experiments/optimization_utils.py:655:::  
Repetition no. 1


/home/daniel.z/ICML_PIECLAM_020425/experiments/../trainer.py:161:::  

Using dataset specific configuration and not global 




/home/daniel.z/ICML_PIECLAM_020425/experiments/../trainer.py:335:::  

 2025-05-24 06:37:37 starting optimization of bigclam on photo on device cuda

 configs_dict: 
{
    "clamiter_init": {
        "dim_feat": 40,
        "dim_attr": 500,
        "s_reg": 0.0,
        "l1_reg": 1,
        "T": 1,
        "hidden_dim": 64,
        "num_coupling_blocks": 32,
        "num_layers_mlp": 2
    },
    "feat_opt": {
        "lr": 3e-06,
        "n_iter": 13000,
        "early_stop": 0
    }
}


/home/daniel.z/ICML_PIECLAM_020425/experiments/../clamiter.py:365:::  
staring fit_feats for 13000 iterations


/home/daniel.z/ICML_PIECLAM_020425/experiments/../trainer.py:454:::  

train_model_on_params on bigclam photo 
took 50.83859992027283 seconds


/home/daniel.z/ICML_PIECLAM_020425/experiments/optimization_utils.py:655:::  
Repetition no. 2


/home/daniel.z/ICML_PIECLAM_020425/experiments/../trainer.py:161:::  

Using dataset specific configuration and not global 




/home/daniel.z/ICML_PIECLAM_020425/experiments/../trainer.py:335:::  

 2025-05-24 06:38:28 starting optimization of bigclam on photo on device cuda

 configs_dict: 
{
    "clamiter_init": {
        "dim_feat": 40,
        "dim_attr": 500,
        "s_reg": 0.0,
        "l1_reg": 1,
        "T": 1,
        "hidden_dim": 64,
        "num_coupling_blocks": 32,
        "num_layers_mlp": 2
    },
    "feat_opt": {
        "lr": 3e-06,
        "n_iter": 13000,
        "early_stop": 0
    }
}


/home/daniel.z/ICML_PIECLAM_020425/experiments/../clamiter.py:365:::  
staring fit_feats for 13000 iterations


/home/daniel.z/ICML_PIECLAM_020425/experiments/../trainer.py:454:::  

train_model_on_params on bigclam photo 
took 50.799811124801636 seconds


/home/daniel.z/ICML_PIECLAM_020425/experiments/optimization_utils.py:655:::  
Repetition no. 0


/home/daniel.z/ICML_PIECLAM_020425/experiments/../trainer.py:161:::  

Using dataset specific configuration and not global 




/home/daniel.z/ICML_PIECLAM_020425/experiments/../trainer.py:335:::  

 2025-05-24 06:39:19 starting optimization of bigclam on photo on device cuda

 configs_dict: 
{
    "clamiter_init": {
        "dim_feat": 40,
        "dim_attr": 500,
        "s_reg": 0.0,
        "l1_reg": 1,
        "T": 1,
        "hidden_dim": 64,
        "num_coupling_blocks": 32,
        "num_layers_mlp": 2
    },
    "feat_opt": {
        "lr": 5e-06,
        "n_iter": 13000,
        "early_stop": 0
    }
}


/home/daniel.z/ICML_PIECLAM_020425/experiments/../clamiter.py:365:::  
staring fit_feats for 13000 iterations


/home/daniel.z/ICML_PIECLAM_020425/experiments/../trainer.py:454:::  

train_model_on_params on bigclam photo 
took 50.803831338882446 seconds


/home/daniel.z/ICML_PIECLAM_020425/experiments/optimization_utils.py:655:::  
Repetition no. 1


/home/daniel.z/ICML_PIECLAM_020425/experiments/../trainer.py:161:::  

Using dataset specific configuration and not global 




/home/daniel.z/ICML_PIECLAM_020425/experiments/../trainer.py:335:::  

 2025-05-24 06:40:10 starting optimization of bigclam on photo on device cuda

 configs_dict: 
{
    "clamiter_init": {
        "dim_feat": 40,
        "dim_attr": 500,
        "s_reg": 0.0,
        "l1_reg": 1,
        "T": 1,
        "hidden_dim": 64,
        "num_coupling_blocks": 32,
        "num_layers_mlp": 2
    },
    "feat_opt": {
        "lr": 5e-06,
        "n_iter": 13000,
        "early_stop": 0
    }
}


/home/daniel.z/ICML_PIECLAM_020425/experiments/../clamiter.py:365:::  
staring fit_feats for 13000 iterations


/home/daniel.z/ICML_PIECLAM_020425/experiments/../trainer.py:454:::  

train_model_on_params on bigclam photo 
took 50.80187439918518 seconds


/home/daniel.z/ICML_PIECLAM_020425/experiments/optimization_utils.py:655:::  
Repetition no. 2


/home/daniel.z/ICML_PIECLAM_020425/experiments/../trainer.py:161:::  

Using dataset specific configuration and not global 




/home/daniel.z/ICML_PIECLAM_020425/experiments/../trainer.py:335:::  

 2025-05-24 06:41:01 starting optimization of bigclam on photo on device cuda

 configs_dict: 
{
    "clamiter_init": {
        "dim_feat": 40,
        "dim_attr": 500,
        "s_reg": 0.0,
        "l1_reg": 1,
        "T": 1,
        "hidden_dim": 64,
        "num_coupling_blocks": 32,
        "num_layers_mlp": 2
    },
    "feat_opt": {
        "lr": 5e-06,
        "n_iter": 13000,
        "early_stop": 0
    }
}


/home/daniel.z/ICML_PIECLAM_020425/experiments/../clamiter.py:365:::  
staring fit_feats for 13000 iterations


/home/daniel.z/ICML_PIECLAM_020425/experiments/../trainer.py:454:::  

train_model_on_params on bigclam photo 
took 50.79570698738098 seconds


/home/daniel.z/ICML_PIECLAM_020425/experiments/optimization_utils.py:655:::  
Repetition no. 0


/home/daniel.z/ICML_PIECLAM_020425/experiments/../trainer.py:161:::  

Using dataset specific configuration and not global 




/home/daniel.z/ICML_PIECLAM_020425/experiments/../trainer.py:335:::  

 2025-05-24 06:41:52 starting optimization of bigclam on photo on device cuda

 configs_dict: 
{
    "clamiter_init": {
        "dim_feat": 60,
        "dim_attr": 500,
        "s_reg": 0.0,
        "l1_reg": 1,
        "T": 1,
        "hidden_dim": 64,
        "num_coupling_blocks": 32,
        "num_layers_mlp": 2
    },
    "feat_opt": {
        "lr": 5e-06,
        "n_iter": 10000,
        "early_stop": 0
    }
}


/home/daniel.z/ICML_PIECLAM_020425/experiments/../clamiter.py:365:::  
staring fit_feats for 10000 iterations


/home/daniel.z/ICML_PIECLAM_020425/experiments/../trainer.py:454:::  

train_model_on_params on bigclam photo 
took 53.909945487976074 seconds


/home/daniel.z/ICML_PIECLAM_020425/experiments/optimization_utils.py:655:::  
Repetition no. 1


/home/daniel.z/ICML_PIECLAM_020425/experiments/../trainer.py:161:::  

Using dataset specific configuration and not global 




/home/daniel.z/ICML_PIECLAM_020425/experiments/../trainer.py:335:::  

 2025-05-24 06:42:46 starting optimization of bigclam on photo on device cuda

 configs_dict: 
{
    "clamiter_init": {
        "dim_feat": 60,
        "dim_attr": 500,
        "s_reg": 0.0,
        "l1_reg": 1,
        "T": 1,
        "hidden_dim": 64,
        "num_coupling_blocks": 32,
        "num_layers_mlp": 2
    },
    "feat_opt": {
        "lr": 5e-06,
        "n_iter": 10000,
        "early_stop": 0
    }
}


/home/daniel.z/ICML_PIECLAM_020425/experiments/../clamiter.py:365:::  
staring fit_feats for 10000 iterations


/home/daniel.z/ICML_PIECLAM_020425/experiments/../trainer.py:454:::  

train_model_on_params on bigclam photo 
took 53.93817496299744 seconds


/home/daniel.z/ICML_PIECLAM_020425/experiments/optimization_utils.py:655:::  
Repetition no. 2


/home/daniel.z/ICML_PIECLAM_020425/experiments/../trainer.py:161:::  

Using dataset specific configuration and not global 




/home/daniel.z/ICML_PIECLAM_020425/experiments/../trainer.py:335:::  

 2025-05-24 06:43:41 starting optimization of bigclam on photo on device cuda

 configs_dict: 
{
    "clamiter_init": {
        "dim_feat": 60,
        "dim_attr": 500,
        "s_reg": 0.0,
        "l1_reg": 1,
        "T": 1,
        "hidden_dim": 64,
        "num_coupling_blocks": 32,
        "num_layers_mlp": 2
    },
    "feat_opt": {
        "lr": 5e-06,
        "n_iter": 10000,
        "early_stop": 0
    }
}


/home/daniel.z/ICML_PIECLAM_020425/experiments/../clamiter.py:365:::  
staring fit_feats for 10000 iterations


/home/daniel.z/ICML_PIECLAM_020425/experiments/../trainer.py:454:::  

train_model_on_params on bigclam photo 
took 53.92738056182861 seconds


/home/daniel.z/ICML_PIECLAM_020425/experiments/optimization_utils.py:655:::  
Repetition no. 0


/home/daniel.z/ICML_PIECLAM_020425/experiments/../trainer.py:161:::  

Using dataset specific configuration and not global 




/home/daniel.z/ICML_PIECLAM_020425/experiments/../trainer.py:335:::  

 2025-05-24 06:44:35 starting optimization of bigclam on photo on device cuda

 configs_dict: 
{
    "clamiter_init": {
        "dim_feat": 40,
        "dim_attr": 500,
        "s_reg": 0.0,
        "l1_reg": 1,
        "T": 1,
        "hidden_dim": 64,
        "num_coupling_blocks": 32,
        "num_layers_mlp": 2
    },
    "feat_opt": {
        "lr": 2e-06,
        "n_iter": 7000,
        "early_stop": 0
    }
}


/home/daniel.z/ICML_PIECLAM_020425/experiments/../clamiter.py:365:::  
staring fit_feats for 7000 iterations


/home/daniel.z/ICML_PIECLAM_020425/experiments/../trainer.py:454:::  

train_model_on_params on bigclam photo 
took 27.440879583358765 seconds


/home/daniel.z/ICML_PIECLAM_020425/experiments/optimization_utils.py:655:::  
Repetition no. 1


/home/daniel.z/ICML_PIECLAM_020425/experiments/../trainer.py:161:::  

Using dataset specific configuration and not global 




/home/daniel.z/ICML_PIECLAM_020425/experiments/../trainer.py:335:::  

 2025-05-24 06:45:03 starting optimization of bigclam on photo on device cuda

 configs_dict: 
{
    "clamiter_init": {
        "dim_feat": 40,
        "dim_attr": 500,
        "s_reg": 0.0,
        "l1_reg": 1,
        "T": 1,
        "hidden_dim": 64,
        "num_coupling_blocks": 32,
        "num_layers_mlp": 2
    },
    "feat_opt": {
        "lr": 2e-06,
        "n_iter": 7000,
        "early_stop": 0
    }
}


/home/daniel.z/ICML_PIECLAM_020425/experiments/../clamiter.py:365:::  
staring fit_feats for 7000 iterations


/home/daniel.z/ICML_PIECLAM_020425/experiments/../trainer.py:454:::  

train_model_on_params on bigclam photo 
took 27.45509934425354 seconds


/home/daniel.z/ICML_PIECLAM_020425/experiments/optimization_utils.py:655:::  
Repetition no. 2


/home/daniel.z/ICML_PIECLAM_020425/experiments/../trainer.py:161:::  

Using dataset specific configuration and not global 




/home/daniel.z/ICML_PIECLAM_020425/experiments/../trainer.py:335:::  

 2025-05-24 06:45:30 starting optimization of bigclam on photo on device cuda

 configs_dict: 
{
    "clamiter_init": {
        "dim_feat": 40,
        "dim_attr": 500,
        "s_reg": 0.0,
        "l1_reg": 1,
        "T": 1,
        "hidden_dim": 64,
        "num_coupling_blocks": 32,
        "num_layers_mlp": 2
    },
    "feat_opt": {
        "lr": 2e-06,
        "n_iter": 7000,
        "early_stop": 0
    }
}


/home/daniel.z/ICML_PIECLAM_020425/experiments/../clamiter.py:365:::  
staring fit_feats for 7000 iterations


/home/daniel.z/ICML_PIECLAM_020425/experiments/../trainer.py:454:::  

train_model_on_params on bigclam photo 
took 27.41890549659729 seconds


/home/daniel.z/ICML_PIECLAM_020425/experiments/optimization_utils.py:655:::  
Repetition no. 0


/home/daniel.z/ICML_PIECLAM_020425/experiments/../trainer.py:161:::  

Using dataset specific configuration and not global 




/home/daniel.z/ICML_PIECLAM_020425/experiments/../trainer.py:335:::  

 2025-05-24 06:45:58 starting optimization of bigclam on photo on device cuda

 configs_dict: 
{
    "clamiter_init": {
        "dim_feat": 40,
        "dim_attr": 500,
        "s_reg": 0.0,
        "l1_reg": 1,
        "T": 1,
        "hidden_dim": 64,
        "num_coupling_blocks": 32,
        "num_layers_mlp": 2
    },
    "feat_opt": {
        "lr": 2e-06,
        "n_iter": 10000,
        "early_stop": 0
    }
}


/home/daniel.z/ICML_PIECLAM_020425/experiments/../clamiter.py:365:::  
staring fit_feats for 10000 iterations


/home/daniel.z/ICML_PIECLAM_020425/experiments/../trainer.py:454:::  

train_model_on_params on bigclam photo 
took 39.117382764816284 seconds


/home/daniel.z/ICML_PIECLAM_020425/experiments/optimization_utils.py:655:::  
Repetition no. 1


/home/daniel.z/ICML_PIECLAM_020425/experiments/../trainer.py:161:::  

Using dataset specific configuration and not global 




/home/daniel.z/ICML_PIECLAM_020425/experiments/../trainer.py:335:::  

 2025-05-24 06:46:37 starting optimization of bigclam on photo on device cuda

 configs_dict: 
{
    "clamiter_init": {
        "dim_feat": 40,
        "dim_attr": 500,
        "s_reg": 0.0,
        "l1_reg": 1,
        "T": 1,
        "hidden_dim": 64,
        "num_coupling_blocks": 32,
        "num_layers_mlp": 2
    },
    "feat_opt": {
        "lr": 2e-06,
        "n_iter": 10000,
        "early_stop": 0
    }
}


/home/daniel.z/ICML_PIECLAM_020425/experiments/../clamiter.py:365:::  
staring fit_feats for 10000 iterations


/home/daniel.z/ICML_PIECLAM_020425/experiments/../trainer.py:454:::  

train_model_on_params on bigclam photo 
took 39.22621011734009 seconds


/home/daniel.z/ICML_PIECLAM_020425/experiments/optimization_utils.py:655:::  
Repetition no. 2


/home/daniel.z/ICML_PIECLAM_020425/experiments/../trainer.py:161:::  

Using dataset specific configuration and not global 




/home/daniel.z/ICML_PIECLAM_020425/experiments/../trainer.py:335:::  

 2025-05-24 06:47:17 starting optimization of bigclam on photo on device cuda

 configs_dict: 
{
    "clamiter_init": {
        "dim_feat": 40,
        "dim_attr": 500,
        "s_reg": 0.0,
        "l1_reg": 1,
        "T": 1,
        "hidden_dim": 64,
        "num_coupling_blocks": 32,
        "num_layers_mlp": 2
    },
    "feat_opt": {
        "lr": 2e-06,
        "n_iter": 10000,
        "early_stop": 0
    }
}


/home/daniel.z/ICML_PIECLAM_020425/experiments/../clamiter.py:365:::  
staring fit_feats for 10000 iterations


/home/daniel.z/ICML_PIECLAM_020425/experiments/../trainer.py:454:::  

train_model_on_params on bigclam photo 
took 39.222338914871216 seconds


/home/daniel.z/ICML_PIECLAM_020425/experiments/optimization_utils.py:655:::  
Repetition no. 0


/home/daniel.z/ICML_PIECLAM_020425/experiments/../trainer.py:161:::  

Using dataset specific configuration and not global 




/home/daniel.z/ICML_PIECLAM_020425/experiments/../trainer.py:335:::  

 2025-05-24 06:47:56 starting optimization of bigclam on photo on device cuda

 configs_dict: 
{
    "clamiter_init": {
        "dim_feat": 60,
        "dim_attr": 500,
        "s_reg": 0.0,
        "l1_reg": 1,
        "T": 1,
        "hidden_dim": 64,
        "num_coupling_blocks": 32,
        "num_layers_mlp": 2
    },
    "feat_opt": {
        "lr": 5e-06,
        "n_iter": 7000,
        "early_stop": 0
    }
}


/home/daniel.z/ICML_PIECLAM_020425/experiments/../clamiter.py:365:::  
staring fit_feats for 7000 iterations


/home/daniel.z/ICML_PIECLAM_020425/experiments/../trainer.py:454:::  

train_model_on_params on bigclam photo 
took 37.877830028533936 seconds


/home/daniel.z/ICML_PIECLAM_020425/experiments/optimization_utils.py:655:::  
Repetition no. 1


/home/daniel.z/ICML_PIECLAM_020425/experiments/../trainer.py:161:::  

Using dataset specific configuration and not global 




/home/daniel.z/ICML_PIECLAM_020425/experiments/../trainer.py:335:::  

 2025-05-24 06:48:35 starting optimization of bigclam on photo on device cuda

 configs_dict: 
{
    "clamiter_init": {
        "dim_feat": 60,
        "dim_attr": 500,
        "s_reg": 0.0,
        "l1_reg": 1,
        "T": 1,
        "hidden_dim": 64,
        "num_coupling_blocks": 32,
        "num_layers_mlp": 2
    },
    "feat_opt": {
        "lr": 5e-06,
        "n_iter": 7000,
        "early_stop": 0
    }
}


/home/daniel.z/ICML_PIECLAM_020425/experiments/../clamiter.py:365:::  
staring fit_feats for 7000 iterations


/home/daniel.z/ICML_PIECLAM_020425/experiments/../trainer.py:454:::  

train_model_on_params on bigclam photo 
took 37.881975412368774 seconds


/home/daniel.z/ICML_PIECLAM_020425/experiments/optimization_utils.py:655:::  
Repetition no. 2


/home/daniel.z/ICML_PIECLAM_020425/experiments/../trainer.py:161:::  

Using dataset specific configuration and not global 




/home/daniel.z/ICML_PIECLAM_020425/experiments/../trainer.py:335:::  

 2025-05-24 06:49:13 starting optimization of bigclam on photo on device cuda

 configs_dict: 
{
    "clamiter_init": {
        "dim_feat": 60,
        "dim_attr": 500,
        "s_reg": 0.0,
        "l1_reg": 1,
        "T": 1,
        "hidden_dim": 64,
        "num_coupling_blocks": 32,
        "num_layers_mlp": 2
    },
    "feat_opt": {
        "lr": 5e-06,
        "n_iter": 7000,
        "early_stop": 0
    }
}


/home/daniel.z/ICML_PIECLAM_020425/experiments/../clamiter.py:365:::  
staring fit_feats for 7000 iterations


/home/daniel.z/ICML_PIECLAM_020425/experiments/../trainer.py:454:::  

train_model_on_params on bigclam photo 
took 37.83616828918457 seconds


/home/daniel.z/ICML_PIECLAM_020425/experiments/optimization_utils.py:729:::  


Finished CrossVal!




/home/daniel.z/ICML_PIECLAM_020425/experiments/optimization_utils.py:516:::  
On test set split_12-33_03-05-25 of photo,bigclam
 ======================


/home/daniel.z/ICML_PIECLAM_020425/experiments/optimization_utils.py:633:::  
RunSaver defined to acc_configs path /home/daniel.z/ICML_PIECLAM_020425/experiments/results/link_prediction/auc/photo/bigclam/split_12-33_03-05-25/valid/acc_configs06-49_24-05-25.json


/home/daniel.z/ICML_PIECLAM_020425/experiments/optimization_utils.py:655:::  
Repetition no. 0


/home/daniel.z/ICML_PIECLAM_020425/experiments/../trainer.py:161:::  

Using dataset specific configuration and not global 




/home/daniel.z/ICML_PIECLAM_020425/experiments/../trainer.py:335:::  

 2025-05-24 06:49:53 starting optimization of bigclam on photo on device cuda

 configs_dict: 
{
    "clamiter_init": {
        "dim_feat": 50,
        "dim_attr": 500,
        "s_reg": 0.0,
        "l1_reg": 1,
        "T": 1,
        "hidden_dim": 64,
        "num_coupling_blocks": 32,
        "num_layers_mlp": 2
    },
    "feat_opt": {
        "lr": 3e-06,
        "n_iter": 13000,
        "early_stop": 0
    }
}


/home/daniel.z/ICML_PIECLAM_020425/experiments/../clamiter.py:365:::  
staring fit_feats for 13000 iterations


/home/daniel.z/ICML_PIECLAM_020425/experiments/../trainer.py:454:::  

train_model_on_params on bigclam photo 
took 60.864763021469116 seconds


/home/daniel.z/ICML_PIECLAM_020425/experiments/optimization_utils.py:655:::  
Repetition no. 1


/home/daniel.z/ICML_PIECLAM_020425/experiments/../trainer.py:161:::  

Using dataset specific configuration and not global 




/home/daniel.z/ICML_PIECLAM_020425/experiments/../trainer.py:335:::  

 2025-05-24 06:50:55 starting optimization of bigclam on photo on device cuda

 configs_dict: 
{
    "clamiter_init": {
        "dim_feat": 50,
        "dim_attr": 500,
        "s_reg": 0.0,
        "l1_reg": 1,
        "T": 1,
        "hidden_dim": 64,
        "num_coupling_blocks": 32,
        "num_layers_mlp": 2
    },
    "feat_opt": {
        "lr": 3e-06,
        "n_iter": 13000,
        "early_stop": 0
    }
}


/home/daniel.z/ICML_PIECLAM_020425/experiments/../clamiter.py:365:::  
staring fit_feats for 13000 iterations


/home/daniel.z/ICML_PIECLAM_020425/experiments/../trainer.py:454:::  

train_model_on_params on bigclam photo 
took 60.912864685058594 seconds


/home/daniel.z/ICML_PIECLAM_020425/experiments/optimization_utils.py:655:::  
Repetition no. 2


/home/daniel.z/ICML_PIECLAM_020425/experiments/../trainer.py:161:::  

Using dataset specific configuration and not global 




/home/daniel.z/ICML_PIECLAM_020425/experiments/../trainer.py:335:::  

 2025-05-24 06:51:56 starting optimization of bigclam on photo on device cuda

 configs_dict: 
{
    "clamiter_init": {
        "dim_feat": 50,
        "dim_attr": 500,
        "s_reg": 0.0,
        "l1_reg": 1,
        "T": 1,
        "hidden_dim": 64,
        "num_coupling_blocks": 32,
        "num_layers_mlp": 2
    },
    "feat_opt": {
        "lr": 3e-06,
        "n_iter": 13000,
        "early_stop": 0
    }
}


/home/daniel.z/ICML_PIECLAM_020425/experiments/../clamiter.py:365:::  
staring fit_feats for 13000 iterations


/home/daniel.z/ICML_PIECLAM_020425/experiments/../trainer.py:454:::  

train_model_on_params on bigclam photo 
took 60.909058570861816 seconds


/home/daniel.z/ICML_PIECLAM_020425/experiments/optimization_utils.py:655:::  
Repetition no. 0


/home/daniel.z/ICML_PIECLAM_020425/experiments/../trainer.py:161:::  

Using dataset specific configuration and not global 




/home/daniel.z/ICML_PIECLAM_020425/experiments/../trainer.py:335:::  

 2025-05-24 06:52:57 starting optimization of bigclam on photo on device cuda

 configs_dict: 
{
    "clamiter_init": {
        "dim_feat": 50,
        "dim_attr": 500,
        "s_reg": 0.0,
        "l1_reg": 1,
        "T": 1,
        "hidden_dim": 64,
        "num_coupling_blocks": 32,
        "num_layers_mlp": 2
    },
    "feat_opt": {
        "lr": 2e-06,
        "n_iter": 10000,
        "early_stop": 0
    }
}


/home/daniel.z/ICML_PIECLAM_020425/experiments/../clamiter.py:365:::  
staring fit_feats for 10000 iterations


/home/daniel.z/ICML_PIECLAM_020425/experiments/../trainer.py:454:::  

train_model_on_params on bigclam photo 
took 46.80268168449402 seconds


/home/daniel.z/ICML_PIECLAM_020425/experiments/optimization_utils.py:655:::  
Repetition no. 1


/home/daniel.z/ICML_PIECLAM_020425/experiments/../trainer.py:161:::  

Using dataset specific configuration and not global 




/home/daniel.z/ICML_PIECLAM_020425/experiments/../trainer.py:335:::  

 2025-05-24 06:53:44 starting optimization of bigclam on photo on device cuda

 configs_dict: 
{
    "clamiter_init": {
        "dim_feat": 50,
        "dim_attr": 500,
        "s_reg": 0.0,
        "l1_reg": 1,
        "T": 1,
        "hidden_dim": 64,
        "num_coupling_blocks": 32,
        "num_layers_mlp": 2
    },
    "feat_opt": {
        "lr": 2e-06,
        "n_iter": 10000,
        "early_stop": 0
    }
}


/home/daniel.z/ICML_PIECLAM_020425/experiments/../clamiter.py:365:::  
staring fit_feats for 10000 iterations


/home/daniel.z/ICML_PIECLAM_020425/experiments/../trainer.py:454:::  

train_model_on_params on bigclam photo 
took 46.781906604766846 seconds


/home/daniel.z/ICML_PIECLAM_020425/experiments/optimization_utils.py:655:::  
Repetition no. 2


/home/daniel.z/ICML_PIECLAM_020425/experiments/../trainer.py:161:::  

Using dataset specific configuration and not global 




/home/daniel.z/ICML_PIECLAM_020425/experiments/../trainer.py:335:::  

 2025-05-24 06:54:31 starting optimization of bigclam on photo on device cuda

 configs_dict: 
{
    "clamiter_init": {
        "dim_feat": 50,
        "dim_attr": 500,
        "s_reg": 0.0,
        "l1_reg": 1,
        "T": 1,
        "hidden_dim": 64,
        "num_coupling_blocks": 32,
        "num_layers_mlp": 2
    },
    "feat_opt": {
        "lr": 2e-06,
        "n_iter": 10000,
        "early_stop": 0
    }
}


/home/daniel.z/ICML_PIECLAM_020425/experiments/../clamiter.py:365:::  
staring fit_feats for 10000 iterations


/home/daniel.z/ICML_PIECLAM_020425/experiments/../trainer.py:454:::  

train_model_on_params on bigclam photo 
took 46.83140277862549 seconds


/home/daniel.z/ICML_PIECLAM_020425/experiments/optimization_utils.py:655:::  
Repetition no. 0


/home/daniel.z/ICML_PIECLAM_020425/experiments/../trainer.py:161:::  

Using dataset specific configuration and not global 




/home/daniel.z/ICML_PIECLAM_020425/experiments/../trainer.py:335:::  

 2025-05-24 06:55:18 starting optimization of bigclam on photo on device cuda

 configs_dict: 
{
    "clamiter_init": {
        "dim_feat": 50,
        "dim_attr": 500,
        "s_reg": 0.0,
        "l1_reg": 1,
        "T": 1,
        "hidden_dim": 64,
        "num_coupling_blocks": 32,
        "num_layers_mlp": 2
    },
    "feat_opt": {
        "lr": 2e-06,
        "n_iter": 7000,
        "early_stop": 0
    }
}


/home/daniel.z/ICML_PIECLAM_020425/experiments/../clamiter.py:365:::  
staring fit_feats for 7000 iterations


/home/daniel.z/ICML_PIECLAM_020425/experiments/../trainer.py:454:::  

train_model_on_params on bigclam photo 
took 32.856279134750366 seconds


/home/daniel.z/ICML_PIECLAM_020425/experiments/optimization_utils.py:655:::  
Repetition no. 1


/home/daniel.z/ICML_PIECLAM_020425/experiments/../trainer.py:161:::  

Using dataset specific configuration and not global 




/home/daniel.z/ICML_PIECLAM_020425/experiments/../trainer.py:335:::  

 2025-05-24 06:55:51 starting optimization of bigclam on photo on device cuda

 configs_dict: 
{
    "clamiter_init": {
        "dim_feat": 50,
        "dim_attr": 500,
        "s_reg": 0.0,
        "l1_reg": 1,
        "T": 1,
        "hidden_dim": 64,
        "num_coupling_blocks": 32,
        "num_layers_mlp": 2
    },
    "feat_opt": {
        "lr": 2e-06,
        "n_iter": 7000,
        "early_stop": 0
    }
}


/home/daniel.z/ICML_PIECLAM_020425/experiments/../clamiter.py:365:::  
staring fit_feats for 7000 iterations


/home/daniel.z/ICML_PIECLAM_020425/experiments/../trainer.py:454:::  

train_model_on_params on bigclam photo 
took 32.813863039016724 seconds


/home/daniel.z/ICML_PIECLAM_020425/experiments/optimization_utils.py:655:::  
Repetition no. 2


/home/daniel.z/ICML_PIECLAM_020425/experiments/../trainer.py:161:::  

Using dataset specific configuration and not global 




/home/daniel.z/ICML_PIECLAM_020425/experiments/../trainer.py:335:::  

 2025-05-24 06:56:24 starting optimization of bigclam on photo on device cuda

 configs_dict: 
{
    "clamiter_init": {
        "dim_feat": 50,
        "dim_attr": 500,
        "s_reg": 0.0,
        "l1_reg": 1,
        "T": 1,
        "hidden_dim": 64,
        "num_coupling_blocks": 32,
        "num_layers_mlp": 2
    },
    "feat_opt": {
        "lr": 2e-06,
        "n_iter": 7000,
        "early_stop": 0
    }
}


/home/daniel.z/ICML_PIECLAM_020425/experiments/../clamiter.py:365:::  
staring fit_feats for 7000 iterations


/home/daniel.z/ICML_PIECLAM_020425/experiments/../trainer.py:454:::  

train_model_on_params on bigclam photo 
took 32.7913134098053 seconds


/home/daniel.z/ICML_PIECLAM_020425/experiments/optimization_utils.py:655:::  
Repetition no. 0


/home/daniel.z/ICML_PIECLAM_020425/experiments/../trainer.py:161:::  

Using dataset specific configuration and not global 




/home/daniel.z/ICML_PIECLAM_020425/experiments/../trainer.py:335:::  

 2025-05-24 06:56:57 starting optimization of bigclam on photo on device cuda

 configs_dict: 
{
    "clamiter_init": {
        "dim_feat": 60,
        "dim_attr": 500,
        "s_reg": 0.0,
        "l1_reg": 1,
        "T": 1,
        "hidden_dim": 64,
        "num_coupling_blocks": 32,
        "num_layers_mlp": 2
    },
    "feat_opt": {
        "lr": 5e-06,
        "n_iter": 13000,
        "early_stop": 0
    }
}


/home/daniel.z/ICML_PIECLAM_020425/experiments/../clamiter.py:365:::  
staring fit_feats for 13000 iterations


/home/daniel.z/ICML_PIECLAM_020425/experiments/../trainer.py:454:::  

train_model_on_params on bigclam photo 
took 69.99081587791443 seconds


/home/daniel.z/ICML_PIECLAM_020425/experiments/optimization_utils.py:655:::  
Repetition no. 1


/home/daniel.z/ICML_PIECLAM_020425/experiments/../trainer.py:161:::  

Using dataset specific configuration and not global 




/home/daniel.z/ICML_PIECLAM_020425/experiments/../trainer.py:335:::  

 2025-05-24 06:58:08 starting optimization of bigclam on photo on device cuda

 configs_dict: 
{
    "clamiter_init": {
        "dim_feat": 60,
        "dim_attr": 500,
        "s_reg": 0.0,
        "l1_reg": 1,
        "T": 1,
        "hidden_dim": 64,
        "num_coupling_blocks": 32,
        "num_layers_mlp": 2
    },
    "feat_opt": {
        "lr": 5e-06,
        "n_iter": 13000,
        "early_stop": 0
    }
}


/home/daniel.z/ICML_PIECLAM_020425/experiments/../clamiter.py:365:::  
staring fit_feats for 13000 iterations


/home/daniel.z/ICML_PIECLAM_020425/experiments/../trainer.py:454:::  

train_model_on_params on bigclam photo 
took 70.06139183044434 seconds


/home/daniel.z/ICML_PIECLAM_020425/experiments/optimization_utils.py:655:::  
Repetition no. 2


/home/daniel.z/ICML_PIECLAM_020425/experiments/../trainer.py:161:::  

Using dataset specific configuration and not global 




/home/daniel.z/ICML_PIECLAM_020425/experiments/../trainer.py:335:::  

 2025-05-24 06:59:18 starting optimization of bigclam on photo on device cuda

 configs_dict: 
{
    "clamiter_init": {
        "dim_feat": 60,
        "dim_attr": 500,
        "s_reg": 0.0,
        "l1_reg": 1,
        "T": 1,
        "hidden_dim": 64,
        "num_coupling_blocks": 32,
        "num_layers_mlp": 2
    },
    "feat_opt": {
        "lr": 5e-06,
        "n_iter": 13000,
        "early_stop": 0
    }
}


/home/daniel.z/ICML_PIECLAM_020425/experiments/../clamiter.py:365:::  
staring fit_feats for 13000 iterations


/home/daniel.z/ICML_PIECLAM_020425/experiments/../trainer.py:454:::  

train_model_on_params on bigclam photo 
took 70.0959825515747 seconds


/home/daniel.z/ICML_PIECLAM_020425/experiments/optimization_utils.py:655:::  
Repetition no. 0


/home/daniel.z/ICML_PIECLAM_020425/experiments/../trainer.py:161:::  

Using dataset specific configuration and not global 




/home/daniel.z/ICML_PIECLAM_020425/experiments/../trainer.py:335:::  

 2025-05-24 07:00:28 starting optimization of bigclam on photo on device cuda

 configs_dict: 
{
    "clamiter_init": {
        "dim_feat": 60,
        "dim_attr": 500,
        "s_reg": 0.0,
        "l1_reg": 1,
        "T": 1,
        "hidden_dim": 64,
        "num_coupling_blocks": 32,
        "num_layers_mlp": 2
    },
    "feat_opt": {
        "lr": 3e-06,
        "n_iter": 7000,
        "early_stop": 0
    }
}


/home/daniel.z/ICML_PIECLAM_020425/experiments/../clamiter.py:365:::  
staring fit_feats for 7000 iterations


/home/daniel.z/ICML_PIECLAM_020425/experiments/../trainer.py:454:::  

train_model_on_params on bigclam photo 
took 37.803215980529785 seconds


/home/daniel.z/ICML_PIECLAM_020425/experiments/optimization_utils.py:655:::  
Repetition no. 1


/home/daniel.z/ICML_PIECLAM_020425/experiments/../trainer.py:161:::  

Using dataset specific configuration and not global 




/home/daniel.z/ICML_PIECLAM_020425/experiments/../trainer.py:335:::  

 2025-05-24 07:01:06 starting optimization of bigclam on photo on device cuda

 configs_dict: 
{
    "clamiter_init": {
        "dim_feat": 60,
        "dim_attr": 500,
        "s_reg": 0.0,
        "l1_reg": 1,
        "T": 1,
        "hidden_dim": 64,
        "num_coupling_blocks": 32,
        "num_layers_mlp": 2
    },
    "feat_opt": {
        "lr": 3e-06,
        "n_iter": 7000,
        "early_stop": 0
    }
}


/home/daniel.z/ICML_PIECLAM_020425/experiments/../clamiter.py:365:::  
staring fit_feats for 7000 iterations


/home/daniel.z/ICML_PIECLAM_020425/experiments/../trainer.py:454:::  

train_model_on_params on bigclam photo 
took 37.79707312583923 seconds


/home/daniel.z/ICML_PIECLAM_020425/experiments/optimization_utils.py:655:::  
Repetition no. 2


/home/daniel.z/ICML_PIECLAM_020425/experiments/../trainer.py:161:::  

Using dataset specific configuration and not global 




/home/daniel.z/ICML_PIECLAM_020425/experiments/../trainer.py:335:::  

 2025-05-24 07:01:45 starting optimization of bigclam on photo on device cuda

 configs_dict: 
{
    "clamiter_init": {
        "dim_feat": 60,
        "dim_attr": 500,
        "s_reg": 0.0,
        "l1_reg": 1,
        "T": 1,
        "hidden_dim": 64,
        "num_coupling_blocks": 32,
        "num_layers_mlp": 2
    },
    "feat_opt": {
        "lr": 3e-06,
        "n_iter": 7000,
        "early_stop": 0
    }
}


/home/daniel.z/ICML_PIECLAM_020425/experiments/../clamiter.py:365:::  
staring fit_feats for 7000 iterations


/home/daniel.z/ICML_PIECLAM_020425/experiments/../trainer.py:454:::  

train_model_on_params on bigclam photo 
took 37.78158783912659 seconds


/home/daniel.z/ICML_PIECLAM_020425/experiments/optimization_utils.py:655:::  
Repetition no. 0


/home/daniel.z/ICML_PIECLAM_020425/experiments/../trainer.py:161:::  

Using dataset specific configuration and not global 




/home/daniel.z/ICML_PIECLAM_020425/experiments/../trainer.py:335:::  

 2025-05-24 07:02:23 starting optimization of bigclam on photo on device cuda

 configs_dict: 
{
    "clamiter_init": {
        "dim_feat": 40,
        "dim_attr": 500,
        "s_reg": 0.0,
        "l1_reg": 1,
        "T": 1,
        "hidden_dim": 64,
        "num_coupling_blocks": 32,
        "num_layers_mlp": 2
    },
    "feat_opt": {
        "lr": 2e-06,
        "n_iter": 13000,
        "early_stop": 0
    }
}


/home/daniel.z/ICML_PIECLAM_020425/experiments/../clamiter.py:365:::  
staring fit_feats for 13000 iterations


/home/daniel.z/ICML_PIECLAM_020425/experiments/../trainer.py:454:::  

train_model_on_params on bigclam photo 
took 50.86118817329407 seconds


/home/daniel.z/ICML_PIECLAM_020425/experiments/optimization_utils.py:655:::  
Repetition no. 1


/home/daniel.z/ICML_PIECLAM_020425/experiments/../trainer.py:161:::  

Using dataset specific configuration and not global 




/home/daniel.z/ICML_PIECLAM_020425/experiments/../trainer.py:335:::  

 2025-05-24 07:03:14 starting optimization of bigclam on photo on device cuda

 configs_dict: 
{
    "clamiter_init": {
        "dim_feat": 40,
        "dim_attr": 500,
        "s_reg": 0.0,
        "l1_reg": 1,
        "T": 1,
        "hidden_dim": 64,
        "num_coupling_blocks": 32,
        "num_layers_mlp": 2
    },
    "feat_opt": {
        "lr": 2e-06,
        "n_iter": 13000,
        "early_stop": 0
    }
}


/home/daniel.z/ICML_PIECLAM_020425/experiments/../clamiter.py:365:::  
staring fit_feats for 13000 iterations


/home/daniel.z/ICML_PIECLAM_020425/experiments/../trainer.py:454:::  

train_model_on_params on bigclam photo 
took 50.79755234718323 seconds


/home/daniel.z/ICML_PIECLAM_020425/experiments/optimization_utils.py:655:::  
Repetition no. 2


/home/daniel.z/ICML_PIECLAM_020425/experiments/../trainer.py:161:::  

Using dataset specific configuration and not global 




/home/daniel.z/ICML_PIECLAM_020425/experiments/../trainer.py:335:::  

 2025-05-24 07:04:05 starting optimization of bigclam on photo on device cuda

 configs_dict: 
{
    "clamiter_init": {
        "dim_feat": 40,
        "dim_attr": 500,
        "s_reg": 0.0,
        "l1_reg": 1,
        "T": 1,
        "hidden_dim": 64,
        "num_coupling_blocks": 32,
        "num_layers_mlp": 2
    },
    "feat_opt": {
        "lr": 2e-06,
        "n_iter": 13000,
        "early_stop": 0
    }
}


/home/daniel.z/ICML_PIECLAM_020425/experiments/../clamiter.py:365:::  
staring fit_feats for 13000 iterations


/home/daniel.z/ICML_PIECLAM_020425/experiments/../trainer.py:454:::  

train_model_on_params on bigclam photo 
took 50.836349964141846 seconds


/home/daniel.z/ICML_PIECLAM_020425/experiments/optimization_utils.py:655:::  
Repetition no. 0


/home/daniel.z/ICML_PIECLAM_020425/experiments/../trainer.py:161:::  

Using dataset specific configuration and not global 




/home/daniel.z/ICML_PIECLAM_020425/experiments/../trainer.py:335:::  

 2025-05-24 07:04:56 starting optimization of bigclam on photo on device cuda

 configs_dict: 
{
    "clamiter_init": {
        "dim_feat": 40,
        "dim_attr": 500,
        "s_reg": 0.0,
        "l1_reg": 1,
        "T": 1,
        "hidden_dim": 64,
        "num_coupling_blocks": 32,
        "num_layers_mlp": 2
    },
    "feat_opt": {
        "lr": 5e-06,
        "n_iter": 10000,
        "early_stop": 0
    }
}


/home/daniel.z/ICML_PIECLAM_020425/experiments/../clamiter.py:365:::  
staring fit_feats for 10000 iterations


/home/daniel.z/ICML_PIECLAM_020425/experiments/../trainer.py:454:::  

train_model_on_params on bigclam photo 
took 39.13221979141235 seconds


/home/daniel.z/ICML_PIECLAM_020425/experiments/optimization_utils.py:655:::  
Repetition no. 1


/home/daniel.z/ICML_PIECLAM_020425/experiments/../trainer.py:161:::  

Using dataset specific configuration and not global 




/home/daniel.z/ICML_PIECLAM_020425/experiments/../trainer.py:335:::  

 2025-05-24 07:05:35 starting optimization of bigclam on photo on device cuda

 configs_dict: 
{
    "clamiter_init": {
        "dim_feat": 40,
        "dim_attr": 500,
        "s_reg": 0.0,
        "l1_reg": 1,
        "T": 1,
        "hidden_dim": 64,
        "num_coupling_blocks": 32,
        "num_layers_mlp": 2
    },
    "feat_opt": {
        "lr": 5e-06,
        "n_iter": 10000,
        "early_stop": 0
    }
}


/home/daniel.z/ICML_PIECLAM_020425/experiments/../clamiter.py:365:::  
staring fit_feats for 10000 iterations


/home/daniel.z/ICML_PIECLAM_020425/experiments/../trainer.py:454:::  

train_model_on_params on bigclam photo 
took 39.18611693382263 seconds


/home/daniel.z/ICML_PIECLAM_020425/experiments/optimization_utils.py:655:::  
Repetition no. 2


/home/daniel.z/ICML_PIECLAM_020425/experiments/../trainer.py:161:::  

Using dataset specific configuration and not global 




/home/daniel.z/ICML_PIECLAM_020425/experiments/../trainer.py:335:::  

 2025-05-24 07:06:15 starting optimization of bigclam on photo on device cuda

 configs_dict: 
{
    "clamiter_init": {
        "dim_feat": 40,
        "dim_attr": 500,
        "s_reg": 0.0,
        "l1_reg": 1,
        "T": 1,
        "hidden_dim": 64,
        "num_coupling_blocks": 32,
        "num_layers_mlp": 2
    },
    "feat_opt": {
        "lr": 5e-06,
        "n_iter": 10000,
        "early_stop": 0
    }
}


/home/daniel.z/ICML_PIECLAM_020425/experiments/../clamiter.py:365:::  
staring fit_feats for 10000 iterations


/home/daniel.z/ICML_PIECLAM_020425/experiments/../trainer.py:454:::  

train_model_on_params on bigclam photo 
took 39.1939172744751 seconds


/home/daniel.z/ICML_PIECLAM_020425/experiments/optimization_utils.py:655:::  
Repetition no. 0


/home/daniel.z/ICML_PIECLAM_020425/experiments/../trainer.py:161:::  

Using dataset specific configuration and not global 




/home/daniel.z/ICML_PIECLAM_020425/experiments/../trainer.py:335:::  

 2025-05-24 07:06:54 starting optimization of bigclam on photo on device cuda

 configs_dict: 
{
    "clamiter_init": {
        "dim_feat": 50,
        "dim_attr": 500,
        "s_reg": 0.0,
        "l1_reg": 1,
        "T": 1,
        "hidden_dim": 64,
        "num_coupling_blocks": 32,
        "num_layers_mlp": 2
    },
    "feat_opt": {
        "lr": 3e-06,
        "n_iter": 7000,
        "early_stop": 0
    }
}


/home/daniel.z/ICML_PIECLAM_020425/experiments/../clamiter.py:365:::  
staring fit_feats for 7000 iterations


/home/daniel.z/ICML_PIECLAM_020425/experiments/../trainer.py:454:::  

train_model_on_params on bigclam photo 
took 32.81989908218384 seconds


/home/daniel.z/ICML_PIECLAM_020425/experiments/optimization_utils.py:655:::  
Repetition no. 1


/home/daniel.z/ICML_PIECLAM_020425/experiments/../trainer.py:161:::  

Using dataset specific configuration and not global 




/home/daniel.z/ICML_PIECLAM_020425/experiments/../trainer.py:335:::  

 2025-05-24 07:07:27 starting optimization of bigclam on photo on device cuda

 configs_dict: 
{
    "clamiter_init": {
        "dim_feat": 50,
        "dim_attr": 500,
        "s_reg": 0.0,
        "l1_reg": 1,
        "T": 1,
        "hidden_dim": 64,
        "num_coupling_blocks": 32,
        "num_layers_mlp": 2
    },
    "feat_opt": {
        "lr": 3e-06,
        "n_iter": 7000,
        "early_stop": 0
    }
}


/home/daniel.z/ICML_PIECLAM_020425/experiments/../clamiter.py:365:::  
staring fit_feats for 7000 iterations


/home/daniel.z/ICML_PIECLAM_020425/experiments/../trainer.py:454:::  

train_model_on_params on bigclam photo 
took 32.81105089187622 seconds


/home/daniel.z/ICML_PIECLAM_020425/experiments/optimization_utils.py:655:::  
Repetition no. 2


/home/daniel.z/ICML_PIECLAM_020425/experiments/../trainer.py:161:::  

Using dataset specific configuration and not global 




/home/daniel.z/ICML_PIECLAM_020425/experiments/../trainer.py:335:::  

 2025-05-24 07:08:00 starting optimization of bigclam on photo on device cuda

 configs_dict: 
{
    "clamiter_init": {
        "dim_feat": 50,
        "dim_attr": 500,
        "s_reg": 0.0,
        "l1_reg": 1,
        "T": 1,
        "hidden_dim": 64,
        "num_coupling_blocks": 32,
        "num_layers_mlp": 2
    },
    "feat_opt": {
        "lr": 3e-06,
        "n_iter": 7000,
        "early_stop": 0
    }
}


/home/daniel.z/ICML_PIECLAM_020425/experiments/../clamiter.py:365:::  
staring fit_feats for 7000 iterations


/home/daniel.z/ICML_PIECLAM_020425/experiments/../trainer.py:454:::  

train_model_on_params on bigclam photo 
took 32.87902307510376 seconds


/home/daniel.z/ICML_PIECLAM_020425/experiments/optimization_utils.py:655:::  
Repetition no. 0


/home/daniel.z/ICML_PIECLAM_020425/experiments/../trainer.py:161:::  

Using dataset specific configuration and not global 




/home/daniel.z/ICML_PIECLAM_020425/experiments/../trainer.py:335:::  

 2025-05-24 07:08:34 starting optimization of bigclam on photo on device cuda

 configs_dict: 
{
    "clamiter_init": {
        "dim_feat": 50,
        "dim_attr": 500,
        "s_reg": 0.0,
        "l1_reg": 1,
        "T": 1,
        "hidden_dim": 64,
        "num_coupling_blocks": 32,
        "num_layers_mlp": 2
    },
    "feat_opt": {
        "lr": 2e-06,
        "n_iter": 13000,
        "early_stop": 0
    }
}


/home/daniel.z/ICML_PIECLAM_020425/experiments/../clamiter.py:365:::  
staring fit_feats for 13000 iterations


/home/daniel.z/ICML_PIECLAM_020425/experiments/../trainer.py:454:::  

train_model_on_params on bigclam photo 
took 60.81820797920227 seconds


/home/daniel.z/ICML_PIECLAM_020425/experiments/optimization_utils.py:655:::  
Repetition no. 1


/home/daniel.z/ICML_PIECLAM_020425/experiments/../trainer.py:161:::  

Using dataset specific configuration and not global 




/home/daniel.z/ICML_PIECLAM_020425/experiments/../trainer.py:335:::  

 2025-05-24 07:09:35 starting optimization of bigclam on photo on device cuda

 configs_dict: 
{
    "clamiter_init": {
        "dim_feat": 50,
        "dim_attr": 500,
        "s_reg": 0.0,
        "l1_reg": 1,
        "T": 1,
        "hidden_dim": 64,
        "num_coupling_blocks": 32,
        "num_layers_mlp": 2
    },
    "feat_opt": {
        "lr": 2e-06,
        "n_iter": 13000,
        "early_stop": 0
    }
}


/home/daniel.z/ICML_PIECLAM_020425/experiments/../clamiter.py:365:::  
staring fit_feats for 13000 iterations


/home/daniel.z/ICML_PIECLAM_020425/experiments/../trainer.py:454:::  

train_model_on_params on bigclam photo 
took 60.80150270462036 seconds


/home/daniel.z/ICML_PIECLAM_020425/experiments/optimization_utils.py:655:::  
Repetition no. 2


/home/daniel.z/ICML_PIECLAM_020425/experiments/../trainer.py:161:::  

Using dataset specific configuration and not global 




/home/daniel.z/ICML_PIECLAM_020425/experiments/../trainer.py:335:::  

 2025-05-24 07:10:36 starting optimization of bigclam on photo on device cuda

 configs_dict: 
{
    "clamiter_init": {
        "dim_feat": 50,
        "dim_attr": 500,
        "s_reg": 0.0,
        "l1_reg": 1,
        "T": 1,
        "hidden_dim": 64,
        "num_coupling_blocks": 32,
        "num_layers_mlp": 2
    },
    "feat_opt": {
        "lr": 2e-06,
        "n_iter": 13000,
        "early_stop": 0
    }
}


/home/daniel.z/ICML_PIECLAM_020425/experiments/../clamiter.py:365:::  
staring fit_feats for 13000 iterations


/home/daniel.z/ICML_PIECLAM_020425/experiments/../trainer.py:454:::  

train_model_on_params on bigclam photo 
took 60.92043709754944 seconds


/home/daniel.z/ICML_PIECLAM_020425/experiments/optimization_utils.py:655:::  
Repetition no. 0


/home/daniel.z/ICML_PIECLAM_020425/experiments/../trainer.py:161:::  

Using dataset specific configuration and not global 




/home/daniel.z/ICML_PIECLAM_020425/experiments/../trainer.py:335:::  

 2025-05-24 07:11:37 starting optimization of bigclam on photo on device cuda

 configs_dict: 
{
    "clamiter_init": {
        "dim_feat": 60,
        "dim_attr": 500,
        "s_reg": 0.0,
        "l1_reg": 1,
        "T": 1,
        "hidden_dim": 64,
        "num_coupling_blocks": 32,
        "num_layers_mlp": 2
    },
    "feat_opt": {
        "lr": 3e-06,
        "n_iter": 10000,
        "early_stop": 0
    }
}


/home/daniel.z/ICML_PIECLAM_020425/experiments/../clamiter.py:365:::  
staring fit_feats for 10000 iterations


/home/daniel.z/ICML_PIECLAM_020425/experiments/../trainer.py:454:::  

train_model_on_params on bigclam photo 
took 53.99327754974365 seconds


/home/daniel.z/ICML_PIECLAM_020425/experiments/optimization_utils.py:655:::  
Repetition no. 1


/home/daniel.z/ICML_PIECLAM_020425/experiments/../trainer.py:161:::  

Using dataset specific configuration and not global 




/home/daniel.z/ICML_PIECLAM_020425/experiments/../trainer.py:335:::  

 2025-05-24 07:12:31 starting optimization of bigclam on photo on device cuda

 configs_dict: 
{
    "clamiter_init": {
        "dim_feat": 60,
        "dim_attr": 500,
        "s_reg": 0.0,
        "l1_reg": 1,
        "T": 1,
        "hidden_dim": 64,
        "num_coupling_blocks": 32,
        "num_layers_mlp": 2
    },
    "feat_opt": {
        "lr": 3e-06,
        "n_iter": 10000,
        "early_stop": 0
    }
}


/home/daniel.z/ICML_PIECLAM_020425/experiments/../clamiter.py:365:::  
staring fit_feats for 10000 iterations


/home/daniel.z/ICML_PIECLAM_020425/experiments/../trainer.py:454:::  

train_model_on_params on bigclam photo 
took 53.99945831298828 seconds


/home/daniel.z/ICML_PIECLAM_020425/experiments/optimization_utils.py:655:::  
Repetition no. 2


/home/daniel.z/ICML_PIECLAM_020425/experiments/../trainer.py:161:::  

Using dataset specific configuration and not global 




/home/daniel.z/ICML_PIECLAM_020425/experiments/../trainer.py:335:::  

 2025-05-24 07:13:25 starting optimization of bigclam on photo on device cuda

 configs_dict: 
{
    "clamiter_init": {
        "dim_feat": 60,
        "dim_attr": 500,
        "s_reg": 0.0,
        "l1_reg": 1,
        "T": 1,
        "hidden_dim": 64,
        "num_coupling_blocks": 32,
        "num_layers_mlp": 2
    },
    "feat_opt": {
        "lr": 3e-06,
        "n_iter": 10000,
        "early_stop": 0
    }
}


/home/daniel.z/ICML_PIECLAM_020425/experiments/../clamiter.py:365:::  
staring fit_feats for 10000 iterations


/home/daniel.z/ICML_PIECLAM_020425/experiments/../trainer.py:454:::  

train_model_on_params on bigclam photo 
took 53.93487334251404 seconds


/home/daniel.z/ICML_PIECLAM_020425/experiments/optimization_utils.py:655:::  
Repetition no. 0


/home/daniel.z/ICML_PIECLAM_020425/experiments/../trainer.py:161:::  

Using dataset specific configuration and not global 




/home/daniel.z/ICML_PIECLAM_020425/experiments/../trainer.py:335:::  

 2025-05-24 07:14:20 starting optimization of bigclam on photo on device cuda

 configs_dict: 
{
    "clamiter_init": {
        "dim_feat": 50,
        "dim_attr": 500,
        "s_reg": 0.0,
        "l1_reg": 1,
        "T": 1,
        "hidden_dim": 64,
        "num_coupling_blocks": 32,
        "num_layers_mlp": 2
    },
    "feat_opt": {
        "lr": 5e-06,
        "n_iter": 7000,
        "early_stop": 0
    }
}


/home/daniel.z/ICML_PIECLAM_020425/experiments/../clamiter.py:365:::  
staring fit_feats for 7000 iterations


/home/daniel.z/ICML_PIECLAM_020425/experiments/../trainer.py:454:::  

train_model_on_params on bigclam photo 
took 32.82022738456726 seconds


/home/daniel.z/ICML_PIECLAM_020425/experiments/optimization_utils.py:655:::  
Repetition no. 1


/home/daniel.z/ICML_PIECLAM_020425/experiments/../trainer.py:161:::  

Using dataset specific configuration and not global 




/home/daniel.z/ICML_PIECLAM_020425/experiments/../trainer.py:335:::  

 2025-05-24 07:14:53 starting optimization of bigclam on photo on device cuda

 configs_dict: 
{
    "clamiter_init": {
        "dim_feat": 50,
        "dim_attr": 500,
        "s_reg": 0.0,
        "l1_reg": 1,
        "T": 1,
        "hidden_dim": 64,
        "num_coupling_blocks": 32,
        "num_layers_mlp": 2
    },
    "feat_opt": {
        "lr": 5e-06,
        "n_iter": 7000,
        "early_stop": 0
    }
}


/home/daniel.z/ICML_PIECLAM_020425/experiments/../clamiter.py:365:::  
staring fit_feats for 7000 iterations


/home/daniel.z/ICML_PIECLAM_020425/experiments/../trainer.py:454:::  

train_model_on_params on bigclam photo 
took 32.80853486061096 seconds


/home/daniel.z/ICML_PIECLAM_020425/experiments/optimization_utils.py:655:::  
Repetition no. 2


/home/daniel.z/ICML_PIECLAM_020425/experiments/../trainer.py:161:::  

Using dataset specific configuration and not global 




/home/daniel.z/ICML_PIECLAM_020425/experiments/../trainer.py:335:::  

 2025-05-24 07:15:26 starting optimization of bigclam on photo on device cuda

 configs_dict: 
{
    "clamiter_init": {
        "dim_feat": 50,
        "dim_attr": 500,
        "s_reg": 0.0,
        "l1_reg": 1,
        "T": 1,
        "hidden_dim": 64,
        "num_coupling_blocks": 32,
        "num_layers_mlp": 2
    },
    "feat_opt": {
        "lr": 5e-06,
        "n_iter": 7000,
        "early_stop": 0
    }
}


/home/daniel.z/ICML_PIECLAM_020425/experiments/../clamiter.py:365:::  
staring fit_feats for 7000 iterations


/home/daniel.z/ICML_PIECLAM_020425/experiments/../trainer.py:454:::  

train_model_on_params on bigclam photo 
took 32.812216997146606 seconds


/home/daniel.z/ICML_PIECLAM_020425/experiments/optimization_utils.py:655:::  
Repetition no. 0


/home/daniel.z/ICML_PIECLAM_020425/experiments/../trainer.py:161:::  

Using dataset specific configuration and not global 




/home/daniel.z/ICML_PIECLAM_020425/experiments/../trainer.py:335:::  

 2025-05-24 07:15:59 starting optimization of bigclam on photo on device cuda

 configs_dict: 
{
    "clamiter_init": {
        "dim_feat": 60,
        "dim_attr": 500,
        "s_reg": 0.0,
        "l1_reg": 1,
        "T": 1,
        "hidden_dim": 64,
        "num_coupling_blocks": 32,
        "num_layers_mlp": 2
    },
    "feat_opt": {
        "lr": 2e-06,
        "n_iter": 7000,
        "early_stop": 0
    }
}


/home/daniel.z/ICML_PIECLAM_020425/experiments/../clamiter.py:365:::  
staring fit_feats for 7000 iterations


/home/daniel.z/ICML_PIECLAM_020425/experiments/../trainer.py:454:::  

train_model_on_params on bigclam photo 
took 37.827561140060425 seconds


/home/daniel.z/ICML_PIECLAM_020425/experiments/optimization_utils.py:655:::  
Repetition no. 1


/home/daniel.z/ICML_PIECLAM_020425/experiments/../trainer.py:161:::  

Using dataset specific configuration and not global 




/home/daniel.z/ICML_PIECLAM_020425/experiments/../trainer.py:335:::  

 2025-05-24 07:16:37 starting optimization of bigclam on photo on device cuda

 configs_dict: 
{
    "clamiter_init": {
        "dim_feat": 60,
        "dim_attr": 500,
        "s_reg": 0.0,
        "l1_reg": 1,
        "T": 1,
        "hidden_dim": 64,
        "num_coupling_blocks": 32,
        "num_layers_mlp": 2
    },
    "feat_opt": {
        "lr": 2e-06,
        "n_iter": 7000,
        "early_stop": 0
    }
}


/home/daniel.z/ICML_PIECLAM_020425/experiments/../clamiter.py:365:::  
staring fit_feats for 7000 iterations


/home/daniel.z/ICML_PIECLAM_020425/experiments/../trainer.py:454:::  

train_model_on_params on bigclam photo 
took 37.81483578681946 seconds


/home/daniel.z/ICML_PIECLAM_020425/experiments/optimization_utils.py:655:::  
Repetition no. 2


/home/daniel.z/ICML_PIECLAM_020425/experiments/../trainer.py:161:::  

Using dataset specific configuration and not global 




/home/daniel.z/ICML_PIECLAM_020425/experiments/../trainer.py:335:::  

 2025-05-24 07:17:15 starting optimization of bigclam on photo on device cuda

 configs_dict: 
{
    "clamiter_init": {
        "dim_feat": 60,
        "dim_attr": 500,
        "s_reg": 0.0,
        "l1_reg": 1,
        "T": 1,
        "hidden_dim": 64,
        "num_coupling_blocks": 32,
        "num_layers_mlp": 2
    },
    "feat_opt": {
        "lr": 2e-06,
        "n_iter": 7000,
        "early_stop": 0
    }
}


/home/daniel.z/ICML_PIECLAM_020425/experiments/../clamiter.py:365:::  
staring fit_feats for 7000 iterations


/home/daniel.z/ICML_PIECLAM_020425/experiments/../trainer.py:454:::  

train_model_on_params on bigclam photo 
took 37.80407094955444 seconds


/home/daniel.z/ICML_PIECLAM_020425/experiments/optimization_utils.py:655:::  
Repetition no. 0


/home/daniel.z/ICML_PIECLAM_020425/experiments/../trainer.py:161:::  

Using dataset specific configuration and not global 




/home/daniel.z/ICML_PIECLAM_020425/experiments/../trainer.py:335:::  

 2025-05-24 07:17:53 starting optimization of bigclam on photo on device cuda

 configs_dict: 
{
    "clamiter_init": {
        "dim_feat": 40,
        "dim_attr": 500,
        "s_reg": 0.0,
        "l1_reg": 1,
        "T": 1,
        "hidden_dim": 64,
        "num_coupling_blocks": 32,
        "num_layers_mlp": 2
    },
    "feat_opt": {
        "lr": 3e-06,
        "n_iter": 7000,
        "early_stop": 0
    }
}


/home/daniel.z/ICML_PIECLAM_020425/experiments/../clamiter.py:365:::  
staring fit_feats for 7000 iterations


/home/daniel.z/ICML_PIECLAM_020425/experiments/../trainer.py:454:::  

train_model_on_params on bigclam photo 
took 27.46878933906555 seconds


/home/daniel.z/ICML_PIECLAM_020425/experiments/optimization_utils.py:655:::  
Repetition no. 1


/home/daniel.z/ICML_PIECLAM_020425/experiments/../trainer.py:161:::  

Using dataset specific configuration and not global 




/home/daniel.z/ICML_PIECLAM_020425/experiments/../trainer.py:335:::  

 2025-05-24 07:18:21 starting optimization of bigclam on photo on device cuda

 configs_dict: 
{
    "clamiter_init": {
        "dim_feat": 40,
        "dim_attr": 500,
        "s_reg": 0.0,
        "l1_reg": 1,
        "T": 1,
        "hidden_dim": 64,
        "num_coupling_blocks": 32,
        "num_layers_mlp": 2
    },
    "feat_opt": {
        "lr": 3e-06,
        "n_iter": 7000,
        "early_stop": 0
    }
}


/home/daniel.z/ICML_PIECLAM_020425/experiments/../clamiter.py:365:::  
staring fit_feats for 7000 iterations


/home/daniel.z/ICML_PIECLAM_020425/experiments/../trainer.py:454:::  

train_model_on_params on bigclam photo 
took 27.48558211326599 seconds


/home/daniel.z/ICML_PIECLAM_020425/experiments/optimization_utils.py:655:::  
Repetition no. 2


/home/daniel.z/ICML_PIECLAM_020425/experiments/../trainer.py:161:::  

Using dataset specific configuration and not global 




/home/daniel.z/ICML_PIECLAM_020425/experiments/../trainer.py:335:::  

 2025-05-24 07:18:49 starting optimization of bigclam on photo on device cuda

 configs_dict: 
{
    "clamiter_init": {
        "dim_feat": 40,
        "dim_attr": 500,
        "s_reg": 0.0,
        "l1_reg": 1,
        "T": 1,
        "hidden_dim": 64,
        "num_coupling_blocks": 32,
        "num_layers_mlp": 2
    },
    "feat_opt": {
        "lr": 3e-06,
        "n_iter": 7000,
        "early_stop": 0
    }
}


/home/daniel.z/ICML_PIECLAM_020425/experiments/../clamiter.py:365:::  
staring fit_feats for 7000 iterations


/home/daniel.z/ICML_PIECLAM_020425/experiments/../trainer.py:454:::  

train_model_on_params on bigclam photo 
took 27.444528102874756 seconds


/home/daniel.z/ICML_PIECLAM_020425/experiments/optimization_utils.py:655:::  
Repetition no. 0


/home/daniel.z/ICML_PIECLAM_020425/experiments/../trainer.py:161:::  

Using dataset specific configuration and not global 




/home/daniel.z/ICML_PIECLAM_020425/experiments/../trainer.py:335:::  

 2025-05-24 07:19:17 starting optimization of bigclam on photo on device cuda

 configs_dict: 
{
    "clamiter_init": {
        "dim_feat": 50,
        "dim_attr": 500,
        "s_reg": 0.0,
        "l1_reg": 1,
        "T": 1,
        "hidden_dim": 64,
        "num_coupling_blocks": 32,
        "num_layers_mlp": 2
    },
    "feat_opt": {
        "lr": 5e-06,
        "n_iter": 10000,
        "early_stop": 0
    }
}


/home/daniel.z/ICML_PIECLAM_020425/experiments/../clamiter.py:365:::  
staring fit_feats for 10000 iterations


/home/daniel.z/ICML_PIECLAM_020425/experiments/../trainer.py:454:::  

train_model_on_params on bigclam photo 
took 46.77093148231506 seconds


/home/daniel.z/ICML_PIECLAM_020425/experiments/optimization_utils.py:655:::  
Repetition no. 1


/home/daniel.z/ICML_PIECLAM_020425/experiments/../trainer.py:161:::  

Using dataset specific configuration and not global 




/home/daniel.z/ICML_PIECLAM_020425/experiments/../trainer.py:335:::  

 2025-05-24 07:20:04 starting optimization of bigclam on photo on device cuda

 configs_dict: 
{
    "clamiter_init": {
        "dim_feat": 50,
        "dim_attr": 500,
        "s_reg": 0.0,
        "l1_reg": 1,
        "T": 1,
        "hidden_dim": 64,
        "num_coupling_blocks": 32,
        "num_layers_mlp": 2
    },
    "feat_opt": {
        "lr": 5e-06,
        "n_iter": 10000,
        "early_stop": 0
    }
}


/home/daniel.z/ICML_PIECLAM_020425/experiments/../clamiter.py:365:::  
staring fit_feats for 10000 iterations


/home/daniel.z/ICML_PIECLAM_020425/experiments/../trainer.py:454:::  

train_model_on_params on bigclam photo 
took 46.72383737564087 seconds


/home/daniel.z/ICML_PIECLAM_020425/experiments/optimization_utils.py:655:::  
Repetition no. 2


/home/daniel.z/ICML_PIECLAM_020425/experiments/../trainer.py:161:::  

Using dataset specific configuration and not global 




/home/daniel.z/ICML_PIECLAM_020425/experiments/../trainer.py:335:::  

 2025-05-24 07:20:51 starting optimization of bigclam on photo on device cuda

 configs_dict: 
{
    "clamiter_init": {
        "dim_feat": 50,
        "dim_attr": 500,
        "s_reg": 0.0,
        "l1_reg": 1,
        "T": 1,
        "hidden_dim": 64,
        "num_coupling_blocks": 32,
        "num_layers_mlp": 2
    },
    "feat_opt": {
        "lr": 5e-06,
        "n_iter": 10000,
        "early_stop": 0
    }
}


/home/daniel.z/ICML_PIECLAM_020425/experiments/../clamiter.py:365:::  
staring fit_feats for 10000 iterations


/home/daniel.z/ICML_PIECLAM_020425/experiments/../trainer.py:454:::  

train_model_on_params on bigclam photo 
took 46.76440930366516 seconds


/home/daniel.z/ICML_PIECLAM_020425/experiments/optimization_utils.py:655:::  
Repetition no. 0


/home/daniel.z/ICML_PIECLAM_020425/experiments/../trainer.py:161:::  

Using dataset specific configuration and not global 




/home/daniel.z/ICML_PIECLAM_020425/experiments/../trainer.py:335:::  

 2025-05-24 07:21:38 starting optimization of bigclam on photo on device cuda

 configs_dict: 
{
    "clamiter_init": {
        "dim_feat": 60,
        "dim_attr": 500,
        "s_reg": 0.0,
        "l1_reg": 1,
        "T": 1,
        "hidden_dim": 64,
        "num_coupling_blocks": 32,
        "num_layers_mlp": 2
    },
    "feat_opt": {
        "lr": 2e-06,
        "n_iter": 13000,
        "early_stop": 0
    }
}


/home/daniel.z/ICML_PIECLAM_020425/experiments/../clamiter.py:365:::  
staring fit_feats for 13000 iterations


/home/daniel.z/ICML_PIECLAM_020425/experiments/../trainer.py:454:::  

train_model_on_params on bigclam photo 
took 70.06625652313232 seconds


/home/daniel.z/ICML_PIECLAM_020425/experiments/optimization_utils.py:655:::  
Repetition no. 1


/home/daniel.z/ICML_PIECLAM_020425/experiments/../trainer.py:161:::  

Using dataset specific configuration and not global 




/home/daniel.z/ICML_PIECLAM_020425/experiments/../trainer.py:335:::  

 2025-05-24 07:22:49 starting optimization of bigclam on photo on device cuda

 configs_dict: 
{
    "clamiter_init": {
        "dim_feat": 60,
        "dim_attr": 500,
        "s_reg": 0.0,
        "l1_reg": 1,
        "T": 1,
        "hidden_dim": 64,
        "num_coupling_blocks": 32,
        "num_layers_mlp": 2
    },
    "feat_opt": {
        "lr": 2e-06,
        "n_iter": 13000,
        "early_stop": 0
    }
}


/home/daniel.z/ICML_PIECLAM_020425/experiments/../clamiter.py:365:::  
staring fit_feats for 13000 iterations


/home/daniel.z/ICML_PIECLAM_020425/experiments/../trainer.py:454:::  

train_model_on_params on bigclam photo 
took 69.98942255973816 seconds


/home/daniel.z/ICML_PIECLAM_020425/experiments/optimization_utils.py:655:::  
Repetition no. 2


/home/daniel.z/ICML_PIECLAM_020425/experiments/../trainer.py:161:::  

Using dataset specific configuration and not global 




/home/daniel.z/ICML_PIECLAM_020425/experiments/../trainer.py:335:::  

 2025-05-24 07:23:59 starting optimization of bigclam on photo on device cuda

 configs_dict: 
{
    "clamiter_init": {
        "dim_feat": 60,
        "dim_attr": 500,
        "s_reg": 0.0,
        "l1_reg": 1,
        "T": 1,
        "hidden_dim": 64,
        "num_coupling_blocks": 32,
        "num_layers_mlp": 2
    },
    "feat_opt": {
        "lr": 2e-06,
        "n_iter": 13000,
        "early_stop": 0
    }
}


/home/daniel.z/ICML_PIECLAM_020425/experiments/../clamiter.py:365:::  
staring fit_feats for 13000 iterations


/home/daniel.z/ICML_PIECLAM_020425/experiments/../trainer.py:454:::  

train_model_on_params on bigclam photo 
took 69.99851727485657 seconds


/home/daniel.z/ICML_PIECLAM_020425/experiments/optimization_utils.py:655:::  
Repetition no. 0


/home/daniel.z/ICML_PIECLAM_020425/experiments/../trainer.py:161:::  

Using dataset specific configuration and not global 




/home/daniel.z/ICML_PIECLAM_020425/experiments/../trainer.py:335:::  

 2025-05-24 07:25:09 starting optimization of bigclam on photo on device cuda

 configs_dict: 
{
    "clamiter_init": {
        "dim_feat": 50,
        "dim_attr": 500,
        "s_reg": 0.0,
        "l1_reg": 1,
        "T": 1,
        "hidden_dim": 64,
        "num_coupling_blocks": 32,
        "num_layers_mlp": 2
    },
    "feat_opt": {
        "lr": 3e-06,
        "n_iter": 10000,
        "early_stop": 0
    }
}


/home/daniel.z/ICML_PIECLAM_020425/experiments/../clamiter.py:365:::  
staring fit_feats for 10000 iterations


/home/daniel.z/ICML_PIECLAM_020425/experiments/../trainer.py:454:::  

train_model_on_params on bigclam photo 
took 46.83622169494629 seconds


/home/daniel.z/ICML_PIECLAM_020425/experiments/optimization_utils.py:655:::  
Repetition no. 1


/home/daniel.z/ICML_PIECLAM_020425/experiments/../trainer.py:161:::  

Using dataset specific configuration and not global 




/home/daniel.z/ICML_PIECLAM_020425/experiments/../trainer.py:335:::  

 2025-05-24 07:25:56 starting optimization of bigclam on photo on device cuda

 configs_dict: 
{
    "clamiter_init": {
        "dim_feat": 50,
        "dim_attr": 500,
        "s_reg": 0.0,
        "l1_reg": 1,
        "T": 1,
        "hidden_dim": 64,
        "num_coupling_blocks": 32,
        "num_layers_mlp": 2
    },
    "feat_opt": {
        "lr": 3e-06,
        "n_iter": 10000,
        "early_stop": 0
    }
}


/home/daniel.z/ICML_PIECLAM_020425/experiments/../clamiter.py:365:::  
staring fit_feats for 10000 iterations


/home/daniel.z/ICML_PIECLAM_020425/experiments/../trainer.py:454:::  

train_model_on_params on bigclam photo 
took 46.88377499580383 seconds


/home/daniel.z/ICML_PIECLAM_020425/experiments/optimization_utils.py:655:::  
Repetition no. 2


/home/daniel.z/ICML_PIECLAM_020425/experiments/../trainer.py:161:::  

Using dataset specific configuration and not global 




/home/daniel.z/ICML_PIECLAM_020425/experiments/../trainer.py:335:::  

 2025-05-24 07:26:43 starting optimization of bigclam on photo on device cuda

 configs_dict: 
{
    "clamiter_init": {
        "dim_feat": 50,
        "dim_attr": 500,
        "s_reg": 0.0,
        "l1_reg": 1,
        "T": 1,
        "hidden_dim": 64,
        "num_coupling_blocks": 32,
        "num_layers_mlp": 2
    },
    "feat_opt": {
        "lr": 3e-06,
        "n_iter": 10000,
        "early_stop": 0
    }
}


/home/daniel.z/ICML_PIECLAM_020425/experiments/../clamiter.py:365:::  
staring fit_feats for 10000 iterations


/home/daniel.z/ICML_PIECLAM_020425/experiments/../trainer.py:454:::  

train_model_on_params on bigclam photo 
took 46.76084303855896 seconds


/home/daniel.z/ICML_PIECLAM_020425/experiments/optimization_utils.py:655:::  
Repetition no. 0


/home/daniel.z/ICML_PIECLAM_020425/experiments/../trainer.py:161:::  

Using dataset specific configuration and not global 




/home/daniel.z/ICML_PIECLAM_020425/experiments/../trainer.py:335:::  

 2025-05-24 07:27:30 starting optimization of bigclam on photo on device cuda

 configs_dict: 
{
    "clamiter_init": {
        "dim_feat": 40,
        "dim_attr": 500,
        "s_reg": 0.0,
        "l1_reg": 1,
        "T": 1,
        "hidden_dim": 64,
        "num_coupling_blocks": 32,
        "num_layers_mlp": 2
    },
    "feat_opt": {
        "lr": 5e-06,
        "n_iter": 7000,
        "early_stop": 0
    }
}


/home/daniel.z/ICML_PIECLAM_020425/experiments/../clamiter.py:365:::  
staring fit_feats for 7000 iterations


/home/daniel.z/ICML_PIECLAM_020425/experiments/../trainer.py:454:::  

train_model_on_params on bigclam photo 
took 27.530078887939453 seconds


/home/daniel.z/ICML_PIECLAM_020425/experiments/optimization_utils.py:655:::  
Repetition no. 1


/home/daniel.z/ICML_PIECLAM_020425/experiments/../trainer.py:161:::  

Using dataset specific configuration and not global 




/home/daniel.z/ICML_PIECLAM_020425/experiments/../trainer.py:335:::  

 2025-05-24 07:27:58 starting optimization of bigclam on photo on device cuda

 configs_dict: 
{
    "clamiter_init": {
        "dim_feat": 40,
        "dim_attr": 500,
        "s_reg": 0.0,
        "l1_reg": 1,
        "T": 1,
        "hidden_dim": 64,
        "num_coupling_blocks": 32,
        "num_layers_mlp": 2
    },
    "feat_opt": {
        "lr": 5e-06,
        "n_iter": 7000,
        "early_stop": 0
    }
}


/home/daniel.z/ICML_PIECLAM_020425/experiments/../clamiter.py:365:::  
staring fit_feats for 7000 iterations


/home/daniel.z/ICML_PIECLAM_020425/experiments/../trainer.py:454:::  

train_model_on_params on bigclam photo 
took 27.43682050704956 seconds


/home/daniel.z/ICML_PIECLAM_020425/experiments/optimization_utils.py:655:::  
Repetition no. 2


/home/daniel.z/ICML_PIECLAM_020425/experiments/../trainer.py:161:::  

Using dataset specific configuration and not global 




/home/daniel.z/ICML_PIECLAM_020425/experiments/../trainer.py:335:::  

 2025-05-24 07:28:26 starting optimization of bigclam on photo on device cuda

 configs_dict: 
{
    "clamiter_init": {
        "dim_feat": 40,
        "dim_attr": 500,
        "s_reg": 0.0,
        "l1_reg": 1,
        "T": 1,
        "hidden_dim": 64,
        "num_coupling_blocks": 32,
        "num_layers_mlp": 2
    },
    "feat_opt": {
        "lr": 5e-06,
        "n_iter": 7000,
        "early_stop": 0
    }
}


/home/daniel.z/ICML_PIECLAM_020425/experiments/../clamiter.py:365:::  
staring fit_feats for 7000 iterations


/home/daniel.z/ICML_PIECLAM_020425/experiments/../trainer.py:454:::  

train_model_on_params on bigclam photo 
took 27.448426246643066 seconds


/home/daniel.z/ICML_PIECLAM_020425/experiments/optimization_utils.py:655:::  
Repetition no. 0


/home/daniel.z/ICML_PIECLAM_020425/experiments/../trainer.py:161:::  

Using dataset specific configuration and not global 




/home/daniel.z/ICML_PIECLAM_020425/experiments/../trainer.py:335:::  

 2025-05-24 07:28:54 starting optimization of bigclam on photo on device cuda

 configs_dict: 
{
    "clamiter_init": {
        "dim_feat": 50,
        "dim_attr": 500,
        "s_reg": 0.0,
        "l1_reg": 1,
        "T": 1,
        "hidden_dim": 64,
        "num_coupling_blocks": 32,
        "num_layers_mlp": 2
    },
    "feat_opt": {
        "lr": 5e-06,
        "n_iter": 13000,
        "early_stop": 0
    }
}


/home/daniel.z/ICML_PIECLAM_020425/experiments/../clamiter.py:365:::  
staring fit_feats for 13000 iterations


/home/daniel.z/ICML_PIECLAM_020425/experiments/../trainer.py:454:::  

train_model_on_params on bigclam photo 
took 60.736456871032715 seconds


/home/daniel.z/ICML_PIECLAM_020425/experiments/optimization_utils.py:655:::  
Repetition no. 1


/home/daniel.z/ICML_PIECLAM_020425/experiments/../trainer.py:161:::  

Using dataset specific configuration and not global 




/home/daniel.z/ICML_PIECLAM_020425/experiments/../trainer.py:335:::  

 2025-05-24 07:29:55 starting optimization of bigclam on photo on device cuda

 configs_dict: 
{
    "clamiter_init": {
        "dim_feat": 50,
        "dim_attr": 500,
        "s_reg": 0.0,
        "l1_reg": 1,
        "T": 1,
        "hidden_dim": 64,
        "num_coupling_blocks": 32,
        "num_layers_mlp": 2
    },
    "feat_opt": {
        "lr": 5e-06,
        "n_iter": 13000,
        "early_stop": 0
    }
}


/home/daniel.z/ICML_PIECLAM_020425/experiments/../clamiter.py:365:::  
staring fit_feats for 13000 iterations


/home/daniel.z/ICML_PIECLAM_020425/experiments/../trainer.py:454:::  

train_model_on_params on bigclam photo 
took 60.751532316207886 seconds


/home/daniel.z/ICML_PIECLAM_020425/experiments/optimization_utils.py:655:::  
Repetition no. 2


/home/daniel.z/ICML_PIECLAM_020425/experiments/../trainer.py:161:::  

Using dataset specific configuration and not global 




/home/daniel.z/ICML_PIECLAM_020425/experiments/../trainer.py:335:::  

 2025-05-24 07:30:56 starting optimization of bigclam on photo on device cuda

 configs_dict: 
{
    "clamiter_init": {
        "dim_feat": 50,
        "dim_attr": 500,
        "s_reg": 0.0,
        "l1_reg": 1,
        "T": 1,
        "hidden_dim": 64,
        "num_coupling_blocks": 32,
        "num_layers_mlp": 2
    },
    "feat_opt": {
        "lr": 5e-06,
        "n_iter": 13000,
        "early_stop": 0
    }
}


/home/daniel.z/ICML_PIECLAM_020425/experiments/../clamiter.py:365:::  
staring fit_feats for 13000 iterations


/home/daniel.z/ICML_PIECLAM_020425/experiments/../trainer.py:454:::  

train_model_on_params on bigclam photo 
took 60.73190689086914 seconds


/home/daniel.z/ICML_PIECLAM_020425/experiments/optimization_utils.py:655:::  
Repetition no. 0


/home/daniel.z/ICML_PIECLAM_020425/experiments/../trainer.py:161:::  

Using dataset specific configuration and not global 




/home/daniel.z/ICML_PIECLAM_020425/experiments/../trainer.py:335:::  

 2025-05-24 07:31:57 starting optimization of bigclam on photo on device cuda

 configs_dict: 
{
    "clamiter_init": {
        "dim_feat": 60,
        "dim_attr": 500,
        "s_reg": 0.0,
        "l1_reg": 1,
        "T": 1,
        "hidden_dim": 64,
        "num_coupling_blocks": 32,
        "num_layers_mlp": 2
    },
    "feat_opt": {
        "lr": 3e-06,
        "n_iter": 13000,
        "early_stop": 0
    }
}


/home/daniel.z/ICML_PIECLAM_020425/experiments/../clamiter.py:365:::  
staring fit_feats for 13000 iterations


/home/daniel.z/ICML_PIECLAM_020425/experiments/../trainer.py:454:::  

train_model_on_params on bigclam photo 
took 70.07961940765381 seconds


/home/daniel.z/ICML_PIECLAM_020425/experiments/optimization_utils.py:655:::  
Repetition no. 1


/home/daniel.z/ICML_PIECLAM_020425/experiments/../trainer.py:161:::  

Using dataset specific configuration and not global 




/home/daniel.z/ICML_PIECLAM_020425/experiments/../trainer.py:335:::  

 2025-05-24 07:33:07 starting optimization of bigclam on photo on device cuda

 configs_dict: 
{
    "clamiter_init": {
        "dim_feat": 60,
        "dim_attr": 500,
        "s_reg": 0.0,
        "l1_reg": 1,
        "T": 1,
        "hidden_dim": 64,
        "num_coupling_blocks": 32,
        "num_layers_mlp": 2
    },
    "feat_opt": {
        "lr": 3e-06,
        "n_iter": 13000,
        "early_stop": 0
    }
}


/home/daniel.z/ICML_PIECLAM_020425/experiments/../clamiter.py:365:::  
staring fit_feats for 13000 iterations


/home/daniel.z/ICML_PIECLAM_020425/experiments/../trainer.py:454:::  

train_model_on_params on bigclam photo 
took 70.0665271282196 seconds


/home/daniel.z/ICML_PIECLAM_020425/experiments/optimization_utils.py:655:::  
Repetition no. 2


/home/daniel.z/ICML_PIECLAM_020425/experiments/../trainer.py:161:::  

Using dataset specific configuration and not global 




/home/daniel.z/ICML_PIECLAM_020425/experiments/../trainer.py:335:::  

 2025-05-24 07:34:17 starting optimization of bigclam on photo on device cuda

 configs_dict: 
{
    "clamiter_init": {
        "dim_feat": 60,
        "dim_attr": 500,
        "s_reg": 0.0,
        "l1_reg": 1,
        "T": 1,
        "hidden_dim": 64,
        "num_coupling_blocks": 32,
        "num_layers_mlp": 2
    },
    "feat_opt": {
        "lr": 3e-06,
        "n_iter": 13000,
        "early_stop": 0
    }
}


/home/daniel.z/ICML_PIECLAM_020425/experiments/../clamiter.py:365:::  
staring fit_feats for 13000 iterations


/home/daniel.z/ICML_PIECLAM_020425/experiments/../trainer.py:454:::  

train_model_on_params on bigclam photo 
took 69.9626054763794 seconds


/home/daniel.z/ICML_PIECLAM_020425/experiments/optimization_utils.py:655:::  
Repetition no. 0


/home/daniel.z/ICML_PIECLAM_020425/experiments/../trainer.py:161:::  

Using dataset specific configuration and not global 




/home/daniel.z/ICML_PIECLAM_020425/experiments/../trainer.py:335:::  

 2025-05-24 07:35:28 starting optimization of bigclam on photo on device cuda

 configs_dict: 
{
    "clamiter_init": {
        "dim_feat": 40,
        "dim_attr": 500,
        "s_reg": 0.0,
        "l1_reg": 1,
        "T": 1,
        "hidden_dim": 64,
        "num_coupling_blocks": 32,
        "num_layers_mlp": 2
    },
    "feat_opt": {
        "lr": 3e-06,
        "n_iter": 10000,
        "early_stop": 0
    }
}


/home/daniel.z/ICML_PIECLAM_020425/experiments/../clamiter.py:365:::  
staring fit_feats for 10000 iterations


/home/daniel.z/ICML_PIECLAM_020425/experiments/../trainer.py:454:::  

train_model_on_params on bigclam photo 
took 39.18774485588074 seconds


/home/daniel.z/ICML_PIECLAM_020425/experiments/optimization_utils.py:655:::  
Repetition no. 1


/home/daniel.z/ICML_PIECLAM_020425/experiments/../trainer.py:161:::  

Using dataset specific configuration and not global 




/home/daniel.z/ICML_PIECLAM_020425/experiments/../trainer.py:335:::  

 2025-05-24 07:36:07 starting optimization of bigclam on photo on device cuda

 configs_dict: 
{
    "clamiter_init": {
        "dim_feat": 40,
        "dim_attr": 500,
        "s_reg": 0.0,
        "l1_reg": 1,
        "T": 1,
        "hidden_dim": 64,
        "num_coupling_blocks": 32,
        "num_layers_mlp": 2
    },
    "feat_opt": {
        "lr": 3e-06,
        "n_iter": 10000,
        "early_stop": 0
    }
}


/home/daniel.z/ICML_PIECLAM_020425/experiments/../clamiter.py:365:::  
staring fit_feats for 10000 iterations


/home/daniel.z/ICML_PIECLAM_020425/experiments/../trainer.py:454:::  

train_model_on_params on bigclam photo 
took 39.21022343635559 seconds


/home/daniel.z/ICML_PIECLAM_020425/experiments/optimization_utils.py:655:::  
Repetition no. 2


/home/daniel.z/ICML_PIECLAM_020425/experiments/../trainer.py:161:::  

Using dataset specific configuration and not global 




/home/daniel.z/ICML_PIECLAM_020425/experiments/../trainer.py:335:::  

 2025-05-24 07:36:47 starting optimization of bigclam on photo on device cuda

 configs_dict: 
{
    "clamiter_init": {
        "dim_feat": 40,
        "dim_attr": 500,
        "s_reg": 0.0,
        "l1_reg": 1,
        "T": 1,
        "hidden_dim": 64,
        "num_coupling_blocks": 32,
        "num_layers_mlp": 2
    },
    "feat_opt": {
        "lr": 3e-06,
        "n_iter": 10000,
        "early_stop": 0
    }
}


/home/daniel.z/ICML_PIECLAM_020425/experiments/../clamiter.py:365:::  
staring fit_feats for 10000 iterations


/home/daniel.z/ICML_PIECLAM_020425/experiments/../trainer.py:454:::  

train_model_on_params on bigclam photo 
took 39.19619274139404 seconds


/home/daniel.z/ICML_PIECLAM_020425/experiments/optimization_utils.py:655:::  
Repetition no. 0


/home/daniel.z/ICML_PIECLAM_020425/experiments/../trainer.py:161:::  

Using dataset specific configuration and not global 




/home/daniel.z/ICML_PIECLAM_020425/experiments/../trainer.py:335:::  

 2025-05-24 07:37:26 starting optimization of bigclam on photo on device cuda

 configs_dict: 
{
    "clamiter_init": {
        "dim_feat": 60,
        "dim_attr": 500,
        "s_reg": 0.0,
        "l1_reg": 1,
        "T": 1,
        "hidden_dim": 64,
        "num_coupling_blocks": 32,
        "num_layers_mlp": 2
    },
    "feat_opt": {
        "lr": 2e-06,
        "n_iter": 10000,
        "early_stop": 0
    }
}


/home/daniel.z/ICML_PIECLAM_020425/experiments/../clamiter.py:365:::  
staring fit_feats for 10000 iterations


/home/daniel.z/ICML_PIECLAM_020425/experiments/../trainer.py:454:::  

train_model_on_params on bigclam photo 
took 53.95626711845398 seconds


/home/daniel.z/ICML_PIECLAM_020425/experiments/optimization_utils.py:655:::  
Repetition no. 1


/home/daniel.z/ICML_PIECLAM_020425/experiments/../trainer.py:161:::  

Using dataset specific configuration and not global 




/home/daniel.z/ICML_PIECLAM_020425/experiments/../trainer.py:335:::  

 2025-05-24 07:38:20 starting optimization of bigclam on photo on device cuda

 configs_dict: 
{
    "clamiter_init": {
        "dim_feat": 60,
        "dim_attr": 500,
        "s_reg": 0.0,
        "l1_reg": 1,
        "T": 1,
        "hidden_dim": 64,
        "num_coupling_blocks": 32,
        "num_layers_mlp": 2
    },
    "feat_opt": {
        "lr": 2e-06,
        "n_iter": 10000,
        "early_stop": 0
    }
}


/home/daniel.z/ICML_PIECLAM_020425/experiments/../clamiter.py:365:::  
staring fit_feats for 10000 iterations


/home/daniel.z/ICML_PIECLAM_020425/experiments/../trainer.py:454:::  

train_model_on_params on bigclam photo 
took 53.98924946784973 seconds


/home/daniel.z/ICML_PIECLAM_020425/experiments/optimization_utils.py:655:::  
Repetition no. 2


/home/daniel.z/ICML_PIECLAM_020425/experiments/../trainer.py:161:::  

Using dataset specific configuration and not global 




/home/daniel.z/ICML_PIECLAM_020425/experiments/../trainer.py:335:::  

 2025-05-24 07:39:15 starting optimization of bigclam on photo on device cuda

 configs_dict: 
{
    "clamiter_init": {
        "dim_feat": 60,
        "dim_attr": 500,
        "s_reg": 0.0,
        "l1_reg": 1,
        "T": 1,
        "hidden_dim": 64,
        "num_coupling_blocks": 32,
        "num_layers_mlp": 2
    },
    "feat_opt": {
        "lr": 2e-06,
        "n_iter": 10000,
        "early_stop": 0
    }
}


/home/daniel.z/ICML_PIECLAM_020425/experiments/../clamiter.py:365:::  
staring fit_feats for 10000 iterations


/home/daniel.z/ICML_PIECLAM_020425/experiments/../trainer.py:454:::  

train_model_on_params on bigclam photo 
took 53.95945119857788 seconds


/home/daniel.z/ICML_PIECLAM_020425/experiments/optimization_utils.py:655:::  
Repetition no. 0


/home/daniel.z/ICML_PIECLAM_020425/experiments/../trainer.py:161:::  

Using dataset specific configuration and not global 




/home/daniel.z/ICML_PIECLAM_020425/experiments/../trainer.py:335:::  

 2025-05-24 07:40:09 starting optimization of bigclam on photo on device cuda

 configs_dict: 
{
    "clamiter_init": {
        "dim_feat": 40,
        "dim_attr": 500,
        "s_reg": 0.0,
        "l1_reg": 1,
        "T": 1,
        "hidden_dim": 64,
        "num_coupling_blocks": 32,
        "num_layers_mlp": 2
    },
    "feat_opt": {
        "lr": 3e-06,
        "n_iter": 13000,
        "early_stop": 0
    }
}


/home/daniel.z/ICML_PIECLAM_020425/experiments/../clamiter.py:365:::  
staring fit_feats for 13000 iterations


/home/daniel.z/ICML_PIECLAM_020425/experiments/../trainer.py:454:::  

train_model_on_params on bigclam photo 
took 50.88740682601929 seconds


/home/daniel.z/ICML_PIECLAM_020425/experiments/optimization_utils.py:655:::  
Repetition no. 1


/home/daniel.z/ICML_PIECLAM_020425/experiments/../trainer.py:161:::  

Using dataset specific configuration and not global 




/home/daniel.z/ICML_PIECLAM_020425/experiments/../trainer.py:335:::  

 2025-05-24 07:41:00 starting optimization of bigclam on photo on device cuda

 configs_dict: 
{
    "clamiter_init": {
        "dim_feat": 40,
        "dim_attr": 500,
        "s_reg": 0.0,
        "l1_reg": 1,
        "T": 1,
        "hidden_dim": 64,
        "num_coupling_blocks": 32,
        "num_layers_mlp": 2
    },
    "feat_opt": {
        "lr": 3e-06,
        "n_iter": 13000,
        "early_stop": 0
    }
}


/home/daniel.z/ICML_PIECLAM_020425/experiments/../clamiter.py:365:::  
staring fit_feats for 13000 iterations


/home/daniel.z/ICML_PIECLAM_020425/experiments/../trainer.py:454:::  

train_model_on_params on bigclam photo 
took 50.8519561290741 seconds


/home/daniel.z/ICML_PIECLAM_020425/experiments/optimization_utils.py:655:::  
Repetition no. 2


/home/daniel.z/ICML_PIECLAM_020425/experiments/../trainer.py:161:::  

Using dataset specific configuration and not global 




/home/daniel.z/ICML_PIECLAM_020425/experiments/../trainer.py:335:::  

 2025-05-24 07:41:51 starting optimization of bigclam on photo on device cuda

 configs_dict: 
{
    "clamiter_init": {
        "dim_feat": 40,
        "dim_attr": 500,
        "s_reg": 0.0,
        "l1_reg": 1,
        "T": 1,
        "hidden_dim": 64,
        "num_coupling_blocks": 32,
        "num_layers_mlp": 2
    },
    "feat_opt": {
        "lr": 3e-06,
        "n_iter": 13000,
        "early_stop": 0
    }
}


/home/daniel.z/ICML_PIECLAM_020425/experiments/../clamiter.py:365:::  
staring fit_feats for 13000 iterations


/home/daniel.z/ICML_PIECLAM_020425/experiments/../trainer.py:454:::  

train_model_on_params on bigclam photo 
took 50.7787971496582 seconds


/home/daniel.z/ICML_PIECLAM_020425/experiments/optimization_utils.py:655:::  
Repetition no. 0


/home/daniel.z/ICML_PIECLAM_020425/experiments/../trainer.py:161:::  

Using dataset specific configuration and not global 




/home/daniel.z/ICML_PIECLAM_020425/experiments/../trainer.py:335:::  

 2025-05-24 07:42:42 starting optimization of bigclam on photo on device cuda

 configs_dict: 
{
    "clamiter_init": {
        "dim_feat": 40,
        "dim_attr": 500,
        "s_reg": 0.0,
        "l1_reg": 1,
        "T": 1,
        "hidden_dim": 64,
        "num_coupling_blocks": 32,
        "num_layers_mlp": 2
    },
    "feat_opt": {
        "lr": 5e-06,
        "n_iter": 13000,
        "early_stop": 0
    }
}


/home/daniel.z/ICML_PIECLAM_020425/experiments/../clamiter.py:365:::  
staring fit_feats for 13000 iterations


/home/daniel.z/ICML_PIECLAM_020425/experiments/../trainer.py:454:::  

train_model_on_params on bigclam photo 
took 50.85075902938843 seconds


/home/daniel.z/ICML_PIECLAM_020425/experiments/optimization_utils.py:655:::  
Repetition no. 1


/home/daniel.z/ICML_PIECLAM_020425/experiments/../trainer.py:161:::  

Using dataset specific configuration and not global 




/home/daniel.z/ICML_PIECLAM_020425/experiments/../trainer.py:335:::  

 2025-05-24 07:43:33 starting optimization of bigclam on photo on device cuda

 configs_dict: 
{
    "clamiter_init": {
        "dim_feat": 40,
        "dim_attr": 500,
        "s_reg": 0.0,
        "l1_reg": 1,
        "T": 1,
        "hidden_dim": 64,
        "num_coupling_blocks": 32,
        "num_layers_mlp": 2
    },
    "feat_opt": {
        "lr": 5e-06,
        "n_iter": 13000,
        "early_stop": 0
    }
}


/home/daniel.z/ICML_PIECLAM_020425/experiments/../clamiter.py:365:::  
staring fit_feats for 13000 iterations


/home/daniel.z/ICML_PIECLAM_020425/experiments/../trainer.py:454:::  

train_model_on_params on bigclam photo 
took 50.811670541763306 seconds


/home/daniel.z/ICML_PIECLAM_020425/experiments/optimization_utils.py:655:::  
Repetition no. 2


/home/daniel.z/ICML_PIECLAM_020425/experiments/../trainer.py:161:::  

Using dataset specific configuration and not global 




/home/daniel.z/ICML_PIECLAM_020425/experiments/../trainer.py:335:::  

 2025-05-24 07:44:24 starting optimization of bigclam on photo on device cuda

 configs_dict: 
{
    "clamiter_init": {
        "dim_feat": 40,
        "dim_attr": 500,
        "s_reg": 0.0,
        "l1_reg": 1,
        "T": 1,
        "hidden_dim": 64,
        "num_coupling_blocks": 32,
        "num_layers_mlp": 2
    },
    "feat_opt": {
        "lr": 5e-06,
        "n_iter": 13000,
        "early_stop": 0
    }
}


/home/daniel.z/ICML_PIECLAM_020425/experiments/../clamiter.py:365:::  
staring fit_feats for 13000 iterations


/home/daniel.z/ICML_PIECLAM_020425/experiments/../trainer.py:454:::  

train_model_on_params on bigclam photo 
took 50.844905376434326 seconds


/home/daniel.z/ICML_PIECLAM_020425/experiments/optimization_utils.py:655:::  
Repetition no. 0


/home/daniel.z/ICML_PIECLAM_020425/experiments/../trainer.py:161:::  

Using dataset specific configuration and not global 




/home/daniel.z/ICML_PIECLAM_020425/experiments/../trainer.py:335:::  

 2025-05-24 07:45:15 starting optimization of bigclam on photo on device cuda

 configs_dict: 
{
    "clamiter_init": {
        "dim_feat": 60,
        "dim_attr": 500,
        "s_reg": 0.0,
        "l1_reg": 1,
        "T": 1,
        "hidden_dim": 64,
        "num_coupling_blocks": 32,
        "num_layers_mlp": 2
    },
    "feat_opt": {
        "lr": 5e-06,
        "n_iter": 10000,
        "early_stop": 0
    }
}


/home/daniel.z/ICML_PIECLAM_020425/experiments/../clamiter.py:365:::  
staring fit_feats for 10000 iterations


/home/daniel.z/ICML_PIECLAM_020425/experiments/../trainer.py:454:::  

train_model_on_params on bigclam photo 
took 53.97479820251465 seconds


/home/daniel.z/ICML_PIECLAM_020425/experiments/optimization_utils.py:655:::  
Repetition no. 1


/home/daniel.z/ICML_PIECLAM_020425/experiments/../trainer.py:161:::  

Using dataset specific configuration and not global 




/home/daniel.z/ICML_PIECLAM_020425/experiments/../trainer.py:335:::  

 2025-05-24 07:46:10 starting optimization of bigclam on photo on device cuda

 configs_dict: 
{
    "clamiter_init": {
        "dim_feat": 60,
        "dim_attr": 500,
        "s_reg": 0.0,
        "l1_reg": 1,
        "T": 1,
        "hidden_dim": 64,
        "num_coupling_blocks": 32,
        "num_layers_mlp": 2
    },
    "feat_opt": {
        "lr": 5e-06,
        "n_iter": 10000,
        "early_stop": 0
    }
}


/home/daniel.z/ICML_PIECLAM_020425/experiments/../clamiter.py:365:::  
staring fit_feats for 10000 iterations


/home/daniel.z/ICML_PIECLAM_020425/experiments/../trainer.py:454:::  

train_model_on_params on bigclam photo 
took 54.005228757858276 seconds


/home/daniel.z/ICML_PIECLAM_020425/experiments/optimization_utils.py:655:::  
Repetition no. 2


/home/daniel.z/ICML_PIECLAM_020425/experiments/../trainer.py:161:::  

Using dataset specific configuration and not global 




/home/daniel.z/ICML_PIECLAM_020425/experiments/../trainer.py:335:::  

 2025-05-24 07:47:04 starting optimization of bigclam on photo on device cuda

 configs_dict: 
{
    "clamiter_init": {
        "dim_feat": 60,
        "dim_attr": 500,
        "s_reg": 0.0,
        "l1_reg": 1,
        "T": 1,
        "hidden_dim": 64,
        "num_coupling_blocks": 32,
        "num_layers_mlp": 2
    },
    "feat_opt": {
        "lr": 5e-06,
        "n_iter": 10000,
        "early_stop": 0
    }
}


/home/daniel.z/ICML_PIECLAM_020425/experiments/../clamiter.py:365:::  
staring fit_feats for 10000 iterations


/home/daniel.z/ICML_PIECLAM_020425/experiments/../trainer.py:454:::  

train_model_on_params on bigclam photo 
took 54.00418162345886 seconds


/home/daniel.z/ICML_PIECLAM_020425/experiments/optimization_utils.py:655:::  
Repetition no. 0


/home/daniel.z/ICML_PIECLAM_020425/experiments/../trainer.py:161:::  

Using dataset specific configuration and not global 




/home/daniel.z/ICML_PIECLAM_020425/experiments/../trainer.py:335:::  

 2025-05-24 07:47:58 starting optimization of bigclam on photo on device cuda

 configs_dict: 
{
    "clamiter_init": {
        "dim_feat": 40,
        "dim_attr": 500,
        "s_reg": 0.0,
        "l1_reg": 1,
        "T": 1,
        "hidden_dim": 64,
        "num_coupling_blocks": 32,
        "num_layers_mlp": 2
    },
    "feat_opt": {
        "lr": 2e-06,
        "n_iter": 7000,
        "early_stop": 0
    }
}


/home/daniel.z/ICML_PIECLAM_020425/experiments/../clamiter.py:365:::  
staring fit_feats for 7000 iterations


/home/daniel.z/ICML_PIECLAM_020425/experiments/../trainer.py:454:::  

train_model_on_params on bigclam photo 
took 27.518530130386353 seconds


/home/daniel.z/ICML_PIECLAM_020425/experiments/optimization_utils.py:655:::  
Repetition no. 1


/home/daniel.z/ICML_PIECLAM_020425/experiments/../trainer.py:161:::  

Using dataset specific configuration and not global 




/home/daniel.z/ICML_PIECLAM_020425/experiments/../trainer.py:335:::  

 2025-05-24 07:48:26 starting optimization of bigclam on photo on device cuda

 configs_dict: 
{
    "clamiter_init": {
        "dim_feat": 40,
        "dim_attr": 500,
        "s_reg": 0.0,
        "l1_reg": 1,
        "T": 1,
        "hidden_dim": 64,
        "num_coupling_blocks": 32,
        "num_layers_mlp": 2
    },
    "feat_opt": {
        "lr": 2e-06,
        "n_iter": 7000,
        "early_stop": 0
    }
}


/home/daniel.z/ICML_PIECLAM_020425/experiments/../clamiter.py:365:::  
staring fit_feats for 7000 iterations


/home/daniel.z/ICML_PIECLAM_020425/experiments/../trainer.py:454:::  

train_model_on_params on bigclam photo 
took 27.539630889892578 seconds


/home/daniel.z/ICML_PIECLAM_020425/experiments/optimization_utils.py:655:::  
Repetition no. 2


/home/daniel.z/ICML_PIECLAM_020425/experiments/../trainer.py:161:::  

Using dataset specific configuration and not global 




/home/daniel.z/ICML_PIECLAM_020425/experiments/../trainer.py:335:::  

 2025-05-24 07:48:54 starting optimization of bigclam on photo on device cuda

 configs_dict: 
{
    "clamiter_init": {
        "dim_feat": 40,
        "dim_attr": 500,
        "s_reg": 0.0,
        "l1_reg": 1,
        "T": 1,
        "hidden_dim": 64,
        "num_coupling_blocks": 32,
        "num_layers_mlp": 2
    },
    "feat_opt": {
        "lr": 2e-06,
        "n_iter": 7000,
        "early_stop": 0
    }
}


/home/daniel.z/ICML_PIECLAM_020425/experiments/../clamiter.py:365:::  
staring fit_feats for 7000 iterations


/home/daniel.z/ICML_PIECLAM_020425/experiments/../trainer.py:454:::  

train_model_on_params on bigclam photo 
took 27.52991533279419 seconds


/home/daniel.z/ICML_PIECLAM_020425/experiments/optimization_utils.py:655:::  
Repetition no. 0


/home/daniel.z/ICML_PIECLAM_020425/experiments/../trainer.py:161:::  

Using dataset specific configuration and not global 




/home/daniel.z/ICML_PIECLAM_020425/experiments/../trainer.py:335:::  

 2025-05-24 07:49:22 starting optimization of bigclam on photo on device cuda

 configs_dict: 
{
    "clamiter_init": {
        "dim_feat": 40,
        "dim_attr": 500,
        "s_reg": 0.0,
        "l1_reg": 1,
        "T": 1,
        "hidden_dim": 64,
        "num_coupling_blocks": 32,
        "num_layers_mlp": 2
    },
    "feat_opt": {
        "lr": 2e-06,
        "n_iter": 10000,
        "early_stop": 0
    }
}


/home/daniel.z/ICML_PIECLAM_020425/experiments/../clamiter.py:365:::  
staring fit_feats for 10000 iterations


/home/daniel.z/ICML_PIECLAM_020425/experiments/../trainer.py:454:::  

train_model_on_params on bigclam photo 
took 39.23676109313965 seconds


/home/daniel.z/ICML_PIECLAM_020425/experiments/optimization_utils.py:655:::  
Repetition no. 1


/home/daniel.z/ICML_PIECLAM_020425/experiments/../trainer.py:161:::  

Using dataset specific configuration and not global 




/home/daniel.z/ICML_PIECLAM_020425/experiments/../trainer.py:335:::  

 2025-05-24 07:50:01 starting optimization of bigclam on photo on device cuda

 configs_dict: 
{
    "clamiter_init": {
        "dim_feat": 40,
        "dim_attr": 500,
        "s_reg": 0.0,
        "l1_reg": 1,
        "T": 1,
        "hidden_dim": 64,
        "num_coupling_blocks": 32,
        "num_layers_mlp": 2
    },
    "feat_opt": {
        "lr": 2e-06,
        "n_iter": 10000,
        "early_stop": 0
    }
}


/home/daniel.z/ICML_PIECLAM_020425/experiments/../clamiter.py:365:::  
staring fit_feats for 10000 iterations


/home/daniel.z/ICML_PIECLAM_020425/experiments/../trainer.py:454:::  

train_model_on_params on bigclam photo 
took 39.26831603050232 seconds


/home/daniel.z/ICML_PIECLAM_020425/experiments/optimization_utils.py:655:::  
Repetition no. 2


/home/daniel.z/ICML_PIECLAM_020425/experiments/../trainer.py:161:::  

Using dataset specific configuration and not global 




/home/daniel.z/ICML_PIECLAM_020425/experiments/../trainer.py:335:::  

 2025-05-24 07:50:41 starting optimization of bigclam on photo on device cuda

 configs_dict: 
{
    "clamiter_init": {
        "dim_feat": 40,
        "dim_attr": 500,
        "s_reg": 0.0,
        "l1_reg": 1,
        "T": 1,
        "hidden_dim": 64,
        "num_coupling_blocks": 32,
        "num_layers_mlp": 2
    },
    "feat_opt": {
        "lr": 2e-06,
        "n_iter": 10000,
        "early_stop": 0
    }
}


/home/daniel.z/ICML_PIECLAM_020425/experiments/../clamiter.py:365:::  
staring fit_feats for 10000 iterations


/home/daniel.z/ICML_PIECLAM_020425/experiments/../trainer.py:454:::  

train_model_on_params on bigclam photo 
took 39.23195242881775 seconds


/home/daniel.z/ICML_PIECLAM_020425/experiments/optimization_utils.py:655:::  
Repetition no. 0


/home/daniel.z/ICML_PIECLAM_020425/experiments/../trainer.py:161:::  

Using dataset specific configuration and not global 




/home/daniel.z/ICML_PIECLAM_020425/experiments/../trainer.py:335:::  

 2025-05-24 07:51:20 starting optimization of bigclam on photo on device cuda

 configs_dict: 
{
    "clamiter_init": {
        "dim_feat": 60,
        "dim_attr": 500,
        "s_reg": 0.0,
        "l1_reg": 1,
        "T": 1,
        "hidden_dim": 64,
        "num_coupling_blocks": 32,
        "num_layers_mlp": 2
    },
    "feat_opt": {
        "lr": 5e-06,
        "n_iter": 7000,
        "early_stop": 0
    }
}


/home/daniel.z/ICML_PIECLAM_020425/experiments/../clamiter.py:365:::  
staring fit_feats for 7000 iterations


/home/daniel.z/ICML_PIECLAM_020425/experiments/../trainer.py:454:::  

train_model_on_params on bigclam photo 
took 37.82588338851929 seconds


/home/daniel.z/ICML_PIECLAM_020425/experiments/optimization_utils.py:655:::  
Repetition no. 1


/home/daniel.z/ICML_PIECLAM_020425/experiments/../trainer.py:161:::  

Using dataset specific configuration and not global 




/home/daniel.z/ICML_PIECLAM_020425/experiments/../trainer.py:335:::  

 2025-05-24 07:51:58 starting optimization of bigclam on photo on device cuda

 configs_dict: 
{
    "clamiter_init": {
        "dim_feat": 60,
        "dim_attr": 500,
        "s_reg": 0.0,
        "l1_reg": 1,
        "T": 1,
        "hidden_dim": 64,
        "num_coupling_blocks": 32,
        "num_layers_mlp": 2
    },
    "feat_opt": {
        "lr": 5e-06,
        "n_iter": 7000,
        "early_stop": 0
    }
}


/home/daniel.z/ICML_PIECLAM_020425/experiments/../clamiter.py:365:::  
staring fit_feats for 7000 iterations


/home/daniel.z/ICML_PIECLAM_020425/experiments/../trainer.py:454:::  

train_model_on_params on bigclam photo 
took 37.85680532455444 seconds


/home/daniel.z/ICML_PIECLAM_020425/experiments/optimization_utils.py:655:::  
Repetition no. 2


/home/daniel.z/ICML_PIECLAM_020425/experiments/../trainer.py:161:::  

Using dataset specific configuration and not global 




/home/daniel.z/ICML_PIECLAM_020425/experiments/../trainer.py:335:::  

 2025-05-24 07:52:36 starting optimization of bigclam on photo on device cuda

 configs_dict: 
{
    "clamiter_init": {
        "dim_feat": 60,
        "dim_attr": 500,
        "s_reg": 0.0,
        "l1_reg": 1,
        "T": 1,
        "hidden_dim": 64,
        "num_coupling_blocks": 32,
        "num_layers_mlp": 2
    },
    "feat_opt": {
        "lr": 5e-06,
        "n_iter": 7000,
        "early_stop": 0
    }
}


/home/daniel.z/ICML_PIECLAM_020425/experiments/../clamiter.py:365:::  
staring fit_feats for 7000 iterations


/home/daniel.z/ICML_PIECLAM_020425/experiments/../trainer.py:454:::  

train_model_on_params on bigclam photo 
took 37.832393646240234 seconds


/home/daniel.z/ICML_PIECLAM_020425/experiments/optimization_utils.py:729:::  


Finished CrossVal!




/home/daniel.z/ICML_PIECLAM_020425/experiments/optimization_utils.py:516:::  
On test set split_12-46_03-05-25 of photo,bigclam
 ======================


/home/daniel.z/ICML_PIECLAM_020425/experiments/optimization_utils.py:633:::  
RunSaver defined to acc_configs path /home/daniel.z/ICML_PIECLAM_020425/experiments/results/link_prediction/auc/photo/bigclam/split_12-46_03-05-25/valid/acc_configs07-53_24-05-25.json


/home/daniel.z/ICML_PIECLAM_020425/experiments/optimization_utils.py:655:::  
Repetition no. 0


/home/daniel.z/ICML_PIECLAM_020425/experiments/../trainer.py:161:::  

Using dataset specific configuration and not global 




/home/daniel.z/ICML_PIECLAM_020425/experiments/../trainer.py:335:::  

 2025-05-24 07:53:17 starting optimization of bigclam on photo on device cuda

 configs_dict: 
{
    "clamiter_init": {
        "dim_feat": 50,
        "dim_attr": 500,
        "s_reg": 0.0,
        "l1_reg": 1,
        "T": 1,
        "hidden_dim": 64,
        "num_coupling_blocks": 32,
        "num_layers_mlp": 2
    },
    "feat_opt": {
        "lr": 3e-06,
        "n_iter": 13000,
        "early_stop": 0
    }
}


/home/daniel.z/ICML_PIECLAM_020425/experiments/../clamiter.py:365:::  
staring fit_feats for 13000 iterations


/home/daniel.z/ICML_PIECLAM_020425/experiments/../trainer.py:454:::  

train_model_on_params on bigclam photo 
took 60.745306730270386 seconds


/home/daniel.z/ICML_PIECLAM_020425/experiments/optimization_utils.py:655:::  
Repetition no. 1


/home/daniel.z/ICML_PIECLAM_020425/experiments/../trainer.py:161:::  

Using dataset specific configuration and not global 




/home/daniel.z/ICML_PIECLAM_020425/experiments/../trainer.py:335:::  

 2025-05-24 07:54:19 starting optimization of bigclam on photo on device cuda

 configs_dict: 
{
    "clamiter_init": {
        "dim_feat": 50,
        "dim_attr": 500,
        "s_reg": 0.0,
        "l1_reg": 1,
        "T": 1,
        "hidden_dim": 64,
        "num_coupling_blocks": 32,
        "num_layers_mlp": 2
    },
    "feat_opt": {
        "lr": 3e-06,
        "n_iter": 13000,
        "early_stop": 0
    }
}


/home/daniel.z/ICML_PIECLAM_020425/experiments/../clamiter.py:365:::  
staring fit_feats for 13000 iterations


/home/daniel.z/ICML_PIECLAM_020425/experiments/../trainer.py:454:::  

train_model_on_params on bigclam photo 
took 60.82063031196594 seconds


/home/daniel.z/ICML_PIECLAM_020425/experiments/optimization_utils.py:655:::  
Repetition no. 2


/home/daniel.z/ICML_PIECLAM_020425/experiments/../trainer.py:161:::  

Using dataset specific configuration and not global 




/home/daniel.z/ICML_PIECLAM_020425/experiments/../trainer.py:335:::  

 2025-05-24 07:55:20 starting optimization of bigclam on photo on device cuda

 configs_dict: 
{
    "clamiter_init": {
        "dim_feat": 50,
        "dim_attr": 500,
        "s_reg": 0.0,
        "l1_reg": 1,
        "T": 1,
        "hidden_dim": 64,
        "num_coupling_blocks": 32,
        "num_layers_mlp": 2
    },
    "feat_opt": {
        "lr": 3e-06,
        "n_iter": 13000,
        "early_stop": 0
    }
}


/home/daniel.z/ICML_PIECLAM_020425/experiments/../clamiter.py:365:::  
staring fit_feats for 13000 iterations


/home/daniel.z/ICML_PIECLAM_020425/experiments/../trainer.py:454:::  

train_model_on_params on bigclam photo 
took 60.78012681007385 seconds


/home/daniel.z/ICML_PIECLAM_020425/experiments/optimization_utils.py:655:::  
Repetition no. 0


/home/daniel.z/ICML_PIECLAM_020425/experiments/../trainer.py:161:::  

Using dataset specific configuration and not global 




/home/daniel.z/ICML_PIECLAM_020425/experiments/../trainer.py:335:::  

 2025-05-24 07:56:22 starting optimization of bigclam on photo on device cuda

 configs_dict: 
{
    "clamiter_init": {
        "dim_feat": 50,
        "dim_attr": 500,
        "s_reg": 0.0,
        "l1_reg": 1,
        "T": 1,
        "hidden_dim": 64,
        "num_coupling_blocks": 32,
        "num_layers_mlp": 2
    },
    "feat_opt": {
        "lr": 2e-06,
        "n_iter": 10000,
        "early_stop": 0
    }
}


/home/daniel.z/ICML_PIECLAM_020425/experiments/../clamiter.py:365:::  
staring fit_feats for 10000 iterations


/home/daniel.z/ICML_PIECLAM_020425/experiments/../trainer.py:454:::  

train_model_on_params on bigclam photo 
took 46.81859636306763 seconds


/home/daniel.z/ICML_PIECLAM_020425/experiments/optimization_utils.py:655:::  
Repetition no. 1


/home/daniel.z/ICML_PIECLAM_020425/experiments/../trainer.py:161:::  

Using dataset specific configuration and not global 




/home/daniel.z/ICML_PIECLAM_020425/experiments/../trainer.py:335:::  

 2025-05-24 07:57:09 starting optimization of bigclam on photo on device cuda

 configs_dict: 
{
    "clamiter_init": {
        "dim_feat": 50,
        "dim_attr": 500,
        "s_reg": 0.0,
        "l1_reg": 1,
        "T": 1,
        "hidden_dim": 64,
        "num_coupling_blocks": 32,
        "num_layers_mlp": 2
    },
    "feat_opt": {
        "lr": 2e-06,
        "n_iter": 10000,
        "early_stop": 0
    }
}


/home/daniel.z/ICML_PIECLAM_020425/experiments/../clamiter.py:365:::  
staring fit_feats for 10000 iterations


/home/daniel.z/ICML_PIECLAM_020425/experiments/../trainer.py:454:::  

train_model_on_params on bigclam photo 
took 46.82365870475769 seconds


/home/daniel.z/ICML_PIECLAM_020425/experiments/optimization_utils.py:655:::  
Repetition no. 2


/home/daniel.z/ICML_PIECLAM_020425/experiments/../trainer.py:161:::  

Using dataset specific configuration and not global 




/home/daniel.z/ICML_PIECLAM_020425/experiments/../trainer.py:335:::  

 2025-05-24 07:57:56 starting optimization of bigclam on photo on device cuda

 configs_dict: 
{
    "clamiter_init": {
        "dim_feat": 50,
        "dim_attr": 500,
        "s_reg": 0.0,
        "l1_reg": 1,
        "T": 1,
        "hidden_dim": 64,
        "num_coupling_blocks": 32,
        "num_layers_mlp": 2
    },
    "feat_opt": {
        "lr": 2e-06,
        "n_iter": 10000,
        "early_stop": 0
    }
}


/home/daniel.z/ICML_PIECLAM_020425/experiments/../clamiter.py:365:::  
staring fit_feats for 10000 iterations


/home/daniel.z/ICML_PIECLAM_020425/experiments/../trainer.py:454:::  

train_model_on_params on bigclam photo 
took 46.871240854263306 seconds


/home/daniel.z/ICML_PIECLAM_020425/experiments/optimization_utils.py:655:::  
Repetition no. 0


/home/daniel.z/ICML_PIECLAM_020425/experiments/../trainer.py:161:::  

Using dataset specific configuration and not global 




/home/daniel.z/ICML_PIECLAM_020425/experiments/../trainer.py:335:::  

 2025-05-24 07:58:43 starting optimization of bigclam on photo on device cuda

 configs_dict: 
{
    "clamiter_init": {
        "dim_feat": 50,
        "dim_attr": 500,
        "s_reg": 0.0,
        "l1_reg": 1,
        "T": 1,
        "hidden_dim": 64,
        "num_coupling_blocks": 32,
        "num_layers_mlp": 2
    },
    "feat_opt": {
        "lr": 2e-06,
        "n_iter": 7000,
        "early_stop": 0
    }
}


/home/daniel.z/ICML_PIECLAM_020425/experiments/../clamiter.py:365:::  
staring fit_feats for 7000 iterations


/home/daniel.z/ICML_PIECLAM_020425/experiments/../trainer.py:454:::  

train_model_on_params on bigclam photo 
took 32.85572624206543 seconds


/home/daniel.z/ICML_PIECLAM_020425/experiments/optimization_utils.py:655:::  
Repetition no. 1


/home/daniel.z/ICML_PIECLAM_020425/experiments/../trainer.py:161:::  

Using dataset specific configuration and not global 




/home/daniel.z/ICML_PIECLAM_020425/experiments/../trainer.py:335:::  

 2025-05-24 07:59:16 starting optimization of bigclam on photo on device cuda

 configs_dict: 
{
    "clamiter_init": {
        "dim_feat": 50,
        "dim_attr": 500,
        "s_reg": 0.0,
        "l1_reg": 1,
        "T": 1,
        "hidden_dim": 64,
        "num_coupling_blocks": 32,
        "num_layers_mlp": 2
    },
    "feat_opt": {
        "lr": 2e-06,
        "n_iter": 7000,
        "early_stop": 0
    }
}


/home/daniel.z/ICML_PIECLAM_020425/experiments/../clamiter.py:365:::  
staring fit_feats for 7000 iterations


/home/daniel.z/ICML_PIECLAM_020425/experiments/../trainer.py:454:::  

train_model_on_params on bigclam photo 
took 32.88232398033142 seconds


/home/daniel.z/ICML_PIECLAM_020425/experiments/optimization_utils.py:655:::  
Repetition no. 2


/home/daniel.z/ICML_PIECLAM_020425/experiments/../trainer.py:161:::  

Using dataset specific configuration and not global 




/home/daniel.z/ICML_PIECLAM_020425/experiments/../trainer.py:335:::  

 2025-05-24 07:59:49 starting optimization of bigclam on photo on device cuda

 configs_dict: 
{
    "clamiter_init": {
        "dim_feat": 50,
        "dim_attr": 500,
        "s_reg": 0.0,
        "l1_reg": 1,
        "T": 1,
        "hidden_dim": 64,
        "num_coupling_blocks": 32,
        "num_layers_mlp": 2
    },
    "feat_opt": {
        "lr": 2e-06,
        "n_iter": 7000,
        "early_stop": 0
    }
}


/home/daniel.z/ICML_PIECLAM_020425/experiments/../clamiter.py:365:::  
staring fit_feats for 7000 iterations


/home/daniel.z/ICML_PIECLAM_020425/experiments/../trainer.py:454:::  

train_model_on_params on bigclam photo 
took 32.836525678634644 seconds


/home/daniel.z/ICML_PIECLAM_020425/experiments/optimization_utils.py:655:::  
Repetition no. 0


/home/daniel.z/ICML_PIECLAM_020425/experiments/../trainer.py:161:::  

Using dataset specific configuration and not global 




/home/daniel.z/ICML_PIECLAM_020425/experiments/../trainer.py:335:::  

 2025-05-24 08:00:22 starting optimization of bigclam on photo on device cuda

 configs_dict: 
{
    "clamiter_init": {
        "dim_feat": 60,
        "dim_attr": 500,
        "s_reg": 0.0,
        "l1_reg": 1,
        "T": 1,
        "hidden_dim": 64,
        "num_coupling_blocks": 32,
        "num_layers_mlp": 2
    },
    "feat_opt": {
        "lr": 5e-06,
        "n_iter": 13000,
        "early_stop": 0
    }
}


/home/daniel.z/ICML_PIECLAM_020425/experiments/../clamiter.py:365:::  
staring fit_feats for 13000 iterations


/home/daniel.z/ICML_PIECLAM_020425/experiments/../trainer.py:454:::  

train_model_on_params on bigclam photo 
took 70.07847809791565 seconds


/home/daniel.z/ICML_PIECLAM_020425/experiments/optimization_utils.py:655:::  
Repetition no. 1


/home/daniel.z/ICML_PIECLAM_020425/experiments/../trainer.py:161:::  

Using dataset specific configuration and not global 




/home/daniel.z/ICML_PIECLAM_020425/experiments/../trainer.py:335:::  

 2025-05-24 08:01:33 starting optimization of bigclam on photo on device cuda

 configs_dict: 
{
    "clamiter_init": {
        "dim_feat": 60,
        "dim_attr": 500,
        "s_reg": 0.0,
        "l1_reg": 1,
        "T": 1,
        "hidden_dim": 64,
        "num_coupling_blocks": 32,
        "num_layers_mlp": 2
    },
    "feat_opt": {
        "lr": 5e-06,
        "n_iter": 13000,
        "early_stop": 0
    }
}


/home/daniel.z/ICML_PIECLAM_020425/experiments/../clamiter.py:365:::  
staring fit_feats for 13000 iterations


/home/daniel.z/ICML_PIECLAM_020425/experiments/../trainer.py:454:::  

train_model_on_params on bigclam photo 
took 70.08395886421204 seconds


/home/daniel.z/ICML_PIECLAM_020425/experiments/optimization_utils.py:655:::  
Repetition no. 2


/home/daniel.z/ICML_PIECLAM_020425/experiments/../trainer.py:161:::  

Using dataset specific configuration and not global 




/home/daniel.z/ICML_PIECLAM_020425/experiments/../trainer.py:335:::  

 2025-05-24 08:02:43 starting optimization of bigclam on photo on device cuda

 configs_dict: 
{
    "clamiter_init": {
        "dim_feat": 60,
        "dim_attr": 500,
        "s_reg": 0.0,
        "l1_reg": 1,
        "T": 1,
        "hidden_dim": 64,
        "num_coupling_blocks": 32,
        "num_layers_mlp": 2
    },
    "feat_opt": {
        "lr": 5e-06,
        "n_iter": 13000,
        "early_stop": 0
    }
}


/home/daniel.z/ICML_PIECLAM_020425/experiments/../clamiter.py:365:::  
staring fit_feats for 13000 iterations


/home/daniel.z/ICML_PIECLAM_020425/experiments/../trainer.py:454:::  

train_model_on_params on bigclam photo 
took 70.03891897201538 seconds


/home/daniel.z/ICML_PIECLAM_020425/experiments/optimization_utils.py:655:::  
Repetition no. 0


/home/daniel.z/ICML_PIECLAM_020425/experiments/../trainer.py:161:::  

Using dataset specific configuration and not global 




/home/daniel.z/ICML_PIECLAM_020425/experiments/../trainer.py:335:::  

 2025-05-24 08:03:53 starting optimization of bigclam on photo on device cuda

 configs_dict: 
{
    "clamiter_init": {
        "dim_feat": 60,
        "dim_attr": 500,
        "s_reg": 0.0,
        "l1_reg": 1,
        "T": 1,
        "hidden_dim": 64,
        "num_coupling_blocks": 32,
        "num_layers_mlp": 2
    },
    "feat_opt": {
        "lr": 3e-06,
        "n_iter": 7000,
        "early_stop": 0
    }
}


/home/daniel.z/ICML_PIECLAM_020425/experiments/../clamiter.py:365:::  
staring fit_feats for 7000 iterations


/home/daniel.z/ICML_PIECLAM_020425/experiments/../trainer.py:454:::  

train_model_on_params on bigclam photo 
took 37.71769881248474 seconds


/home/daniel.z/ICML_PIECLAM_020425/experiments/optimization_utils.py:655:::  
Repetition no. 1


/home/daniel.z/ICML_PIECLAM_020425/experiments/../trainer.py:161:::  

Using dataset specific configuration and not global 




/home/daniel.z/ICML_PIECLAM_020425/experiments/../trainer.py:335:::  

 2025-05-24 08:04:31 starting optimization of bigclam on photo on device cuda

 configs_dict: 
{
    "clamiter_init": {
        "dim_feat": 60,
        "dim_attr": 500,
        "s_reg": 0.0,
        "l1_reg": 1,
        "T": 1,
        "hidden_dim": 64,
        "num_coupling_blocks": 32,
        "num_layers_mlp": 2
    },
    "feat_opt": {
        "lr": 3e-06,
        "n_iter": 7000,
        "early_stop": 0
    }
}


/home/daniel.z/ICML_PIECLAM_020425/experiments/../clamiter.py:365:::  
staring fit_feats for 7000 iterations


/home/daniel.z/ICML_PIECLAM_020425/experiments/../trainer.py:454:::  

train_model_on_params on bigclam photo 
took 37.76505255699158 seconds


/home/daniel.z/ICML_PIECLAM_020425/experiments/optimization_utils.py:655:::  
Repetition no. 2


/home/daniel.z/ICML_PIECLAM_020425/experiments/../trainer.py:161:::  

Using dataset specific configuration and not global 




/home/daniel.z/ICML_PIECLAM_020425/experiments/../trainer.py:335:::  

 2025-05-24 08:05:10 starting optimization of bigclam on photo on device cuda

 configs_dict: 
{
    "clamiter_init": {
        "dim_feat": 60,
        "dim_attr": 500,
        "s_reg": 0.0,
        "l1_reg": 1,
        "T": 1,
        "hidden_dim": 64,
        "num_coupling_blocks": 32,
        "num_layers_mlp": 2
    },
    "feat_opt": {
        "lr": 3e-06,
        "n_iter": 7000,
        "early_stop": 0
    }
}


/home/daniel.z/ICML_PIECLAM_020425/experiments/../clamiter.py:365:::  
staring fit_feats for 7000 iterations


/home/daniel.z/ICML_PIECLAM_020425/experiments/../trainer.py:454:::  

train_model_on_params on bigclam photo 
took 37.759167194366455 seconds


/home/daniel.z/ICML_PIECLAM_020425/experiments/optimization_utils.py:655:::  
Repetition no. 0


/home/daniel.z/ICML_PIECLAM_020425/experiments/../trainer.py:161:::  

Using dataset specific configuration and not global 




/home/daniel.z/ICML_PIECLAM_020425/experiments/../trainer.py:335:::  

 2025-05-24 08:05:48 starting optimization of bigclam on photo on device cuda

 configs_dict: 
{
    "clamiter_init": {
        "dim_feat": 40,
        "dim_attr": 500,
        "s_reg": 0.0,
        "l1_reg": 1,
        "T": 1,
        "hidden_dim": 64,
        "num_coupling_blocks": 32,
        "num_layers_mlp": 2
    },
    "feat_opt": {
        "lr": 2e-06,
        "n_iter": 13000,
        "early_stop": 0
    }
}


/home/daniel.z/ICML_PIECLAM_020425/experiments/../clamiter.py:365:::  
staring fit_feats for 13000 iterations


/home/daniel.z/ICML_PIECLAM_020425/experiments/../trainer.py:454:::  

train_model_on_params on bigclam photo 
took 50.81318712234497 seconds


/home/daniel.z/ICML_PIECLAM_020425/experiments/optimization_utils.py:655:::  
Repetition no. 1


/home/daniel.z/ICML_PIECLAM_020425/experiments/../trainer.py:161:::  

Using dataset specific configuration and not global 




/home/daniel.z/ICML_PIECLAM_020425/experiments/../trainer.py:335:::  

 2025-05-24 08:06:39 starting optimization of bigclam on photo on device cuda

 configs_dict: 
{
    "clamiter_init": {
        "dim_feat": 40,
        "dim_attr": 500,
        "s_reg": 0.0,
        "l1_reg": 1,
        "T": 1,
        "hidden_dim": 64,
        "num_coupling_blocks": 32,
        "num_layers_mlp": 2
    },
    "feat_opt": {
        "lr": 2e-06,
        "n_iter": 13000,
        "early_stop": 0
    }
}


/home/daniel.z/ICML_PIECLAM_020425/experiments/../clamiter.py:365:::  
staring fit_feats for 13000 iterations


/home/daniel.z/ICML_PIECLAM_020425/experiments/../trainer.py:454:::  

train_model_on_params on bigclam photo 
took 50.78987097740173 seconds


/home/daniel.z/ICML_PIECLAM_020425/experiments/optimization_utils.py:655:::  
Repetition no. 2


/home/daniel.z/ICML_PIECLAM_020425/experiments/../trainer.py:161:::  

Using dataset specific configuration and not global 




/home/daniel.z/ICML_PIECLAM_020425/experiments/../trainer.py:335:::  

 2025-05-24 08:07:30 starting optimization of bigclam on photo on device cuda

 configs_dict: 
{
    "clamiter_init": {
        "dim_feat": 40,
        "dim_attr": 500,
        "s_reg": 0.0,
        "l1_reg": 1,
        "T": 1,
        "hidden_dim": 64,
        "num_coupling_blocks": 32,
        "num_layers_mlp": 2
    },
    "feat_opt": {
        "lr": 2e-06,
        "n_iter": 13000,
        "early_stop": 0
    }
}


/home/daniel.z/ICML_PIECLAM_020425/experiments/../clamiter.py:365:::  
staring fit_feats for 13000 iterations


/home/daniel.z/ICML_PIECLAM_020425/experiments/../trainer.py:454:::  

train_model_on_params on bigclam photo 
took 50.75765085220337 seconds


/home/daniel.z/ICML_PIECLAM_020425/experiments/optimization_utils.py:655:::  
Repetition no. 0


/home/daniel.z/ICML_PIECLAM_020425/experiments/../trainer.py:161:::  

Using dataset specific configuration and not global 




/home/daniel.z/ICML_PIECLAM_020425/experiments/../trainer.py:335:::  

 2025-05-24 08:08:21 starting optimization of bigclam on photo on device cuda

 configs_dict: 
{
    "clamiter_init": {
        "dim_feat": 40,
        "dim_attr": 500,
        "s_reg": 0.0,
        "l1_reg": 1,
        "T": 1,
        "hidden_dim": 64,
        "num_coupling_blocks": 32,
        "num_layers_mlp": 2
    },
    "feat_opt": {
        "lr": 5e-06,
        "n_iter": 10000,
        "early_stop": 0
    }
}


/home/daniel.z/ICML_PIECLAM_020425/experiments/../clamiter.py:365:::  
staring fit_feats for 10000 iterations


/home/daniel.z/ICML_PIECLAM_020425/experiments/../trainer.py:454:::  

train_model_on_params on bigclam photo 
took 39.094162940979004 seconds


/home/daniel.z/ICML_PIECLAM_020425/experiments/optimization_utils.py:655:::  
Repetition no. 1


/home/daniel.z/ICML_PIECLAM_020425/experiments/../trainer.py:161:::  

Using dataset specific configuration and not global 




/home/daniel.z/ICML_PIECLAM_020425/experiments/../trainer.py:335:::  

 2025-05-24 08:09:00 starting optimization of bigclam on photo on device cuda

 configs_dict: 
{
    "clamiter_init": {
        "dim_feat": 40,
        "dim_attr": 500,
        "s_reg": 0.0,
        "l1_reg": 1,
        "T": 1,
        "hidden_dim": 64,
        "num_coupling_blocks": 32,
        "num_layers_mlp": 2
    },
    "feat_opt": {
        "lr": 5e-06,
        "n_iter": 10000,
        "early_stop": 0
    }
}


/home/daniel.z/ICML_PIECLAM_020425/experiments/../clamiter.py:365:::  
staring fit_feats for 10000 iterations


/home/daniel.z/ICML_PIECLAM_020425/experiments/../trainer.py:454:::  

train_model_on_params on bigclam photo 
took 39.146560192108154 seconds


/home/daniel.z/ICML_PIECLAM_020425/experiments/optimization_utils.py:655:::  
Repetition no. 2


/home/daniel.z/ICML_PIECLAM_020425/experiments/../trainer.py:161:::  

Using dataset specific configuration and not global 




/home/daniel.z/ICML_PIECLAM_020425/experiments/../trainer.py:335:::  

 2025-05-24 08:09:40 starting optimization of bigclam on photo on device cuda

 configs_dict: 
{
    "clamiter_init": {
        "dim_feat": 40,
        "dim_attr": 500,
        "s_reg": 0.0,
        "l1_reg": 1,
        "T": 1,
        "hidden_dim": 64,
        "num_coupling_blocks": 32,
        "num_layers_mlp": 2
    },
    "feat_opt": {
        "lr": 5e-06,
        "n_iter": 10000,
        "early_stop": 0
    }
}


/home/daniel.z/ICML_PIECLAM_020425/experiments/../clamiter.py:365:::  
staring fit_feats for 10000 iterations


/home/daniel.z/ICML_PIECLAM_020425/experiments/../trainer.py:454:::  

train_model_on_params on bigclam photo 
took 39.087135314941406 seconds


/home/daniel.z/ICML_PIECLAM_020425/experiments/optimization_utils.py:655:::  
Repetition no. 0


/home/daniel.z/ICML_PIECLAM_020425/experiments/../trainer.py:161:::  

Using dataset specific configuration and not global 




/home/daniel.z/ICML_PIECLAM_020425/experiments/../trainer.py:335:::  

 2025-05-24 08:10:19 starting optimization of bigclam on photo on device cuda

 configs_dict: 
{
    "clamiter_init": {
        "dim_feat": 50,
        "dim_attr": 500,
        "s_reg": 0.0,
        "l1_reg": 1,
        "T": 1,
        "hidden_dim": 64,
        "num_coupling_blocks": 32,
        "num_layers_mlp": 2
    },
    "feat_opt": {
        "lr": 3e-06,
        "n_iter": 7000,
        "early_stop": 0
    }
}


/home/daniel.z/ICML_PIECLAM_020425/experiments/../clamiter.py:365:::  
staring fit_feats for 7000 iterations


/home/daniel.z/ICML_PIECLAM_020425/experiments/../trainer.py:454:::  

train_model_on_params on bigclam photo 
took 32.79293251037598 seconds


/home/daniel.z/ICML_PIECLAM_020425/experiments/optimization_utils.py:655:::  
Repetition no. 1


/home/daniel.z/ICML_PIECLAM_020425/experiments/../trainer.py:161:::  

Using dataset specific configuration and not global 




/home/daniel.z/ICML_PIECLAM_020425/experiments/../trainer.py:335:::  

 2025-05-24 08:10:52 starting optimization of bigclam on photo on device cuda

 configs_dict: 
{
    "clamiter_init": {
        "dim_feat": 50,
        "dim_attr": 500,
        "s_reg": 0.0,
        "l1_reg": 1,
        "T": 1,
        "hidden_dim": 64,
        "num_coupling_blocks": 32,
        "num_layers_mlp": 2
    },
    "feat_opt": {
        "lr": 3e-06,
        "n_iter": 7000,
        "early_stop": 0
    }
}


/home/daniel.z/ICML_PIECLAM_020425/experiments/../clamiter.py:365:::  
staring fit_feats for 7000 iterations


/home/daniel.z/ICML_PIECLAM_020425/experiments/../trainer.py:454:::  

train_model_on_params on bigclam photo 
took 32.75052285194397 seconds


/home/daniel.z/ICML_PIECLAM_020425/experiments/optimization_utils.py:655:::  
Repetition no. 2


/home/daniel.z/ICML_PIECLAM_020425/experiments/../trainer.py:161:::  

Using dataset specific configuration and not global 




/home/daniel.z/ICML_PIECLAM_020425/experiments/../trainer.py:335:::  

 2025-05-24 08:11:25 starting optimization of bigclam on photo on device cuda

 configs_dict: 
{
    "clamiter_init": {
        "dim_feat": 50,
        "dim_attr": 500,
        "s_reg": 0.0,
        "l1_reg": 1,
        "T": 1,
        "hidden_dim": 64,
        "num_coupling_blocks": 32,
        "num_layers_mlp": 2
    },
    "feat_opt": {
        "lr": 3e-06,
        "n_iter": 7000,
        "early_stop": 0
    }
}


/home/daniel.z/ICML_PIECLAM_020425/experiments/../clamiter.py:365:::  
staring fit_feats for 7000 iterations


/home/daniel.z/ICML_PIECLAM_020425/experiments/../trainer.py:454:::  

train_model_on_params on bigclam photo 
took 32.80661344528198 seconds


/home/daniel.z/ICML_PIECLAM_020425/experiments/optimization_utils.py:655:::  
Repetition no. 0


/home/daniel.z/ICML_PIECLAM_020425/experiments/../trainer.py:161:::  

Using dataset specific configuration and not global 




/home/daniel.z/ICML_PIECLAM_020425/experiments/../trainer.py:335:::  

 2025-05-24 08:11:58 starting optimization of bigclam on photo on device cuda

 configs_dict: 
{
    "clamiter_init": {
        "dim_feat": 50,
        "dim_attr": 500,
        "s_reg": 0.0,
        "l1_reg": 1,
        "T": 1,
        "hidden_dim": 64,
        "num_coupling_blocks": 32,
        "num_layers_mlp": 2
    },
    "feat_opt": {
        "lr": 2e-06,
        "n_iter": 13000,
        "early_stop": 0
    }
}


/home/daniel.z/ICML_PIECLAM_020425/experiments/../clamiter.py:365:::  
staring fit_feats for 13000 iterations


/home/daniel.z/ICML_PIECLAM_020425/experiments/../trainer.py:454:::  

train_model_on_params on bigclam photo 
took 60.731460094451904 seconds


/home/daniel.z/ICML_PIECLAM_020425/experiments/optimization_utils.py:655:::  
Repetition no. 1


/home/daniel.z/ICML_PIECLAM_020425/experiments/../trainer.py:161:::  

Using dataset specific configuration and not global 




/home/daniel.z/ICML_PIECLAM_020425/experiments/../trainer.py:335:::  

 2025-05-24 08:12:59 starting optimization of bigclam on photo on device cuda

 configs_dict: 
{
    "clamiter_init": {
        "dim_feat": 50,
        "dim_attr": 500,
        "s_reg": 0.0,
        "l1_reg": 1,
        "T": 1,
        "hidden_dim": 64,
        "num_coupling_blocks": 32,
        "num_layers_mlp": 2
    },
    "feat_opt": {
        "lr": 2e-06,
        "n_iter": 13000,
        "early_stop": 0
    }
}


/home/daniel.z/ICML_PIECLAM_020425/experiments/../clamiter.py:365:::  
staring fit_feats for 13000 iterations


/home/daniel.z/ICML_PIECLAM_020425/experiments/../trainer.py:454:::  

train_model_on_params on bigclam photo 
took 60.77033042907715 seconds


/home/daniel.z/ICML_PIECLAM_020425/experiments/optimization_utils.py:655:::  
Repetition no. 2


/home/daniel.z/ICML_PIECLAM_020425/experiments/../trainer.py:161:::  

Using dataset specific configuration and not global 




/home/daniel.z/ICML_PIECLAM_020425/experiments/../trainer.py:335:::  

 2025-05-24 08:14:00 starting optimization of bigclam on photo on device cuda

 configs_dict: 
{
    "clamiter_init": {
        "dim_feat": 50,
        "dim_attr": 500,
        "s_reg": 0.0,
        "l1_reg": 1,
        "T": 1,
        "hidden_dim": 64,
        "num_coupling_blocks": 32,
        "num_layers_mlp": 2
    },
    "feat_opt": {
        "lr": 2e-06,
        "n_iter": 13000,
        "early_stop": 0
    }
}


/home/daniel.z/ICML_PIECLAM_020425/experiments/../clamiter.py:365:::  
staring fit_feats for 13000 iterations


/home/daniel.z/ICML_PIECLAM_020425/experiments/../trainer.py:454:::  

train_model_on_params on bigclam photo 
took 60.71415090560913 seconds


/home/daniel.z/ICML_PIECLAM_020425/experiments/optimization_utils.py:655:::  
Repetition no. 0


/home/daniel.z/ICML_PIECLAM_020425/experiments/../trainer.py:161:::  

Using dataset specific configuration and not global 




/home/daniel.z/ICML_PIECLAM_020425/experiments/../trainer.py:335:::  

 2025-05-24 08:15:01 starting optimization of bigclam on photo on device cuda

 configs_dict: 
{
    "clamiter_init": {
        "dim_feat": 60,
        "dim_attr": 500,
        "s_reg": 0.0,
        "l1_reg": 1,
        "T": 1,
        "hidden_dim": 64,
        "num_coupling_blocks": 32,
        "num_layers_mlp": 2
    },
    "feat_opt": {
        "lr": 3e-06,
        "n_iter": 10000,
        "early_stop": 0
    }
}


/home/daniel.z/ICML_PIECLAM_020425/experiments/../clamiter.py:365:::  
staring fit_feats for 10000 iterations


/home/daniel.z/ICML_PIECLAM_020425/experiments/../trainer.py:454:::  

train_model_on_params on bigclam photo 
took 53.9188392162323 seconds


/home/daniel.z/ICML_PIECLAM_020425/experiments/optimization_utils.py:655:::  
Repetition no. 1


/home/daniel.z/ICML_PIECLAM_020425/experiments/../trainer.py:161:::  

Using dataset specific configuration and not global 




/home/daniel.z/ICML_PIECLAM_020425/experiments/../trainer.py:335:::  

 2025-05-24 08:15:55 starting optimization of bigclam on photo on device cuda

 configs_dict: 
{
    "clamiter_init": {
        "dim_feat": 60,
        "dim_attr": 500,
        "s_reg": 0.0,
        "l1_reg": 1,
        "T": 1,
        "hidden_dim": 64,
        "num_coupling_blocks": 32,
        "num_layers_mlp": 2
    },
    "feat_opt": {
        "lr": 3e-06,
        "n_iter": 10000,
        "early_stop": 0
    }
}


/home/daniel.z/ICML_PIECLAM_020425/experiments/../clamiter.py:365:::  
staring fit_feats for 10000 iterations


/home/daniel.z/ICML_PIECLAM_020425/experiments/../trainer.py:454:::  

train_model_on_params on bigclam photo 
took 53.90077567100525 seconds


/home/daniel.z/ICML_PIECLAM_020425/experiments/optimization_utils.py:655:::  
Repetition no. 2


/home/daniel.z/ICML_PIECLAM_020425/experiments/../trainer.py:161:::  

Using dataset specific configuration and not global 




/home/daniel.z/ICML_PIECLAM_020425/experiments/../trainer.py:335:::  

 2025-05-24 08:16:49 starting optimization of bigclam on photo on device cuda

 configs_dict: 
{
    "clamiter_init": {
        "dim_feat": 60,
        "dim_attr": 500,
        "s_reg": 0.0,
        "l1_reg": 1,
        "T": 1,
        "hidden_dim": 64,
        "num_coupling_blocks": 32,
        "num_layers_mlp": 2
    },
    "feat_opt": {
        "lr": 3e-06,
        "n_iter": 10000,
        "early_stop": 0
    }
}


/home/daniel.z/ICML_PIECLAM_020425/experiments/../clamiter.py:365:::  
staring fit_feats for 10000 iterations


/home/daniel.z/ICML_PIECLAM_020425/experiments/../trainer.py:454:::  

train_model_on_params on bigclam photo 
took 53.91661095619202 seconds


/home/daniel.z/ICML_PIECLAM_020425/experiments/optimization_utils.py:655:::  
Repetition no. 0


/home/daniel.z/ICML_PIECLAM_020425/experiments/../trainer.py:161:::  

Using dataset specific configuration and not global 




/home/daniel.z/ICML_PIECLAM_020425/experiments/../trainer.py:335:::  

 2025-05-24 08:17:44 starting optimization of bigclam on photo on device cuda

 configs_dict: 
{
    "clamiter_init": {
        "dim_feat": 50,
        "dim_attr": 500,
        "s_reg": 0.0,
        "l1_reg": 1,
        "T": 1,
        "hidden_dim": 64,
        "num_coupling_blocks": 32,
        "num_layers_mlp": 2
    },
    "feat_opt": {
        "lr": 5e-06,
        "n_iter": 7000,
        "early_stop": 0
    }
}


/home/daniel.z/ICML_PIECLAM_020425/experiments/../clamiter.py:365:::  
staring fit_feats for 7000 iterations


/home/daniel.z/ICML_PIECLAM_020425/experiments/../trainer.py:454:::  

train_model_on_params on bigclam photo 
took 32.77092885971069 seconds


/home/daniel.z/ICML_PIECLAM_020425/experiments/optimization_utils.py:655:::  
Repetition no. 1


/home/daniel.z/ICML_PIECLAM_020425/experiments/../trainer.py:161:::  

Using dataset specific configuration and not global 




/home/daniel.z/ICML_PIECLAM_020425/experiments/../trainer.py:335:::  

 2025-05-24 08:18:17 starting optimization of bigclam on photo on device cuda

 configs_dict: 
{
    "clamiter_init": {
        "dim_feat": 50,
        "dim_attr": 500,
        "s_reg": 0.0,
        "l1_reg": 1,
        "T": 1,
        "hidden_dim": 64,
        "num_coupling_blocks": 32,
        "num_layers_mlp": 2
    },
    "feat_opt": {
        "lr": 5e-06,
        "n_iter": 7000,
        "early_stop": 0
    }
}


/home/daniel.z/ICML_PIECLAM_020425/experiments/../clamiter.py:365:::  
staring fit_feats for 7000 iterations


/home/daniel.z/ICML_PIECLAM_020425/experiments/../trainer.py:454:::  

train_model_on_params on bigclam photo 
took 32.79040718078613 seconds


/home/daniel.z/ICML_PIECLAM_020425/experiments/optimization_utils.py:655:::  
Repetition no. 2


/home/daniel.z/ICML_PIECLAM_020425/experiments/../trainer.py:161:::  

Using dataset specific configuration and not global 




/home/daniel.z/ICML_PIECLAM_020425/experiments/../trainer.py:335:::  

 2025-05-24 08:18:50 starting optimization of bigclam on photo on device cuda

 configs_dict: 
{
    "clamiter_init": {
        "dim_feat": 50,
        "dim_attr": 500,
        "s_reg": 0.0,
        "l1_reg": 1,
        "T": 1,
        "hidden_dim": 64,
        "num_coupling_blocks": 32,
        "num_layers_mlp": 2
    },
    "feat_opt": {
        "lr": 5e-06,
        "n_iter": 7000,
        "early_stop": 0
    }
}


/home/daniel.z/ICML_PIECLAM_020425/experiments/../clamiter.py:365:::  
staring fit_feats for 7000 iterations


/home/daniel.z/ICML_PIECLAM_020425/experiments/../trainer.py:454:::  

train_model_on_params on bigclam photo 
took 32.76291275024414 seconds


/home/daniel.z/ICML_PIECLAM_020425/experiments/optimization_utils.py:655:::  
Repetition no. 0


/home/daniel.z/ICML_PIECLAM_020425/experiments/../trainer.py:161:::  

Using dataset specific configuration and not global 




/home/daniel.z/ICML_PIECLAM_020425/experiments/../trainer.py:335:::  

 2025-05-24 08:19:23 starting optimization of bigclam on photo on device cuda

 configs_dict: 
{
    "clamiter_init": {
        "dim_feat": 60,
        "dim_attr": 500,
        "s_reg": 0.0,
        "l1_reg": 1,
        "T": 1,
        "hidden_dim": 64,
        "num_coupling_blocks": 32,
        "num_layers_mlp": 2
    },
    "feat_opt": {
        "lr": 2e-06,
        "n_iter": 7000,
        "early_stop": 0
    }
}


/home/daniel.z/ICML_PIECLAM_020425/experiments/../clamiter.py:365:::  
staring fit_feats for 7000 iterations


/home/daniel.z/ICML_PIECLAM_020425/experiments/../trainer.py:454:::  

train_model_on_params on bigclam photo 
took 37.78123927116394 seconds


/home/daniel.z/ICML_PIECLAM_020425/experiments/optimization_utils.py:655:::  
Repetition no. 1


/home/daniel.z/ICML_PIECLAM_020425/experiments/../trainer.py:161:::  

Using dataset specific configuration and not global 




/home/daniel.z/ICML_PIECLAM_020425/experiments/../trainer.py:335:::  

 2025-05-24 08:20:01 starting optimization of bigclam on photo on device cuda

 configs_dict: 
{
    "clamiter_init": {
        "dim_feat": 60,
        "dim_attr": 500,
        "s_reg": 0.0,
        "l1_reg": 1,
        "T": 1,
        "hidden_dim": 64,
        "num_coupling_blocks": 32,
        "num_layers_mlp": 2
    },
    "feat_opt": {
        "lr": 2e-06,
        "n_iter": 7000,
        "early_stop": 0
    }
}


/home/daniel.z/ICML_PIECLAM_020425/experiments/../clamiter.py:365:::  
staring fit_feats for 7000 iterations


/home/daniel.z/ICML_PIECLAM_020425/experiments/../trainer.py:454:::  

train_model_on_params on bigclam photo 
took 37.776143312454224 seconds


/home/daniel.z/ICML_PIECLAM_020425/experiments/optimization_utils.py:655:::  
Repetition no. 2


/home/daniel.z/ICML_PIECLAM_020425/experiments/../trainer.py:161:::  

Using dataset specific configuration and not global 




/home/daniel.z/ICML_PIECLAM_020425/experiments/../trainer.py:335:::  

 2025-05-24 08:20:39 starting optimization of bigclam on photo on device cuda

 configs_dict: 
{
    "clamiter_init": {
        "dim_feat": 60,
        "dim_attr": 500,
        "s_reg": 0.0,
        "l1_reg": 1,
        "T": 1,
        "hidden_dim": 64,
        "num_coupling_blocks": 32,
        "num_layers_mlp": 2
    },
    "feat_opt": {
        "lr": 2e-06,
        "n_iter": 7000,
        "early_stop": 0
    }
}


/home/daniel.z/ICML_PIECLAM_020425/experiments/../clamiter.py:365:::  
staring fit_feats for 7000 iterations


/home/daniel.z/ICML_PIECLAM_020425/experiments/../trainer.py:454:::  

train_model_on_params on bigclam photo 
took 37.80077624320984 seconds


/home/daniel.z/ICML_PIECLAM_020425/experiments/optimization_utils.py:655:::  
Repetition no. 0


/home/daniel.z/ICML_PIECLAM_020425/experiments/../trainer.py:161:::  

Using dataset specific configuration and not global 




/home/daniel.z/ICML_PIECLAM_020425/experiments/../trainer.py:335:::  

 2025-05-24 08:21:17 starting optimization of bigclam on photo on device cuda

 configs_dict: 
{
    "clamiter_init": {
        "dim_feat": 40,
        "dim_attr": 500,
        "s_reg": 0.0,
        "l1_reg": 1,
        "T": 1,
        "hidden_dim": 64,
        "num_coupling_blocks": 32,
        "num_layers_mlp": 2
    },
    "feat_opt": {
        "lr": 3e-06,
        "n_iter": 7000,
        "early_stop": 0
    }
}


/home/daniel.z/ICML_PIECLAM_020425/experiments/../clamiter.py:365:::  
staring fit_feats for 7000 iterations


/home/daniel.z/ICML_PIECLAM_020425/experiments/../trainer.py:454:::  

train_model_on_params on bigclam photo 
took 27.41975998878479 seconds


/home/daniel.z/ICML_PIECLAM_020425/experiments/optimization_utils.py:655:::  
Repetition no. 1


/home/daniel.z/ICML_PIECLAM_020425/experiments/../trainer.py:161:::  

Using dataset specific configuration and not global 




/home/daniel.z/ICML_PIECLAM_020425/experiments/../trainer.py:335:::  

 2025-05-24 08:21:45 starting optimization of bigclam on photo on device cuda

 configs_dict: 
{
    "clamiter_init": {
        "dim_feat": 40,
        "dim_attr": 500,
        "s_reg": 0.0,
        "l1_reg": 1,
        "T": 1,
        "hidden_dim": 64,
        "num_coupling_blocks": 32,
        "num_layers_mlp": 2
    },
    "feat_opt": {
        "lr": 3e-06,
        "n_iter": 7000,
        "early_stop": 0
    }
}


/home/daniel.z/ICML_PIECLAM_020425/experiments/../clamiter.py:365:::  
staring fit_feats for 7000 iterations


/home/daniel.z/ICML_PIECLAM_020425/experiments/../trainer.py:454:::  

train_model_on_params on bigclam photo 
took 27.451849937438965 seconds


/home/daniel.z/ICML_PIECLAM_020425/experiments/optimization_utils.py:655:::  
Repetition no. 2


/home/daniel.z/ICML_PIECLAM_020425/experiments/../trainer.py:161:::  

Using dataset specific configuration and not global 




/home/daniel.z/ICML_PIECLAM_020425/experiments/../trainer.py:335:::  

 2025-05-24 08:22:12 starting optimization of bigclam on photo on device cuda

 configs_dict: 
{
    "clamiter_init": {
        "dim_feat": 40,
        "dim_attr": 500,
        "s_reg": 0.0,
        "l1_reg": 1,
        "T": 1,
        "hidden_dim": 64,
        "num_coupling_blocks": 32,
        "num_layers_mlp": 2
    },
    "feat_opt": {
        "lr": 3e-06,
        "n_iter": 7000,
        "early_stop": 0
    }
}


/home/daniel.z/ICML_PIECLAM_020425/experiments/../clamiter.py:365:::  
staring fit_feats for 7000 iterations


/home/daniel.z/ICML_PIECLAM_020425/experiments/../trainer.py:454:::  

train_model_on_params on bigclam photo 
took 27.460860013961792 seconds


/home/daniel.z/ICML_PIECLAM_020425/experiments/optimization_utils.py:655:::  
Repetition no. 0


/home/daniel.z/ICML_PIECLAM_020425/experiments/../trainer.py:161:::  

Using dataset specific configuration and not global 




/home/daniel.z/ICML_PIECLAM_020425/experiments/../trainer.py:335:::  

 2025-05-24 08:22:40 starting optimization of bigclam on photo on device cuda

 configs_dict: 
{
    "clamiter_init": {
        "dim_feat": 50,
        "dim_attr": 500,
        "s_reg": 0.0,
        "l1_reg": 1,
        "T": 1,
        "hidden_dim": 64,
        "num_coupling_blocks": 32,
        "num_layers_mlp": 2
    },
    "feat_opt": {
        "lr": 5e-06,
        "n_iter": 10000,
        "early_stop": 0
    }
}


/home/daniel.z/ICML_PIECLAM_020425/experiments/../clamiter.py:365:::  
staring fit_feats for 10000 iterations


/home/daniel.z/ICML_PIECLAM_020425/experiments/../trainer.py:454:::  

train_model_on_params on bigclam photo 
took 46.808430671691895 seconds


/home/daniel.z/ICML_PIECLAM_020425/experiments/optimization_utils.py:655:::  
Repetition no. 1


/home/daniel.z/ICML_PIECLAM_020425/experiments/../trainer.py:161:::  

Using dataset specific configuration and not global 




/home/daniel.z/ICML_PIECLAM_020425/experiments/../trainer.py:335:::  

 2025-05-24 08:23:27 starting optimization of bigclam on photo on device cuda

 configs_dict: 
{
    "clamiter_init": {
        "dim_feat": 50,
        "dim_attr": 500,
        "s_reg": 0.0,
        "l1_reg": 1,
        "T": 1,
        "hidden_dim": 64,
        "num_coupling_blocks": 32,
        "num_layers_mlp": 2
    },
    "feat_opt": {
        "lr": 5e-06,
        "n_iter": 10000,
        "early_stop": 0
    }
}


/home/daniel.z/ICML_PIECLAM_020425/experiments/../clamiter.py:365:::  
staring fit_feats for 10000 iterations


/home/daniel.z/ICML_PIECLAM_020425/experiments/../trainer.py:454:::  

train_model_on_params on bigclam photo 
took 46.72297239303589 seconds


/home/daniel.z/ICML_PIECLAM_020425/experiments/optimization_utils.py:655:::  
Repetition no. 2


/home/daniel.z/ICML_PIECLAM_020425/experiments/../trainer.py:161:::  

Using dataset specific configuration and not global 




/home/daniel.z/ICML_PIECLAM_020425/experiments/../trainer.py:335:::  

 2025-05-24 08:24:14 starting optimization of bigclam on photo on device cuda

 configs_dict: 
{
    "clamiter_init": {
        "dim_feat": 50,
        "dim_attr": 500,
        "s_reg": 0.0,
        "l1_reg": 1,
        "T": 1,
        "hidden_dim": 64,
        "num_coupling_blocks": 32,
        "num_layers_mlp": 2
    },
    "feat_opt": {
        "lr": 5e-06,
        "n_iter": 10000,
        "early_stop": 0
    }
}


/home/daniel.z/ICML_PIECLAM_020425/experiments/../clamiter.py:365:::  
staring fit_feats for 10000 iterations


/home/daniel.z/ICML_PIECLAM_020425/experiments/../trainer.py:454:::  

train_model_on_params on bigclam photo 
took 46.771525621414185 seconds


/home/daniel.z/ICML_PIECLAM_020425/experiments/optimization_utils.py:655:::  
Repetition no. 0


/home/daniel.z/ICML_PIECLAM_020425/experiments/../trainer.py:161:::  

Using dataset specific configuration and not global 




/home/daniel.z/ICML_PIECLAM_020425/experiments/../trainer.py:335:::  

 2025-05-24 08:25:01 starting optimization of bigclam on photo on device cuda

 configs_dict: 
{
    "clamiter_init": {
        "dim_feat": 60,
        "dim_attr": 500,
        "s_reg": 0.0,
        "l1_reg": 1,
        "T": 1,
        "hidden_dim": 64,
        "num_coupling_blocks": 32,
        "num_layers_mlp": 2
    },
    "feat_opt": {
        "lr": 2e-06,
        "n_iter": 13000,
        "early_stop": 0
    }
}


/home/daniel.z/ICML_PIECLAM_020425/experiments/../clamiter.py:365:::  
staring fit_feats for 13000 iterations


/home/daniel.z/ICML_PIECLAM_020425/experiments/../trainer.py:454:::  

train_model_on_params on bigclam photo 
took 70.05914497375488 seconds


/home/daniel.z/ICML_PIECLAM_020425/experiments/optimization_utils.py:655:::  
Repetition no. 1


/home/daniel.z/ICML_PIECLAM_020425/experiments/../trainer.py:161:::  

Using dataset specific configuration and not global 




/home/daniel.z/ICML_PIECLAM_020425/experiments/../trainer.py:335:::  

 2025-05-24 08:26:12 starting optimization of bigclam on photo on device cuda

 configs_dict: 
{
    "clamiter_init": {
        "dim_feat": 60,
        "dim_attr": 500,
        "s_reg": 0.0,
        "l1_reg": 1,
        "T": 1,
        "hidden_dim": 64,
        "num_coupling_blocks": 32,
        "num_layers_mlp": 2
    },
    "feat_opt": {
        "lr": 2e-06,
        "n_iter": 13000,
        "early_stop": 0
    }
}


/home/daniel.z/ICML_PIECLAM_020425/experiments/../clamiter.py:365:::  
staring fit_feats for 13000 iterations


/home/daniel.z/ICML_PIECLAM_020425/experiments/../trainer.py:454:::  

train_model_on_params on bigclam photo 
took 70.06167697906494 seconds


/home/daniel.z/ICML_PIECLAM_020425/experiments/optimization_utils.py:655:::  
Repetition no. 2


/home/daniel.z/ICML_PIECLAM_020425/experiments/../trainer.py:161:::  

Using dataset specific configuration and not global 




/home/daniel.z/ICML_PIECLAM_020425/experiments/../trainer.py:335:::  

 2025-05-24 08:27:22 starting optimization of bigclam on photo on device cuda

 configs_dict: 
{
    "clamiter_init": {
        "dim_feat": 60,
        "dim_attr": 500,
        "s_reg": 0.0,
        "l1_reg": 1,
        "T": 1,
        "hidden_dim": 64,
        "num_coupling_blocks": 32,
        "num_layers_mlp": 2
    },
    "feat_opt": {
        "lr": 2e-06,
        "n_iter": 13000,
        "early_stop": 0
    }
}


/home/daniel.z/ICML_PIECLAM_020425/experiments/../clamiter.py:365:::  
staring fit_feats for 13000 iterations


/home/daniel.z/ICML_PIECLAM_020425/experiments/../trainer.py:454:::  

train_model_on_params on bigclam photo 
took 70.09832239151001 seconds


/home/daniel.z/ICML_PIECLAM_020425/experiments/optimization_utils.py:655:::  
Repetition no. 0


/home/daniel.z/ICML_PIECLAM_020425/experiments/../trainer.py:161:::  

Using dataset specific configuration and not global 




/home/daniel.z/ICML_PIECLAM_020425/experiments/../trainer.py:335:::  

 2025-05-24 08:28:33 starting optimization of bigclam on photo on device cuda

 configs_dict: 
{
    "clamiter_init": {
        "dim_feat": 50,
        "dim_attr": 500,
        "s_reg": 0.0,
        "l1_reg": 1,
        "T": 1,
        "hidden_dim": 64,
        "num_coupling_blocks": 32,
        "num_layers_mlp": 2
    },
    "feat_opt": {
        "lr": 3e-06,
        "n_iter": 10000,
        "early_stop": 0
    }
}


/home/daniel.z/ICML_PIECLAM_020425/experiments/../clamiter.py:365:::  
staring fit_feats for 10000 iterations


/home/daniel.z/ICML_PIECLAM_020425/experiments/../trainer.py:454:::  

train_model_on_params on bigclam photo 
took 46.82248592376709 seconds


/home/daniel.z/ICML_PIECLAM_020425/experiments/optimization_utils.py:655:::  
Repetition no. 1


/home/daniel.z/ICML_PIECLAM_020425/experiments/../trainer.py:161:::  

Using dataset specific configuration and not global 




/home/daniel.z/ICML_PIECLAM_020425/experiments/../trainer.py:335:::  

 2025-05-24 08:29:20 starting optimization of bigclam on photo on device cuda

 configs_dict: 
{
    "clamiter_init": {
        "dim_feat": 50,
        "dim_attr": 500,
        "s_reg": 0.0,
        "l1_reg": 1,
        "T": 1,
        "hidden_dim": 64,
        "num_coupling_blocks": 32,
        "num_layers_mlp": 2
    },
    "feat_opt": {
        "lr": 3e-06,
        "n_iter": 10000,
        "early_stop": 0
    }
}


/home/daniel.z/ICML_PIECLAM_020425/experiments/../clamiter.py:365:::  
staring fit_feats for 10000 iterations


/home/daniel.z/ICML_PIECLAM_020425/experiments/../trainer.py:454:::  

train_model_on_params on bigclam photo 
took 46.81733226776123 seconds


/home/daniel.z/ICML_PIECLAM_020425/experiments/optimization_utils.py:655:::  
Repetition no. 2


/home/daniel.z/ICML_PIECLAM_020425/experiments/../trainer.py:161:::  

Using dataset specific configuration and not global 




/home/daniel.z/ICML_PIECLAM_020425/experiments/../trainer.py:335:::  

 2025-05-24 08:30:07 starting optimization of bigclam on photo on device cuda

 configs_dict: 
{
    "clamiter_init": {
        "dim_feat": 50,
        "dim_attr": 500,
        "s_reg": 0.0,
        "l1_reg": 1,
        "T": 1,
        "hidden_dim": 64,
        "num_coupling_blocks": 32,
        "num_layers_mlp": 2
    },
    "feat_opt": {
        "lr": 3e-06,
        "n_iter": 10000,
        "early_stop": 0
    }
}


/home/daniel.z/ICML_PIECLAM_020425/experiments/../clamiter.py:365:::  
staring fit_feats for 10000 iterations


/home/daniel.z/ICML_PIECLAM_020425/experiments/../trainer.py:454:::  

train_model_on_params on bigclam photo 
took 46.803128480911255 seconds


/home/daniel.z/ICML_PIECLAM_020425/experiments/optimization_utils.py:655:::  
Repetition no. 0


/home/daniel.z/ICML_PIECLAM_020425/experiments/../trainer.py:161:::  

Using dataset specific configuration and not global 




/home/daniel.z/ICML_PIECLAM_020425/experiments/../trainer.py:335:::  

 2025-05-24 08:30:54 starting optimization of bigclam on photo on device cuda

 configs_dict: 
{
    "clamiter_init": {
        "dim_feat": 40,
        "dim_attr": 500,
        "s_reg": 0.0,
        "l1_reg": 1,
        "T": 1,
        "hidden_dim": 64,
        "num_coupling_blocks": 32,
        "num_layers_mlp": 2
    },
    "feat_opt": {
        "lr": 5e-06,
        "n_iter": 7000,
        "early_stop": 0
    }
}


/home/daniel.z/ICML_PIECLAM_020425/experiments/../clamiter.py:365:::  
staring fit_feats for 7000 iterations


/home/daniel.z/ICML_PIECLAM_020425/experiments/../trainer.py:454:::  

train_model_on_params on bigclam photo 
took 27.50102972984314 seconds


/home/daniel.z/ICML_PIECLAM_020425/experiments/optimization_utils.py:655:::  
Repetition no. 1


/home/daniel.z/ICML_PIECLAM_020425/experiments/../trainer.py:161:::  

Using dataset specific configuration and not global 




/home/daniel.z/ICML_PIECLAM_020425/experiments/../trainer.py:335:::  

 2025-05-24 08:31:22 starting optimization of bigclam on photo on device cuda

 configs_dict: 
{
    "clamiter_init": {
        "dim_feat": 40,
        "dim_attr": 500,
        "s_reg": 0.0,
        "l1_reg": 1,
        "T": 1,
        "hidden_dim": 64,
        "num_coupling_blocks": 32,
        "num_layers_mlp": 2
    },
    "feat_opt": {
        "lr": 5e-06,
        "n_iter": 7000,
        "early_stop": 0
    }
}


/home/daniel.z/ICML_PIECLAM_020425/experiments/../clamiter.py:365:::  
staring fit_feats for 7000 iterations


/home/daniel.z/ICML_PIECLAM_020425/experiments/../trainer.py:454:::  

train_model_on_params on bigclam photo 
took 27.503788709640503 seconds


/home/daniel.z/ICML_PIECLAM_020425/experiments/optimization_utils.py:655:::  
Repetition no. 2


/home/daniel.z/ICML_PIECLAM_020425/experiments/../trainer.py:161:::  

Using dataset specific configuration and not global 




/home/daniel.z/ICML_PIECLAM_020425/experiments/../trainer.py:335:::  

 2025-05-24 08:31:50 starting optimization of bigclam on photo on device cuda

 configs_dict: 
{
    "clamiter_init": {
        "dim_feat": 40,
        "dim_attr": 500,
        "s_reg": 0.0,
        "l1_reg": 1,
        "T": 1,
        "hidden_dim": 64,
        "num_coupling_blocks": 32,
        "num_layers_mlp": 2
    },
    "feat_opt": {
        "lr": 5e-06,
        "n_iter": 7000,
        "early_stop": 0
    }
}


/home/daniel.z/ICML_PIECLAM_020425/experiments/../clamiter.py:365:::  
staring fit_feats for 7000 iterations


/home/daniel.z/ICML_PIECLAM_020425/experiments/../trainer.py:454:::  

train_model_on_params on bigclam photo 
took 27.485860109329224 seconds


/home/daniel.z/ICML_PIECLAM_020425/experiments/optimization_utils.py:655:::  
Repetition no. 0


/home/daniel.z/ICML_PIECLAM_020425/experiments/../trainer.py:161:::  

Using dataset specific configuration and not global 




/home/daniel.z/ICML_PIECLAM_020425/experiments/../trainer.py:335:::  

 2025-05-24 08:32:17 starting optimization of bigclam on photo on device cuda

 configs_dict: 
{
    "clamiter_init": {
        "dim_feat": 50,
        "dim_attr": 500,
        "s_reg": 0.0,
        "l1_reg": 1,
        "T": 1,
        "hidden_dim": 64,
        "num_coupling_blocks": 32,
        "num_layers_mlp": 2
    },
    "feat_opt": {
        "lr": 5e-06,
        "n_iter": 13000,
        "early_stop": 0
    }
}


/home/daniel.z/ICML_PIECLAM_020425/experiments/../clamiter.py:365:::  
staring fit_feats for 13000 iterations


/home/daniel.z/ICML_PIECLAM_020425/experiments/../trainer.py:454:::  

train_model_on_params on bigclam photo 
took 60.79098963737488 seconds


/home/daniel.z/ICML_PIECLAM_020425/experiments/optimization_utils.py:655:::  
Repetition no. 1


/home/daniel.z/ICML_PIECLAM_020425/experiments/../trainer.py:161:::  

Using dataset specific configuration and not global 




/home/daniel.z/ICML_PIECLAM_020425/experiments/../trainer.py:335:::  

 2025-05-24 08:33:18 starting optimization of bigclam on photo on device cuda

 configs_dict: 
{
    "clamiter_init": {
        "dim_feat": 50,
        "dim_attr": 500,
        "s_reg": 0.0,
        "l1_reg": 1,
        "T": 1,
        "hidden_dim": 64,
        "num_coupling_blocks": 32,
        "num_layers_mlp": 2
    },
    "feat_opt": {
        "lr": 5e-06,
        "n_iter": 13000,
        "early_stop": 0
    }
}


/home/daniel.z/ICML_PIECLAM_020425/experiments/../clamiter.py:365:::  
staring fit_feats for 13000 iterations


/home/daniel.z/ICML_PIECLAM_020425/experiments/../trainer.py:454:::  

train_model_on_params on bigclam photo 
took 60.777573108673096 seconds


/home/daniel.z/ICML_PIECLAM_020425/experiments/optimization_utils.py:655:::  
Repetition no. 2


/home/daniel.z/ICML_PIECLAM_020425/experiments/../trainer.py:161:::  

Using dataset specific configuration and not global 




/home/daniel.z/ICML_PIECLAM_020425/experiments/../trainer.py:335:::  

 2025-05-24 08:34:19 starting optimization of bigclam on photo on device cuda

 configs_dict: 
{
    "clamiter_init": {
        "dim_feat": 50,
        "dim_attr": 500,
        "s_reg": 0.0,
        "l1_reg": 1,
        "T": 1,
        "hidden_dim": 64,
        "num_coupling_blocks": 32,
        "num_layers_mlp": 2
    },
    "feat_opt": {
        "lr": 5e-06,
        "n_iter": 13000,
        "early_stop": 0
    }
}


/home/daniel.z/ICML_PIECLAM_020425/experiments/../clamiter.py:365:::  
staring fit_feats for 13000 iterations


/home/daniel.z/ICML_PIECLAM_020425/experiments/../trainer.py:454:::  

train_model_on_params on bigclam photo 
took 60.80152130126953 seconds


/home/daniel.z/ICML_PIECLAM_020425/experiments/optimization_utils.py:655:::  
Repetition no. 0


/home/daniel.z/ICML_PIECLAM_020425/experiments/../trainer.py:161:::  

Using dataset specific configuration and not global 




/home/daniel.z/ICML_PIECLAM_020425/experiments/../trainer.py:335:::  

 2025-05-24 08:35:21 starting optimization of bigclam on photo on device cuda

 configs_dict: 
{
    "clamiter_init": {
        "dim_feat": 60,
        "dim_attr": 500,
        "s_reg": 0.0,
        "l1_reg": 1,
        "T": 1,
        "hidden_dim": 64,
        "num_coupling_blocks": 32,
        "num_layers_mlp": 2
    },
    "feat_opt": {
        "lr": 3e-06,
        "n_iter": 13000,
        "early_stop": 0
    }
}


/home/daniel.z/ICML_PIECLAM_020425/experiments/../clamiter.py:365:::  
staring fit_feats for 13000 iterations


/home/daniel.z/ICML_PIECLAM_020425/experiments/../trainer.py:454:::  

train_model_on_params on bigclam photo 
took 70.01589918136597 seconds


/home/daniel.z/ICML_PIECLAM_020425/experiments/optimization_utils.py:655:::  
Repetition no. 1


/home/daniel.z/ICML_PIECLAM_020425/experiments/../trainer.py:161:::  

Using dataset specific configuration and not global 




/home/daniel.z/ICML_PIECLAM_020425/experiments/../trainer.py:335:::  

 2025-05-24 08:36:31 starting optimization of bigclam on photo on device cuda

 configs_dict: 
{
    "clamiter_init": {
        "dim_feat": 60,
        "dim_attr": 500,
        "s_reg": 0.0,
        "l1_reg": 1,
        "T": 1,
        "hidden_dim": 64,
        "num_coupling_blocks": 32,
        "num_layers_mlp": 2
    },
    "feat_opt": {
        "lr": 3e-06,
        "n_iter": 13000,
        "early_stop": 0
    }
}


/home/daniel.z/ICML_PIECLAM_020425/experiments/../clamiter.py:365:::  
staring fit_feats for 13000 iterations


/home/daniel.z/ICML_PIECLAM_020425/experiments/../trainer.py:454:::  

train_model_on_params on bigclam photo 
took 70.0687928199768 seconds


/home/daniel.z/ICML_PIECLAM_020425/experiments/optimization_utils.py:655:::  
Repetition no. 2


/home/daniel.z/ICML_PIECLAM_020425/experiments/../trainer.py:161:::  

Using dataset specific configuration and not global 




/home/daniel.z/ICML_PIECLAM_020425/experiments/../trainer.py:335:::  

 2025-05-24 08:37:41 starting optimization of bigclam on photo on device cuda

 configs_dict: 
{
    "clamiter_init": {
        "dim_feat": 60,
        "dim_attr": 500,
        "s_reg": 0.0,
        "l1_reg": 1,
        "T": 1,
        "hidden_dim": 64,
        "num_coupling_blocks": 32,
        "num_layers_mlp": 2
    },
    "feat_opt": {
        "lr": 3e-06,
        "n_iter": 13000,
        "early_stop": 0
    }
}


/home/daniel.z/ICML_PIECLAM_020425/experiments/../clamiter.py:365:::  
staring fit_feats for 13000 iterations


/home/daniel.z/ICML_PIECLAM_020425/experiments/../trainer.py:454:::  

train_model_on_params on bigclam photo 
took 70.0023901462555 seconds


/home/daniel.z/ICML_PIECLAM_020425/experiments/optimization_utils.py:655:::  
Repetition no. 0


/home/daniel.z/ICML_PIECLAM_020425/experiments/../trainer.py:161:::  

Using dataset specific configuration and not global 




/home/daniel.z/ICML_PIECLAM_020425/experiments/../trainer.py:335:::  

 2025-05-24 08:38:51 starting optimization of bigclam on photo on device cuda

 configs_dict: 
{
    "clamiter_init": {
        "dim_feat": 40,
        "dim_attr": 500,
        "s_reg": 0.0,
        "l1_reg": 1,
        "T": 1,
        "hidden_dim": 64,
        "num_coupling_blocks": 32,
        "num_layers_mlp": 2
    },
    "feat_opt": {
        "lr": 3e-06,
        "n_iter": 10000,
        "early_stop": 0
    }
}


/home/daniel.z/ICML_PIECLAM_020425/experiments/../clamiter.py:365:::  
staring fit_feats for 10000 iterations


/home/daniel.z/ICML_PIECLAM_020425/experiments/../trainer.py:454:::  

train_model_on_params on bigclam photo 
took 39.148494720458984 seconds


/home/daniel.z/ICML_PIECLAM_020425/experiments/optimization_utils.py:655:::  
Repetition no. 1


/home/daniel.z/ICML_PIECLAM_020425/experiments/../trainer.py:161:::  

Using dataset specific configuration and not global 




/home/daniel.z/ICML_PIECLAM_020425/experiments/../trainer.py:335:::  

 2025-05-24 08:39:31 starting optimization of bigclam on photo on device cuda

 configs_dict: 
{
    "clamiter_init": {
        "dim_feat": 40,
        "dim_attr": 500,
        "s_reg": 0.0,
        "l1_reg": 1,
        "T": 1,
        "hidden_dim": 64,
        "num_coupling_blocks": 32,
        "num_layers_mlp": 2
    },
    "feat_opt": {
        "lr": 3e-06,
        "n_iter": 10000,
        "early_stop": 0
    }
}


/home/daniel.z/ICML_PIECLAM_020425/experiments/../clamiter.py:365:::  
staring fit_feats for 10000 iterations


/home/daniel.z/ICML_PIECLAM_020425/experiments/../trainer.py:454:::  

train_model_on_params on bigclam photo 
took 39.13270831108093 seconds


/home/daniel.z/ICML_PIECLAM_020425/experiments/optimization_utils.py:655:::  
Repetition no. 2


/home/daniel.z/ICML_PIECLAM_020425/experiments/../trainer.py:161:::  

Using dataset specific configuration and not global 




/home/daniel.z/ICML_PIECLAM_020425/experiments/../trainer.py:335:::  

 2025-05-24 08:40:10 starting optimization of bigclam on photo on device cuda

 configs_dict: 
{
    "clamiter_init": {
        "dim_feat": 40,
        "dim_attr": 500,
        "s_reg": 0.0,
        "l1_reg": 1,
        "T": 1,
        "hidden_dim": 64,
        "num_coupling_blocks": 32,
        "num_layers_mlp": 2
    },
    "feat_opt": {
        "lr": 3e-06,
        "n_iter": 10000,
        "early_stop": 0
    }
}


/home/daniel.z/ICML_PIECLAM_020425/experiments/../clamiter.py:365:::  
staring fit_feats for 10000 iterations


/home/daniel.z/ICML_PIECLAM_020425/experiments/../trainer.py:454:::  

train_model_on_params on bigclam photo 
took 39.14873933792114 seconds


/home/daniel.z/ICML_PIECLAM_020425/experiments/optimization_utils.py:655:::  
Repetition no. 0


/home/daniel.z/ICML_PIECLAM_020425/experiments/../trainer.py:161:::  

Using dataset specific configuration and not global 




/home/daniel.z/ICML_PIECLAM_020425/experiments/../trainer.py:335:::  

 2025-05-24 08:40:50 starting optimization of bigclam on photo on device cuda

 configs_dict: 
{
    "clamiter_init": {
        "dim_feat": 60,
        "dim_attr": 500,
        "s_reg": 0.0,
        "l1_reg": 1,
        "T": 1,
        "hidden_dim": 64,
        "num_coupling_blocks": 32,
        "num_layers_mlp": 2
    },
    "feat_opt": {
        "lr": 2e-06,
        "n_iter": 10000,
        "early_stop": 0
    }
}


/home/daniel.z/ICML_PIECLAM_020425/experiments/../clamiter.py:365:::  
staring fit_feats for 10000 iterations


/home/daniel.z/ICML_PIECLAM_020425/experiments/../trainer.py:454:::  

train_model_on_params on bigclam photo 
took 53.856488943099976 seconds


/home/daniel.z/ICML_PIECLAM_020425/experiments/optimization_utils.py:655:::  
Repetition no. 1


/home/daniel.z/ICML_PIECLAM_020425/experiments/../trainer.py:161:::  

Using dataset specific configuration and not global 




/home/daniel.z/ICML_PIECLAM_020425/experiments/../trainer.py:335:::  

 2025-05-24 08:41:44 starting optimization of bigclam on photo on device cuda

 configs_dict: 
{
    "clamiter_init": {
        "dim_feat": 60,
        "dim_attr": 500,
        "s_reg": 0.0,
        "l1_reg": 1,
        "T": 1,
        "hidden_dim": 64,
        "num_coupling_blocks": 32,
        "num_layers_mlp": 2
    },
    "feat_opt": {
        "lr": 2e-06,
        "n_iter": 10000,
        "early_stop": 0
    }
}


/home/daniel.z/ICML_PIECLAM_020425/experiments/../clamiter.py:365:::  
staring fit_feats for 10000 iterations


/home/daniel.z/ICML_PIECLAM_020425/experiments/../trainer.py:454:::  

train_model_on_params on bigclam photo 
took 53.91194176673889 seconds


/home/daniel.z/ICML_PIECLAM_020425/experiments/optimization_utils.py:655:::  
Repetition no. 2


/home/daniel.z/ICML_PIECLAM_020425/experiments/../trainer.py:161:::  

Using dataset specific configuration and not global 




/home/daniel.z/ICML_PIECLAM_020425/experiments/../trainer.py:335:::  

 2025-05-24 08:42:38 starting optimization of bigclam on photo on device cuda

 configs_dict: 
{
    "clamiter_init": {
        "dim_feat": 60,
        "dim_attr": 500,
        "s_reg": 0.0,
        "l1_reg": 1,
        "T": 1,
        "hidden_dim": 64,
        "num_coupling_blocks": 32,
        "num_layers_mlp": 2
    },
    "feat_opt": {
        "lr": 2e-06,
        "n_iter": 10000,
        "early_stop": 0
    }
}


/home/daniel.z/ICML_PIECLAM_020425/experiments/../clamiter.py:365:::  
staring fit_feats for 10000 iterations


/home/daniel.z/ICML_PIECLAM_020425/experiments/../trainer.py:454:::  

train_model_on_params on bigclam photo 
took 53.868077993392944 seconds


/home/daniel.z/ICML_PIECLAM_020425/experiments/optimization_utils.py:655:::  
Repetition no. 0


/home/daniel.z/ICML_PIECLAM_020425/experiments/../trainer.py:161:::  

Using dataset specific configuration and not global 




/home/daniel.z/ICML_PIECLAM_020425/experiments/../trainer.py:335:::  

 2025-05-24 08:43:32 starting optimization of bigclam on photo on device cuda

 configs_dict: 
{
    "clamiter_init": {
        "dim_feat": 40,
        "dim_attr": 500,
        "s_reg": 0.0,
        "l1_reg": 1,
        "T": 1,
        "hidden_dim": 64,
        "num_coupling_blocks": 32,
        "num_layers_mlp": 2
    },
    "feat_opt": {
        "lr": 3e-06,
        "n_iter": 13000,
        "early_stop": 0
    }
}


/home/daniel.z/ICML_PIECLAM_020425/experiments/../clamiter.py:365:::  
staring fit_feats for 13000 iterations


/home/daniel.z/ICML_PIECLAM_020425/experiments/../trainer.py:454:::  

train_model_on_params on bigclam photo 
took 50.838727951049805 seconds


/home/daniel.z/ICML_PIECLAM_020425/experiments/optimization_utils.py:655:::  
Repetition no. 1


/home/daniel.z/ICML_PIECLAM_020425/experiments/../trainer.py:161:::  

Using dataset specific configuration and not global 




/home/daniel.z/ICML_PIECLAM_020425/experiments/../trainer.py:335:::  

 2025-05-24 08:44:23 starting optimization of bigclam on photo on device cuda

 configs_dict: 
{
    "clamiter_init": {
        "dim_feat": 40,
        "dim_attr": 500,
        "s_reg": 0.0,
        "l1_reg": 1,
        "T": 1,
        "hidden_dim": 64,
        "num_coupling_blocks": 32,
        "num_layers_mlp": 2
    },
    "feat_opt": {
        "lr": 3e-06,
        "n_iter": 13000,
        "early_stop": 0
    }
}


/home/daniel.z/ICML_PIECLAM_020425/experiments/../clamiter.py:365:::  
staring fit_feats for 13000 iterations


/home/daniel.z/ICML_PIECLAM_020425/experiments/../trainer.py:454:::  

train_model_on_params on bigclam photo 
took 50.851563453674316 seconds


/home/daniel.z/ICML_PIECLAM_020425/experiments/optimization_utils.py:655:::  
Repetition no. 2


/home/daniel.z/ICML_PIECLAM_020425/experiments/../trainer.py:161:::  

Using dataset specific configuration and not global 




/home/daniel.z/ICML_PIECLAM_020425/experiments/../trainer.py:335:::  

 2025-05-24 08:45:14 starting optimization of bigclam on photo on device cuda

 configs_dict: 
{
    "clamiter_init": {
        "dim_feat": 40,
        "dim_attr": 500,
        "s_reg": 0.0,
        "l1_reg": 1,
        "T": 1,
        "hidden_dim": 64,
        "num_coupling_blocks": 32,
        "num_layers_mlp": 2
    },
    "feat_opt": {
        "lr": 3e-06,
        "n_iter": 13000,
        "early_stop": 0
    }
}


/home/daniel.z/ICML_PIECLAM_020425/experiments/../clamiter.py:365:::  
staring fit_feats for 13000 iterations


/home/daniel.z/ICML_PIECLAM_020425/experiments/../trainer.py:454:::  

train_model_on_params on bigclam photo 
took 50.82852506637573 seconds


/home/daniel.z/ICML_PIECLAM_020425/experiments/optimization_utils.py:655:::  
Repetition no. 0


/home/daniel.z/ICML_PIECLAM_020425/experiments/../trainer.py:161:::  

Using dataset specific configuration and not global 




/home/daniel.z/ICML_PIECLAM_020425/experiments/../trainer.py:335:::  

 2025-05-24 08:46:05 starting optimization of bigclam on photo on device cuda

 configs_dict: 
{
    "clamiter_init": {
        "dim_feat": 40,
        "dim_attr": 500,
        "s_reg": 0.0,
        "l1_reg": 1,
        "T": 1,
        "hidden_dim": 64,
        "num_coupling_blocks": 32,
        "num_layers_mlp": 2
    },
    "feat_opt": {
        "lr": 5e-06,
        "n_iter": 13000,
        "early_stop": 0
    }
}


/home/daniel.z/ICML_PIECLAM_020425/experiments/../clamiter.py:365:::  
staring fit_feats for 13000 iterations


/home/daniel.z/ICML_PIECLAM_020425/experiments/../trainer.py:454:::  

train_model_on_params on bigclam photo 
took 50.866706132888794 seconds


/home/daniel.z/ICML_PIECLAM_020425/experiments/optimization_utils.py:655:::  
Repetition no. 1


/home/daniel.z/ICML_PIECLAM_020425/experiments/../trainer.py:161:::  

Using dataset specific configuration and not global 




/home/daniel.z/ICML_PIECLAM_020425/experiments/../trainer.py:335:::  

 2025-05-24 08:46:57 starting optimization of bigclam on photo on device cuda

 configs_dict: 
{
    "clamiter_init": {
        "dim_feat": 40,
        "dim_attr": 500,
        "s_reg": 0.0,
        "l1_reg": 1,
        "T": 1,
        "hidden_dim": 64,
        "num_coupling_blocks": 32,
        "num_layers_mlp": 2
    },
    "feat_opt": {
        "lr": 5e-06,
        "n_iter": 13000,
        "early_stop": 0
    }
}


/home/daniel.z/ICML_PIECLAM_020425/experiments/../clamiter.py:365:::  
staring fit_feats for 13000 iterations


/home/daniel.z/ICML_PIECLAM_020425/experiments/../trainer.py:454:::  

train_model_on_params on bigclam photo 
took 50.76406717300415 seconds


/home/daniel.z/ICML_PIECLAM_020425/experiments/optimization_utils.py:655:::  
Repetition no. 2


/home/daniel.z/ICML_PIECLAM_020425/experiments/../trainer.py:161:::  

Using dataset specific configuration and not global 




/home/daniel.z/ICML_PIECLAM_020425/experiments/../trainer.py:335:::  

 2025-05-24 08:47:48 starting optimization of bigclam on photo on device cuda

 configs_dict: 
{
    "clamiter_init": {
        "dim_feat": 40,
        "dim_attr": 500,
        "s_reg": 0.0,
        "l1_reg": 1,
        "T": 1,
        "hidden_dim": 64,
        "num_coupling_blocks": 32,
        "num_layers_mlp": 2
    },
    "feat_opt": {
        "lr": 5e-06,
        "n_iter": 13000,
        "early_stop": 0
    }
}


/home/daniel.z/ICML_PIECLAM_020425/experiments/../clamiter.py:365:::  
staring fit_feats for 13000 iterations


/home/daniel.z/ICML_PIECLAM_020425/experiments/../trainer.py:454:::  

train_model_on_params on bigclam photo 
took 50.75123882293701 seconds


/home/daniel.z/ICML_PIECLAM_020425/experiments/optimization_utils.py:655:::  
Repetition no. 0


/home/daniel.z/ICML_PIECLAM_020425/experiments/../trainer.py:161:::  

Using dataset specific configuration and not global 




/home/daniel.z/ICML_PIECLAM_020425/experiments/../trainer.py:335:::  

 2025-05-24 08:48:39 starting optimization of bigclam on photo on device cuda

 configs_dict: 
{
    "clamiter_init": {
        "dim_feat": 60,
        "dim_attr": 500,
        "s_reg": 0.0,
        "l1_reg": 1,
        "T": 1,
        "hidden_dim": 64,
        "num_coupling_blocks": 32,
        "num_layers_mlp": 2
    },
    "feat_opt": {
        "lr": 5e-06,
        "n_iter": 10000,
        "early_stop": 0
    }
}


/home/daniel.z/ICML_PIECLAM_020425/experiments/../clamiter.py:365:::  
staring fit_feats for 10000 iterations


/home/daniel.z/ICML_PIECLAM_020425/experiments/../trainer.py:454:::  

train_model_on_params on bigclam photo 
took 53.92047381401062 seconds


/home/daniel.z/ICML_PIECLAM_020425/experiments/optimization_utils.py:655:::  
Repetition no. 1


/home/daniel.z/ICML_PIECLAM_020425/experiments/../trainer.py:161:::  

Using dataset specific configuration and not global 




/home/daniel.z/ICML_PIECLAM_020425/experiments/../trainer.py:335:::  

 2025-05-24 08:49:33 starting optimization of bigclam on photo on device cuda

 configs_dict: 
{
    "clamiter_init": {
        "dim_feat": 60,
        "dim_attr": 500,
        "s_reg": 0.0,
        "l1_reg": 1,
        "T": 1,
        "hidden_dim": 64,
        "num_coupling_blocks": 32,
        "num_layers_mlp": 2
    },
    "feat_opt": {
        "lr": 5e-06,
        "n_iter": 10000,
        "early_stop": 0
    }
}


/home/daniel.z/ICML_PIECLAM_020425/experiments/../clamiter.py:365:::  
staring fit_feats for 10000 iterations


/home/daniel.z/ICML_PIECLAM_020425/experiments/../trainer.py:454:::  

train_model_on_params on bigclam photo 
took 53.94679284095764 seconds


/home/daniel.z/ICML_PIECLAM_020425/experiments/optimization_utils.py:655:::  
Repetition no. 2


/home/daniel.z/ICML_PIECLAM_020425/experiments/../trainer.py:161:::  

Using dataset specific configuration and not global 




/home/daniel.z/ICML_PIECLAM_020425/experiments/../trainer.py:335:::  

 2025-05-24 08:50:27 starting optimization of bigclam on photo on device cuda

 configs_dict: 
{
    "clamiter_init": {
        "dim_feat": 60,
        "dim_attr": 500,
        "s_reg": 0.0,
        "l1_reg": 1,
        "T": 1,
        "hidden_dim": 64,
        "num_coupling_blocks": 32,
        "num_layers_mlp": 2
    },
    "feat_opt": {
        "lr": 5e-06,
        "n_iter": 10000,
        "early_stop": 0
    }
}


/home/daniel.z/ICML_PIECLAM_020425/experiments/../clamiter.py:365:::  
staring fit_feats for 10000 iterations


/home/daniel.z/ICML_PIECLAM_020425/experiments/../trainer.py:454:::  

train_model_on_params on bigclam photo 
took 53.987417459487915 seconds


/home/daniel.z/ICML_PIECLAM_020425/experiments/optimization_utils.py:655:::  
Repetition no. 0


/home/daniel.z/ICML_PIECLAM_020425/experiments/../trainer.py:161:::  

Using dataset specific configuration and not global 




/home/daniel.z/ICML_PIECLAM_020425/experiments/../trainer.py:335:::  

 2025-05-24 08:51:21 starting optimization of bigclam on photo on device cuda

 configs_dict: 
{
    "clamiter_init": {
        "dim_feat": 40,
        "dim_attr": 500,
        "s_reg": 0.0,
        "l1_reg": 1,
        "T": 1,
        "hidden_dim": 64,
        "num_coupling_blocks": 32,
        "num_layers_mlp": 2
    },
    "feat_opt": {
        "lr": 2e-06,
        "n_iter": 7000,
        "early_stop": 0
    }
}


/home/daniel.z/ICML_PIECLAM_020425/experiments/../clamiter.py:365:::  
staring fit_feats for 7000 iterations


/home/daniel.z/ICML_PIECLAM_020425/experiments/../trainer.py:454:::  

train_model_on_params on bigclam photo 
took 27.476725339889526 seconds


/home/daniel.z/ICML_PIECLAM_020425/experiments/optimization_utils.py:655:::  
Repetition no. 1


/home/daniel.z/ICML_PIECLAM_020425/experiments/../trainer.py:161:::  

Using dataset specific configuration and not global 




/home/daniel.z/ICML_PIECLAM_020425/experiments/../trainer.py:335:::  

 2025-05-24 08:51:49 starting optimization of bigclam on photo on device cuda

 configs_dict: 
{
    "clamiter_init": {
        "dim_feat": 40,
        "dim_attr": 500,
        "s_reg": 0.0,
        "l1_reg": 1,
        "T": 1,
        "hidden_dim": 64,
        "num_coupling_blocks": 32,
        "num_layers_mlp": 2
    },
    "feat_opt": {
        "lr": 2e-06,
        "n_iter": 7000,
        "early_stop": 0
    }
}


/home/daniel.z/ICML_PIECLAM_020425/experiments/../clamiter.py:365:::  
staring fit_feats for 7000 iterations


/home/daniel.z/ICML_PIECLAM_020425/experiments/../trainer.py:454:::  

train_model_on_params on bigclam photo 
took 27.436163902282715 seconds


/home/daniel.z/ICML_PIECLAM_020425/experiments/optimization_utils.py:655:::  
Repetition no. 2


/home/daniel.z/ICML_PIECLAM_020425/experiments/../trainer.py:161:::  

Using dataset specific configuration and not global 




/home/daniel.z/ICML_PIECLAM_020425/experiments/../trainer.py:335:::  

 2025-05-24 08:52:17 starting optimization of bigclam on photo on device cuda

 configs_dict: 
{
    "clamiter_init": {
        "dim_feat": 40,
        "dim_attr": 500,
        "s_reg": 0.0,
        "l1_reg": 1,
        "T": 1,
        "hidden_dim": 64,
        "num_coupling_blocks": 32,
        "num_layers_mlp": 2
    },
    "feat_opt": {
        "lr": 2e-06,
        "n_iter": 7000,
        "early_stop": 0
    }
}


/home/daniel.z/ICML_PIECLAM_020425/experiments/../clamiter.py:365:::  
staring fit_feats for 7000 iterations


/home/daniel.z/ICML_PIECLAM_020425/experiments/../trainer.py:454:::  

train_model_on_params on bigclam photo 
took 27.406651735305786 seconds


/home/daniel.z/ICML_PIECLAM_020425/experiments/optimization_utils.py:655:::  
Repetition no. 0


/home/daniel.z/ICML_PIECLAM_020425/experiments/../trainer.py:161:::  

Using dataset specific configuration and not global 




/home/daniel.z/ICML_PIECLAM_020425/experiments/../trainer.py:335:::  

 2025-05-24 08:52:45 starting optimization of bigclam on photo on device cuda

 configs_dict: 
{
    "clamiter_init": {
        "dim_feat": 40,
        "dim_attr": 500,
        "s_reg": 0.0,
        "l1_reg": 1,
        "T": 1,
        "hidden_dim": 64,
        "num_coupling_blocks": 32,
        "num_layers_mlp": 2
    },
    "feat_opt": {
        "lr": 2e-06,
        "n_iter": 10000,
        "early_stop": 0
    }
}


/home/daniel.z/ICML_PIECLAM_020425/experiments/../clamiter.py:365:::  
staring fit_feats for 10000 iterations


/home/daniel.z/ICML_PIECLAM_020425/experiments/../trainer.py:454:::  

train_model_on_params on bigclam photo 
took 39.13228440284729 seconds


/home/daniel.z/ICML_PIECLAM_020425/experiments/optimization_utils.py:655:::  
Repetition no. 1


/home/daniel.z/ICML_PIECLAM_020425/experiments/../trainer.py:161:::  

Using dataset specific configuration and not global 




/home/daniel.z/ICML_PIECLAM_020425/experiments/../trainer.py:335:::  

 2025-05-24 08:53:24 starting optimization of bigclam on photo on device cuda

 configs_dict: 
{
    "clamiter_init": {
        "dim_feat": 40,
        "dim_attr": 500,
        "s_reg": 0.0,
        "l1_reg": 1,
        "T": 1,
        "hidden_dim": 64,
        "num_coupling_blocks": 32,
        "num_layers_mlp": 2
    },
    "feat_opt": {
        "lr": 2e-06,
        "n_iter": 10000,
        "early_stop": 0
    }
}


/home/daniel.z/ICML_PIECLAM_020425/experiments/../clamiter.py:365:::  
staring fit_feats for 10000 iterations


/home/daniel.z/ICML_PIECLAM_020425/experiments/../trainer.py:454:::  

train_model_on_params on bigclam photo 
took 39.15268349647522 seconds


/home/daniel.z/ICML_PIECLAM_020425/experiments/optimization_utils.py:655:::  
Repetition no. 2


/home/daniel.z/ICML_PIECLAM_020425/experiments/../trainer.py:161:::  

Using dataset specific configuration and not global 




/home/daniel.z/ICML_PIECLAM_020425/experiments/../trainer.py:335:::  

 2025-05-24 08:54:03 starting optimization of bigclam on photo on device cuda

 configs_dict: 
{
    "clamiter_init": {
        "dim_feat": 40,
        "dim_attr": 500,
        "s_reg": 0.0,
        "l1_reg": 1,
        "T": 1,
        "hidden_dim": 64,
        "num_coupling_blocks": 32,
        "num_layers_mlp": 2
    },
    "feat_opt": {
        "lr": 2e-06,
        "n_iter": 10000,
        "early_stop": 0
    }
}


/home/daniel.z/ICML_PIECLAM_020425/experiments/../clamiter.py:365:::  
staring fit_feats for 10000 iterations


/home/daniel.z/ICML_PIECLAM_020425/experiments/../trainer.py:454:::  

train_model_on_params on bigclam photo 
took 39.08032250404358 seconds


/home/daniel.z/ICML_PIECLAM_020425/experiments/optimization_utils.py:655:::  
Repetition no. 0


/home/daniel.z/ICML_PIECLAM_020425/experiments/../trainer.py:161:::  

Using dataset specific configuration and not global 




/home/daniel.z/ICML_PIECLAM_020425/experiments/../trainer.py:335:::  

 2025-05-24 08:54:43 starting optimization of bigclam on photo on device cuda

 configs_dict: 
{
    "clamiter_init": {
        "dim_feat": 60,
        "dim_attr": 500,
        "s_reg": 0.0,
        "l1_reg": 1,
        "T": 1,
        "hidden_dim": 64,
        "num_coupling_blocks": 32,
        "num_layers_mlp": 2
    },
    "feat_opt": {
        "lr": 5e-06,
        "n_iter": 7000,
        "early_stop": 0
    }
}


/home/daniel.z/ICML_PIECLAM_020425/experiments/../clamiter.py:365:::  
staring fit_feats for 7000 iterations


/home/daniel.z/ICML_PIECLAM_020425/experiments/../trainer.py:454:::  

train_model_on_params on bigclam photo 
took 37.783034324645996 seconds


/home/daniel.z/ICML_PIECLAM_020425/experiments/optimization_utils.py:655:::  
Repetition no. 1


/home/daniel.z/ICML_PIECLAM_020425/experiments/../trainer.py:161:::  

Using dataset specific configuration and not global 




/home/daniel.z/ICML_PIECLAM_020425/experiments/../trainer.py:335:::  

 2025-05-24 08:55:21 starting optimization of bigclam on photo on device cuda

 configs_dict: 
{
    "clamiter_init": {
        "dim_feat": 60,
        "dim_attr": 500,
        "s_reg": 0.0,
        "l1_reg": 1,
        "T": 1,
        "hidden_dim": 64,
        "num_coupling_blocks": 32,
        "num_layers_mlp": 2
    },
    "feat_opt": {
        "lr": 5e-06,
        "n_iter": 7000,
        "early_stop": 0
    }
}


/home/daniel.z/ICML_PIECLAM_020425/experiments/../clamiter.py:365:::  
staring fit_feats for 7000 iterations


/home/daniel.z/ICML_PIECLAM_020425/experiments/../trainer.py:454:::  

train_model_on_params on bigclam photo 
took 37.78788661956787 seconds


/home/daniel.z/ICML_PIECLAM_020425/experiments/optimization_utils.py:655:::  
Repetition no. 2


/home/daniel.z/ICML_PIECLAM_020425/experiments/../trainer.py:161:::  

Using dataset specific configuration and not global 




/home/daniel.z/ICML_PIECLAM_020425/experiments/../trainer.py:335:::  

 2025-05-24 08:55:59 starting optimization of bigclam on photo on device cuda

 configs_dict: 
{
    "clamiter_init": {
        "dim_feat": 60,
        "dim_attr": 500,
        "s_reg": 0.0,
        "l1_reg": 1,
        "T": 1,
        "hidden_dim": 64,
        "num_coupling_blocks": 32,
        "num_layers_mlp": 2
    },
    "feat_opt": {
        "lr": 5e-06,
        "n_iter": 7000,
        "early_stop": 0
    }
}


/home/daniel.z/ICML_PIECLAM_020425/experiments/../clamiter.py:365:::  
staring fit_feats for 7000 iterations


/home/daniel.z/ICML_PIECLAM_020425/experiments/../trainer.py:454:::  

train_model_on_params on bigclam photo 
took 37.746402978897095 seconds


/home/daniel.z/ICML_PIECLAM_020425/experiments/optimization_utils.py:729:::  


Finished CrossVal!




/home/daniel.z/ICML_PIECLAM_020425/experiments/optimization_utils.py:516:::  
On test set split_19-46_02-05-25 of photo,bigclam
 ======================


/home/daniel.z/ICML_PIECLAM_020425/experiments/optimization_utils.py:633:::  
RunSaver defined to acc_configs path /home/daniel.z/ICML_PIECLAM_020425/experiments/results/link_prediction/auc/photo/bigclam/split_19-46_02-05-25/valid/acc_configs08-56_24-05-25.json


/home/daniel.z/ICML_PIECLAM_020425/experiments/optimization_utils.py:655:::  
Repetition no. 0


/home/daniel.z/ICML_PIECLAM_020425/experiments/../trainer.py:161:::  

Using dataset specific configuration and not global 




/home/daniel.z/ICML_PIECLAM_020425/experiments/../trainer.py:335:::  

 2025-05-24 08:56:39 starting optimization of bigclam on photo on device cuda

 configs_dict: 
{
    "clamiter_init": {
        "dim_feat": 50,
        "dim_attr": 500,
        "s_reg": 0.0,
        "l1_reg": 1,
        "T": 1,
        "hidden_dim": 64,
        "num_coupling_blocks": 32,
        "num_layers_mlp": 2
    },
    "feat_opt": {
        "lr": 3e-06,
        "n_iter": 13000,
        "early_stop": 0
    }
}


/home/daniel.z/ICML_PIECLAM_020425/experiments/../clamiter.py:365:::  
staring fit_feats for 13000 iterations


/home/daniel.z/ICML_PIECLAM_020425/experiments/../trainer.py:454:::  

train_model_on_params on bigclam photo 
took 60.72890567779541 seconds


/home/daniel.z/ICML_PIECLAM_020425/experiments/optimization_utils.py:655:::  
Repetition no. 1


/home/daniel.z/ICML_PIECLAM_020425/experiments/../trainer.py:161:::  

Using dataset specific configuration and not global 




/home/daniel.z/ICML_PIECLAM_020425/experiments/../trainer.py:335:::  

 2025-05-24 08:57:40 starting optimization of bigclam on photo on device cuda

 configs_dict: 
{
    "clamiter_init": {
        "dim_feat": 50,
        "dim_attr": 500,
        "s_reg": 0.0,
        "l1_reg": 1,
        "T": 1,
        "hidden_dim": 64,
        "num_coupling_blocks": 32,
        "num_layers_mlp": 2
    },
    "feat_opt": {
        "lr": 3e-06,
        "n_iter": 13000,
        "early_stop": 0
    }
}


/home/daniel.z/ICML_PIECLAM_020425/experiments/../clamiter.py:365:::  
staring fit_feats for 13000 iterations


/home/daniel.z/ICML_PIECLAM_020425/experiments/../trainer.py:454:::  

train_model_on_params on bigclam photo 
took 60.72237968444824 seconds


/home/daniel.z/ICML_PIECLAM_020425/experiments/optimization_utils.py:655:::  
Repetition no. 2


/home/daniel.z/ICML_PIECLAM_020425/experiments/../trainer.py:161:::  

Using dataset specific configuration and not global 




/home/daniel.z/ICML_PIECLAM_020425/experiments/../trainer.py:335:::  

 2025-05-24 08:58:41 starting optimization of bigclam on photo on device cuda

 configs_dict: 
{
    "clamiter_init": {
        "dim_feat": 50,
        "dim_attr": 500,
        "s_reg": 0.0,
        "l1_reg": 1,
        "T": 1,
        "hidden_dim": 64,
        "num_coupling_blocks": 32,
        "num_layers_mlp": 2
    },
    "feat_opt": {
        "lr": 3e-06,
        "n_iter": 13000,
        "early_stop": 0
    }
}


/home/daniel.z/ICML_PIECLAM_020425/experiments/../clamiter.py:365:::  
staring fit_feats for 13000 iterations


/home/daniel.z/ICML_PIECLAM_020425/experiments/../trainer.py:454:::  

train_model_on_params on bigclam photo 
took 60.75928592681885 seconds


/home/daniel.z/ICML_PIECLAM_020425/experiments/optimization_utils.py:655:::  
Repetition no. 0


/home/daniel.z/ICML_PIECLAM_020425/experiments/../trainer.py:161:::  

Using dataset specific configuration and not global 




/home/daniel.z/ICML_PIECLAM_020425/experiments/../trainer.py:335:::  

 2025-05-24 08:59:42 starting optimization of bigclam on photo on device cuda

 configs_dict: 
{
    "clamiter_init": {
        "dim_feat": 50,
        "dim_attr": 500,
        "s_reg": 0.0,
        "l1_reg": 1,
        "T": 1,
        "hidden_dim": 64,
        "num_coupling_blocks": 32,
        "num_layers_mlp": 2
    },
    "feat_opt": {
        "lr": 2e-06,
        "n_iter": 10000,
        "early_stop": 0
    }
}


/home/daniel.z/ICML_PIECLAM_020425/experiments/../clamiter.py:365:::  
staring fit_feats for 10000 iterations


/home/daniel.z/ICML_PIECLAM_020425/experiments/../trainer.py:454:::  

train_model_on_params on bigclam photo 
took 46.783541440963745 seconds


/home/daniel.z/ICML_PIECLAM_020425/experiments/optimization_utils.py:655:::  
Repetition no. 1


/home/daniel.z/ICML_PIECLAM_020425/experiments/../trainer.py:161:::  

Using dataset specific configuration and not global 




/home/daniel.z/ICML_PIECLAM_020425/experiments/../trainer.py:335:::  

 2025-05-24 09:00:29 starting optimization of bigclam on photo on device cuda

 configs_dict: 
{
    "clamiter_init": {
        "dim_feat": 50,
        "dim_attr": 500,
        "s_reg": 0.0,
        "l1_reg": 1,
        "T": 1,
        "hidden_dim": 64,
        "num_coupling_blocks": 32,
        "num_layers_mlp": 2
    },
    "feat_opt": {
        "lr": 2e-06,
        "n_iter": 10000,
        "early_stop": 0
    }
}


/home/daniel.z/ICML_PIECLAM_020425/experiments/../clamiter.py:365:::  
staring fit_feats for 10000 iterations


/home/daniel.z/ICML_PIECLAM_020425/experiments/../trainer.py:454:::  

train_model_on_params on bigclam photo 
took 46.78135895729065 seconds


/home/daniel.z/ICML_PIECLAM_020425/experiments/optimization_utils.py:655:::  
Repetition no. 2


/home/daniel.z/ICML_PIECLAM_020425/experiments/../trainer.py:161:::  

Using dataset specific configuration and not global 




/home/daniel.z/ICML_PIECLAM_020425/experiments/../trainer.py:335:::  

 2025-05-24 09:01:16 starting optimization of bigclam on photo on device cuda

 configs_dict: 
{
    "clamiter_init": {
        "dim_feat": 50,
        "dim_attr": 500,
        "s_reg": 0.0,
        "l1_reg": 1,
        "T": 1,
        "hidden_dim": 64,
        "num_coupling_blocks": 32,
        "num_layers_mlp": 2
    },
    "feat_opt": {
        "lr": 2e-06,
        "n_iter": 10000,
        "early_stop": 0
    }
}


/home/daniel.z/ICML_PIECLAM_020425/experiments/../clamiter.py:365:::  
staring fit_feats for 10000 iterations


/home/daniel.z/ICML_PIECLAM_020425/experiments/../trainer.py:454:::  

train_model_on_params on bigclam photo 
took 46.84572124481201 seconds


/home/daniel.z/ICML_PIECLAM_020425/experiments/optimization_utils.py:655:::  
Repetition no. 0


/home/daniel.z/ICML_PIECLAM_020425/experiments/../trainer.py:161:::  

Using dataset specific configuration and not global 




/home/daniel.z/ICML_PIECLAM_020425/experiments/../trainer.py:335:::  

 2025-05-24 09:02:04 starting optimization of bigclam on photo on device cuda

 configs_dict: 
{
    "clamiter_init": {
        "dim_feat": 50,
        "dim_attr": 500,
        "s_reg": 0.0,
        "l1_reg": 1,
        "T": 1,
        "hidden_dim": 64,
        "num_coupling_blocks": 32,
        "num_layers_mlp": 2
    },
    "feat_opt": {
        "lr": 2e-06,
        "n_iter": 7000,
        "early_stop": 0
    }
}


/home/daniel.z/ICML_PIECLAM_020425/experiments/../clamiter.py:365:::  
staring fit_feats for 7000 iterations


/home/daniel.z/ICML_PIECLAM_020425/experiments/../trainer.py:454:::  

train_model_on_params on bigclam photo 
took 32.80833673477173 seconds


/home/daniel.z/ICML_PIECLAM_020425/experiments/optimization_utils.py:655:::  
Repetition no. 1


/home/daniel.z/ICML_PIECLAM_020425/experiments/../trainer.py:161:::  

Using dataset specific configuration and not global 




/home/daniel.z/ICML_PIECLAM_020425/experiments/../trainer.py:335:::  

 2025-05-24 09:02:37 starting optimization of bigclam on photo on device cuda

 configs_dict: 
{
    "clamiter_init": {
        "dim_feat": 50,
        "dim_attr": 500,
        "s_reg": 0.0,
        "l1_reg": 1,
        "T": 1,
        "hidden_dim": 64,
        "num_coupling_blocks": 32,
        "num_layers_mlp": 2
    },
    "feat_opt": {
        "lr": 2e-06,
        "n_iter": 7000,
        "early_stop": 0
    }
}


/home/daniel.z/ICML_PIECLAM_020425/experiments/../clamiter.py:365:::  
staring fit_feats for 7000 iterations


/home/daniel.z/ICML_PIECLAM_020425/experiments/../trainer.py:454:::  

train_model_on_params on bigclam photo 
took 32.80995225906372 seconds


/home/daniel.z/ICML_PIECLAM_020425/experiments/optimization_utils.py:655:::  
Repetition no. 2


/home/daniel.z/ICML_PIECLAM_020425/experiments/../trainer.py:161:::  

Using dataset specific configuration and not global 




/home/daniel.z/ICML_PIECLAM_020425/experiments/../trainer.py:335:::  

 2025-05-24 09:03:10 starting optimization of bigclam on photo on device cuda

 configs_dict: 
{
    "clamiter_init": {
        "dim_feat": 50,
        "dim_attr": 500,
        "s_reg": 0.0,
        "l1_reg": 1,
        "T": 1,
        "hidden_dim": 64,
        "num_coupling_blocks": 32,
        "num_layers_mlp": 2
    },
    "feat_opt": {
        "lr": 2e-06,
        "n_iter": 7000,
        "early_stop": 0
    }
}


/home/daniel.z/ICML_PIECLAM_020425/experiments/../clamiter.py:365:::  
staring fit_feats for 7000 iterations


/home/daniel.z/ICML_PIECLAM_020425/experiments/../trainer.py:454:::  

train_model_on_params on bigclam photo 
took 32.79131007194519 seconds


/home/daniel.z/ICML_PIECLAM_020425/experiments/optimization_utils.py:655:::  
Repetition no. 0


/home/daniel.z/ICML_PIECLAM_020425/experiments/../trainer.py:161:::  

Using dataset specific configuration and not global 




/home/daniel.z/ICML_PIECLAM_020425/experiments/../trainer.py:335:::  

 2025-05-24 09:03:43 starting optimization of bigclam on photo on device cuda

 configs_dict: 
{
    "clamiter_init": {
        "dim_feat": 60,
        "dim_attr": 500,
        "s_reg": 0.0,
        "l1_reg": 1,
        "T": 1,
        "hidden_dim": 64,
        "num_coupling_blocks": 32,
        "num_layers_mlp": 2
    },
    "feat_opt": {
        "lr": 5e-06,
        "n_iter": 13000,
        "early_stop": 0
    }
}


/home/daniel.z/ICML_PIECLAM_020425/experiments/../clamiter.py:365:::  
staring fit_feats for 13000 iterations


/home/daniel.z/ICML_PIECLAM_020425/experiments/../trainer.py:454:::  

train_model_on_params on bigclam photo 
took 70.0686821937561 seconds


/home/daniel.z/ICML_PIECLAM_020425/experiments/optimization_utils.py:655:::  
Repetition no. 1


/home/daniel.z/ICML_PIECLAM_020425/experiments/../trainer.py:161:::  

Using dataset specific configuration and not global 




/home/daniel.z/ICML_PIECLAM_020425/experiments/../trainer.py:335:::  

 2025-05-24 09:04:53 starting optimization of bigclam on photo on device cuda

 configs_dict: 
{
    "clamiter_init": {
        "dim_feat": 60,
        "dim_attr": 500,
        "s_reg": 0.0,
        "l1_reg": 1,
        "T": 1,
        "hidden_dim": 64,
        "num_coupling_blocks": 32,
        "num_layers_mlp": 2
    },
    "feat_opt": {
        "lr": 5e-06,
        "n_iter": 13000,
        "early_stop": 0
    }
}


/home/daniel.z/ICML_PIECLAM_020425/experiments/../clamiter.py:365:::  
staring fit_feats for 13000 iterations


/home/daniel.z/ICML_PIECLAM_020425/experiments/../trainer.py:454:::  

train_model_on_params on bigclam photo 
took 70.10725331306458 seconds


/home/daniel.z/ICML_PIECLAM_020425/experiments/optimization_utils.py:655:::  
Repetition no. 2


/home/daniel.z/ICML_PIECLAM_020425/experiments/../trainer.py:161:::  

Using dataset specific configuration and not global 




/home/daniel.z/ICML_PIECLAM_020425/experiments/../trainer.py:335:::  

 2025-05-24 09:06:03 starting optimization of bigclam on photo on device cuda

 configs_dict: 
{
    "clamiter_init": {
        "dim_feat": 60,
        "dim_attr": 500,
        "s_reg": 0.0,
        "l1_reg": 1,
        "T": 1,
        "hidden_dim": 64,
        "num_coupling_blocks": 32,
        "num_layers_mlp": 2
    },
    "feat_opt": {
        "lr": 5e-06,
        "n_iter": 13000,
        "early_stop": 0
    }
}


/home/daniel.z/ICML_PIECLAM_020425/experiments/../clamiter.py:365:::  
staring fit_feats for 13000 iterations


/home/daniel.z/ICML_PIECLAM_020425/experiments/../trainer.py:454:::  

train_model_on_params on bigclam photo 
took 70.14987325668335 seconds


/home/daniel.z/ICML_PIECLAM_020425/experiments/optimization_utils.py:655:::  
Repetition no. 0


/home/daniel.z/ICML_PIECLAM_020425/experiments/../trainer.py:161:::  

Using dataset specific configuration and not global 




/home/daniel.z/ICML_PIECLAM_020425/experiments/../trainer.py:335:::  

 2025-05-24 09:07:14 starting optimization of bigclam on photo on device cuda

 configs_dict: 
{
    "clamiter_init": {
        "dim_feat": 60,
        "dim_attr": 500,
        "s_reg": 0.0,
        "l1_reg": 1,
        "T": 1,
        "hidden_dim": 64,
        "num_coupling_blocks": 32,
        "num_layers_mlp": 2
    },
    "feat_opt": {
        "lr": 3e-06,
        "n_iter": 7000,
        "early_stop": 0
    }
}


/home/daniel.z/ICML_PIECLAM_020425/experiments/../clamiter.py:365:::  
staring fit_feats for 7000 iterations


/home/daniel.z/ICML_PIECLAM_020425/experiments/../trainer.py:454:::  

train_model_on_params on bigclam photo 
took 37.799968004226685 seconds


/home/daniel.z/ICML_PIECLAM_020425/experiments/optimization_utils.py:655:::  
Repetition no. 1


/home/daniel.z/ICML_PIECLAM_020425/experiments/../trainer.py:161:::  

Using dataset specific configuration and not global 




/home/daniel.z/ICML_PIECLAM_020425/experiments/../trainer.py:335:::  

 2025-05-24 09:07:52 starting optimization of bigclam on photo on device cuda

 configs_dict: 
{
    "clamiter_init": {
        "dim_feat": 60,
        "dim_attr": 500,
        "s_reg": 0.0,
        "l1_reg": 1,
        "T": 1,
        "hidden_dim": 64,
        "num_coupling_blocks": 32,
        "num_layers_mlp": 2
    },
    "feat_opt": {
        "lr": 3e-06,
        "n_iter": 7000,
        "early_stop": 0
    }
}


/home/daniel.z/ICML_PIECLAM_020425/experiments/../clamiter.py:365:::  
staring fit_feats for 7000 iterations


/home/daniel.z/ICML_PIECLAM_020425/experiments/../trainer.py:454:::  

train_model_on_params on bigclam photo 
took 37.7754807472229 seconds


/home/daniel.z/ICML_PIECLAM_020425/experiments/optimization_utils.py:655:::  
Repetition no. 2


/home/daniel.z/ICML_PIECLAM_020425/experiments/../trainer.py:161:::  

Using dataset specific configuration and not global 




/home/daniel.z/ICML_PIECLAM_020425/experiments/../trainer.py:335:::  

 2025-05-24 09:08:30 starting optimization of bigclam on photo on device cuda

 configs_dict: 
{
    "clamiter_init": {
        "dim_feat": 60,
        "dim_attr": 500,
        "s_reg": 0.0,
        "l1_reg": 1,
        "T": 1,
        "hidden_dim": 64,
        "num_coupling_blocks": 32,
        "num_layers_mlp": 2
    },
    "feat_opt": {
        "lr": 3e-06,
        "n_iter": 7000,
        "early_stop": 0
    }
}


/home/daniel.z/ICML_PIECLAM_020425/experiments/../clamiter.py:365:::  
staring fit_feats for 7000 iterations


/home/daniel.z/ICML_PIECLAM_020425/experiments/../trainer.py:454:::  

train_model_on_params on bigclam photo 
took 37.74894380569458 seconds


/home/daniel.z/ICML_PIECLAM_020425/experiments/optimization_utils.py:655:::  
Repetition no. 0


/home/daniel.z/ICML_PIECLAM_020425/experiments/../trainer.py:161:::  

Using dataset specific configuration and not global 




/home/daniel.z/ICML_PIECLAM_020425/experiments/../trainer.py:335:::  

 2025-05-24 09:09:08 starting optimization of bigclam on photo on device cuda

 configs_dict: 
{
    "clamiter_init": {
        "dim_feat": 40,
        "dim_attr": 500,
        "s_reg": 0.0,
        "l1_reg": 1,
        "T": 1,
        "hidden_dim": 64,
        "num_coupling_blocks": 32,
        "num_layers_mlp": 2
    },
    "feat_opt": {
        "lr": 2e-06,
        "n_iter": 13000,
        "early_stop": 0
    }
}


/home/daniel.z/ICML_PIECLAM_020425/experiments/../clamiter.py:365:::  
staring fit_feats for 13000 iterations


/home/daniel.z/ICML_PIECLAM_020425/experiments/../trainer.py:454:::  

train_model_on_params on bigclam photo 
took 50.79530715942383 seconds


/home/daniel.z/ICML_PIECLAM_020425/experiments/optimization_utils.py:655:::  
Repetition no. 1


/home/daniel.z/ICML_PIECLAM_020425/experiments/../trainer.py:161:::  

Using dataset specific configuration and not global 




/home/daniel.z/ICML_PIECLAM_020425/experiments/../trainer.py:335:::  

 2025-05-24 09:09:59 starting optimization of bigclam on photo on device cuda

 configs_dict: 
{
    "clamiter_init": {
        "dim_feat": 40,
        "dim_attr": 500,
        "s_reg": 0.0,
        "l1_reg": 1,
        "T": 1,
        "hidden_dim": 64,
        "num_coupling_blocks": 32,
        "num_layers_mlp": 2
    },
    "feat_opt": {
        "lr": 2e-06,
        "n_iter": 13000,
        "early_stop": 0
    }
}


/home/daniel.z/ICML_PIECLAM_020425/experiments/../clamiter.py:365:::  
staring fit_feats for 13000 iterations


/home/daniel.z/ICML_PIECLAM_020425/experiments/../trainer.py:454:::  

train_model_on_params on bigclam photo 
took 50.75446152687073 seconds


/home/daniel.z/ICML_PIECLAM_020425/experiments/optimization_utils.py:655:::  
Repetition no. 2


/home/daniel.z/ICML_PIECLAM_020425/experiments/../trainer.py:161:::  

Using dataset specific configuration and not global 




/home/daniel.z/ICML_PIECLAM_020425/experiments/../trainer.py:335:::  

 2025-05-24 09:10:50 starting optimization of bigclam on photo on device cuda

 configs_dict: 
{
    "clamiter_init": {
        "dim_feat": 40,
        "dim_attr": 500,
        "s_reg": 0.0,
        "l1_reg": 1,
        "T": 1,
        "hidden_dim": 64,
        "num_coupling_blocks": 32,
        "num_layers_mlp": 2
    },
    "feat_opt": {
        "lr": 2e-06,
        "n_iter": 13000,
        "early_stop": 0
    }
}


/home/daniel.z/ICML_PIECLAM_020425/experiments/../clamiter.py:365:::  
staring fit_feats for 13000 iterations


/home/daniel.z/ICML_PIECLAM_020425/experiments/../trainer.py:454:::  

train_model_on_params on bigclam photo 
took 50.80973196029663 seconds


/home/daniel.z/ICML_PIECLAM_020425/experiments/optimization_utils.py:655:::  
Repetition no. 0


/home/daniel.z/ICML_PIECLAM_020425/experiments/../trainer.py:161:::  

Using dataset specific configuration and not global 




/home/daniel.z/ICML_PIECLAM_020425/experiments/../trainer.py:335:::  

 2025-05-24 09:11:41 starting optimization of bigclam on photo on device cuda

 configs_dict: 
{
    "clamiter_init": {
        "dim_feat": 40,
        "dim_attr": 500,
        "s_reg": 0.0,
        "l1_reg": 1,
        "T": 1,
        "hidden_dim": 64,
        "num_coupling_blocks": 32,
        "num_layers_mlp": 2
    },
    "feat_opt": {
        "lr": 5e-06,
        "n_iter": 10000,
        "early_stop": 0
    }
}


/home/daniel.z/ICML_PIECLAM_020425/experiments/../clamiter.py:365:::  
staring fit_feats for 10000 iterations


/home/daniel.z/ICML_PIECLAM_020425/experiments/../trainer.py:454:::  

train_model_on_params on bigclam photo 
took 39.121697664260864 seconds


/home/daniel.z/ICML_PIECLAM_020425/experiments/optimization_utils.py:655:::  
Repetition no. 1


/home/daniel.z/ICML_PIECLAM_020425/experiments/../trainer.py:161:::  

Using dataset specific configuration and not global 




/home/daniel.z/ICML_PIECLAM_020425/experiments/../trainer.py:335:::  

 2025-05-24 09:12:21 starting optimization of bigclam on photo on device cuda

 configs_dict: 
{
    "clamiter_init": {
        "dim_feat": 40,
        "dim_attr": 500,
        "s_reg": 0.0,
        "l1_reg": 1,
        "T": 1,
        "hidden_dim": 64,
        "num_coupling_blocks": 32,
        "num_layers_mlp": 2
    },
    "feat_opt": {
        "lr": 5e-06,
        "n_iter": 10000,
        "early_stop": 0
    }
}


/home/daniel.z/ICML_PIECLAM_020425/experiments/../clamiter.py:365:::  
staring fit_feats for 10000 iterations


/home/daniel.z/ICML_PIECLAM_020425/experiments/../trainer.py:454:::  

train_model_on_params on bigclam photo 
took 39.13253903388977 seconds


/home/daniel.z/ICML_PIECLAM_020425/experiments/optimization_utils.py:655:::  
Repetition no. 2


/home/daniel.z/ICML_PIECLAM_020425/experiments/../trainer.py:161:::  

Using dataset specific configuration and not global 




/home/daniel.z/ICML_PIECLAM_020425/experiments/../trainer.py:335:::  

 2025-05-24 09:13:00 starting optimization of bigclam on photo on device cuda

 configs_dict: 
{
    "clamiter_init": {
        "dim_feat": 40,
        "dim_attr": 500,
        "s_reg": 0.0,
        "l1_reg": 1,
        "T": 1,
        "hidden_dim": 64,
        "num_coupling_blocks": 32,
        "num_layers_mlp": 2
    },
    "feat_opt": {
        "lr": 5e-06,
        "n_iter": 10000,
        "early_stop": 0
    }
}


/home/daniel.z/ICML_PIECLAM_020425/experiments/../clamiter.py:365:::  
staring fit_feats for 10000 iterations


/home/daniel.z/ICML_PIECLAM_020425/experiments/../trainer.py:454:::  

train_model_on_params on bigclam photo 
took 39.12920141220093 seconds


/home/daniel.z/ICML_PIECLAM_020425/experiments/optimization_utils.py:655:::  
Repetition no. 0


/home/daniel.z/ICML_PIECLAM_020425/experiments/../trainer.py:161:::  

Using dataset specific configuration and not global 




/home/daniel.z/ICML_PIECLAM_020425/experiments/../trainer.py:335:::  

 2025-05-24 09:13:40 starting optimization of bigclam on photo on device cuda

 configs_dict: 
{
    "clamiter_init": {
        "dim_feat": 50,
        "dim_attr": 500,
        "s_reg": 0.0,
        "l1_reg": 1,
        "T": 1,
        "hidden_dim": 64,
        "num_coupling_blocks": 32,
        "num_layers_mlp": 2
    },
    "feat_opt": {
        "lr": 3e-06,
        "n_iter": 7000,
        "early_stop": 0
    }
}


/home/daniel.z/ICML_PIECLAM_020425/experiments/../clamiter.py:365:::  
staring fit_feats for 7000 iterations


/home/daniel.z/ICML_PIECLAM_020425/experiments/../trainer.py:454:::  

train_model_on_params on bigclam photo 
took 32.789875507354736 seconds


/home/daniel.z/ICML_PIECLAM_020425/experiments/optimization_utils.py:655:::  
Repetition no. 1


/home/daniel.z/ICML_PIECLAM_020425/experiments/../trainer.py:161:::  

Using dataset specific configuration and not global 




/home/daniel.z/ICML_PIECLAM_020425/experiments/../trainer.py:335:::  

 2025-05-24 09:14:13 starting optimization of bigclam on photo on device cuda

 configs_dict: 
{
    "clamiter_init": {
        "dim_feat": 50,
        "dim_attr": 500,
        "s_reg": 0.0,
        "l1_reg": 1,
        "T": 1,
        "hidden_dim": 64,
        "num_coupling_blocks": 32,
        "num_layers_mlp": 2
    },
    "feat_opt": {
        "lr": 3e-06,
        "n_iter": 7000,
        "early_stop": 0
    }
}


/home/daniel.z/ICML_PIECLAM_020425/experiments/../clamiter.py:365:::  
staring fit_feats for 7000 iterations


/home/daniel.z/ICML_PIECLAM_020425/experiments/../trainer.py:454:::  

train_model_on_params on bigclam photo 
took 32.75888776779175 seconds


/home/daniel.z/ICML_PIECLAM_020425/experiments/optimization_utils.py:655:::  
Repetition no. 2


/home/daniel.z/ICML_PIECLAM_020425/experiments/../trainer.py:161:::  

Using dataset specific configuration and not global 




/home/daniel.z/ICML_PIECLAM_020425/experiments/../trainer.py:335:::  

 2025-05-24 09:14:46 starting optimization of bigclam on photo on device cuda

 configs_dict: 
{
    "clamiter_init": {
        "dim_feat": 50,
        "dim_attr": 500,
        "s_reg": 0.0,
        "l1_reg": 1,
        "T": 1,
        "hidden_dim": 64,
        "num_coupling_blocks": 32,
        "num_layers_mlp": 2
    },
    "feat_opt": {
        "lr": 3e-06,
        "n_iter": 7000,
        "early_stop": 0
    }
}


/home/daniel.z/ICML_PIECLAM_020425/experiments/../clamiter.py:365:::  
staring fit_feats for 7000 iterations


/home/daniel.z/ICML_PIECLAM_020425/experiments/../trainer.py:454:::  

train_model_on_params on bigclam photo 
took 32.79227948188782 seconds


/home/daniel.z/ICML_PIECLAM_020425/experiments/optimization_utils.py:655:::  
Repetition no. 0


/home/daniel.z/ICML_PIECLAM_020425/experiments/../trainer.py:161:::  

Using dataset specific configuration and not global 




/home/daniel.z/ICML_PIECLAM_020425/experiments/../trainer.py:335:::  

 2025-05-24 09:15:19 starting optimization of bigclam on photo on device cuda

 configs_dict: 
{
    "clamiter_init": {
        "dim_feat": 50,
        "dim_attr": 500,
        "s_reg": 0.0,
        "l1_reg": 1,
        "T": 1,
        "hidden_dim": 64,
        "num_coupling_blocks": 32,
        "num_layers_mlp": 2
    },
    "feat_opt": {
        "lr": 2e-06,
        "n_iter": 13000,
        "early_stop": 0
    }
}


/home/daniel.z/ICML_PIECLAM_020425/experiments/../clamiter.py:365:::  
staring fit_feats for 13000 iterations


/home/daniel.z/ICML_PIECLAM_020425/experiments/../trainer.py:454:::  

train_model_on_params on bigclam photo 
took 60.725770235061646 seconds


/home/daniel.z/ICML_PIECLAM_020425/experiments/optimization_utils.py:655:::  
Repetition no. 1


/home/daniel.z/ICML_PIECLAM_020425/experiments/../trainer.py:161:::  

Using dataset specific configuration and not global 




/home/daniel.z/ICML_PIECLAM_020425/experiments/../trainer.py:335:::  

 2025-05-24 09:16:20 starting optimization of bigclam on photo on device cuda

 configs_dict: 
{
    "clamiter_init": {
        "dim_feat": 50,
        "dim_attr": 500,
        "s_reg": 0.0,
        "l1_reg": 1,
        "T": 1,
        "hidden_dim": 64,
        "num_coupling_blocks": 32,
        "num_layers_mlp": 2
    },
    "feat_opt": {
        "lr": 2e-06,
        "n_iter": 13000,
        "early_stop": 0
    }
}


/home/daniel.z/ICML_PIECLAM_020425/experiments/../clamiter.py:365:::  
staring fit_feats for 13000 iterations


/home/daniel.z/ICML_PIECLAM_020425/experiments/../trainer.py:454:::  

train_model_on_params on bigclam photo 
took 60.757179737091064 seconds


/home/daniel.z/ICML_PIECLAM_020425/experiments/optimization_utils.py:655:::  
Repetition no. 2


/home/daniel.z/ICML_PIECLAM_020425/experiments/../trainer.py:161:::  

Using dataset specific configuration and not global 




/home/daniel.z/ICML_PIECLAM_020425/experiments/../trainer.py:335:::  

 2025-05-24 09:17:21 starting optimization of bigclam on photo on device cuda

 configs_dict: 
{
    "clamiter_init": {
        "dim_feat": 50,
        "dim_attr": 500,
        "s_reg": 0.0,
        "l1_reg": 1,
        "T": 1,
        "hidden_dim": 64,
        "num_coupling_blocks": 32,
        "num_layers_mlp": 2
    },
    "feat_opt": {
        "lr": 2e-06,
        "n_iter": 13000,
        "early_stop": 0
    }
}


/home/daniel.z/ICML_PIECLAM_020425/experiments/../clamiter.py:365:::  
staring fit_feats for 13000 iterations


/home/daniel.z/ICML_PIECLAM_020425/experiments/../trainer.py:454:::  

train_model_on_params on bigclam photo 
took 60.923699378967285 seconds


/home/daniel.z/ICML_PIECLAM_020425/experiments/optimization_utils.py:655:::  
Repetition no. 0


/home/daniel.z/ICML_PIECLAM_020425/experiments/../trainer.py:161:::  

Using dataset specific configuration and not global 




/home/daniel.z/ICML_PIECLAM_020425/experiments/../trainer.py:335:::  

 2025-05-24 09:18:22 starting optimization of bigclam on photo on device cuda

 configs_dict: 
{
    "clamiter_init": {
        "dim_feat": 60,
        "dim_attr": 500,
        "s_reg": 0.0,
        "l1_reg": 1,
        "T": 1,
        "hidden_dim": 64,
        "num_coupling_blocks": 32,
        "num_layers_mlp": 2
    },
    "feat_opt": {
        "lr": 3e-06,
        "n_iter": 10000,
        "early_stop": 0
    }
}


/home/daniel.z/ICML_PIECLAM_020425/experiments/../clamiter.py:365:::  
staring fit_feats for 10000 iterations


/home/daniel.z/ICML_PIECLAM_020425/experiments/../trainer.py:454:::  

train_model_on_params on bigclam photo 
took 53.972167015075684 seconds


/home/daniel.z/ICML_PIECLAM_020425/experiments/optimization_utils.py:655:::  
Repetition no. 1


/home/daniel.z/ICML_PIECLAM_020425/experiments/../trainer.py:161:::  

Using dataset specific configuration and not global 




/home/daniel.z/ICML_PIECLAM_020425/experiments/../trainer.py:335:::  

 2025-05-24 09:19:16 starting optimization of bigclam on photo on device cuda

 configs_dict: 
{
    "clamiter_init": {
        "dim_feat": 60,
        "dim_attr": 500,
        "s_reg": 0.0,
        "l1_reg": 1,
        "T": 1,
        "hidden_dim": 64,
        "num_coupling_blocks": 32,
        "num_layers_mlp": 2
    },
    "feat_opt": {
        "lr": 3e-06,
        "n_iter": 10000,
        "early_stop": 0
    }
}


/home/daniel.z/ICML_PIECLAM_020425/experiments/../clamiter.py:365:::  
staring fit_feats for 10000 iterations


/home/daniel.z/ICML_PIECLAM_020425/experiments/../trainer.py:454:::  

train_model_on_params on bigclam photo 
took 53.97222375869751 seconds


/home/daniel.z/ICML_PIECLAM_020425/experiments/optimization_utils.py:655:::  
Repetition no. 2


/home/daniel.z/ICML_PIECLAM_020425/experiments/../trainer.py:161:::  

Using dataset specific configuration and not global 




/home/daniel.z/ICML_PIECLAM_020425/experiments/../trainer.py:335:::  

 2025-05-24 09:20:11 starting optimization of bigclam on photo on device cuda

 configs_dict: 
{
    "clamiter_init": {
        "dim_feat": 60,
        "dim_attr": 500,
        "s_reg": 0.0,
        "l1_reg": 1,
        "T": 1,
        "hidden_dim": 64,
        "num_coupling_blocks": 32,
        "num_layers_mlp": 2
    },
    "feat_opt": {
        "lr": 3e-06,
        "n_iter": 10000,
        "early_stop": 0
    }
}


/home/daniel.z/ICML_PIECLAM_020425/experiments/../clamiter.py:365:::  
staring fit_feats for 10000 iterations


/home/daniel.z/ICML_PIECLAM_020425/experiments/../trainer.py:454:::  

train_model_on_params on bigclam photo 
took 53.89693784713745 seconds


/home/daniel.z/ICML_PIECLAM_020425/experiments/optimization_utils.py:655:::  
Repetition no. 0


/home/daniel.z/ICML_PIECLAM_020425/experiments/../trainer.py:161:::  

Using dataset specific configuration and not global 




/home/daniel.z/ICML_PIECLAM_020425/experiments/../trainer.py:335:::  

 2025-05-24 09:21:05 starting optimization of bigclam on photo on device cuda

 configs_dict: 
{
    "clamiter_init": {
        "dim_feat": 50,
        "dim_attr": 500,
        "s_reg": 0.0,
        "l1_reg": 1,
        "T": 1,
        "hidden_dim": 64,
        "num_coupling_blocks": 32,
        "num_layers_mlp": 2
    },
    "feat_opt": {
        "lr": 5e-06,
        "n_iter": 7000,
        "early_stop": 0
    }
}


/home/daniel.z/ICML_PIECLAM_020425/experiments/../clamiter.py:365:::  
staring fit_feats for 7000 iterations


/home/daniel.z/ICML_PIECLAM_020425/experiments/../trainer.py:454:::  

train_model_on_params on bigclam photo 
took 32.7488477230072 seconds


/home/daniel.z/ICML_PIECLAM_020425/experiments/optimization_utils.py:655:::  
Repetition no. 1


/home/daniel.z/ICML_PIECLAM_020425/experiments/../trainer.py:161:::  

Using dataset specific configuration and not global 




/home/daniel.z/ICML_PIECLAM_020425/experiments/../trainer.py:335:::  

 2025-05-24 09:21:38 starting optimization of bigclam on photo on device cuda

 configs_dict: 
{
    "clamiter_init": {
        "dim_feat": 50,
        "dim_attr": 500,
        "s_reg": 0.0,
        "l1_reg": 1,
        "T": 1,
        "hidden_dim": 64,
        "num_coupling_blocks": 32,
        "num_layers_mlp": 2
    },
    "feat_opt": {
        "lr": 5e-06,
        "n_iter": 7000,
        "early_stop": 0
    }
}


/home/daniel.z/ICML_PIECLAM_020425/experiments/../clamiter.py:365:::  
staring fit_feats for 7000 iterations


/home/daniel.z/ICML_PIECLAM_020425/experiments/../trainer.py:454:::  

train_model_on_params on bigclam photo 
took 32.76751708984375 seconds


/home/daniel.z/ICML_PIECLAM_020425/experiments/optimization_utils.py:655:::  
Repetition no. 2


/home/daniel.z/ICML_PIECLAM_020425/experiments/../trainer.py:161:::  

Using dataset specific configuration and not global 




/home/daniel.z/ICML_PIECLAM_020425/experiments/../trainer.py:335:::  

 2025-05-24 09:22:11 starting optimization of bigclam on photo on device cuda

 configs_dict: 
{
    "clamiter_init": {
        "dim_feat": 50,
        "dim_attr": 500,
        "s_reg": 0.0,
        "l1_reg": 1,
        "T": 1,
        "hidden_dim": 64,
        "num_coupling_blocks": 32,
        "num_layers_mlp": 2
    },
    "feat_opt": {
        "lr": 5e-06,
        "n_iter": 7000,
        "early_stop": 0
    }
}


/home/daniel.z/ICML_PIECLAM_020425/experiments/../clamiter.py:365:::  
staring fit_feats for 7000 iterations


/home/daniel.z/ICML_PIECLAM_020425/experiments/../trainer.py:454:::  

train_model_on_params on bigclam photo 
took 32.75740647315979 seconds


/home/daniel.z/ICML_PIECLAM_020425/experiments/optimization_utils.py:655:::  
Repetition no. 0


/home/daniel.z/ICML_PIECLAM_020425/experiments/../trainer.py:161:::  

Using dataset specific configuration and not global 




/home/daniel.z/ICML_PIECLAM_020425/experiments/../trainer.py:335:::  

 2025-05-24 09:22:44 starting optimization of bigclam on photo on device cuda

 configs_dict: 
{
    "clamiter_init": {
        "dim_feat": 60,
        "dim_attr": 500,
        "s_reg": 0.0,
        "l1_reg": 1,
        "T": 1,
        "hidden_dim": 64,
        "num_coupling_blocks": 32,
        "num_layers_mlp": 2
    },
    "feat_opt": {
        "lr": 2e-06,
        "n_iter": 7000,
        "early_stop": 0
    }
}


/home/daniel.z/ICML_PIECLAM_020425/experiments/../clamiter.py:365:::  
staring fit_feats for 7000 iterations


/home/daniel.z/ICML_PIECLAM_020425/experiments/../trainer.py:454:::  

train_model_on_params on bigclam photo 
took 37.77595591545105 seconds


/home/daniel.z/ICML_PIECLAM_020425/experiments/optimization_utils.py:655:::  
Repetition no. 1


/home/daniel.z/ICML_PIECLAM_020425/experiments/../trainer.py:161:::  

Using dataset specific configuration and not global 




/home/daniel.z/ICML_PIECLAM_020425/experiments/../trainer.py:335:::  

 2025-05-24 09:23:22 starting optimization of bigclam on photo on device cuda

 configs_dict: 
{
    "clamiter_init": {
        "dim_feat": 60,
        "dim_attr": 500,
        "s_reg": 0.0,
        "l1_reg": 1,
        "T": 1,
        "hidden_dim": 64,
        "num_coupling_blocks": 32,
        "num_layers_mlp": 2
    },
    "feat_opt": {
        "lr": 2e-06,
        "n_iter": 7000,
        "early_stop": 0
    }
}


/home/daniel.z/ICML_PIECLAM_020425/experiments/../clamiter.py:365:::  
staring fit_feats for 7000 iterations


/home/daniel.z/ICML_PIECLAM_020425/experiments/../trainer.py:454:::  

train_model_on_params on bigclam photo 
took 37.78649973869324 seconds


/home/daniel.z/ICML_PIECLAM_020425/experiments/optimization_utils.py:655:::  
Repetition no. 2


/home/daniel.z/ICML_PIECLAM_020425/experiments/../trainer.py:161:::  

Using dataset specific configuration and not global 




/home/daniel.z/ICML_PIECLAM_020425/experiments/../trainer.py:335:::  

 2025-05-24 09:24:00 starting optimization of bigclam on photo on device cuda

 configs_dict: 
{
    "clamiter_init": {
        "dim_feat": 60,
        "dim_attr": 500,
        "s_reg": 0.0,
        "l1_reg": 1,
        "T": 1,
        "hidden_dim": 64,
        "num_coupling_blocks": 32,
        "num_layers_mlp": 2
    },
    "feat_opt": {
        "lr": 2e-06,
        "n_iter": 7000,
        "early_stop": 0
    }
}


/home/daniel.z/ICML_PIECLAM_020425/experiments/../clamiter.py:365:::  
staring fit_feats for 7000 iterations


/home/daniel.z/ICML_PIECLAM_020425/experiments/../trainer.py:454:::  

train_model_on_params on bigclam photo 
took 37.824559688568115 seconds


/home/daniel.z/ICML_PIECLAM_020425/experiments/optimization_utils.py:655:::  
Repetition no. 0


/home/daniel.z/ICML_PIECLAM_020425/experiments/../trainer.py:161:::  

Using dataset specific configuration and not global 




/home/daniel.z/ICML_PIECLAM_020425/experiments/../trainer.py:335:::  

 2025-05-24 09:24:38 starting optimization of bigclam on photo on device cuda

 configs_dict: 
{
    "clamiter_init": {
        "dim_feat": 40,
        "dim_attr": 500,
        "s_reg": 0.0,
        "l1_reg": 1,
        "T": 1,
        "hidden_dim": 64,
        "num_coupling_blocks": 32,
        "num_layers_mlp": 2
    },
    "feat_opt": {
        "lr": 3e-06,
        "n_iter": 7000,
        "early_stop": 0
    }
}


/home/daniel.z/ICML_PIECLAM_020425/experiments/../clamiter.py:365:::  
staring fit_feats for 7000 iterations


/home/daniel.z/ICML_PIECLAM_020425/experiments/../trainer.py:454:::  

train_model_on_params on bigclam photo 
took 27.494781970977783 seconds


/home/daniel.z/ICML_PIECLAM_020425/experiments/optimization_utils.py:655:::  
Repetition no. 1


/home/daniel.z/ICML_PIECLAM_020425/experiments/../trainer.py:161:::  

Using dataset specific configuration and not global 




/home/daniel.z/ICML_PIECLAM_020425/experiments/../trainer.py:335:::  

 2025-05-24 09:25:06 starting optimization of bigclam on photo on device cuda

 configs_dict: 
{
    "clamiter_init": {
        "dim_feat": 40,
        "dim_attr": 500,
        "s_reg": 0.0,
        "l1_reg": 1,
        "T": 1,
        "hidden_dim": 64,
        "num_coupling_blocks": 32,
        "num_layers_mlp": 2
    },
    "feat_opt": {
        "lr": 3e-06,
        "n_iter": 7000,
        "early_stop": 0
    }
}


/home/daniel.z/ICML_PIECLAM_020425/experiments/../clamiter.py:365:::  
staring fit_feats for 7000 iterations


/home/daniel.z/ICML_PIECLAM_020425/experiments/../trainer.py:454:::  

train_model_on_params on bigclam photo 
took 27.504510641098022 seconds


/home/daniel.z/ICML_PIECLAM_020425/experiments/optimization_utils.py:655:::  
Repetition no. 2


/home/daniel.z/ICML_PIECLAM_020425/experiments/../trainer.py:161:::  

Using dataset specific configuration and not global 




/home/daniel.z/ICML_PIECLAM_020425/experiments/../trainer.py:335:::  

 2025-05-24 09:25:34 starting optimization of bigclam on photo on device cuda

 configs_dict: 
{
    "clamiter_init": {
        "dim_feat": 40,
        "dim_attr": 500,
        "s_reg": 0.0,
        "l1_reg": 1,
        "T": 1,
        "hidden_dim": 64,
        "num_coupling_blocks": 32,
        "num_layers_mlp": 2
    },
    "feat_opt": {
        "lr": 3e-06,
        "n_iter": 7000,
        "early_stop": 0
    }
}


/home/daniel.z/ICML_PIECLAM_020425/experiments/../clamiter.py:365:::  
staring fit_feats for 7000 iterations


/home/daniel.z/ICML_PIECLAM_020425/experiments/../trainer.py:454:::  

train_model_on_params on bigclam photo 
took 27.4895281791687 seconds


/home/daniel.z/ICML_PIECLAM_020425/experiments/optimization_utils.py:655:::  
Repetition no. 0


/home/daniel.z/ICML_PIECLAM_020425/experiments/../trainer.py:161:::  

Using dataset specific configuration and not global 




/home/daniel.z/ICML_PIECLAM_020425/experiments/../trainer.py:335:::  

 2025-05-24 09:26:02 starting optimization of bigclam on photo on device cuda

 configs_dict: 
{
    "clamiter_init": {
        "dim_feat": 50,
        "dim_attr": 500,
        "s_reg": 0.0,
        "l1_reg": 1,
        "T": 1,
        "hidden_dim": 64,
        "num_coupling_blocks": 32,
        "num_layers_mlp": 2
    },
    "feat_opt": {
        "lr": 5e-06,
        "n_iter": 10000,
        "early_stop": 0
    }
}


/home/daniel.z/ICML_PIECLAM_020425/experiments/../clamiter.py:365:::  
staring fit_feats for 10000 iterations


/home/daniel.z/ICML_PIECLAM_020425/experiments/../trainer.py:454:::  

train_model_on_params on bigclam photo 
took 46.82693839073181 seconds


/home/daniel.z/ICML_PIECLAM_020425/experiments/optimization_utils.py:655:::  
Repetition no. 1


/home/daniel.z/ICML_PIECLAM_020425/experiments/../trainer.py:161:::  

Using dataset specific configuration and not global 




/home/daniel.z/ICML_PIECLAM_020425/experiments/../trainer.py:335:::  

 2025-05-24 09:26:49 starting optimization of bigclam on photo on device cuda

 configs_dict: 
{
    "clamiter_init": {
        "dim_feat": 50,
        "dim_attr": 500,
        "s_reg": 0.0,
        "l1_reg": 1,
        "T": 1,
        "hidden_dim": 64,
        "num_coupling_blocks": 32,
        "num_layers_mlp": 2
    },
    "feat_opt": {
        "lr": 5e-06,
        "n_iter": 10000,
        "early_stop": 0
    }
}


/home/daniel.z/ICML_PIECLAM_020425/experiments/../clamiter.py:365:::  
staring fit_feats for 10000 iterations


/home/daniel.z/ICML_PIECLAM_020425/experiments/../trainer.py:454:::  

train_model_on_params on bigclam photo 
took 46.77769994735718 seconds


/home/daniel.z/ICML_PIECLAM_020425/experiments/optimization_utils.py:655:::  
Repetition no. 2


/home/daniel.z/ICML_PIECLAM_020425/experiments/../trainer.py:161:::  

Using dataset specific configuration and not global 




/home/daniel.z/ICML_PIECLAM_020425/experiments/../trainer.py:335:::  

 2025-05-24 09:27:36 starting optimization of bigclam on photo on device cuda

 configs_dict: 
{
    "clamiter_init": {
        "dim_feat": 50,
        "dim_attr": 500,
        "s_reg": 0.0,
        "l1_reg": 1,
        "T": 1,
        "hidden_dim": 64,
        "num_coupling_blocks": 32,
        "num_layers_mlp": 2
    },
    "feat_opt": {
        "lr": 5e-06,
        "n_iter": 10000,
        "early_stop": 0
    }
}


/home/daniel.z/ICML_PIECLAM_020425/experiments/../clamiter.py:365:::  
staring fit_feats for 10000 iterations


/home/daniel.z/ICML_PIECLAM_020425/experiments/../trainer.py:454:::  

train_model_on_params on bigclam photo 
took 46.90265870094299 seconds


/home/daniel.z/ICML_PIECLAM_020425/experiments/optimization_utils.py:655:::  
Repetition no. 0


/home/daniel.z/ICML_PIECLAM_020425/experiments/../trainer.py:161:::  

Using dataset specific configuration and not global 




/home/daniel.z/ICML_PIECLAM_020425/experiments/../trainer.py:335:::  

 2025-05-24 09:28:23 starting optimization of bigclam on photo on device cuda

 configs_dict: 
{
    "clamiter_init": {
        "dim_feat": 60,
        "dim_attr": 500,
        "s_reg": 0.0,
        "l1_reg": 1,
        "T": 1,
        "hidden_dim": 64,
        "num_coupling_blocks": 32,
        "num_layers_mlp": 2
    },
    "feat_opt": {
        "lr": 2e-06,
        "n_iter": 13000,
        "early_stop": 0
    }
}


/home/daniel.z/ICML_PIECLAM_020425/experiments/../clamiter.py:365:::  
staring fit_feats for 13000 iterations


/home/daniel.z/ICML_PIECLAM_020425/experiments/../trainer.py:454:::  

train_model_on_params on bigclam photo 
took 70.16987943649292 seconds


/home/daniel.z/ICML_PIECLAM_020425/experiments/optimization_utils.py:655:::  
Repetition no. 1


/home/daniel.z/ICML_PIECLAM_020425/experiments/../trainer.py:161:::  

Using dataset specific configuration and not global 




/home/daniel.z/ICML_PIECLAM_020425/experiments/../trainer.py:335:::  

 2025-05-24 09:29:33 starting optimization of bigclam on photo on device cuda

 configs_dict: 
{
    "clamiter_init": {
        "dim_feat": 60,
        "dim_attr": 500,
        "s_reg": 0.0,
        "l1_reg": 1,
        "T": 1,
        "hidden_dim": 64,
        "num_coupling_blocks": 32,
        "num_layers_mlp": 2
    },
    "feat_opt": {
        "lr": 2e-06,
        "n_iter": 13000,
        "early_stop": 0
    }
}


/home/daniel.z/ICML_PIECLAM_020425/experiments/../clamiter.py:365:::  
staring fit_feats for 13000 iterations


/home/daniel.z/ICML_PIECLAM_020425/experiments/../trainer.py:454:::  

train_model_on_params on bigclam photo 
took 70.09899544715881 seconds


/home/daniel.z/ICML_PIECLAM_020425/experiments/optimization_utils.py:655:::  
Repetition no. 2


/home/daniel.z/ICML_PIECLAM_020425/experiments/../trainer.py:161:::  

Using dataset specific configuration and not global 




/home/daniel.z/ICML_PIECLAM_020425/experiments/../trainer.py:335:::  

 2025-05-24 09:30:44 starting optimization of bigclam on photo on device cuda

 configs_dict: 
{
    "clamiter_init": {
        "dim_feat": 60,
        "dim_attr": 500,
        "s_reg": 0.0,
        "l1_reg": 1,
        "T": 1,
        "hidden_dim": 64,
        "num_coupling_blocks": 32,
        "num_layers_mlp": 2
    },
    "feat_opt": {
        "lr": 2e-06,
        "n_iter": 13000,
        "early_stop": 0
    }
}


/home/daniel.z/ICML_PIECLAM_020425/experiments/../clamiter.py:365:::  
staring fit_feats for 13000 iterations


/home/daniel.z/ICML_PIECLAM_020425/experiments/../trainer.py:454:::  

train_model_on_params on bigclam photo 
took 70.12626218795776 seconds


/home/daniel.z/ICML_PIECLAM_020425/experiments/optimization_utils.py:655:::  
Repetition no. 0


/home/daniel.z/ICML_PIECLAM_020425/experiments/../trainer.py:161:::  

Using dataset specific configuration and not global 




/home/daniel.z/ICML_PIECLAM_020425/experiments/../trainer.py:335:::  

 2025-05-24 09:31:54 starting optimization of bigclam on photo on device cuda

 configs_dict: 
{
    "clamiter_init": {
        "dim_feat": 50,
        "dim_attr": 500,
        "s_reg": 0.0,
        "l1_reg": 1,
        "T": 1,
        "hidden_dim": 64,
        "num_coupling_blocks": 32,
        "num_layers_mlp": 2
    },
    "feat_opt": {
        "lr": 3e-06,
        "n_iter": 10000,
        "early_stop": 0
    }
}


/home/daniel.z/ICML_PIECLAM_020425/experiments/../clamiter.py:365:::  
staring fit_feats for 10000 iterations


/home/daniel.z/ICML_PIECLAM_020425/experiments/../trainer.py:454:::  

train_model_on_params on bigclam photo 
took 46.770549297332764 seconds


/home/daniel.z/ICML_PIECLAM_020425/experiments/optimization_utils.py:655:::  
Repetition no. 1


/home/daniel.z/ICML_PIECLAM_020425/experiments/../trainer.py:161:::  

Using dataset specific configuration and not global 




/home/daniel.z/ICML_PIECLAM_020425/experiments/../trainer.py:335:::  

 2025-05-24 09:32:41 starting optimization of bigclam on photo on device cuda

 configs_dict: 
{
    "clamiter_init": {
        "dim_feat": 50,
        "dim_attr": 500,
        "s_reg": 0.0,
        "l1_reg": 1,
        "T": 1,
        "hidden_dim": 64,
        "num_coupling_blocks": 32,
        "num_layers_mlp": 2
    },
    "feat_opt": {
        "lr": 3e-06,
        "n_iter": 10000,
        "early_stop": 0
    }
}


/home/daniel.z/ICML_PIECLAM_020425/experiments/../clamiter.py:365:::  
staring fit_feats for 10000 iterations


/home/daniel.z/ICML_PIECLAM_020425/experiments/../trainer.py:454:::  

train_model_on_params on bigclam photo 
took 46.80037069320679 seconds


/home/daniel.z/ICML_PIECLAM_020425/experiments/optimization_utils.py:655:::  
Repetition no. 2


/home/daniel.z/ICML_PIECLAM_020425/experiments/../trainer.py:161:::  

Using dataset specific configuration and not global 




/home/daniel.z/ICML_PIECLAM_020425/experiments/../trainer.py:335:::  

 2025-05-24 09:33:28 starting optimization of bigclam on photo on device cuda

 configs_dict: 
{
    "clamiter_init": {
        "dim_feat": 50,
        "dim_attr": 500,
        "s_reg": 0.0,
        "l1_reg": 1,
        "T": 1,
        "hidden_dim": 64,
        "num_coupling_blocks": 32,
        "num_layers_mlp": 2
    },
    "feat_opt": {
        "lr": 3e-06,
        "n_iter": 10000,
        "early_stop": 0
    }
}


/home/daniel.z/ICML_PIECLAM_020425/experiments/../clamiter.py:365:::  
staring fit_feats for 10000 iterations


/home/daniel.z/ICML_PIECLAM_020425/experiments/../trainer.py:454:::  

train_model_on_params on bigclam photo 
took 46.72859334945679 seconds


/home/daniel.z/ICML_PIECLAM_020425/experiments/optimization_utils.py:655:::  
Repetition no. 0


/home/daniel.z/ICML_PIECLAM_020425/experiments/../trainer.py:161:::  

Using dataset specific configuration and not global 




/home/daniel.z/ICML_PIECLAM_020425/experiments/../trainer.py:335:::  

 2025-05-24 09:34:15 starting optimization of bigclam on photo on device cuda

 configs_dict: 
{
    "clamiter_init": {
        "dim_feat": 40,
        "dim_attr": 500,
        "s_reg": 0.0,
        "l1_reg": 1,
        "T": 1,
        "hidden_dim": 64,
        "num_coupling_blocks": 32,
        "num_layers_mlp": 2
    },
    "feat_opt": {
        "lr": 5e-06,
        "n_iter": 7000,
        "early_stop": 0
    }
}


/home/daniel.z/ICML_PIECLAM_020425/experiments/../clamiter.py:365:::  
staring fit_feats for 7000 iterations


/home/daniel.z/ICML_PIECLAM_020425/experiments/../trainer.py:454:::  

train_model_on_params on bigclam photo 
took 27.441053867340088 seconds


/home/daniel.z/ICML_PIECLAM_020425/experiments/optimization_utils.py:655:::  
Repetition no. 1


/home/daniel.z/ICML_PIECLAM_020425/experiments/../trainer.py:161:::  

Using dataset specific configuration and not global 




/home/daniel.z/ICML_PIECLAM_020425/experiments/../trainer.py:335:::  

 2025-05-24 09:34:43 starting optimization of bigclam on photo on device cuda

 configs_dict: 
{
    "clamiter_init": {
        "dim_feat": 40,
        "dim_attr": 500,
        "s_reg": 0.0,
        "l1_reg": 1,
        "T": 1,
        "hidden_dim": 64,
        "num_coupling_blocks": 32,
        "num_layers_mlp": 2
    },
    "feat_opt": {
        "lr": 5e-06,
        "n_iter": 7000,
        "early_stop": 0
    }
}


/home/daniel.z/ICML_PIECLAM_020425/experiments/../clamiter.py:365:::  
staring fit_feats for 7000 iterations


/home/daniel.z/ICML_PIECLAM_020425/experiments/../trainer.py:454:::  

train_model_on_params on bigclam photo 
took 27.43226432800293 seconds


/home/daniel.z/ICML_PIECLAM_020425/experiments/optimization_utils.py:655:::  
Repetition no. 2


/home/daniel.z/ICML_PIECLAM_020425/experiments/../trainer.py:161:::  

Using dataset specific configuration and not global 




/home/daniel.z/ICML_PIECLAM_020425/experiments/../trainer.py:335:::  

 2025-05-24 09:35:11 starting optimization of bigclam on photo on device cuda

 configs_dict: 
{
    "clamiter_init": {
        "dim_feat": 40,
        "dim_attr": 500,
        "s_reg": 0.0,
        "l1_reg": 1,
        "T": 1,
        "hidden_dim": 64,
        "num_coupling_blocks": 32,
        "num_layers_mlp": 2
    },
    "feat_opt": {
        "lr": 5e-06,
        "n_iter": 7000,
        "early_stop": 0
    }
}


/home/daniel.z/ICML_PIECLAM_020425/experiments/../clamiter.py:365:::  
staring fit_feats for 7000 iterations


/home/daniel.z/ICML_PIECLAM_020425/experiments/../trainer.py:454:::  

train_model_on_params on bigclam photo 
took 27.447338819503784 seconds


/home/daniel.z/ICML_PIECLAM_020425/experiments/optimization_utils.py:655:::  
Repetition no. 0


/home/daniel.z/ICML_PIECLAM_020425/experiments/../trainer.py:161:::  

Using dataset specific configuration and not global 




/home/daniel.z/ICML_PIECLAM_020425/experiments/../trainer.py:335:::  

 2025-05-24 09:35:38 starting optimization of bigclam on photo on device cuda

 configs_dict: 
{
    "clamiter_init": {
        "dim_feat": 50,
        "dim_attr": 500,
        "s_reg": 0.0,
        "l1_reg": 1,
        "T": 1,
        "hidden_dim": 64,
        "num_coupling_blocks": 32,
        "num_layers_mlp": 2
    },
    "feat_opt": {
        "lr": 5e-06,
        "n_iter": 13000,
        "early_stop": 0
    }
}


/home/daniel.z/ICML_PIECLAM_020425/experiments/../clamiter.py:365:::  
staring fit_feats for 13000 iterations


/home/daniel.z/ICML_PIECLAM_020425/experiments/../trainer.py:454:::  

train_model_on_params on bigclam photo 
took 60.786391258239746 seconds


/home/daniel.z/ICML_PIECLAM_020425/experiments/optimization_utils.py:655:::  
Repetition no. 1


/home/daniel.z/ICML_PIECLAM_020425/experiments/../trainer.py:161:::  

Using dataset specific configuration and not global 




/home/daniel.z/ICML_PIECLAM_020425/experiments/../trainer.py:335:::  

 2025-05-24 09:36:39 starting optimization of bigclam on photo on device cuda

 configs_dict: 
{
    "clamiter_init": {
        "dim_feat": 50,
        "dim_attr": 500,
        "s_reg": 0.0,
        "l1_reg": 1,
        "T": 1,
        "hidden_dim": 64,
        "num_coupling_blocks": 32,
        "num_layers_mlp": 2
    },
    "feat_opt": {
        "lr": 5e-06,
        "n_iter": 13000,
        "early_stop": 0
    }
}


/home/daniel.z/ICML_PIECLAM_020425/experiments/../clamiter.py:365:::  
staring fit_feats for 13000 iterations


/home/daniel.z/ICML_PIECLAM_020425/experiments/../trainer.py:454:::  

train_model_on_params on bigclam photo 
took 60.820289611816406 seconds


/home/daniel.z/ICML_PIECLAM_020425/experiments/optimization_utils.py:655:::  
Repetition no. 2


/home/daniel.z/ICML_PIECLAM_020425/experiments/../trainer.py:161:::  

Using dataset specific configuration and not global 




/home/daniel.z/ICML_PIECLAM_020425/experiments/../trainer.py:335:::  

 2025-05-24 09:37:41 starting optimization of bigclam on photo on device cuda

 configs_dict: 
{
    "clamiter_init": {
        "dim_feat": 50,
        "dim_attr": 500,
        "s_reg": 0.0,
        "l1_reg": 1,
        "T": 1,
        "hidden_dim": 64,
        "num_coupling_blocks": 32,
        "num_layers_mlp": 2
    },
    "feat_opt": {
        "lr": 5e-06,
        "n_iter": 13000,
        "early_stop": 0
    }
}


/home/daniel.z/ICML_PIECLAM_020425/experiments/../clamiter.py:365:::  
staring fit_feats for 13000 iterations


/home/daniel.z/ICML_PIECLAM_020425/experiments/../trainer.py:454:::  

train_model_on_params on bigclam photo 
took 60.85617208480835 seconds


/home/daniel.z/ICML_PIECLAM_020425/experiments/optimization_utils.py:655:::  
Repetition no. 0


/home/daniel.z/ICML_PIECLAM_020425/experiments/../trainer.py:161:::  

Using dataset specific configuration and not global 




/home/daniel.z/ICML_PIECLAM_020425/experiments/../trainer.py:335:::  

 2025-05-24 09:38:42 starting optimization of bigclam on photo on device cuda

 configs_dict: 
{
    "clamiter_init": {
        "dim_feat": 60,
        "dim_attr": 500,
        "s_reg": 0.0,
        "l1_reg": 1,
        "T": 1,
        "hidden_dim": 64,
        "num_coupling_blocks": 32,
        "num_layers_mlp": 2
    },
    "feat_opt": {
        "lr": 3e-06,
        "n_iter": 13000,
        "early_stop": 0
    }
}


/home/daniel.z/ICML_PIECLAM_020425/experiments/../clamiter.py:365:::  
staring fit_feats for 13000 iterations


/home/daniel.z/ICML_PIECLAM_020425/experiments/../trainer.py:454:::  

train_model_on_params on bigclam photo 
took 70.11179828643799 seconds


/home/daniel.z/ICML_PIECLAM_020425/experiments/optimization_utils.py:655:::  
Repetition no. 1


/home/daniel.z/ICML_PIECLAM_020425/experiments/../trainer.py:161:::  

Using dataset specific configuration and not global 




/home/daniel.z/ICML_PIECLAM_020425/experiments/../trainer.py:335:::  

 2025-05-24 09:39:52 starting optimization of bigclam on photo on device cuda

 configs_dict: 
{
    "clamiter_init": {
        "dim_feat": 60,
        "dim_attr": 500,
        "s_reg": 0.0,
        "l1_reg": 1,
        "T": 1,
        "hidden_dim": 64,
        "num_coupling_blocks": 32,
        "num_layers_mlp": 2
    },
    "feat_opt": {
        "lr": 3e-06,
        "n_iter": 13000,
        "early_stop": 0
    }
}


/home/daniel.z/ICML_PIECLAM_020425/experiments/../clamiter.py:365:::  
staring fit_feats for 13000 iterations


/home/daniel.z/ICML_PIECLAM_020425/experiments/../trainer.py:454:::  

train_model_on_params on bigclam photo 
took 70.14678311347961 seconds


/home/daniel.z/ICML_PIECLAM_020425/experiments/optimization_utils.py:655:::  
Repetition no. 2


/home/daniel.z/ICML_PIECLAM_020425/experiments/../trainer.py:161:::  

Using dataset specific configuration and not global 




/home/daniel.z/ICML_PIECLAM_020425/experiments/../trainer.py:335:::  

 2025-05-24 09:41:03 starting optimization of bigclam on photo on device cuda

 configs_dict: 
{
    "clamiter_init": {
        "dim_feat": 60,
        "dim_attr": 500,
        "s_reg": 0.0,
        "l1_reg": 1,
        "T": 1,
        "hidden_dim": 64,
        "num_coupling_blocks": 32,
        "num_layers_mlp": 2
    },
    "feat_opt": {
        "lr": 3e-06,
        "n_iter": 13000,
        "early_stop": 0
    }
}


/home/daniel.z/ICML_PIECLAM_020425/experiments/../clamiter.py:365:::  
staring fit_feats for 13000 iterations


/home/daniel.z/ICML_PIECLAM_020425/experiments/../trainer.py:454:::  

train_model_on_params on bigclam photo 
took 70.08681964874268 seconds


/home/daniel.z/ICML_PIECLAM_020425/experiments/optimization_utils.py:655:::  
Repetition no. 0


/home/daniel.z/ICML_PIECLAM_020425/experiments/../trainer.py:161:::  

Using dataset specific configuration and not global 




/home/daniel.z/ICML_PIECLAM_020425/experiments/../trainer.py:335:::  

 2025-05-24 09:42:13 starting optimization of bigclam on photo on device cuda

 configs_dict: 
{
    "clamiter_init": {
        "dim_feat": 40,
        "dim_attr": 500,
        "s_reg": 0.0,
        "l1_reg": 1,
        "T": 1,
        "hidden_dim": 64,
        "num_coupling_blocks": 32,
        "num_layers_mlp": 2
    },
    "feat_opt": {
        "lr": 3e-06,
        "n_iter": 10000,
        "early_stop": 0
    }
}


/home/daniel.z/ICML_PIECLAM_020425/experiments/../clamiter.py:365:::  
staring fit_feats for 10000 iterations


/home/daniel.z/ICML_PIECLAM_020425/experiments/../trainer.py:454:::  

train_model_on_params on bigclam photo 
took 39.08539080619812 seconds


/home/daniel.z/ICML_PIECLAM_020425/experiments/optimization_utils.py:655:::  
Repetition no. 1


/home/daniel.z/ICML_PIECLAM_020425/experiments/../trainer.py:161:::  

Using dataset specific configuration and not global 




/home/daniel.z/ICML_PIECLAM_020425/experiments/../trainer.py:335:::  

 2025-05-24 09:42:52 starting optimization of bigclam on photo on device cuda

 configs_dict: 
{
    "clamiter_init": {
        "dim_feat": 40,
        "dim_attr": 500,
        "s_reg": 0.0,
        "l1_reg": 1,
        "T": 1,
        "hidden_dim": 64,
        "num_coupling_blocks": 32,
        "num_layers_mlp": 2
    },
    "feat_opt": {
        "lr": 3e-06,
        "n_iter": 10000,
        "early_stop": 0
    }
}


/home/daniel.z/ICML_PIECLAM_020425/experiments/../clamiter.py:365:::  
staring fit_feats for 10000 iterations


/home/daniel.z/ICML_PIECLAM_020425/experiments/../trainer.py:454:::  

train_model_on_params on bigclam photo 
took 39.107242584228516 seconds


/home/daniel.z/ICML_PIECLAM_020425/experiments/optimization_utils.py:655:::  
Repetition no. 2


/home/daniel.z/ICML_PIECLAM_020425/experiments/../trainer.py:161:::  

Using dataset specific configuration and not global 




/home/daniel.z/ICML_PIECLAM_020425/experiments/../trainer.py:335:::  

 2025-05-24 09:43:32 starting optimization of bigclam on photo on device cuda

 configs_dict: 
{
    "clamiter_init": {
        "dim_feat": 40,
        "dim_attr": 500,
        "s_reg": 0.0,
        "l1_reg": 1,
        "T": 1,
        "hidden_dim": 64,
        "num_coupling_blocks": 32,
        "num_layers_mlp": 2
    },
    "feat_opt": {
        "lr": 3e-06,
        "n_iter": 10000,
        "early_stop": 0
    }
}


/home/daniel.z/ICML_PIECLAM_020425/experiments/../clamiter.py:365:::  
staring fit_feats for 10000 iterations


/home/daniel.z/ICML_PIECLAM_020425/experiments/../trainer.py:454:::  

train_model_on_params on bigclam photo 
took 39.1389262676239 seconds


/home/daniel.z/ICML_PIECLAM_020425/experiments/optimization_utils.py:655:::  
Repetition no. 0


/home/daniel.z/ICML_PIECLAM_020425/experiments/../trainer.py:161:::  

Using dataset specific configuration and not global 




/home/daniel.z/ICML_PIECLAM_020425/experiments/../trainer.py:335:::  

 2025-05-24 09:44:11 starting optimization of bigclam on photo on device cuda

 configs_dict: 
{
    "clamiter_init": {
        "dim_feat": 60,
        "dim_attr": 500,
        "s_reg": 0.0,
        "l1_reg": 1,
        "T": 1,
        "hidden_dim": 64,
        "num_coupling_blocks": 32,
        "num_layers_mlp": 2
    },
    "feat_opt": {
        "lr": 2e-06,
        "n_iter": 10000,
        "early_stop": 0
    }
}


/home/daniel.z/ICML_PIECLAM_020425/experiments/../clamiter.py:365:::  
staring fit_feats for 10000 iterations


/home/daniel.z/ICML_PIECLAM_020425/experiments/../trainer.py:454:::  

train_model_on_params on bigclam photo 
took 53.84004783630371 seconds


/home/daniel.z/ICML_PIECLAM_020425/experiments/optimization_utils.py:655:::  
Repetition no. 1


/home/daniel.z/ICML_PIECLAM_020425/experiments/../trainer.py:161:::  

Using dataset specific configuration and not global 




/home/daniel.z/ICML_PIECLAM_020425/experiments/../trainer.py:335:::  

 2025-05-24 09:45:05 starting optimization of bigclam on photo on device cuda

 configs_dict: 
{
    "clamiter_init": {
        "dim_feat": 60,
        "dim_attr": 500,
        "s_reg": 0.0,
        "l1_reg": 1,
        "T": 1,
        "hidden_dim": 64,
        "num_coupling_blocks": 32,
        "num_layers_mlp": 2
    },
    "feat_opt": {
        "lr": 2e-06,
        "n_iter": 10000,
        "early_stop": 0
    }
}


/home/daniel.z/ICML_PIECLAM_020425/experiments/../clamiter.py:365:::  
staring fit_feats for 10000 iterations


/home/daniel.z/ICML_PIECLAM_020425/experiments/../trainer.py:454:::  

train_model_on_params on bigclam photo 
took 53.95915484428406 seconds


/home/daniel.z/ICML_PIECLAM_020425/experiments/optimization_utils.py:655:::  
Repetition no. 2


/home/daniel.z/ICML_PIECLAM_020425/experiments/../trainer.py:161:::  

Using dataset specific configuration and not global 




/home/daniel.z/ICML_PIECLAM_020425/experiments/../trainer.py:335:::  

 2025-05-24 09:46:00 starting optimization of bigclam on photo on device cuda

 configs_dict: 
{
    "clamiter_init": {
        "dim_feat": 60,
        "dim_attr": 500,
        "s_reg": 0.0,
        "l1_reg": 1,
        "T": 1,
        "hidden_dim": 64,
        "num_coupling_blocks": 32,
        "num_layers_mlp": 2
    },
    "feat_opt": {
        "lr": 2e-06,
        "n_iter": 10000,
        "early_stop": 0
    }
}


/home/daniel.z/ICML_PIECLAM_020425/experiments/../clamiter.py:365:::  
staring fit_feats for 10000 iterations


/home/daniel.z/ICML_PIECLAM_020425/experiments/../trainer.py:454:::  

train_model_on_params on bigclam photo 
took 53.91835165023804 seconds


/home/daniel.z/ICML_PIECLAM_020425/experiments/optimization_utils.py:655:::  
Repetition no. 0


/home/daniel.z/ICML_PIECLAM_020425/experiments/../trainer.py:161:::  

Using dataset specific configuration and not global 




/home/daniel.z/ICML_PIECLAM_020425/experiments/../trainer.py:335:::  

 2025-05-24 09:46:54 starting optimization of bigclam on photo on device cuda

 configs_dict: 
{
    "clamiter_init": {
        "dim_feat": 40,
        "dim_attr": 500,
        "s_reg": 0.0,
        "l1_reg": 1,
        "T": 1,
        "hidden_dim": 64,
        "num_coupling_blocks": 32,
        "num_layers_mlp": 2
    },
    "feat_opt": {
        "lr": 3e-06,
        "n_iter": 13000,
        "early_stop": 0
    }
}


/home/daniel.z/ICML_PIECLAM_020425/experiments/../clamiter.py:365:::  
staring fit_feats for 13000 iterations


/home/daniel.z/ICML_PIECLAM_020425/experiments/../trainer.py:454:::  

train_model_on_params on bigclam photo 
took 50.82012438774109 seconds


/home/daniel.z/ICML_PIECLAM_020425/experiments/optimization_utils.py:655:::  
Repetition no. 1


/home/daniel.z/ICML_PIECLAM_020425/experiments/../trainer.py:161:::  

Using dataset specific configuration and not global 




/home/daniel.z/ICML_PIECLAM_020425/experiments/../trainer.py:335:::  

 2025-05-24 09:47:45 starting optimization of bigclam on photo on device cuda

 configs_dict: 
{
    "clamiter_init": {
        "dim_feat": 40,
        "dim_attr": 500,
        "s_reg": 0.0,
        "l1_reg": 1,
        "T": 1,
        "hidden_dim": 64,
        "num_coupling_blocks": 32,
        "num_layers_mlp": 2
    },
    "feat_opt": {
        "lr": 3e-06,
        "n_iter": 13000,
        "early_stop": 0
    }
}


/home/daniel.z/ICML_PIECLAM_020425/experiments/../clamiter.py:365:::  
staring fit_feats for 13000 iterations


/home/daniel.z/ICML_PIECLAM_020425/experiments/../trainer.py:454:::  

train_model_on_params on bigclam photo 
took 50.78445792198181 seconds


/home/daniel.z/ICML_PIECLAM_020425/experiments/optimization_utils.py:655:::  
Repetition no. 2


/home/daniel.z/ICML_PIECLAM_020425/experiments/../trainer.py:161:::  

Using dataset specific configuration and not global 




/home/daniel.z/ICML_PIECLAM_020425/experiments/../trainer.py:335:::  

 2025-05-24 09:48:36 starting optimization of bigclam on photo on device cuda

 configs_dict: 
{
    "clamiter_init": {
        "dim_feat": 40,
        "dim_attr": 500,
        "s_reg": 0.0,
        "l1_reg": 1,
        "T": 1,
        "hidden_dim": 64,
        "num_coupling_blocks": 32,
        "num_layers_mlp": 2
    },
    "feat_opt": {
        "lr": 3e-06,
        "n_iter": 13000,
        "early_stop": 0
    }
}


/home/daniel.z/ICML_PIECLAM_020425/experiments/../clamiter.py:365:::  
staring fit_feats for 13000 iterations


/home/daniel.z/ICML_PIECLAM_020425/experiments/../trainer.py:454:::  

train_model_on_params on bigclam photo 
took 50.79999399185181 seconds


/home/daniel.z/ICML_PIECLAM_020425/experiments/optimization_utils.py:655:::  
Repetition no. 0


/home/daniel.z/ICML_PIECLAM_020425/experiments/../trainer.py:161:::  

Using dataset specific configuration and not global 




/home/daniel.z/ICML_PIECLAM_020425/experiments/../trainer.py:335:::  

 2025-05-24 09:49:27 starting optimization of bigclam on photo on device cuda

 configs_dict: 
{
    "clamiter_init": {
        "dim_feat": 40,
        "dim_attr": 500,
        "s_reg": 0.0,
        "l1_reg": 1,
        "T": 1,
        "hidden_dim": 64,
        "num_coupling_blocks": 32,
        "num_layers_mlp": 2
    },
    "feat_opt": {
        "lr": 5e-06,
        "n_iter": 13000,
        "early_stop": 0
    }
}


/home/daniel.z/ICML_PIECLAM_020425/experiments/../clamiter.py:365:::  
staring fit_feats for 13000 iterations


/home/daniel.z/ICML_PIECLAM_020425/experiments/../trainer.py:454:::  

train_model_on_params on bigclam photo 
took 50.89291286468506 seconds


/home/daniel.z/ICML_PIECLAM_020425/experiments/optimization_utils.py:655:::  
Repetition no. 1


/home/daniel.z/ICML_PIECLAM_020425/experiments/../trainer.py:161:::  

Using dataset specific configuration and not global 




/home/daniel.z/ICML_PIECLAM_020425/experiments/../trainer.py:335:::  

 2025-05-24 09:50:18 starting optimization of bigclam on photo on device cuda

 configs_dict: 
{
    "clamiter_init": {
        "dim_feat": 40,
        "dim_attr": 500,
        "s_reg": 0.0,
        "l1_reg": 1,
        "T": 1,
        "hidden_dim": 64,
        "num_coupling_blocks": 32,
        "num_layers_mlp": 2
    },
    "feat_opt": {
        "lr": 5e-06,
        "n_iter": 13000,
        "early_stop": 0
    }
}


/home/daniel.z/ICML_PIECLAM_020425/experiments/../clamiter.py:365:::  
staring fit_feats for 13000 iterations


/home/daniel.z/ICML_PIECLAM_020425/experiments/../trainer.py:454:::  

train_model_on_params on bigclam photo 
took 50.89006471633911 seconds


/home/daniel.z/ICML_PIECLAM_020425/experiments/optimization_utils.py:655:::  
Repetition no. 2


/home/daniel.z/ICML_PIECLAM_020425/experiments/../trainer.py:161:::  

Using dataset specific configuration and not global 




/home/daniel.z/ICML_PIECLAM_020425/experiments/../trainer.py:335:::  

 2025-05-24 09:51:09 starting optimization of bigclam on photo on device cuda

 configs_dict: 
{
    "clamiter_init": {
        "dim_feat": 40,
        "dim_attr": 500,
        "s_reg": 0.0,
        "l1_reg": 1,
        "T": 1,
        "hidden_dim": 64,
        "num_coupling_blocks": 32,
        "num_layers_mlp": 2
    },
    "feat_opt": {
        "lr": 5e-06,
        "n_iter": 13000,
        "early_stop": 0
    }
}


/home/daniel.z/ICML_PIECLAM_020425/experiments/../clamiter.py:365:::  
staring fit_feats for 13000 iterations


/home/daniel.z/ICML_PIECLAM_020425/experiments/../trainer.py:454:::  

train_model_on_params on bigclam photo 
took 50.87670111656189 seconds


/home/daniel.z/ICML_PIECLAM_020425/experiments/optimization_utils.py:655:::  
Repetition no. 0


/home/daniel.z/ICML_PIECLAM_020425/experiments/../trainer.py:161:::  

Using dataset specific configuration and not global 




/home/daniel.z/ICML_PIECLAM_020425/experiments/../trainer.py:335:::  

 2025-05-24 09:52:00 starting optimization of bigclam on photo on device cuda

 configs_dict: 
{
    "clamiter_init": {
        "dim_feat": 60,
        "dim_attr": 500,
        "s_reg": 0.0,
        "l1_reg": 1,
        "T": 1,
        "hidden_dim": 64,
        "num_coupling_blocks": 32,
        "num_layers_mlp": 2
    },
    "feat_opt": {
        "lr": 5e-06,
        "n_iter": 10000,
        "early_stop": 0
    }
}


/home/daniel.z/ICML_PIECLAM_020425/experiments/../clamiter.py:365:::  
staring fit_feats for 10000 iterations


/home/daniel.z/ICML_PIECLAM_020425/experiments/../trainer.py:454:::  

train_model_on_params on bigclam photo 
took 53.86463165283203 seconds


/home/daniel.z/ICML_PIECLAM_020425/experiments/optimization_utils.py:655:::  
Repetition no. 1


/home/daniel.z/ICML_PIECLAM_020425/experiments/../trainer.py:161:::  

Using dataset specific configuration and not global 




/home/daniel.z/ICML_PIECLAM_020425/experiments/../trainer.py:335:::  

 2025-05-24 09:52:55 starting optimization of bigclam on photo on device cuda

 configs_dict: 
{
    "clamiter_init": {
        "dim_feat": 60,
        "dim_attr": 500,
        "s_reg": 0.0,
        "l1_reg": 1,
        "T": 1,
        "hidden_dim": 64,
        "num_coupling_blocks": 32,
        "num_layers_mlp": 2
    },
    "feat_opt": {
        "lr": 5e-06,
        "n_iter": 10000,
        "early_stop": 0
    }
}


/home/daniel.z/ICML_PIECLAM_020425/experiments/../clamiter.py:365:::  
staring fit_feats for 10000 iterations


/home/daniel.z/ICML_PIECLAM_020425/experiments/../trainer.py:454:::  

train_model_on_params on bigclam photo 
took 53.94623041152954 seconds


/home/daniel.z/ICML_PIECLAM_020425/experiments/optimization_utils.py:655:::  
Repetition no. 2


/home/daniel.z/ICML_PIECLAM_020425/experiments/../trainer.py:161:::  

Using dataset specific configuration and not global 




/home/daniel.z/ICML_PIECLAM_020425/experiments/../trainer.py:335:::  

 2025-05-24 09:53:49 starting optimization of bigclam on photo on device cuda

 configs_dict: 
{
    "clamiter_init": {
        "dim_feat": 60,
        "dim_attr": 500,
        "s_reg": 0.0,
        "l1_reg": 1,
        "T": 1,
        "hidden_dim": 64,
        "num_coupling_blocks": 32,
        "num_layers_mlp": 2
    },
    "feat_opt": {
        "lr": 5e-06,
        "n_iter": 10000,
        "early_stop": 0
    }
}


/home/daniel.z/ICML_PIECLAM_020425/experiments/../clamiter.py:365:::  
staring fit_feats for 10000 iterations


/home/daniel.z/ICML_PIECLAM_020425/experiments/../trainer.py:454:::  

train_model_on_params on bigclam photo 
took 53.920063495635986 seconds


/home/daniel.z/ICML_PIECLAM_020425/experiments/optimization_utils.py:655:::  
Repetition no. 0


/home/daniel.z/ICML_PIECLAM_020425/experiments/../trainer.py:161:::  

Using dataset specific configuration and not global 




/home/daniel.z/ICML_PIECLAM_020425/experiments/../trainer.py:335:::  

 2025-05-24 09:54:43 starting optimization of bigclam on photo on device cuda

 configs_dict: 
{
    "clamiter_init": {
        "dim_feat": 40,
        "dim_attr": 500,
        "s_reg": 0.0,
        "l1_reg": 1,
        "T": 1,
        "hidden_dim": 64,
        "num_coupling_blocks": 32,
        "num_layers_mlp": 2
    },
    "feat_opt": {
        "lr": 2e-06,
        "n_iter": 7000,
        "early_stop": 0
    }
}


/home/daniel.z/ICML_PIECLAM_020425/experiments/../clamiter.py:365:::  
staring fit_feats for 7000 iterations


/home/daniel.z/ICML_PIECLAM_020425/experiments/../trainer.py:454:::  

train_model_on_params on bigclam photo 
took 27.481133222579956 seconds


/home/daniel.z/ICML_PIECLAM_020425/experiments/optimization_utils.py:655:::  
Repetition no. 1


/home/daniel.z/ICML_PIECLAM_020425/experiments/../trainer.py:161:::  

Using dataset specific configuration and not global 




/home/daniel.z/ICML_PIECLAM_020425/experiments/../trainer.py:335:::  

 2025-05-24 09:55:11 starting optimization of bigclam on photo on device cuda

 configs_dict: 
{
    "clamiter_init": {
        "dim_feat": 40,
        "dim_attr": 500,
        "s_reg": 0.0,
        "l1_reg": 1,
        "T": 1,
        "hidden_dim": 64,
        "num_coupling_blocks": 32,
        "num_layers_mlp": 2
    },
    "feat_opt": {
        "lr": 2e-06,
        "n_iter": 7000,
        "early_stop": 0
    }
}


/home/daniel.z/ICML_PIECLAM_020425/experiments/../clamiter.py:365:::  
staring fit_feats for 7000 iterations


/home/daniel.z/ICML_PIECLAM_020425/experiments/../trainer.py:454:::  

train_model_on_params on bigclam photo 
took 27.485032320022583 seconds


/home/daniel.z/ICML_PIECLAM_020425/experiments/optimization_utils.py:655:::  
Repetition no. 2


/home/daniel.z/ICML_PIECLAM_020425/experiments/../trainer.py:161:::  

Using dataset specific configuration and not global 




/home/daniel.z/ICML_PIECLAM_020425/experiments/../trainer.py:335:::  

 2025-05-24 09:55:39 starting optimization of bigclam on photo on device cuda

 configs_dict: 
{
    "clamiter_init": {
        "dim_feat": 40,
        "dim_attr": 500,
        "s_reg": 0.0,
        "l1_reg": 1,
        "T": 1,
        "hidden_dim": 64,
        "num_coupling_blocks": 32,
        "num_layers_mlp": 2
    },
    "feat_opt": {
        "lr": 2e-06,
        "n_iter": 7000,
        "early_stop": 0
    }
}


/home/daniel.z/ICML_PIECLAM_020425/experiments/../clamiter.py:365:::  
staring fit_feats for 7000 iterations


/home/daniel.z/ICML_PIECLAM_020425/experiments/../trainer.py:454:::  

train_model_on_params on bigclam photo 
took 27.44080948829651 seconds


/home/daniel.z/ICML_PIECLAM_020425/experiments/optimization_utils.py:655:::  
Repetition no. 0


/home/daniel.z/ICML_PIECLAM_020425/experiments/../trainer.py:161:::  

Using dataset specific configuration and not global 




/home/daniel.z/ICML_PIECLAM_020425/experiments/../trainer.py:335:::  

 2025-05-24 09:56:07 starting optimization of bigclam on photo on device cuda

 configs_dict: 
{
    "clamiter_init": {
        "dim_feat": 40,
        "dim_attr": 500,
        "s_reg": 0.0,
        "l1_reg": 1,
        "T": 1,
        "hidden_dim": 64,
        "num_coupling_blocks": 32,
        "num_layers_mlp": 2
    },
    "feat_opt": {
        "lr": 2e-06,
        "n_iter": 10000,
        "early_stop": 0
    }
}


/home/daniel.z/ICML_PIECLAM_020425/experiments/../clamiter.py:365:::  
staring fit_feats for 10000 iterations


/home/daniel.z/ICML_PIECLAM_020425/experiments/../trainer.py:454:::  

train_model_on_params on bigclam photo 
took 39.114314794540405 seconds


/home/daniel.z/ICML_PIECLAM_020425/experiments/optimization_utils.py:655:::  
Repetition no. 1


/home/daniel.z/ICML_PIECLAM_020425/experiments/../trainer.py:161:::  

Using dataset specific configuration and not global 




/home/daniel.z/ICML_PIECLAM_020425/experiments/../trainer.py:335:::  

 2025-05-24 09:56:46 starting optimization of bigclam on photo on device cuda

 configs_dict: 
{
    "clamiter_init": {
        "dim_feat": 40,
        "dim_attr": 500,
        "s_reg": 0.0,
        "l1_reg": 1,
        "T": 1,
        "hidden_dim": 64,
        "num_coupling_blocks": 32,
        "num_layers_mlp": 2
    },
    "feat_opt": {
        "lr": 2e-06,
        "n_iter": 10000,
        "early_stop": 0
    }
}


/home/daniel.z/ICML_PIECLAM_020425/experiments/../clamiter.py:365:::  
staring fit_feats for 10000 iterations


/home/daniel.z/ICML_PIECLAM_020425/experiments/../trainer.py:454:::  

train_model_on_params on bigclam photo 
took 39.108909368515015 seconds


/home/daniel.z/ICML_PIECLAM_020425/experiments/optimization_utils.py:655:::  
Repetition no. 2


/home/daniel.z/ICML_PIECLAM_020425/experiments/../trainer.py:161:::  

Using dataset specific configuration and not global 




/home/daniel.z/ICML_PIECLAM_020425/experiments/../trainer.py:335:::  

 2025-05-24 09:57:26 starting optimization of bigclam on photo on device cuda

 configs_dict: 
{
    "clamiter_init": {
        "dim_feat": 40,
        "dim_attr": 500,
        "s_reg": 0.0,
        "l1_reg": 1,
        "T": 1,
        "hidden_dim": 64,
        "num_coupling_blocks": 32,
        "num_layers_mlp": 2
    },
    "feat_opt": {
        "lr": 2e-06,
        "n_iter": 10000,
        "early_stop": 0
    }
}


/home/daniel.z/ICML_PIECLAM_020425/experiments/../clamiter.py:365:::  
staring fit_feats for 10000 iterations


/home/daniel.z/ICML_PIECLAM_020425/experiments/../trainer.py:454:::  

train_model_on_params on bigclam photo 
took 39.14024353027344 seconds


/home/daniel.z/ICML_PIECLAM_020425/experiments/optimization_utils.py:655:::  
Repetition no. 0


/home/daniel.z/ICML_PIECLAM_020425/experiments/../trainer.py:161:::  

Using dataset specific configuration and not global 




/home/daniel.z/ICML_PIECLAM_020425/experiments/../trainer.py:335:::  

 2025-05-24 09:58:05 starting optimization of bigclam on photo on device cuda

 configs_dict: 
{
    "clamiter_init": {
        "dim_feat": 60,
        "dim_attr": 500,
        "s_reg": 0.0,
        "l1_reg": 1,
        "T": 1,
        "hidden_dim": 64,
        "num_coupling_blocks": 32,
        "num_layers_mlp": 2
    },
    "feat_opt": {
        "lr": 5e-06,
        "n_iter": 7000,
        "early_stop": 0
    }
}


/home/daniel.z/ICML_PIECLAM_020425/experiments/../clamiter.py:365:::  
staring fit_feats for 7000 iterations


/home/daniel.z/ICML_PIECLAM_020425/experiments/../trainer.py:454:::  

train_model_on_params on bigclam photo 
took 37.79662322998047 seconds


/home/daniel.z/ICML_PIECLAM_020425/experiments/optimization_utils.py:655:::  
Repetition no. 1


/home/daniel.z/ICML_PIECLAM_020425/experiments/../trainer.py:161:::  

Using dataset specific configuration and not global 




/home/daniel.z/ICML_PIECLAM_020425/experiments/../trainer.py:335:::  

 2025-05-24 09:58:43 starting optimization of bigclam on photo on device cuda

 configs_dict: 
{
    "clamiter_init": {
        "dim_feat": 60,
        "dim_attr": 500,
        "s_reg": 0.0,
        "l1_reg": 1,
        "T": 1,
        "hidden_dim": 64,
        "num_coupling_blocks": 32,
        "num_layers_mlp": 2
    },
    "feat_opt": {
        "lr": 5e-06,
        "n_iter": 7000,
        "early_stop": 0
    }
}


/home/daniel.z/ICML_PIECLAM_020425/experiments/../clamiter.py:365:::  
staring fit_feats for 7000 iterations


/home/daniel.z/ICML_PIECLAM_020425/experiments/../trainer.py:454:::  

train_model_on_params on bigclam photo 
took 37.786011695861816 seconds


/home/daniel.z/ICML_PIECLAM_020425/experiments/optimization_utils.py:655:::  
Repetition no. 2


/home/daniel.z/ICML_PIECLAM_020425/experiments/../trainer.py:161:::  

Using dataset specific configuration and not global 




/home/daniel.z/ICML_PIECLAM_020425/experiments/../trainer.py:335:::  

 2025-05-24 09:59:21 starting optimization of bigclam on photo on device cuda

 configs_dict: 
{
    "clamiter_init": {
        "dim_feat": 60,
        "dim_attr": 500,
        "s_reg": 0.0,
        "l1_reg": 1,
        "T": 1,
        "hidden_dim": 64,
        "num_coupling_blocks": 32,
        "num_layers_mlp": 2
    },
    "feat_opt": {
        "lr": 5e-06,
        "n_iter": 7000,
        "early_stop": 0
    }
}


/home/daniel.z/ICML_PIECLAM_020425/experiments/../clamiter.py:365:::  
staring fit_feats for 7000 iterations


/home/daniel.z/ICML_PIECLAM_020425/experiments/../trainer.py:454:::  

train_model_on_params on bigclam photo 
took 37.76136302947998 seconds


/home/daniel.z/ICML_PIECLAM_020425/experiments/optimization_utils.py:729:::  


Finished CrossVal!




/home/daniel.z/ICML_PIECLAM_020425/experiments/optimization_utils.py:516:::  
On test set split_19-57_02-05-25 of photo,bigclam
 ======================


/home/daniel.z/ICML_PIECLAM_020425/experiments/optimization_utils.py:633:::  
RunSaver defined to acc_configs path /home/daniel.z/ICML_PIECLAM_020425/experiments/results/link_prediction/auc/photo/bigclam/split_19-57_02-05-25/valid/acc_configs10-00_24-05-25.json


/home/daniel.z/ICML_PIECLAM_020425/experiments/optimization_utils.py:655:::  
Repetition no. 0


/home/daniel.z/ICML_PIECLAM_020425/experiments/../trainer.py:161:::  

Using dataset specific configuration and not global 




/home/daniel.z/ICML_PIECLAM_020425/experiments/../trainer.py:335:::  

 2025-05-24 10:00:02 starting optimization of bigclam on photo on device cuda

 configs_dict: 
{
    "clamiter_init": {
        "dim_feat": 50,
        "dim_attr": 500,
        "s_reg": 0.0,
        "l1_reg": 1,
        "T": 1,
        "hidden_dim": 64,
        "num_coupling_blocks": 32,
        "num_layers_mlp": 2
    },
    "feat_opt": {
        "lr": 3e-06,
        "n_iter": 13000,
        "early_stop": 0
    }
}


/home/daniel.z/ICML_PIECLAM_020425/experiments/../clamiter.py:365:::  
staring fit_feats for 13000 iterations


/home/daniel.z/ICML_PIECLAM_020425/experiments/../trainer.py:454:::  

train_model_on_params on bigclam photo 
took 60.71246075630188 seconds


/home/daniel.z/ICML_PIECLAM_020425/experiments/optimization_utils.py:655:::  
Repetition no. 1


/home/daniel.z/ICML_PIECLAM_020425/experiments/../trainer.py:161:::  

Using dataset specific configuration and not global 




/home/daniel.z/ICML_PIECLAM_020425/experiments/../trainer.py:335:::  

 2025-05-24 10:01:03 starting optimization of bigclam on photo on device cuda

 configs_dict: 
{
    "clamiter_init": {
        "dim_feat": 50,
        "dim_attr": 500,
        "s_reg": 0.0,
        "l1_reg": 1,
        "T": 1,
        "hidden_dim": 64,
        "num_coupling_blocks": 32,
        "num_layers_mlp": 2
    },
    "feat_opt": {
        "lr": 3e-06,
        "n_iter": 13000,
        "early_stop": 0
    }
}


/home/daniel.z/ICML_PIECLAM_020425/experiments/../clamiter.py:365:::  
staring fit_feats for 13000 iterations


/home/daniel.z/ICML_PIECLAM_020425/experiments/../trainer.py:454:::  

train_model_on_params on bigclam photo 
took 60.779902935028076 seconds


/home/daniel.z/ICML_PIECLAM_020425/experiments/optimization_utils.py:655:::  
Repetition no. 2


/home/daniel.z/ICML_PIECLAM_020425/experiments/../trainer.py:161:::  

Using dataset specific configuration and not global 




/home/daniel.z/ICML_PIECLAM_020425/experiments/../trainer.py:335:::  

 2025-05-24 10:02:04 starting optimization of bigclam on photo on device cuda

 configs_dict: 
{
    "clamiter_init": {
        "dim_feat": 50,
        "dim_attr": 500,
        "s_reg": 0.0,
        "l1_reg": 1,
        "T": 1,
        "hidden_dim": 64,
        "num_coupling_blocks": 32,
        "num_layers_mlp": 2
    },
    "feat_opt": {
        "lr": 3e-06,
        "n_iter": 13000,
        "early_stop": 0
    }
}


/home/daniel.z/ICML_PIECLAM_020425/experiments/../clamiter.py:365:::  
staring fit_feats for 13000 iterations


/home/daniel.z/ICML_PIECLAM_020425/experiments/../trainer.py:454:::  

train_model_on_params on bigclam photo 
took 60.74790644645691 seconds


/home/daniel.z/ICML_PIECLAM_020425/experiments/optimization_utils.py:655:::  
Repetition no. 0


/home/daniel.z/ICML_PIECLAM_020425/experiments/../trainer.py:161:::  

Using dataset specific configuration and not global 




/home/daniel.z/ICML_PIECLAM_020425/experiments/../trainer.py:335:::  

 2025-05-24 10:03:05 starting optimization of bigclam on photo on device cuda

 configs_dict: 
{
    "clamiter_init": {
        "dim_feat": 50,
        "dim_attr": 500,
        "s_reg": 0.0,
        "l1_reg": 1,
        "T": 1,
        "hidden_dim": 64,
        "num_coupling_blocks": 32,
        "num_layers_mlp": 2
    },
    "feat_opt": {
        "lr": 2e-06,
        "n_iter": 10000,
        "early_stop": 0
    }
}


/home/daniel.z/ICML_PIECLAM_020425/experiments/../clamiter.py:365:::  
staring fit_feats for 10000 iterations


/home/daniel.z/ICML_PIECLAM_020425/experiments/../trainer.py:454:::  

train_model_on_params on bigclam photo 
took 46.754883766174316 seconds


/home/daniel.z/ICML_PIECLAM_020425/experiments/optimization_utils.py:655:::  
Repetition no. 1


/home/daniel.z/ICML_PIECLAM_020425/experiments/../trainer.py:161:::  

Using dataset specific configuration and not global 




/home/daniel.z/ICML_PIECLAM_020425/experiments/../trainer.py:335:::  

 2025-05-24 10:03:52 starting optimization of bigclam on photo on device cuda

 configs_dict: 
{
    "clamiter_init": {
        "dim_feat": 50,
        "dim_attr": 500,
        "s_reg": 0.0,
        "l1_reg": 1,
        "T": 1,
        "hidden_dim": 64,
        "num_coupling_blocks": 32,
        "num_layers_mlp": 2
    },
    "feat_opt": {
        "lr": 2e-06,
        "n_iter": 10000,
        "early_stop": 0
    }
}


/home/daniel.z/ICML_PIECLAM_020425/experiments/../clamiter.py:365:::  
staring fit_feats for 10000 iterations


/home/daniel.z/ICML_PIECLAM_020425/experiments/../trainer.py:454:::  

train_model_on_params on bigclam photo 
took 46.753326177597046 seconds


/home/daniel.z/ICML_PIECLAM_020425/experiments/optimization_utils.py:655:::  
Repetition no. 2


/home/daniel.z/ICML_PIECLAM_020425/experiments/../trainer.py:161:::  

Using dataset specific configuration and not global 




/home/daniel.z/ICML_PIECLAM_020425/experiments/../trainer.py:335:::  

 2025-05-24 10:04:39 starting optimization of bigclam on photo on device cuda

 configs_dict: 
{
    "clamiter_init": {
        "dim_feat": 50,
        "dim_attr": 500,
        "s_reg": 0.0,
        "l1_reg": 1,
        "T": 1,
        "hidden_dim": 64,
        "num_coupling_blocks": 32,
        "num_layers_mlp": 2
    },
    "feat_opt": {
        "lr": 2e-06,
        "n_iter": 10000,
        "early_stop": 0
    }
}


/home/daniel.z/ICML_PIECLAM_020425/experiments/../clamiter.py:365:::  
staring fit_feats for 10000 iterations


/home/daniel.z/ICML_PIECLAM_020425/experiments/../trainer.py:454:::  

train_model_on_params on bigclam photo 
took 46.89970898628235 seconds


/home/daniel.z/ICML_PIECLAM_020425/experiments/optimization_utils.py:655:::  
Repetition no. 0


/home/daniel.z/ICML_PIECLAM_020425/experiments/../trainer.py:161:::  

Using dataset specific configuration and not global 




/home/daniel.z/ICML_PIECLAM_020425/experiments/../trainer.py:335:::  

 2025-05-24 10:05:26 starting optimization of bigclam on photo on device cuda

 configs_dict: 
{
    "clamiter_init": {
        "dim_feat": 50,
        "dim_attr": 500,
        "s_reg": 0.0,
        "l1_reg": 1,
        "T": 1,
        "hidden_dim": 64,
        "num_coupling_blocks": 32,
        "num_layers_mlp": 2
    },
    "feat_opt": {
        "lr": 2e-06,
        "n_iter": 7000,
        "early_stop": 0
    }
}


/home/daniel.z/ICML_PIECLAM_020425/experiments/../clamiter.py:365:::  
staring fit_feats for 7000 iterations


/home/daniel.z/ICML_PIECLAM_020425/experiments/../trainer.py:454:::  

train_model_on_params on bigclam photo 
took 32.862539291381836 seconds


/home/daniel.z/ICML_PIECLAM_020425/experiments/optimization_utils.py:655:::  
Repetition no. 1


/home/daniel.z/ICML_PIECLAM_020425/experiments/../trainer.py:161:::  

Using dataset specific configuration and not global 




/home/daniel.z/ICML_PIECLAM_020425/experiments/../trainer.py:335:::  

 2025-05-24 10:05:59 starting optimization of bigclam on photo on device cuda

 configs_dict: 
{
    "clamiter_init": {
        "dim_feat": 50,
        "dim_attr": 500,
        "s_reg": 0.0,
        "l1_reg": 1,
        "T": 1,
        "hidden_dim": 64,
        "num_coupling_blocks": 32,
        "num_layers_mlp": 2
    },
    "feat_opt": {
        "lr": 2e-06,
        "n_iter": 7000,
        "early_stop": 0
    }
}


/home/daniel.z/ICML_PIECLAM_020425/experiments/../clamiter.py:365:::  
staring fit_feats for 7000 iterations


/home/daniel.z/ICML_PIECLAM_020425/experiments/../trainer.py:454:::  

train_model_on_params on bigclam photo 
took 32.89507508277893 seconds


/home/daniel.z/ICML_PIECLAM_020425/experiments/optimization_utils.py:655:::  
Repetition no. 2


/home/daniel.z/ICML_PIECLAM_020425/experiments/../trainer.py:161:::  

Using dataset specific configuration and not global 




/home/daniel.z/ICML_PIECLAM_020425/experiments/../trainer.py:335:::  

 2025-05-24 10:06:32 starting optimization of bigclam on photo on device cuda

 configs_dict: 
{
    "clamiter_init": {
        "dim_feat": 50,
        "dim_attr": 500,
        "s_reg": 0.0,
        "l1_reg": 1,
        "T": 1,
        "hidden_dim": 64,
        "num_coupling_blocks": 32,
        "num_layers_mlp": 2
    },
    "feat_opt": {
        "lr": 2e-06,
        "n_iter": 7000,
        "early_stop": 0
    }
}


/home/daniel.z/ICML_PIECLAM_020425/experiments/../clamiter.py:365:::  
staring fit_feats for 7000 iterations


/home/daniel.z/ICML_PIECLAM_020425/experiments/../trainer.py:454:::  

train_model_on_params on bigclam photo 
took 32.84412503242493 seconds


/home/daniel.z/ICML_PIECLAM_020425/experiments/optimization_utils.py:655:::  
Repetition no. 0


/home/daniel.z/ICML_PIECLAM_020425/experiments/../trainer.py:161:::  

Using dataset specific configuration and not global 




/home/daniel.z/ICML_PIECLAM_020425/experiments/../trainer.py:335:::  

 2025-05-24 10:07:05 starting optimization of bigclam on photo on device cuda

 configs_dict: 
{
    "clamiter_init": {
        "dim_feat": 60,
        "dim_attr": 500,
        "s_reg": 0.0,
        "l1_reg": 1,
        "T": 1,
        "hidden_dim": 64,
        "num_coupling_blocks": 32,
        "num_layers_mlp": 2
    },
    "feat_opt": {
        "lr": 5e-06,
        "n_iter": 13000,
        "early_stop": 0
    }
}


/home/daniel.z/ICML_PIECLAM_020425/experiments/../clamiter.py:365:::  
staring fit_feats for 13000 iterations


/home/daniel.z/ICML_PIECLAM_020425/experiments/../trainer.py:454:::  

train_model_on_params on bigclam photo 
took 70.10129761695862 seconds


/home/daniel.z/ICML_PIECLAM_020425/experiments/optimization_utils.py:655:::  
Repetition no. 1


/home/daniel.z/ICML_PIECLAM_020425/experiments/../trainer.py:161:::  

Using dataset specific configuration and not global 




/home/daniel.z/ICML_PIECLAM_020425/experiments/../trainer.py:335:::  

 2025-05-24 10:08:16 starting optimization of bigclam on photo on device cuda

 configs_dict: 
{
    "clamiter_init": {
        "dim_feat": 60,
        "dim_attr": 500,
        "s_reg": 0.0,
        "l1_reg": 1,
        "T": 1,
        "hidden_dim": 64,
        "num_coupling_blocks": 32,
        "num_layers_mlp": 2
    },
    "feat_opt": {
        "lr": 5e-06,
        "n_iter": 13000,
        "early_stop": 0
    }
}


/home/daniel.z/ICML_PIECLAM_020425/experiments/../clamiter.py:365:::  
staring fit_feats for 13000 iterations


/home/daniel.z/ICML_PIECLAM_020425/experiments/../trainer.py:454:::  

train_model_on_params on bigclam photo 
took 70.08516812324524 seconds


/home/daniel.z/ICML_PIECLAM_020425/experiments/optimization_utils.py:655:::  
Repetition no. 2


/home/daniel.z/ICML_PIECLAM_020425/experiments/../trainer.py:161:::  

Using dataset specific configuration and not global 




/home/daniel.z/ICML_PIECLAM_020425/experiments/../trainer.py:335:::  

 2025-05-24 10:09:26 starting optimization of bigclam on photo on device cuda

 configs_dict: 
{
    "clamiter_init": {
        "dim_feat": 60,
        "dim_attr": 500,
        "s_reg": 0.0,
        "l1_reg": 1,
        "T": 1,
        "hidden_dim": 64,
        "num_coupling_blocks": 32,
        "num_layers_mlp": 2
    },
    "feat_opt": {
        "lr": 5e-06,
        "n_iter": 13000,
        "early_stop": 0
    }
}


/home/daniel.z/ICML_PIECLAM_020425/experiments/../clamiter.py:365:::  
staring fit_feats for 13000 iterations


/home/daniel.z/ICML_PIECLAM_020425/experiments/../trainer.py:454:::  

train_model_on_params on bigclam photo 
took 70.15666222572327 seconds


/home/daniel.z/ICML_PIECLAM_020425/experiments/optimization_utils.py:655:::  
Repetition no. 0


/home/daniel.z/ICML_PIECLAM_020425/experiments/../trainer.py:161:::  

Using dataset specific configuration and not global 




/home/daniel.z/ICML_PIECLAM_020425/experiments/../trainer.py:335:::  

 2025-05-24 10:10:36 starting optimization of bigclam on photo on device cuda

 configs_dict: 
{
    "clamiter_init": {
        "dim_feat": 60,
        "dim_attr": 500,
        "s_reg": 0.0,
        "l1_reg": 1,
        "T": 1,
        "hidden_dim": 64,
        "num_coupling_blocks": 32,
        "num_layers_mlp": 2
    },
    "feat_opt": {
        "lr": 3e-06,
        "n_iter": 7000,
        "early_stop": 0
    }
}


/home/daniel.z/ICML_PIECLAM_020425/experiments/../clamiter.py:365:::  
staring fit_feats for 7000 iterations


/home/daniel.z/ICML_PIECLAM_020425/experiments/../trainer.py:454:::  

train_model_on_params on bigclam photo 
took 37.803733587265015 seconds


/home/daniel.z/ICML_PIECLAM_020425/experiments/optimization_utils.py:655:::  
Repetition no. 1


/home/daniel.z/ICML_PIECLAM_020425/experiments/../trainer.py:161:::  

Using dataset specific configuration and not global 




/home/daniel.z/ICML_PIECLAM_020425/experiments/../trainer.py:335:::  

 2025-05-24 10:11:15 starting optimization of bigclam on photo on device cuda

 configs_dict: 
{
    "clamiter_init": {
        "dim_feat": 60,
        "dim_attr": 500,
        "s_reg": 0.0,
        "l1_reg": 1,
        "T": 1,
        "hidden_dim": 64,
        "num_coupling_blocks": 32,
        "num_layers_mlp": 2
    },
    "feat_opt": {
        "lr": 3e-06,
        "n_iter": 7000,
        "early_stop": 0
    }
}


/home/daniel.z/ICML_PIECLAM_020425/experiments/../clamiter.py:365:::  
staring fit_feats for 7000 iterations


/home/daniel.z/ICML_PIECLAM_020425/experiments/../trainer.py:454:::  

train_model_on_params on bigclam photo 
took 37.81551456451416 seconds


/home/daniel.z/ICML_PIECLAM_020425/experiments/optimization_utils.py:655:::  
Repetition no. 2


/home/daniel.z/ICML_PIECLAM_020425/experiments/../trainer.py:161:::  

Using dataset specific configuration and not global 




/home/daniel.z/ICML_PIECLAM_020425/experiments/../trainer.py:335:::  

 2025-05-24 10:11:53 starting optimization of bigclam on photo on device cuda

 configs_dict: 
{
    "clamiter_init": {
        "dim_feat": 60,
        "dim_attr": 500,
        "s_reg": 0.0,
        "l1_reg": 1,
        "T": 1,
        "hidden_dim": 64,
        "num_coupling_blocks": 32,
        "num_layers_mlp": 2
    },
    "feat_opt": {
        "lr": 3e-06,
        "n_iter": 7000,
        "early_stop": 0
    }
}


/home/daniel.z/ICML_PIECLAM_020425/experiments/../clamiter.py:365:::  
staring fit_feats for 7000 iterations


/home/daniel.z/ICML_PIECLAM_020425/experiments/../trainer.py:454:::  

train_model_on_params on bigclam photo 
took 37.7825186252594 seconds


/home/daniel.z/ICML_PIECLAM_020425/experiments/optimization_utils.py:655:::  
Repetition no. 0


/home/daniel.z/ICML_PIECLAM_020425/experiments/../trainer.py:161:::  

Using dataset specific configuration and not global 




/home/daniel.z/ICML_PIECLAM_020425/experiments/../trainer.py:335:::  

 2025-05-24 10:12:31 starting optimization of bigclam on photo on device cuda

 configs_dict: 
{
    "clamiter_init": {
        "dim_feat": 40,
        "dim_attr": 500,
        "s_reg": 0.0,
        "l1_reg": 1,
        "T": 1,
        "hidden_dim": 64,
        "num_coupling_blocks": 32,
        "num_layers_mlp": 2
    },
    "feat_opt": {
        "lr": 2e-06,
        "n_iter": 13000,
        "early_stop": 0
    }
}


/home/daniel.z/ICML_PIECLAM_020425/experiments/../clamiter.py:365:::  
staring fit_feats for 13000 iterations


/home/daniel.z/ICML_PIECLAM_020425/experiments/../trainer.py:454:::  

train_model_on_params on bigclam photo 
took 50.80952215194702 seconds


/home/daniel.z/ICML_PIECLAM_020425/experiments/optimization_utils.py:655:::  
Repetition no. 1


/home/daniel.z/ICML_PIECLAM_020425/experiments/../trainer.py:161:::  

Using dataset specific configuration and not global 




/home/daniel.z/ICML_PIECLAM_020425/experiments/../trainer.py:335:::  

 2025-05-24 10:13:22 starting optimization of bigclam on photo on device cuda

 configs_dict: 
{
    "clamiter_init": {
        "dim_feat": 40,
        "dim_attr": 500,
        "s_reg": 0.0,
        "l1_reg": 1,
        "T": 1,
        "hidden_dim": 64,
        "num_coupling_blocks": 32,
        "num_layers_mlp": 2
    },
    "feat_opt": {
        "lr": 2e-06,
        "n_iter": 13000,
        "early_stop": 0
    }
}


/home/daniel.z/ICML_PIECLAM_020425/experiments/../clamiter.py:365:::  
staring fit_feats for 13000 iterations


/home/daniel.z/ICML_PIECLAM_020425/experiments/../trainer.py:454:::  

train_model_on_params on bigclam photo 
took 50.75912022590637 seconds


/home/daniel.z/ICML_PIECLAM_020425/experiments/optimization_utils.py:655:::  
Repetition no. 2


/home/daniel.z/ICML_PIECLAM_020425/experiments/../trainer.py:161:::  

Using dataset specific configuration and not global 




/home/daniel.z/ICML_PIECLAM_020425/experiments/../trainer.py:335:::  

 2025-05-24 10:14:13 starting optimization of bigclam on photo on device cuda

 configs_dict: 
{
    "clamiter_init": {
        "dim_feat": 40,
        "dim_attr": 500,
        "s_reg": 0.0,
        "l1_reg": 1,
        "T": 1,
        "hidden_dim": 64,
        "num_coupling_blocks": 32,
        "num_layers_mlp": 2
    },
    "feat_opt": {
        "lr": 2e-06,
        "n_iter": 13000,
        "early_stop": 0
    }
}


/home/daniel.z/ICML_PIECLAM_020425/experiments/../clamiter.py:365:::  
staring fit_feats for 13000 iterations


/home/daniel.z/ICML_PIECLAM_020425/experiments/../trainer.py:454:::  

train_model_on_params on bigclam photo 
took 50.77738976478577 seconds


/home/daniel.z/ICML_PIECLAM_020425/experiments/optimization_utils.py:655:::  
Repetition no. 0


/home/daniel.z/ICML_PIECLAM_020425/experiments/../trainer.py:161:::  

Using dataset specific configuration and not global 




/home/daniel.z/ICML_PIECLAM_020425/experiments/../trainer.py:335:::  

 2025-05-24 10:15:04 starting optimization of bigclam on photo on device cuda

 configs_dict: 
{
    "clamiter_init": {
        "dim_feat": 40,
        "dim_attr": 500,
        "s_reg": 0.0,
        "l1_reg": 1,
        "T": 1,
        "hidden_dim": 64,
        "num_coupling_blocks": 32,
        "num_layers_mlp": 2
    },
    "feat_opt": {
        "lr": 5e-06,
        "n_iter": 10000,
        "early_stop": 0
    }
}


/home/daniel.z/ICML_PIECLAM_020425/experiments/../clamiter.py:365:::  
staring fit_feats for 10000 iterations


/home/daniel.z/ICML_PIECLAM_020425/experiments/../trainer.py:454:::  

train_model_on_params on bigclam photo 
took 39.06311297416687 seconds


/home/daniel.z/ICML_PIECLAM_020425/experiments/optimization_utils.py:655:::  
Repetition no. 1


/home/daniel.z/ICML_PIECLAM_020425/experiments/../trainer.py:161:::  

Using dataset specific configuration and not global 




/home/daniel.z/ICML_PIECLAM_020425/experiments/../trainer.py:335:::  

 2025-05-24 10:15:43 starting optimization of bigclam on photo on device cuda

 configs_dict: 
{
    "clamiter_init": {
        "dim_feat": 40,
        "dim_attr": 500,
        "s_reg": 0.0,
        "l1_reg": 1,
        "T": 1,
        "hidden_dim": 64,
        "num_coupling_blocks": 32,
        "num_layers_mlp": 2
    },
    "feat_opt": {
        "lr": 5e-06,
        "n_iter": 10000,
        "early_stop": 0
    }
}


/home/daniel.z/ICML_PIECLAM_020425/experiments/../clamiter.py:365:::  
staring fit_feats for 10000 iterations


/home/daniel.z/ICML_PIECLAM_020425/experiments/../trainer.py:454:::  

train_model_on_params on bigclam photo 
took 39.10569882392883 seconds


/home/daniel.z/ICML_PIECLAM_020425/experiments/optimization_utils.py:655:::  
Repetition no. 2


/home/daniel.z/ICML_PIECLAM_020425/experiments/../trainer.py:161:::  

Using dataset specific configuration and not global 




/home/daniel.z/ICML_PIECLAM_020425/experiments/../trainer.py:335:::  

 2025-05-24 10:16:23 starting optimization of bigclam on photo on device cuda

 configs_dict: 
{
    "clamiter_init": {
        "dim_feat": 40,
        "dim_attr": 500,
        "s_reg": 0.0,
        "l1_reg": 1,
        "T": 1,
        "hidden_dim": 64,
        "num_coupling_blocks": 32,
        "num_layers_mlp": 2
    },
    "feat_opt": {
        "lr": 5e-06,
        "n_iter": 10000,
        "early_stop": 0
    }
}


/home/daniel.z/ICML_PIECLAM_020425/experiments/../clamiter.py:365:::  
staring fit_feats for 10000 iterations


/home/daniel.z/ICML_PIECLAM_020425/experiments/../trainer.py:454:::  

train_model_on_params on bigclam photo 
took 39.05916905403137 seconds


/home/daniel.z/ICML_PIECLAM_020425/experiments/optimization_utils.py:655:::  
Repetition no. 0


/home/daniel.z/ICML_PIECLAM_020425/experiments/../trainer.py:161:::  

Using dataset specific configuration and not global 




/home/daniel.z/ICML_PIECLAM_020425/experiments/../trainer.py:335:::  

 2025-05-24 10:17:02 starting optimization of bigclam on photo on device cuda

 configs_dict: 
{
    "clamiter_init": {
        "dim_feat": 50,
        "dim_attr": 500,
        "s_reg": 0.0,
        "l1_reg": 1,
        "T": 1,
        "hidden_dim": 64,
        "num_coupling_blocks": 32,
        "num_layers_mlp": 2
    },
    "feat_opt": {
        "lr": 3e-06,
        "n_iter": 7000,
        "early_stop": 0
    }
}


/home/daniel.z/ICML_PIECLAM_020425/experiments/../clamiter.py:365:::  
staring fit_feats for 7000 iterations


/home/daniel.z/ICML_PIECLAM_020425/experiments/../trainer.py:454:::  

train_model_on_params on bigclam photo 
took 32.78573536872864 seconds


/home/daniel.z/ICML_PIECLAM_020425/experiments/optimization_utils.py:655:::  
Repetition no. 1


/home/daniel.z/ICML_PIECLAM_020425/experiments/../trainer.py:161:::  

Using dataset specific configuration and not global 




/home/daniel.z/ICML_PIECLAM_020425/experiments/../trainer.py:335:::  

 2025-05-24 10:17:35 starting optimization of bigclam on photo on device cuda

 configs_dict: 
{
    "clamiter_init": {
        "dim_feat": 50,
        "dim_attr": 500,
        "s_reg": 0.0,
        "l1_reg": 1,
        "T": 1,
        "hidden_dim": 64,
        "num_coupling_blocks": 32,
        "num_layers_mlp": 2
    },
    "feat_opt": {
        "lr": 3e-06,
        "n_iter": 7000,
        "early_stop": 0
    }
}


/home/daniel.z/ICML_PIECLAM_020425/experiments/../clamiter.py:365:::  
staring fit_feats for 7000 iterations


/home/daniel.z/ICML_PIECLAM_020425/experiments/../trainer.py:454:::  

train_model_on_params on bigclam photo 
took 32.729332447052 seconds


/home/daniel.z/ICML_PIECLAM_020425/experiments/optimization_utils.py:655:::  
Repetition no. 2


/home/daniel.z/ICML_PIECLAM_020425/experiments/../trainer.py:161:::  

Using dataset specific configuration and not global 




/home/daniel.z/ICML_PIECLAM_020425/experiments/../trainer.py:335:::  

 2025-05-24 10:18:08 starting optimization of bigclam on photo on device cuda

 configs_dict: 
{
    "clamiter_init": {
        "dim_feat": 50,
        "dim_attr": 500,
        "s_reg": 0.0,
        "l1_reg": 1,
        "T": 1,
        "hidden_dim": 64,
        "num_coupling_blocks": 32,
        "num_layers_mlp": 2
    },
    "feat_opt": {
        "lr": 3e-06,
        "n_iter": 7000,
        "early_stop": 0
    }
}


/home/daniel.z/ICML_PIECLAM_020425/experiments/../clamiter.py:365:::  
staring fit_feats for 7000 iterations


/home/daniel.z/ICML_PIECLAM_020425/experiments/../trainer.py:454:::  

train_model_on_params on bigclam photo 
took 32.7802152633667 seconds


/home/daniel.z/ICML_PIECLAM_020425/experiments/optimization_utils.py:655:::  
Repetition no. 0


/home/daniel.z/ICML_PIECLAM_020425/experiments/../trainer.py:161:::  

Using dataset specific configuration and not global 




/home/daniel.z/ICML_PIECLAM_020425/experiments/../trainer.py:335:::  

 2025-05-24 10:18:41 starting optimization of bigclam on photo on device cuda

 configs_dict: 
{
    "clamiter_init": {
        "dim_feat": 50,
        "dim_attr": 500,
        "s_reg": 0.0,
        "l1_reg": 1,
        "T": 1,
        "hidden_dim": 64,
        "num_coupling_blocks": 32,
        "num_layers_mlp": 2
    },
    "feat_opt": {
        "lr": 2e-06,
        "n_iter": 13000,
        "early_stop": 0
    }
}


/home/daniel.z/ICML_PIECLAM_020425/experiments/../clamiter.py:365:::  
staring fit_feats for 13000 iterations


/home/daniel.z/ICML_PIECLAM_020425/experiments/../trainer.py:454:::  

train_model_on_params on bigclam photo 
took 60.641385555267334 seconds


/home/daniel.z/ICML_PIECLAM_020425/experiments/optimization_utils.py:655:::  
Repetition no. 1


/home/daniel.z/ICML_PIECLAM_020425/experiments/../trainer.py:161:::  

Using dataset specific configuration and not global 




/home/daniel.z/ICML_PIECLAM_020425/experiments/../trainer.py:335:::  

 2025-05-24 10:19:42 starting optimization of bigclam on photo on device cuda

 configs_dict: 
{
    "clamiter_init": {
        "dim_feat": 50,
        "dim_attr": 500,
        "s_reg": 0.0,
        "l1_reg": 1,
        "T": 1,
        "hidden_dim": 64,
        "num_coupling_blocks": 32,
        "num_layers_mlp": 2
    },
    "feat_opt": {
        "lr": 2e-06,
        "n_iter": 13000,
        "early_stop": 0
    }
}


/home/daniel.z/ICML_PIECLAM_020425/experiments/../clamiter.py:365:::  
staring fit_feats for 13000 iterations


/home/daniel.z/ICML_PIECLAM_020425/experiments/../trainer.py:454:::  

train_model_on_params on bigclam photo 
took 60.62593698501587 seconds


/home/daniel.z/ICML_PIECLAM_020425/experiments/optimization_utils.py:655:::  
Repetition no. 2


/home/daniel.z/ICML_PIECLAM_020425/experiments/../trainer.py:161:::  

Using dataset specific configuration and not global 




/home/daniel.z/ICML_PIECLAM_020425/experiments/../trainer.py:335:::  

 2025-05-24 10:20:43 starting optimization of bigclam on photo on device cuda

 configs_dict: 
{
    "clamiter_init": {
        "dim_feat": 50,
        "dim_attr": 500,
        "s_reg": 0.0,
        "l1_reg": 1,
        "T": 1,
        "hidden_dim": 64,
        "num_coupling_blocks": 32,
        "num_layers_mlp": 2
    },
    "feat_opt": {
        "lr": 2e-06,
        "n_iter": 13000,
        "early_stop": 0
    }
}


/home/daniel.z/ICML_PIECLAM_020425/experiments/../clamiter.py:365:::  
staring fit_feats for 13000 iterations


/home/daniel.z/ICML_PIECLAM_020425/experiments/../trainer.py:454:::  

train_model_on_params on bigclam photo 
took 60.66003155708313 seconds


/home/daniel.z/ICML_PIECLAM_020425/experiments/optimization_utils.py:655:::  
Repetition no. 0


/home/daniel.z/ICML_PIECLAM_020425/experiments/../trainer.py:161:::  

Using dataset specific configuration and not global 




/home/daniel.z/ICML_PIECLAM_020425/experiments/../trainer.py:335:::  

 2025-05-24 10:21:44 starting optimization of bigclam on photo on device cuda

 configs_dict: 
{
    "clamiter_init": {
        "dim_feat": 60,
        "dim_attr": 500,
        "s_reg": 0.0,
        "l1_reg": 1,
        "T": 1,
        "hidden_dim": 64,
        "num_coupling_blocks": 32,
        "num_layers_mlp": 2
    },
    "feat_opt": {
        "lr": 3e-06,
        "n_iter": 10000,
        "early_stop": 0
    }
}


/home/daniel.z/ICML_PIECLAM_020425/experiments/../clamiter.py:365:::  
staring fit_feats for 10000 iterations


/home/daniel.z/ICML_PIECLAM_020425/experiments/../trainer.py:454:::  

train_model_on_params on bigclam photo 
took 53.831679344177246 seconds


/home/daniel.z/ICML_PIECLAM_020425/experiments/optimization_utils.py:655:::  
Repetition no. 1


/home/daniel.z/ICML_PIECLAM_020425/experiments/../trainer.py:161:::  

Using dataset specific configuration and not global 




/home/daniel.z/ICML_PIECLAM_020425/experiments/../trainer.py:335:::  

 2025-05-24 10:22:38 starting optimization of bigclam on photo on device cuda

 configs_dict: 
{
    "clamiter_init": {
        "dim_feat": 60,
        "dim_attr": 500,
        "s_reg": 0.0,
        "l1_reg": 1,
        "T": 1,
        "hidden_dim": 64,
        "num_coupling_blocks": 32,
        "num_layers_mlp": 2
    },
    "feat_opt": {
        "lr": 3e-06,
        "n_iter": 10000,
        "early_stop": 0
    }
}


/home/daniel.z/ICML_PIECLAM_020425/experiments/../clamiter.py:365:::  
staring fit_feats for 10000 iterations


/home/daniel.z/ICML_PIECLAM_020425/experiments/../trainer.py:454:::  

train_model_on_params on bigclam photo 
took 53.83207130432129 seconds


/home/daniel.z/ICML_PIECLAM_020425/experiments/optimization_utils.py:655:::  
Repetition no. 2


/home/daniel.z/ICML_PIECLAM_020425/experiments/../trainer.py:161:::  

Using dataset specific configuration and not global 




/home/daniel.z/ICML_PIECLAM_020425/experiments/../trainer.py:335:::  

 2025-05-24 10:23:32 starting optimization of bigclam on photo on device cuda

 configs_dict: 
{
    "clamiter_init": {
        "dim_feat": 60,
        "dim_attr": 500,
        "s_reg": 0.0,
        "l1_reg": 1,
        "T": 1,
        "hidden_dim": 64,
        "num_coupling_blocks": 32,
        "num_layers_mlp": 2
    },
    "feat_opt": {
        "lr": 3e-06,
        "n_iter": 10000,
        "early_stop": 0
    }
}


/home/daniel.z/ICML_PIECLAM_020425/experiments/../clamiter.py:365:::  
staring fit_feats for 10000 iterations


/home/daniel.z/ICML_PIECLAM_020425/experiments/../trainer.py:454:::  

train_model_on_params on bigclam photo 
took 53.891788721084595 seconds


/home/daniel.z/ICML_PIECLAM_020425/experiments/optimization_utils.py:655:::  
Repetition no. 0


/home/daniel.z/ICML_PIECLAM_020425/experiments/../trainer.py:161:::  

Using dataset specific configuration and not global 




/home/daniel.z/ICML_PIECLAM_020425/experiments/../trainer.py:335:::  

 2025-05-24 10:24:26 starting optimization of bigclam on photo on device cuda

 configs_dict: 
{
    "clamiter_init": {
        "dim_feat": 50,
        "dim_attr": 500,
        "s_reg": 0.0,
        "l1_reg": 1,
        "T": 1,
        "hidden_dim": 64,
        "num_coupling_blocks": 32,
        "num_layers_mlp": 2
    },
    "feat_opt": {
        "lr": 5e-06,
        "n_iter": 7000,
        "early_stop": 0
    }
}


/home/daniel.z/ICML_PIECLAM_020425/experiments/../clamiter.py:365:::  
staring fit_feats for 7000 iterations


/home/daniel.z/ICML_PIECLAM_020425/experiments/../trainer.py:454:::  

train_model_on_params on bigclam photo 
took 32.74982523918152 seconds


/home/daniel.z/ICML_PIECLAM_020425/experiments/optimization_utils.py:655:::  
Repetition no. 1


/home/daniel.z/ICML_PIECLAM_020425/experiments/../trainer.py:161:::  

Using dataset specific configuration and not global 




/home/daniel.z/ICML_PIECLAM_020425/experiments/../trainer.py:335:::  

 2025-05-24 10:24:59 starting optimization of bigclam on photo on device cuda

 configs_dict: 
{
    "clamiter_init": {
        "dim_feat": 50,
        "dim_attr": 500,
        "s_reg": 0.0,
        "l1_reg": 1,
        "T": 1,
        "hidden_dim": 64,
        "num_coupling_blocks": 32,
        "num_layers_mlp": 2
    },
    "feat_opt": {
        "lr": 5e-06,
        "n_iter": 7000,
        "early_stop": 0
    }
}


/home/daniel.z/ICML_PIECLAM_020425/experiments/../clamiter.py:365:::  
staring fit_feats for 7000 iterations


/home/daniel.z/ICML_PIECLAM_020425/experiments/../trainer.py:454:::  

train_model_on_params on bigclam photo 
took 32.762216329574585 seconds


/home/daniel.z/ICML_PIECLAM_020425/experiments/optimization_utils.py:655:::  
Repetition no. 2


/home/daniel.z/ICML_PIECLAM_020425/experiments/../trainer.py:161:::  

Using dataset specific configuration and not global 




/home/daniel.z/ICML_PIECLAM_020425/experiments/../trainer.py:335:::  

 2025-05-24 10:25:32 starting optimization of bigclam on photo on device cuda

 configs_dict: 
{
    "clamiter_init": {
        "dim_feat": 50,
        "dim_attr": 500,
        "s_reg": 0.0,
        "l1_reg": 1,
        "T": 1,
        "hidden_dim": 64,
        "num_coupling_blocks": 32,
        "num_layers_mlp": 2
    },
    "feat_opt": {
        "lr": 5e-06,
        "n_iter": 7000,
        "early_stop": 0
    }
}


/home/daniel.z/ICML_PIECLAM_020425/experiments/../clamiter.py:365:::  
staring fit_feats for 7000 iterations


/home/daniel.z/ICML_PIECLAM_020425/experiments/../trainer.py:454:::  

train_model_on_params on bigclam photo 
took 32.75998878479004 seconds


/home/daniel.z/ICML_PIECLAM_020425/experiments/optimization_utils.py:655:::  
Repetition no. 0


/home/daniel.z/ICML_PIECLAM_020425/experiments/../trainer.py:161:::  

Using dataset specific configuration and not global 




/home/daniel.z/ICML_PIECLAM_020425/experiments/../trainer.py:335:::  

 2025-05-24 10:26:05 starting optimization of bigclam on photo on device cuda

 configs_dict: 
{
    "clamiter_init": {
        "dim_feat": 60,
        "dim_attr": 500,
        "s_reg": 0.0,
        "l1_reg": 1,
        "T": 1,
        "hidden_dim": 64,
        "num_coupling_blocks": 32,
        "num_layers_mlp": 2
    },
    "feat_opt": {
        "lr": 2e-06,
        "n_iter": 7000,
        "early_stop": 0
    }
}


/home/daniel.z/ICML_PIECLAM_020425/experiments/../clamiter.py:365:::  
staring fit_feats for 7000 iterations


/home/daniel.z/ICML_PIECLAM_020425/experiments/../trainer.py:454:::  

train_model_on_params on bigclam photo 
took 37.777491331100464 seconds


/home/daniel.z/ICML_PIECLAM_020425/experiments/optimization_utils.py:655:::  
Repetition no. 1


/home/daniel.z/ICML_PIECLAM_020425/experiments/../trainer.py:161:::  

Using dataset specific configuration and not global 




/home/daniel.z/ICML_PIECLAM_020425/experiments/../trainer.py:335:::  

 2025-05-24 10:26:43 starting optimization of bigclam on photo on device cuda

 configs_dict: 
{
    "clamiter_init": {
        "dim_feat": 60,
        "dim_attr": 500,
        "s_reg": 0.0,
        "l1_reg": 1,
        "T": 1,
        "hidden_dim": 64,
        "num_coupling_blocks": 32,
        "num_layers_mlp": 2
    },
    "feat_opt": {
        "lr": 2e-06,
        "n_iter": 7000,
        "early_stop": 0
    }
}


/home/daniel.z/ICML_PIECLAM_020425/experiments/../clamiter.py:365:::  
staring fit_feats for 7000 iterations


/home/daniel.z/ICML_PIECLAM_020425/experiments/../trainer.py:454:::  

train_model_on_params on bigclam photo 
took 37.77102875709534 seconds


/home/daniel.z/ICML_PIECLAM_020425/experiments/optimization_utils.py:655:::  
Repetition no. 2


/home/daniel.z/ICML_PIECLAM_020425/experiments/../trainer.py:161:::  

Using dataset specific configuration and not global 




/home/daniel.z/ICML_PIECLAM_020425/experiments/../trainer.py:335:::  

 2025-05-24 10:27:22 starting optimization of bigclam on photo on device cuda

 configs_dict: 
{
    "clamiter_init": {
        "dim_feat": 60,
        "dim_attr": 500,
        "s_reg": 0.0,
        "l1_reg": 1,
        "T": 1,
        "hidden_dim": 64,
        "num_coupling_blocks": 32,
        "num_layers_mlp": 2
    },
    "feat_opt": {
        "lr": 2e-06,
        "n_iter": 7000,
        "early_stop": 0
    }
}


/home/daniel.z/ICML_PIECLAM_020425/experiments/../clamiter.py:365:::  
staring fit_feats for 7000 iterations


/home/daniel.z/ICML_PIECLAM_020425/experiments/../trainer.py:454:::  

train_model_on_params on bigclam photo 
took 37.77958631515503 seconds


/home/daniel.z/ICML_PIECLAM_020425/experiments/optimization_utils.py:655:::  
Repetition no. 0


/home/daniel.z/ICML_PIECLAM_020425/experiments/../trainer.py:161:::  

Using dataset specific configuration and not global 




/home/daniel.z/ICML_PIECLAM_020425/experiments/../trainer.py:335:::  

 2025-05-24 10:28:00 starting optimization of bigclam on photo on device cuda

 configs_dict: 
{
    "clamiter_init": {
        "dim_feat": 40,
        "dim_attr": 500,
        "s_reg": 0.0,
        "l1_reg": 1,
        "T": 1,
        "hidden_dim": 64,
        "num_coupling_blocks": 32,
        "num_layers_mlp": 2
    },
    "feat_opt": {
        "lr": 3e-06,
        "n_iter": 7000,
        "early_stop": 0
    }
}


/home/daniel.z/ICML_PIECLAM_020425/experiments/../clamiter.py:365:::  
staring fit_feats for 7000 iterations


/home/daniel.z/ICML_PIECLAM_020425/experiments/../trainer.py:454:::  

train_model_on_params on bigclam photo 
took 27.419331073760986 seconds


/home/daniel.z/ICML_PIECLAM_020425/experiments/optimization_utils.py:655:::  
Repetition no. 1


/home/daniel.z/ICML_PIECLAM_020425/experiments/../trainer.py:161:::  

Using dataset specific configuration and not global 




/home/daniel.z/ICML_PIECLAM_020425/experiments/../trainer.py:335:::  

 2025-05-24 10:28:27 starting optimization of bigclam on photo on device cuda

 configs_dict: 
{
    "clamiter_init": {
        "dim_feat": 40,
        "dim_attr": 500,
        "s_reg": 0.0,
        "l1_reg": 1,
        "T": 1,
        "hidden_dim": 64,
        "num_coupling_blocks": 32,
        "num_layers_mlp": 2
    },
    "feat_opt": {
        "lr": 3e-06,
        "n_iter": 7000,
        "early_stop": 0
    }
}


/home/daniel.z/ICML_PIECLAM_020425/experiments/../clamiter.py:365:::  
staring fit_feats for 7000 iterations


/home/daniel.z/ICML_PIECLAM_020425/experiments/../trainer.py:454:::  

train_model_on_params on bigclam photo 
took 27.459247589111328 seconds


/home/daniel.z/ICML_PIECLAM_020425/experiments/optimization_utils.py:655:::  
Repetition no. 2


/home/daniel.z/ICML_PIECLAM_020425/experiments/../trainer.py:161:::  

Using dataset specific configuration and not global 




/home/daniel.z/ICML_PIECLAM_020425/experiments/../trainer.py:335:::  

 2025-05-24 10:28:55 starting optimization of bigclam on photo on device cuda

 configs_dict: 
{
    "clamiter_init": {
        "dim_feat": 40,
        "dim_attr": 500,
        "s_reg": 0.0,
        "l1_reg": 1,
        "T": 1,
        "hidden_dim": 64,
        "num_coupling_blocks": 32,
        "num_layers_mlp": 2
    },
    "feat_opt": {
        "lr": 3e-06,
        "n_iter": 7000,
        "early_stop": 0
    }
}


/home/daniel.z/ICML_PIECLAM_020425/experiments/../clamiter.py:365:::  
staring fit_feats for 7000 iterations


/home/daniel.z/ICML_PIECLAM_020425/experiments/../trainer.py:454:::  

train_model_on_params on bigclam photo 
took 27.47582769393921 seconds


/home/daniel.z/ICML_PIECLAM_020425/experiments/optimization_utils.py:655:::  
Repetition no. 0


/home/daniel.z/ICML_PIECLAM_020425/experiments/../trainer.py:161:::  

Using dataset specific configuration and not global 




/home/daniel.z/ICML_PIECLAM_020425/experiments/../trainer.py:335:::  

 2025-05-24 10:29:23 starting optimization of bigclam on photo on device cuda

 configs_dict: 
{
    "clamiter_init": {
        "dim_feat": 50,
        "dim_attr": 500,
        "s_reg": 0.0,
        "l1_reg": 1,
        "T": 1,
        "hidden_dim": 64,
        "num_coupling_blocks": 32,
        "num_layers_mlp": 2
    },
    "feat_opt": {
        "lr": 5e-06,
        "n_iter": 10000,
        "early_stop": 0
    }
}


/home/daniel.z/ICML_PIECLAM_020425/experiments/../clamiter.py:365:::  
staring fit_feats for 10000 iterations


/home/daniel.z/ICML_PIECLAM_020425/experiments/../trainer.py:454:::  

train_model_on_params on bigclam photo 
took 46.82762908935547 seconds


/home/daniel.z/ICML_PIECLAM_020425/experiments/optimization_utils.py:655:::  
Repetition no. 1


/home/daniel.z/ICML_PIECLAM_020425/experiments/../trainer.py:161:::  

Using dataset specific configuration and not global 




/home/daniel.z/ICML_PIECLAM_020425/experiments/../trainer.py:335:::  

 2025-05-24 10:30:10 starting optimization of bigclam on photo on device cuda

 configs_dict: 
{
    "clamiter_init": {
        "dim_feat": 50,
        "dim_attr": 500,
        "s_reg": 0.0,
        "l1_reg": 1,
        "T": 1,
        "hidden_dim": 64,
        "num_coupling_blocks": 32,
        "num_layers_mlp": 2
    },
    "feat_opt": {
        "lr": 5e-06,
        "n_iter": 10000,
        "early_stop": 0
    }
}


/home/daniel.z/ICML_PIECLAM_020425/experiments/../clamiter.py:365:::  
staring fit_feats for 10000 iterations


/home/daniel.z/ICML_PIECLAM_020425/experiments/../trainer.py:454:::  

train_model_on_params on bigclam photo 
took 46.79347777366638 seconds


/home/daniel.z/ICML_PIECLAM_020425/experiments/optimization_utils.py:655:::  
Repetition no. 2


/home/daniel.z/ICML_PIECLAM_020425/experiments/../trainer.py:161:::  

Using dataset specific configuration and not global 




/home/daniel.z/ICML_PIECLAM_020425/experiments/../trainer.py:335:::  

 2025-05-24 10:30:57 starting optimization of bigclam on photo on device cuda

 configs_dict: 
{
    "clamiter_init": {
        "dim_feat": 50,
        "dim_attr": 500,
        "s_reg": 0.0,
        "l1_reg": 1,
        "T": 1,
        "hidden_dim": 64,
        "num_coupling_blocks": 32,
        "num_layers_mlp": 2
    },
    "feat_opt": {
        "lr": 5e-06,
        "n_iter": 10000,
        "early_stop": 0
    }
}


/home/daniel.z/ICML_PIECLAM_020425/experiments/../clamiter.py:365:::  
staring fit_feats for 10000 iterations


/home/daniel.z/ICML_PIECLAM_020425/experiments/../trainer.py:454:::  

train_model_on_params on bigclam photo 
took 46.83260130882263 seconds


/home/daniel.z/ICML_PIECLAM_020425/experiments/optimization_utils.py:655:::  
Repetition no. 0


/home/daniel.z/ICML_PIECLAM_020425/experiments/../trainer.py:161:::  

Using dataset specific configuration and not global 




/home/daniel.z/ICML_PIECLAM_020425/experiments/../trainer.py:335:::  

 2025-05-24 10:31:44 starting optimization of bigclam on photo on device cuda

 configs_dict: 
{
    "clamiter_init": {
        "dim_feat": 60,
        "dim_attr": 500,
        "s_reg": 0.0,
        "l1_reg": 1,
        "T": 1,
        "hidden_dim": 64,
        "num_coupling_blocks": 32,
        "num_layers_mlp": 2
    },
    "feat_opt": {
        "lr": 2e-06,
        "n_iter": 13000,
        "early_stop": 0
    }
}


/home/daniel.z/ICML_PIECLAM_020425/experiments/../clamiter.py:365:::  
staring fit_feats for 13000 iterations


/home/daniel.z/ICML_PIECLAM_020425/experiments/../trainer.py:454:::  

train_model_on_params on bigclam photo 
took 70.06579685211182 seconds


/home/daniel.z/ICML_PIECLAM_020425/experiments/optimization_utils.py:655:::  
Repetition no. 1


/home/daniel.z/ICML_PIECLAM_020425/experiments/../trainer.py:161:::  

Using dataset specific configuration and not global 




/home/daniel.z/ICML_PIECLAM_020425/experiments/../trainer.py:335:::  

 2025-05-24 10:32:54 starting optimization of bigclam on photo on device cuda

 configs_dict: 
{
    "clamiter_init": {
        "dim_feat": 60,
        "dim_attr": 500,
        "s_reg": 0.0,
        "l1_reg": 1,
        "T": 1,
        "hidden_dim": 64,
        "num_coupling_blocks": 32,
        "num_layers_mlp": 2
    },
    "feat_opt": {
        "lr": 2e-06,
        "n_iter": 13000,
        "early_stop": 0
    }
}


/home/daniel.z/ICML_PIECLAM_020425/experiments/../clamiter.py:365:::  
staring fit_feats for 13000 iterations


/home/daniel.z/ICML_PIECLAM_020425/experiments/../trainer.py:454:::  

train_model_on_params on bigclam photo 
took 69.95838022232056 seconds


/home/daniel.z/ICML_PIECLAM_020425/experiments/optimization_utils.py:655:::  
Repetition no. 2


/home/daniel.z/ICML_PIECLAM_020425/experiments/../trainer.py:161:::  

Using dataset specific configuration and not global 




/home/daniel.z/ICML_PIECLAM_020425/experiments/../trainer.py:335:::  

 2025-05-24 10:34:05 starting optimization of bigclam on photo on device cuda

 configs_dict: 
{
    "clamiter_init": {
        "dim_feat": 60,
        "dim_attr": 500,
        "s_reg": 0.0,
        "l1_reg": 1,
        "T": 1,
        "hidden_dim": 64,
        "num_coupling_blocks": 32,
        "num_layers_mlp": 2
    },
    "feat_opt": {
        "lr": 2e-06,
        "n_iter": 13000,
        "early_stop": 0
    }
}


/home/daniel.z/ICML_PIECLAM_020425/experiments/../clamiter.py:365:::  
staring fit_feats for 13000 iterations


/home/daniel.z/ICML_PIECLAM_020425/experiments/../trainer.py:454:::  

train_model_on_params on bigclam photo 
took 69.89523482322693 seconds


/home/daniel.z/ICML_PIECLAM_020425/experiments/optimization_utils.py:655:::  
Repetition no. 0


/home/daniel.z/ICML_PIECLAM_020425/experiments/../trainer.py:161:::  

Using dataset specific configuration and not global 




/home/daniel.z/ICML_PIECLAM_020425/experiments/../trainer.py:335:::  

 2025-05-24 10:35:15 starting optimization of bigclam on photo on device cuda

 configs_dict: 
{
    "clamiter_init": {
        "dim_feat": 50,
        "dim_attr": 500,
        "s_reg": 0.0,
        "l1_reg": 1,
        "T": 1,
        "hidden_dim": 64,
        "num_coupling_blocks": 32,
        "num_layers_mlp": 2
    },
    "feat_opt": {
        "lr": 3e-06,
        "n_iter": 10000,
        "early_stop": 0
    }
}


/home/daniel.z/ICML_PIECLAM_020425/experiments/../clamiter.py:365:::  
staring fit_feats for 10000 iterations


/home/daniel.z/ICML_PIECLAM_020425/experiments/../trainer.py:454:::  

train_model_on_params on bigclam photo 
took 46.75038170814514 seconds


/home/daniel.z/ICML_PIECLAM_020425/experiments/optimization_utils.py:655:::  
Repetition no. 1


/home/daniel.z/ICML_PIECLAM_020425/experiments/../trainer.py:161:::  

Using dataset specific configuration and not global 




/home/daniel.z/ICML_PIECLAM_020425/experiments/../trainer.py:335:::  

 2025-05-24 10:36:02 starting optimization of bigclam on photo on device cuda

 configs_dict: 
{
    "clamiter_init": {
        "dim_feat": 50,
        "dim_attr": 500,
        "s_reg": 0.0,
        "l1_reg": 1,
        "T": 1,
        "hidden_dim": 64,
        "num_coupling_blocks": 32,
        "num_layers_mlp": 2
    },
    "feat_opt": {
        "lr": 3e-06,
        "n_iter": 10000,
        "early_stop": 0
    }
}


/home/daniel.z/ICML_PIECLAM_020425/experiments/../clamiter.py:365:::  
staring fit_feats for 10000 iterations


/home/daniel.z/ICML_PIECLAM_020425/experiments/../trainer.py:454:::  

train_model_on_params on bigclam photo 
took 46.73398208618164 seconds


/home/daniel.z/ICML_PIECLAM_020425/experiments/optimization_utils.py:655:::  
Repetition no. 2


/home/daniel.z/ICML_PIECLAM_020425/experiments/../trainer.py:161:::  

Using dataset specific configuration and not global 




/home/daniel.z/ICML_PIECLAM_020425/experiments/../trainer.py:335:::  

 2025-05-24 10:36:49 starting optimization of bigclam on photo on device cuda

 configs_dict: 
{
    "clamiter_init": {
        "dim_feat": 50,
        "dim_attr": 500,
        "s_reg": 0.0,
        "l1_reg": 1,
        "T": 1,
        "hidden_dim": 64,
        "num_coupling_blocks": 32,
        "num_layers_mlp": 2
    },
    "feat_opt": {
        "lr": 3e-06,
        "n_iter": 10000,
        "early_stop": 0
    }
}


/home/daniel.z/ICML_PIECLAM_020425/experiments/../clamiter.py:365:::  
staring fit_feats for 10000 iterations


/home/daniel.z/ICML_PIECLAM_020425/experiments/../trainer.py:454:::  

train_model_on_params on bigclam photo 
took 46.66660737991333 seconds


/home/daniel.z/ICML_PIECLAM_020425/experiments/optimization_utils.py:655:::  
Repetition no. 0


/home/daniel.z/ICML_PIECLAM_020425/experiments/../trainer.py:161:::  

Using dataset specific configuration and not global 




/home/daniel.z/ICML_PIECLAM_020425/experiments/../trainer.py:335:::  

 2025-05-24 10:37:36 starting optimization of bigclam on photo on device cuda

 configs_dict: 
{
    "clamiter_init": {
        "dim_feat": 40,
        "dim_attr": 500,
        "s_reg": 0.0,
        "l1_reg": 1,
        "T": 1,
        "hidden_dim": 64,
        "num_coupling_blocks": 32,
        "num_layers_mlp": 2
    },
    "feat_opt": {
        "lr": 5e-06,
        "n_iter": 7000,
        "early_stop": 0
    }
}


/home/daniel.z/ICML_PIECLAM_020425/experiments/../clamiter.py:365:::  
staring fit_feats for 7000 iterations


/home/daniel.z/ICML_PIECLAM_020425/experiments/../trainer.py:454:::  

train_model_on_params on bigclam photo 
took 27.393558263778687 seconds


/home/daniel.z/ICML_PIECLAM_020425/experiments/optimization_utils.py:655:::  
Repetition no. 1


/home/daniel.z/ICML_PIECLAM_020425/experiments/../trainer.py:161:::  

Using dataset specific configuration and not global 




/home/daniel.z/ICML_PIECLAM_020425/experiments/../trainer.py:335:::  

 2025-05-24 10:38:04 starting optimization of bigclam on photo on device cuda

 configs_dict: 
{
    "clamiter_init": {
        "dim_feat": 40,
        "dim_attr": 500,
        "s_reg": 0.0,
        "l1_reg": 1,
        "T": 1,
        "hidden_dim": 64,
        "num_coupling_blocks": 32,
        "num_layers_mlp": 2
    },
    "feat_opt": {
        "lr": 5e-06,
        "n_iter": 7000,
        "early_stop": 0
    }
}


/home/daniel.z/ICML_PIECLAM_020425/experiments/../clamiter.py:365:::  
staring fit_feats for 7000 iterations


/home/daniel.z/ICML_PIECLAM_020425/experiments/../trainer.py:454:::  

train_model_on_params on bigclam photo 
took 27.414050817489624 seconds


/home/daniel.z/ICML_PIECLAM_020425/experiments/optimization_utils.py:655:::  
Repetition no. 2


/home/daniel.z/ICML_PIECLAM_020425/experiments/../trainer.py:161:::  

Using dataset specific configuration and not global 




/home/daniel.z/ICML_PIECLAM_020425/experiments/../trainer.py:335:::  

 2025-05-24 10:38:31 starting optimization of bigclam on photo on device cuda

 configs_dict: 
{
    "clamiter_init": {
        "dim_feat": 40,
        "dim_attr": 500,
        "s_reg": 0.0,
        "l1_reg": 1,
        "T": 1,
        "hidden_dim": 64,
        "num_coupling_blocks": 32,
        "num_layers_mlp": 2
    },
    "feat_opt": {
        "lr": 5e-06,
        "n_iter": 7000,
        "early_stop": 0
    }
}


/home/daniel.z/ICML_PIECLAM_020425/experiments/../clamiter.py:365:::  
staring fit_feats for 7000 iterations


/home/daniel.z/ICML_PIECLAM_020425/experiments/../trainer.py:454:::  

train_model_on_params on bigclam photo 
took 27.380010843276978 seconds


/home/daniel.z/ICML_PIECLAM_020425/experiments/optimization_utils.py:655:::  
Repetition no. 0


/home/daniel.z/ICML_PIECLAM_020425/experiments/../trainer.py:161:::  

Using dataset specific configuration and not global 




/home/daniel.z/ICML_PIECLAM_020425/experiments/../trainer.py:335:::  

 2025-05-24 10:38:59 starting optimization of bigclam on photo on device cuda

 configs_dict: 
{
    "clamiter_init": {
        "dim_feat": 50,
        "dim_attr": 500,
        "s_reg": 0.0,
        "l1_reg": 1,
        "T": 1,
        "hidden_dim": 64,
        "num_coupling_blocks": 32,
        "num_layers_mlp": 2
    },
    "feat_opt": {
        "lr": 5e-06,
        "n_iter": 13000,
        "early_stop": 0
    }
}


/home/daniel.z/ICML_PIECLAM_020425/experiments/../clamiter.py:365:::  
staring fit_feats for 13000 iterations


/home/daniel.z/ICML_PIECLAM_020425/experiments/../trainer.py:454:::  

train_model_on_params on bigclam photo 
took 60.74251341819763 seconds


/home/daniel.z/ICML_PIECLAM_020425/experiments/optimization_utils.py:655:::  
Repetition no. 1


/home/daniel.z/ICML_PIECLAM_020425/experiments/../trainer.py:161:::  

Using dataset specific configuration and not global 




/home/daniel.z/ICML_PIECLAM_020425/experiments/../trainer.py:335:::  

 2025-05-24 10:40:00 starting optimization of bigclam on photo on device cuda

 configs_dict: 
{
    "clamiter_init": {
        "dim_feat": 50,
        "dim_attr": 500,
        "s_reg": 0.0,
        "l1_reg": 1,
        "T": 1,
        "hidden_dim": 64,
        "num_coupling_blocks": 32,
        "num_layers_mlp": 2
    },
    "feat_opt": {
        "lr": 5e-06,
        "n_iter": 13000,
        "early_stop": 0
    }
}


/home/daniel.z/ICML_PIECLAM_020425/experiments/../clamiter.py:365:::  
staring fit_feats for 13000 iterations


/home/daniel.z/ICML_PIECLAM_020425/experiments/../trainer.py:454:::  

train_model_on_params on bigclam photo 
took 60.67560172080994 seconds


/home/daniel.z/ICML_PIECLAM_020425/experiments/optimization_utils.py:655:::  
Repetition no. 2


/home/daniel.z/ICML_PIECLAM_020425/experiments/../trainer.py:161:::  

Using dataset specific configuration and not global 




/home/daniel.z/ICML_PIECLAM_020425/experiments/../trainer.py:335:::  

 2025-05-24 10:41:01 starting optimization of bigclam on photo on device cuda

 configs_dict: 
{
    "clamiter_init": {
        "dim_feat": 50,
        "dim_attr": 500,
        "s_reg": 0.0,
        "l1_reg": 1,
        "T": 1,
        "hidden_dim": 64,
        "num_coupling_blocks": 32,
        "num_layers_mlp": 2
    },
    "feat_opt": {
        "lr": 5e-06,
        "n_iter": 13000,
        "early_stop": 0
    }
}


/home/daniel.z/ICML_PIECLAM_020425/experiments/../clamiter.py:365:::  
staring fit_feats for 13000 iterations


/home/daniel.z/ICML_PIECLAM_020425/experiments/../trainer.py:454:::  

train_model_on_params on bigclam photo 
took 60.73950386047363 seconds


/home/daniel.z/ICML_PIECLAM_020425/experiments/optimization_utils.py:655:::  
Repetition no. 0


/home/daniel.z/ICML_PIECLAM_020425/experiments/../trainer.py:161:::  

Using dataset specific configuration and not global 




/home/daniel.z/ICML_PIECLAM_020425/experiments/../trainer.py:335:::  

 2025-05-24 10:42:02 starting optimization of bigclam on photo on device cuda

 configs_dict: 
{
    "clamiter_init": {
        "dim_feat": 60,
        "dim_attr": 500,
        "s_reg": 0.0,
        "l1_reg": 1,
        "T": 1,
        "hidden_dim": 64,
        "num_coupling_blocks": 32,
        "num_layers_mlp": 2
    },
    "feat_opt": {
        "lr": 3e-06,
        "n_iter": 13000,
        "early_stop": 0
    }
}


/home/daniel.z/ICML_PIECLAM_020425/experiments/../clamiter.py:365:::  
staring fit_feats for 13000 iterations


/home/daniel.z/ICML_PIECLAM_020425/experiments/../trainer.py:454:::  

train_model_on_params on bigclam photo 
took 70.02222561836243 seconds


/home/daniel.z/ICML_PIECLAM_020425/experiments/optimization_utils.py:655:::  
Repetition no. 1


/home/daniel.z/ICML_PIECLAM_020425/experiments/../trainer.py:161:::  

Using dataset specific configuration and not global 




/home/daniel.z/ICML_PIECLAM_020425/experiments/../trainer.py:335:::  

 2025-05-24 10:43:12 starting optimization of bigclam on photo on device cuda

 configs_dict: 
{
    "clamiter_init": {
        "dim_feat": 60,
        "dim_attr": 500,
        "s_reg": 0.0,
        "l1_reg": 1,
        "T": 1,
        "hidden_dim": 64,
        "num_coupling_blocks": 32,
        "num_layers_mlp": 2
    },
    "feat_opt": {
        "lr": 3e-06,
        "n_iter": 13000,
        "early_stop": 0
    }
}


/home/daniel.z/ICML_PIECLAM_020425/experiments/../clamiter.py:365:::  
staring fit_feats for 13000 iterations


/home/daniel.z/ICML_PIECLAM_020425/experiments/../trainer.py:454:::  

train_model_on_params on bigclam photo 
took 70.10777139663696 seconds


/home/daniel.z/ICML_PIECLAM_020425/experiments/optimization_utils.py:655:::  
Repetition no. 2


/home/daniel.z/ICML_PIECLAM_020425/experiments/../trainer.py:161:::  

Using dataset specific configuration and not global 




/home/daniel.z/ICML_PIECLAM_020425/experiments/../trainer.py:335:::  

 2025-05-24 10:44:23 starting optimization of bigclam on photo on device cuda

 configs_dict: 
{
    "clamiter_init": {
        "dim_feat": 60,
        "dim_attr": 500,
        "s_reg": 0.0,
        "l1_reg": 1,
        "T": 1,
        "hidden_dim": 64,
        "num_coupling_blocks": 32,
        "num_layers_mlp": 2
    },
    "feat_opt": {
        "lr": 3e-06,
        "n_iter": 13000,
        "early_stop": 0
    }
}


/home/daniel.z/ICML_PIECLAM_020425/experiments/../clamiter.py:365:::  
staring fit_feats for 13000 iterations


/home/daniel.z/ICML_PIECLAM_020425/experiments/../trainer.py:454:::  

train_model_on_params on bigclam photo 
took 69.9882583618164 seconds


/home/daniel.z/ICML_PIECLAM_020425/experiments/optimization_utils.py:655:::  
Repetition no. 0


/home/daniel.z/ICML_PIECLAM_020425/experiments/../trainer.py:161:::  

Using dataset specific configuration and not global 




/home/daniel.z/ICML_PIECLAM_020425/experiments/../trainer.py:335:::  

 2025-05-24 10:45:33 starting optimization of bigclam on photo on device cuda

 configs_dict: 
{
    "clamiter_init": {
        "dim_feat": 40,
        "dim_attr": 500,
        "s_reg": 0.0,
        "l1_reg": 1,
        "T": 1,
        "hidden_dim": 64,
        "num_coupling_blocks": 32,
        "num_layers_mlp": 2
    },
    "feat_opt": {
        "lr": 3e-06,
        "n_iter": 10000,
        "early_stop": 0
    }
}


/home/daniel.z/ICML_PIECLAM_020425/experiments/../clamiter.py:365:::  
staring fit_feats for 10000 iterations


/home/daniel.z/ICML_PIECLAM_020425/experiments/../trainer.py:454:::  

train_model_on_params on bigclam photo 
took 39.21493196487427 seconds


/home/daniel.z/ICML_PIECLAM_020425/experiments/optimization_utils.py:655:::  
Repetition no. 1


/home/daniel.z/ICML_PIECLAM_020425/experiments/../trainer.py:161:::  

Using dataset specific configuration and not global 




/home/daniel.z/ICML_PIECLAM_020425/experiments/../trainer.py:335:::  

 2025-05-24 10:46:12 starting optimization of bigclam on photo on device cuda

 configs_dict: 
{
    "clamiter_init": {
        "dim_feat": 40,
        "dim_attr": 500,
        "s_reg": 0.0,
        "l1_reg": 1,
        "T": 1,
        "hidden_dim": 64,
        "num_coupling_blocks": 32,
        "num_layers_mlp": 2
    },
    "feat_opt": {
        "lr": 3e-06,
        "n_iter": 10000,
        "early_stop": 0
    }
}


/home/daniel.z/ICML_PIECLAM_020425/experiments/../clamiter.py:365:::  
staring fit_feats for 10000 iterations


/home/daniel.z/ICML_PIECLAM_020425/experiments/../trainer.py:454:::  

train_model_on_params on bigclam photo 
took 39.20378279685974 seconds


/home/daniel.z/ICML_PIECLAM_020425/experiments/optimization_utils.py:655:::  
Repetition no. 2


/home/daniel.z/ICML_PIECLAM_020425/experiments/../trainer.py:161:::  

Using dataset specific configuration and not global 




/home/daniel.z/ICML_PIECLAM_020425/experiments/../trainer.py:335:::  

 2025-05-24 10:46:52 starting optimization of bigclam on photo on device cuda

 configs_dict: 
{
    "clamiter_init": {
        "dim_feat": 40,
        "dim_attr": 500,
        "s_reg": 0.0,
        "l1_reg": 1,
        "T": 1,
        "hidden_dim": 64,
        "num_coupling_blocks": 32,
        "num_layers_mlp": 2
    },
    "feat_opt": {
        "lr": 3e-06,
        "n_iter": 10000,
        "early_stop": 0
    }
}


/home/daniel.z/ICML_PIECLAM_020425/experiments/../clamiter.py:365:::  
staring fit_feats for 10000 iterations


/home/daniel.z/ICML_PIECLAM_020425/experiments/../trainer.py:454:::  

train_model_on_params on bigclam photo 
took 39.19547414779663 seconds


/home/daniel.z/ICML_PIECLAM_020425/experiments/optimization_utils.py:655:::  
Repetition no. 0


/home/daniel.z/ICML_PIECLAM_020425/experiments/../trainer.py:161:::  

Using dataset specific configuration and not global 




/home/daniel.z/ICML_PIECLAM_020425/experiments/../trainer.py:335:::  

 2025-05-24 10:47:31 starting optimization of bigclam on photo on device cuda

 configs_dict: 
{
    "clamiter_init": {
        "dim_feat": 60,
        "dim_attr": 500,
        "s_reg": 0.0,
        "l1_reg": 1,
        "T": 1,
        "hidden_dim": 64,
        "num_coupling_blocks": 32,
        "num_layers_mlp": 2
    },
    "feat_opt": {
        "lr": 2e-06,
        "n_iter": 10000,
        "early_stop": 0
    }
}


/home/daniel.z/ICML_PIECLAM_020425/experiments/../clamiter.py:365:::  
staring fit_feats for 10000 iterations


/home/daniel.z/ICML_PIECLAM_020425/experiments/../trainer.py:454:::  

train_model_on_params on bigclam photo 
took 53.84662413597107 seconds


/home/daniel.z/ICML_PIECLAM_020425/experiments/optimization_utils.py:655:::  
Repetition no. 1


/home/daniel.z/ICML_PIECLAM_020425/experiments/../trainer.py:161:::  

Using dataset specific configuration and not global 




/home/daniel.z/ICML_PIECLAM_020425/experiments/../trainer.py:335:::  

 2025-05-24 10:48:26 starting optimization of bigclam on photo on device cuda

 configs_dict: 
{
    "clamiter_init": {
        "dim_feat": 60,
        "dim_attr": 500,
        "s_reg": 0.0,
        "l1_reg": 1,
        "T": 1,
        "hidden_dim": 64,
        "num_coupling_blocks": 32,
        "num_layers_mlp": 2
    },
    "feat_opt": {
        "lr": 2e-06,
        "n_iter": 10000,
        "early_stop": 0
    }
}


/home/daniel.z/ICML_PIECLAM_020425/experiments/../clamiter.py:365:::  
staring fit_feats for 10000 iterations


/home/daniel.z/ICML_PIECLAM_020425/experiments/../trainer.py:454:::  

train_model_on_params on bigclam photo 
took 53.89278316497803 seconds


/home/daniel.z/ICML_PIECLAM_020425/experiments/optimization_utils.py:655:::  
Repetition no. 2


/home/daniel.z/ICML_PIECLAM_020425/experiments/../trainer.py:161:::  

Using dataset specific configuration and not global 




/home/daniel.z/ICML_PIECLAM_020425/experiments/../trainer.py:335:::  

 2025-05-24 10:49:20 starting optimization of bigclam on photo on device cuda

 configs_dict: 
{
    "clamiter_init": {
        "dim_feat": 60,
        "dim_attr": 500,
        "s_reg": 0.0,
        "l1_reg": 1,
        "T": 1,
        "hidden_dim": 64,
        "num_coupling_blocks": 32,
        "num_layers_mlp": 2
    },
    "feat_opt": {
        "lr": 2e-06,
        "n_iter": 10000,
        "early_stop": 0
    }
}


/home/daniel.z/ICML_PIECLAM_020425/experiments/../clamiter.py:365:::  
staring fit_feats for 10000 iterations


/home/daniel.z/ICML_PIECLAM_020425/experiments/../trainer.py:454:::  

train_model_on_params on bigclam photo 
took 53.82455277442932 seconds


/home/daniel.z/ICML_PIECLAM_020425/experiments/optimization_utils.py:655:::  
Repetition no. 0


/home/daniel.z/ICML_PIECLAM_020425/experiments/../trainer.py:161:::  

Using dataset specific configuration and not global 




/home/daniel.z/ICML_PIECLAM_020425/experiments/../trainer.py:335:::  

 2025-05-24 10:50:14 starting optimization of bigclam on photo on device cuda

 configs_dict: 
{
    "clamiter_init": {
        "dim_feat": 40,
        "dim_attr": 500,
        "s_reg": 0.0,
        "l1_reg": 1,
        "T": 1,
        "hidden_dim": 64,
        "num_coupling_blocks": 32,
        "num_layers_mlp": 2
    },
    "feat_opt": {
        "lr": 3e-06,
        "n_iter": 13000,
        "early_stop": 0
    }
}


/home/daniel.z/ICML_PIECLAM_020425/experiments/../clamiter.py:365:::  
staring fit_feats for 13000 iterations


/home/daniel.z/ICML_PIECLAM_020425/experiments/../trainer.py:454:::  

train_model_on_params on bigclam photo 
took 50.82568073272705 seconds


/home/daniel.z/ICML_PIECLAM_020425/experiments/optimization_utils.py:655:::  
Repetition no. 1


/home/daniel.z/ICML_PIECLAM_020425/experiments/../trainer.py:161:::  

Using dataset specific configuration and not global 




/home/daniel.z/ICML_PIECLAM_020425/experiments/../trainer.py:335:::  

 2025-05-24 10:51:05 starting optimization of bigclam on photo on device cuda

 configs_dict: 
{
    "clamiter_init": {
        "dim_feat": 40,
        "dim_attr": 500,
        "s_reg": 0.0,
        "l1_reg": 1,
        "T": 1,
        "hidden_dim": 64,
        "num_coupling_blocks": 32,
        "num_layers_mlp": 2
    },
    "feat_opt": {
        "lr": 3e-06,
        "n_iter": 13000,
        "early_stop": 0
    }
}


/home/daniel.z/ICML_PIECLAM_020425/experiments/../clamiter.py:365:::  
staring fit_feats for 13000 iterations


/home/daniel.z/ICML_PIECLAM_020425/experiments/../trainer.py:454:::  

train_model_on_params on bigclam photo 
took 50.86276817321777 seconds


/home/daniel.z/ICML_PIECLAM_020425/experiments/optimization_utils.py:655:::  
Repetition no. 2


/home/daniel.z/ICML_PIECLAM_020425/experiments/../trainer.py:161:::  

Using dataset specific configuration and not global 




/home/daniel.z/ICML_PIECLAM_020425/experiments/../trainer.py:335:::  

 2025-05-24 10:51:56 starting optimization of bigclam on photo on device cuda

 configs_dict: 
{
    "clamiter_init": {
        "dim_feat": 40,
        "dim_attr": 500,
        "s_reg": 0.0,
        "l1_reg": 1,
        "T": 1,
        "hidden_dim": 64,
        "num_coupling_blocks": 32,
        "num_layers_mlp": 2
    },
    "feat_opt": {
        "lr": 3e-06,
        "n_iter": 13000,
        "early_stop": 0
    }
}


/home/daniel.z/ICML_PIECLAM_020425/experiments/../clamiter.py:365:::  
staring fit_feats for 13000 iterations


/home/daniel.z/ICML_PIECLAM_020425/experiments/../trainer.py:454:::  

train_model_on_params on bigclam photo 
took 50.77680683135986 seconds


/home/daniel.z/ICML_PIECLAM_020425/experiments/optimization_utils.py:655:::  
Repetition no. 0


/home/daniel.z/ICML_PIECLAM_020425/experiments/../trainer.py:161:::  

Using dataset specific configuration and not global 




/home/daniel.z/ICML_PIECLAM_020425/experiments/../trainer.py:335:::  

 2025-05-24 10:52:47 starting optimization of bigclam on photo on device cuda

 configs_dict: 
{
    "clamiter_init": {
        "dim_feat": 40,
        "dim_attr": 500,
        "s_reg": 0.0,
        "l1_reg": 1,
        "T": 1,
        "hidden_dim": 64,
        "num_coupling_blocks": 32,
        "num_layers_mlp": 2
    },
    "feat_opt": {
        "lr": 5e-06,
        "n_iter": 13000,
        "early_stop": 0
    }
}


/home/daniel.z/ICML_PIECLAM_020425/experiments/../clamiter.py:365:::  
staring fit_feats for 13000 iterations


/home/daniel.z/ICML_PIECLAM_020425/experiments/../trainer.py:454:::  

train_model_on_params on bigclam photo 
took 50.85464334487915 seconds


/home/daniel.z/ICML_PIECLAM_020425/experiments/optimization_utils.py:655:::  
Repetition no. 1


/home/daniel.z/ICML_PIECLAM_020425/experiments/../trainer.py:161:::  

Using dataset specific configuration and not global 




/home/daniel.z/ICML_PIECLAM_020425/experiments/../trainer.py:335:::  

 2025-05-24 10:53:39 starting optimization of bigclam on photo on device cuda

 configs_dict: 
{
    "clamiter_init": {
        "dim_feat": 40,
        "dim_attr": 500,
        "s_reg": 0.0,
        "l1_reg": 1,
        "T": 1,
        "hidden_dim": 64,
        "num_coupling_blocks": 32,
        "num_layers_mlp": 2
    },
    "feat_opt": {
        "lr": 5e-06,
        "n_iter": 13000,
        "early_stop": 0
    }
}


/home/daniel.z/ICML_PIECLAM_020425/experiments/../clamiter.py:365:::  
staring fit_feats for 13000 iterations


/home/daniel.z/ICML_PIECLAM_020425/experiments/../trainer.py:454:::  

train_model_on_params on bigclam photo 
took 50.87194061279297 seconds


/home/daniel.z/ICML_PIECLAM_020425/experiments/optimization_utils.py:655:::  
Repetition no. 2


/home/daniel.z/ICML_PIECLAM_020425/experiments/../trainer.py:161:::  

Using dataset specific configuration and not global 




/home/daniel.z/ICML_PIECLAM_020425/experiments/../trainer.py:335:::  

 2025-05-24 10:54:30 starting optimization of bigclam on photo on device cuda

 configs_dict: 
{
    "clamiter_init": {
        "dim_feat": 40,
        "dim_attr": 500,
        "s_reg": 0.0,
        "l1_reg": 1,
        "T": 1,
        "hidden_dim": 64,
        "num_coupling_blocks": 32,
        "num_layers_mlp": 2
    },
    "feat_opt": {
        "lr": 5e-06,
        "n_iter": 13000,
        "early_stop": 0
    }
}


/home/daniel.z/ICML_PIECLAM_020425/experiments/../clamiter.py:365:::  
staring fit_feats for 13000 iterations


/home/daniel.z/ICML_PIECLAM_020425/experiments/../trainer.py:454:::  

train_model_on_params on bigclam photo 
took 50.830697774887085 seconds


/home/daniel.z/ICML_PIECLAM_020425/experiments/optimization_utils.py:655:::  
Repetition no. 0


/home/daniel.z/ICML_PIECLAM_020425/experiments/../trainer.py:161:::  

Using dataset specific configuration and not global 




/home/daniel.z/ICML_PIECLAM_020425/experiments/../trainer.py:335:::  

 2025-05-24 10:55:21 starting optimization of bigclam on photo on device cuda

 configs_dict: 
{
    "clamiter_init": {
        "dim_feat": 60,
        "dim_attr": 500,
        "s_reg": 0.0,
        "l1_reg": 1,
        "T": 1,
        "hidden_dim": 64,
        "num_coupling_blocks": 32,
        "num_layers_mlp": 2
    },
    "feat_opt": {
        "lr": 5e-06,
        "n_iter": 10000,
        "early_stop": 0
    }
}


/home/daniel.z/ICML_PIECLAM_020425/experiments/../clamiter.py:365:::  
staring fit_feats for 10000 iterations


/home/daniel.z/ICML_PIECLAM_020425/experiments/../trainer.py:454:::  

train_model_on_params on bigclam photo 
took 53.90767431259155 seconds


/home/daniel.z/ICML_PIECLAM_020425/experiments/optimization_utils.py:655:::  
Repetition no. 1


/home/daniel.z/ICML_PIECLAM_020425/experiments/../trainer.py:161:::  

Using dataset specific configuration and not global 




/home/daniel.z/ICML_PIECLAM_020425/experiments/../trainer.py:335:::  

 2025-05-24 10:56:15 starting optimization of bigclam on photo on device cuda

 configs_dict: 
{
    "clamiter_init": {
        "dim_feat": 60,
        "dim_attr": 500,
        "s_reg": 0.0,
        "l1_reg": 1,
        "T": 1,
        "hidden_dim": 64,
        "num_coupling_blocks": 32,
        "num_layers_mlp": 2
    },
    "feat_opt": {
        "lr": 5e-06,
        "n_iter": 10000,
        "early_stop": 0
    }
}


/home/daniel.z/ICML_PIECLAM_020425/experiments/../clamiter.py:365:::  
staring fit_feats for 10000 iterations


/home/daniel.z/ICML_PIECLAM_020425/experiments/../trainer.py:454:::  

train_model_on_params on bigclam photo 
took 53.91314935684204 seconds


/home/daniel.z/ICML_PIECLAM_020425/experiments/optimization_utils.py:655:::  
Repetition no. 2


/home/daniel.z/ICML_PIECLAM_020425/experiments/../trainer.py:161:::  

Using dataset specific configuration and not global 




/home/daniel.z/ICML_PIECLAM_020425/experiments/../trainer.py:335:::  

 2025-05-24 10:57:09 starting optimization of bigclam on photo on device cuda

 configs_dict: 
{
    "clamiter_init": {
        "dim_feat": 60,
        "dim_attr": 500,
        "s_reg": 0.0,
        "l1_reg": 1,
        "T": 1,
        "hidden_dim": 64,
        "num_coupling_blocks": 32,
        "num_layers_mlp": 2
    },
    "feat_opt": {
        "lr": 5e-06,
        "n_iter": 10000,
        "early_stop": 0
    }
}


/home/daniel.z/ICML_PIECLAM_020425/experiments/../clamiter.py:365:::  
staring fit_feats for 10000 iterations


/home/daniel.z/ICML_PIECLAM_020425/experiments/../trainer.py:454:::  

train_model_on_params on bigclam photo 
took 53.930397272109985 seconds


/home/daniel.z/ICML_PIECLAM_020425/experiments/optimization_utils.py:655:::  
Repetition no. 0


/home/daniel.z/ICML_PIECLAM_020425/experiments/../trainer.py:161:::  

Using dataset specific configuration and not global 




/home/daniel.z/ICML_PIECLAM_020425/experiments/../trainer.py:335:::  

 2025-05-24 10:58:04 starting optimization of bigclam on photo on device cuda

 configs_dict: 
{
    "clamiter_init": {
        "dim_feat": 40,
        "dim_attr": 500,
        "s_reg": 0.0,
        "l1_reg": 1,
        "T": 1,
        "hidden_dim": 64,
        "num_coupling_blocks": 32,
        "num_layers_mlp": 2
    },
    "feat_opt": {
        "lr": 2e-06,
        "n_iter": 7000,
        "early_stop": 0
    }
}


/home/daniel.z/ICML_PIECLAM_020425/experiments/../clamiter.py:365:::  
staring fit_feats for 7000 iterations


/home/daniel.z/ICML_PIECLAM_020425/experiments/../trainer.py:454:::  

train_model_on_params on bigclam photo 
took 27.477829694747925 seconds


/home/daniel.z/ICML_PIECLAM_020425/experiments/optimization_utils.py:655:::  
Repetition no. 1


/home/daniel.z/ICML_PIECLAM_020425/experiments/../trainer.py:161:::  

Using dataset specific configuration and not global 




/home/daniel.z/ICML_PIECLAM_020425/experiments/../trainer.py:335:::  

 2025-05-24 10:58:31 starting optimization of bigclam on photo on device cuda

 configs_dict: 
{
    "clamiter_init": {
        "dim_feat": 40,
        "dim_attr": 500,
        "s_reg": 0.0,
        "l1_reg": 1,
        "T": 1,
        "hidden_dim": 64,
        "num_coupling_blocks": 32,
        "num_layers_mlp": 2
    },
    "feat_opt": {
        "lr": 2e-06,
        "n_iter": 7000,
        "early_stop": 0
    }
}


/home/daniel.z/ICML_PIECLAM_020425/experiments/../clamiter.py:365:::  
staring fit_feats for 7000 iterations


/home/daniel.z/ICML_PIECLAM_020425/experiments/../trainer.py:454:::  

train_model_on_params on bigclam photo 
took 27.499213933944702 seconds


/home/daniel.z/ICML_PIECLAM_020425/experiments/optimization_utils.py:655:::  
Repetition no. 2


/home/daniel.z/ICML_PIECLAM_020425/experiments/../trainer.py:161:::  

Using dataset specific configuration and not global 




/home/daniel.z/ICML_PIECLAM_020425/experiments/../trainer.py:335:::  

 2025-05-24 10:58:59 starting optimization of bigclam on photo on device cuda

 configs_dict: 
{
    "clamiter_init": {
        "dim_feat": 40,
        "dim_attr": 500,
        "s_reg": 0.0,
        "l1_reg": 1,
        "T": 1,
        "hidden_dim": 64,
        "num_coupling_blocks": 32,
        "num_layers_mlp": 2
    },
    "feat_opt": {
        "lr": 2e-06,
        "n_iter": 7000,
        "early_stop": 0
    }
}


/home/daniel.z/ICML_PIECLAM_020425/experiments/../clamiter.py:365:::  
staring fit_feats for 7000 iterations


/home/daniel.z/ICML_PIECLAM_020425/experiments/../trainer.py:454:::  

train_model_on_params on bigclam photo 
took 27.401787042617798 seconds


/home/daniel.z/ICML_PIECLAM_020425/experiments/optimization_utils.py:655:::  
Repetition no. 0


/home/daniel.z/ICML_PIECLAM_020425/experiments/../trainer.py:161:::  

Using dataset specific configuration and not global 




/home/daniel.z/ICML_PIECLAM_020425/experiments/../trainer.py:335:::  

 2025-05-24 10:59:27 starting optimization of bigclam on photo on device cuda

 configs_dict: 
{
    "clamiter_init": {
        "dim_feat": 40,
        "dim_attr": 500,
        "s_reg": 0.0,
        "l1_reg": 1,
        "T": 1,
        "hidden_dim": 64,
        "num_coupling_blocks": 32,
        "num_layers_mlp": 2
    },
    "feat_opt": {
        "lr": 2e-06,
        "n_iter": 10000,
        "early_stop": 0
    }
}


/home/daniel.z/ICML_PIECLAM_020425/experiments/../clamiter.py:365:::  
staring fit_feats for 10000 iterations


/home/daniel.z/ICML_PIECLAM_020425/experiments/../trainer.py:454:::  

train_model_on_params on bigclam photo 
took 39.073384284973145 seconds


/home/daniel.z/ICML_PIECLAM_020425/experiments/optimization_utils.py:655:::  
Repetition no. 1


/home/daniel.z/ICML_PIECLAM_020425/experiments/../trainer.py:161:::  

Using dataset specific configuration and not global 




/home/daniel.z/ICML_PIECLAM_020425/experiments/../trainer.py:335:::  

 2025-05-24 11:00:06 starting optimization of bigclam on photo on device cuda

 configs_dict: 
{
    "clamiter_init": {
        "dim_feat": 40,
        "dim_attr": 500,
        "s_reg": 0.0,
        "l1_reg": 1,
        "T": 1,
        "hidden_dim": 64,
        "num_coupling_blocks": 32,
        "num_layers_mlp": 2
    },
    "feat_opt": {
        "lr": 2e-06,
        "n_iter": 10000,
        "early_stop": 0
    }
}


/home/daniel.z/ICML_PIECLAM_020425/experiments/../clamiter.py:365:::  
staring fit_feats for 10000 iterations


/home/daniel.z/ICML_PIECLAM_020425/experiments/../trainer.py:454:::  

train_model_on_params on bigclam photo 
took 39.07591652870178 seconds


/home/daniel.z/ICML_PIECLAM_020425/experiments/optimization_utils.py:655:::  
Repetition no. 2


/home/daniel.z/ICML_PIECLAM_020425/experiments/../trainer.py:161:::  

Using dataset specific configuration and not global 




/home/daniel.z/ICML_PIECLAM_020425/experiments/../trainer.py:335:::  

 2025-05-24 11:00:45 starting optimization of bigclam on photo on device cuda

 configs_dict: 
{
    "clamiter_init": {
        "dim_feat": 40,
        "dim_attr": 500,
        "s_reg": 0.0,
        "l1_reg": 1,
        "T": 1,
        "hidden_dim": 64,
        "num_coupling_blocks": 32,
        "num_layers_mlp": 2
    },
    "feat_opt": {
        "lr": 2e-06,
        "n_iter": 10000,
        "early_stop": 0
    }
}


/home/daniel.z/ICML_PIECLAM_020425/experiments/../clamiter.py:365:::  
staring fit_feats for 10000 iterations


/home/daniel.z/ICML_PIECLAM_020425/experiments/../trainer.py:454:::  

train_model_on_params on bigclam photo 
took 39.05944633483887 seconds


/home/daniel.z/ICML_PIECLAM_020425/experiments/optimization_utils.py:655:::  
Repetition no. 0


/home/daniel.z/ICML_PIECLAM_020425/experiments/../trainer.py:161:::  

Using dataset specific configuration and not global 




/home/daniel.z/ICML_PIECLAM_020425/experiments/../trainer.py:335:::  

 2025-05-24 11:01:25 starting optimization of bigclam on photo on device cuda

 configs_dict: 
{
    "clamiter_init": {
        "dim_feat": 60,
        "dim_attr": 500,
        "s_reg": 0.0,
        "l1_reg": 1,
        "T": 1,
        "hidden_dim": 64,
        "num_coupling_blocks": 32,
        "num_layers_mlp": 2
    },
    "feat_opt": {
        "lr": 5e-06,
        "n_iter": 7000,
        "early_stop": 0
    }
}


/home/daniel.z/ICML_PIECLAM_020425/experiments/../clamiter.py:365:::  
staring fit_feats for 7000 iterations


/home/daniel.z/ICML_PIECLAM_020425/experiments/../trainer.py:454:::  

train_model_on_params on bigclam photo 
took 37.73058462142944 seconds


/home/daniel.z/ICML_PIECLAM_020425/experiments/optimization_utils.py:655:::  
Repetition no. 1


/home/daniel.z/ICML_PIECLAM_020425/experiments/../trainer.py:161:::  

Using dataset specific configuration and not global 




/home/daniel.z/ICML_PIECLAM_020425/experiments/../trainer.py:335:::  

 2025-05-24 11:02:03 starting optimization of bigclam on photo on device cuda

 configs_dict: 
{
    "clamiter_init": {
        "dim_feat": 60,
        "dim_attr": 500,
        "s_reg": 0.0,
        "l1_reg": 1,
        "T": 1,
        "hidden_dim": 64,
        "num_coupling_blocks": 32,
        "num_layers_mlp": 2
    },
    "feat_opt": {
        "lr": 5e-06,
        "n_iter": 7000,
        "early_stop": 0
    }
}


/home/daniel.z/ICML_PIECLAM_020425/experiments/../clamiter.py:365:::  
staring fit_feats for 7000 iterations


/home/daniel.z/ICML_PIECLAM_020425/experiments/../trainer.py:454:::  

train_model_on_params on bigclam photo 
took 37.776589155197144 seconds


/home/daniel.z/ICML_PIECLAM_020425/experiments/optimization_utils.py:655:::  
Repetition no. 2


/home/daniel.z/ICML_PIECLAM_020425/experiments/../trainer.py:161:::  

Using dataset specific configuration and not global 




/home/daniel.z/ICML_PIECLAM_020425/experiments/../trainer.py:335:::  

 2025-05-24 11:02:41 starting optimization of bigclam on photo on device cuda

 configs_dict: 
{
    "clamiter_init": {
        "dim_feat": 60,
        "dim_attr": 500,
        "s_reg": 0.0,
        "l1_reg": 1,
        "T": 1,
        "hidden_dim": 64,
        "num_coupling_blocks": 32,
        "num_layers_mlp": 2
    },
    "feat_opt": {
        "lr": 5e-06,
        "n_iter": 7000,
        "early_stop": 0
    }
}


/home/daniel.z/ICML_PIECLAM_020425/experiments/../clamiter.py:365:::  
staring fit_feats for 7000 iterations


/home/daniel.z/ICML_PIECLAM_020425/experiments/../trainer.py:454:::  

train_model_on_params on bigclam photo 
took 37.734487771987915 seconds


/home/daniel.z/ICML_PIECLAM_020425/experiments/optimization_utils.py:729:::  


Finished CrossVal!




/home/daniel.z/ICML_PIECLAM_020425/experiments/optimization_utils.py:516:::  
On test set split_20-09_02-05-25 of photo,bigclam
 ======================


/home/daniel.z/ICML_PIECLAM_020425/experiments/optimization_utils.py:633:::  
RunSaver defined to acc_configs path /home/daniel.z/ICML_PIECLAM_020425/experiments/results/link_prediction/auc/photo/bigclam/split_20-09_02-05-25/valid/acc_configs11-03_24-05-25.json


/home/daniel.z/ICML_PIECLAM_020425/experiments/optimization_utils.py:655:::  
Repetition no. 0


/home/daniel.z/ICML_PIECLAM_020425/experiments/../trainer.py:161:::  

Using dataset specific configuration and not global 




/home/daniel.z/ICML_PIECLAM_020425/experiments/../trainer.py:335:::  

 2025-05-24 11:03:21 starting optimization of bigclam on photo on device cuda

 configs_dict: 
{
    "clamiter_init": {
        "dim_feat": 50,
        "dim_attr": 500,
        "s_reg": 0.0,
        "l1_reg": 1,
        "T": 1,
        "hidden_dim": 64,
        "num_coupling_blocks": 32,
        "num_layers_mlp": 2
    },
    "feat_opt": {
        "lr": 3e-06,
        "n_iter": 13000,
        "early_stop": 0
    }
}


/home/daniel.z/ICML_PIECLAM_020425/experiments/../clamiter.py:365:::  
staring fit_feats for 13000 iterations


/home/daniel.z/ICML_PIECLAM_020425/experiments/../trainer.py:454:::  

train_model_on_params on bigclam photo 
took 60.80527710914612 seconds


/home/daniel.z/ICML_PIECLAM_020425/experiments/optimization_utils.py:655:::  
Repetition no. 1


/home/daniel.z/ICML_PIECLAM_020425/experiments/../trainer.py:161:::  

Using dataset specific configuration and not global 




/home/daniel.z/ICML_PIECLAM_020425/experiments/../trainer.py:335:::  

 2025-05-24 11:04:22 starting optimization of bigclam on photo on device cuda

 configs_dict: 
{
    "clamiter_init": {
        "dim_feat": 50,
        "dim_attr": 500,
        "s_reg": 0.0,
        "l1_reg": 1,
        "T": 1,
        "hidden_dim": 64,
        "num_coupling_blocks": 32,
        "num_layers_mlp": 2
    },
    "feat_opt": {
        "lr": 3e-06,
        "n_iter": 13000,
        "early_stop": 0
    }
}


/home/daniel.z/ICML_PIECLAM_020425/experiments/../clamiter.py:365:::  
staring fit_feats for 13000 iterations


/home/daniel.z/ICML_PIECLAM_020425/experiments/../trainer.py:454:::  

train_model_on_params on bigclam photo 
took 60.81825280189514 seconds


/home/daniel.z/ICML_PIECLAM_020425/experiments/optimization_utils.py:655:::  
Repetition no. 2


/home/daniel.z/ICML_PIECLAM_020425/experiments/../trainer.py:161:::  

Using dataset specific configuration and not global 




/home/daniel.z/ICML_PIECLAM_020425/experiments/../trainer.py:335:::  

 2025-05-24 11:05:24 starting optimization of bigclam on photo on device cuda

 configs_dict: 
{
    "clamiter_init": {
        "dim_feat": 50,
        "dim_attr": 500,
        "s_reg": 0.0,
        "l1_reg": 1,
        "T": 1,
        "hidden_dim": 64,
        "num_coupling_blocks": 32,
        "num_layers_mlp": 2
    },
    "feat_opt": {
        "lr": 3e-06,
        "n_iter": 13000,
        "early_stop": 0
    }
}


/home/daniel.z/ICML_PIECLAM_020425/experiments/../clamiter.py:365:::  
staring fit_feats for 13000 iterations


/home/daniel.z/ICML_PIECLAM_020425/experiments/../trainer.py:454:::  

train_model_on_params on bigclam photo 
took 60.810434103012085 seconds


/home/daniel.z/ICML_PIECLAM_020425/experiments/optimization_utils.py:655:::  
Repetition no. 0


/home/daniel.z/ICML_PIECLAM_020425/experiments/../trainer.py:161:::  

Using dataset specific configuration and not global 




/home/daniel.z/ICML_PIECLAM_020425/experiments/../trainer.py:335:::  

 2025-05-24 11:06:25 starting optimization of bigclam on photo on device cuda

 configs_dict: 
{
    "clamiter_init": {
        "dim_feat": 50,
        "dim_attr": 500,
        "s_reg": 0.0,
        "l1_reg": 1,
        "T": 1,
        "hidden_dim": 64,
        "num_coupling_blocks": 32,
        "num_layers_mlp": 2
    },
    "feat_opt": {
        "lr": 2e-06,
        "n_iter": 10000,
        "early_stop": 0
    }
}


/home/daniel.z/ICML_PIECLAM_020425/experiments/../clamiter.py:365:::  
staring fit_feats for 10000 iterations


/home/daniel.z/ICML_PIECLAM_020425/experiments/../trainer.py:454:::  

train_model_on_params on bigclam photo 
took 46.79957938194275 seconds


/home/daniel.z/ICML_PIECLAM_020425/experiments/optimization_utils.py:655:::  
Repetition no. 1


/home/daniel.z/ICML_PIECLAM_020425/experiments/../trainer.py:161:::  

Using dataset specific configuration and not global 




/home/daniel.z/ICML_PIECLAM_020425/experiments/../trainer.py:335:::  

 2025-05-24 11:07:12 starting optimization of bigclam on photo on device cuda

 configs_dict: 
{
    "clamiter_init": {
        "dim_feat": 50,
        "dim_attr": 500,
        "s_reg": 0.0,
        "l1_reg": 1,
        "T": 1,
        "hidden_dim": 64,
        "num_coupling_blocks": 32,
        "num_layers_mlp": 2
    },
    "feat_opt": {
        "lr": 2e-06,
        "n_iter": 10000,
        "early_stop": 0
    }
}


/home/daniel.z/ICML_PIECLAM_020425/experiments/../clamiter.py:365:::  
staring fit_feats for 10000 iterations


/home/daniel.z/ICML_PIECLAM_020425/experiments/../trainer.py:454:::  

train_model_on_params on bigclam photo 
took 46.77559304237366 seconds


/home/daniel.z/ICML_PIECLAM_020425/experiments/optimization_utils.py:655:::  
Repetition no. 2


/home/daniel.z/ICML_PIECLAM_020425/experiments/../trainer.py:161:::  

Using dataset specific configuration and not global 




/home/daniel.z/ICML_PIECLAM_020425/experiments/../trainer.py:335:::  

 2025-05-24 11:07:59 starting optimization of bigclam on photo on device cuda

 configs_dict: 
{
    "clamiter_init": {
        "dim_feat": 50,
        "dim_attr": 500,
        "s_reg": 0.0,
        "l1_reg": 1,
        "T": 1,
        "hidden_dim": 64,
        "num_coupling_blocks": 32,
        "num_layers_mlp": 2
    },
    "feat_opt": {
        "lr": 2e-06,
        "n_iter": 10000,
        "early_stop": 0
    }
}


/home/daniel.z/ICML_PIECLAM_020425/experiments/../clamiter.py:365:::  
staring fit_feats for 10000 iterations


/home/daniel.z/ICML_PIECLAM_020425/experiments/../trainer.py:454:::  

train_model_on_params on bigclam photo 
took 46.79699420928955 seconds


/home/daniel.z/ICML_PIECLAM_020425/experiments/optimization_utils.py:655:::  
Repetition no. 0


/home/daniel.z/ICML_PIECLAM_020425/experiments/../trainer.py:161:::  

Using dataset specific configuration and not global 




/home/daniel.z/ICML_PIECLAM_020425/experiments/../trainer.py:335:::  

 2025-05-24 11:08:46 starting optimization of bigclam on photo on device cuda

 configs_dict: 
{
    "clamiter_init": {
        "dim_feat": 50,
        "dim_attr": 500,
        "s_reg": 0.0,
        "l1_reg": 1,
        "T": 1,
        "hidden_dim": 64,
        "num_coupling_blocks": 32,
        "num_layers_mlp": 2
    },
    "feat_opt": {
        "lr": 2e-06,
        "n_iter": 7000,
        "early_stop": 0
    }
}


/home/daniel.z/ICML_PIECLAM_020425/experiments/../clamiter.py:365:::  
staring fit_feats for 7000 iterations


/home/daniel.z/ICML_PIECLAM_020425/experiments/../trainer.py:454:::  

train_model_on_params on bigclam photo 
took 32.814024448394775 seconds


/home/daniel.z/ICML_PIECLAM_020425/experiments/optimization_utils.py:655:::  
Repetition no. 1


/home/daniel.z/ICML_PIECLAM_020425/experiments/../trainer.py:161:::  

Using dataset specific configuration and not global 




/home/daniel.z/ICML_PIECLAM_020425/experiments/../trainer.py:335:::  

 2025-05-24 11:09:19 starting optimization of bigclam on photo on device cuda

 configs_dict: 
{
    "clamiter_init": {
        "dim_feat": 50,
        "dim_attr": 500,
        "s_reg": 0.0,
        "l1_reg": 1,
        "T": 1,
        "hidden_dim": 64,
        "num_coupling_blocks": 32,
        "num_layers_mlp": 2
    },
    "feat_opt": {
        "lr": 2e-06,
        "n_iter": 7000,
        "early_stop": 0
    }
}


/home/daniel.z/ICML_PIECLAM_020425/experiments/../clamiter.py:365:::  
staring fit_feats for 7000 iterations


/home/daniel.z/ICML_PIECLAM_020425/experiments/../trainer.py:454:::  

train_model_on_params on bigclam photo 
took 32.81968450546265 seconds


/home/daniel.z/ICML_PIECLAM_020425/experiments/optimization_utils.py:655:::  
Repetition no. 2


/home/daniel.z/ICML_PIECLAM_020425/experiments/../trainer.py:161:::  

Using dataset specific configuration and not global 




/home/daniel.z/ICML_PIECLAM_020425/experiments/../trainer.py:335:::  

 2025-05-24 11:09:52 starting optimization of bigclam on photo on device cuda

 configs_dict: 
{
    "clamiter_init": {
        "dim_feat": 50,
        "dim_attr": 500,
        "s_reg": 0.0,
        "l1_reg": 1,
        "T": 1,
        "hidden_dim": 64,
        "num_coupling_blocks": 32,
        "num_layers_mlp": 2
    },
    "feat_opt": {
        "lr": 2e-06,
        "n_iter": 7000,
        "early_stop": 0
    }
}


/home/daniel.z/ICML_PIECLAM_020425/experiments/../clamiter.py:365:::  
staring fit_feats for 7000 iterations


/home/daniel.z/ICML_PIECLAM_020425/experiments/../trainer.py:454:::  

train_model_on_params on bigclam photo 
took 32.78994178771973 seconds


/home/daniel.z/ICML_PIECLAM_020425/experiments/optimization_utils.py:655:::  
Repetition no. 0


/home/daniel.z/ICML_PIECLAM_020425/experiments/../trainer.py:161:::  

Using dataset specific configuration and not global 




/home/daniel.z/ICML_PIECLAM_020425/experiments/../trainer.py:335:::  

 2025-05-24 11:10:25 starting optimization of bigclam on photo on device cuda

 configs_dict: 
{
    "clamiter_init": {
        "dim_feat": 60,
        "dim_attr": 500,
        "s_reg": 0.0,
        "l1_reg": 1,
        "T": 1,
        "hidden_dim": 64,
        "num_coupling_blocks": 32,
        "num_layers_mlp": 2
    },
    "feat_opt": {
        "lr": 5e-06,
        "n_iter": 13000,
        "early_stop": 0
    }
}


/home/daniel.z/ICML_PIECLAM_020425/experiments/../clamiter.py:365:::  
staring fit_feats for 13000 iterations


/home/daniel.z/ICML_PIECLAM_020425/experiments/../trainer.py:454:::  

train_model_on_params on bigclam photo 
took 69.98723578453064 seconds


/home/daniel.z/ICML_PIECLAM_020425/experiments/optimization_utils.py:655:::  
Repetition no. 1


/home/daniel.z/ICML_PIECLAM_020425/experiments/../trainer.py:161:::  

Using dataset specific configuration and not global 




/home/daniel.z/ICML_PIECLAM_020425/experiments/../trainer.py:335:::  

 2025-05-24 11:11:36 starting optimization of bigclam on photo on device cuda

 configs_dict: 
{
    "clamiter_init": {
        "dim_feat": 60,
        "dim_attr": 500,
        "s_reg": 0.0,
        "l1_reg": 1,
        "T": 1,
        "hidden_dim": 64,
        "num_coupling_blocks": 32,
        "num_layers_mlp": 2
    },
    "feat_opt": {
        "lr": 5e-06,
        "n_iter": 13000,
        "early_stop": 0
    }
}


/home/daniel.z/ICML_PIECLAM_020425/experiments/../clamiter.py:365:::  
staring fit_feats for 13000 iterations


/home/daniel.z/ICML_PIECLAM_020425/experiments/../trainer.py:454:::  

train_model_on_params on bigclam photo 
took 69.92882704734802 seconds


/home/daniel.z/ICML_PIECLAM_020425/experiments/optimization_utils.py:655:::  
Repetition no. 2


/home/daniel.z/ICML_PIECLAM_020425/experiments/../trainer.py:161:::  

Using dataset specific configuration and not global 




/home/daniel.z/ICML_PIECLAM_020425/experiments/../trainer.py:335:::  

 2025-05-24 11:12:46 starting optimization of bigclam on photo on device cuda

 configs_dict: 
{
    "clamiter_init": {
        "dim_feat": 60,
        "dim_attr": 500,
        "s_reg": 0.0,
        "l1_reg": 1,
        "T": 1,
        "hidden_dim": 64,
        "num_coupling_blocks": 32,
        "num_layers_mlp": 2
    },
    "feat_opt": {
        "lr": 5e-06,
        "n_iter": 13000,
        "early_stop": 0
    }
}


/home/daniel.z/ICML_PIECLAM_020425/experiments/../clamiter.py:365:::  
staring fit_feats for 13000 iterations


/home/daniel.z/ICML_PIECLAM_020425/experiments/../trainer.py:454:::  

train_model_on_params on bigclam photo 
took 70.02889561653137 seconds


/home/daniel.z/ICML_PIECLAM_020425/experiments/optimization_utils.py:655:::  
Repetition no. 0


/home/daniel.z/ICML_PIECLAM_020425/experiments/../trainer.py:161:::  

Using dataset specific configuration and not global 




/home/daniel.z/ICML_PIECLAM_020425/experiments/../trainer.py:335:::  

 2025-05-24 11:13:56 starting optimization of bigclam on photo on device cuda

 configs_dict: 
{
    "clamiter_init": {
        "dim_feat": 60,
        "dim_attr": 500,
        "s_reg": 0.0,
        "l1_reg": 1,
        "T": 1,
        "hidden_dim": 64,
        "num_coupling_blocks": 32,
        "num_layers_mlp": 2
    },
    "feat_opt": {
        "lr": 3e-06,
        "n_iter": 7000,
        "early_stop": 0
    }
}


/home/daniel.z/ICML_PIECLAM_020425/experiments/../clamiter.py:365:::  
staring fit_feats for 7000 iterations


/home/daniel.z/ICML_PIECLAM_020425/experiments/../trainer.py:454:::  

train_model_on_params on bigclam photo 
took 37.71014881134033 seconds


/home/daniel.z/ICML_PIECLAM_020425/experiments/optimization_utils.py:655:::  
Repetition no. 1


/home/daniel.z/ICML_PIECLAM_020425/experiments/../trainer.py:161:::  

Using dataset specific configuration and not global 




/home/daniel.z/ICML_PIECLAM_020425/experiments/../trainer.py:335:::  

 2025-05-24 11:14:34 starting optimization of bigclam on photo on device cuda

 configs_dict: 
{
    "clamiter_init": {
        "dim_feat": 60,
        "dim_attr": 500,
        "s_reg": 0.0,
        "l1_reg": 1,
        "T": 1,
        "hidden_dim": 64,
        "num_coupling_blocks": 32,
        "num_layers_mlp": 2
    },
    "feat_opt": {
        "lr": 3e-06,
        "n_iter": 7000,
        "early_stop": 0
    }
}


/home/daniel.z/ICML_PIECLAM_020425/experiments/../clamiter.py:365:::  
staring fit_feats for 7000 iterations


/home/daniel.z/ICML_PIECLAM_020425/experiments/../trainer.py:454:::  

train_model_on_params on bigclam photo 
took 37.73880910873413 seconds


/home/daniel.z/ICML_PIECLAM_020425/experiments/optimization_utils.py:655:::  
Repetition no. 2


/home/daniel.z/ICML_PIECLAM_020425/experiments/../trainer.py:161:::  

Using dataset specific configuration and not global 




/home/daniel.z/ICML_PIECLAM_020425/experiments/../trainer.py:335:::  

 2025-05-24 11:15:12 starting optimization of bigclam on photo on device cuda

 configs_dict: 
{
    "clamiter_init": {
        "dim_feat": 60,
        "dim_attr": 500,
        "s_reg": 0.0,
        "l1_reg": 1,
        "T": 1,
        "hidden_dim": 64,
        "num_coupling_blocks": 32,
        "num_layers_mlp": 2
    },
    "feat_opt": {
        "lr": 3e-06,
        "n_iter": 7000,
        "early_stop": 0
    }
}


/home/daniel.z/ICML_PIECLAM_020425/experiments/../clamiter.py:365:::  
staring fit_feats for 7000 iterations


/home/daniel.z/ICML_PIECLAM_020425/experiments/../trainer.py:454:::  

train_model_on_params on bigclam photo 
took 37.72909379005432 seconds


/home/daniel.z/ICML_PIECLAM_020425/experiments/optimization_utils.py:655:::  
Repetition no. 0


/home/daniel.z/ICML_PIECLAM_020425/experiments/../trainer.py:161:::  

Using dataset specific configuration and not global 




/home/daniel.z/ICML_PIECLAM_020425/experiments/../trainer.py:335:::  

 2025-05-24 11:15:50 starting optimization of bigclam on photo on device cuda

 configs_dict: 
{
    "clamiter_init": {
        "dim_feat": 40,
        "dim_attr": 500,
        "s_reg": 0.0,
        "l1_reg": 1,
        "T": 1,
        "hidden_dim": 64,
        "num_coupling_blocks": 32,
        "num_layers_mlp": 2
    },
    "feat_opt": {
        "lr": 2e-06,
        "n_iter": 13000,
        "early_stop": 0
    }
}


/home/daniel.z/ICML_PIECLAM_020425/experiments/../clamiter.py:365:::  
staring fit_feats for 13000 iterations


/home/daniel.z/ICML_PIECLAM_020425/experiments/../trainer.py:454:::  

train_model_on_params on bigclam photo 
took 50.84844779968262 seconds


/home/daniel.z/ICML_PIECLAM_020425/experiments/optimization_utils.py:655:::  
Repetition no. 1


/home/daniel.z/ICML_PIECLAM_020425/experiments/../trainer.py:161:::  

Using dataset specific configuration and not global 




/home/daniel.z/ICML_PIECLAM_020425/experiments/../trainer.py:335:::  

 2025-05-24 11:16:41 starting optimization of bigclam on photo on device cuda

 configs_dict: 
{
    "clamiter_init": {
        "dim_feat": 40,
        "dim_attr": 500,
        "s_reg": 0.0,
        "l1_reg": 1,
        "T": 1,
        "hidden_dim": 64,
        "num_coupling_blocks": 32,
        "num_layers_mlp": 2
    },
    "feat_opt": {
        "lr": 2e-06,
        "n_iter": 13000,
        "early_stop": 0
    }
}


/home/daniel.z/ICML_PIECLAM_020425/experiments/../clamiter.py:365:::  
staring fit_feats for 13000 iterations


/home/daniel.z/ICML_PIECLAM_020425/experiments/../trainer.py:454:::  

train_model_on_params on bigclam photo 
took 50.775113105773926 seconds


/home/daniel.z/ICML_PIECLAM_020425/experiments/optimization_utils.py:655:::  
Repetition no. 2


/home/daniel.z/ICML_PIECLAM_020425/experiments/../trainer.py:161:::  

Using dataset specific configuration and not global 




/home/daniel.z/ICML_PIECLAM_020425/experiments/../trainer.py:335:::  

 2025-05-24 11:17:32 starting optimization of bigclam on photo on device cuda

 configs_dict: 
{
    "clamiter_init": {
        "dim_feat": 40,
        "dim_attr": 500,
        "s_reg": 0.0,
        "l1_reg": 1,
        "T": 1,
        "hidden_dim": 64,
        "num_coupling_blocks": 32,
        "num_layers_mlp": 2
    },
    "feat_opt": {
        "lr": 2e-06,
        "n_iter": 13000,
        "early_stop": 0
    }
}


/home/daniel.z/ICML_PIECLAM_020425/experiments/../clamiter.py:365:::  
staring fit_feats for 13000 iterations


/home/daniel.z/ICML_PIECLAM_020425/experiments/../trainer.py:454:::  

train_model_on_params on bigclam photo 
took 50.864006996154785 seconds


/home/daniel.z/ICML_PIECLAM_020425/experiments/optimization_utils.py:655:::  
Repetition no. 0


/home/daniel.z/ICML_PIECLAM_020425/experiments/../trainer.py:161:::  

Using dataset specific configuration and not global 




/home/daniel.z/ICML_PIECLAM_020425/experiments/../trainer.py:335:::  

 2025-05-24 11:18:23 starting optimization of bigclam on photo on device cuda

 configs_dict: 
{
    "clamiter_init": {
        "dim_feat": 40,
        "dim_attr": 500,
        "s_reg": 0.0,
        "l1_reg": 1,
        "T": 1,
        "hidden_dim": 64,
        "num_coupling_blocks": 32,
        "num_layers_mlp": 2
    },
    "feat_opt": {
        "lr": 5e-06,
        "n_iter": 10000,
        "early_stop": 0
    }
}


/home/daniel.z/ICML_PIECLAM_020425/experiments/../clamiter.py:365:::  
staring fit_feats for 10000 iterations


/home/daniel.z/ICML_PIECLAM_020425/experiments/../trainer.py:454:::  

train_model_on_params on bigclam photo 
took 39.09082245826721 seconds


/home/daniel.z/ICML_PIECLAM_020425/experiments/optimization_utils.py:655:::  
Repetition no. 1


/home/daniel.z/ICML_PIECLAM_020425/experiments/../trainer.py:161:::  

Using dataset specific configuration and not global 




/home/daniel.z/ICML_PIECLAM_020425/experiments/../trainer.py:335:::  

 2025-05-24 11:19:03 starting optimization of bigclam on photo on device cuda

 configs_dict: 
{
    "clamiter_init": {
        "dim_feat": 40,
        "dim_attr": 500,
        "s_reg": 0.0,
        "l1_reg": 1,
        "T": 1,
        "hidden_dim": 64,
        "num_coupling_blocks": 32,
        "num_layers_mlp": 2
    },
    "feat_opt": {
        "lr": 5e-06,
        "n_iter": 10000,
        "early_stop": 0
    }
}


/home/daniel.z/ICML_PIECLAM_020425/experiments/../clamiter.py:365:::  
staring fit_feats for 10000 iterations


/home/daniel.z/ICML_PIECLAM_020425/experiments/../trainer.py:454:::  

train_model_on_params on bigclam photo 
took 39.161874771118164 seconds


/home/daniel.z/ICML_PIECLAM_020425/experiments/optimization_utils.py:655:::  
Repetition no. 2


/home/daniel.z/ICML_PIECLAM_020425/experiments/../trainer.py:161:::  

Using dataset specific configuration and not global 




/home/daniel.z/ICML_PIECLAM_020425/experiments/../trainer.py:335:::  

 2025-05-24 11:19:42 starting optimization of bigclam on photo on device cuda

 configs_dict: 
{
    "clamiter_init": {
        "dim_feat": 40,
        "dim_attr": 500,
        "s_reg": 0.0,
        "l1_reg": 1,
        "T": 1,
        "hidden_dim": 64,
        "num_coupling_blocks": 32,
        "num_layers_mlp": 2
    },
    "feat_opt": {
        "lr": 5e-06,
        "n_iter": 10000,
        "early_stop": 0
    }
}


/home/daniel.z/ICML_PIECLAM_020425/experiments/../clamiter.py:365:::  
staring fit_feats for 10000 iterations


/home/daniel.z/ICML_PIECLAM_020425/experiments/../trainer.py:454:::  

train_model_on_params on bigclam photo 
took 39.126028537750244 seconds


/home/daniel.z/ICML_PIECLAM_020425/experiments/optimization_utils.py:655:::  
Repetition no. 0


/home/daniel.z/ICML_PIECLAM_020425/experiments/../trainer.py:161:::  

Using dataset specific configuration and not global 




/home/daniel.z/ICML_PIECLAM_020425/experiments/../trainer.py:335:::  

 2025-05-24 11:20:22 starting optimization of bigclam on photo on device cuda

 configs_dict: 
{
    "clamiter_init": {
        "dim_feat": 50,
        "dim_attr": 500,
        "s_reg": 0.0,
        "l1_reg": 1,
        "T": 1,
        "hidden_dim": 64,
        "num_coupling_blocks": 32,
        "num_layers_mlp": 2
    },
    "feat_opt": {
        "lr": 3e-06,
        "n_iter": 7000,
        "early_stop": 0
    }
}


/home/daniel.z/ICML_PIECLAM_020425/experiments/../clamiter.py:365:::  
staring fit_feats for 7000 iterations


/home/daniel.z/ICML_PIECLAM_020425/experiments/../trainer.py:454:::  

train_model_on_params on bigclam photo 
took 32.81308341026306 seconds


/home/daniel.z/ICML_PIECLAM_020425/experiments/optimization_utils.py:655:::  
Repetition no. 1


/home/daniel.z/ICML_PIECLAM_020425/experiments/../trainer.py:161:::  

Using dataset specific configuration and not global 




/home/daniel.z/ICML_PIECLAM_020425/experiments/../trainer.py:335:::  

 2025-05-24 11:20:55 starting optimization of bigclam on photo on device cuda

 configs_dict: 
{
    "clamiter_init": {
        "dim_feat": 50,
        "dim_attr": 500,
        "s_reg": 0.0,
        "l1_reg": 1,
        "T": 1,
        "hidden_dim": 64,
        "num_coupling_blocks": 32,
        "num_layers_mlp": 2
    },
    "feat_opt": {
        "lr": 3e-06,
        "n_iter": 7000,
        "early_stop": 0
    }
}


/home/daniel.z/ICML_PIECLAM_020425/experiments/../clamiter.py:365:::  
staring fit_feats for 7000 iterations


/home/daniel.z/ICML_PIECLAM_020425/experiments/../trainer.py:454:::  

train_model_on_params on bigclam photo 
took 32.791603565216064 seconds


/home/daniel.z/ICML_PIECLAM_020425/experiments/optimization_utils.py:655:::  
Repetition no. 2


/home/daniel.z/ICML_PIECLAM_020425/experiments/../trainer.py:161:::  

Using dataset specific configuration and not global 




/home/daniel.z/ICML_PIECLAM_020425/experiments/../trainer.py:335:::  

 2025-05-24 11:21:28 starting optimization of bigclam on photo on device cuda

 configs_dict: 
{
    "clamiter_init": {
        "dim_feat": 50,
        "dim_attr": 500,
        "s_reg": 0.0,
        "l1_reg": 1,
        "T": 1,
        "hidden_dim": 64,
        "num_coupling_blocks": 32,
        "num_layers_mlp": 2
    },
    "feat_opt": {
        "lr": 3e-06,
        "n_iter": 7000,
        "early_stop": 0
    }
}


/home/daniel.z/ICML_PIECLAM_020425/experiments/../clamiter.py:365:::  
staring fit_feats for 7000 iterations


/home/daniel.z/ICML_PIECLAM_020425/experiments/../trainer.py:454:::  

train_model_on_params on bigclam photo 
took 32.75629234313965 seconds


/home/daniel.z/ICML_PIECLAM_020425/experiments/optimization_utils.py:655:::  
Repetition no. 0


/home/daniel.z/ICML_PIECLAM_020425/experiments/../trainer.py:161:::  

Using dataset specific configuration and not global 




/home/daniel.z/ICML_PIECLAM_020425/experiments/../trainer.py:335:::  

 2025-05-24 11:22:01 starting optimization of bigclam on photo on device cuda

 configs_dict: 
{
    "clamiter_init": {
        "dim_feat": 50,
        "dim_attr": 500,
        "s_reg": 0.0,
        "l1_reg": 1,
        "T": 1,
        "hidden_dim": 64,
        "num_coupling_blocks": 32,
        "num_layers_mlp": 2
    },
    "feat_opt": {
        "lr": 2e-06,
        "n_iter": 13000,
        "early_stop": 0
    }
}


/home/daniel.z/ICML_PIECLAM_020425/experiments/../clamiter.py:365:::  
staring fit_feats for 13000 iterations


/home/daniel.z/ICML_PIECLAM_020425/experiments/../trainer.py:454:::  

train_model_on_params on bigclam photo 
took 60.67753052711487 seconds


/home/daniel.z/ICML_PIECLAM_020425/experiments/optimization_utils.py:655:::  
Repetition no. 1


/home/daniel.z/ICML_PIECLAM_020425/experiments/../trainer.py:161:::  

Using dataset specific configuration and not global 




/home/daniel.z/ICML_PIECLAM_020425/experiments/../trainer.py:335:::  

 2025-05-24 11:23:02 starting optimization of bigclam on photo on device cuda

 configs_dict: 
{
    "clamiter_init": {
        "dim_feat": 50,
        "dim_attr": 500,
        "s_reg": 0.0,
        "l1_reg": 1,
        "T": 1,
        "hidden_dim": 64,
        "num_coupling_blocks": 32,
        "num_layers_mlp": 2
    },
    "feat_opt": {
        "lr": 2e-06,
        "n_iter": 13000,
        "early_stop": 0
    }
}


/home/daniel.z/ICML_PIECLAM_020425/experiments/../clamiter.py:365:::  
staring fit_feats for 13000 iterations


/home/daniel.z/ICML_PIECLAM_020425/experiments/../trainer.py:454:::  

train_model_on_params on bigclam photo 
took 60.6590096950531 seconds


/home/daniel.z/ICML_PIECLAM_020425/experiments/optimization_utils.py:655:::  
Repetition no. 2


/home/daniel.z/ICML_PIECLAM_020425/experiments/../trainer.py:161:::  

Using dataset specific configuration and not global 




/home/daniel.z/ICML_PIECLAM_020425/experiments/../trainer.py:335:::  

 2025-05-24 11:24:03 starting optimization of bigclam on photo on device cuda

 configs_dict: 
{
    "clamiter_init": {
        "dim_feat": 50,
        "dim_attr": 500,
        "s_reg": 0.0,
        "l1_reg": 1,
        "T": 1,
        "hidden_dim": 64,
        "num_coupling_blocks": 32,
        "num_layers_mlp": 2
    },
    "feat_opt": {
        "lr": 2e-06,
        "n_iter": 13000,
        "early_stop": 0
    }
}


/home/daniel.z/ICML_PIECLAM_020425/experiments/../clamiter.py:365:::  
staring fit_feats for 13000 iterations


/home/daniel.z/ICML_PIECLAM_020425/experiments/../trainer.py:454:::  

train_model_on_params on bigclam photo 
took 60.732051849365234 seconds


/home/daniel.z/ICML_PIECLAM_020425/experiments/optimization_utils.py:655:::  
Repetition no. 0


/home/daniel.z/ICML_PIECLAM_020425/experiments/../trainer.py:161:::  

Using dataset specific configuration and not global 




/home/daniel.z/ICML_PIECLAM_020425/experiments/../trainer.py:335:::  

 2025-05-24 11:25:04 starting optimization of bigclam on photo on device cuda

 configs_dict: 
{
    "clamiter_init": {
        "dim_feat": 60,
        "dim_attr": 500,
        "s_reg": 0.0,
        "l1_reg": 1,
        "T": 1,
        "hidden_dim": 64,
        "num_coupling_blocks": 32,
        "num_layers_mlp": 2
    },
    "feat_opt": {
        "lr": 3e-06,
        "n_iter": 10000,
        "early_stop": 0
    }
}


/home/daniel.z/ICML_PIECLAM_020425/experiments/../clamiter.py:365:::  
staring fit_feats for 10000 iterations


/home/daniel.z/ICML_PIECLAM_020425/experiments/../trainer.py:454:::  

train_model_on_params on bigclam photo 
took 53.8606071472168 seconds


/home/daniel.z/ICML_PIECLAM_020425/experiments/optimization_utils.py:655:::  
Repetition no. 1


/home/daniel.z/ICML_PIECLAM_020425/experiments/../trainer.py:161:::  

Using dataset specific configuration and not global 




/home/daniel.z/ICML_PIECLAM_020425/experiments/../trainer.py:335:::  

 2025-05-24 11:25:58 starting optimization of bigclam on photo on device cuda

 configs_dict: 
{
    "clamiter_init": {
        "dim_feat": 60,
        "dim_attr": 500,
        "s_reg": 0.0,
        "l1_reg": 1,
        "T": 1,
        "hidden_dim": 64,
        "num_coupling_blocks": 32,
        "num_layers_mlp": 2
    },
    "feat_opt": {
        "lr": 3e-06,
        "n_iter": 10000,
        "early_stop": 0
    }
}


/home/daniel.z/ICML_PIECLAM_020425/experiments/../clamiter.py:365:::  
staring fit_feats for 10000 iterations


/home/daniel.z/ICML_PIECLAM_020425/experiments/../trainer.py:454:::  

train_model_on_params on bigclam photo 
took 53.90225291252136 seconds


/home/daniel.z/ICML_PIECLAM_020425/experiments/optimization_utils.py:655:::  
Repetition no. 2


/home/daniel.z/ICML_PIECLAM_020425/experiments/../trainer.py:161:::  

Using dataset specific configuration and not global 




/home/daniel.z/ICML_PIECLAM_020425/experiments/../trainer.py:335:::  

 2025-05-24 11:26:52 starting optimization of bigclam on photo on device cuda

 configs_dict: 
{
    "clamiter_init": {
        "dim_feat": 60,
        "dim_attr": 500,
        "s_reg": 0.0,
        "l1_reg": 1,
        "T": 1,
        "hidden_dim": 64,
        "num_coupling_blocks": 32,
        "num_layers_mlp": 2
    },
    "feat_opt": {
        "lr": 3e-06,
        "n_iter": 10000,
        "early_stop": 0
    }
}


/home/daniel.z/ICML_PIECLAM_020425/experiments/../clamiter.py:365:::  
staring fit_feats for 10000 iterations


/home/daniel.z/ICML_PIECLAM_020425/experiments/../trainer.py:454:::  

train_model_on_params on bigclam photo 
took 53.900453329086304 seconds


/home/daniel.z/ICML_PIECLAM_020425/experiments/optimization_utils.py:655:::  
Repetition no. 0


/home/daniel.z/ICML_PIECLAM_020425/experiments/../trainer.py:161:::  

Using dataset specific configuration and not global 




/home/daniel.z/ICML_PIECLAM_020425/experiments/../trainer.py:335:::  

 2025-05-24 11:27:46 starting optimization of bigclam on photo on device cuda

 configs_dict: 
{
    "clamiter_init": {
        "dim_feat": 50,
        "dim_attr": 500,
        "s_reg": 0.0,
        "l1_reg": 1,
        "T": 1,
        "hidden_dim": 64,
        "num_coupling_blocks": 32,
        "num_layers_mlp": 2
    },
    "feat_opt": {
        "lr": 5e-06,
        "n_iter": 7000,
        "early_stop": 0
    }
}


/home/daniel.z/ICML_PIECLAM_020425/experiments/../clamiter.py:365:::  
staring fit_feats for 7000 iterations


/home/daniel.z/ICML_PIECLAM_020425/experiments/../trainer.py:454:::  

train_model_on_params on bigclam photo 
took 32.807690143585205 seconds


/home/daniel.z/ICML_PIECLAM_020425/experiments/optimization_utils.py:655:::  
Repetition no. 1


/home/daniel.z/ICML_PIECLAM_020425/experiments/../trainer.py:161:::  

Using dataset specific configuration and not global 




/home/daniel.z/ICML_PIECLAM_020425/experiments/../trainer.py:335:::  

 2025-05-24 11:28:19 starting optimization of bigclam on photo on device cuda

 configs_dict: 
{
    "clamiter_init": {
        "dim_feat": 50,
        "dim_attr": 500,
        "s_reg": 0.0,
        "l1_reg": 1,
        "T": 1,
        "hidden_dim": 64,
        "num_coupling_blocks": 32,
        "num_layers_mlp": 2
    },
    "feat_opt": {
        "lr": 5e-06,
        "n_iter": 7000,
        "early_stop": 0
    }
}


/home/daniel.z/ICML_PIECLAM_020425/experiments/../clamiter.py:365:::  
staring fit_feats for 7000 iterations


/home/daniel.z/ICML_PIECLAM_020425/experiments/../trainer.py:454:::  

train_model_on_params on bigclam photo 
took 32.79802370071411 seconds


/home/daniel.z/ICML_PIECLAM_020425/experiments/optimization_utils.py:655:::  
Repetition no. 2


/home/daniel.z/ICML_PIECLAM_020425/experiments/../trainer.py:161:::  

Using dataset specific configuration and not global 




/home/daniel.z/ICML_PIECLAM_020425/experiments/../trainer.py:335:::  

 2025-05-24 11:28:52 starting optimization of bigclam on photo on device cuda

 configs_dict: 
{
    "clamiter_init": {
        "dim_feat": 50,
        "dim_attr": 500,
        "s_reg": 0.0,
        "l1_reg": 1,
        "T": 1,
        "hidden_dim": 64,
        "num_coupling_blocks": 32,
        "num_layers_mlp": 2
    },
    "feat_opt": {
        "lr": 5e-06,
        "n_iter": 7000,
        "early_stop": 0
    }
}


/home/daniel.z/ICML_PIECLAM_020425/experiments/../clamiter.py:365:::  
staring fit_feats for 7000 iterations


/home/daniel.z/ICML_PIECLAM_020425/experiments/../trainer.py:454:::  

train_model_on_params on bigclam photo 
took 32.76564836502075 seconds


/home/daniel.z/ICML_PIECLAM_020425/experiments/optimization_utils.py:655:::  
Repetition no. 0


/home/daniel.z/ICML_PIECLAM_020425/experiments/../trainer.py:161:::  

Using dataset specific configuration and not global 




/home/daniel.z/ICML_PIECLAM_020425/experiments/../trainer.py:335:::  

 2025-05-24 11:29:25 starting optimization of bigclam on photo on device cuda

 configs_dict: 
{
    "clamiter_init": {
        "dim_feat": 60,
        "dim_attr": 500,
        "s_reg": 0.0,
        "l1_reg": 1,
        "T": 1,
        "hidden_dim": 64,
        "num_coupling_blocks": 32,
        "num_layers_mlp": 2
    },
    "feat_opt": {
        "lr": 2e-06,
        "n_iter": 7000,
        "early_stop": 0
    }
}


/home/daniel.z/ICML_PIECLAM_020425/experiments/../clamiter.py:365:::  
staring fit_feats for 7000 iterations


/home/daniel.z/ICML_PIECLAM_020425/experiments/../trainer.py:454:::  

train_model_on_params on bigclam photo 
took 37.768548011779785 seconds


/home/daniel.z/ICML_PIECLAM_020425/experiments/optimization_utils.py:655:::  
Repetition no. 1


/home/daniel.z/ICML_PIECLAM_020425/experiments/../trainer.py:161:::  

Using dataset specific configuration and not global 




/home/daniel.z/ICML_PIECLAM_020425/experiments/../trainer.py:335:::  

 2025-05-24 11:30:03 starting optimization of bigclam on photo on device cuda

 configs_dict: 
{
    "clamiter_init": {
        "dim_feat": 60,
        "dim_attr": 500,
        "s_reg": 0.0,
        "l1_reg": 1,
        "T": 1,
        "hidden_dim": 64,
        "num_coupling_blocks": 32,
        "num_layers_mlp": 2
    },
    "feat_opt": {
        "lr": 2e-06,
        "n_iter": 7000,
        "early_stop": 0
    }
}


/home/daniel.z/ICML_PIECLAM_020425/experiments/../clamiter.py:365:::  
staring fit_feats for 7000 iterations


/home/daniel.z/ICML_PIECLAM_020425/experiments/../trainer.py:454:::  

train_model_on_params on bigclam photo 
took 37.76261353492737 seconds


/home/daniel.z/ICML_PIECLAM_020425/experiments/optimization_utils.py:655:::  
Repetition no. 2


/home/daniel.z/ICML_PIECLAM_020425/experiments/../trainer.py:161:::  

Using dataset specific configuration and not global 




/home/daniel.z/ICML_PIECLAM_020425/experiments/../trainer.py:335:::  

 2025-05-24 11:30:41 starting optimization of bigclam on photo on device cuda

 configs_dict: 
{
    "clamiter_init": {
        "dim_feat": 60,
        "dim_attr": 500,
        "s_reg": 0.0,
        "l1_reg": 1,
        "T": 1,
        "hidden_dim": 64,
        "num_coupling_blocks": 32,
        "num_layers_mlp": 2
    },
    "feat_opt": {
        "lr": 2e-06,
        "n_iter": 7000,
        "early_stop": 0
    }
}


/home/daniel.z/ICML_PIECLAM_020425/experiments/../clamiter.py:365:::  
staring fit_feats for 7000 iterations


/home/daniel.z/ICML_PIECLAM_020425/experiments/../trainer.py:454:::  

train_model_on_params on bigclam photo 
took 37.775620460510254 seconds


/home/daniel.z/ICML_PIECLAM_020425/experiments/optimization_utils.py:655:::  
Repetition no. 0


/home/daniel.z/ICML_PIECLAM_020425/experiments/../trainer.py:161:::  

Using dataset specific configuration and not global 




/home/daniel.z/ICML_PIECLAM_020425/experiments/../trainer.py:335:::  

 2025-05-24 11:31:19 starting optimization of bigclam on photo on device cuda

 configs_dict: 
{
    "clamiter_init": {
        "dim_feat": 40,
        "dim_attr": 500,
        "s_reg": 0.0,
        "l1_reg": 1,
        "T": 1,
        "hidden_dim": 64,
        "num_coupling_blocks": 32,
        "num_layers_mlp": 2
    },
    "feat_opt": {
        "lr": 3e-06,
        "n_iter": 7000,
        "early_stop": 0
    }
}


/home/daniel.z/ICML_PIECLAM_020425/experiments/../clamiter.py:365:::  
staring fit_feats for 7000 iterations


/home/daniel.z/ICML_PIECLAM_020425/experiments/../trainer.py:454:::  

train_model_on_params on bigclam photo 
took 27.399061918258667 seconds


/home/daniel.z/ICML_PIECLAM_020425/experiments/optimization_utils.py:655:::  
Repetition no. 1


/home/daniel.z/ICML_PIECLAM_020425/experiments/../trainer.py:161:::  

Using dataset specific configuration and not global 




/home/daniel.z/ICML_PIECLAM_020425/experiments/../trainer.py:335:::  

 2025-05-24 11:31:47 starting optimization of bigclam on photo on device cuda

 configs_dict: 
{
    "clamiter_init": {
        "dim_feat": 40,
        "dim_attr": 500,
        "s_reg": 0.0,
        "l1_reg": 1,
        "T": 1,
        "hidden_dim": 64,
        "num_coupling_blocks": 32,
        "num_layers_mlp": 2
    },
    "feat_opt": {
        "lr": 3e-06,
        "n_iter": 7000,
        "early_stop": 0
    }
}


/home/daniel.z/ICML_PIECLAM_020425/experiments/../clamiter.py:365:::  
staring fit_feats for 7000 iterations


/home/daniel.z/ICML_PIECLAM_020425/experiments/../trainer.py:454:::  

train_model_on_params on bigclam photo 
took 27.402919054031372 seconds


/home/daniel.z/ICML_PIECLAM_020425/experiments/optimization_utils.py:655:::  
Repetition no. 2


/home/daniel.z/ICML_PIECLAM_020425/experiments/../trainer.py:161:::  

Using dataset specific configuration and not global 




/home/daniel.z/ICML_PIECLAM_020425/experiments/../trainer.py:335:::  

 2025-05-24 11:32:15 starting optimization of bigclam on photo on device cuda

 configs_dict: 
{
    "clamiter_init": {
        "dim_feat": 40,
        "dim_attr": 500,
        "s_reg": 0.0,
        "l1_reg": 1,
        "T": 1,
        "hidden_dim": 64,
        "num_coupling_blocks": 32,
        "num_layers_mlp": 2
    },
    "feat_opt": {
        "lr": 3e-06,
        "n_iter": 7000,
        "early_stop": 0
    }
}


/home/daniel.z/ICML_PIECLAM_020425/experiments/../clamiter.py:365:::  
staring fit_feats for 7000 iterations


/home/daniel.z/ICML_PIECLAM_020425/experiments/../trainer.py:454:::  

train_model_on_params on bigclam photo 
took 27.387637615203857 seconds


/home/daniel.z/ICML_PIECLAM_020425/experiments/optimization_utils.py:655:::  
Repetition no. 0


/home/daniel.z/ICML_PIECLAM_020425/experiments/../trainer.py:161:::  

Using dataset specific configuration and not global 




/home/daniel.z/ICML_PIECLAM_020425/experiments/../trainer.py:335:::  

 2025-05-24 11:32:42 starting optimization of bigclam on photo on device cuda

 configs_dict: 
{
    "clamiter_init": {
        "dim_feat": 50,
        "dim_attr": 500,
        "s_reg": 0.0,
        "l1_reg": 1,
        "T": 1,
        "hidden_dim": 64,
        "num_coupling_blocks": 32,
        "num_layers_mlp": 2
    },
    "feat_opt": {
        "lr": 5e-06,
        "n_iter": 10000,
        "early_stop": 0
    }
}


/home/daniel.z/ICML_PIECLAM_020425/experiments/../clamiter.py:365:::  
staring fit_feats for 10000 iterations


/home/daniel.z/ICML_PIECLAM_020425/experiments/../trainer.py:454:::  

train_model_on_params on bigclam photo 
took 46.69414138793945 seconds


/home/daniel.z/ICML_PIECLAM_020425/experiments/optimization_utils.py:655:::  
Repetition no. 1


/home/daniel.z/ICML_PIECLAM_020425/experiments/../trainer.py:161:::  

Using dataset specific configuration and not global 




/home/daniel.z/ICML_PIECLAM_020425/experiments/../trainer.py:335:::  

 2025-05-24 11:33:29 starting optimization of bigclam on photo on device cuda

 configs_dict: 
{
    "clamiter_init": {
        "dim_feat": 50,
        "dim_attr": 500,
        "s_reg": 0.0,
        "l1_reg": 1,
        "T": 1,
        "hidden_dim": 64,
        "num_coupling_blocks": 32,
        "num_layers_mlp": 2
    },
    "feat_opt": {
        "lr": 5e-06,
        "n_iter": 10000,
        "early_stop": 0
    }
}


/home/daniel.z/ICML_PIECLAM_020425/experiments/../clamiter.py:365:::  
staring fit_feats for 10000 iterations


/home/daniel.z/ICML_PIECLAM_020425/experiments/../trainer.py:454:::  

train_model_on_params on bigclam photo 
took 46.70953583717346 seconds


/home/daniel.z/ICML_PIECLAM_020425/experiments/optimization_utils.py:655:::  
Repetition no. 2


/home/daniel.z/ICML_PIECLAM_020425/experiments/../trainer.py:161:::  

Using dataset specific configuration and not global 




/home/daniel.z/ICML_PIECLAM_020425/experiments/../trainer.py:335:::  

 2025-05-24 11:34:16 starting optimization of bigclam on photo on device cuda

 configs_dict: 
{
    "clamiter_init": {
        "dim_feat": 50,
        "dim_attr": 500,
        "s_reg": 0.0,
        "l1_reg": 1,
        "T": 1,
        "hidden_dim": 64,
        "num_coupling_blocks": 32,
        "num_layers_mlp": 2
    },
    "feat_opt": {
        "lr": 5e-06,
        "n_iter": 10000,
        "early_stop": 0
    }
}


/home/daniel.z/ICML_PIECLAM_020425/experiments/../clamiter.py:365:::  
staring fit_feats for 10000 iterations


/home/daniel.z/ICML_PIECLAM_020425/experiments/../trainer.py:454:::  

train_model_on_params on bigclam photo 
took 46.71918082237244 seconds


/home/daniel.z/ICML_PIECLAM_020425/experiments/optimization_utils.py:655:::  
Repetition no. 0


/home/daniel.z/ICML_PIECLAM_020425/experiments/../trainer.py:161:::  

Using dataset specific configuration and not global 




/home/daniel.z/ICML_PIECLAM_020425/experiments/../trainer.py:335:::  

 2025-05-24 11:35:03 starting optimization of bigclam on photo on device cuda

 configs_dict: 
{
    "clamiter_init": {
        "dim_feat": 60,
        "dim_attr": 500,
        "s_reg": 0.0,
        "l1_reg": 1,
        "T": 1,
        "hidden_dim": 64,
        "num_coupling_blocks": 32,
        "num_layers_mlp": 2
    },
    "feat_opt": {
        "lr": 2e-06,
        "n_iter": 13000,
        "early_stop": 0
    }
}


/home/daniel.z/ICML_PIECLAM_020425/experiments/../clamiter.py:365:::  
staring fit_feats for 13000 iterations


/home/daniel.z/ICML_PIECLAM_020425/experiments/../trainer.py:454:::  

train_model_on_params on bigclam photo 
took 69.96042084693909 seconds


/home/daniel.z/ICML_PIECLAM_020425/experiments/optimization_utils.py:655:::  
Repetition no. 1


/home/daniel.z/ICML_PIECLAM_020425/experiments/../trainer.py:161:::  

Using dataset specific configuration and not global 




/home/daniel.z/ICML_PIECLAM_020425/experiments/../trainer.py:335:::  

 2025-05-24 11:36:14 starting optimization of bigclam on photo on device cuda

 configs_dict: 
{
    "clamiter_init": {
        "dim_feat": 60,
        "dim_attr": 500,
        "s_reg": 0.0,
        "l1_reg": 1,
        "T": 1,
        "hidden_dim": 64,
        "num_coupling_blocks": 32,
        "num_layers_mlp": 2
    },
    "feat_opt": {
        "lr": 2e-06,
        "n_iter": 13000,
        "early_stop": 0
    }
}


/home/daniel.z/ICML_PIECLAM_020425/experiments/../clamiter.py:365:::  
staring fit_feats for 13000 iterations


/home/daniel.z/ICML_PIECLAM_020425/experiments/../trainer.py:454:::  

train_model_on_params on bigclam photo 
took 69.94811606407166 seconds


/home/daniel.z/ICML_PIECLAM_020425/experiments/optimization_utils.py:655:::  
Repetition no. 2


/home/daniel.z/ICML_PIECLAM_020425/experiments/../trainer.py:161:::  

Using dataset specific configuration and not global 




/home/daniel.z/ICML_PIECLAM_020425/experiments/../trainer.py:335:::  

 2025-05-24 11:37:24 starting optimization of bigclam on photo on device cuda

 configs_dict: 
{
    "clamiter_init": {
        "dim_feat": 60,
        "dim_attr": 500,
        "s_reg": 0.0,
        "l1_reg": 1,
        "T": 1,
        "hidden_dim": 64,
        "num_coupling_blocks": 32,
        "num_layers_mlp": 2
    },
    "feat_opt": {
        "lr": 2e-06,
        "n_iter": 13000,
        "early_stop": 0
    }
}


/home/daniel.z/ICML_PIECLAM_020425/experiments/../clamiter.py:365:::  
staring fit_feats for 13000 iterations


/home/daniel.z/ICML_PIECLAM_020425/experiments/../trainer.py:454:::  

train_model_on_params on bigclam photo 
took 69.91836929321289 seconds


/home/daniel.z/ICML_PIECLAM_020425/experiments/optimization_utils.py:655:::  
Repetition no. 0


/home/daniel.z/ICML_PIECLAM_020425/experiments/../trainer.py:161:::  

Using dataset specific configuration and not global 




/home/daniel.z/ICML_PIECLAM_020425/experiments/../trainer.py:335:::  

 2025-05-24 11:38:34 starting optimization of bigclam on photo on device cuda

 configs_dict: 
{
    "clamiter_init": {
        "dim_feat": 50,
        "dim_attr": 500,
        "s_reg": 0.0,
        "l1_reg": 1,
        "T": 1,
        "hidden_dim": 64,
        "num_coupling_blocks": 32,
        "num_layers_mlp": 2
    },
    "feat_opt": {
        "lr": 3e-06,
        "n_iter": 10000,
        "early_stop": 0
    }
}


/home/daniel.z/ICML_PIECLAM_020425/experiments/../clamiter.py:365:::  
staring fit_feats for 10000 iterations


/home/daniel.z/ICML_PIECLAM_020425/experiments/../trainer.py:454:::  

train_model_on_params on bigclam photo 
took 46.73272776603699 seconds


/home/daniel.z/ICML_PIECLAM_020425/experiments/optimization_utils.py:655:::  
Repetition no. 1


/home/daniel.z/ICML_PIECLAM_020425/experiments/../trainer.py:161:::  

Using dataset specific configuration and not global 




/home/daniel.z/ICML_PIECLAM_020425/experiments/../trainer.py:335:::  

 2025-05-24 11:39:21 starting optimization of bigclam on photo on device cuda

 configs_dict: 
{
    "clamiter_init": {
        "dim_feat": 50,
        "dim_attr": 500,
        "s_reg": 0.0,
        "l1_reg": 1,
        "T": 1,
        "hidden_dim": 64,
        "num_coupling_blocks": 32,
        "num_layers_mlp": 2
    },
    "feat_opt": {
        "lr": 3e-06,
        "n_iter": 10000,
        "early_stop": 0
    }
}


/home/daniel.z/ICML_PIECLAM_020425/experiments/../clamiter.py:365:::  
staring fit_feats for 10000 iterations


/home/daniel.z/ICML_PIECLAM_020425/experiments/../trainer.py:454:::  

train_model_on_params on bigclam photo 
took 46.715290546417236 seconds


/home/daniel.z/ICML_PIECLAM_020425/experiments/optimization_utils.py:655:::  
Repetition no. 2


/home/daniel.z/ICML_PIECLAM_020425/experiments/../trainer.py:161:::  

Using dataset specific configuration and not global 




/home/daniel.z/ICML_PIECLAM_020425/experiments/../trainer.py:335:::  

 2025-05-24 11:40:08 starting optimization of bigclam on photo on device cuda

 configs_dict: 
{
    "clamiter_init": {
        "dim_feat": 50,
        "dim_attr": 500,
        "s_reg": 0.0,
        "l1_reg": 1,
        "T": 1,
        "hidden_dim": 64,
        "num_coupling_blocks": 32,
        "num_layers_mlp": 2
    },
    "feat_opt": {
        "lr": 3e-06,
        "n_iter": 10000,
        "early_stop": 0
    }
}


/home/daniel.z/ICML_PIECLAM_020425/experiments/../clamiter.py:365:::  
staring fit_feats for 10000 iterations


/home/daniel.z/ICML_PIECLAM_020425/experiments/../trainer.py:454:::  

train_model_on_params on bigclam photo 
took 46.69590210914612 seconds


/home/daniel.z/ICML_PIECLAM_020425/experiments/optimization_utils.py:655:::  
Repetition no. 0


/home/daniel.z/ICML_PIECLAM_020425/experiments/../trainer.py:161:::  

Using dataset specific configuration and not global 




/home/daniel.z/ICML_PIECLAM_020425/experiments/../trainer.py:335:::  

 2025-05-24 11:40:55 starting optimization of bigclam on photo on device cuda

 configs_dict: 
{
    "clamiter_init": {
        "dim_feat": 40,
        "dim_attr": 500,
        "s_reg": 0.0,
        "l1_reg": 1,
        "T": 1,
        "hidden_dim": 64,
        "num_coupling_blocks": 32,
        "num_layers_mlp": 2
    },
    "feat_opt": {
        "lr": 5e-06,
        "n_iter": 7000,
        "early_stop": 0
    }
}


/home/daniel.z/ICML_PIECLAM_020425/experiments/../clamiter.py:365:::  
staring fit_feats for 7000 iterations


/home/daniel.z/ICML_PIECLAM_020425/experiments/../trainer.py:454:::  

train_model_on_params on bigclam photo 
took 27.371670722961426 seconds


/home/daniel.z/ICML_PIECLAM_020425/experiments/optimization_utils.py:655:::  
Repetition no. 1


/home/daniel.z/ICML_PIECLAM_020425/experiments/../trainer.py:161:::  

Using dataset specific configuration and not global 




/home/daniel.z/ICML_PIECLAM_020425/experiments/../trainer.py:335:::  

 2025-05-24 11:41:23 starting optimization of bigclam on photo on device cuda

 configs_dict: 
{
    "clamiter_init": {
        "dim_feat": 40,
        "dim_attr": 500,
        "s_reg": 0.0,
        "l1_reg": 1,
        "T": 1,
        "hidden_dim": 64,
        "num_coupling_blocks": 32,
        "num_layers_mlp": 2
    },
    "feat_opt": {
        "lr": 5e-06,
        "n_iter": 7000,
        "early_stop": 0
    }
}


/home/daniel.z/ICML_PIECLAM_020425/experiments/../clamiter.py:365:::  
staring fit_feats for 7000 iterations


/home/daniel.z/ICML_PIECLAM_020425/experiments/../trainer.py:454:::  

train_model_on_params on bigclam photo 
took 27.388720512390137 seconds


/home/daniel.z/ICML_PIECLAM_020425/experiments/optimization_utils.py:655:::  
Repetition no. 2


/home/daniel.z/ICML_PIECLAM_020425/experiments/../trainer.py:161:::  

Using dataset specific configuration and not global 




/home/daniel.z/ICML_PIECLAM_020425/experiments/../trainer.py:335:::  

 2025-05-24 11:41:50 starting optimization of bigclam on photo on device cuda

 configs_dict: 
{
    "clamiter_init": {
        "dim_feat": 40,
        "dim_attr": 500,
        "s_reg": 0.0,
        "l1_reg": 1,
        "T": 1,
        "hidden_dim": 64,
        "num_coupling_blocks": 32,
        "num_layers_mlp": 2
    },
    "feat_opt": {
        "lr": 5e-06,
        "n_iter": 7000,
        "early_stop": 0
    }
}


/home/daniel.z/ICML_PIECLAM_020425/experiments/../clamiter.py:365:::  
staring fit_feats for 7000 iterations


/home/daniel.z/ICML_PIECLAM_020425/experiments/../trainer.py:454:::  

train_model_on_params on bigclam photo 
took 27.387469053268433 seconds


/home/daniel.z/ICML_PIECLAM_020425/experiments/optimization_utils.py:655:::  
Repetition no. 0


/home/daniel.z/ICML_PIECLAM_020425/experiments/../trainer.py:161:::  

Using dataset specific configuration and not global 




/home/daniel.z/ICML_PIECLAM_020425/experiments/../trainer.py:335:::  

 2025-05-24 11:42:18 starting optimization of bigclam on photo on device cuda

 configs_dict: 
{
    "clamiter_init": {
        "dim_feat": 50,
        "dim_attr": 500,
        "s_reg": 0.0,
        "l1_reg": 1,
        "T": 1,
        "hidden_dim": 64,
        "num_coupling_blocks": 32,
        "num_layers_mlp": 2
    },
    "feat_opt": {
        "lr": 5e-06,
        "n_iter": 13000,
        "early_stop": 0
    }
}


/home/daniel.z/ICML_PIECLAM_020425/experiments/../clamiter.py:365:::  
staring fit_feats for 13000 iterations


/home/daniel.z/ICML_PIECLAM_020425/experiments/../trainer.py:454:::  

train_model_on_params on bigclam photo 
took 60.621227502822876 seconds


/home/daniel.z/ICML_PIECLAM_020425/experiments/optimization_utils.py:655:::  
Repetition no. 1


/home/daniel.z/ICML_PIECLAM_020425/experiments/../trainer.py:161:::  

Using dataset specific configuration and not global 




/home/daniel.z/ICML_PIECLAM_020425/experiments/../trainer.py:335:::  

 2025-05-24 11:43:19 starting optimization of bigclam on photo on device cuda

 configs_dict: 
{
    "clamiter_init": {
        "dim_feat": 50,
        "dim_attr": 500,
        "s_reg": 0.0,
        "l1_reg": 1,
        "T": 1,
        "hidden_dim": 64,
        "num_coupling_blocks": 32,
        "num_layers_mlp": 2
    },
    "feat_opt": {
        "lr": 5e-06,
        "n_iter": 13000,
        "early_stop": 0
    }
}


/home/daniel.z/ICML_PIECLAM_020425/experiments/../clamiter.py:365:::  
staring fit_feats for 13000 iterations


/home/daniel.z/ICML_PIECLAM_020425/experiments/../trainer.py:454:::  

train_model_on_params on bigclam photo 
took 60.74552655220032 seconds


/home/daniel.z/ICML_PIECLAM_020425/experiments/optimization_utils.py:655:::  
Repetition no. 2


/home/daniel.z/ICML_PIECLAM_020425/experiments/../trainer.py:161:::  

Using dataset specific configuration and not global 




/home/daniel.z/ICML_PIECLAM_020425/experiments/../trainer.py:335:::  

 2025-05-24 11:44:20 starting optimization of bigclam on photo on device cuda

 configs_dict: 
{
    "clamiter_init": {
        "dim_feat": 50,
        "dim_attr": 500,
        "s_reg": 0.0,
        "l1_reg": 1,
        "T": 1,
        "hidden_dim": 64,
        "num_coupling_blocks": 32,
        "num_layers_mlp": 2
    },
    "feat_opt": {
        "lr": 5e-06,
        "n_iter": 13000,
        "early_stop": 0
    }
}


/home/daniel.z/ICML_PIECLAM_020425/experiments/../clamiter.py:365:::  
staring fit_feats for 13000 iterations


/home/daniel.z/ICML_PIECLAM_020425/experiments/../trainer.py:454:::  

train_model_on_params on bigclam photo 
took 60.78417444229126 seconds


/home/daniel.z/ICML_PIECLAM_020425/experiments/optimization_utils.py:655:::  
Repetition no. 0


/home/daniel.z/ICML_PIECLAM_020425/experiments/../trainer.py:161:::  

Using dataset specific configuration and not global 




/home/daniel.z/ICML_PIECLAM_020425/experiments/../trainer.py:335:::  

 2025-05-24 11:45:21 starting optimization of bigclam on photo on device cuda

 configs_dict: 
{
    "clamiter_init": {
        "dim_feat": 60,
        "dim_attr": 500,
        "s_reg": 0.0,
        "l1_reg": 1,
        "T": 1,
        "hidden_dim": 64,
        "num_coupling_blocks": 32,
        "num_layers_mlp": 2
    },
    "feat_opt": {
        "lr": 3e-06,
        "n_iter": 13000,
        "early_stop": 0
    }
}


/home/daniel.z/ICML_PIECLAM_020425/experiments/../clamiter.py:365:::  
staring fit_feats for 13000 iterations


/home/daniel.z/ICML_PIECLAM_020425/experiments/../trainer.py:454:::  

train_model_on_params on bigclam photo 
took 70.0855438709259 seconds


/home/daniel.z/ICML_PIECLAM_020425/experiments/optimization_utils.py:655:::  
Repetition no. 1


/home/daniel.z/ICML_PIECLAM_020425/experiments/../trainer.py:161:::  

Using dataset specific configuration and not global 




/home/daniel.z/ICML_PIECLAM_020425/experiments/../trainer.py:335:::  

 2025-05-24 11:46:32 starting optimization of bigclam on photo on device cuda

 configs_dict: 
{
    "clamiter_init": {
        "dim_feat": 60,
        "dim_attr": 500,
        "s_reg": 0.0,
        "l1_reg": 1,
        "T": 1,
        "hidden_dim": 64,
        "num_coupling_blocks": 32,
        "num_layers_mlp": 2
    },
    "feat_opt": {
        "lr": 3e-06,
        "n_iter": 13000,
        "early_stop": 0
    }
}


/home/daniel.z/ICML_PIECLAM_020425/experiments/../clamiter.py:365:::  
staring fit_feats for 13000 iterations


/home/daniel.z/ICML_PIECLAM_020425/experiments/../trainer.py:454:::  

train_model_on_params on bigclam photo 
took 70.10010409355164 seconds


/home/daniel.z/ICML_PIECLAM_020425/experiments/optimization_utils.py:655:::  
Repetition no. 2


/home/daniel.z/ICML_PIECLAM_020425/experiments/../trainer.py:161:::  

Using dataset specific configuration and not global 




/home/daniel.z/ICML_PIECLAM_020425/experiments/../trainer.py:335:::  

 2025-05-24 11:47:42 starting optimization of bigclam on photo on device cuda

 configs_dict: 
{
    "clamiter_init": {
        "dim_feat": 60,
        "dim_attr": 500,
        "s_reg": 0.0,
        "l1_reg": 1,
        "T": 1,
        "hidden_dim": 64,
        "num_coupling_blocks": 32,
        "num_layers_mlp": 2
    },
    "feat_opt": {
        "lr": 3e-06,
        "n_iter": 13000,
        "early_stop": 0
    }
}


/home/daniel.z/ICML_PIECLAM_020425/experiments/../clamiter.py:365:::  
staring fit_feats for 13000 iterations


/home/daniel.z/ICML_PIECLAM_020425/experiments/../trainer.py:454:::  

train_model_on_params on bigclam photo 
took 70.01542139053345 seconds


/home/daniel.z/ICML_PIECLAM_020425/experiments/optimization_utils.py:655:::  
Repetition no. 0


/home/daniel.z/ICML_PIECLAM_020425/experiments/../trainer.py:161:::  

Using dataset specific configuration and not global 




/home/daniel.z/ICML_PIECLAM_020425/experiments/../trainer.py:335:::  

 2025-05-24 11:48:52 starting optimization of bigclam on photo on device cuda

 configs_dict: 
{
    "clamiter_init": {
        "dim_feat": 40,
        "dim_attr": 500,
        "s_reg": 0.0,
        "l1_reg": 1,
        "T": 1,
        "hidden_dim": 64,
        "num_coupling_blocks": 32,
        "num_layers_mlp": 2
    },
    "feat_opt": {
        "lr": 3e-06,
        "n_iter": 10000,
        "early_stop": 0
    }
}


/home/daniel.z/ICML_PIECLAM_020425/experiments/../clamiter.py:365:::  
staring fit_feats for 10000 iterations


/home/daniel.z/ICML_PIECLAM_020425/experiments/../trainer.py:454:::  

train_model_on_params on bigclam photo 
took 39.15564966201782 seconds


/home/daniel.z/ICML_PIECLAM_020425/experiments/optimization_utils.py:655:::  
Repetition no. 1


/home/daniel.z/ICML_PIECLAM_020425/experiments/../trainer.py:161:::  

Using dataset specific configuration and not global 




/home/daniel.z/ICML_PIECLAM_020425/experiments/../trainer.py:335:::  

 2025-05-24 11:49:32 starting optimization of bigclam on photo on device cuda

 configs_dict: 
{
    "clamiter_init": {
        "dim_feat": 40,
        "dim_attr": 500,
        "s_reg": 0.0,
        "l1_reg": 1,
        "T": 1,
        "hidden_dim": 64,
        "num_coupling_blocks": 32,
        "num_layers_mlp": 2
    },
    "feat_opt": {
        "lr": 3e-06,
        "n_iter": 10000,
        "early_stop": 0
    }
}


/home/daniel.z/ICML_PIECLAM_020425/experiments/../clamiter.py:365:::  
staring fit_feats for 10000 iterations


/home/daniel.z/ICML_PIECLAM_020425/experiments/../trainer.py:454:::  

train_model_on_params on bigclam photo 
took 39.10397481918335 seconds


/home/daniel.z/ICML_PIECLAM_020425/experiments/optimization_utils.py:655:::  
Repetition no. 2


/home/daniel.z/ICML_PIECLAM_020425/experiments/../trainer.py:161:::  

Using dataset specific configuration and not global 




/home/daniel.z/ICML_PIECLAM_020425/experiments/../trainer.py:335:::  

 2025-05-24 11:50:11 starting optimization of bigclam on photo on device cuda

 configs_dict: 
{
    "clamiter_init": {
        "dim_feat": 40,
        "dim_attr": 500,
        "s_reg": 0.0,
        "l1_reg": 1,
        "T": 1,
        "hidden_dim": 64,
        "num_coupling_blocks": 32,
        "num_layers_mlp": 2
    },
    "feat_opt": {
        "lr": 3e-06,
        "n_iter": 10000,
        "early_stop": 0
    }
}


/home/daniel.z/ICML_PIECLAM_020425/experiments/../clamiter.py:365:::  
staring fit_feats for 10000 iterations


/home/daniel.z/ICML_PIECLAM_020425/experiments/../trainer.py:454:::  

train_model_on_params on bigclam photo 
took 39.145936489105225 seconds


/home/daniel.z/ICML_PIECLAM_020425/experiments/optimization_utils.py:655:::  
Repetition no. 0


/home/daniel.z/ICML_PIECLAM_020425/experiments/../trainer.py:161:::  

Using dataset specific configuration and not global 




/home/daniel.z/ICML_PIECLAM_020425/experiments/../trainer.py:335:::  

 2025-05-24 11:50:51 starting optimization of bigclam on photo on device cuda

 configs_dict: 
{
    "clamiter_init": {
        "dim_feat": 60,
        "dim_attr": 500,
        "s_reg": 0.0,
        "l1_reg": 1,
        "T": 1,
        "hidden_dim": 64,
        "num_coupling_blocks": 32,
        "num_layers_mlp": 2
    },
    "feat_opt": {
        "lr": 2e-06,
        "n_iter": 10000,
        "early_stop": 0
    }
}


/home/daniel.z/ICML_PIECLAM_020425/experiments/../clamiter.py:365:::  
staring fit_feats for 10000 iterations


/home/daniel.z/ICML_PIECLAM_020425/experiments/../trainer.py:454:::  

train_model_on_params on bigclam photo 
took 53.91410493850708 seconds


/home/daniel.z/ICML_PIECLAM_020425/experiments/optimization_utils.py:655:::  
Repetition no. 1


/home/daniel.z/ICML_PIECLAM_020425/experiments/../trainer.py:161:::  

Using dataset specific configuration and not global 




/home/daniel.z/ICML_PIECLAM_020425/experiments/../trainer.py:335:::  

 2025-05-24 11:51:45 starting optimization of bigclam on photo on device cuda

 configs_dict: 
{
    "clamiter_init": {
        "dim_feat": 60,
        "dim_attr": 500,
        "s_reg": 0.0,
        "l1_reg": 1,
        "T": 1,
        "hidden_dim": 64,
        "num_coupling_blocks": 32,
        "num_layers_mlp": 2
    },
    "feat_opt": {
        "lr": 2e-06,
        "n_iter": 10000,
        "early_stop": 0
    }
}


/home/daniel.z/ICML_PIECLAM_020425/experiments/../clamiter.py:365:::  
staring fit_feats for 10000 iterations


/home/daniel.z/ICML_PIECLAM_020425/experiments/../trainer.py:454:::  

train_model_on_params on bigclam photo 
took 53.8821074962616 seconds


/home/daniel.z/ICML_PIECLAM_020425/experiments/optimization_utils.py:655:::  
Repetition no. 2


/home/daniel.z/ICML_PIECLAM_020425/experiments/../trainer.py:161:::  

Using dataset specific configuration and not global 




/home/daniel.z/ICML_PIECLAM_020425/experiments/../trainer.py:335:::  

 2025-05-24 11:52:39 starting optimization of bigclam on photo on device cuda

 configs_dict: 
{
    "clamiter_init": {
        "dim_feat": 60,
        "dim_attr": 500,
        "s_reg": 0.0,
        "l1_reg": 1,
        "T": 1,
        "hidden_dim": 64,
        "num_coupling_blocks": 32,
        "num_layers_mlp": 2
    },
    "feat_opt": {
        "lr": 2e-06,
        "n_iter": 10000,
        "early_stop": 0
    }
}


/home/daniel.z/ICML_PIECLAM_020425/experiments/../clamiter.py:365:::  
staring fit_feats for 10000 iterations


/home/daniel.z/ICML_PIECLAM_020425/experiments/../trainer.py:454:::  

train_model_on_params on bigclam photo 
took 53.89837908744812 seconds


/home/daniel.z/ICML_PIECLAM_020425/experiments/optimization_utils.py:655:::  
Repetition no. 0


/home/daniel.z/ICML_PIECLAM_020425/experiments/../trainer.py:161:::  

Using dataset specific configuration and not global 




/home/daniel.z/ICML_PIECLAM_020425/experiments/../trainer.py:335:::  

 2025-05-24 11:53:34 starting optimization of bigclam on photo on device cuda

 configs_dict: 
{
    "clamiter_init": {
        "dim_feat": 40,
        "dim_attr": 500,
        "s_reg": 0.0,
        "l1_reg": 1,
        "T": 1,
        "hidden_dim": 64,
        "num_coupling_blocks": 32,
        "num_layers_mlp": 2
    },
    "feat_opt": {
        "lr": 3e-06,
        "n_iter": 13000,
        "early_stop": 0
    }
}


/home/daniel.z/ICML_PIECLAM_020425/experiments/../clamiter.py:365:::  
staring fit_feats for 13000 iterations


/home/daniel.z/ICML_PIECLAM_020425/experiments/../trainer.py:454:::  

train_model_on_params on bigclam photo 
took 50.86443567276001 seconds


/home/daniel.z/ICML_PIECLAM_020425/experiments/optimization_utils.py:655:::  
Repetition no. 1


/home/daniel.z/ICML_PIECLAM_020425/experiments/../trainer.py:161:::  

Using dataset specific configuration and not global 




/home/daniel.z/ICML_PIECLAM_020425/experiments/../trainer.py:335:::  

 2025-05-24 11:54:25 starting optimization of bigclam on photo on device cuda

 configs_dict: 
{
    "clamiter_init": {
        "dim_feat": 40,
        "dim_attr": 500,
        "s_reg": 0.0,
        "l1_reg": 1,
        "T": 1,
        "hidden_dim": 64,
        "num_coupling_blocks": 32,
        "num_layers_mlp": 2
    },
    "feat_opt": {
        "lr": 3e-06,
        "n_iter": 13000,
        "early_stop": 0
    }
}


/home/daniel.z/ICML_PIECLAM_020425/experiments/../clamiter.py:365:::  
staring fit_feats for 13000 iterations


/home/daniel.z/ICML_PIECLAM_020425/experiments/../trainer.py:454:::  

train_model_on_params on bigclam photo 
took 50.811745405197144 seconds


/home/daniel.z/ICML_PIECLAM_020425/experiments/optimization_utils.py:655:::  
Repetition no. 2


/home/daniel.z/ICML_PIECLAM_020425/experiments/../trainer.py:161:::  

Using dataset specific configuration and not global 




/home/daniel.z/ICML_PIECLAM_020425/experiments/../trainer.py:335:::  

 2025-05-24 11:55:16 starting optimization of bigclam on photo on device cuda

 configs_dict: 
{
    "clamiter_init": {
        "dim_feat": 40,
        "dim_attr": 500,
        "s_reg": 0.0,
        "l1_reg": 1,
        "T": 1,
        "hidden_dim": 64,
        "num_coupling_blocks": 32,
        "num_layers_mlp": 2
    },
    "feat_opt": {
        "lr": 3e-06,
        "n_iter": 13000,
        "early_stop": 0
    }
}


/home/daniel.z/ICML_PIECLAM_020425/experiments/../clamiter.py:365:::  
staring fit_feats for 13000 iterations


/home/daniel.z/ICML_PIECLAM_020425/experiments/../trainer.py:454:::  

train_model_on_params on bigclam photo 
took 50.856865644454956 seconds


/home/daniel.z/ICML_PIECLAM_020425/experiments/optimization_utils.py:655:::  
Repetition no. 0


/home/daniel.z/ICML_PIECLAM_020425/experiments/../trainer.py:161:::  

Using dataset specific configuration and not global 




/home/daniel.z/ICML_PIECLAM_020425/experiments/../trainer.py:335:::  

 2025-05-24 11:56:07 starting optimization of bigclam on photo on device cuda

 configs_dict: 
{
    "clamiter_init": {
        "dim_feat": 40,
        "dim_attr": 500,
        "s_reg": 0.0,
        "l1_reg": 1,
        "T": 1,
        "hidden_dim": 64,
        "num_coupling_blocks": 32,
        "num_layers_mlp": 2
    },
    "feat_opt": {
        "lr": 5e-06,
        "n_iter": 13000,
        "early_stop": 0
    }
}


/home/daniel.z/ICML_PIECLAM_020425/experiments/../clamiter.py:365:::  
staring fit_feats for 13000 iterations


/home/daniel.z/ICML_PIECLAM_020425/experiments/../trainer.py:454:::  

train_model_on_params on bigclam photo 
took 50.68630290031433 seconds


/home/daniel.z/ICML_PIECLAM_020425/experiments/optimization_utils.py:655:::  
Repetition no. 1


/home/daniel.z/ICML_PIECLAM_020425/experiments/../trainer.py:161:::  

Using dataset specific configuration and not global 




/home/daniel.z/ICML_PIECLAM_020425/experiments/../trainer.py:335:::  

 2025-05-24 11:56:58 starting optimization of bigclam on photo on device cuda

 configs_dict: 
{
    "clamiter_init": {
        "dim_feat": 40,
        "dim_attr": 500,
        "s_reg": 0.0,
        "l1_reg": 1,
        "T": 1,
        "hidden_dim": 64,
        "num_coupling_blocks": 32,
        "num_layers_mlp": 2
    },
    "feat_opt": {
        "lr": 5e-06,
        "n_iter": 13000,
        "early_stop": 0
    }
}


/home/daniel.z/ICML_PIECLAM_020425/experiments/../clamiter.py:365:::  
staring fit_feats for 13000 iterations


/home/daniel.z/ICML_PIECLAM_020425/experiments/../trainer.py:454:::  

train_model_on_params on bigclam photo 
took 50.83814477920532 seconds


/home/daniel.z/ICML_PIECLAM_020425/experiments/optimization_utils.py:655:::  
Repetition no. 2


/home/daniel.z/ICML_PIECLAM_020425/experiments/../trainer.py:161:::  

Using dataset specific configuration and not global 




/home/daniel.z/ICML_PIECLAM_020425/experiments/../trainer.py:335:::  

 2025-05-24 11:57:49 starting optimization of bigclam on photo on device cuda

 configs_dict: 
{
    "clamiter_init": {
        "dim_feat": 40,
        "dim_attr": 500,
        "s_reg": 0.0,
        "l1_reg": 1,
        "T": 1,
        "hidden_dim": 64,
        "num_coupling_blocks": 32,
        "num_layers_mlp": 2
    },
    "feat_opt": {
        "lr": 5e-06,
        "n_iter": 13000,
        "early_stop": 0
    }
}


/home/daniel.z/ICML_PIECLAM_020425/experiments/../clamiter.py:365:::  
staring fit_feats for 13000 iterations


/home/daniel.z/ICML_PIECLAM_020425/experiments/../trainer.py:454:::  

train_model_on_params on bigclam photo 
took 50.6883111000061 seconds


/home/daniel.z/ICML_PIECLAM_020425/experiments/optimization_utils.py:655:::  
Repetition no. 0


/home/daniel.z/ICML_PIECLAM_020425/experiments/../trainer.py:161:::  

Using dataset specific configuration and not global 




/home/daniel.z/ICML_PIECLAM_020425/experiments/../trainer.py:335:::  

 2025-05-24 11:58:40 starting optimization of bigclam on photo on device cuda

 configs_dict: 
{
    "clamiter_init": {
        "dim_feat": 60,
        "dim_attr": 500,
        "s_reg": 0.0,
        "l1_reg": 1,
        "T": 1,
        "hidden_dim": 64,
        "num_coupling_blocks": 32,
        "num_layers_mlp": 2
    },
    "feat_opt": {
        "lr": 5e-06,
        "n_iter": 10000,
        "early_stop": 0
    }
}


/home/daniel.z/ICML_PIECLAM_020425/experiments/../clamiter.py:365:::  
staring fit_feats for 10000 iterations


/home/daniel.z/ICML_PIECLAM_020425/experiments/../trainer.py:454:::  

train_model_on_params on bigclam photo 
took 53.790974378585815 seconds


/home/daniel.z/ICML_PIECLAM_020425/experiments/optimization_utils.py:655:::  
Repetition no. 1


/home/daniel.z/ICML_PIECLAM_020425/experiments/../trainer.py:161:::  

Using dataset specific configuration and not global 




/home/daniel.z/ICML_PIECLAM_020425/experiments/../trainer.py:335:::  

 2025-05-24 11:59:34 starting optimization of bigclam on photo on device cuda

 configs_dict: 
{
    "clamiter_init": {
        "dim_feat": 60,
        "dim_attr": 500,
        "s_reg": 0.0,
        "l1_reg": 1,
        "T": 1,
        "hidden_dim": 64,
        "num_coupling_blocks": 32,
        "num_layers_mlp": 2
    },
    "feat_opt": {
        "lr": 5e-06,
        "n_iter": 10000,
        "early_stop": 0
    }
}


/home/daniel.z/ICML_PIECLAM_020425/experiments/../clamiter.py:365:::  
staring fit_feats for 10000 iterations


/home/daniel.z/ICML_PIECLAM_020425/experiments/../trainer.py:454:::  

train_model_on_params on bigclam photo 
took 53.88984823226929 seconds


/home/daniel.z/ICML_PIECLAM_020425/experiments/optimization_utils.py:655:::  
Repetition no. 2


/home/daniel.z/ICML_PIECLAM_020425/experiments/../trainer.py:161:::  

Using dataset specific configuration and not global 




/home/daniel.z/ICML_PIECLAM_020425/experiments/../trainer.py:335:::  

 2025-05-24 12:00:29 starting optimization of bigclam on photo on device cuda

 configs_dict: 
{
    "clamiter_init": {
        "dim_feat": 60,
        "dim_attr": 500,
        "s_reg": 0.0,
        "l1_reg": 1,
        "T": 1,
        "hidden_dim": 64,
        "num_coupling_blocks": 32,
        "num_layers_mlp": 2
    },
    "feat_opt": {
        "lr": 5e-06,
        "n_iter": 10000,
        "early_stop": 0
    }
}


/home/daniel.z/ICML_PIECLAM_020425/experiments/../clamiter.py:365:::  
staring fit_feats for 10000 iterations


/home/daniel.z/ICML_PIECLAM_020425/experiments/../trainer.py:454:::  

train_model_on_params on bigclam photo 
took 53.87810230255127 seconds


/home/daniel.z/ICML_PIECLAM_020425/experiments/optimization_utils.py:655:::  
Repetition no. 0


/home/daniel.z/ICML_PIECLAM_020425/experiments/../trainer.py:161:::  

Using dataset specific configuration and not global 




/home/daniel.z/ICML_PIECLAM_020425/experiments/../trainer.py:335:::  

 2025-05-24 12:01:23 starting optimization of bigclam on photo on device cuda

 configs_dict: 
{
    "clamiter_init": {
        "dim_feat": 40,
        "dim_attr": 500,
        "s_reg": 0.0,
        "l1_reg": 1,
        "T": 1,
        "hidden_dim": 64,
        "num_coupling_blocks": 32,
        "num_layers_mlp": 2
    },
    "feat_opt": {
        "lr": 2e-06,
        "n_iter": 7000,
        "early_stop": 0
    }
}


/home/daniel.z/ICML_PIECLAM_020425/experiments/../clamiter.py:365:::  
staring fit_feats for 7000 iterations


/home/daniel.z/ICML_PIECLAM_020425/experiments/../trainer.py:454:::  

train_model_on_params on bigclam photo 
took 27.40412402153015 seconds


/home/daniel.z/ICML_PIECLAM_020425/experiments/optimization_utils.py:655:::  
Repetition no. 1


/home/daniel.z/ICML_PIECLAM_020425/experiments/../trainer.py:161:::  

Using dataset specific configuration and not global 




/home/daniel.z/ICML_PIECLAM_020425/experiments/../trainer.py:335:::  

 2025-05-24 12:01:50 starting optimization of bigclam on photo on device cuda

 configs_dict: 
{
    "clamiter_init": {
        "dim_feat": 40,
        "dim_attr": 500,
        "s_reg": 0.0,
        "l1_reg": 1,
        "T": 1,
        "hidden_dim": 64,
        "num_coupling_blocks": 32,
        "num_layers_mlp": 2
    },
    "feat_opt": {
        "lr": 2e-06,
        "n_iter": 7000,
        "early_stop": 0
    }
}


/home/daniel.z/ICML_PIECLAM_020425/experiments/../clamiter.py:365:::  
staring fit_feats for 7000 iterations


/home/daniel.z/ICML_PIECLAM_020425/experiments/../trainer.py:454:::  

train_model_on_params on bigclam photo 
took 27.4123592376709 seconds


/home/daniel.z/ICML_PIECLAM_020425/experiments/optimization_utils.py:655:::  
Repetition no. 2


/home/daniel.z/ICML_PIECLAM_020425/experiments/../trainer.py:161:::  

Using dataset specific configuration and not global 




/home/daniel.z/ICML_PIECLAM_020425/experiments/../trainer.py:335:::  

 2025-05-24 12:02:19 starting optimization of bigclam on photo on device cuda

 configs_dict: 
{
    "clamiter_init": {
        "dim_feat": 40,
        "dim_attr": 500,
        "s_reg": 0.0,
        "l1_reg": 1,
        "T": 1,
        "hidden_dim": 64,
        "num_coupling_blocks": 32,
        "num_layers_mlp": 2
    },
    "feat_opt": {
        "lr": 2e-06,
        "n_iter": 7000,
        "early_stop": 0
    }
}


/home/daniel.z/ICML_PIECLAM_020425/experiments/../clamiter.py:365:::  
staring fit_feats for 7000 iterations


/home/daniel.z/ICML_PIECLAM_020425/experiments/../trainer.py:454:::  

train_model_on_params on bigclam photo 
took 27.409066200256348 seconds


/home/daniel.z/ICML_PIECLAM_020425/experiments/optimization_utils.py:655:::  
Repetition no. 0


/home/daniel.z/ICML_PIECLAM_020425/experiments/../trainer.py:161:::  

Using dataset specific configuration and not global 




/home/daniel.z/ICML_PIECLAM_020425/experiments/../trainer.py:335:::  

 2025-05-24 12:02:47 starting optimization of bigclam on photo on device cuda

 configs_dict: 
{
    "clamiter_init": {
        "dim_feat": 40,
        "dim_attr": 500,
        "s_reg": 0.0,
        "l1_reg": 1,
        "T": 1,
        "hidden_dim": 64,
        "num_coupling_blocks": 32,
        "num_layers_mlp": 2
    },
    "feat_opt": {
        "lr": 2e-06,
        "n_iter": 10000,
        "early_stop": 0
    }
}


/home/daniel.z/ICML_PIECLAM_020425/experiments/../clamiter.py:365:::  
staring fit_feats for 10000 iterations


/home/daniel.z/ICML_PIECLAM_020425/experiments/../trainer.py:454:::  

train_model_on_params on bigclam photo 
took 39.115320444107056 seconds


/home/daniel.z/ICML_PIECLAM_020425/experiments/optimization_utils.py:655:::  
Repetition no. 1


/home/daniel.z/ICML_PIECLAM_020425/experiments/../trainer.py:161:::  

Using dataset specific configuration and not global 




/home/daniel.z/ICML_PIECLAM_020425/experiments/../trainer.py:335:::  

 2025-05-24 12:03:26 starting optimization of bigclam on photo on device cuda

 configs_dict: 
{
    "clamiter_init": {
        "dim_feat": 40,
        "dim_attr": 500,
        "s_reg": 0.0,
        "l1_reg": 1,
        "T": 1,
        "hidden_dim": 64,
        "num_coupling_blocks": 32,
        "num_layers_mlp": 2
    },
    "feat_opt": {
        "lr": 2e-06,
        "n_iter": 10000,
        "early_stop": 0
    }
}


/home/daniel.z/ICML_PIECLAM_020425/experiments/../clamiter.py:365:::  
staring fit_feats for 10000 iterations


/home/daniel.z/ICML_PIECLAM_020425/experiments/../trainer.py:454:::  

train_model_on_params on bigclam photo 
took 39.119386196136475 seconds


/home/daniel.z/ICML_PIECLAM_020425/experiments/optimization_utils.py:655:::  
Repetition no. 2


/home/daniel.z/ICML_PIECLAM_020425/experiments/../trainer.py:161:::  

Using dataset specific configuration and not global 




/home/daniel.z/ICML_PIECLAM_020425/experiments/../trainer.py:335:::  

 2025-05-24 12:04:06 starting optimization of bigclam on photo on device cuda

 configs_dict: 
{
    "clamiter_init": {
        "dim_feat": 40,
        "dim_attr": 500,
        "s_reg": 0.0,
        "l1_reg": 1,
        "T": 1,
        "hidden_dim": 64,
        "num_coupling_blocks": 32,
        "num_layers_mlp": 2
    },
    "feat_opt": {
        "lr": 2e-06,
        "n_iter": 10000,
        "early_stop": 0
    }
}


/home/daniel.z/ICML_PIECLAM_020425/experiments/../clamiter.py:365:::  
staring fit_feats for 10000 iterations


/home/daniel.z/ICML_PIECLAM_020425/experiments/../trainer.py:454:::  

train_model_on_params on bigclam photo 
took 39.186508893966675 seconds


/home/daniel.z/ICML_PIECLAM_020425/experiments/optimization_utils.py:655:::  
Repetition no. 0


/home/daniel.z/ICML_PIECLAM_020425/experiments/../trainer.py:161:::  

Using dataset specific configuration and not global 




/home/daniel.z/ICML_PIECLAM_020425/experiments/../trainer.py:335:::  

 2025-05-24 12:04:46 starting optimization of bigclam on photo on device cuda

 configs_dict: 
{
    "clamiter_init": {
        "dim_feat": 60,
        "dim_attr": 500,
        "s_reg": 0.0,
        "l1_reg": 1,
        "T": 1,
        "hidden_dim": 64,
        "num_coupling_blocks": 32,
        "num_layers_mlp": 2
    },
    "feat_opt": {
        "lr": 5e-06,
        "n_iter": 7000,
        "early_stop": 0
    }
}


/home/daniel.z/ICML_PIECLAM_020425/experiments/../clamiter.py:365:::  
staring fit_feats for 7000 iterations


/home/daniel.z/ICML_PIECLAM_020425/experiments/../trainer.py:454:::  

train_model_on_params on bigclam photo 
took 37.72875499725342 seconds


/home/daniel.z/ICML_PIECLAM_020425/experiments/optimization_utils.py:655:::  
Repetition no. 1


/home/daniel.z/ICML_PIECLAM_020425/experiments/../trainer.py:161:::  

Using dataset specific configuration and not global 




/home/daniel.z/ICML_PIECLAM_020425/experiments/../trainer.py:335:::  

 2025-05-24 12:05:27 starting optimization of bigclam on photo on device cuda

 configs_dict: 
{
    "clamiter_init": {
        "dim_feat": 60,
        "dim_attr": 500,
        "s_reg": 0.0,
        "l1_reg": 1,
        "T": 1,
        "hidden_dim": 64,
        "num_coupling_blocks": 32,
        "num_layers_mlp": 2
    },
    "feat_opt": {
        "lr": 5e-06,
        "n_iter": 7000,
        "early_stop": 0
    }
}


/home/daniel.z/ICML_PIECLAM_020425/experiments/../clamiter.py:365:::  
staring fit_feats for 7000 iterations


/home/daniel.z/ICML_PIECLAM_020425/experiments/../trainer.py:454:::  

train_model_on_params on bigclam photo 
took 37.741474628448486 seconds


/home/daniel.z/ICML_PIECLAM_020425/experiments/optimization_utils.py:655:::  
Repetition no. 2


/home/daniel.z/ICML_PIECLAM_020425/experiments/../trainer.py:161:::  

Using dataset specific configuration and not global 




/home/daniel.z/ICML_PIECLAM_020425/experiments/../trainer.py:335:::  

 2025-05-24 12:06:05 starting optimization of bigclam on photo on device cuda

 configs_dict: 
{
    "clamiter_init": {
        "dim_feat": 60,
        "dim_attr": 500,
        "s_reg": 0.0,
        "l1_reg": 1,
        "T": 1,
        "hidden_dim": 64,
        "num_coupling_blocks": 32,
        "num_layers_mlp": 2
    },
    "feat_opt": {
        "lr": 5e-06,
        "n_iter": 7000,
        "early_stop": 0
    }
}


/home/daniel.z/ICML_PIECLAM_020425/experiments/../clamiter.py:365:::  
staring fit_feats for 7000 iterations


/home/daniel.z/ICML_PIECLAM_020425/experiments/../trainer.py:454:::  

train_model_on_params on bigclam photo 
took 37.7386999130249 seconds


/home/daniel.z/ICML_PIECLAM_020425/experiments/optimization_utils.py:729:::  


Finished CrossVal!




/home/daniel.z/ICML_PIECLAM_020425/experiments/optimization_utils.py:516:::  
On test set split_22-52_02-05-25 of photo,bigclam
 ======================


/home/daniel.z/ICML_PIECLAM_020425/experiments/optimization_utils.py:633:::  
RunSaver defined to acc_configs path /home/daniel.z/ICML_PIECLAM_020425/experiments/results/link_prediction/auc/photo/bigclam/split_22-52_02-05-25/valid/acc_configs12-06_24-05-25.json


/home/daniel.z/ICML_PIECLAM_020425/experiments/optimization_utils.py:655:::  
Repetition no. 0


/home/daniel.z/ICML_PIECLAM_020425/experiments/../trainer.py:161:::  

Using dataset specific configuration and not global 




/home/daniel.z/ICML_PIECLAM_020425/experiments/../trainer.py:335:::  

 2025-05-24 12:06:46 starting optimization of bigclam on photo on device cuda

 configs_dict: 
{
    "clamiter_init": {
        "dim_feat": 50,
        "dim_attr": 500,
        "s_reg": 0.0,
        "l1_reg": 1,
        "T": 1,
        "hidden_dim": 64,
        "num_coupling_blocks": 32,
        "num_layers_mlp": 2
    },
    "feat_opt": {
        "lr": 3e-06,
        "n_iter": 13000,
        "early_stop": 0
    }
}


/home/daniel.z/ICML_PIECLAM_020425/experiments/../clamiter.py:365:::  
staring fit_feats for 13000 iterations


/home/daniel.z/ICML_PIECLAM_020425/experiments/../trainer.py:454:::  

train_model_on_params on bigclam photo 
took 60.69124913215637 seconds


/home/daniel.z/ICML_PIECLAM_020425/experiments/optimization_utils.py:655:::  
Repetition no. 1


/home/daniel.z/ICML_PIECLAM_020425/experiments/../trainer.py:161:::  

Using dataset specific configuration and not global 




/home/daniel.z/ICML_PIECLAM_020425/experiments/../trainer.py:335:::  

 2025-05-24 12:07:47 starting optimization of bigclam on photo on device cuda

 configs_dict: 
{
    "clamiter_init": {
        "dim_feat": 50,
        "dim_attr": 500,
        "s_reg": 0.0,
        "l1_reg": 1,
        "T": 1,
        "hidden_dim": 64,
        "num_coupling_blocks": 32,
        "num_layers_mlp": 2
    },
    "feat_opt": {
        "lr": 3e-06,
        "n_iter": 13000,
        "early_stop": 0
    }
}


/home/daniel.z/ICML_PIECLAM_020425/experiments/../clamiter.py:365:::  
staring fit_feats for 13000 iterations


/home/daniel.z/ICML_PIECLAM_020425/experiments/../trainer.py:454:::  

train_model_on_params on bigclam photo 
took 60.796669006347656 seconds


/home/daniel.z/ICML_PIECLAM_020425/experiments/optimization_utils.py:655:::  
Repetition no. 2


/home/daniel.z/ICML_PIECLAM_020425/experiments/../trainer.py:161:::  

Using dataset specific configuration and not global 




/home/daniel.z/ICML_PIECLAM_020425/experiments/../trainer.py:335:::  

 2025-05-24 12:08:49 starting optimization of bigclam on photo on device cuda

 configs_dict: 
{
    "clamiter_init": {
        "dim_feat": 50,
        "dim_attr": 500,
        "s_reg": 0.0,
        "l1_reg": 1,
        "T": 1,
        "hidden_dim": 64,
        "num_coupling_blocks": 32,
        "num_layers_mlp": 2
    },
    "feat_opt": {
        "lr": 3e-06,
        "n_iter": 13000,
        "early_stop": 0
    }
}


/home/daniel.z/ICML_PIECLAM_020425/experiments/../clamiter.py:365:::  
staring fit_feats for 13000 iterations


/home/daniel.z/ICML_PIECLAM_020425/experiments/../trainer.py:454:::  

train_model_on_params on bigclam photo 
took 60.8053240776062 seconds


/home/daniel.z/ICML_PIECLAM_020425/experiments/optimization_utils.py:655:::  
Repetition no. 0


/home/daniel.z/ICML_PIECLAM_020425/experiments/../trainer.py:161:::  

Using dataset specific configuration and not global 




/home/daniel.z/ICML_PIECLAM_020425/experiments/../trainer.py:335:::  

 2025-05-24 12:09:50 starting optimization of bigclam on photo on device cuda

 configs_dict: 
{
    "clamiter_init": {
        "dim_feat": 50,
        "dim_attr": 500,
        "s_reg": 0.0,
        "l1_reg": 1,
        "T": 1,
        "hidden_dim": 64,
        "num_coupling_blocks": 32,
        "num_layers_mlp": 2
    },
    "feat_opt": {
        "lr": 2e-06,
        "n_iter": 10000,
        "early_stop": 0
    }
}


/home/daniel.z/ICML_PIECLAM_020425/experiments/../clamiter.py:365:::  
staring fit_feats for 10000 iterations


/home/daniel.z/ICML_PIECLAM_020425/experiments/../trainer.py:454:::  

train_model_on_params on bigclam photo 
took 46.764404296875 seconds


/home/daniel.z/ICML_PIECLAM_020425/experiments/optimization_utils.py:655:::  
Repetition no. 1


/home/daniel.z/ICML_PIECLAM_020425/experiments/../trainer.py:161:::  

Using dataset specific configuration and not global 




/home/daniel.z/ICML_PIECLAM_020425/experiments/../trainer.py:335:::  

 2025-05-24 12:10:37 starting optimization of bigclam on photo on device cuda

 configs_dict: 
{
    "clamiter_init": {
        "dim_feat": 50,
        "dim_attr": 500,
        "s_reg": 0.0,
        "l1_reg": 1,
        "T": 1,
        "hidden_dim": 64,
        "num_coupling_blocks": 32,
        "num_layers_mlp": 2
    },
    "feat_opt": {
        "lr": 2e-06,
        "n_iter": 10000,
        "early_stop": 0
    }
}


/home/daniel.z/ICML_PIECLAM_020425/experiments/../clamiter.py:365:::  
staring fit_feats for 10000 iterations


/home/daniel.z/ICML_PIECLAM_020425/experiments/../trainer.py:454:::  

train_model_on_params on bigclam photo 
took 46.706132650375366 seconds


/home/daniel.z/ICML_PIECLAM_020425/experiments/optimization_utils.py:655:::  
Repetition no. 2


/home/daniel.z/ICML_PIECLAM_020425/experiments/../trainer.py:161:::  

Using dataset specific configuration and not global 




/home/daniel.z/ICML_PIECLAM_020425/experiments/../trainer.py:335:::  

 2025-05-24 12:11:24 starting optimization of bigclam on photo on device cuda

 configs_dict: 
{
    "clamiter_init": {
        "dim_feat": 50,
        "dim_attr": 500,
        "s_reg": 0.0,
        "l1_reg": 1,
        "T": 1,
        "hidden_dim": 64,
        "num_coupling_blocks": 32,
        "num_layers_mlp": 2
    },
    "feat_opt": {
        "lr": 2e-06,
        "n_iter": 10000,
        "early_stop": 0
    }
}


/home/daniel.z/ICML_PIECLAM_020425/experiments/../clamiter.py:365:::  
staring fit_feats for 10000 iterations


/home/daniel.z/ICML_PIECLAM_020425/experiments/../trainer.py:454:::  

train_model_on_params on bigclam photo 
took 46.734418869018555 seconds


/home/daniel.z/ICML_PIECLAM_020425/experiments/optimization_utils.py:655:::  
Repetition no. 0


/home/daniel.z/ICML_PIECLAM_020425/experiments/../trainer.py:161:::  

Using dataset specific configuration and not global 




/home/daniel.z/ICML_PIECLAM_020425/experiments/../trainer.py:335:::  

 2025-05-24 12:12:11 starting optimization of bigclam on photo on device cuda

 configs_dict: 
{
    "clamiter_init": {
        "dim_feat": 50,
        "dim_attr": 500,
        "s_reg": 0.0,
        "l1_reg": 1,
        "T": 1,
        "hidden_dim": 64,
        "num_coupling_blocks": 32,
        "num_layers_mlp": 2
    },
    "feat_opt": {
        "lr": 2e-06,
        "n_iter": 7000,
        "early_stop": 0
    }
}


/home/daniel.z/ICML_PIECLAM_020425/experiments/../clamiter.py:365:::  
staring fit_feats for 7000 iterations


/home/daniel.z/ICML_PIECLAM_020425/experiments/../trainer.py:454:::  

train_model_on_params on bigclam photo 
took 32.766313552856445 seconds


/home/daniel.z/ICML_PIECLAM_020425/experiments/optimization_utils.py:655:::  
Repetition no. 1


/home/daniel.z/ICML_PIECLAM_020425/experiments/../trainer.py:161:::  

Using dataset specific configuration and not global 




/home/daniel.z/ICML_PIECLAM_020425/experiments/../trainer.py:335:::  

 2025-05-24 12:12:45 starting optimization of bigclam on photo on device cuda

 configs_dict: 
{
    "clamiter_init": {
        "dim_feat": 50,
        "dim_attr": 500,
        "s_reg": 0.0,
        "l1_reg": 1,
        "T": 1,
        "hidden_dim": 64,
        "num_coupling_blocks": 32,
        "num_layers_mlp": 2
    },
    "feat_opt": {
        "lr": 2e-06,
        "n_iter": 7000,
        "early_stop": 0
    }
}


/home/daniel.z/ICML_PIECLAM_020425/experiments/../clamiter.py:365:::  
staring fit_feats for 7000 iterations


/home/daniel.z/ICML_PIECLAM_020425/experiments/../trainer.py:454:::  

train_model_on_params on bigclam photo 
took 32.78944540023804 seconds


/home/daniel.z/ICML_PIECLAM_020425/experiments/optimization_utils.py:655:::  
Repetition no. 2


/home/daniel.z/ICML_PIECLAM_020425/experiments/../trainer.py:161:::  

Using dataset specific configuration and not global 




/home/daniel.z/ICML_PIECLAM_020425/experiments/../trainer.py:335:::  

 2025-05-24 12:13:18 starting optimization of bigclam on photo on device cuda

 configs_dict: 
{
    "clamiter_init": {
        "dim_feat": 50,
        "dim_attr": 100,
        "s_reg": 0.0,
        "l1_reg": 1,
        "T": 1,
        "hidden_dim": 64,
        "num_coupling_blocks": 32,
        "num_layers_mlp": 2
    },
    "feat_opt": {
        "lr": 2e-06,
        "n_iter": 7000,
        "early_stop": 0
    }
}


/home/daniel.z/ICML_PIECLAM_020425/experiments/../clamiter.py:365:::  
staring fit_feats for 7000 iterations


/home/daniel.z/ICML_PIECLAM_020425/experiments/../trainer.py:454:::  

train_model_on_params on bigclam photo 
took 32.7667281627655 seconds


/home/daniel.z/ICML_PIECLAM_020425/experiments/optimization_utils.py:655:::  
Repetition no. 0


/home/daniel.z/ICML_PIECLAM_020425/experiments/../trainer.py:161:::  

Using dataset specific configuration and not global 




/home/daniel.z/ICML_PIECLAM_020425/experiments/../trainer.py:335:::  

 2025-05-24 12:13:51 starting optimization of bigclam on photo on device cuda

 configs_dict: 
{
    "clamiter_init": {
        "dim_feat": 60,
        "dim_attr": 100,
        "s_reg": 0.0,
        "l1_reg": 1,
        "T": 1,
        "hidden_dim": 64,
        "num_coupling_blocks": 32,
        "num_layers_mlp": 2
    },
    "feat_opt": {
        "lr": 5e-06,
        "n_iter": 13000,
        "early_stop": 0
    }
}


/home/daniel.z/ICML_PIECLAM_020425/experiments/../clamiter.py:365:::  
staring fit_feats for 13000 iterations


/home/daniel.z/ICML_PIECLAM_020425/experiments/../trainer.py:454:::  

train_model_on_params on bigclam photo 
took 69.97203969955444 seconds


/home/daniel.z/ICML_PIECLAM_020425/experiments/optimization_utils.py:655:::  
Repetition no. 1


/home/daniel.z/ICML_PIECLAM_020425/experiments/../trainer.py:161:::  

Using dataset specific configuration and not global 




/home/daniel.z/ICML_PIECLAM_020425/experiments/../trainer.py:335:::  

 2025-05-24 12:15:01 starting optimization of bigclam on photo on device cuda

 configs_dict: 
{
    "clamiter_init": {
        "dim_feat": 60,
        "dim_attr": 100,
        "s_reg": 0.0,
        "l1_reg": 1,
        "T": 1,
        "hidden_dim": 64,
        "num_coupling_blocks": 32,
        "num_layers_mlp": 2
    },
    "feat_opt": {
        "lr": 5e-06,
        "n_iter": 13000,
        "early_stop": 0
    }
}


/home/daniel.z/ICML_PIECLAM_020425/experiments/../clamiter.py:365:::  
staring fit_feats for 13000 iterations


/home/daniel.z/ICML_PIECLAM_020425/experiments/../trainer.py:454:::  

train_model_on_params on bigclam photo 
took 69.91356587409973 seconds


/home/daniel.z/ICML_PIECLAM_020425/experiments/optimization_utils.py:655:::  
Repetition no. 2


/home/daniel.z/ICML_PIECLAM_020425/experiments/../trainer.py:161:::  

Using dataset specific configuration and not global 




/home/daniel.z/ICML_PIECLAM_020425/experiments/../trainer.py:335:::  

 2025-05-24 12:16:11 starting optimization of bigclam on photo on device cuda

 configs_dict: 
{
    "clamiter_init": {
        "dim_feat": 60,
        "dim_attr": 100,
        "s_reg": 0.0,
        "l1_reg": 1,
        "T": 1,
        "hidden_dim": 64,
        "num_coupling_blocks": 32,
        "num_layers_mlp": 2
    },
    "feat_opt": {
        "lr": 5e-06,
        "n_iter": 13000,
        "early_stop": 0
    }
}


/home/daniel.z/ICML_PIECLAM_020425/experiments/../clamiter.py:365:::  
staring fit_feats for 13000 iterations


/home/daniel.z/ICML_PIECLAM_020425/experiments/../trainer.py:454:::  

train_model_on_params on bigclam photo 
took 69.95890736579895 seconds


/home/daniel.z/ICML_PIECLAM_020425/experiments/optimization_utils.py:655:::  
Repetition no. 0


/home/daniel.z/ICML_PIECLAM_020425/experiments/../trainer.py:161:::  

Using dataset specific configuration and not global 




/home/daniel.z/ICML_PIECLAM_020425/experiments/../trainer.py:335:::  

 2025-05-24 12:17:22 starting optimization of bigclam on photo on device cuda

 configs_dict: 
{
    "clamiter_init": {
        "dim_feat": 60,
        "dim_attr": 100,
        "s_reg": 0.0,
        "l1_reg": 1,
        "T": 1,
        "hidden_dim": 64,
        "num_coupling_blocks": 32,
        "num_layers_mlp": 2
    },
    "feat_opt": {
        "lr": 3e-06,
        "n_iter": 7000,
        "early_stop": 0
    }
}


/home/daniel.z/ICML_PIECLAM_020425/experiments/../clamiter.py:365:::  
staring fit_feats for 7000 iterations


/home/daniel.z/ICML_PIECLAM_020425/experiments/../trainer.py:454:::  

train_model_on_params on bigclam photo 
took 37.71274948120117 seconds


/home/daniel.z/ICML_PIECLAM_020425/experiments/optimization_utils.py:655:::  
Repetition no. 1


/home/daniel.z/ICML_PIECLAM_020425/experiments/../trainer.py:161:::  

Using dataset specific configuration and not global 




/home/daniel.z/ICML_PIECLAM_020425/experiments/../trainer.py:335:::  

 2025-05-24 12:18:00 starting optimization of bigclam on photo on device cuda

 configs_dict: 
{
    "clamiter_init": {
        "dim_feat": 60,
        "dim_attr": 100,
        "s_reg": 0.0,
        "l1_reg": 1,
        "T": 1,
        "hidden_dim": 64,
        "num_coupling_blocks": 32,
        "num_layers_mlp": 2
    },
    "feat_opt": {
        "lr": 3e-06,
        "n_iter": 7000,
        "early_stop": 0
    }
}


/home/daniel.z/ICML_PIECLAM_020425/experiments/../clamiter.py:365:::  
staring fit_feats for 7000 iterations


/home/daniel.z/ICML_PIECLAM_020425/experiments/../trainer.py:454:::  

train_model_on_params on bigclam photo 
took 37.74473166465759 seconds


/home/daniel.z/ICML_PIECLAM_020425/experiments/optimization_utils.py:655:::  
Repetition no. 2


/home/daniel.z/ICML_PIECLAM_020425/experiments/../trainer.py:161:::  

Using dataset specific configuration and not global 




/home/daniel.z/ICML_PIECLAM_020425/experiments/../trainer.py:335:::  

 2025-05-24 12:18:38 starting optimization of bigclam on photo on device cuda

 configs_dict: 
{
    "clamiter_init": {
        "dim_feat": 60,
        "dim_attr": 100,
        "s_reg": 0.0,
        "l1_reg": 1,
        "T": 1,
        "hidden_dim": 64,
        "num_coupling_blocks": 32,
        "num_layers_mlp": 2
    },
    "feat_opt": {
        "lr": 3e-06,
        "n_iter": 7000,
        "early_stop": 0
    }
}


/home/daniel.z/ICML_PIECLAM_020425/experiments/../clamiter.py:365:::  
staring fit_feats for 7000 iterations


/home/daniel.z/ICML_PIECLAM_020425/experiments/../trainer.py:454:::  

train_model_on_params on bigclam photo 
took 37.74136257171631 seconds


/home/daniel.z/ICML_PIECLAM_020425/experiments/optimization_utils.py:655:::  
Repetition no. 0


/home/daniel.z/ICML_PIECLAM_020425/experiments/../trainer.py:161:::  

Using dataset specific configuration and not global 




/home/daniel.z/ICML_PIECLAM_020425/experiments/../trainer.py:335:::  

 2025-05-24 12:19:16 starting optimization of bigclam on photo on device cuda

 configs_dict: 
{
    "clamiter_init": {
        "dim_feat": 40,
        "dim_attr": 100,
        "s_reg": 0.0,
        "l1_reg": 1,
        "T": 1,
        "hidden_dim": 64,
        "num_coupling_blocks": 32,
        "num_layers_mlp": 2
    },
    "feat_opt": {
        "lr": 2e-06,
        "n_iter": 13000,
        "early_stop": 0
    }
}


/home/daniel.z/ICML_PIECLAM_020425/experiments/../clamiter.py:365:::  
staring fit_feats for 13000 iterations


/home/daniel.z/ICML_PIECLAM_020425/experiments/../trainer.py:454:::  

train_model_on_params on bigclam photo 
took 50.8153018951416 seconds


/home/daniel.z/ICML_PIECLAM_020425/experiments/optimization_utils.py:655:::  
Repetition no. 1


/home/daniel.z/ICML_PIECLAM_020425/experiments/../trainer.py:161:::  

Using dataset specific configuration and not global 




/home/daniel.z/ICML_PIECLAM_020425/experiments/../trainer.py:335:::  

 2025-05-24 12:20:07 starting optimization of bigclam on photo on device cuda

 configs_dict: 
{
    "clamiter_init": {
        "dim_feat": 40,
        "dim_attr": 100,
        "s_reg": 0.0,
        "l1_reg": 1,
        "T": 1,
        "hidden_dim": 64,
        "num_coupling_blocks": 32,
        "num_layers_mlp": 2
    },
    "feat_opt": {
        "lr": 2e-06,
        "n_iter": 13000,
        "early_stop": 0
    }
}


/home/daniel.z/ICML_PIECLAM_020425/experiments/../clamiter.py:365:::  
staring fit_feats for 13000 iterations


/home/daniel.z/ICML_PIECLAM_020425/experiments/../trainer.py:454:::  

train_model_on_params on bigclam photo 
took 50.764604806900024 seconds


/home/daniel.z/ICML_PIECLAM_020425/experiments/optimization_utils.py:655:::  
Repetition no. 2


/home/daniel.z/ICML_PIECLAM_020425/experiments/../trainer.py:161:::  

Using dataset specific configuration and not global 




/home/daniel.z/ICML_PIECLAM_020425/experiments/../trainer.py:335:::  

 2025-05-24 12:20:58 starting optimization of bigclam on photo on device cuda

 configs_dict: 
{
    "clamiter_init": {
        "dim_feat": 40,
        "dim_attr": 100,
        "s_reg": 0.0,
        "l1_reg": 1,
        "T": 1,
        "hidden_dim": 64,
        "num_coupling_blocks": 32,
        "num_layers_mlp": 2
    },
    "feat_opt": {
        "lr": 2e-06,
        "n_iter": 13000,
        "early_stop": 0
    }
}


/home/daniel.z/ICML_PIECLAM_020425/experiments/../clamiter.py:365:::  
staring fit_feats for 13000 iterations


/home/daniel.z/ICML_PIECLAM_020425/experiments/../trainer.py:454:::  

train_model_on_params on bigclam photo 
took 50.84826731681824 seconds


/home/daniel.z/ICML_PIECLAM_020425/experiments/optimization_utils.py:655:::  
Repetition no. 0


/home/daniel.z/ICML_PIECLAM_020425/experiments/../trainer.py:161:::  

Using dataset specific configuration and not global 




/home/daniel.z/ICML_PIECLAM_020425/experiments/../trainer.py:335:::  

 2025-05-24 12:21:49 starting optimization of bigclam on photo on device cuda

 configs_dict: 
{
    "clamiter_init": {
        "dim_feat": 40,
        "dim_attr": 100,
        "s_reg": 0.0,
        "l1_reg": 1,
        "T": 1,
        "hidden_dim": 64,
        "num_coupling_blocks": 32,
        "num_layers_mlp": 2
    },
    "feat_opt": {
        "lr": 5e-06,
        "n_iter": 10000,
        "early_stop": 0
    }
}


/home/daniel.z/ICML_PIECLAM_020425/experiments/../clamiter.py:365:::  
staring fit_feats for 10000 iterations


/home/daniel.z/ICML_PIECLAM_020425/experiments/../trainer.py:454:::  

train_model_on_params on bigclam photo 
took 39.091336488723755 seconds


/home/daniel.z/ICML_PIECLAM_020425/experiments/optimization_utils.py:655:::  
Repetition no. 1


/home/daniel.z/ICML_PIECLAM_020425/experiments/../trainer.py:161:::  

Using dataset specific configuration and not global 




/home/daniel.z/ICML_PIECLAM_020425/experiments/../trainer.py:335:::  

 2025-05-24 12:22:28 starting optimization of bigclam on photo on device cuda

 configs_dict: 
{
    "clamiter_init": {
        "dim_feat": 40,
        "dim_attr": 100,
        "s_reg": 0.0,
        "l1_reg": 1,
        "T": 1,
        "hidden_dim": 64,
        "num_coupling_blocks": 32,
        "num_layers_mlp": 2
    },
    "feat_opt": {
        "lr": 5e-06,
        "n_iter": 10000,
        "early_stop": 0
    }
}


/home/daniel.z/ICML_PIECLAM_020425/experiments/../clamiter.py:365:::  
staring fit_feats for 10000 iterations


/home/daniel.z/ICML_PIECLAM_020425/experiments/../trainer.py:454:::  

train_model_on_params on bigclam photo 
took 39.13726544380188 seconds


/home/daniel.z/ICML_PIECLAM_020425/experiments/optimization_utils.py:655:::  
Repetition no. 2


/home/daniel.z/ICML_PIECLAM_020425/experiments/../trainer.py:161:::  

Using dataset specific configuration and not global 




/home/daniel.z/ICML_PIECLAM_020425/experiments/../trainer.py:335:::  

 2025-05-24 12:23:08 starting optimization of bigclam on photo on device cuda

 configs_dict: 
{
    "clamiter_init": {
        "dim_feat": 40,
        "dim_attr": 100,
        "s_reg": 0.0,
        "l1_reg": 1,
        "T": 1,
        "hidden_dim": 64,
        "num_coupling_blocks": 32,
        "num_layers_mlp": 2
    },
    "feat_opt": {
        "lr": 5e-06,
        "n_iter": 10000,
        "early_stop": 0
    }
}


/home/daniel.z/ICML_PIECLAM_020425/experiments/../clamiter.py:365:::  
staring fit_feats for 10000 iterations


/home/daniel.z/ICML_PIECLAM_020425/experiments/../trainer.py:454:::  

train_model_on_params on bigclam photo 
took 39.195664405822754 seconds


/home/daniel.z/ICML_PIECLAM_020425/experiments/optimization_utils.py:655:::  
Repetition no. 0


/home/daniel.z/ICML_PIECLAM_020425/experiments/../trainer.py:161:::  

Using dataset specific configuration and not global 




/home/daniel.z/ICML_PIECLAM_020425/experiments/../trainer.py:335:::  

 2025-05-24 12:23:47 starting optimization of bigclam on photo on device cuda

 configs_dict: 
{
    "clamiter_init": {
        "dim_feat": 50,
        "dim_attr": 100,
        "s_reg": 0.0,
        "l1_reg": 1,
        "T": 1,
        "hidden_dim": 64,
        "num_coupling_blocks": 32,
        "num_layers_mlp": 2
    },
    "feat_opt": {
        "lr": 3e-06,
        "n_iter": 7000,
        "early_stop": 0
    }
}


/home/daniel.z/ICML_PIECLAM_020425/experiments/../clamiter.py:365:::  
staring fit_feats for 7000 iterations


/home/daniel.z/ICML_PIECLAM_020425/experiments/../trainer.py:454:::  

train_model_on_params on bigclam photo 
took 32.80165076255798 seconds


/home/daniel.z/ICML_PIECLAM_020425/experiments/optimization_utils.py:655:::  
Repetition no. 1


/home/daniel.z/ICML_PIECLAM_020425/experiments/../trainer.py:161:::  

Using dataset specific configuration and not global 




/home/daniel.z/ICML_PIECLAM_020425/experiments/../trainer.py:335:::  

 2025-05-24 12:24:20 starting optimization of bigclam on photo on device cuda

 configs_dict: 
{
    "clamiter_init": {
        "dim_feat": 50,
        "dim_attr": 100,
        "s_reg": 0.0,
        "l1_reg": 1,
        "T": 1,
        "hidden_dim": 64,
        "num_coupling_blocks": 32,
        "num_layers_mlp": 2
    },
    "feat_opt": {
        "lr": 3e-06,
        "n_iter": 7000,
        "early_stop": 0
    }
}


/home/daniel.z/ICML_PIECLAM_020425/experiments/../clamiter.py:365:::  
staring fit_feats for 7000 iterations


/home/daniel.z/ICML_PIECLAM_020425/experiments/../trainer.py:454:::  

train_model_on_params on bigclam photo 
took 32.78081297874451 seconds


/home/daniel.z/ICML_PIECLAM_020425/experiments/optimization_utils.py:655:::  
Repetition no. 2


/home/daniel.z/ICML_PIECLAM_020425/experiments/../trainer.py:161:::  

Using dataset specific configuration and not global 




/home/daniel.z/ICML_PIECLAM_020425/experiments/../trainer.py:335:::  

 2025-05-24 12:24:53 starting optimization of bigclam on photo on device cuda

 configs_dict: 
{
    "clamiter_init": {
        "dim_feat": 50,
        "dim_attr": 100,
        "s_reg": 0.0,
        "l1_reg": 1,
        "T": 1,
        "hidden_dim": 64,
        "num_coupling_blocks": 32,
        "num_layers_mlp": 2
    },
    "feat_opt": {
        "lr": 3e-06,
        "n_iter": 7000,
        "early_stop": 0
    }
}


/home/daniel.z/ICML_PIECLAM_020425/experiments/../clamiter.py:365:::  
staring fit_feats for 7000 iterations


/home/daniel.z/ICML_PIECLAM_020425/experiments/../trainer.py:454:::  

train_model_on_params on bigclam photo 
took 32.81111550331116 seconds


/home/daniel.z/ICML_PIECLAM_020425/experiments/optimization_utils.py:655:::  
Repetition no. 0


/home/daniel.z/ICML_PIECLAM_020425/experiments/../trainer.py:161:::  

Using dataset specific configuration and not global 




/home/daniel.z/ICML_PIECLAM_020425/experiments/../trainer.py:335:::  

 2025-05-24 12:25:27 starting optimization of bigclam on photo on device cuda

 configs_dict: 
{
    "clamiter_init": {
        "dim_feat": 50,
        "dim_attr": 100,
        "s_reg": 0.0,
        "l1_reg": 1,
        "T": 1,
        "hidden_dim": 64,
        "num_coupling_blocks": 32,
        "num_layers_mlp": 2
    },
    "feat_opt": {
        "lr": 2e-06,
        "n_iter": 13000,
        "early_stop": 0
    }
}


/home/daniel.z/ICML_PIECLAM_020425/experiments/../clamiter.py:365:::  
staring fit_feats for 13000 iterations


/home/daniel.z/ICML_PIECLAM_020425/experiments/../trainer.py:454:::  

train_model_on_params on bigclam photo 
took 60.72873520851135 seconds


/home/daniel.z/ICML_PIECLAM_020425/experiments/optimization_utils.py:655:::  
Repetition no. 1


/home/daniel.z/ICML_PIECLAM_020425/experiments/../trainer.py:161:::  

Using dataset specific configuration and not global 




/home/daniel.z/ICML_PIECLAM_020425/experiments/../trainer.py:335:::  

 2025-05-24 12:26:28 starting optimization of bigclam on photo on device cuda

 configs_dict: 
{
    "clamiter_init": {
        "dim_feat": 50,
        "dim_attr": 100,
        "s_reg": 0.0,
        "l1_reg": 1,
        "T": 1,
        "hidden_dim": 64,
        "num_coupling_blocks": 32,
        "num_layers_mlp": 2
    },
    "feat_opt": {
        "lr": 2e-06,
        "n_iter": 13000,
        "early_stop": 0
    }
}


/home/daniel.z/ICML_PIECLAM_020425/experiments/../clamiter.py:365:::  
staring fit_feats for 13000 iterations


/home/daniel.z/ICML_PIECLAM_020425/experiments/../trainer.py:454:::  

train_model_on_params on bigclam photo 
took 60.68280053138733 seconds


/home/daniel.z/ICML_PIECLAM_020425/experiments/optimization_utils.py:655:::  
Repetition no. 2


/home/daniel.z/ICML_PIECLAM_020425/experiments/../trainer.py:161:::  

Using dataset specific configuration and not global 




/home/daniel.z/ICML_PIECLAM_020425/experiments/../trainer.py:335:::  

 2025-05-24 12:27:29 starting optimization of bigclam on photo on device cuda

 configs_dict: 
{
    "clamiter_init": {
        "dim_feat": 50,
        "dim_attr": 100,
        "s_reg": 0.0,
        "l1_reg": 1,
        "T": 1,
        "hidden_dim": 64,
        "num_coupling_blocks": 32,
        "num_layers_mlp": 2
    },
    "feat_opt": {
        "lr": 2e-06,
        "n_iter": 13000,
        "early_stop": 0
    }
}


/home/daniel.z/ICML_PIECLAM_020425/experiments/../clamiter.py:365:::  
staring fit_feats for 13000 iterations


/home/daniel.z/ICML_PIECLAM_020425/experiments/../trainer.py:454:::  

train_model_on_params on bigclam photo 
took 60.69539737701416 seconds


/home/daniel.z/ICML_PIECLAM_020425/experiments/optimization_utils.py:655:::  
Repetition no. 0


/home/daniel.z/ICML_PIECLAM_020425/experiments/../trainer.py:161:::  

Using dataset specific configuration and not global 




/home/daniel.z/ICML_PIECLAM_020425/experiments/../trainer.py:335:::  

 2025-05-24 12:28:30 starting optimization of bigclam on photo on device cuda

 configs_dict: 
{
    "clamiter_init": {
        "dim_feat": 60,
        "dim_attr": 100,
        "s_reg": 0.0,
        "l1_reg": 1,
        "T": 1,
        "hidden_dim": 64,
        "num_coupling_blocks": 32,
        "num_layers_mlp": 2
    },
    "feat_opt": {
        "lr": 3e-06,
        "n_iter": 10000,
        "early_stop": 0
    }
}


/home/daniel.z/ICML_PIECLAM_020425/experiments/../clamiter.py:365:::  
staring fit_feats for 10000 iterations


/home/daniel.z/ICML_PIECLAM_020425/experiments/../trainer.py:454:::  

train_model_on_params on bigclam photo 
took 53.85944628715515 seconds


/home/daniel.z/ICML_PIECLAM_020425/experiments/optimization_utils.py:655:::  
Repetition no. 1


/home/daniel.z/ICML_PIECLAM_020425/experiments/../trainer.py:161:::  

Using dataset specific configuration and not global 




/home/daniel.z/ICML_PIECLAM_020425/experiments/../trainer.py:335:::  

 2025-05-24 12:29:24 starting optimization of bigclam on photo on device cuda

 configs_dict: 
{
    "clamiter_init": {
        "dim_feat": 60,
        "dim_attr": 100,
        "s_reg": 0.0,
        "l1_reg": 1,
        "T": 1,
        "hidden_dim": 64,
        "num_coupling_blocks": 32,
        "num_layers_mlp": 2
    },
    "feat_opt": {
        "lr": 3e-06,
        "n_iter": 10000,
        "early_stop": 0
    }
}


/home/daniel.z/ICML_PIECLAM_020425/experiments/../clamiter.py:365:::  
staring fit_feats for 10000 iterations


/home/daniel.z/ICML_PIECLAM_020425/experiments/../trainer.py:454:::  

train_model_on_params on bigclam photo 
took 53.83377385139465 seconds


/home/daniel.z/ICML_PIECLAM_020425/experiments/optimization_utils.py:655:::  
Repetition no. 2


/home/daniel.z/ICML_PIECLAM_020425/experiments/../trainer.py:161:::  

Using dataset specific configuration and not global 




/home/daniel.z/ICML_PIECLAM_020425/experiments/../trainer.py:335:::  

 2025-05-24 12:30:18 starting optimization of bigclam on photo on device cuda

 configs_dict: 
{
    "clamiter_init": {
        "dim_feat": 60,
        "dim_attr": 100,
        "s_reg": 0.0,
        "l1_reg": 1,
        "T": 1,
        "hidden_dim": 64,
        "num_coupling_blocks": 32,
        "num_layers_mlp": 2
    },
    "feat_opt": {
        "lr": 3e-06,
        "n_iter": 10000,
        "early_stop": 0
    }
}


/home/daniel.z/ICML_PIECLAM_020425/experiments/../clamiter.py:365:::  
staring fit_feats for 10000 iterations


/home/daniel.z/ICML_PIECLAM_020425/experiments/../trainer.py:454:::  

train_model_on_params on bigclam photo 
took 53.87493872642517 seconds


/home/daniel.z/ICML_PIECLAM_020425/experiments/optimization_utils.py:655:::  
Repetition no. 0


/home/daniel.z/ICML_PIECLAM_020425/experiments/../trainer.py:161:::  

Using dataset specific configuration and not global 




/home/daniel.z/ICML_PIECLAM_020425/experiments/../trainer.py:335:::  

 2025-05-24 12:31:12 starting optimization of bigclam on photo on device cuda

 configs_dict: 
{
    "clamiter_init": {
        "dim_feat": 50,
        "dim_attr": 100,
        "s_reg": 0.0,
        "l1_reg": 1,
        "T": 1,
        "hidden_dim": 64,
        "num_coupling_blocks": 32,
        "num_layers_mlp": 2
    },
    "feat_opt": {
        "lr": 5e-06,
        "n_iter": 7000,
        "early_stop": 0
    }
}


/home/daniel.z/ICML_PIECLAM_020425/experiments/../clamiter.py:365:::  
staring fit_feats for 7000 iterations


/home/daniel.z/ICML_PIECLAM_020425/experiments/../trainer.py:454:::  

train_model_on_params on bigclam photo 
took 32.74984169006348 seconds


/home/daniel.z/ICML_PIECLAM_020425/experiments/optimization_utils.py:655:::  
Repetition no. 1


/home/daniel.z/ICML_PIECLAM_020425/experiments/../trainer.py:161:::  

Using dataset specific configuration and not global 




/home/daniel.z/ICML_PIECLAM_020425/experiments/../trainer.py:335:::  

 2025-05-24 12:31:45 starting optimization of bigclam on photo on device cuda

 configs_dict: 
{
    "clamiter_init": {
        "dim_feat": 50,
        "dim_attr": 100,
        "s_reg": 0.0,
        "l1_reg": 1,
        "T": 1,
        "hidden_dim": 64,
        "num_coupling_blocks": 32,
        "num_layers_mlp": 2
    },
    "feat_opt": {
        "lr": 5e-06,
        "n_iter": 7000,
        "early_stop": 0
    }
}


/home/daniel.z/ICML_PIECLAM_020425/experiments/../clamiter.py:365:::  
staring fit_feats for 7000 iterations


/home/daniel.z/ICML_PIECLAM_020425/experiments/../trainer.py:454:::  

train_model_on_params on bigclam photo 
took 32.76964449882507 seconds


/home/daniel.z/ICML_PIECLAM_020425/experiments/optimization_utils.py:655:::  
Repetition no. 2


/home/daniel.z/ICML_PIECLAM_020425/experiments/../trainer.py:161:::  

Using dataset specific configuration and not global 




/home/daniel.z/ICML_PIECLAM_020425/experiments/../trainer.py:335:::  

 2025-05-24 12:32:18 starting optimization of bigclam on photo on device cuda

 configs_dict: 
{
    "clamiter_init": {
        "dim_feat": 50,
        "dim_attr": 100,
        "s_reg": 0.0,
        "l1_reg": 1,
        "T": 1,
        "hidden_dim": 64,
        "num_coupling_blocks": 32,
        "num_layers_mlp": 2
    },
    "feat_opt": {
        "lr": 5e-06,
        "n_iter": 7000,
        "early_stop": 0
    }
}


/home/daniel.z/ICML_PIECLAM_020425/experiments/../clamiter.py:365:::  
staring fit_feats for 7000 iterations


/home/daniel.z/ICML_PIECLAM_020425/experiments/../trainer.py:454:::  

train_model_on_params on bigclam photo 
took 32.78421425819397 seconds


/home/daniel.z/ICML_PIECLAM_020425/experiments/optimization_utils.py:655:::  
Repetition no. 0


/home/daniel.z/ICML_PIECLAM_020425/experiments/../trainer.py:161:::  

Using dataset specific configuration and not global 




/home/daniel.z/ICML_PIECLAM_020425/experiments/../trainer.py:335:::  

 2025-05-24 12:32:52 starting optimization of bigclam on photo on device cuda

 configs_dict: 
{
    "clamiter_init": {
        "dim_feat": 60,
        "dim_attr": 100,
        "s_reg": 0.0,
        "l1_reg": 1,
        "T": 1,
        "hidden_dim": 64,
        "num_coupling_blocks": 32,
        "num_layers_mlp": 2
    },
    "feat_opt": {
        "lr": 2e-06,
        "n_iter": 7000,
        "early_stop": 0
    }
}


/home/daniel.z/ICML_PIECLAM_020425/experiments/../clamiter.py:365:::  
staring fit_feats for 7000 iterations


/home/daniel.z/ICML_PIECLAM_020425/experiments/../trainer.py:454:::  

train_model_on_params on bigclam photo 
took 37.782920598983765 seconds


/home/daniel.z/ICML_PIECLAM_020425/experiments/optimization_utils.py:655:::  
Repetition no. 1


/home/daniel.z/ICML_PIECLAM_020425/experiments/../trainer.py:161:::  

Using dataset specific configuration and not global 




/home/daniel.z/ICML_PIECLAM_020425/experiments/../trainer.py:335:::  

 2025-05-24 12:33:30 starting optimization of bigclam on photo on device cuda

 configs_dict: 
{
    "clamiter_init": {
        "dim_feat": 60,
        "dim_attr": 100,
        "s_reg": 0.0,
        "l1_reg": 1,
        "T": 1,
        "hidden_dim": 64,
        "num_coupling_blocks": 32,
        "num_layers_mlp": 2
    },
    "feat_opt": {
        "lr": 2e-06,
        "n_iter": 7000,
        "early_stop": 0
    }
}


/home/daniel.z/ICML_PIECLAM_020425/experiments/../clamiter.py:365:::  
staring fit_feats for 7000 iterations


/home/daniel.z/ICML_PIECLAM_020425/experiments/../trainer.py:454:::  

train_model_on_params on bigclam photo 
took 37.76602244377136 seconds


/home/daniel.z/ICML_PIECLAM_020425/experiments/optimization_utils.py:655:::  
Repetition no. 2


/home/daniel.z/ICML_PIECLAM_020425/experiments/../trainer.py:161:::  

Using dataset specific configuration and not global 




/home/daniel.z/ICML_PIECLAM_020425/experiments/../trainer.py:335:::  

 2025-05-24 12:34:08 starting optimization of bigclam on photo on device cuda

 configs_dict: 
{
    "clamiter_init": {
        "dim_feat": 60,
        "dim_attr": 100,
        "s_reg": 0.0,
        "l1_reg": 1,
        "T": 1,
        "hidden_dim": 64,
        "num_coupling_blocks": 32,
        "num_layers_mlp": 2
    },
    "feat_opt": {
        "lr": 2e-06,
        "n_iter": 7000,
        "early_stop": 0
    }
}


/home/daniel.z/ICML_PIECLAM_020425/experiments/../clamiter.py:365:::  
staring fit_feats for 7000 iterations


/home/daniel.z/ICML_PIECLAM_020425/experiments/../trainer.py:454:::  

train_model_on_params on bigclam photo 
took 37.794206857681274 seconds


/home/daniel.z/ICML_PIECLAM_020425/experiments/optimization_utils.py:655:::  
Repetition no. 0


/home/daniel.z/ICML_PIECLAM_020425/experiments/../trainer.py:161:::  

Using dataset specific configuration and not global 




/home/daniel.z/ICML_PIECLAM_020425/experiments/../trainer.py:335:::  

 2025-05-24 12:34:46 starting optimization of bigclam on photo on device cuda

 configs_dict: 
{
    "clamiter_init": {
        "dim_feat": 40,
        "dim_attr": 100,
        "s_reg": 0.0,
        "l1_reg": 1,
        "T": 1,
        "hidden_dim": 64,
        "num_coupling_blocks": 32,
        "num_layers_mlp": 2
    },
    "feat_opt": {
        "lr": 3e-06,
        "n_iter": 7000,
        "early_stop": 0
    }
}


/home/daniel.z/ICML_PIECLAM_020425/experiments/../clamiter.py:365:::  
staring fit_feats for 7000 iterations


/home/daniel.z/ICML_PIECLAM_020425/experiments/../trainer.py:454:::  

train_model_on_params on bigclam photo 
took 27.453431844711304 seconds


/home/daniel.z/ICML_PIECLAM_020425/experiments/optimization_utils.py:655:::  
Repetition no. 1


/home/daniel.z/ICML_PIECLAM_020425/experiments/../trainer.py:161:::  

Using dataset specific configuration and not global 




/home/daniel.z/ICML_PIECLAM_020425/experiments/../trainer.py:335:::  

 2025-05-24 12:35:14 starting optimization of bigclam on photo on device cuda

 configs_dict: 
{
    "clamiter_init": {
        "dim_feat": 40,
        "dim_attr": 100,
        "s_reg": 0.0,
        "l1_reg": 1,
        "T": 1,
        "hidden_dim": 64,
        "num_coupling_blocks": 32,
        "num_layers_mlp": 2
    },
    "feat_opt": {
        "lr": 3e-06,
        "n_iter": 7000,
        "early_stop": 0
    }
}


/home/daniel.z/ICML_PIECLAM_020425/experiments/../clamiter.py:365:::  
staring fit_feats for 7000 iterations


/home/daniel.z/ICML_PIECLAM_020425/experiments/../trainer.py:454:::  

train_model_on_params on bigclam photo 
took 27.520561933517456 seconds


/home/daniel.z/ICML_PIECLAM_020425/experiments/optimization_utils.py:655:::  
Repetition no. 2


/home/daniel.z/ICML_PIECLAM_020425/experiments/../trainer.py:161:::  

Using dataset specific configuration and not global 




/home/daniel.z/ICML_PIECLAM_020425/experiments/../trainer.py:335:::  

 2025-05-24 12:35:42 starting optimization of bigclam on photo on device cuda

 configs_dict: 
{
    "clamiter_init": {
        "dim_feat": 40,
        "dim_attr": 100,
        "s_reg": 0.0,
        "l1_reg": 1,
        "T": 1,
        "hidden_dim": 64,
        "num_coupling_blocks": 32,
        "num_layers_mlp": 2
    },
    "feat_opt": {
        "lr": 3e-06,
        "n_iter": 7000,
        "early_stop": 0
    }
}


/home/daniel.z/ICML_PIECLAM_020425/experiments/../clamiter.py:365:::  
staring fit_feats for 7000 iterations


/home/daniel.z/ICML_PIECLAM_020425/experiments/../trainer.py:454:::  

train_model_on_params on bigclam photo 
took 27.476292848587036 seconds


/home/daniel.z/ICML_PIECLAM_020425/experiments/optimization_utils.py:655:::  
Repetition no. 0


/home/daniel.z/ICML_PIECLAM_020425/experiments/../trainer.py:161:::  

Using dataset specific configuration and not global 




/home/daniel.z/ICML_PIECLAM_020425/experiments/../trainer.py:335:::  

 2025-05-24 12:36:10 starting optimization of bigclam on photo on device cuda

 configs_dict: 
{
    "clamiter_init": {
        "dim_feat": 50,
        "dim_attr": 100,
        "s_reg": 0.0,
        "l1_reg": 1,
        "T": 1,
        "hidden_dim": 64,
        "num_coupling_blocks": 32,
        "num_layers_mlp": 2
    },
    "feat_opt": {
        "lr": 5e-06,
        "n_iter": 10000,
        "early_stop": 0
    }
}


/home/daniel.z/ICML_PIECLAM_020425/experiments/../clamiter.py:365:::  
staring fit_feats for 10000 iterations


/home/daniel.z/ICML_PIECLAM_020425/experiments/../trainer.py:454:::  

train_model_on_params on bigclam photo 
took 46.86605429649353 seconds


/home/daniel.z/ICML_PIECLAM_020425/experiments/optimization_utils.py:655:::  
Repetition no. 1


/home/daniel.z/ICML_PIECLAM_020425/experiments/../trainer.py:161:::  

Using dataset specific configuration and not global 




/home/daniel.z/ICML_PIECLAM_020425/experiments/../trainer.py:335:::  

 2025-05-24 12:36:57 starting optimization of bigclam on photo on device cuda

 configs_dict: 
{
    "clamiter_init": {
        "dim_feat": 50,
        "dim_attr": 100,
        "s_reg": 0.0,
        "l1_reg": 1,
        "T": 1,
        "hidden_dim": 64,
        "num_coupling_blocks": 32,
        "num_layers_mlp": 2
    },
    "feat_opt": {
        "lr": 5e-06,
        "n_iter": 10000,
        "early_stop": 0
    }
}


/home/daniel.z/ICML_PIECLAM_020425/experiments/../clamiter.py:365:::  
staring fit_feats for 10000 iterations


/home/daniel.z/ICML_PIECLAM_020425/experiments/../trainer.py:454:::  

train_model_on_params on bigclam photo 
took 46.778003454208374 seconds


/home/daniel.z/ICML_PIECLAM_020425/experiments/optimization_utils.py:655:::  
Repetition no. 2


/home/daniel.z/ICML_PIECLAM_020425/experiments/../trainer.py:161:::  

Using dataset specific configuration and not global 




/home/daniel.z/ICML_PIECLAM_020425/experiments/../trainer.py:335:::  

 2025-05-24 12:37:44 starting optimization of bigclam on photo on device cuda

 configs_dict: 
{
    "clamiter_init": {
        "dim_feat": 50,
        "dim_attr": 100,
        "s_reg": 0.0,
        "l1_reg": 1,
        "T": 1,
        "hidden_dim": 64,
        "num_coupling_blocks": 32,
        "num_layers_mlp": 2
    },
    "feat_opt": {
        "lr": 5e-06,
        "n_iter": 10000,
        "early_stop": 0
    }
}


/home/daniel.z/ICML_PIECLAM_020425/experiments/../clamiter.py:365:::  
staring fit_feats for 10000 iterations


/home/daniel.z/ICML_PIECLAM_020425/experiments/../trainer.py:454:::  

train_model_on_params on bigclam photo 
took 46.83274435997009 seconds


/home/daniel.z/ICML_PIECLAM_020425/experiments/optimization_utils.py:655:::  
Repetition no. 0


/home/daniel.z/ICML_PIECLAM_020425/experiments/../trainer.py:161:::  

Using dataset specific configuration and not global 




/home/daniel.z/ICML_PIECLAM_020425/experiments/../trainer.py:335:::  

 2025-05-24 12:38:32 starting optimization of bigclam on photo on device cuda

 configs_dict: 
{
    "clamiter_init": {
        "dim_feat": 60,
        "dim_attr": 100,
        "s_reg": 0.0,
        "l1_reg": 1,
        "T": 1,
        "hidden_dim": 64,
        "num_coupling_blocks": 32,
        "num_layers_mlp": 2
    },
    "feat_opt": {
        "lr": 2e-06,
        "n_iter": 13000,
        "early_stop": 0
    }
}


/home/daniel.z/ICML_PIECLAM_020425/experiments/../clamiter.py:365:::  
staring fit_feats for 13000 iterations


/home/daniel.z/ICML_PIECLAM_020425/experiments/../trainer.py:454:::  

train_model_on_params on bigclam photo 
took 69.9451858997345 seconds


/home/daniel.z/ICML_PIECLAM_020425/experiments/optimization_utils.py:655:::  
Repetition no. 1


/home/daniel.z/ICML_PIECLAM_020425/experiments/../trainer.py:161:::  

Using dataset specific configuration and not global 




/home/daniel.z/ICML_PIECLAM_020425/experiments/../trainer.py:335:::  

 2025-05-24 12:39:43 starting optimization of bigclam on photo on device cuda

 configs_dict: 
{
    "clamiter_init": {
        "dim_feat": 60,
        "dim_attr": 100,
        "s_reg": 0.0,
        "l1_reg": 1,
        "T": 1,
        "hidden_dim": 64,
        "num_coupling_blocks": 32,
        "num_layers_mlp": 2
    },
    "feat_opt": {
        "lr": 2e-06,
        "n_iter": 13000,
        "early_stop": 0
    }
}


/home/daniel.z/ICML_PIECLAM_020425/experiments/../clamiter.py:365:::  
staring fit_feats for 13000 iterations


/home/daniel.z/ICML_PIECLAM_020425/experiments/../trainer.py:454:::  

train_model_on_params on bigclam photo 
took 70.03096723556519 seconds


/home/daniel.z/ICML_PIECLAM_020425/experiments/optimization_utils.py:655:::  
Repetition no. 2


/home/daniel.z/ICML_PIECLAM_020425/experiments/../trainer.py:161:::  

Using dataset specific configuration and not global 




/home/daniel.z/ICML_PIECLAM_020425/experiments/../trainer.py:335:::  

 2025-05-24 12:40:54 starting optimization of bigclam on photo on device cuda

 configs_dict: 
{
    "clamiter_init": {
        "dim_feat": 60,
        "dim_attr": 100,
        "s_reg": 0.0,
        "l1_reg": 1,
        "T": 1,
        "hidden_dim": 64,
        "num_coupling_blocks": 32,
        "num_layers_mlp": 2
    },
    "feat_opt": {
        "lr": 2e-06,
        "n_iter": 13000,
        "early_stop": 0
    }
}


/home/daniel.z/ICML_PIECLAM_020425/experiments/../clamiter.py:365:::  
staring fit_feats for 13000 iterations


/home/daniel.z/ICML_PIECLAM_020425/experiments/../trainer.py:454:::  

train_model_on_params on bigclam photo 
took 69.93962383270264 seconds


/home/daniel.z/ICML_PIECLAM_020425/experiments/optimization_utils.py:655:::  
Repetition no. 0


/home/daniel.z/ICML_PIECLAM_020425/experiments/../trainer.py:161:::  

Using dataset specific configuration and not global 




/home/daniel.z/ICML_PIECLAM_020425/experiments/../trainer.py:335:::  

 2025-05-24 12:42:04 starting optimization of bigclam on photo on device cuda

 configs_dict: 
{
    "clamiter_init": {
        "dim_feat": 50,
        "dim_attr": 100,
        "s_reg": 0.0,
        "l1_reg": 1,
        "T": 1,
        "hidden_dim": 64,
        "num_coupling_blocks": 32,
        "num_layers_mlp": 2
    },
    "feat_opt": {
        "lr": 3e-06,
        "n_iter": 10000,
        "early_stop": 0
    }
}


/home/daniel.z/ICML_PIECLAM_020425/experiments/../clamiter.py:365:::  
staring fit_feats for 10000 iterations


/home/daniel.z/ICML_PIECLAM_020425/experiments/../trainer.py:454:::  

train_model_on_params on bigclam photo 
took 46.758244037628174 seconds


/home/daniel.z/ICML_PIECLAM_020425/experiments/optimization_utils.py:655:::  
Repetition no. 1


/home/daniel.z/ICML_PIECLAM_020425/experiments/../trainer.py:161:::  

Using dataset specific configuration and not global 




/home/daniel.z/ICML_PIECLAM_020425/experiments/../trainer.py:335:::  

 2025-05-24 12:42:52 starting optimization of bigclam on photo on device cuda

 configs_dict: 
{
    "clamiter_init": {
        "dim_feat": 50,
        "dim_attr": 100,
        "s_reg": 0.0,
        "l1_reg": 1,
        "T": 1,
        "hidden_dim": 64,
        "num_coupling_blocks": 32,
        "num_layers_mlp": 2
    },
    "feat_opt": {
        "lr": 3e-06,
        "n_iter": 10000,
        "early_stop": 0
    }
}


/home/daniel.z/ICML_PIECLAM_020425/experiments/../clamiter.py:365:::  
staring fit_feats for 10000 iterations


/home/daniel.z/ICML_PIECLAM_020425/experiments/../trainer.py:454:::  

train_model_on_params on bigclam photo 
took 46.82907772064209 seconds


/home/daniel.z/ICML_PIECLAM_020425/experiments/optimization_utils.py:655:::  
Repetition no. 2


/home/daniel.z/ICML_PIECLAM_020425/experiments/../trainer.py:161:::  

Using dataset specific configuration and not global 




/home/daniel.z/ICML_PIECLAM_020425/experiments/../trainer.py:335:::  

 2025-05-24 12:43:39 starting optimization of bigclam on photo on device cuda

 configs_dict: 
{
    "clamiter_init": {
        "dim_feat": 50,
        "dim_attr": 100,
        "s_reg": 0.0,
        "l1_reg": 1,
        "T": 1,
        "hidden_dim": 64,
        "num_coupling_blocks": 32,
        "num_layers_mlp": 2
    },
    "feat_opt": {
        "lr": 3e-06,
        "n_iter": 10000,
        "early_stop": 0
    }
}


/home/daniel.z/ICML_PIECLAM_020425/experiments/../clamiter.py:365:::  
staring fit_feats for 10000 iterations


/home/daniel.z/ICML_PIECLAM_020425/experiments/../trainer.py:454:::  

train_model_on_params on bigclam photo 
took 46.793370962142944 seconds


/home/daniel.z/ICML_PIECLAM_020425/experiments/optimization_utils.py:655:::  
Repetition no. 0


/home/daniel.z/ICML_PIECLAM_020425/experiments/../trainer.py:161:::  

Using dataset specific configuration and not global 




/home/daniel.z/ICML_PIECLAM_020425/experiments/../trainer.py:335:::  

 2025-05-24 12:44:26 starting optimization of bigclam on photo on device cuda

 configs_dict: 
{
    "clamiter_init": {
        "dim_feat": 40,
        "dim_attr": 100,
        "s_reg": 0.0,
        "l1_reg": 1,
        "T": 1,
        "hidden_dim": 64,
        "num_coupling_blocks": 32,
        "num_layers_mlp": 2
    },
    "feat_opt": {
        "lr": 5e-06,
        "n_iter": 7000,
        "early_stop": 0
    }
}


/home/daniel.z/ICML_PIECLAM_020425/experiments/../clamiter.py:365:::  
staring fit_feats for 7000 iterations


/home/daniel.z/ICML_PIECLAM_020425/experiments/../trainer.py:454:::  

train_model_on_params on bigclam photo 
took 27.506438732147217 seconds


/home/daniel.z/ICML_PIECLAM_020425/experiments/optimization_utils.py:655:::  
Repetition no. 1


/home/daniel.z/ICML_PIECLAM_020425/experiments/../trainer.py:161:::  

Using dataset specific configuration and not global 




/home/daniel.z/ICML_PIECLAM_020425/experiments/../trainer.py:335:::  

 2025-05-24 12:44:54 starting optimization of bigclam on photo on device cuda

 configs_dict: 
{
    "clamiter_init": {
        "dim_feat": 40,
        "dim_attr": 100,
        "s_reg": 0.0,
        "l1_reg": 1,
        "T": 1,
        "hidden_dim": 64,
        "num_coupling_blocks": 32,
        "num_layers_mlp": 2
    },
    "feat_opt": {
        "lr": 5e-06,
        "n_iter": 7000,
        "early_stop": 0
    }
}


/home/daniel.z/ICML_PIECLAM_020425/experiments/../clamiter.py:365:::  
staring fit_feats for 7000 iterations


/home/daniel.z/ICML_PIECLAM_020425/experiments/../trainer.py:454:::  

train_model_on_params on bigclam photo 
took 27.490051746368408 seconds


/home/daniel.z/ICML_PIECLAM_020425/experiments/optimization_utils.py:655:::  
Repetition no. 2


/home/daniel.z/ICML_PIECLAM_020425/experiments/../trainer.py:161:::  

Using dataset specific configuration and not global 




/home/daniel.z/ICML_PIECLAM_020425/experiments/../trainer.py:335:::  

 2025-05-24 12:45:22 starting optimization of bigclam on photo on device cuda

 configs_dict: 
{
    "clamiter_init": {
        "dim_feat": 40,
        "dim_attr": 100,
        "s_reg": 0.0,
        "l1_reg": 1,
        "T": 1,
        "hidden_dim": 64,
        "num_coupling_blocks": 32,
        "num_layers_mlp": 2
    },
    "feat_opt": {
        "lr": 5e-06,
        "n_iter": 7000,
        "early_stop": 0
    }
}


/home/daniel.z/ICML_PIECLAM_020425/experiments/../clamiter.py:365:::  
staring fit_feats for 7000 iterations


/home/daniel.z/ICML_PIECLAM_020425/experiments/../trainer.py:454:::  

train_model_on_params on bigclam photo 
took 27.507789134979248 seconds


/home/daniel.z/ICML_PIECLAM_020425/experiments/optimization_utils.py:655:::  
Repetition no. 0


/home/daniel.z/ICML_PIECLAM_020425/experiments/../trainer.py:161:::  

Using dataset specific configuration and not global 




/home/daniel.z/ICML_PIECLAM_020425/experiments/../trainer.py:335:::  

 2025-05-24 12:45:50 starting optimization of bigclam on photo on device cuda

 configs_dict: 
{
    "clamiter_init": {
        "dim_feat": 50,
        "dim_attr": 100,
        "s_reg": 0.0,
        "l1_reg": 1,
        "T": 1,
        "hidden_dim": 64,
        "num_coupling_blocks": 32,
        "num_layers_mlp": 2
    },
    "feat_opt": {
        "lr": 5e-06,
        "n_iter": 13000,
        "early_stop": 0
    }
}


/home/daniel.z/ICML_PIECLAM_020425/experiments/../clamiter.py:365:::  
staring fit_feats for 13000 iterations


/home/daniel.z/ICML_PIECLAM_020425/experiments/../trainer.py:454:::  

train_model_on_params on bigclam photo 
took 60.85790491104126 seconds


/home/daniel.z/ICML_PIECLAM_020425/experiments/optimization_utils.py:655:::  
Repetition no. 1


/home/daniel.z/ICML_PIECLAM_020425/experiments/../trainer.py:161:::  

Using dataset specific configuration and not global 




/home/daniel.z/ICML_PIECLAM_020425/experiments/../trainer.py:335:::  

 2025-05-24 12:46:51 starting optimization of bigclam on photo on device cuda

 configs_dict: 
{
    "clamiter_init": {
        "dim_feat": 50,
        "dim_attr": 100,
        "s_reg": 0.0,
        "l1_reg": 1,
        "T": 1,
        "hidden_dim": 64,
        "num_coupling_blocks": 32,
        "num_layers_mlp": 2
    },
    "feat_opt": {
        "lr": 5e-06,
        "n_iter": 13000,
        "early_stop": 0
    }
}


/home/daniel.z/ICML_PIECLAM_020425/experiments/../clamiter.py:365:::  
staring fit_feats for 13000 iterations


/home/daniel.z/ICML_PIECLAM_020425/experiments/../trainer.py:454:::  

train_model_on_params on bigclam photo 
took 60.78189969062805 seconds


/home/daniel.z/ICML_PIECLAM_020425/experiments/optimization_utils.py:655:::  
Repetition no. 2


/home/daniel.z/ICML_PIECLAM_020425/experiments/../trainer.py:161:::  

Using dataset specific configuration and not global 




/home/daniel.z/ICML_PIECLAM_020425/experiments/../trainer.py:335:::  

 2025-05-24 12:47:52 starting optimization of bigclam on photo on device cuda

 configs_dict: 
{
    "clamiter_init": {
        "dim_feat": 50,
        "dim_attr": 100,
        "s_reg": 0.0,
        "l1_reg": 1,
        "T": 1,
        "hidden_dim": 64,
        "num_coupling_blocks": 32,
        "num_layers_mlp": 2
    },
    "feat_opt": {
        "lr": 5e-06,
        "n_iter": 13000,
        "early_stop": 0
    }
}


/home/daniel.z/ICML_PIECLAM_020425/experiments/../clamiter.py:365:::  
staring fit_feats for 13000 iterations


/home/daniel.z/ICML_PIECLAM_020425/experiments/../trainer.py:454:::  

train_model_on_params on bigclam photo 
took 60.90866684913635 seconds


/home/daniel.z/ICML_PIECLAM_020425/experiments/optimization_utils.py:655:::  
Repetition no. 0


/home/daniel.z/ICML_PIECLAM_020425/experiments/../trainer.py:161:::  

Using dataset specific configuration and not global 




/home/daniel.z/ICML_PIECLAM_020425/experiments/../trainer.py:335:::  

 2025-05-24 12:48:53 starting optimization of bigclam on photo on device cuda

 configs_dict: 
{
    "clamiter_init": {
        "dim_feat": 60,
        "dim_attr": 100,
        "s_reg": 0.0,
        "l1_reg": 1,
        "T": 1,
        "hidden_dim": 64,
        "num_coupling_blocks": 32,
        "num_layers_mlp": 2
    },
    "feat_opt": {
        "lr": 3e-06,
        "n_iter": 13000,
        "early_stop": 0
    }
}


/home/daniel.z/ICML_PIECLAM_020425/experiments/../clamiter.py:365:::  
staring fit_feats for 13000 iterations


/home/daniel.z/ICML_PIECLAM_020425/experiments/../trainer.py:454:::  

train_model_on_params on bigclam photo 
took 70.08732748031616 seconds


/home/daniel.z/ICML_PIECLAM_020425/experiments/optimization_utils.py:655:::  
Repetition no. 1


/home/daniel.z/ICML_PIECLAM_020425/experiments/../trainer.py:161:::  

Using dataset specific configuration and not global 




/home/daniel.z/ICML_PIECLAM_020425/experiments/../trainer.py:335:::  

 2025-05-24 12:50:03 starting optimization of bigclam on photo on device cuda

 configs_dict: 
{
    "clamiter_init": {
        "dim_feat": 60,
        "dim_attr": 100,
        "s_reg": 0.0,
        "l1_reg": 1,
        "T": 1,
        "hidden_dim": 64,
        "num_coupling_blocks": 32,
        "num_layers_mlp": 2
    },
    "feat_opt": {
        "lr": 3e-06,
        "n_iter": 13000,
        "early_stop": 0
    }
}


/home/daniel.z/ICML_PIECLAM_020425/experiments/../clamiter.py:365:::  
staring fit_feats for 13000 iterations


/home/daniel.z/ICML_PIECLAM_020425/experiments/../trainer.py:454:::  

train_model_on_params on bigclam photo 
took 70.07723093032837 seconds


/home/daniel.z/ICML_PIECLAM_020425/experiments/optimization_utils.py:655:::  
Repetition no. 2


/home/daniel.z/ICML_PIECLAM_020425/experiments/../trainer.py:161:::  

Using dataset specific configuration and not global 




/home/daniel.z/ICML_PIECLAM_020425/experiments/../trainer.py:335:::  

 2025-05-24 12:51:14 starting optimization of bigclam on photo on device cuda

 configs_dict: 
{
    "clamiter_init": {
        "dim_feat": 60,
        "dim_attr": 100,
        "s_reg": 0.0,
        "l1_reg": 1,
        "T": 1,
        "hidden_dim": 64,
        "num_coupling_blocks": 32,
        "num_layers_mlp": 2
    },
    "feat_opt": {
        "lr": 3e-06,
        "n_iter": 13000,
        "early_stop": 0
    }
}


/home/daniel.z/ICML_PIECLAM_020425/experiments/../clamiter.py:365:::  
staring fit_feats for 13000 iterations


/home/daniel.z/ICML_PIECLAM_020425/experiments/../trainer.py:454:::  

train_model_on_params on bigclam photo 
took 69.85068368911743 seconds


/home/daniel.z/ICML_PIECLAM_020425/experiments/optimization_utils.py:655:::  
Repetition no. 0


/home/daniel.z/ICML_PIECLAM_020425/experiments/../trainer.py:161:::  

Using dataset specific configuration and not global 




/home/daniel.z/ICML_PIECLAM_020425/experiments/../trainer.py:335:::  

 2025-05-24 12:52:24 starting optimization of bigclam on photo on device cuda

 configs_dict: 
{
    "clamiter_init": {
        "dim_feat": 40,
        "dim_attr": 100,
        "s_reg": 0.0,
        "l1_reg": 1,
        "T": 1,
        "hidden_dim": 64,
        "num_coupling_blocks": 32,
        "num_layers_mlp": 2
    },
    "feat_opt": {
        "lr": 3e-06,
        "n_iter": 10000,
        "early_stop": 0
    }
}


/home/daniel.z/ICML_PIECLAM_020425/experiments/../clamiter.py:365:::  
staring fit_feats for 10000 iterations


/home/daniel.z/ICML_PIECLAM_020425/experiments/../trainer.py:454:::  

train_model_on_params on bigclam photo 
took 39.11851191520691 seconds


/home/daniel.z/ICML_PIECLAM_020425/experiments/optimization_utils.py:655:::  
Repetition no. 1


/home/daniel.z/ICML_PIECLAM_020425/experiments/../trainer.py:161:::  

Using dataset specific configuration and not global 




/home/daniel.z/ICML_PIECLAM_020425/experiments/../trainer.py:335:::  

 2025-05-24 12:53:03 starting optimization of bigclam on photo on device cuda

 configs_dict: 
{
    "clamiter_init": {
        "dim_feat": 40,
        "dim_attr": 100,
        "s_reg": 0.0,
        "l1_reg": 1,
        "T": 1,
        "hidden_dim": 64,
        "num_coupling_blocks": 32,
        "num_layers_mlp": 2
    },
    "feat_opt": {
        "lr": 3e-06,
        "n_iter": 10000,
        "early_stop": 0
    }
}


/home/daniel.z/ICML_PIECLAM_020425/experiments/../clamiter.py:365:::  
staring fit_feats for 10000 iterations


/home/daniel.z/ICML_PIECLAM_020425/experiments/../trainer.py:454:::  

train_model_on_params on bigclam photo 
took 39.13854479789734 seconds


/home/daniel.z/ICML_PIECLAM_020425/experiments/optimization_utils.py:655:::  
Repetition no. 2


/home/daniel.z/ICML_PIECLAM_020425/experiments/../trainer.py:161:::  

Using dataset specific configuration and not global 




/home/daniel.z/ICML_PIECLAM_020425/experiments/../trainer.py:335:::  

 2025-05-24 12:53:43 starting optimization of bigclam on photo on device cuda

 configs_dict: 
{
    "clamiter_init": {
        "dim_feat": 40,
        "dim_attr": 100,
        "s_reg": 0.0,
        "l1_reg": 1,
        "T": 1,
        "hidden_dim": 64,
        "num_coupling_blocks": 32,
        "num_layers_mlp": 2
    },
    "feat_opt": {
        "lr": 3e-06,
        "n_iter": 10000,
        "early_stop": 0
    }
}


/home/daniel.z/ICML_PIECLAM_020425/experiments/../clamiter.py:365:::  
staring fit_feats for 10000 iterations


/home/daniel.z/ICML_PIECLAM_020425/experiments/../trainer.py:454:::  

train_model_on_params on bigclam photo 
took 39.08101010322571 seconds


/home/daniel.z/ICML_PIECLAM_020425/experiments/optimization_utils.py:655:::  
Repetition no. 0


/home/daniel.z/ICML_PIECLAM_020425/experiments/../trainer.py:161:::  

Using dataset specific configuration and not global 




/home/daniel.z/ICML_PIECLAM_020425/experiments/../trainer.py:335:::  

 2025-05-24 12:54:22 starting optimization of bigclam on photo on device cuda

 configs_dict: 
{
    "clamiter_init": {
        "dim_feat": 60,
        "dim_attr": 100,
        "s_reg": 0.0,
        "l1_reg": 1,
        "T": 1,
        "hidden_dim": 64,
        "num_coupling_blocks": 32,
        "num_layers_mlp": 2
    },
    "feat_opt": {
        "lr": 2e-06,
        "n_iter": 10000,
        "early_stop": 0
    }
}


/home/daniel.z/ICML_PIECLAM_020425/experiments/../clamiter.py:365:::  
staring fit_feats for 10000 iterations


/home/daniel.z/ICML_PIECLAM_020425/experiments/../trainer.py:454:::  

train_model_on_params on bigclam photo 
took 53.91091179847717 seconds


/home/daniel.z/ICML_PIECLAM_020425/experiments/optimization_utils.py:655:::  
Repetition no. 1


/home/daniel.z/ICML_PIECLAM_020425/experiments/../trainer.py:161:::  

Using dataset specific configuration and not global 




/home/daniel.z/ICML_PIECLAM_020425/experiments/../trainer.py:335:::  

 2025-05-24 12:55:16 starting optimization of bigclam on photo on device cuda

 configs_dict: 
{
    "clamiter_init": {
        "dim_feat": 60,
        "dim_attr": 100,
        "s_reg": 0.0,
        "l1_reg": 1,
        "T": 1,
        "hidden_dim": 64,
        "num_coupling_blocks": 32,
        "num_layers_mlp": 2
    },
    "feat_opt": {
        "lr": 2e-06,
        "n_iter": 10000,
        "early_stop": 0
    }
}


/home/daniel.z/ICML_PIECLAM_020425/experiments/../clamiter.py:365:::  
staring fit_feats for 10000 iterations


/home/daniel.z/ICML_PIECLAM_020425/experiments/../trainer.py:454:::  

train_model_on_params on bigclam photo 
took 53.97268724441528 seconds


/home/daniel.z/ICML_PIECLAM_020425/experiments/optimization_utils.py:655:::  
Repetition no. 2


/home/daniel.z/ICML_PIECLAM_020425/experiments/../trainer.py:161:::  

Using dataset specific configuration and not global 




/home/daniel.z/ICML_PIECLAM_020425/experiments/../trainer.py:335:::  

 2025-05-24 12:56:11 starting optimization of bigclam on photo on device cuda

 configs_dict: 
{
    "clamiter_init": {
        "dim_feat": 60,
        "dim_attr": 100,
        "s_reg": 0.0,
        "l1_reg": 1,
        "T": 1,
        "hidden_dim": 64,
        "num_coupling_blocks": 32,
        "num_layers_mlp": 2
    },
    "feat_opt": {
        "lr": 2e-06,
        "n_iter": 10000,
        "early_stop": 0
    }
}


/home/daniel.z/ICML_PIECLAM_020425/experiments/../clamiter.py:365:::  
staring fit_feats for 10000 iterations


/home/daniel.z/ICML_PIECLAM_020425/experiments/../trainer.py:454:::  

train_model_on_params on bigclam photo 
took 53.97605061531067 seconds


/home/daniel.z/ICML_PIECLAM_020425/experiments/optimization_utils.py:655:::  
Repetition no. 0


/home/daniel.z/ICML_PIECLAM_020425/experiments/../trainer.py:161:::  

Using dataset specific configuration and not global 




/home/daniel.z/ICML_PIECLAM_020425/experiments/../trainer.py:335:::  

 2025-05-24 12:57:05 starting optimization of bigclam on photo on device cuda

 configs_dict: 
{
    "clamiter_init": {
        "dim_feat": 40,
        "dim_attr": 100,
        "s_reg": 0.0,
        "l1_reg": 1,
        "T": 1,
        "hidden_dim": 64,
        "num_coupling_blocks": 32,
        "num_layers_mlp": 2
    },
    "feat_opt": {
        "lr": 3e-06,
        "n_iter": 13000,
        "early_stop": 0
    }
}


/home/daniel.z/ICML_PIECLAM_020425/experiments/../clamiter.py:365:::  
staring fit_feats for 13000 iterations


/home/daniel.z/ICML_PIECLAM_020425/experiments/../trainer.py:454:::  

train_model_on_params on bigclam photo 
took 51.011582374572754 seconds


/home/daniel.z/ICML_PIECLAM_020425/experiments/optimization_utils.py:655:::  
Repetition no. 1


/home/daniel.z/ICML_PIECLAM_020425/experiments/../trainer.py:161:::  

Using dataset specific configuration and not global 




/home/daniel.z/ICML_PIECLAM_020425/experiments/../trainer.py:335:::  

 2025-05-24 12:57:56 starting optimization of bigclam on photo on device cuda

 configs_dict: 
{
    "clamiter_init": {
        "dim_feat": 40,
        "dim_attr": 100,
        "s_reg": 0.0,
        "l1_reg": 1,
        "T": 1,
        "hidden_dim": 64,
        "num_coupling_blocks": 32,
        "num_layers_mlp": 2
    },
    "feat_opt": {
        "lr": 3e-06,
        "n_iter": 13000,
        "early_stop": 0
    }
}


/home/daniel.z/ICML_PIECLAM_020425/experiments/../clamiter.py:365:::  
staring fit_feats for 13000 iterations


/home/daniel.z/ICML_PIECLAM_020425/experiments/../trainer.py:454:::  

train_model_on_params on bigclam photo 
took 50.96824908256531 seconds


/home/daniel.z/ICML_PIECLAM_020425/experiments/optimization_utils.py:655:::  
Repetition no. 2


/home/daniel.z/ICML_PIECLAM_020425/experiments/../trainer.py:161:::  

Using dataset specific configuration and not global 




/home/daniel.z/ICML_PIECLAM_020425/experiments/../trainer.py:335:::  

 2025-05-24 12:58:48 starting optimization of bigclam on photo on device cuda

 configs_dict: 
{
    "clamiter_init": {
        "dim_feat": 40,
        "dim_attr": 100,
        "s_reg": 0.0,
        "l1_reg": 1,
        "T": 1,
        "hidden_dim": 64,
        "num_coupling_blocks": 32,
        "num_layers_mlp": 2
    },
    "feat_opt": {
        "lr": 3e-06,
        "n_iter": 13000,
        "early_stop": 0
    }
}


/home/daniel.z/ICML_PIECLAM_020425/experiments/../clamiter.py:365:::  
staring fit_feats for 13000 iterations


/home/daniel.z/ICML_PIECLAM_020425/experiments/../trainer.py:454:::  

train_model_on_params on bigclam photo 
took 50.965489864349365 seconds


/home/daniel.z/ICML_PIECLAM_020425/experiments/optimization_utils.py:655:::  
Repetition no. 0


/home/daniel.z/ICML_PIECLAM_020425/experiments/../trainer.py:161:::  

Using dataset specific configuration and not global 




/home/daniel.z/ICML_PIECLAM_020425/experiments/../trainer.py:335:::  

 2025-05-24 12:59:39 starting optimization of bigclam on photo on device cuda

 configs_dict: 
{
    "clamiter_init": {
        "dim_feat": 40,
        "dim_attr": 100,
        "s_reg": 0.0,
        "l1_reg": 1,
        "T": 1,
        "hidden_dim": 64,
        "num_coupling_blocks": 32,
        "num_layers_mlp": 2
    },
    "feat_opt": {
        "lr": 5e-06,
        "n_iter": 13000,
        "early_stop": 0
    }
}


/home/daniel.z/ICML_PIECLAM_020425/experiments/../clamiter.py:365:::  
staring fit_feats for 13000 iterations


/home/daniel.z/ICML_PIECLAM_020425/experiments/../trainer.py:454:::  

train_model_on_params on bigclam photo 
took 50.967838764190674 seconds


/home/daniel.z/ICML_PIECLAM_020425/experiments/optimization_utils.py:655:::  
Repetition no. 1


/home/daniel.z/ICML_PIECLAM_020425/experiments/../trainer.py:161:::  

Using dataset specific configuration and not global 




/home/daniel.z/ICML_PIECLAM_020425/experiments/../trainer.py:335:::  

 2025-05-24 13:00:30 starting optimization of bigclam on photo on device cuda

 configs_dict: 
{
    "clamiter_init": {
        "dim_feat": 40,
        "dim_attr": 100,
        "s_reg": 0.0,
        "l1_reg": 1,
        "T": 1,
        "hidden_dim": 64,
        "num_coupling_blocks": 32,
        "num_layers_mlp": 2
    },
    "feat_opt": {
        "lr": 5e-06,
        "n_iter": 13000,
        "early_stop": 0
    }
}


/home/daniel.z/ICML_PIECLAM_020425/experiments/../clamiter.py:365:::  
staring fit_feats for 13000 iterations


/home/daniel.z/ICML_PIECLAM_020425/experiments/../trainer.py:454:::  

train_model_on_params on bigclam photo 
took 50.81728219985962 seconds


/home/daniel.z/ICML_PIECLAM_020425/experiments/optimization_utils.py:655:::  
Repetition no. 2


/home/daniel.z/ICML_PIECLAM_020425/experiments/../trainer.py:161:::  

Using dataset specific configuration and not global 




/home/daniel.z/ICML_PIECLAM_020425/experiments/../trainer.py:335:::  

 2025-05-24 13:01:22 starting optimization of bigclam on photo on device cuda

 configs_dict: 
{
    "clamiter_init": {
        "dim_feat": 40,
        "dim_attr": 100,
        "s_reg": 0.0,
        "l1_reg": 1,
        "T": 1,
        "hidden_dim": 64,
        "num_coupling_blocks": 32,
        "num_layers_mlp": 2
    },
    "feat_opt": {
        "lr": 5e-06,
        "n_iter": 13000,
        "early_stop": 0
    }
}


/home/daniel.z/ICML_PIECLAM_020425/experiments/../clamiter.py:365:::  
staring fit_feats for 13000 iterations


/home/daniel.z/ICML_PIECLAM_020425/experiments/../trainer.py:454:::  

train_model_on_params on bigclam photo 
took 50.95852708816528 seconds


/home/daniel.z/ICML_PIECLAM_020425/experiments/optimization_utils.py:655:::  
Repetition no. 0


/home/daniel.z/ICML_PIECLAM_020425/experiments/../trainer.py:161:::  

Using dataset specific configuration and not global 




/home/daniel.z/ICML_PIECLAM_020425/experiments/../trainer.py:335:::  

 2025-05-24 13:02:13 starting optimization of bigclam on photo on device cuda

 configs_dict: 
{
    "clamiter_init": {
        "dim_feat": 60,
        "dim_attr": 100,
        "s_reg": 0.0,
        "l1_reg": 1,
        "T": 1,
        "hidden_dim": 64,
        "num_coupling_blocks": 32,
        "num_layers_mlp": 2
    },
    "feat_opt": {
        "lr": 5e-06,
        "n_iter": 10000,
        "early_stop": 0
    }
}


/home/daniel.z/ICML_PIECLAM_020425/experiments/../clamiter.py:365:::  
staring fit_feats for 10000 iterations


/home/daniel.z/ICML_PIECLAM_020425/experiments/../trainer.py:454:::  

train_model_on_params on bigclam photo 
took 53.97247648239136 seconds


/home/daniel.z/ICML_PIECLAM_020425/experiments/optimization_utils.py:655:::  
Repetition no. 1


/home/daniel.z/ICML_PIECLAM_020425/experiments/../trainer.py:161:::  

Using dataset specific configuration and not global 




/home/daniel.z/ICML_PIECLAM_020425/experiments/../trainer.py:335:::  

 2025-05-24 13:03:08 starting optimization of bigclam on photo on device cuda

 configs_dict: 
{
    "clamiter_init": {
        "dim_feat": 60,
        "dim_attr": 100,
        "s_reg": 0.0,
        "l1_reg": 1,
        "T": 1,
        "hidden_dim": 64,
        "num_coupling_blocks": 32,
        "num_layers_mlp": 2
    },
    "feat_opt": {
        "lr": 5e-06,
        "n_iter": 10000,
        "early_stop": 0
    }
}


/home/daniel.z/ICML_PIECLAM_020425/experiments/../clamiter.py:365:::  
staring fit_feats for 10000 iterations


/home/daniel.z/ICML_PIECLAM_020425/experiments/../trainer.py:454:::  

train_model_on_params on bigclam photo 
took 53.9064257144928 seconds


/home/daniel.z/ICML_PIECLAM_020425/experiments/optimization_utils.py:655:::  
Repetition no. 2


/home/daniel.z/ICML_PIECLAM_020425/experiments/../trainer.py:161:::  

Using dataset specific configuration and not global 




/home/daniel.z/ICML_PIECLAM_020425/experiments/../trainer.py:335:::  

 2025-05-24 13:04:02 starting optimization of bigclam on photo on device cuda

 configs_dict: 
{
    "clamiter_init": {
        "dim_feat": 60,
        "dim_attr": 100,
        "s_reg": 0.0,
        "l1_reg": 1,
        "T": 1,
        "hidden_dim": 64,
        "num_coupling_blocks": 32,
        "num_layers_mlp": 2
    },
    "feat_opt": {
        "lr": 5e-06,
        "n_iter": 10000,
        "early_stop": 0
    }
}


/home/daniel.z/ICML_PIECLAM_020425/experiments/../clamiter.py:365:::  
staring fit_feats for 10000 iterations


/home/daniel.z/ICML_PIECLAM_020425/experiments/../trainer.py:454:::  

train_model_on_params on bigclam photo 
took 53.86470103263855 seconds


/home/daniel.z/ICML_PIECLAM_020425/experiments/optimization_utils.py:655:::  
Repetition no. 0


/home/daniel.z/ICML_PIECLAM_020425/experiments/../trainer.py:161:::  

Using dataset specific configuration and not global 




/home/daniel.z/ICML_PIECLAM_020425/experiments/../trainer.py:335:::  

 2025-05-24 13:04:57 starting optimization of bigclam on photo on device cuda

 configs_dict: 
{
    "clamiter_init": {
        "dim_feat": 40,
        "dim_attr": 100,
        "s_reg": 0.0,
        "l1_reg": 1,
        "T": 1,
        "hidden_dim": 64,
        "num_coupling_blocks": 32,
        "num_layers_mlp": 2
    },
    "feat_opt": {
        "lr": 2e-06,
        "n_iter": 7000,
        "early_stop": 0
    }
}


/home/daniel.z/ICML_PIECLAM_020425/experiments/../clamiter.py:365:::  
staring fit_feats for 7000 iterations


/home/daniel.z/ICML_PIECLAM_020425/experiments/../trainer.py:454:::  

train_model_on_params on bigclam photo 
took 27.506489515304565 seconds


/home/daniel.z/ICML_PIECLAM_020425/experiments/optimization_utils.py:655:::  
Repetition no. 1


/home/daniel.z/ICML_PIECLAM_020425/experiments/../trainer.py:161:::  

Using dataset specific configuration and not global 




/home/daniel.z/ICML_PIECLAM_020425/experiments/../trainer.py:335:::  

 2025-05-24 13:05:25 starting optimization of bigclam on photo on device cuda

 configs_dict: 
{
    "clamiter_init": {
        "dim_feat": 40,
        "dim_attr": 100,
        "s_reg": 0.0,
        "l1_reg": 1,
        "T": 1,
        "hidden_dim": 64,
        "num_coupling_blocks": 32,
        "num_layers_mlp": 2
    },
    "feat_opt": {
        "lr": 2e-06,
        "n_iter": 7000,
        "early_stop": 0
    }
}


/home/daniel.z/ICML_PIECLAM_020425/experiments/../clamiter.py:365:::  
staring fit_feats for 7000 iterations


/home/daniel.z/ICML_PIECLAM_020425/experiments/../trainer.py:454:::  

train_model_on_params on bigclam photo 
took 27.423298120498657 seconds


/home/daniel.z/ICML_PIECLAM_020425/experiments/optimization_utils.py:655:::  
Repetition no. 2


/home/daniel.z/ICML_PIECLAM_020425/experiments/../trainer.py:161:::  

Using dataset specific configuration and not global 




/home/daniel.z/ICML_PIECLAM_020425/experiments/../trainer.py:335:::  

 2025-05-24 13:05:52 starting optimization of bigclam on photo on device cuda

 configs_dict: 
{
    "clamiter_init": {
        "dim_feat": 40,
        "dim_attr": 100,
        "s_reg": 0.0,
        "l1_reg": 1,
        "T": 1,
        "hidden_dim": 64,
        "num_coupling_blocks": 32,
        "num_layers_mlp": 2
    },
    "feat_opt": {
        "lr": 2e-06,
        "n_iter": 7000,
        "early_stop": 0
    }
}


/home/daniel.z/ICML_PIECLAM_020425/experiments/../clamiter.py:365:::  
staring fit_feats for 7000 iterations


/home/daniel.z/ICML_PIECLAM_020425/experiments/../trainer.py:454:::  

train_model_on_params on bigclam photo 
took 27.433232069015503 seconds


/home/daniel.z/ICML_PIECLAM_020425/experiments/optimization_utils.py:655:::  
Repetition no. 0


/home/daniel.z/ICML_PIECLAM_020425/experiments/../trainer.py:161:::  

Using dataset specific configuration and not global 




/home/daniel.z/ICML_PIECLAM_020425/experiments/../trainer.py:335:::  

 2025-05-24 13:06:20 starting optimization of bigclam on photo on device cuda

 configs_dict: 
{
    "clamiter_init": {
        "dim_feat": 40,
        "dim_attr": 100,
        "s_reg": 0.0,
        "l1_reg": 1,
        "T": 1,
        "hidden_dim": 64,
        "num_coupling_blocks": 32,
        "num_layers_mlp": 2
    },
    "feat_opt": {
        "lr": 2e-06,
        "n_iter": 10000,
        "early_stop": 0
    }
}


/home/daniel.z/ICML_PIECLAM_020425/experiments/../clamiter.py:365:::  
staring fit_feats for 10000 iterations


/home/daniel.z/ICML_PIECLAM_020425/experiments/../trainer.py:454:::  

train_model_on_params on bigclam photo 
took 39.09585452079773 seconds


/home/daniel.z/ICML_PIECLAM_020425/experiments/optimization_utils.py:655:::  
Repetition no. 1


/home/daniel.z/ICML_PIECLAM_020425/experiments/../trainer.py:161:::  

Using dataset specific configuration and not global 




/home/daniel.z/ICML_PIECLAM_020425/experiments/../trainer.py:335:::  

 2025-05-24 13:07:00 starting optimization of bigclam on photo on device cuda

 configs_dict: 
{
    "clamiter_init": {
        "dim_feat": 40,
        "dim_attr": 100,
        "s_reg": 0.0,
        "l1_reg": 1,
        "T": 1,
        "hidden_dim": 64,
        "num_coupling_blocks": 32,
        "num_layers_mlp": 2
    },
    "feat_opt": {
        "lr": 2e-06,
        "n_iter": 10000,
        "early_stop": 0
    }
}


/home/daniel.z/ICML_PIECLAM_020425/experiments/../clamiter.py:365:::  
staring fit_feats for 10000 iterations


/home/daniel.z/ICML_PIECLAM_020425/experiments/../trainer.py:454:::  

train_model_on_params on bigclam photo 
took 39.08770561218262 seconds


/home/daniel.z/ICML_PIECLAM_020425/experiments/optimization_utils.py:655:::  
Repetition no. 2


/home/daniel.z/ICML_PIECLAM_020425/experiments/../trainer.py:161:::  

Using dataset specific configuration and not global 




/home/daniel.z/ICML_PIECLAM_020425/experiments/../trainer.py:335:::  

 2025-05-24 13:07:39 starting optimization of bigclam on photo on device cuda

 configs_dict: 
{
    "clamiter_init": {
        "dim_feat": 40,
        "dim_attr": 100,
        "s_reg": 0.0,
        "l1_reg": 1,
        "T": 1,
        "hidden_dim": 64,
        "num_coupling_blocks": 32,
        "num_layers_mlp": 2
    },
    "feat_opt": {
        "lr": 2e-06,
        "n_iter": 10000,
        "early_stop": 0
    }
}


/home/daniel.z/ICML_PIECLAM_020425/experiments/../clamiter.py:365:::  
staring fit_feats for 10000 iterations


/home/daniel.z/ICML_PIECLAM_020425/experiments/../trainer.py:454:::  

train_model_on_params on bigclam photo 
took 39.12433075904846 seconds


/home/daniel.z/ICML_PIECLAM_020425/experiments/optimization_utils.py:655:::  
Repetition no. 0


/home/daniel.z/ICML_PIECLAM_020425/experiments/../trainer.py:161:::  

Using dataset specific configuration and not global 




/home/daniel.z/ICML_PIECLAM_020425/experiments/../trainer.py:335:::  

 2025-05-24 13:08:19 starting optimization of bigclam on photo on device cuda

 configs_dict: 
{
    "clamiter_init": {
        "dim_feat": 60,
        "dim_attr": 100,
        "s_reg": 0.0,
        "l1_reg": 1,
        "T": 1,
        "hidden_dim": 64,
        "num_coupling_blocks": 32,
        "num_layers_mlp": 2
    },
    "feat_opt": {
        "lr": 5e-06,
        "n_iter": 7000,
        "early_stop": 0
    }
}


/home/daniel.z/ICML_PIECLAM_020425/experiments/../clamiter.py:365:::  
staring fit_feats for 7000 iterations


/home/daniel.z/ICML_PIECLAM_020425/experiments/../trainer.py:454:::  

train_model_on_params on bigclam photo 
took 37.742913246154785 seconds


/home/daniel.z/ICML_PIECLAM_020425/experiments/optimization_utils.py:655:::  
Repetition no. 1


/home/daniel.z/ICML_PIECLAM_020425/experiments/../trainer.py:161:::  

Using dataset specific configuration and not global 




/home/daniel.z/ICML_PIECLAM_020425/experiments/../trainer.py:335:::  

 2025-05-24 13:08:57 starting optimization of bigclam on photo on device cuda

 configs_dict: 
{
    "clamiter_init": {
        "dim_feat": 60,
        "dim_attr": 100,
        "s_reg": 0.0,
        "l1_reg": 1,
        "T": 1,
        "hidden_dim": 64,
        "num_coupling_blocks": 32,
        "num_layers_mlp": 2
    },
    "feat_opt": {
        "lr": 5e-06,
        "n_iter": 7000,
        "early_stop": 0
    }
}


/home/daniel.z/ICML_PIECLAM_020425/experiments/../clamiter.py:365:::  
staring fit_feats for 7000 iterations


/home/daniel.z/ICML_PIECLAM_020425/experiments/../trainer.py:454:::  

train_model_on_params on bigclam photo 
took 37.81601905822754 seconds


/home/daniel.z/ICML_PIECLAM_020425/experiments/optimization_utils.py:655:::  
Repetition no. 2


/home/daniel.z/ICML_PIECLAM_020425/experiments/../trainer.py:161:::  

Using dataset specific configuration and not global 




/home/daniel.z/ICML_PIECLAM_020425/experiments/../trainer.py:335:::  

 2025-05-24 13:09:35 starting optimization of bigclam on photo on device cuda

 configs_dict: 
{
    "clamiter_init": {
        "dim_feat": 60,
        "dim_attr": 100,
        "s_reg": 0.0,
        "l1_reg": 1,
        "T": 1,
        "hidden_dim": 64,
        "num_coupling_blocks": 32,
        "num_layers_mlp": 2
    },
    "feat_opt": {
        "lr": 5e-06,
        "n_iter": 7000,
        "early_stop": 0
    }
}


/home/daniel.z/ICML_PIECLAM_020425/experiments/../clamiter.py:365:::  
staring fit_feats for 7000 iterations


/home/daniel.z/ICML_PIECLAM_020425/experiments/../trainer.py:454:::  

train_model_on_params on bigclam photo 
took 37.80006647109985 seconds


/home/daniel.z/ICML_PIECLAM_020425/experiments/optimization_utils.py:729:::  


Finished CrossVal!


