/var/spool/slurm/slurmd/job4640797/slurm_script: line 7: nvcc: command not found
Mon Dec 15 11:05:29 2025       
+-----------------------------------------------------------------------------------------+
| NVIDIA-SMI 555.42.06              Driver Version: 555.42.06      CUDA Version: 12.5     |
|-----------------------------------------+------------------------+----------------------+
| GPU  Name                 Persistence-M | Bus-Id          Disp.A | Volatile Uncorr. ECC |
| Fan  Temp   Perf          Pwr:Usage/Cap |           Memory-Usage | GPU-Util  Compute M. |
|                                         |                        |               MIG M. |
|=========================================+========================+======================|
|   0  Tesla V100-SXM2-16GB           On  |   00000000:AF:00.0 Off |                    0 |
| N/A   41C    P0             49W /  300W |       1MiB /  16384MiB |      0%      Default |
|                                         |                        |                  N/A |
+-----------------------------------------+------------------------+----------------------+
                                                                                         
+-----------------------------------------------------------------------------------------+
| Processes:                                                                              |
|  GPU   GI   CI        PID   Type   Process name                              GPU Memory |
|        ID   ID                                                               Usage      |
|=========================================================================================|
|  No running processes found                                                             |
+-----------------------------------------------------------------------------------------+
/mnt/home/jcervino/miniconda3/envs/pieclam_directed/lib/python3.11/site-packages/outdated/__init__.py:36: UserWarning: pkg_resources is deprecated as an API. See https://setuptools.pypa.io/en/latest/pkg_resources.html. The pkg_resources package is slated for removal as early as 2025-11-30. Refrain from using this package or pin to Setuptools<81.
  from pkg_resources import parse_version


/mnt/home/jcervino/Github/CoraCiteseer/PieClam/experiments/scripts/link_prediction/hypers_search/hypers_search_splits.py:100:::  
CUDA available


/mnt/home/jcervino/Github/CoraCiteseer/PieClam/experiments/scripts/link_prediction/hypers_search/hypers_search_splits.py:102:::  
Using device: cuda


/mnt/home/jcervino/Github/CoraCiteseer/PieClam/experiments/scripts/link_prediction/hypers_search/hypers_search_splits.py:124:::  
Running cross val link splits for citeseer with model ieclam


/mnt/home/jcervino/Github/CoraCiteseer/PieClam/experiments/scripts/link_prediction/hypers_search/hypers_search_splits.py:125:::  
args=Namespace(model_name='ieclam', ds_name='citeseer', dim_feats=[48], l1_regs=[], s_regs=[0.0, 0.1], n_iters_feats=[500, 1000, 3000], lr_feats=[5e-07, 5e-06], dim_attr=[], n_iters_prior=[], lr_prior=[], noise_amps=[], n_back_forth=[], first_funcs_in_fit=[], use_global_config_base=False, densify=False, attr_opt=False, test_p=0.0, val_p=0.1, val_dyads_path=None, test_dyads_path=None, random_search=True, num_draws_random=50, test_only=False, n_reps=3, reverse_test_set_order=False, to_undirected=False, remove_self_loops=False)


/mnt/home/jcervino/Github/CoraCiteseer/PieClam/experiments/optimization_utils_directed.py:514:::  
On test set split_22-59_22-11-25 of citeseer,ieclam
 ======================


/mnt/home/jcervino/Github/CoraCiteseer/PieClam/experiments/../datasets/import_dataset.py:258:::  
end of import_dataset
citeseer 
has 4230 nodes 
and 5358 edges. 
Graph is directed
Graph has NO self loops


/mnt/home/jcervino/Github/CoraCiteseer/PieClam/experiments/optimization_utils_directed.py:638:::  
RunSaver defined to acc_configs path /mnt/home/jcervino/Github/CoraCiteseer/PieClam/experiments/results/directed/link_prediction/auc/citeseer/ieclam/split_22-59_22-11-25/valid/acc_configs11-05_15-12-25.json


/mnt/home/jcervino/Github/CoraCiteseer/PieClam/experiments/optimization_utils_directed.py:663:::  
Repetition no. 0


/mnt/home/jcervino/Github/CoraCiteseer/PieClam/experiments/../trainer_directed.py:158:::  

Using dataset specific configuration and not global 




/mnt/home/jcervino/Github/CoraCiteseer/PieClam/experiments/../trainer_directed.py:337:::  

In function train. 
2025-12-15 11:05:44 starting optimization of ieclam on citeseer (DIRECTED) on device cuda

 configs_dict: 
{
    "clamiter_init": {
        "dim_feat": 48,
        "s_reg": 0.1,
        "l1_reg": 1,
        "T": 1,
        "hidden_dim": 64,
        "num_coupling_blocks": 32,
        "num_layers_mlp": 2
    },
    "feat_opt": {
        "lr": 5e-06,
        "n_iter": 500,
        "early_stop": 0
    }
}


/mnt/home/jcervino/Github/CoraCiteseer/PieClam/experiments/../clamiter_directed.py:439:::  
staring fit_feats for 500 iterations


/mnt/home/jcervino/Github/CoraCiteseer/PieClam/experiments/../trainer_directed.py:444:::  



FINISHED train 
 last accuracies:
test
key='auc': 0.6534072844789939
val
key='auc': 0.6689106592517348




/mnt/home/jcervino/Github/CoraCiteseer/PieClam/experiments/../trainer_directed.py:460:::  

train_model_on_params on ieclam citeseer 
took 3.644745111465454 seconds


/mnt/home/jcervino/Github/CoraCiteseer/PieClam/experiments/optimization_utils_directed.py:663:::  
Repetition no. 1


/mnt/home/jcervino/Github/CoraCiteseer/PieClam/experiments/../trainer_directed.py:158:::  

Using dataset specific configuration and not global 




/mnt/home/jcervino/Github/CoraCiteseer/PieClam/experiments/../trainer_directed.py:337:::  

In function train. 
2025-12-15 11:05:48 starting optimization of ieclam on citeseer (DIRECTED) on device cuda

 configs_dict: 
{
    "clamiter_init": {
        "dim_feat": 48,
        "s_reg": 0.1,
        "l1_reg": 1,
        "T": 1,
        "hidden_dim": 64,
        "num_coupling_blocks": 32,
        "num_layers_mlp": 2
    },
    "feat_opt": {
        "lr": 5e-06,
        "n_iter": 500,
        "early_stop": 0
    }
}


/mnt/home/jcervino/Github/CoraCiteseer/PieClam/experiments/../clamiter_directed.py:439:::  
staring fit_feats for 500 iterations


/mnt/home/jcervino/Github/CoraCiteseer/PieClam/experiments/../trainer_directed.py:444:::  



FINISHED train 
 last accuracies:
test
key='auc': 0.6662677963140886
val
key='auc': 0.6639606756082023




/mnt/home/jcervino/Github/CoraCiteseer/PieClam/experiments/../trainer_directed.py:460:::  

train_model_on_params on ieclam citeseer 
took 2.9793808460235596 seconds


/mnt/home/jcervino/Github/CoraCiteseer/PieClam/experiments/optimization_utils_directed.py:663:::  
Repetition no. 2


/mnt/home/jcervino/Github/CoraCiteseer/PieClam/experiments/../trainer_directed.py:158:::  

Using dataset specific configuration and not global 




/mnt/home/jcervino/Github/CoraCiteseer/PieClam/experiments/../trainer_directed.py:337:::  

In function train. 
2025-12-15 11:05:51 starting optimization of ieclam on citeseer (DIRECTED) on device cuda

 configs_dict: 
{
    "clamiter_init": {
        "dim_feat": 48,
        "s_reg": 0.1,
        "l1_reg": 1,
        "T": 1,
        "hidden_dim": 64,
        "num_coupling_blocks": 32,
        "num_layers_mlp": 2
    },
    "feat_opt": {
        "lr": 5e-06,
        "n_iter": 500,
        "early_stop": 0
    }
}


/mnt/home/jcervino/Github/CoraCiteseer/PieClam/experiments/../clamiter_directed.py:439:::  
staring fit_feats for 500 iterations


/mnt/home/jcervino/Github/CoraCiteseer/PieClam/experiments/../trainer_directed.py:444:::  



FINISHED train 
 last accuracies:
test
key='auc': 0.6671237662677963
val
key='auc': 0.6486480088152753




/mnt/home/jcervino/Github/CoraCiteseer/PieClam/experiments/../trainer_directed.py:460:::  

train_model_on_params on ieclam citeseer 
took 2.9701764583587646 seconds


/mnt/home/jcervino/Github/CoraCiteseer/PieClam/experiments/optimization_utils_directed.py:663:::  
Repetition no. 0


/mnt/home/jcervino/Github/CoraCiteseer/PieClam/experiments/../trainer_directed.py:158:::  

Using dataset specific configuration and not global 




/mnt/home/jcervino/Github/CoraCiteseer/PieClam/experiments/../trainer_directed.py:337:::  

In function train. 
2025-12-15 11:05:55 starting optimization of ieclam on citeseer (DIRECTED) on device cuda

 configs_dict: 
{
    "clamiter_init": {
        "dim_feat": 48,
        "s_reg": 0.0,
        "l1_reg": 1,
        "T": 1,
        "hidden_dim": 64,
        "num_coupling_blocks": 32,
        "num_layers_mlp": 2
    },
    "feat_opt": {
        "lr": 5e-06,
        "n_iter": 3000,
        "early_stop": 0
    }
}


/mnt/home/jcervino/Github/CoraCiteseer/PieClam/experiments/../clamiter_directed.py:439:::  
staring fit_feats for 3000 iterations


/mnt/home/jcervino/Github/CoraCiteseer/PieClam/experiments/../trainer_directed.py:444:::  



FINISHED train 
 last accuracies:
test
key='auc': 0.6055428421696218
val
key='auc': 0.6301113961536475




/mnt/home/jcervino/Github/CoraCiteseer/PieClam/experiments/../trainer_directed.py:460:::  

train_model_on_params on ieclam citeseer 
took 17.85516119003296 seconds


/mnt/home/jcervino/Github/CoraCiteseer/PieClam/experiments/optimization_utils_directed.py:663:::  
Repetition no. 1


/mnt/home/jcervino/Github/CoraCiteseer/PieClam/experiments/../trainer_directed.py:158:::  

Using dataset specific configuration and not global 




/mnt/home/jcervino/Github/CoraCiteseer/PieClam/experiments/../trainer_directed.py:337:::  

In function train. 
2025-12-15 11:06:13 starting optimization of ieclam on citeseer (DIRECTED) on device cuda

 configs_dict: 
{
    "clamiter_init": {
        "dim_feat": 48,
        "s_reg": 0.0,
        "l1_reg": 1,
        "T": 1,
        "hidden_dim": 64,
        "num_coupling_blocks": 32,
        "num_layers_mlp": 2
    },
    "feat_opt": {
        "lr": 5e-06,
        "n_iter": 3000,
        "early_stop": 0
    }
}


/mnt/home/jcervino/Github/CoraCiteseer/PieClam/experiments/../clamiter_directed.py:439:::  
staring fit_feats for 3000 iterations


/mnt/home/jcervino/Github/CoraCiteseer/PieClam/experiments/../trainer_directed.py:444:::  



FINISHED train 
 last accuracies:
test
key='auc': 0.6030151104899992
val
key='auc': 0.6175986983695183




/mnt/home/jcervino/Github/CoraCiteseer/PieClam/experiments/../trainer_directed.py:460:::  

train_model_on_params on ieclam citeseer 
took 17.922345638275146 seconds


/mnt/home/jcervino/Github/CoraCiteseer/PieClam/experiments/optimization_utils_directed.py:663:::  
Repetition no. 2


/mnt/home/jcervino/Github/CoraCiteseer/PieClam/experiments/../trainer_directed.py:158:::  

Using dataset specific configuration and not global 




/mnt/home/jcervino/Github/CoraCiteseer/PieClam/experiments/../trainer_directed.py:337:::  

In function train. 
2025-12-15 11:06:31 starting optimization of ieclam on citeseer (DIRECTED) on device cuda

 configs_dict: 
{
    "clamiter_init": {
        "dim_feat": 48,
        "s_reg": 0.0,
        "l1_reg": 1,
        "T": 1,
        "hidden_dim": 64,
        "num_coupling_blocks": 32,
        "num_layers_mlp": 2
    },
    "feat_opt": {
        "lr": 5e-06,
        "n_iter": 3000,
        "early_stop": 0
    }
}


/mnt/home/jcervino/Github/CoraCiteseer/PieClam/experiments/../clamiter_directed.py:439:::  
staring fit_feats for 3000 iterations


/mnt/home/jcervino/Github/CoraCiteseer/PieClam/experiments/../trainer_directed.py:444:::  



FINISHED train 
 last accuracies:
test
key='auc': 0.621690977377937
val
key='auc': 0.6284197930476404




/mnt/home/jcervino/Github/CoraCiteseer/PieClam/experiments/../trainer_directed.py:460:::  

train_model_on_params on ieclam citeseer 
took 17.681206464767456 seconds


/mnt/home/jcervino/Github/CoraCiteseer/PieClam/experiments/optimization_utils_directed.py:663:::  
Repetition no. 0


/mnt/home/jcervino/Github/CoraCiteseer/PieClam/experiments/../trainer_directed.py:158:::  

Using dataset specific configuration and not global 




/mnt/home/jcervino/Github/CoraCiteseer/PieClam/experiments/../trainer_directed.py:337:::  

In function train. 
2025-12-15 11:06:48 starting optimization of ieclam on citeseer (DIRECTED) on device cuda

 configs_dict: 
{
    "clamiter_init": {
        "dim_feat": 48,
        "s_reg": 0.0,
        "l1_reg": 1,
        "T": 1,
        "hidden_dim": 64,
        "num_coupling_blocks": 32,
        "num_layers_mlp": 2
    },
    "feat_opt": {
        "lr": 5e-07,
        "n_iter": 1000,
        "early_stop": 0
    }
}


/mnt/home/jcervino/Github/CoraCiteseer/PieClam/experiments/../clamiter_directed.py:439:::  
staring fit_feats for 1000 iterations


/mnt/home/jcervino/Github/CoraCiteseer/PieClam/experiments/../trainer_directed.py:444:::  



FINISHED train 
 last accuracies:
test
key='auc': 0.4991283081491833
val
key='auc': 0.5476834076548269




/mnt/home/jcervino/Github/CoraCiteseer/PieClam/experiments/../trainer_directed.py:460:::  

train_model_on_params on ieclam citeseer 
took 5.922069549560547 seconds


/mnt/home/jcervino/Github/CoraCiteseer/PieClam/experiments/optimization_utils_directed.py:663:::  
Repetition no. 1


/mnt/home/jcervino/Github/CoraCiteseer/PieClam/experiments/../trainer_directed.py:158:::  

Using dataset specific configuration and not global 




/mnt/home/jcervino/Github/CoraCiteseer/PieClam/experiments/../trainer_directed.py:337:::  

In function train. 
2025-12-15 11:06:55 starting optimization of ieclam on citeseer (DIRECTED) on device cuda

 configs_dict: 
{
    "clamiter_init": {
        "dim_feat": 48,
        "s_reg": 0.0,
        "l1_reg": 1,
        "T": 1,
        "hidden_dim": 64,
        "num_coupling_blocks": 32,
        "num_layers_mlp": 2
    },
    "feat_opt": {
        "lr": 5e-07,
        "n_iter": 1000,
        "early_stop": 0
    }
}


/mnt/home/jcervino/Github/CoraCiteseer/PieClam/experiments/../clamiter_directed.py:439:::  
staring fit_feats for 1000 iterations


/mnt/home/jcervino/Github/CoraCiteseer/PieClam/experiments/../trainer_directed.py:444:::  



FINISHED train 
 last accuracies:
test
key='auc': 0.4996383963664949
val
key='auc': 0.5156634699815774




/mnt/home/jcervino/Github/CoraCiteseer/PieClam/experiments/../trainer_directed.py:460:::  

train_model_on_params on ieclam citeseer 
took 5.925027132034302 seconds


/mnt/home/jcervino/Github/CoraCiteseer/PieClam/experiments/optimization_utils_directed.py:663:::  
Repetition no. 2


/mnt/home/jcervino/Github/CoraCiteseer/PieClam/experiments/../trainer_directed.py:158:::  

Using dataset specific configuration and not global 




/mnt/home/jcervino/Github/CoraCiteseer/PieClam/experiments/../trainer_directed.py:337:::  

In function train. 
2025-12-15 11:07:01 starting optimization of ieclam on citeseer (DIRECTED) on device cuda

 configs_dict: 
{
    "clamiter_init": {
        "dim_feat": 48,
        "s_reg": 0.0,
        "l1_reg": 1,
        "T": 1,
        "hidden_dim": 64,
        "num_coupling_blocks": 32,
        "num_layers_mlp": 2
    },
    "feat_opt": {
        "lr": 5e-07,
        "n_iter": 1000,
        "early_stop": 0
    }
}


/mnt/home/jcervino/Github/CoraCiteseer/PieClam/experiments/../clamiter_directed.py:439:::  
staring fit_feats for 1000 iterations


/mnt/home/jcervino/Github/CoraCiteseer/PieClam/experiments/../trainer_directed.py:444:::  



FINISHED train 
 last accuracies:
test
key='auc': 0.5448999912656127
val
key='auc': 0.5090003615640226




/mnt/home/jcervino/Github/CoraCiteseer/PieClam/experiments/../trainer_directed.py:460:::  

train_model_on_params on ieclam citeseer 
took 5.9830639362335205 seconds


/mnt/home/jcervino/Github/CoraCiteseer/PieClam/experiments/optimization_utils_directed.py:663:::  
Repetition no. 0


/mnt/home/jcervino/Github/CoraCiteseer/PieClam/experiments/../trainer_directed.py:158:::  

Using dataset specific configuration and not global 




/mnt/home/jcervino/Github/CoraCiteseer/PieClam/experiments/../trainer_directed.py:337:::  

In function train. 
2025-12-15 11:07:07 starting optimization of ieclam on citeseer (DIRECTED) on device cuda

 configs_dict: 
{
    "clamiter_init": {
        "dim_feat": 48,
        "s_reg": 0.1,
        "l1_reg": 1,
        "T": 1,
        "hidden_dim": 64,
        "num_coupling_blocks": 32,
        "num_layers_mlp": 2
    },
    "feat_opt": {
        "lr": 5e-07,
        "n_iter": 1000,
        "early_stop": 0
    }
}


/mnt/home/jcervino/Github/CoraCiteseer/PieClam/experiments/../clamiter_directed.py:439:::  
staring fit_feats for 1000 iterations


/mnt/home/jcervino/Github/CoraCiteseer/PieClam/experiments/../trainer_directed.py:444:::  



FINISHED train 
 last accuracies:
test
key='auc': 0.5137496724604769
val
key='auc': 0.5249091785609752




/mnt/home/jcervino/Github/CoraCiteseer/PieClam/experiments/../trainer_directed.py:460:::  

train_model_on_params on ieclam citeseer 
took 14.476098537445068 seconds


/mnt/home/jcervino/Github/CoraCiteseer/PieClam/experiments/optimization_utils_directed.py:663:::  
Repetition no. 1


/mnt/home/jcervino/Github/CoraCiteseer/PieClam/experiments/../trainer_directed.py:158:::  

Using dataset specific configuration and not global 




/mnt/home/jcervino/Github/CoraCiteseer/PieClam/experiments/../trainer_directed.py:337:::  

In function train. 
2025-12-15 11:07:22 starting optimization of ieclam on citeseer (DIRECTED) on device cuda

 configs_dict: 
{
    "clamiter_init": {
        "dim_feat": 48,
        "s_reg": 0.1,
        "l1_reg": 1,
        "T": 1,
        "hidden_dim": 64,
        "num_coupling_blocks": 32,
        "num_layers_mlp": 2
    },
    "feat_opt": {
        "lr": 5e-07,
        "n_iter": 1000,
        "early_stop": 0
    }
}


/mnt/home/jcervino/Github/CoraCiteseer/PieClam/experiments/../clamiter_directed.py:439:::  
staring fit_feats for 1000 iterations


/mnt/home/jcervino/Github/CoraCiteseer/PieClam/experiments/../trainer_directed.py:444:::  



FINISHED train 
 last accuracies:
test
key='auc': 0.4850170320552013
val
key='auc': 0.5307200289251218




/mnt/home/jcervino/Github/CoraCiteseer/PieClam/experiments/../trainer_directed.py:460:::  

train_model_on_params on ieclam citeseer 
took 5.9335198402404785 seconds


/mnt/home/jcervino/Github/CoraCiteseer/PieClam/experiments/optimization_utils_directed.py:663:::  
Repetition no. 2


/mnt/home/jcervino/Github/CoraCiteseer/PieClam/experiments/../trainer_directed.py:158:::  

Using dataset specific configuration and not global 




/mnt/home/jcervino/Github/CoraCiteseer/PieClam/experiments/../trainer_directed.py:337:::  

In function train. 
2025-12-15 11:07:28 starting optimization of ieclam on citeseer (DIRECTED) on device cuda

 configs_dict: 
{
    "clamiter_init": {
        "dim_feat": 48,
        "s_reg": 0.1,
        "l1_reg": 1,
        "T": 1,
        "hidden_dim": 64,
        "num_coupling_blocks": 32,
        "num_layers_mlp": 2
    },
    "feat_opt": {
        "lr": 5e-07,
        "n_iter": 1000,
        "early_stop": 0
    }
}


/mnt/home/jcervino/Github/CoraCiteseer/PieClam/experiments/../clamiter_directed.py:439:::  
staring fit_feats for 1000 iterations


/mnt/home/jcervino/Github/CoraCiteseer/PieClam/experiments/../trainer_directed.py:444:::  



FINISHED train 
 last accuracies:
test
key='auc': 0.4965708795527993
val
key='auc': 0.48801243091544566




/mnt/home/jcervino/Github/CoraCiteseer/PieClam/experiments/../trainer_directed.py:460:::  

train_model_on_params on ieclam citeseer 
took 5.910469055175781 seconds


/mnt/home/jcervino/Github/CoraCiteseer/PieClam/experiments/optimization_utils_directed.py:663:::  
Repetition no. 0


/mnt/home/jcervino/Github/CoraCiteseer/PieClam/experiments/../trainer_directed.py:158:::  

Using dataset specific configuration and not global 




/mnt/home/jcervino/Github/CoraCiteseer/PieClam/experiments/../trainer_directed.py:337:::  

In function train. 
2025-12-15 11:07:34 starting optimization of ieclam on citeseer (DIRECTED) on device cuda

 configs_dict: 
{
    "clamiter_init": {
        "dim_feat": 48,
        "s_reg": 0.1,
        "l1_reg": 1,
        "T": 1,
        "hidden_dim": 64,
        "num_coupling_blocks": 32,
        "num_layers_mlp": 2
    },
    "feat_opt": {
        "lr": 5e-06,
        "n_iter": 1000,
        "early_stop": 0
    }
}


/mnt/home/jcervino/Github/CoraCiteseer/PieClam/experiments/../clamiter_directed.py:439:::  
staring fit_feats for 1000 iterations


/mnt/home/jcervino/Github/CoraCiteseer/PieClam/experiments/../trainer_directed.py:444:::  



FINISHED train 
 last accuracies:
test
key='auc': 0.6495414446676565
val
key='auc': 0.6630610698851603




/mnt/home/jcervino/Github/CoraCiteseer/PieClam/experiments/../trainer_directed.py:460:::  

train_model_on_params on ieclam citeseer 
took 5.916788339614868 seconds


/mnt/home/jcervino/Github/CoraCiteseer/PieClam/experiments/optimization_utils_directed.py:663:::  
Repetition no. 1


/mnt/home/jcervino/Github/CoraCiteseer/PieClam/experiments/../trainer_directed.py:158:::  

Using dataset specific configuration and not global 




/mnt/home/jcervino/Github/CoraCiteseer/PieClam/experiments/../trainer_directed.py:337:::  

In function train. 
2025-12-15 11:07:40 starting optimization of ieclam on citeseer (DIRECTED) on device cuda

 configs_dict: 
{
    "clamiter_init": {
        "dim_feat": 48,
        "s_reg": 0.1,
        "l1_reg": 1,
        "T": 1,
        "hidden_dim": 64,
        "num_coupling_blocks": 32,
        "num_layers_mlp": 2
    },
    "feat_opt": {
        "lr": 5e-06,
        "n_iter": 1000,
        "early_stop": 0
    }
}


/mnt/home/jcervino/Github/CoraCiteseer/PieClam/experiments/../clamiter_directed.py:439:::  
staring fit_feats for 1000 iterations


/mnt/home/jcervino/Github/CoraCiteseer/PieClam/experiments/../trainer_directed.py:444:::  



FINISHED train 
 last accuracies:
test
key='auc': 0.6782670975631059
val
key='auc': 0.6649678896713211




/mnt/home/jcervino/Github/CoraCiteseer/PieClam/experiments/../trainer_directed.py:460:::  

train_model_on_params on ieclam citeseer 
took 5.901983737945557 seconds


/mnt/home/jcervino/Github/CoraCiteseer/PieClam/experiments/optimization_utils_directed.py:663:::  
Repetition no. 2


/mnt/home/jcervino/Github/CoraCiteseer/PieClam/experiments/../trainer_directed.py:158:::  

Using dataset specific configuration and not global 




/mnt/home/jcervino/Github/CoraCiteseer/PieClam/experiments/../trainer_directed.py:337:::  

In function train. 
2025-12-15 11:07:46 starting optimization of ieclam on citeseer (DIRECTED) on device cuda

 configs_dict: 
{
    "clamiter_init": {
        "dim_feat": 48,
        "s_reg": 0.1,
        "l1_reg": 1,
        "T": 1,
        "hidden_dim": 64,
        "num_coupling_blocks": 32,
        "num_layers_mlp": 2
    },
    "feat_opt": {
        "lr": 5e-06,
        "n_iter": 1000,
        "early_stop": 0
    }
}


/mnt/home/jcervino/Github/CoraCiteseer/PieClam/experiments/../clamiter_directed.py:439:::  
staring fit_feats for 1000 iterations


/mnt/home/jcervino/Github/CoraCiteseer/PieClam/experiments/../trainer_directed.py:444:::  



FINISHED train 
 last accuracies:
test
key='auc': 0.6377639968556206
val
key='auc': 0.6913728241593637




/mnt/home/jcervino/Github/CoraCiteseer/PieClam/experiments/../trainer_directed.py:460:::  

train_model_on_params on ieclam citeseer 
took 5.905181884765625 seconds


/mnt/home/jcervino/Github/CoraCiteseer/PieClam/experiments/optimization_utils_directed.py:663:::  
Repetition no. 0


/mnt/home/jcervino/Github/CoraCiteseer/PieClam/experiments/../trainer_directed.py:158:::  

Using dataset specific configuration and not global 




/mnt/home/jcervino/Github/CoraCiteseer/PieClam/experiments/../trainer_directed.py:337:::  

In function train. 
2025-12-15 11:07:52 starting optimization of ieclam on citeseer (DIRECTED) on device cuda

 configs_dict: 
{
    "clamiter_init": {
        "dim_feat": 48,
        "s_reg": 0.1,
        "l1_reg": 1,
        "T": 1,
        "hidden_dim": 64,
        "num_coupling_blocks": 32,
        "num_layers_mlp": 2
    },
    "feat_opt": {
        "lr": 5e-07,
        "n_iter": 500,
        "early_stop": 0
    }
}


/mnt/home/jcervino/Github/CoraCiteseer/PieClam/experiments/../clamiter_directed.py:439:::  
staring fit_feats for 500 iterations


/mnt/home/jcervino/Github/CoraCiteseer/PieClam/experiments/../trainer_directed.py:444:::  



FINISHED train 
 last accuracies:
test
key='auc': 0.5132657874050135
val
key='auc': 0.509443707925139




/mnt/home/jcervino/Github/CoraCiteseer/PieClam/experiments/../trainer_directed.py:460:::  

train_model_on_params on ieclam citeseer 
took 2.9792802333831787 seconds


/mnt/home/jcervino/Github/CoraCiteseer/PieClam/experiments/optimization_utils_directed.py:663:::  
Repetition no. 1


/mnt/home/jcervino/Github/CoraCiteseer/PieClam/experiments/../trainer_directed.py:158:::  

Using dataset specific configuration and not global 




/mnt/home/jcervino/Github/CoraCiteseer/PieClam/experiments/../trainer_directed.py:337:::  

In function train. 
2025-12-15 11:07:55 starting optimization of ieclam on citeseer (DIRECTED) on device cuda

 configs_dict: 
{
    "clamiter_init": {
        "dim_feat": 48,
        "s_reg": 0.1,
        "l1_reg": 1,
        "T": 1,
        "hidden_dim": 64,
        "num_coupling_blocks": 32,
        "num_layers_mlp": 2
    },
    "feat_opt": {
        "lr": 5e-07,
        "n_iter": 500,
        "early_stop": 0
    }
}


/mnt/home/jcervino/Github/CoraCiteseer/PieClam/experiments/../clamiter_directed.py:439:::  
staring fit_feats for 500 iterations


/mnt/home/jcervino/Github/CoraCiteseer/PieClam/experiments/../trainer_directed.py:444:::  



FINISHED train 
 last accuracies:
test
key='auc': 0.49716132413311204
val
key='auc': 0.5095728379332312




/mnt/home/jcervino/Github/CoraCiteseer/PieClam/experiments/../trainer_directed.py:460:::  

train_model_on_params on ieclam citeseer 
took 2.981232166290283 seconds


/mnt/home/jcervino/Github/CoraCiteseer/PieClam/experiments/optimization_utils_directed.py:663:::  
Repetition no. 2


/mnt/home/jcervino/Github/CoraCiteseer/PieClam/experiments/../trainer_directed.py:158:::  

Using dataset specific configuration and not global 




/mnt/home/jcervino/Github/CoraCiteseer/PieClam/experiments/../trainer_directed.py:337:::  

In function train. 
2025-12-15 11:07:58 starting optimization of ieclam on citeseer (DIRECTED) on device cuda

 configs_dict: 
{
    "clamiter_init": {
        "dim_feat": 48,
        "s_reg": 0.1,
        "l1_reg": 1,
        "T": 1,
        "hidden_dim": 64,
        "num_coupling_blocks": 32,
        "num_layers_mlp": 2
    },
    "feat_opt": {
        "lr": 5e-07,
        "n_iter": 500,
        "early_stop": 0
    }
}


/mnt/home/jcervino/Github/CoraCiteseer/PieClam/experiments/../clamiter_directed.py:439:::  
staring fit_feats for 500 iterations


/mnt/home/jcervino/Github/CoraCiteseer/PieClam/experiments/../trainer_directed.py:444:::  



FINISHED train 
 last accuracies:
test
key='auc': 0.5006690540658573
val
key='auc': 0.4649412028029821




/mnt/home/jcervino/Github/CoraCiteseer/PieClam/experiments/../trainer_directed.py:460:::  

train_model_on_params on ieclam citeseer 
took 2.9718658924102783 seconds


/mnt/home/jcervino/Github/CoraCiteseer/PieClam/experiments/optimization_utils_directed.py:663:::  
Repetition no. 0


/mnt/home/jcervino/Github/CoraCiteseer/PieClam/experiments/../trainer_directed.py:158:::  

Using dataset specific configuration and not global 




/mnt/home/jcervino/Github/CoraCiteseer/PieClam/experiments/../trainer_directed.py:337:::  

In function train. 
2025-12-15 11:08:01 starting optimization of ieclam on citeseer (DIRECTED) on device cuda

 configs_dict: 
{
    "clamiter_init": {
        "dim_feat": 48,
        "s_reg": 0.1,
        "l1_reg": 1,
        "T": 1,
        "hidden_dim": 64,
        "num_coupling_blocks": 32,
        "num_layers_mlp": 2
    },
    "feat_opt": {
        "lr": 5e-06,
        "n_iter": 3000,
        "early_stop": 0
    }
}


/mnt/home/jcervino/Github/CoraCiteseer/PieClam/experiments/../clamiter_directed.py:439:::  
staring fit_feats for 3000 iterations


/mnt/home/jcervino/Github/CoraCiteseer/PieClam/experiments/../trainer_directed.py:444:::  



FINISHED train 
 last accuracies:
test
key='auc': 0.6010725827583194
val
key='auc': 0.6145662953461544




/mnt/home/jcervino/Github/CoraCiteseer/PieClam/experiments/../trainer_directed.py:460:::  

train_model_on_params on ieclam citeseer 
took 17.771750688552856 seconds


/mnt/home/jcervino/Github/CoraCiteseer/PieClam/experiments/optimization_utils_directed.py:663:::  
Repetition no. 1


/mnt/home/jcervino/Github/CoraCiteseer/PieClam/experiments/../trainer_directed.py:158:::  

Using dataset specific configuration and not global 




/mnt/home/jcervino/Github/CoraCiteseer/PieClam/experiments/../trainer_directed.py:337:::  

In function train. 
2025-12-15 11:08:19 starting optimization of ieclam on citeseer (DIRECTED) on device cuda

 configs_dict: 
{
    "clamiter_init": {
        "dim_feat": 48,
        "s_reg": 0.1,
        "l1_reg": 1,
        "T": 1,
        "hidden_dim": 64,
        "num_coupling_blocks": 32,
        "num_layers_mlp": 2
    },
    "feat_opt": {
        "lr": 5e-06,
        "n_iter": 3000,
        "early_stop": 0
    }
}


/mnt/home/jcervino/Github/CoraCiteseer/PieClam/experiments/../clamiter_directed.py:439:::  
staring fit_feats for 3000 iterations


/mnt/home/jcervino/Github/CoraCiteseer/PieClam/experiments/../trainer_directed.py:444:::  



FINISHED train 
 last accuracies:
test
key='auc': 0.5916324569831427
val
key='auc': 0.6315576522442795




/mnt/home/jcervino/Github/CoraCiteseer/PieClam/experiments/../trainer_directed.py:460:::  

train_model_on_params on ieclam citeseer 
took 17.7323055267334 seconds


/mnt/home/jcervino/Github/CoraCiteseer/PieClam/experiments/optimization_utils_directed.py:663:::  
Repetition no. 2


/mnt/home/jcervino/Github/CoraCiteseer/PieClam/experiments/../trainer_directed.py:158:::  

Using dataset specific configuration and not global 




/mnt/home/jcervino/Github/CoraCiteseer/PieClam/experiments/../trainer_directed.py:337:::  

In function train. 
2025-12-15 11:08:37 starting optimization of ieclam on citeseer (DIRECTED) on device cuda

 configs_dict: 
{
    "clamiter_init": {
        "dim_feat": 48,
        "s_reg": 0.1,
        "l1_reg": 1,
        "T": 1,
        "hidden_dim": 64,
        "num_coupling_blocks": 32,
        "num_layers_mlp": 2
    },
    "feat_opt": {
        "lr": 5e-06,
        "n_iter": 3000,
        "early_stop": 0
    }
}


/mnt/home/jcervino/Github/CoraCiteseer/PieClam/experiments/../clamiter_directed.py:439:::  
staring fit_feats for 3000 iterations


/mnt/home/jcervino/Github/CoraCiteseer/PieClam/experiments/../trainer_directed.py:444:::  



FINISHED train 
 last accuracies:
test
key='auc': 0.6227880164206481
val
key='auc': 0.6227811160276167




/mnt/home/jcervino/Github/CoraCiteseer/PieClam/experiments/../trainer_directed.py:460:::  

train_model_on_params on ieclam citeseer 
took 39.33389139175415 seconds


/mnt/home/jcervino/Github/CoraCiteseer/PieClam/experiments/optimization_utils_directed.py:663:::  
Repetition no. 0


/mnt/home/jcervino/Github/CoraCiteseer/PieClam/experiments/../trainer_directed.py:158:::  

Using dataset specific configuration and not global 




/mnt/home/jcervino/Github/CoraCiteseer/PieClam/experiments/../trainer_directed.py:337:::  

In function train. 
2025-12-15 11:09:17 starting optimization of ieclam on citeseer (DIRECTED) on device cuda

 configs_dict: 
{
    "clamiter_init": {
        "dim_feat": 48,
        "s_reg": 0.0,
        "l1_reg": 1,
        "T": 1,
        "hidden_dim": 64,
        "num_coupling_blocks": 32,
        "num_layers_mlp": 2
    },
    "feat_opt": {
        "lr": 5e-06,
        "n_iter": 1000,
        "early_stop": 0
    }
}


/mnt/home/jcervino/Github/CoraCiteseer/PieClam/experiments/../clamiter_directed.py:439:::  
staring fit_feats for 1000 iterations


/mnt/home/jcervino/Github/CoraCiteseer/PieClam/experiments/../trainer_directed.py:444:::  



FINISHED train 
 last accuracies:
test
key='auc': 0.6344711328500307
val
key='auc': 0.661537335789673




/mnt/home/jcervino/Github/CoraCiteseer/PieClam/experiments/../trainer_directed.py:460:::  

train_model_on_params on ieclam citeseer 
took 5.932023286819458 seconds


/mnt/home/jcervino/Github/CoraCiteseer/PieClam/experiments/optimization_utils_directed.py:663:::  
Repetition no. 1


/mnt/home/jcervino/Github/CoraCiteseer/PieClam/experiments/../trainer_directed.py:158:::  

Using dataset specific configuration and not global 




/mnt/home/jcervino/Github/CoraCiteseer/PieClam/experiments/../trainer_directed.py:337:::  

In function train. 
2025-12-15 11:09:23 starting optimization of ieclam on citeseer (DIRECTED) on device cuda

 configs_dict: 
{
    "clamiter_init": {
        "dim_feat": 48,
        "s_reg": 0.0,
        "l1_reg": 1,
        "T": 1,
        "hidden_dim": 64,
        "num_coupling_blocks": 32,
        "num_layers_mlp": 2
    },
    "feat_opt": {
        "lr": 5e-06,
        "n_iter": 1000,
        "early_stop": 0
    }
}


/mnt/home/jcervino/Github/CoraCiteseer/PieClam/experiments/../clamiter_directed.py:439:::  
staring fit_feats for 1000 iterations


/mnt/home/jcervino/Github/CoraCiteseer/PieClam/experiments/../trainer_directed.py:444:::  



FINISHED train 
 last accuracies:
test
key='auc': 0.6709861123242205
val
key='auc': 0.6968565451696768




/mnt/home/jcervino/Github/CoraCiteseer/PieClam/experiments/../trainer_directed.py:460:::  

train_model_on_params on ieclam citeseer 
took 5.927502393722534 seconds


/mnt/home/jcervino/Github/CoraCiteseer/PieClam/experiments/optimization_utils_directed.py:663:::  
Repetition no. 2


/mnt/home/jcervino/Github/CoraCiteseer/PieClam/experiments/../trainer_directed.py:158:::  

Using dataset specific configuration and not global 




/mnt/home/jcervino/Github/CoraCiteseer/PieClam/experiments/../trainer_directed.py:337:::  

In function train. 
2025-12-15 11:09:29 starting optimization of ieclam on citeseer (DIRECTED) on device cuda

 configs_dict: 
{
    "clamiter_init": {
        "dim_feat": 48,
        "s_reg": 0.0,
        "l1_reg": 1,
        "T": 1,
        "hidden_dim": 64,
        "num_coupling_blocks": 32,
        "num_layers_mlp": 2
    },
    "feat_opt": {
        "lr": 5e-06,
        "n_iter": 1000,
        "early_stop": 0
    }
}


/mnt/home/jcervino/Github/CoraCiteseer/PieClam/experiments/../clamiter_directed.py:439:::  
staring fit_feats for 1000 iterations


/mnt/home/jcervino/Github/CoraCiteseer/PieClam/experiments/../trainer_directed.py:444:::  



FINISHED train 
 last accuracies:
test
key='auc': 0.6507205869508254
val
key='auc': 0.6755307243332588




/mnt/home/jcervino/Github/CoraCiteseer/PieClam/experiments/../trainer_directed.py:460:::  

train_model_on_params on ieclam citeseer 
took 5.920401096343994 seconds


/mnt/home/jcervino/Github/CoraCiteseer/PieClam/experiments/optimization_utils_directed.py:663:::  
Repetition no. 0


/mnt/home/jcervino/Github/CoraCiteseer/PieClam/experiments/../trainer_directed.py:158:::  

Using dataset specific configuration and not global 




/mnt/home/jcervino/Github/CoraCiteseer/PieClam/experiments/../trainer_directed.py:337:::  

In function train. 
2025-12-15 11:09:35 starting optimization of ieclam on citeseer (DIRECTED) on device cuda

 configs_dict: 
{
    "clamiter_init": {
        "dim_feat": 48,
        "s_reg": 0.0,
        "l1_reg": 1,
        "T": 1,
        "hidden_dim": 64,
        "num_coupling_blocks": 32,
        "num_layers_mlp": 2
    },
    "feat_opt": {
        "lr": 5e-07,
        "n_iter": 3000,
        "early_stop": 0
    }
}


/mnt/home/jcervino/Github/CoraCiteseer/PieClam/experiments/../clamiter_directed.py:439:::  
staring fit_feats for 3000 iterations


/mnt/home/jcervino/Github/CoraCiteseer/PieClam/experiments/../trainer_directed.py:444:::  



FINISHED train 
 last accuracies:
test
key='auc': 0.6095152415058084
val
key='auc': 0.5689640329884128




/mnt/home/jcervino/Github/CoraCiteseer/PieClam/experiments/../trainer_directed.py:460:::  

train_model_on_params on ieclam citeseer 
took 17.70149540901184 seconds


/mnt/home/jcervino/Github/CoraCiteseer/PieClam/experiments/optimization_utils_directed.py:663:::  
Repetition no. 1


/mnt/home/jcervino/Github/CoraCiteseer/PieClam/experiments/../trainer_directed.py:158:::  

Using dataset specific configuration and not global 




/mnt/home/jcervino/Github/CoraCiteseer/PieClam/experiments/../trainer_directed.py:337:::  

In function train. 
2025-12-15 11:09:53 starting optimization of ieclam on citeseer (DIRECTED) on device cuda

 configs_dict: 
{
    "clamiter_init": {
        "dim_feat": 48,
        "s_reg": 0.0,
        "l1_reg": 1,
        "T": 1,
        "hidden_dim": 64,
        "num_coupling_blocks": 32,
        "num_layers_mlp": 2
    },
    "feat_opt": {
        "lr": 5e-07,
        "n_iter": 3000,
        "early_stop": 0
    }
}


/mnt/home/jcervino/Github/CoraCiteseer/PieClam/experiments/../clamiter_directed.py:439:::  
staring fit_feats for 3000 iterations


/mnt/home/jcervino/Github/CoraCiteseer/PieClam/experiments/../trainer_directed.py:444:::  



FINISHED train 
 last accuracies:
test
key='auc': 0.593379334439689
val
key='auc': 0.5925022812968097




/mnt/home/jcervino/Github/CoraCiteseer/PieClam/experiments/../trainer_directed.py:460:::  

train_model_on_params on ieclam citeseer 
took 17.76500701904297 seconds


/mnt/home/jcervino/Github/CoraCiteseer/PieClam/experiments/optimization_utils_directed.py:663:::  
Repetition no. 2


/mnt/home/jcervino/Github/CoraCiteseer/PieClam/experiments/../trainer_directed.py:158:::  

Using dataset specific configuration and not global 




/mnt/home/jcervino/Github/CoraCiteseer/PieClam/experiments/../trainer_directed.py:337:::  

In function train. 
2025-12-15 11:10:11 starting optimization of ieclam on citeseer (DIRECTED) on device cuda

 configs_dict: 
{
    "clamiter_init": {
        "dim_feat": 48,
        "s_reg": 0.0,
        "l1_reg": 1,
        "T": 1,
        "hidden_dim": 64,
        "num_coupling_blocks": 32,
        "num_layers_mlp": 2
    },
    "feat_opt": {
        "lr": 5e-07,
        "n_iter": 3000,
        "early_stop": 0
    }
}


/mnt/home/jcervino/Github/CoraCiteseer/PieClam/experiments/../clamiter_directed.py:439:::  
staring fit_feats for 3000 iterations


/mnt/home/jcervino/Github/CoraCiteseer/PieClam/experiments/../trainer_directed.py:444:::  



FINISHED train 
 last accuracies:
test
key='auc': 0.5674469385972574
val
key='auc': 0.5627012275959437




/mnt/home/jcervino/Github/CoraCiteseer/PieClam/experiments/../trainer_directed.py:460:::  

train_model_on_params on ieclam citeseer 
took 17.71287488937378 seconds


/mnt/home/jcervino/Github/CoraCiteseer/PieClam/experiments/optimization_utils_directed.py:663:::  
Repetition no. 0


/mnt/home/jcervino/Github/CoraCiteseer/PieClam/experiments/../trainer_directed.py:158:::  

Using dataset specific configuration and not global 




/mnt/home/jcervino/Github/CoraCiteseer/PieClam/experiments/../trainer_directed.py:337:::  

In function train. 
2025-12-15 11:10:29 starting optimization of ieclam on citeseer (DIRECTED) on device cuda

 configs_dict: 
{
    "clamiter_init": {
        "dim_feat": 48,
        "s_reg": 0.0,
        "l1_reg": 1,
        "T": 1,
        "hidden_dim": 64,
        "num_coupling_blocks": 32,
        "num_layers_mlp": 2
    },
    "feat_opt": {
        "lr": 5e-07,
        "n_iter": 500,
        "early_stop": 0
    }
}


/mnt/home/jcervino/Github/CoraCiteseer/PieClam/experiments/../clamiter_directed.py:439:::  
staring fit_feats for 500 iterations


/mnt/home/jcervino/Github/CoraCiteseer/PieClam/experiments/../trainer_directed.py:444:::  



FINISHED train 
 last accuracies:
test
key='auc': 0.5176801467377063
val
key='auc': 0.5388982627709578




/mnt/home/jcervino/Github/CoraCiteseer/PieClam/experiments/../trainer_directed.py:460:::  

train_model_on_params on ieclam citeseer 
took 2.972022771835327 seconds


/mnt/home/jcervino/Github/CoraCiteseer/PieClam/experiments/optimization_utils_directed.py:663:::  
Repetition no. 1


/mnt/home/jcervino/Github/CoraCiteseer/PieClam/experiments/../trainer_directed.py:158:::  

Using dataset specific configuration and not global 




/mnt/home/jcervino/Github/CoraCiteseer/PieClam/experiments/../trainer_directed.py:337:::  

In function train. 
2025-12-15 11:10:32 starting optimization of ieclam on citeseer (DIRECTED) on device cuda

 configs_dict: 
{
    "clamiter_init": {
        "dim_feat": 48,
        "s_reg": 0.0,
        "l1_reg": 1,
        "T": 1,
        "hidden_dim": 64,
        "num_coupling_blocks": 32,
        "num_layers_mlp": 2
    },
    "feat_opt": {
        "lr": 5e-07,
        "n_iter": 500,
        "early_stop": 0
    }
}


/mnt/home/jcervino/Github/CoraCiteseer/PieClam/experiments/../clamiter_directed.py:439:::  
staring fit_feats for 500 iterations


/mnt/home/jcervino/Github/CoraCiteseer/PieClam/experiments/../trainer_directed.py:444:::  



FINISHED train 
 last accuracies:
test
key='auc': 0.5123766267796315
val
key='auc': 0.49096520376715275




/mnt/home/jcervino/Github/CoraCiteseer/PieClam/experiments/../trainer_directed.py:460:::  

train_model_on_params on ieclam citeseer 
took 2.9746177196502686 seconds


/mnt/home/jcervino/Github/CoraCiteseer/PieClam/experiments/optimization_utils_directed.py:663:::  
Repetition no. 2


/mnt/home/jcervino/Github/CoraCiteseer/PieClam/experiments/../trainer_directed.py:158:::  

Using dataset specific configuration and not global 




/mnt/home/jcervino/Github/CoraCiteseer/PieClam/experiments/../trainer_directed.py:337:::  

In function train. 
2025-12-15 11:10:35 starting optimization of ieclam on citeseer (DIRECTED) on device cuda

 configs_dict: 
{
    "clamiter_init": {
        "dim_feat": 48,
        "s_reg": 0.0,
        "l1_reg": 1,
        "T": 1,
        "hidden_dim": 64,
        "num_coupling_blocks": 32,
        "num_layers_mlp": 2
    },
    "feat_opt": {
        "lr": 5e-07,
        "n_iter": 500,
        "early_stop": 0
    }
}


/mnt/home/jcervino/Github/CoraCiteseer/PieClam/experiments/../clamiter_directed.py:439:::  
staring fit_feats for 500 iterations


/mnt/home/jcervino/Github/CoraCiteseer/PieClam/experiments/../trainer_directed.py:444:::  



FINISHED train 
 last accuracies:
test
key='auc': 0.4929688182374007
val
key='auc': 0.5169461613952928




/mnt/home/jcervino/Github/CoraCiteseer/PieClam/experiments/../trainer_directed.py:460:::  

train_model_on_params on ieclam citeseer 
took 2.9707651138305664 seconds


/mnt/home/jcervino/Github/CoraCiteseer/PieClam/experiments/optimization_utils_directed.py:663:::  
Repetition no. 0


/mnt/home/jcervino/Github/CoraCiteseer/PieClam/experiments/../trainer_directed.py:158:::  

Using dataset specific configuration and not global 




/mnt/home/jcervino/Github/CoraCiteseer/PieClam/experiments/../trainer_directed.py:337:::  

In function train. 
2025-12-15 11:10:38 starting optimization of ieclam on citeseer (DIRECTED) on device cuda

 configs_dict: 
{
    "clamiter_init": {
        "dim_feat": 48,
        "s_reg": 0.0,
        "l1_reg": 1,
        "T": 1,
        "hidden_dim": 64,
        "num_coupling_blocks": 32,
        "num_layers_mlp": 2
    },
    "feat_opt": {
        "lr": 5e-06,
        "n_iter": 500,
        "early_stop": 0
    }
}


/mnt/home/jcervino/Github/CoraCiteseer/PieClam/experiments/../clamiter_directed.py:439:::  
staring fit_feats for 500 iterations


/mnt/home/jcervino/Github/CoraCiteseer/PieClam/experiments/../trainer_directed.py:444:::  



FINISHED train 
 last accuracies:
test
key='auc': 0.6558092409817451
val
key='auc': 0.6695842874606154




/mnt/home/jcervino/Github/CoraCiteseer/PieClam/experiments/../trainer_directed.py:460:::  

train_model_on_params on ieclam citeseer 
took 2.977320432662964 seconds


/mnt/home/jcervino/Github/CoraCiteseer/PieClam/experiments/optimization_utils_directed.py:663:::  
Repetition no. 1


/mnt/home/jcervino/Github/CoraCiteseer/PieClam/experiments/../trainer_directed.py:158:::  

Using dataset specific configuration and not global 




/mnt/home/jcervino/Github/CoraCiteseer/PieClam/experiments/../trainer_directed.py:337:::  

In function train. 
2025-12-15 11:10:41 starting optimization of ieclam on citeseer (DIRECTED) on device cuda

 configs_dict: 
{
    "clamiter_init": {
        "dim_feat": 48,
        "s_reg": 0.0,
        "l1_reg": 1,
        "T": 1,
        "hidden_dim": 64,
        "num_coupling_blocks": 32,
        "num_layers_mlp": 2
    },
    "feat_opt": {
        "lr": 5e-06,
        "n_iter": 500,
        "early_stop": 0
    }
}


/mnt/home/jcervino/Github/CoraCiteseer/PieClam/experiments/../clamiter_directed.py:439:::  
staring fit_feats for 500 iterations


/mnt/home/jcervino/Github/CoraCiteseer/PieClam/experiments/../trainer_directed.py:444:::  



FINISHED train 
 last accuracies:
test
key='auc': 0.6514962005415319
val
key='auc': 0.6343705342538869




/mnt/home/jcervino/Github/CoraCiteseer/PieClam/experiments/../trainer_directed.py:460:::  

train_model_on_params on ieclam citeseer 
took 2.9833171367645264 seconds


/mnt/home/jcervino/Github/CoraCiteseer/PieClam/experiments/optimization_utils_directed.py:663:::  
Repetition no. 2


/mnt/home/jcervino/Github/CoraCiteseer/PieClam/experiments/../trainer_directed.py:158:::  

Using dataset specific configuration and not global 




/mnt/home/jcervino/Github/CoraCiteseer/PieClam/experiments/../trainer_directed.py:337:::  

In function train. 
2025-12-15 11:10:44 starting optimization of ieclam on citeseer (DIRECTED) on device cuda

 configs_dict: 
{
    "clamiter_init": {
        "dim_feat": 48,
        "s_reg": 0.0,
        "l1_reg": 1,
        "T": 1,
        "hidden_dim": 64,
        "num_coupling_blocks": 32,
        "num_layers_mlp": 2
    },
    "feat_opt": {
        "lr": 5e-06,
        "n_iter": 500,
        "early_stop": 0
    }
}


/mnt/home/jcervino/Github/CoraCiteseer/PieClam/experiments/../clamiter_directed.py:439:::  
staring fit_feats for 500 iterations


/mnt/home/jcervino/Github/CoraCiteseer/PieClam/experiments/../trainer_directed.py:444:::  



FINISHED train 
 last accuracies:
test
key='auc': 0.6366355140186917
val
key='auc': 0.6679249668566312




/mnt/home/jcervino/Github/CoraCiteseer/PieClam/experiments/../trainer_directed.py:460:::  

train_model_on_params on ieclam citeseer 
took 2.9863064289093018 seconds


/mnt/home/jcervino/Github/CoraCiteseer/PieClam/experiments/optimization_utils_directed.py:663:::  
Repetition no. 0


/mnt/home/jcervino/Github/CoraCiteseer/PieClam/experiments/../trainer_directed.py:158:::  

Using dataset specific configuration and not global 




/mnt/home/jcervino/Github/CoraCiteseer/PieClam/experiments/../trainer_directed.py:337:::  

In function train. 
2025-12-15 11:10:47 starting optimization of ieclam on citeseer (DIRECTED) on device cuda

 configs_dict: 
{
    "clamiter_init": {
        "dim_feat": 48,
        "s_reg": 0.1,
        "l1_reg": 1,
        "T": 1,
        "hidden_dim": 64,
        "num_coupling_blocks": 32,
        "num_layers_mlp": 2
    },
    "feat_opt": {
        "lr": 5e-07,
        "n_iter": 3000,
        "early_stop": 0
    }
}


/mnt/home/jcervino/Github/CoraCiteseer/PieClam/experiments/../clamiter_directed.py:439:::  
staring fit_feats for 3000 iterations


/mnt/home/jcervino/Github/CoraCiteseer/PieClam/experiments/../trainer_directed.py:444:::  



FINISHED train 
 last accuracies:
test
key='auc': 0.5730055026639881
val
key='auc': 0.6172371343468603




/mnt/home/jcervino/Github/CoraCiteseer/PieClam/experiments/../trainer_directed.py:460:::  

train_model_on_params on ieclam citeseer 
took 17.73536992073059 seconds


/mnt/home/jcervino/Github/CoraCiteseer/PieClam/experiments/optimization_utils_directed.py:663:::  
Repetition no. 1


/mnt/home/jcervino/Github/CoraCiteseer/PieClam/experiments/../trainer_directed.py:158:::  

Using dataset specific configuration and not global 




/mnt/home/jcervino/Github/CoraCiteseer/PieClam/experiments/../trainer_directed.py:337:::  

In function train. 
2025-12-15 11:11:05 starting optimization of ieclam on citeseer (DIRECTED) on device cuda

 configs_dict: 
{
    "clamiter_init": {
        "dim_feat": 48,
        "s_reg": 0.1,
        "l1_reg": 1,
        "T": 1,
        "hidden_dim": 64,
        "num_coupling_blocks": 32,
        "num_layers_mlp": 2
    },
    "feat_opt": {
        "lr": 5e-07,
        "n_iter": 3000,
        "early_stop": 0
    }
}


/mnt/home/jcervino/Github/CoraCiteseer/PieClam/experiments/../clamiter_directed.py:439:::  
staring fit_feats for 3000 iterations


/mnt/home/jcervino/Github/CoraCiteseer/PieClam/experiments/../trainer_directed.py:444:::  



FINISHED train 
 last accuracies:
test
key='auc': 0.5586950825399598
val
key='auc': 0.5998411700900467




/mnt/home/jcervino/Github/CoraCiteseer/PieClam/experiments/../trainer_directed.py:460:::  

train_model_on_params on ieclam citeseer 
took 17.796642303466797 seconds


/mnt/home/jcervino/Github/CoraCiteseer/PieClam/experiments/optimization_utils_directed.py:663:::  
Repetition no. 2


/mnt/home/jcervino/Github/CoraCiteseer/PieClam/experiments/../trainer_directed.py:158:::  

Using dataset specific configuration and not global 




/mnt/home/jcervino/Github/CoraCiteseer/PieClam/experiments/../trainer_directed.py:337:::  

In function train. 
2025-12-15 11:11:23 starting optimization of ieclam on citeseer (DIRECTED) on device cuda

 configs_dict: 
{
    "clamiter_init": {
        "dim_feat": 48,
        "s_reg": 0.1,
        "l1_reg": 1,
        "T": 1,
        "hidden_dim": 64,
        "num_coupling_blocks": 32,
        "num_layers_mlp": 2
    },
    "feat_opt": {
        "lr": 5e-07,
        "n_iter": 3000,
        "early_stop": 0
    }
}


/mnt/home/jcervino/Github/CoraCiteseer/PieClam/experiments/../clamiter_directed.py:439:::  
staring fit_feats for 3000 iterations


/mnt/home/jcervino/Github/CoraCiteseer/PieClam/experiments/../trainer_directed.py:444:::  



FINISHED train 
 last accuracies:
test
key='auc': 0.5757987597170058
val
key='auc': 0.6074749057350942




/mnt/home/jcervino/Github/CoraCiteseer/PieClam/experiments/../trainer_directed.py:460:::  

train_model_on_params on ieclam citeseer 
took 17.727558851242065 seconds


/mnt/home/jcervino/Github/CoraCiteseer/PieClam/experiments/optimization_utils_directed.py:738:::  


Finished CrossVal!




/mnt/home/jcervino/Github/CoraCiteseer/PieClam/experiments/optimization_utils_directed.py:514:::  
On test set split_23-05_22-11-25 of citeseer,ieclam
 ======================


/mnt/home/jcervino/Github/CoraCiteseer/PieClam/experiments/../datasets/import_dataset.py:258:::  
end of import_dataset
citeseer 
has 4230 nodes 
and 5358 edges. 
Graph is directed
Graph has NO self loops


/mnt/home/jcervino/Github/CoraCiteseer/PieClam/experiments/optimization_utils_directed.py:638:::  
RunSaver defined to acc_configs path /mnt/home/jcervino/Github/CoraCiteseer/PieClam/experiments/results/directed/link_prediction/auc/citeseer/ieclam/split_23-05_22-11-25/valid/acc_configs11-11_15-12-25.json


/mnt/home/jcervino/Github/CoraCiteseer/PieClam/experiments/optimization_utils_directed.py:663:::  
Repetition no. 0


/mnt/home/jcervino/Github/CoraCiteseer/PieClam/experiments/../trainer_directed.py:158:::  

Using dataset specific configuration and not global 




/mnt/home/jcervino/Github/CoraCiteseer/PieClam/experiments/../trainer_directed.py:337:::  

In function train. 
2025-12-15 11:11:41 starting optimization of ieclam on citeseer (DIRECTED) on device cuda

 configs_dict: 
{
    "clamiter_init": {
        "dim_feat": 48,
        "s_reg": 0.1,
        "l1_reg": 1,
        "T": 1,
        "hidden_dim": 64,
        "num_coupling_blocks": 32,
        "num_layers_mlp": 2
    },
    "feat_opt": {
        "lr": 5e-06,
        "n_iter": 500,
        "early_stop": 0
    }
}


/mnt/home/jcervino/Github/CoraCiteseer/PieClam/experiments/../clamiter_directed.py:439:::  
staring fit_feats for 500 iterations


/mnt/home/jcervino/Github/CoraCiteseer/PieClam/experiments/../trainer_directed.py:444:::  



FINISHED train 
 last accuracies:
test
key='auc': 0.6365866014499083
val
key='auc': 0.6816557910504295




/mnt/home/jcervino/Github/CoraCiteseer/PieClam/experiments/../trainer_directed.py:460:::  

train_model_on_params on ieclam citeseer 
took 2.9688467979431152 seconds


/mnt/home/jcervino/Github/CoraCiteseer/PieClam/experiments/optimization_utils_directed.py:663:::  
Repetition no. 1


/mnt/home/jcervino/Github/CoraCiteseer/PieClam/experiments/../trainer_directed.py:158:::  

Using dataset specific configuration and not global 




/mnt/home/jcervino/Github/CoraCiteseer/PieClam/experiments/../trainer_directed.py:337:::  

In function train. 
2025-12-15 11:11:45 starting optimization of ieclam on citeseer (DIRECTED) on device cuda

 configs_dict: 
{
    "clamiter_init": {
        "dim_feat": 48,
        "s_reg": 0.1,
        "l1_reg": 1,
        "T": 1,
        "hidden_dim": 64,
        "num_coupling_blocks": 32,
        "num_layers_mlp": 2
    },
    "feat_opt": {
        "lr": 5e-06,
        "n_iter": 500,
        "early_stop": 0
    }
}


/mnt/home/jcervino/Github/CoraCiteseer/PieClam/experiments/../clamiter_directed.py:439:::  
staring fit_feats for 500 iterations


/mnt/home/jcervino/Github/CoraCiteseer/PieClam/experiments/../trainer_directed.py:444:::  



FINISHED train 
 last accuracies:
test
key='auc': 0.6672652633417765
val
key='auc': 0.6637433067612473




/mnt/home/jcervino/Github/CoraCiteseer/PieClam/experiments/../trainer_directed.py:460:::  

train_model_on_params on ieclam citeseer 
took 3.035517930984497 seconds


/mnt/home/jcervino/Github/CoraCiteseer/PieClam/experiments/optimization_utils_directed.py:663:::  
Repetition no. 2


/mnt/home/jcervino/Github/CoraCiteseer/PieClam/experiments/../trainer_directed.py:158:::  

Using dataset specific configuration and not global 




/mnt/home/jcervino/Github/CoraCiteseer/PieClam/experiments/../trainer_directed.py:337:::  

In function train. 
2025-12-15 11:11:48 starting optimization of ieclam on citeseer (DIRECTED) on device cuda

 configs_dict: 
{
    "clamiter_init": {
        "dim_feat": 48,
        "s_reg": 0.1,
        "l1_reg": 1,
        "T": 1,
        "hidden_dim": 64,
        "num_coupling_blocks": 32,
        "num_layers_mlp": 2
    },
    "feat_opt": {
        "lr": 5e-06,
        "n_iter": 500,
        "early_stop": 0
    }
}


/mnt/home/jcervino/Github/CoraCiteseer/PieClam/experiments/../clamiter_directed.py:439:::  
staring fit_feats for 500 iterations


/mnt/home/jcervino/Github/CoraCiteseer/PieClam/experiments/../trainer_directed.py:444:::  



FINISHED train 
 last accuracies:
test
key='auc': 0.6603511223687657
val
key='auc': 0.6489148774986657




/mnt/home/jcervino/Github/CoraCiteseer/PieClam/experiments/../trainer_directed.py:460:::  

train_model_on_params on ieclam citeseer 
took 2.9719111919403076 seconds


/mnt/home/jcervino/Github/CoraCiteseer/PieClam/experiments/optimization_utils_directed.py:663:::  
Repetition no. 0


/mnt/home/jcervino/Github/CoraCiteseer/PieClam/experiments/../trainer_directed.py:158:::  

Using dataset specific configuration and not global 




/mnt/home/jcervino/Github/CoraCiteseer/PieClam/experiments/../trainer_directed.py:337:::  

In function train. 
2025-12-15 11:11:51 starting optimization of ieclam on citeseer (DIRECTED) on device cuda

 configs_dict: 
{
    "clamiter_init": {
        "dim_feat": 48,
        "s_reg": 0.0,
        "l1_reg": 1,
        "T": 1,
        "hidden_dim": 64,
        "num_coupling_blocks": 32,
        "num_layers_mlp": 2
    },
    "feat_opt": {
        "lr": 5e-06,
        "n_iter": 3000,
        "early_stop": 0
    }
}


/mnt/home/jcervino/Github/CoraCiteseer/PieClam/experiments/../clamiter_directed.py:439:::  
staring fit_feats for 3000 iterations


/mnt/home/jcervino/Github/CoraCiteseer/PieClam/experiments/../trainer_directed.py:444:::  



FINISHED train 
 last accuracies:
test
key='auc': 0.616972661367805
val
key='auc': 0.6181431965703069




/mnt/home/jcervino/Github/CoraCiteseer/PieClam/experiments/../trainer_directed.py:460:::  

train_model_on_params on ieclam citeseer 
took 17.764700412750244 seconds


/mnt/home/jcervino/Github/CoraCiteseer/PieClam/experiments/optimization_utils_directed.py:663:::  
Repetition no. 1


/mnt/home/jcervino/Github/CoraCiteseer/PieClam/experiments/../trainer_directed.py:158:::  

Using dataset specific configuration and not global 




/mnt/home/jcervino/Github/CoraCiteseer/PieClam/experiments/../trainer_directed.py:337:::  

In function train. 
2025-12-15 11:12:09 starting optimization of ieclam on citeseer (DIRECTED) on device cuda

 configs_dict: 
{
    "clamiter_init": {
        "dim_feat": 48,
        "s_reg": 0.0,
        "l1_reg": 1,
        "T": 1,
        "hidden_dim": 64,
        "num_coupling_blocks": 32,
        "num_layers_mlp": 2
    },
    "feat_opt": {
        "lr": 5e-06,
        "n_iter": 3000,
        "early_stop": 0
    }
}


/mnt/home/jcervino/Github/CoraCiteseer/PieClam/experiments/../clamiter_directed.py:439:::  
staring fit_feats for 3000 iterations


/mnt/home/jcervino/Github/CoraCiteseer/PieClam/experiments/../trainer_directed.py:444:::  



FINISHED train 
 last accuracies:
test
key='auc': 0.6029207791073457
val
key='auc': 0.5967420498958351




/mnt/home/jcervino/Github/CoraCiteseer/PieClam/experiments/../trainer_directed.py:460:::  

train_model_on_params on ieclam citeseer 
took 30.079992532730103 seconds


/mnt/home/jcervino/Github/CoraCiteseer/PieClam/experiments/optimization_utils_directed.py:663:::  
Repetition no. 2


/mnt/home/jcervino/Github/CoraCiteseer/PieClam/experiments/../trainer_directed.py:158:::  

Using dataset specific configuration and not global 




/mnt/home/jcervino/Github/CoraCiteseer/PieClam/experiments/../trainer_directed.py:337:::  

In function train. 
2025-12-15 11:12:39 starting optimization of ieclam on citeseer (DIRECTED) on device cuda

 configs_dict: 
{
    "clamiter_init": {
        "dim_feat": 48,
        "s_reg": 0.0,
        "l1_reg": 1,
        "T": 1,
        "hidden_dim": 64,
        "num_coupling_blocks": 32,
        "num_layers_mlp": 2
    },
    "feat_opt": {
        "lr": 5e-06,
        "n_iter": 3000,
        "early_stop": 0
    }
}


/mnt/home/jcervino/Github/CoraCiteseer/PieClam/experiments/../clamiter_directed.py:439:::  
staring fit_feats for 3000 iterations


/mnt/home/jcervino/Github/CoraCiteseer/PieClam/experiments/../trainer_directed.py:444:::  



FINISHED train 
 last accuracies:
test
key='auc': 0.6010830640230588
val
key='auc': 0.6252044558461459




/mnt/home/jcervino/Github/CoraCiteseer/PieClam/experiments/../trainer_directed.py:460:::  

train_model_on_params on ieclam citeseer 
took 17.701707363128662 seconds


/mnt/home/jcervino/Github/CoraCiteseer/PieClam/experiments/optimization_utils_directed.py:663:::  
Repetition no. 0


/mnt/home/jcervino/Github/CoraCiteseer/PieClam/experiments/../trainer_directed.py:158:::  

Using dataset specific configuration and not global 




/mnt/home/jcervino/Github/CoraCiteseer/PieClam/experiments/../trainer_directed.py:337:::  

In function train. 
2025-12-15 11:12:57 starting optimization of ieclam on citeseer (DIRECTED) on device cuda

 configs_dict: 
{
    "clamiter_init": {
        "dim_feat": 48,
        "s_reg": 0.0,
        "l1_reg": 1,
        "T": 1,
        "hidden_dim": 64,
        "num_coupling_blocks": 32,
        "num_layers_mlp": 2
    },
    "feat_opt": {
        "lr": 5e-07,
        "n_iter": 1000,
        "early_stop": 0
    }
}


/mnt/home/jcervino/Github/CoraCiteseer/PieClam/experiments/../clamiter_directed.py:439:::  
staring fit_feats for 1000 iterations


/mnt/home/jcervino/Github/CoraCiteseer/PieClam/experiments/../trainer_directed.py:444:::  



FINISHED train 
 last accuracies:
test
key='auc': 0.5100305703554896
val
key='auc': 0.5033573802103958




/mnt/home/jcervino/Github/CoraCiteseer/PieClam/experiments/../trainer_directed.py:460:::  

train_model_on_params on ieclam citeseer 
took 5.930854558944702 seconds


/mnt/home/jcervino/Github/CoraCiteseer/PieClam/experiments/optimization_utils_directed.py:663:::  
Repetition no. 1


/mnt/home/jcervino/Github/CoraCiteseer/PieClam/experiments/../trainer_directed.py:158:::  

Using dataset specific configuration and not global 




/mnt/home/jcervino/Github/CoraCiteseer/PieClam/experiments/../trainer_directed.py:337:::  

In function train. 
2025-12-15 11:13:03 starting optimization of ieclam on citeseer (DIRECTED) on device cuda

 configs_dict: 
{
    "clamiter_init": {
        "dim_feat": 48,
        "s_reg": 0.0,
        "l1_reg": 1,
        "T": 1,
        "hidden_dim": 64,
        "num_coupling_blocks": 32,
        "num_layers_mlp": 2
    },
    "feat_opt": {
        "lr": 5e-07,
        "n_iter": 1000,
        "early_stop": 0
    }
}


/mnt/home/jcervino/Github/CoraCiteseer/PieClam/experiments/../clamiter_directed.py:439:::  
staring fit_feats for 1000 iterations


/mnt/home/jcervino/Github/CoraCiteseer/PieClam/experiments/../trainer_directed.py:444:::  



FINISHED train 
 last accuracies:
test
key='auc': 0.4986147261769587
val
key='auc': 0.49128802878738315




/mnt/home/jcervino/Github/CoraCiteseer/PieClam/experiments/../trainer_directed.py:460:::  

train_model_on_params on ieclam citeseer 
took 5.973724126815796 seconds


/mnt/home/jcervino/Github/CoraCiteseer/PieClam/experiments/optimization_utils_directed.py:663:::  
Repetition no. 2


/mnt/home/jcervino/Github/CoraCiteseer/PieClam/experiments/../trainer_directed.py:158:::  

Using dataset specific configuration and not global 




/mnt/home/jcervino/Github/CoraCiteseer/PieClam/experiments/../trainer_directed.py:337:::  

In function train. 
2025-12-15 11:13:09 starting optimization of ieclam on citeseer (DIRECTED) on device cuda

 configs_dict: 
{
    "clamiter_init": {
        "dim_feat": 48,
        "s_reg": 0.0,
        "l1_reg": 1,
        "T": 1,
        "hidden_dim": 64,
        "num_coupling_blocks": 32,
        "num_layers_mlp": 2
    },
    "feat_opt": {
        "lr": 5e-07,
        "n_iter": 1000,
        "early_stop": 0
    }
}


/mnt/home/jcervino/Github/CoraCiteseer/PieClam/experiments/../clamiter_directed.py:439:::  
staring fit_feats for 1000 iterations


/mnt/home/jcervino/Github/CoraCiteseer/PieClam/experiments/../trainer_directed.py:444:::  



FINISHED train 
 last accuracies:
test
key='auc': 0.4926753428247008
val
key='auc': 0.4846722680394622




/mnt/home/jcervino/Github/CoraCiteseer/PieClam/experiments/../trainer_directed.py:460:::  

train_model_on_params on ieclam citeseer 
took 5.926453351974487 seconds


/mnt/home/jcervino/Github/CoraCiteseer/PieClam/experiments/optimization_utils_directed.py:663:::  
Repetition no. 0


/mnt/home/jcervino/Github/CoraCiteseer/PieClam/experiments/../trainer_directed.py:158:::  

Using dataset specific configuration and not global 




/mnt/home/jcervino/Github/CoraCiteseer/PieClam/experiments/../trainer_directed.py:337:::  

In function train. 
2025-12-15 11:13:15 starting optimization of ieclam on citeseer (DIRECTED) on device cuda

 configs_dict: 
{
    "clamiter_init": {
        "dim_feat": 48,
        "s_reg": 0.1,
        "l1_reg": 1,
        "T": 1,
        "hidden_dim": 64,
        "num_coupling_blocks": 32,
        "num_layers_mlp": 2
    },
    "feat_opt": {
        "lr": 5e-07,
        "n_iter": 1000,
        "early_stop": 0
    }
}


/mnt/home/jcervino/Github/CoraCiteseer/PieClam/experiments/../clamiter_directed.py:439:::  
staring fit_feats for 1000 iterations


/mnt/home/jcervino/Github/CoraCiteseer/PieClam/experiments/../trainer_directed.py:444:::  



FINISHED train 
 last accuracies:
test
key='auc': 0.5124220455935016
val
key='auc': 0.5242204851844838




/mnt/home/jcervino/Github/CoraCiteseer/PieClam/experiments/../trainer_directed.py:460:::  

train_model_on_params on ieclam citeseer 
took 5.918964624404907 seconds


/mnt/home/jcervino/Github/CoraCiteseer/PieClam/experiments/optimization_utils_directed.py:663:::  
Repetition no. 1


/mnt/home/jcervino/Github/CoraCiteseer/PieClam/experiments/../trainer_directed.py:158:::  

Using dataset specific configuration and not global 




/mnt/home/jcervino/Github/CoraCiteseer/PieClam/experiments/../trainer_directed.py:337:::  

In function train. 
2025-12-15 11:13:21 starting optimization of ieclam on citeseer (DIRECTED) on device cuda

 configs_dict: 
{
    "clamiter_init": {
        "dim_feat": 48,
        "s_reg": 0.1,
        "l1_reg": 1,
        "T": 1,
        "hidden_dim": 64,
        "num_coupling_blocks": 32,
        "num_layers_mlp": 2
    },
    "feat_opt": {
        "lr": 5e-07,
        "n_iter": 1000,
        "early_stop": 0
    }
}


/mnt/home/jcervino/Github/CoraCiteseer/PieClam/experiments/../clamiter_directed.py:439:::  
staring fit_feats for 1000 iterations


/mnt/home/jcervino/Github/CoraCiteseer/PieClam/experiments/../trainer_directed.py:444:::  



FINISHED train 
 last accuracies:
test
key='auc': 0.4766704515678225
val
key='auc': 0.5263769563196226




/mnt/home/jcervino/Github/CoraCiteseer/PieClam/experiments/../trainer_directed.py:460:::  

train_model_on_params on ieclam citeseer 
took 5.935068845748901 seconds


/mnt/home/jcervino/Github/CoraCiteseer/PieClam/experiments/optimization_utils_directed.py:663:::  
Repetition no. 2


/mnt/home/jcervino/Github/CoraCiteseer/PieClam/experiments/../trainer_directed.py:158:::  

Using dataset specific configuration and not global 




/mnt/home/jcervino/Github/CoraCiteseer/PieClam/experiments/../trainer_directed.py:337:::  

In function train. 
2025-12-15 11:13:28 starting optimization of ieclam on citeseer (DIRECTED) on device cuda

 configs_dict: 
{
    "clamiter_init": {
        "dim_feat": 48,
        "s_reg": 0.1,
        "l1_reg": 1,
        "T": 1,
        "hidden_dim": 64,
        "num_coupling_blocks": 32,
        "num_layers_mlp": 2
    },
    "feat_opt": {
        "lr": 5e-07,
        "n_iter": 1000,
        "early_stop": 0
    }
}


/mnt/home/jcervino/Github/CoraCiteseer/PieClam/experiments/../clamiter_directed.py:439:::  
staring fit_feats for 1000 iterations


/mnt/home/jcervino/Github/CoraCiteseer/PieClam/experiments/../trainer_directed.py:444:::  



FINISHED train 
 last accuracies:
test
key='auc': 0.5177639968556206
val
key='auc': 0.5341591914739761




/mnt/home/jcervino/Github/CoraCiteseer/PieClam/experiments/../trainer_directed.py:460:::  

train_model_on_params on ieclam citeseer 
took 5.914011478424072 seconds


/mnt/home/jcervino/Github/CoraCiteseer/PieClam/experiments/optimization_utils_directed.py:663:::  
Repetition no. 0


/mnt/home/jcervino/Github/CoraCiteseer/PieClam/experiments/../trainer_directed.py:158:::  

Using dataset specific configuration and not global 




/mnt/home/jcervino/Github/CoraCiteseer/PieClam/experiments/../trainer_directed.py:337:::  

In function train. 
2025-12-15 11:13:34 starting optimization of ieclam on citeseer (DIRECTED) on device cuda

 configs_dict: 
{
    "clamiter_init": {
        "dim_feat": 48,
        "s_reg": 0.1,
        "l1_reg": 1,
        "T": 1,
        "hidden_dim": 64,
        "num_coupling_blocks": 32,
        "num_layers_mlp": 2
    },
    "feat_opt": {
        "lr": 5e-06,
        "n_iter": 1000,
        "early_stop": 0
    }
}


/mnt/home/jcervino/Github/CoraCiteseer/PieClam/experiments/../clamiter_directed.py:439:::  
staring fit_feats for 1000 iterations


/mnt/home/jcervino/Github/CoraCiteseer/PieClam/experiments/../trainer_directed.py:444:::  



FINISHED train 
 last accuracies:
test
key='auc': 0.6691221940780855
val
key='auc': 0.6769985020919062




/mnt/home/jcervino/Github/CoraCiteseer/PieClam/experiments/../trainer_directed.py:460:::  

train_model_on_params on ieclam citeseer 
took 5.913747310638428 seconds


/mnt/home/jcervino/Github/CoraCiteseer/PieClam/experiments/optimization_utils_directed.py:663:::  
Repetition no. 1


/mnt/home/jcervino/Github/CoraCiteseer/PieClam/experiments/../trainer_directed.py:158:::  

Using dataset specific configuration and not global 




/mnt/home/jcervino/Github/CoraCiteseer/PieClam/experiments/../trainer_directed.py:337:::  

In function train. 
2025-12-15 11:13:40 starting optimization of ieclam on citeseer (DIRECTED) on device cuda

 configs_dict: 
{
    "clamiter_init": {
        "dim_feat": 48,
        "s_reg": 0.1,
        "l1_reg": 1,
        "T": 1,
        "hidden_dim": 64,
        "num_coupling_blocks": 32,
        "num_layers_mlp": 2
    },
    "feat_opt": {
        "lr": 5e-06,
        "n_iter": 1000,
        "early_stop": 0
    }
}


/mnt/home/jcervino/Github/CoraCiteseer/PieClam/experiments/../clamiter_directed.py:439:::  
staring fit_feats for 1000 iterations


/mnt/home/jcervino/Github/CoraCiteseer/PieClam/experiments/../trainer_directed.py:444:::  



FINISHED train 
 last accuracies:
test
key='auc': 0.677007598916936
val
key='auc': 0.6893691568671337




/mnt/home/jcervino/Github/CoraCiteseer/PieClam/experiments/../trainer_directed.py:460:::  

train_model_on_params on ieclam citeseer 
took 5.92184591293335 seconds


/mnt/home/jcervino/Github/CoraCiteseer/PieClam/experiments/optimization_utils_directed.py:663:::  
Repetition no. 2


/mnt/home/jcervino/Github/CoraCiteseer/PieClam/experiments/../trainer_directed.py:158:::  

Using dataset specific configuration and not global 




/mnt/home/jcervino/Github/CoraCiteseer/PieClam/experiments/../trainer_directed.py:337:::  

In function train. 
2025-12-15 11:13:46 starting optimization of ieclam on citeseer (DIRECTED) on device cuda

 configs_dict: 
{
    "clamiter_init": {
        "dim_feat": 48,
        "s_reg": 0.1,
        "l1_reg": 1,
        "T": 1,
        "hidden_dim": 64,
        "num_coupling_blocks": 32,
        "num_layers_mlp": 2
    },
    "feat_opt": {
        "lr": 5e-06,
        "n_iter": 1000,
        "early_stop": 0
    }
}


/mnt/home/jcervino/Github/CoraCiteseer/PieClam/experiments/../clamiter_directed.py:439:::  
staring fit_feats for 1000 iterations


/mnt/home/jcervino/Github/CoraCiteseer/PieClam/experiments/../trainer_directed.py:444:::  



FINISHED train 
 last accuracies:
test
key='auc': 0.6465769936238973
val
key='auc': 0.6628781357070298




/mnt/home/jcervino/Github/CoraCiteseer/PieClam/experiments/../trainer_directed.py:460:::  

train_model_on_params on ieclam citeseer 
took 5.92159628868103 seconds


/mnt/home/jcervino/Github/CoraCiteseer/PieClam/experiments/optimization_utils_directed.py:663:::  
Repetition no. 0


/mnt/home/jcervino/Github/CoraCiteseer/PieClam/experiments/../trainer_directed.py:158:::  

Using dataset specific configuration and not global 




/mnt/home/jcervino/Github/CoraCiteseer/PieClam/experiments/../trainer_directed.py:337:::  

In function train. 
2025-12-15 11:13:52 starting optimization of ieclam on citeseer (DIRECTED) on device cuda

 configs_dict: 
{
    "clamiter_init": {
        "dim_feat": 48,
        "s_reg": 0.1,
        "l1_reg": 1,
        "T": 1,
        "hidden_dim": 64,
        "num_coupling_blocks": 32,
        "num_layers_mlp": 2
    },
    "feat_opt": {
        "lr": 5e-07,
        "n_iter": 500,
        "early_stop": 0
    }
}


/mnt/home/jcervino/Github/CoraCiteseer/PieClam/experiments/../clamiter_directed.py:439:::  
staring fit_feats for 500 iterations


/mnt/home/jcervino/Github/CoraCiteseer/PieClam/experiments/../trainer_directed.py:444:::  



FINISHED train 
 last accuracies:
test
key='auc': 0.4957463533933094
val
key='auc': 0.4918691138237978




/mnt/home/jcervino/Github/CoraCiteseer/PieClam/experiments/../trainer_directed.py:460:::  

train_model_on_params on ieclam citeseer 
took 2.9787588119506836 seconds


/mnt/home/jcervino/Github/CoraCiteseer/PieClam/experiments/optimization_utils_directed.py:663:::  
Repetition no. 1


/mnt/home/jcervino/Github/CoraCiteseer/PieClam/experiments/../trainer_directed.py:158:::  

Using dataset specific configuration and not global 




/mnt/home/jcervino/Github/CoraCiteseer/PieClam/experiments/../trainer_directed.py:337:::  

In function train. 
2025-12-15 11:13:55 starting optimization of ieclam on citeseer (DIRECTED) on device cuda

 configs_dict: 
{
    "clamiter_init": {
        "dim_feat": 48,
        "s_reg": 0.1,
        "l1_reg": 1,
        "T": 1,
        "hidden_dim": 64,
        "num_coupling_blocks": 32,
        "num_layers_mlp": 2
    },
    "feat_opt": {
        "lr": 5e-07,
        "n_iter": 500,
        "early_stop": 0
    }
}


/mnt/home/jcervino/Github/CoraCiteseer/PieClam/experiments/../clamiter_directed.py:439:::  
staring fit_feats for 500 iterations


/mnt/home/jcervino/Github/CoraCiteseer/PieClam/experiments/../trainer_directed.py:444:::  



FINISHED train 
 last accuracies:
test
key='auc': 0.4944327015459866
val
key='auc': 0.49137841979304764




/mnt/home/jcervino/Github/CoraCiteseer/PieClam/experiments/../trainer_directed.py:460:::  

train_model_on_params on ieclam citeseer 
took 2.973742723464966 seconds


/mnt/home/jcervino/Github/CoraCiteseer/PieClam/experiments/optimization_utils_directed.py:663:::  
Repetition no. 2


/mnt/home/jcervino/Github/CoraCiteseer/PieClam/experiments/../trainer_directed.py:158:::  

Using dataset specific configuration and not global 




/mnt/home/jcervino/Github/CoraCiteseer/PieClam/experiments/../trainer_directed.py:337:::  

In function train. 
2025-12-15 11:13:58 starting optimization of ieclam on citeseer (DIRECTED) on device cuda

 configs_dict: 
{
    "clamiter_init": {
        "dim_feat": 48,
        "s_reg": 0.1,
        "l1_reg": 1,
        "T": 1,
        "hidden_dim": 64,
        "num_coupling_blocks": 32,
        "num_layers_mlp": 2
    },
    "feat_opt": {
        "lr": 5e-07,
        "n_iter": 500,
        "early_stop": 0
    }
}


/mnt/home/jcervino/Github/CoraCiteseer/PieClam/experiments/../clamiter_directed.py:439:::  
staring fit_feats for 500 iterations


/mnt/home/jcervino/Github/CoraCiteseer/PieClam/experiments/../trainer_directed.py:444:::  



FINISHED train 
 last accuracies:
test
key='auc': 0.5204227443444843
val
key='auc': 0.49724953082763723




/mnt/home/jcervino/Github/CoraCiteseer/PieClam/experiments/../trainer_directed.py:460:::  

train_model_on_params on ieclam citeseer 
took 2.9712979793548584 seconds


/mnt/home/jcervino/Github/CoraCiteseer/PieClam/experiments/optimization_utils_directed.py:663:::  
Repetition no. 0


/mnt/home/jcervino/Github/CoraCiteseer/PieClam/experiments/../trainer_directed.py:158:::  

Using dataset specific configuration and not global 




/mnt/home/jcervino/Github/CoraCiteseer/PieClam/experiments/../trainer_directed.py:337:::  

In function train. 
2025-12-15 11:14:01 starting optimization of ieclam on citeseer (DIRECTED) on device cuda

 configs_dict: 
{
    "clamiter_init": {
        "dim_feat": 48,
        "s_reg": 0.1,
        "l1_reg": 1,
        "T": 1,
        "hidden_dim": 64,
        "num_coupling_blocks": 32,
        "num_layers_mlp": 2
    },
    "feat_opt": {
        "lr": 5e-06,
        "n_iter": 3000,
        "early_stop": 0
    }
}


/mnt/home/jcervino/Github/CoraCiteseer/PieClam/experiments/../clamiter_directed.py:439:::  
staring fit_feats for 3000 iterations


/mnt/home/jcervino/Github/CoraCiteseer/PieClam/experiments/../trainer_directed.py:444:::  



FINISHED train 
 last accuracies:
test
key='auc': 0.6034064110402655
val
key='auc': 0.5988038256917064




/mnt/home/jcervino/Github/CoraCiteseer/PieClam/experiments/../trainer_directed.py:460:::  

train_model_on_params on ieclam citeseer 
took 17.75453281402588 seconds


/mnt/home/jcervino/Github/CoraCiteseer/PieClam/experiments/optimization_utils_directed.py:663:::  
Repetition no. 1


/mnt/home/jcervino/Github/CoraCiteseer/PieClam/experiments/../trainer_directed.py:158:::  

Using dataset specific configuration and not global 




/mnt/home/jcervino/Github/CoraCiteseer/PieClam/experiments/../trainer_directed.py:337:::  

In function train. 
2025-12-15 11:14:19 starting optimization of ieclam on citeseer (DIRECTED) on device cuda

 configs_dict: 
{
    "clamiter_init": {
        "dim_feat": 48,
        "s_reg": 0.1,
        "l1_reg": 1,
        "T": 1,
        "hidden_dim": 64,
        "num_coupling_blocks": 32,
        "num_layers_mlp": 2
    },
    "feat_opt": {
        "lr": 5e-06,
        "n_iter": 3000,
        "early_stop": 0
    }
}


/mnt/home/jcervino/Github/CoraCiteseer/PieClam/experiments/../clamiter_directed.py:439:::  
staring fit_feats for 3000 iterations


/mnt/home/jcervino/Github/CoraCiteseer/PieClam/experiments/../trainer_directed.py:444:::  



FINISHED train 
 last accuracies:
test
key='auc': 0.6321617608524762
val
key='auc': 0.6416039668738485




/mnt/home/jcervino/Github/CoraCiteseer/PieClam/experiments/../trainer_directed.py:460:::  

train_model_on_params on ieclam citeseer 
took 17.73010754585266 seconds


/mnt/home/jcervino/Github/CoraCiteseer/PieClam/experiments/optimization_utils_directed.py:663:::  
Repetition no. 2


/mnt/home/jcervino/Github/CoraCiteseer/PieClam/experiments/../trainer_directed.py:158:::  

Using dataset specific configuration and not global 




/mnt/home/jcervino/Github/CoraCiteseer/PieClam/experiments/../trainer_directed.py:337:::  

In function train. 
2025-12-15 11:14:37 starting optimization of ieclam on citeseer (DIRECTED) on device cuda

 configs_dict: 
{
    "clamiter_init": {
        "dim_feat": 48,
        "s_reg": 0.1,
        "l1_reg": 1,
        "T": 1,
        "hidden_dim": 64,
        "num_coupling_blocks": 32,
        "num_layers_mlp": 2
    },
    "feat_opt": {
        "lr": 5e-06,
        "n_iter": 3000,
        "early_stop": 0
    }
}


/mnt/home/jcervino/Github/CoraCiteseer/PieClam/experiments/../clamiter_directed.py:439:::  
staring fit_feats for 3000 iterations


/mnt/home/jcervino/Github/CoraCiteseer/PieClam/experiments/../trainer_directed.py:444:::  



FINISHED train 
 last accuracies:
test
key='auc': 0.6229225259848021
val
key='auc': 0.6310906320483464




/mnt/home/jcervino/Github/CoraCiteseer/PieClam/experiments/../trainer_directed.py:460:::  

train_model_on_params on ieclam citeseer 
took 17.71022367477417 seconds


/mnt/home/jcervino/Github/CoraCiteseer/PieClam/experiments/optimization_utils_directed.py:663:::  
Repetition no. 0


/mnt/home/jcervino/Github/CoraCiteseer/PieClam/experiments/../trainer_directed.py:158:::  

Using dataset specific configuration and not global 




/mnt/home/jcervino/Github/CoraCiteseer/PieClam/experiments/../trainer_directed.py:337:::  

In function train. 
2025-12-15 11:14:55 starting optimization of ieclam on citeseer (DIRECTED) on device cuda

 configs_dict: 
{
    "clamiter_init": {
        "dim_feat": 48,
        "s_reg": 0.0,
        "l1_reg": 1,
        "T": 1,
        "hidden_dim": 64,
        "num_coupling_blocks": 32,
        "num_layers_mlp": 2
    },
    "feat_opt": {
        "lr": 5e-06,
        "n_iter": 1000,
        "early_stop": 0
    }
}


/mnt/home/jcervino/Github/CoraCiteseer/PieClam/experiments/../clamiter_directed.py:439:::  
staring fit_feats for 1000 iterations


/mnt/home/jcervino/Github/CoraCiteseer/PieClam/experiments/../trainer_directed.py:444:::  



FINISHED train 
 last accuracies:
test
key='auc': 0.6659970303083239
val
key='auc': 0.6780788898262771




/mnt/home/jcervino/Github/CoraCiteseer/PieClam/experiments/../trainer_directed.py:460:::  

train_model_on_params on ieclam citeseer 
took 5.914506912231445 seconds


/mnt/home/jcervino/Github/CoraCiteseer/PieClam/experiments/optimization_utils_directed.py:663:::  
Repetition no. 1


/mnt/home/jcervino/Github/CoraCiteseer/PieClam/experiments/../trainer_directed.py:158:::  

Using dataset specific configuration and not global 




/mnt/home/jcervino/Github/CoraCiteseer/PieClam/experiments/../trainer_directed.py:337:::  

In function train. 
2025-12-15 11:15:01 starting optimization of ieclam on citeseer (DIRECTED) on device cuda

 configs_dict: 
{
    "clamiter_init": {
        "dim_feat": 48,
        "s_reg": 0.0,
        "l1_reg": 1,
        "T": 1,
        "hidden_dim": 64,
        "num_coupling_blocks": 32,
        "num_layers_mlp": 2
    },
    "feat_opt": {
        "lr": 5e-06,
        "n_iter": 1000,
        "early_stop": 0
    }
}


/mnt/home/jcervino/Github/CoraCiteseer/PieClam/experiments/../clamiter_directed.py:439:::  
staring fit_feats for 1000 iterations


/mnt/home/jcervino/Github/CoraCiteseer/PieClam/experiments/../trainer_directed.py:444:::  



FINISHED train 
 last accuracies:
test
key='auc': 0.6717460040178181
val
key='auc': 0.6976442382190389




/mnt/home/jcervino/Github/CoraCiteseer/PieClam/experiments/../trainer_directed.py:460:::  

train_model_on_params on ieclam citeseer 
took 5.954891204833984 seconds


/mnt/home/jcervino/Github/CoraCiteseer/PieClam/experiments/optimization_utils_directed.py:663:::  
Repetition no. 2


/mnt/home/jcervino/Github/CoraCiteseer/PieClam/experiments/../trainer_directed.py:158:::  

Using dataset specific configuration and not global 




/mnt/home/jcervino/Github/CoraCiteseer/PieClam/experiments/../trainer_directed.py:337:::  

In function train. 
2025-12-15 11:15:07 starting optimization of ieclam on citeseer (DIRECTED) on device cuda

 configs_dict: 
{
    "clamiter_init": {
        "dim_feat": 48,
        "s_reg": 0.0,
        "l1_reg": 1,
        "T": 1,
        "hidden_dim": 64,
        "num_coupling_blocks": 32,
        "num_layers_mlp": 2
    },
    "feat_opt": {
        "lr": 5e-06,
        "n_iter": 1000,
        "early_stop": 0
    }
}


/mnt/home/jcervino/Github/CoraCiteseer/PieClam/experiments/../clamiter_directed.py:439:::  
staring fit_feats for 1000 iterations


/mnt/home/jcervino/Github/CoraCiteseer/PieClam/experiments/../trainer_directed.py:444:::  



FINISHED train 
 last accuracies:
test
key='auc': 0.6774303432614202
val
key='auc': 0.6619892908179955




/mnt/home/jcervino/Github/CoraCiteseer/PieClam/experiments/../trainer_directed.py:460:::  

train_model_on_params on ieclam citeseer 
took 5.92885160446167 seconds


/mnt/home/jcervino/Github/CoraCiteseer/PieClam/experiments/optimization_utils_directed.py:663:::  
Repetition no. 0


/mnt/home/jcervino/Github/CoraCiteseer/PieClam/experiments/../trainer_directed.py:158:::  

Using dataset specific configuration and not global 




/mnt/home/jcervino/Github/CoraCiteseer/PieClam/experiments/../trainer_directed.py:337:::  

In function train. 
2025-12-15 11:15:13 starting optimization of ieclam on citeseer (DIRECTED) on device cuda

 configs_dict: 
{
    "clamiter_init": {
        "dim_feat": 48,
        "s_reg": 0.0,
        "l1_reg": 1,
        "T": 1,
        "hidden_dim": 64,
        "num_coupling_blocks": 32,
        "num_layers_mlp": 2
    },
    "feat_opt": {
        "lr": 5e-07,
        "n_iter": 3000,
        "early_stop": 0
    }
}


/mnt/home/jcervino/Github/CoraCiteseer/PieClam/experiments/../clamiter_directed.py:439:::  
staring fit_feats for 3000 iterations


/mnt/home/jcervino/Github/CoraCiteseer/PieClam/experiments/../trainer_directed.py:444:::  



FINISHED train 
 last accuracies:
test
key='auc': 0.5820508341339855
val
key='auc': 0.6270251889602452




/mnt/home/jcervino/Github/CoraCiteseer/PieClam/experiments/../trainer_directed.py:460:::  

train_model_on_params on ieclam citeseer 
took 17.73261547088623 seconds


/mnt/home/jcervino/Github/CoraCiteseer/PieClam/experiments/optimization_utils_directed.py:663:::  
Repetition no. 1


/mnt/home/jcervino/Github/CoraCiteseer/PieClam/experiments/../trainer_directed.py:158:::  

Using dataset specific configuration and not global 




/mnt/home/jcervino/Github/CoraCiteseer/PieClam/experiments/../trainer_directed.py:337:::  

In function train. 
2025-12-15 11:15:31 starting optimization of ieclam on citeseer (DIRECTED) on device cuda

 configs_dict: 
{
    "clamiter_init": {
        "dim_feat": 48,
        "s_reg": 0.0,
        "l1_reg": 1,
        "T": 1,
        "hidden_dim": 64,
        "num_coupling_blocks": 32,
        "num_layers_mlp": 2
    },
    "feat_opt": {
        "lr": 5e-07,
        "n_iter": 3000,
        "early_stop": 0
    }
}


/mnt/home/jcervino/Github/CoraCiteseer/PieClam/experiments/../clamiter_directed.py:439:::  
staring fit_feats for 3000 iterations


/mnt/home/jcervino/Github/CoraCiteseer/PieClam/experiments/../trainer_directed.py:444:::  



FINISHED train 
 last accuracies:
test
key='auc': 0.5504934928814743
val
key='auc': 0.5491727070814897




/mnt/home/jcervino/Github/CoraCiteseer/PieClam/experiments/../trainer_directed.py:460:::  

train_model_on_params on ieclam citeseer 
took 17.699937105178833 seconds


/mnt/home/jcervino/Github/CoraCiteseer/PieClam/experiments/optimization_utils_directed.py:663:::  
Repetition no. 2


/mnt/home/jcervino/Github/CoraCiteseer/PieClam/experiments/../trainer_directed.py:158:::  

Using dataset specific configuration and not global 




/mnt/home/jcervino/Github/CoraCiteseer/PieClam/experiments/../trainer_directed.py:337:::  

In function train. 
2025-12-15 11:15:49 starting optimization of ieclam on citeseer (DIRECTED) on device cuda

 configs_dict: 
{
    "clamiter_init": {
        "dim_feat": 48,
        "s_reg": 0.0,
        "l1_reg": 1,
        "T": 1,
        "hidden_dim": 64,
        "num_coupling_blocks": 32,
        "num_layers_mlp": 2
    },
    "feat_opt": {
        "lr": 5e-07,
        "n_iter": 3000,
        "early_stop": 0
    }
}


/mnt/home/jcervino/Github/CoraCiteseer/PieClam/experiments/../clamiter_directed.py:439:::  
staring fit_feats for 3000 iterations


/mnt/home/jcervino/Github/CoraCiteseer/PieClam/experiments/../trainer_directed.py:444:::  



FINISHED train 
 last accuracies:
test
key='auc': 0.5861734649314351
val
key='auc': 0.562152425061552




/mnt/home/jcervino/Github/CoraCiteseer/PieClam/experiments/../trainer_directed.py:460:::  

train_model_on_params on ieclam citeseer 
took 17.855549335479736 seconds


/mnt/home/jcervino/Github/CoraCiteseer/PieClam/experiments/optimization_utils_directed.py:663:::  
Repetition no. 0


/mnt/home/jcervino/Github/CoraCiteseer/PieClam/experiments/../trainer_directed.py:158:::  

Using dataset specific configuration and not global 




/mnt/home/jcervino/Github/CoraCiteseer/PieClam/experiments/../trainer_directed.py:337:::  

In function train. 
2025-12-15 11:16:07 starting optimization of ieclam on citeseer (DIRECTED) on device cuda

 configs_dict: 
{
    "clamiter_init": {
        "dim_feat": 48,
        "s_reg": 0.0,
        "l1_reg": 1,
        "T": 1,
        "hidden_dim": 64,
        "num_coupling_blocks": 32,
        "num_layers_mlp": 2
    },
    "feat_opt": {
        "lr": 5e-07,
        "n_iter": 500,
        "early_stop": 0
    }
}


/mnt/home/jcervino/Github/CoraCiteseer/PieClam/experiments/../clamiter_directed.py:439:::  
staring fit_feats for 500 iterations


/mnt/home/jcervino/Github/CoraCiteseer/PieClam/experiments/../trainer_directed.py:444:::  



FINISHED train 
 last accuracies:
test
key='auc': 0.49718927417241676
val
key='auc': 0.5200711075911227




/mnt/home/jcervino/Github/CoraCiteseer/PieClam/experiments/../trainer_directed.py:460:::  

train_model_on_params on ieclam citeseer 
took 2.9746012687683105 seconds


/mnt/home/jcervino/Github/CoraCiteseer/PieClam/experiments/optimization_utils_directed.py:663:::  
Repetition no. 1


/mnt/home/jcervino/Github/CoraCiteseer/PieClam/experiments/../trainer_directed.py:158:::  

Using dataset specific configuration and not global 




/mnt/home/jcervino/Github/CoraCiteseer/PieClam/experiments/../trainer_directed.py:337:::  

In function train. 
2025-12-15 11:16:10 starting optimization of ieclam on citeseer (DIRECTED) on device cuda

 configs_dict: 
{
    "clamiter_init": {
        "dim_feat": 48,
        "s_reg": 0.0,
        "l1_reg": 1,
        "T": 1,
        "hidden_dim": 64,
        "num_coupling_blocks": 32,
        "num_layers_mlp": 2
    },
    "feat_opt": {
        "lr": 5e-07,
        "n_iter": 500,
        "early_stop": 0
    }
}


/mnt/home/jcervino/Github/CoraCiteseer/PieClam/experiments/../clamiter_directed.py:439:::  
staring fit_feats for 500 iterations


/mnt/home/jcervino/Github/CoraCiteseer/PieClam/experiments/../trainer_directed.py:444:::  



FINISHED train 
 last accuracies:
test
key='auc': 0.528353567997205
val
key='auc': 0.500305607685818




/mnt/home/jcervino/Github/CoraCiteseer/PieClam/experiments/../trainer_directed.py:460:::  

train_model_on_params on ieclam citeseer 
took 2.969770908355713 seconds


/mnt/home/jcervino/Github/CoraCiteseer/PieClam/experiments/optimization_utils_directed.py:663:::  
Repetition no. 2


/mnt/home/jcervino/Github/CoraCiteseer/PieClam/experiments/../trainer_directed.py:158:::  

Using dataset specific configuration and not global 




/mnt/home/jcervino/Github/CoraCiteseer/PieClam/experiments/../trainer_directed.py:337:::  

In function train. 
2025-12-15 11:16:14 starting optimization of ieclam on citeseer (DIRECTED) on device cuda

 configs_dict: 
{
    "clamiter_init": {
        "dim_feat": 48,
        "s_reg": 0.0,
        "l1_reg": 1,
        "T": 1,
        "hidden_dim": 64,
        "num_coupling_blocks": 32,
        "num_layers_mlp": 2
    },
    "feat_opt": {
        "lr": 5e-07,
        "n_iter": 500,
        "early_stop": 0
    }
}


/mnt/home/jcervino/Github/CoraCiteseer/PieClam/experiments/../clamiter_directed.py:439:::  
staring fit_feats for 500 iterations


/mnt/home/jcervino/Github/CoraCiteseer/PieClam/experiments/../trainer_directed.py:444:::  



FINISHED train 
 last accuracies:
test
key='auc': 0.5433767141235042
val
key='auc': 0.535239579208347




/mnt/home/jcervino/Github/CoraCiteseer/PieClam/experiments/../trainer_directed.py:460:::  

train_model_on_params on ieclam citeseer 
took 3.0807533264160156 seconds


/mnt/home/jcervino/Github/CoraCiteseer/PieClam/experiments/optimization_utils_directed.py:663:::  
Repetition no. 0


/mnt/home/jcervino/Github/CoraCiteseer/PieClam/experiments/../trainer_directed.py:158:::  

Using dataset specific configuration and not global 




/mnt/home/jcervino/Github/CoraCiteseer/PieClam/experiments/../trainer_directed.py:337:::  

In function train. 
2025-12-15 11:16:17 starting optimization of ieclam on citeseer (DIRECTED) on device cuda

 configs_dict: 
{
    "clamiter_init": {
        "dim_feat": 48,
        "s_reg": 0.0,
        "l1_reg": 1,
        "T": 1,
        "hidden_dim": 64,
        "num_coupling_blocks": 32,
        "num_layers_mlp": 2
    },
    "feat_opt": {
        "lr": 5e-06,
        "n_iter": 500,
        "early_stop": 0
    }
}


/mnt/home/jcervino/Github/CoraCiteseer/PieClam/experiments/../clamiter_directed.py:439:::  
staring fit_feats for 500 iterations


/mnt/home/jcervino/Github/CoraCiteseer/PieClam/experiments/../trainer_directed.py:444:::  



FINISHED train 
 last accuracies:
test
key='auc': 0.6860092584505197
val
key='auc': 0.6723648869681996




/mnt/home/jcervino/Github/CoraCiteseer/PieClam/experiments/../trainer_directed.py:460:::  

train_model_on_params on ieclam citeseer 
took 2.9742751121520996 seconds


/mnt/home/jcervino/Github/CoraCiteseer/PieClam/experiments/optimization_utils_directed.py:663:::  
Repetition no. 1


/mnt/home/jcervino/Github/CoraCiteseer/PieClam/experiments/../trainer_directed.py:158:::  

Using dataset specific configuration and not global 




/mnt/home/jcervino/Github/CoraCiteseer/PieClam/experiments/../trainer_directed.py:337:::  

In function train. 
2025-12-15 11:16:20 starting optimization of ieclam on citeseer (DIRECTED) on device cuda

 configs_dict: 
{
    "clamiter_init": {
        "dim_feat": 48,
        "s_reg": 0.0,
        "l1_reg": 1,
        "T": 1,
        "hidden_dim": 64,
        "num_coupling_blocks": 32,
        "num_layers_mlp": 2
    },
    "feat_opt": {
        "lr": 5e-06,
        "n_iter": 500,
        "early_stop": 0
    }
}


/mnt/home/jcervino/Github/CoraCiteseer/PieClam/experiments/../clamiter_directed.py:439:::  
staring fit_feats for 500 iterations


/mnt/home/jcervino/Github/CoraCiteseer/PieClam/experiments/../trainer_directed.py:444:::  



FINISHED train 
 last accuracies:
test
key='auc': 0.6443706873962791
val
key='auc': 0.6644664348065632




/mnt/home/jcervino/Github/CoraCiteseer/PieClam/experiments/../trainer_directed.py:460:::  

train_model_on_params on ieclam citeseer 
took 2.973499059677124 seconds


/mnt/home/jcervino/Github/CoraCiteseer/PieClam/experiments/optimization_utils_directed.py:663:::  
Repetition no. 2


/mnt/home/jcervino/Github/CoraCiteseer/PieClam/experiments/../trainer_directed.py:158:::  

Using dataset specific configuration and not global 




/mnt/home/jcervino/Github/CoraCiteseer/PieClam/experiments/../trainer_directed.py:337:::  

In function train. 
2025-12-15 11:16:23 starting optimization of ieclam on citeseer (DIRECTED) on device cuda

 configs_dict: 
{
    "clamiter_init": {
        "dim_feat": 48,
        "s_reg": 0.0,
        "l1_reg": 1,
        "T": 1,
        "hidden_dim": 64,
        "num_coupling_blocks": 32,
        "num_layers_mlp": 2
    },
    "feat_opt": {
        "lr": 5e-06,
        "n_iter": 500,
        "early_stop": 0
    }
}


/mnt/home/jcervino/Github/CoraCiteseer/PieClam/experiments/../clamiter_directed.py:439:::  
staring fit_feats for 500 iterations


/mnt/home/jcervino/Github/CoraCiteseer/PieClam/experiments/../trainer_directed.py:444:::  



FINISHED train 
 last accuracies:
test
key='auc': 0.6376993623897284
val
key='auc': 0.6162449854513525




/mnt/home/jcervino/Github/CoraCiteseer/PieClam/experiments/../trainer_directed.py:460:::  

train_model_on_params on ieclam citeseer 
took 2.975003957748413 seconds


/mnt/home/jcervino/Github/CoraCiteseer/PieClam/experiments/optimization_utils_directed.py:663:::  
Repetition no. 0


/mnt/home/jcervino/Github/CoraCiteseer/PieClam/experiments/../trainer_directed.py:158:::  

Using dataset specific configuration and not global 




/mnt/home/jcervino/Github/CoraCiteseer/PieClam/experiments/../trainer_directed.py:337:::  

In function train. 
2025-12-15 11:16:26 starting optimization of ieclam on citeseer (DIRECTED) on device cuda

 configs_dict: 
{
    "clamiter_init": {
        "dim_feat": 48,
        "s_reg": 0.1,
        "l1_reg": 1,
        "T": 1,
        "hidden_dim": 64,
        "num_coupling_blocks": 32,
        "num_layers_mlp": 2
    },
    "feat_opt": {
        "lr": 5e-07,
        "n_iter": 3000,
        "early_stop": 0
    }
}


/mnt/home/jcervino/Github/CoraCiteseer/PieClam/experiments/../clamiter_directed.py:439:::  
staring fit_feats for 3000 iterations


/mnt/home/jcervino/Github/CoraCiteseer/PieClam/experiments/../trainer_directed.py:444:::  



FINISHED train 
 last accuracies:
test
key='auc': 0.588129967682767
val
key='auc': 0.5760403574318623




/mnt/home/jcervino/Github/CoraCiteseer/PieClam/experiments/../trainer_directed.py:460:::  

train_model_on_params on ieclam citeseer 
took 17.692429780960083 seconds


/mnt/home/jcervino/Github/CoraCiteseer/PieClam/experiments/optimization_utils_directed.py:663:::  
Repetition no. 1


/mnt/home/jcervino/Github/CoraCiteseer/PieClam/experiments/../trainer_directed.py:158:::  

Using dataset specific configuration and not global 




/mnt/home/jcervino/Github/CoraCiteseer/PieClam/experiments/../trainer_directed.py:337:::  

In function train. 
2025-12-15 11:16:44 starting optimization of ieclam on citeseer (DIRECTED) on device cuda

 configs_dict: 
{
    "clamiter_init": {
        "dim_feat": 48,
        "s_reg": 0.1,
        "l1_reg": 1,
        "T": 1,
        "hidden_dim": 64,
        "num_coupling_blocks": 32,
        "num_layers_mlp": 2
    },
    "feat_opt": {
        "lr": 5e-07,
        "n_iter": 3000,
        "early_stop": 0
    }
}


/mnt/home/jcervino/Github/CoraCiteseer/PieClam/experiments/../clamiter_directed.py:439:::  
staring fit_feats for 3000 iterations


/mnt/home/jcervino/Github/CoraCiteseer/PieClam/experiments/../trainer_directed.py:444:::  



FINISHED train 
 last accuracies:
test
key='auc': 0.5610184295571665
val
key='auc': 0.5973747869354866




/mnt/home/jcervino/Github/CoraCiteseer/PieClam/experiments/../trainer_directed.py:460:::  

train_model_on_params on ieclam citeseer 
took 17.655261278152466 seconds


/mnt/home/jcervino/Github/CoraCiteseer/PieClam/experiments/optimization_utils_directed.py:663:::  
Repetition no. 2


/mnt/home/jcervino/Github/CoraCiteseer/PieClam/experiments/../trainer_directed.py:158:::  

Using dataset specific configuration and not global 




/mnt/home/jcervino/Github/CoraCiteseer/PieClam/experiments/../trainer_directed.py:337:::  

In function train. 
2025-12-15 11:17:02 starting optimization of ieclam on citeseer (DIRECTED) on device cuda

 configs_dict: 
{
    "clamiter_init": {
        "dim_feat": 48,
        "s_reg": 0.1,
        "l1_reg": 1,
        "T": 1,
        "hidden_dim": 64,
        "num_coupling_blocks": 32,
        "num_layers_mlp": 2
    },
    "feat_opt": {
        "lr": 5e-07,
        "n_iter": 3000,
        "early_stop": 0
    }
}


/mnt/home/jcervino/Github/CoraCiteseer/PieClam/experiments/../clamiter_directed.py:439:::  
staring fit_feats for 3000 iterations


/mnt/home/jcervino/Github/CoraCiteseer/PieClam/experiments/../trainer_directed.py:444:::  



FINISHED train 
 last accuracies:
test
key='auc': 0.5736570879552799
val
key='auc': 0.5734556051032179




/mnt/home/jcervino/Github/CoraCiteseer/PieClam/experiments/../trainer_directed.py:460:::  

train_model_on_params on ieclam citeseer 
took 17.733707427978516 seconds


/mnt/home/jcervino/Github/CoraCiteseer/PieClam/experiments/optimization_utils_directed.py:738:::  


Finished CrossVal!




/mnt/home/jcervino/Github/CoraCiteseer/PieClam/experiments/optimization_utils_directed.py:514:::  
On test set split_23-12_22-11-25 of citeseer,ieclam
 ======================


/mnt/home/jcervino/Github/CoraCiteseer/PieClam/experiments/../datasets/import_dataset.py:258:::  
end of import_dataset
citeseer 
has 4230 nodes 
and 5358 edges. 
Graph is directed
Graph has NO self loops


/mnt/home/jcervino/Github/CoraCiteseer/PieClam/experiments/optimization_utils_directed.py:638:::  
RunSaver defined to acc_configs path /mnt/home/jcervino/Github/CoraCiteseer/PieClam/experiments/results/directed/link_prediction/auc/citeseer/ieclam/split_23-12_22-11-25/valid/acc_configs11-17_15-12-25.json


/mnt/home/jcervino/Github/CoraCiteseer/PieClam/experiments/optimization_utils_directed.py:663:::  
Repetition no. 0


/mnt/home/jcervino/Github/CoraCiteseer/PieClam/experiments/../trainer_directed.py:158:::  

Using dataset specific configuration and not global 




/mnt/home/jcervino/Github/CoraCiteseer/PieClam/experiments/../trainer_directed.py:337:::  

In function train. 
2025-12-15 11:17:20 starting optimization of ieclam on citeseer (DIRECTED) on device cuda

 configs_dict: 
{
    "clamiter_init": {
        "dim_feat": 48,
        "s_reg": 0.1,
        "l1_reg": 1,
        "T": 1,
        "hidden_dim": 64,
        "num_coupling_blocks": 32,
        "num_layers_mlp": 2
    },
    "feat_opt": {
        "lr": 5e-06,
        "n_iter": 500,
        "early_stop": 0
    }
}


/mnt/home/jcervino/Github/CoraCiteseer/PieClam/experiments/../clamiter_directed.py:439:::  
staring fit_feats for 500 iterations


/mnt/home/jcervino/Github/CoraCiteseer/PieClam/experiments/../trainer_directed.py:444:::  



FINISHED train 
 last accuracies:
test
key='auc': 0.6401921565202201
val
key='auc': 0.684477281727243




/mnt/home/jcervino/Github/CoraCiteseer/PieClam/experiments/../trainer_directed.py:460:::  

train_model_on_params on ieclam citeseer 
took 2.9718739986419678 seconds


/mnt/home/jcervino/Github/CoraCiteseer/PieClam/experiments/optimization_utils_directed.py:663:::  
Repetition no. 1


/mnt/home/jcervino/Github/CoraCiteseer/PieClam/experiments/../trainer_directed.py:158:::  

Using dataset specific configuration and not global 




/mnt/home/jcervino/Github/CoraCiteseer/PieClam/experiments/../trainer_directed.py:337:::  

In function train. 
2025-12-15 11:17:23 starting optimization of ieclam on citeseer (DIRECTED) on device cuda

 configs_dict: 
{
    "clamiter_init": {
        "dim_feat": 48,
        "s_reg": 0.1,
        "l1_reg": 1,
        "T": 1,
        "hidden_dim": 64,
        "num_coupling_blocks": 32,
        "num_layers_mlp": 2
    },
    "feat_opt": {
        "lr": 5e-06,
        "n_iter": 500,
        "early_stop": 0
    }
}


/mnt/home/jcervino/Github/CoraCiteseer/PieClam/experiments/../clamiter_directed.py:439:::  
staring fit_feats for 500 iterations


/mnt/home/jcervino/Github/CoraCiteseer/PieClam/experiments/../trainer_directed.py:444:::  



FINISHED train 
 last accuracies:
test
key='auc': 0.6536937723818675
val
key='auc': 0.6740952290766343




/mnt/home/jcervino/Github/CoraCiteseer/PieClam/experiments/../trainer_directed.py:460:::  

train_model_on_params on ieclam citeseer 
took 2.984893321990967 seconds


/mnt/home/jcervino/Github/CoraCiteseer/PieClam/experiments/optimization_utils_directed.py:663:::  
Repetition no. 2


/mnt/home/jcervino/Github/CoraCiteseer/PieClam/experiments/../trainer_directed.py:158:::  

Using dataset specific configuration and not global 




/mnt/home/jcervino/Github/CoraCiteseer/PieClam/experiments/../trainer_directed.py:337:::  

In function train. 
2025-12-15 11:17:26 starting optimization of ieclam on citeseer (DIRECTED) on device cuda

 configs_dict: 
{
    "clamiter_init": {
        "dim_feat": 48,
        "s_reg": 0.1,
        "l1_reg": 1,
        "T": 1,
        "hidden_dim": 64,
        "num_coupling_blocks": 32,
        "num_layers_mlp": 2
    },
    "feat_opt": {
        "lr": 5e-06,
        "n_iter": 500,
        "early_stop": 0
    }
}


/mnt/home/jcervino/Github/CoraCiteseer/PieClam/experiments/../clamiter_directed.py:439:::  
staring fit_feats for 500 iterations


/mnt/home/jcervino/Github/CoraCiteseer/PieClam/experiments/../trainer_directed.py:444:::  



FINISHED train 
 last accuracies:
test
key='auc': 0.6335243252685823
val
key='auc': 0.6360320070246724




/mnt/home/jcervino/Github/CoraCiteseer/PieClam/experiments/../trainer_directed.py:460:::  

train_model_on_params on ieclam citeseer 
took 2.9728782176971436 seconds


/mnt/home/jcervino/Github/CoraCiteseer/PieClam/experiments/optimization_utils_directed.py:663:::  
Repetition no. 0


/mnt/home/jcervino/Github/CoraCiteseer/PieClam/experiments/../trainer_directed.py:158:::  

Using dataset specific configuration and not global 




/mnt/home/jcervino/Github/CoraCiteseer/PieClam/experiments/../trainer_directed.py:337:::  

In function train. 
2025-12-15 11:17:29 starting optimization of ieclam on citeseer (DIRECTED) on device cuda

 configs_dict: 
{
    "clamiter_init": {
        "dim_feat": 48,
        "s_reg": 0.0,
        "l1_reg": 1,
        "T": 1,
        "hidden_dim": 64,
        "num_coupling_blocks": 32,
        "num_layers_mlp": 2
    },
    "feat_opt": {
        "lr": 5e-06,
        "n_iter": 3000,
        "early_stop": 0
    }
}


/mnt/home/jcervino/Github/CoraCiteseer/PieClam/experiments/../clamiter_directed.py:439:::  
staring fit_feats for 3000 iterations


/mnt/home/jcervino/Github/CoraCiteseer/PieClam/experiments/../trainer_directed.py:444:::  



FINISHED train 
 last accuracies:
test
key='auc': 0.6044842344309547
val
key='auc': 0.5894117697698043




/mnt/home/jcervino/Github/CoraCiteseer/PieClam/experiments/../trainer_directed.py:460:::  

train_model_on_params on ieclam citeseer 
took 17.701011657714844 seconds


/mnt/home/jcervino/Github/CoraCiteseer/PieClam/experiments/optimization_utils_directed.py:663:::  
Repetition no. 1


/mnt/home/jcervino/Github/CoraCiteseer/PieClam/experiments/../trainer_directed.py:158:::  

Using dataset specific configuration and not global 




/mnt/home/jcervino/Github/CoraCiteseer/PieClam/experiments/../trainer_directed.py:337:::  

In function train. 
2025-12-15 11:17:47 starting optimization of ieclam on citeseer (DIRECTED) on device cuda

 configs_dict: 
{
    "clamiter_init": {
        "dim_feat": 48,
        "s_reg": 0.0,
        "l1_reg": 1,
        "T": 1,
        "hidden_dim": 64,
        "num_coupling_blocks": 32,
        "num_layers_mlp": 2
    },
    "feat_opt": {
        "lr": 5e-06,
        "n_iter": 3000,
        "early_stop": 0
    }
}


/mnt/home/jcervino/Github/CoraCiteseer/PieClam/experiments/../clamiter_directed.py:439:::  
staring fit_feats for 3000 iterations


/mnt/home/jcervino/Github/CoraCiteseer/PieClam/experiments/../trainer_directed.py:444:::  



FINISHED train 
 last accuracies:
test
key='auc': 0.6183282382740851
val
key='auc': 0.6236527435822387




/mnt/home/jcervino/Github/CoraCiteseer/PieClam/experiments/../trainer_directed.py:460:::  

train_model_on_params on ieclam citeseer 
took 17.701900243759155 seconds


/mnt/home/jcervino/Github/CoraCiteseer/PieClam/experiments/optimization_utils_directed.py:663:::  
Repetition no. 2


/mnt/home/jcervino/Github/CoraCiteseer/PieClam/experiments/../trainer_directed.py:158:::  

Using dataset specific configuration and not global 




/mnt/home/jcervino/Github/CoraCiteseer/PieClam/experiments/../trainer_directed.py:337:::  

In function train. 
2025-12-15 11:18:05 starting optimization of ieclam on citeseer (DIRECTED) on device cuda

 configs_dict: 
{
    "clamiter_init": {
        "dim_feat": 48,
        "s_reg": 0.0,
        "l1_reg": 1,
        "T": 1,
        "hidden_dim": 64,
        "num_coupling_blocks": 32,
        "num_layers_mlp": 2
    },
    "feat_opt": {
        "lr": 5e-06,
        "n_iter": 3000,
        "early_stop": 0
    }
}


/mnt/home/jcervino/Github/CoraCiteseer/PieClam/experiments/../clamiter_directed.py:439:::  
staring fit_feats for 3000 iterations


/mnt/home/jcervino/Github/CoraCiteseer/PieClam/experiments/../trainer_directed.py:444:::  



FINISHED train 
 last accuracies:
test
key='auc': 0.615313127784086
val
key='auc': 0.6309550455398494




/mnt/home/jcervino/Github/CoraCiteseer/PieClam/experiments/../trainer_directed.py:460:::  

train_model_on_params on ieclam citeseer 
took 17.74094557762146 seconds


/mnt/home/jcervino/Github/CoraCiteseer/PieClam/experiments/optimization_utils_directed.py:663:::  
Repetition no. 0


/mnt/home/jcervino/Github/CoraCiteseer/PieClam/experiments/../trainer_directed.py:158:::  

Using dataset specific configuration and not global 




/mnt/home/jcervino/Github/CoraCiteseer/PieClam/experiments/../trainer_directed.py:337:::  

In function train. 
2025-12-15 11:18:23 starting optimization of ieclam on citeseer (DIRECTED) on device cuda

 configs_dict: 
{
    "clamiter_init": {
        "dim_feat": 48,
        "s_reg": 0.0,
        "l1_reg": 1,
        "T": 1,
        "hidden_dim": 64,
        "num_coupling_blocks": 32,
        "num_layers_mlp": 2
    },
    "feat_opt": {
        "lr": 5e-07,
        "n_iter": 1000,
        "early_stop": 0
    }
}


/mnt/home/jcervino/Github/CoraCiteseer/PieClam/experiments/../clamiter_directed.py:439:::  
staring fit_feats for 1000 iterations


/mnt/home/jcervino/Github/CoraCiteseer/PieClam/experiments/../trainer_directed.py:444:::  



FINISHED train 
 last accuracies:
test
key='auc': 0.5410603546161237
val
key='auc': 0.5297816841996521




/mnt/home/jcervino/Github/CoraCiteseer/PieClam/experiments/../trainer_directed.py:460:::  

train_model_on_params on ieclam citeseer 
took 5.9423911571502686 seconds


/mnt/home/jcervino/Github/CoraCiteseer/PieClam/experiments/optimization_utils_directed.py:663:::  
Repetition no. 1


/mnt/home/jcervino/Github/CoraCiteseer/PieClam/experiments/../trainer_directed.py:158:::  

Using dataset specific configuration and not global 




/mnt/home/jcervino/Github/CoraCiteseer/PieClam/experiments/../trainer_directed.py:337:::  

In function train. 
2025-12-15 11:18:29 starting optimization of ieclam on citeseer (DIRECTED) on device cuda

 configs_dict: 
{
    "clamiter_init": {
        "dim_feat": 48,
        "s_reg": 0.0,
        "l1_reg": 1,
        "T": 1,
        "hidden_dim": 64,
        "num_coupling_blocks": 32,
        "num_layers_mlp": 2
    },
    "feat_opt": {
        "lr": 5e-07,
        "n_iter": 1000,
        "early_stop": 0
    }
}


/mnt/home/jcervino/Github/CoraCiteseer/PieClam/experiments/../clamiter_directed.py:439:::  
staring fit_feats for 1000 iterations


/mnt/home/jcervino/Github/CoraCiteseer/PieClam/experiments/../trainer_directed.py:444:::  



FINISHED train 
 last accuracies:
test
key='auc': 0.5036142894575946
val
key='auc': 0.4974217041717601




/mnt/home/jcervino/Github/CoraCiteseer/PieClam/experiments/../trainer_directed.py:460:::  

train_model_on_params on ieclam citeseer 
took 5.9251463413238525 seconds


/mnt/home/jcervino/Github/CoraCiteseer/PieClam/experiments/optimization_utils_directed.py:663:::  
Repetition no. 2


/mnt/home/jcervino/Github/CoraCiteseer/PieClam/experiments/../trainer_directed.py:158:::  

Using dataset specific configuration and not global 




/mnt/home/jcervino/Github/CoraCiteseer/PieClam/experiments/../trainer_directed.py:337:::  

In function train. 
2025-12-15 11:18:35 starting optimization of ieclam on citeseer (DIRECTED) on device cuda

 configs_dict: 
{
    "clamiter_init": {
        "dim_feat": 48,
        "s_reg": 0.0,
        "l1_reg": 1,
        "T": 1,
        "hidden_dim": 64,
        "num_coupling_blocks": 32,
        "num_layers_mlp": 2
    },
    "feat_opt": {
        "lr": 5e-07,
        "n_iter": 1000,
        "early_stop": 0
    }
}


/mnt/home/jcervino/Github/CoraCiteseer/PieClam/experiments/../clamiter_directed.py:439:::  
staring fit_feats for 1000 iterations


/mnt/home/jcervino/Github/CoraCiteseer/PieClam/experiments/../trainer_directed.py:444:::  



FINISHED train 
 last accuracies:
test
key='auc': 0.5096549917023321
val
key='auc': 0.5013386477505553




/mnt/home/jcervino/Github/CoraCiteseer/PieClam/experiments/../trainer_directed.py:460:::  

train_model_on_params on ieclam citeseer 
took 5.926148176193237 seconds


/mnt/home/jcervino/Github/CoraCiteseer/PieClam/experiments/optimization_utils_directed.py:663:::  
Repetition no. 0


/mnt/home/jcervino/Github/CoraCiteseer/PieClam/experiments/../trainer_directed.py:158:::  

Using dataset specific configuration and not global 




/mnt/home/jcervino/Github/CoraCiteseer/PieClam/experiments/../trainer_directed.py:337:::  

In function train. 
2025-12-15 11:18:41 starting optimization of ieclam on citeseer (DIRECTED) on device cuda

 configs_dict: 
{
    "clamiter_init": {
        "dim_feat": 48,
        "s_reg": 0.1,
        "l1_reg": 1,
        "T": 1,
        "hidden_dim": 64,
        "num_coupling_blocks": 32,
        "num_layers_mlp": 2
    },
    "feat_opt": {
        "lr": 5e-07,
        "n_iter": 1000,
        "early_stop": 0
    }
}


/mnt/home/jcervino/Github/CoraCiteseer/PieClam/experiments/../clamiter_directed.py:439:::  
staring fit_feats for 1000 iterations


/mnt/home/jcervino/Github/CoraCiteseer/PieClam/experiments/../trainer_directed.py:444:::  



FINISHED train 
 last accuracies:
test
key='auc': 0.5358965848545725
val
key='auc': 0.5135005423460339




/mnt/home/jcervino/Github/CoraCiteseer/PieClam/experiments/../trainer_directed.py:460:::  

train_model_on_params on ieclam citeseer 
took 5.923130035400391 seconds


/mnt/home/jcervino/Github/CoraCiteseer/PieClam/experiments/optimization_utils_directed.py:663:::  
Repetition no. 1


/mnt/home/jcervino/Github/CoraCiteseer/PieClam/experiments/../trainer_directed.py:158:::  

Using dataset specific configuration and not global 




/mnt/home/jcervino/Github/CoraCiteseer/PieClam/experiments/../trainer_directed.py:337:::  

In function train. 
2025-12-15 11:18:47 starting optimization of ieclam on citeseer (DIRECTED) on device cuda

 configs_dict: 
{
    "clamiter_init": {
        "dim_feat": 48,
        "s_reg": 0.1,
        "l1_reg": 1,
        "T": 1,
        "hidden_dim": 64,
        "num_coupling_blocks": 32,
        "num_layers_mlp": 2
    },
    "feat_opt": {
        "lr": 5e-07,
        "n_iter": 1000,
        "early_stop": 0
    }
}


/mnt/home/jcervino/Github/CoraCiteseer/PieClam/experiments/../clamiter_directed.py:439:::  
staring fit_feats for 1000 iterations


/mnt/home/jcervino/Github/CoraCiteseer/PieClam/experiments/../trainer_directed.py:444:::  



FINISHED train 
 last accuracies:
test
key='auc': 0.5149008647043409
val
key='auc': 0.5228560114323101




/mnt/home/jcervino/Github/CoraCiteseer/PieClam/experiments/../trainer_directed.py:460:::  

train_model_on_params on ieclam citeseer 
took 5.943319797515869 seconds


/mnt/home/jcervino/Github/CoraCiteseer/PieClam/experiments/optimization_utils_directed.py:663:::  
Repetition no. 2


/mnt/home/jcervino/Github/CoraCiteseer/PieClam/experiments/../trainer_directed.py:158:::  

Using dataset specific configuration and not global 




/mnt/home/jcervino/Github/CoraCiteseer/PieClam/experiments/../trainer_directed.py:337:::  

In function train. 
2025-12-15 11:18:54 starting optimization of ieclam on citeseer (DIRECTED) on device cuda

 configs_dict: 
{
    "clamiter_init": {
        "dim_feat": 48,
        "s_reg": 0.1,
        "l1_reg": 1,
        "T": 1,
        "hidden_dim": 64,
        "num_coupling_blocks": 32,
        "num_layers_mlp": 2
    },
    "feat_opt": {
        "lr": 5e-07,
        "n_iter": 1000,
        "early_stop": 0
    }
}


/mnt/home/jcervino/Github/CoraCiteseer/PieClam/experiments/../clamiter_directed.py:439:::  
staring fit_feats for 1000 iterations


/mnt/home/jcervino/Github/CoraCiteseer/PieClam/experiments/../trainer_directed.py:444:::  



FINISHED train 
 last accuracies:
test
key='auc': 0.542691938160538
val
key='auc': 0.542156643308483




/mnt/home/jcervino/Github/CoraCiteseer/PieClam/experiments/../trainer_directed.py:460:::  

train_model_on_params on ieclam citeseer 
took 5.921900272369385 seconds


/mnt/home/jcervino/Github/CoraCiteseer/PieClam/experiments/optimization_utils_directed.py:663:::  
Repetition no. 0


/mnt/home/jcervino/Github/CoraCiteseer/PieClam/experiments/../trainer_directed.py:158:::  

Using dataset specific configuration and not global 




/mnt/home/jcervino/Github/CoraCiteseer/PieClam/experiments/../trainer_directed.py:337:::  

In function train. 
2025-12-15 11:19:00 starting optimization of ieclam on citeseer (DIRECTED) on device cuda

 configs_dict: 
{
    "clamiter_init": {
        "dim_feat": 48,
        "s_reg": 0.1,
        "l1_reg": 1,
        "T": 1,
        "hidden_dim": 64,
        "num_coupling_blocks": 32,
        "num_layers_mlp": 2
    },
    "feat_opt": {
        "lr": 5e-06,
        "n_iter": 1000,
        "early_stop": 0
    }
}


/mnt/home/jcervino/Github/CoraCiteseer/PieClam/experiments/../clamiter_directed.py:439:::  
staring fit_feats for 1000 iterations


/mnt/home/jcervino/Github/CoraCiteseer/PieClam/experiments/../trainer_directed.py:444:::  



FINISHED train 
 last accuracies:
test
key='auc': 0.6659358895973447
val
key='auc': 0.6626564625264716




/mnt/home/jcervino/Github/CoraCiteseer/PieClam/experiments/../trainer_directed.py:460:::  

train_model_on_params on ieclam citeseer 
took 5.9192421436309814 seconds


/mnt/home/jcervino/Github/CoraCiteseer/PieClam/experiments/optimization_utils_directed.py:663:::  
Repetition no. 1


/mnt/home/jcervino/Github/CoraCiteseer/PieClam/experiments/../trainer_directed.py:158:::  

Using dataset specific configuration and not global 




/mnt/home/jcervino/Github/CoraCiteseer/PieClam/experiments/../trainer_directed.py:337:::  

In function train. 
2025-12-15 11:19:06 starting optimization of ieclam on citeseer (DIRECTED) on device cuda

 configs_dict: 
{
    "clamiter_init": {
        "dim_feat": 48,
        "s_reg": 0.1,
        "l1_reg": 1,
        "T": 1,
        "hidden_dim": 64,
        "num_coupling_blocks": 32,
        "num_layers_mlp": 2
    },
    "feat_opt": {
        "lr": 5e-06,
        "n_iter": 1000,
        "early_stop": 0
    }
}


/mnt/home/jcervino/Github/CoraCiteseer/PieClam/experiments/../clamiter_directed.py:439:::  
staring fit_feats for 1000 iterations


/mnt/home/jcervino/Github/CoraCiteseer/PieClam/experiments/../trainer_directed.py:444:::  



FINISHED train 
 last accuracies:
test
key='auc': 0.6545934142719888
val
key='auc': 0.6461364301578829




/mnt/home/jcervino/Github/CoraCiteseer/PieClam/experiments/../trainer_directed.py:460:::  

train_model_on_params on ieclam citeseer 
took 5.957951784133911 seconds


/mnt/home/jcervino/Github/CoraCiteseer/PieClam/experiments/optimization_utils_directed.py:663:::  
Repetition no. 2


/mnt/home/jcervino/Github/CoraCiteseer/PieClam/experiments/../trainer_directed.py:158:::  

Using dataset specific configuration and not global 




/mnt/home/jcervino/Github/CoraCiteseer/PieClam/experiments/../trainer_directed.py:337:::  

In function train. 
2025-12-15 11:19:12 starting optimization of ieclam on citeseer (DIRECTED) on device cuda

 configs_dict: 
{
    "clamiter_init": {
        "dim_feat": 48,
        "s_reg": 0.1,
        "l1_reg": 1,
        "T": 1,
        "hidden_dim": 64,
        "num_coupling_blocks": 32,
        "num_layers_mlp": 2
    },
    "feat_opt": {
        "lr": 5e-06,
        "n_iter": 1000,
        "early_stop": 0
    }
}


/mnt/home/jcervino/Github/CoraCiteseer/PieClam/experiments/../clamiter_directed.py:439:::  
staring fit_feats for 1000 iterations


/mnt/home/jcervino/Github/CoraCiteseer/PieClam/experiments/../trainer_directed.py:444:::  



FINISHED train 
 last accuracies:
test
key='auc': 0.6643654467639095
val
key='auc': 0.6753499423219296




/mnt/home/jcervino/Github/CoraCiteseer/PieClam/experiments/../trainer_directed.py:460:::  

train_model_on_params on ieclam citeseer 
took 5.918606758117676 seconds


/mnt/home/jcervino/Github/CoraCiteseer/PieClam/experiments/optimization_utils_directed.py:663:::  
Repetition no. 0


/mnt/home/jcervino/Github/CoraCiteseer/PieClam/experiments/../trainer_directed.py:158:::  

Using dataset specific configuration and not global 




/mnt/home/jcervino/Github/CoraCiteseer/PieClam/experiments/../trainer_directed.py:337:::  

In function train. 
2025-12-15 11:19:18 starting optimization of ieclam on citeseer (DIRECTED) on device cuda

 configs_dict: 
{
    "clamiter_init": {
        "dim_feat": 48,
        "s_reg": 0.1,
        "l1_reg": 1,
        "T": 1,
        "hidden_dim": 64,
        "num_coupling_blocks": 32,
        "num_layers_mlp": 2
    },
    "feat_opt": {
        "lr": 5e-07,
        "n_iter": 500,
        "early_stop": 0
    }
}


/mnt/home/jcervino/Github/CoraCiteseer/PieClam/experiments/../clamiter_directed.py:439:::  
staring fit_feats for 500 iterations


/mnt/home/jcervino/Github/CoraCiteseer/PieClam/experiments/../trainer_directed.py:444:::  



FINISHED train 
 last accuracies:
test
key='auc': 0.524664162808979
val
key='auc': 0.5189993285239579




/mnt/home/jcervino/Github/CoraCiteseer/PieClam/experiments/../trainer_directed.py:460:::  

train_model_on_params on ieclam citeseer 
took 2.9788401126861572 seconds


/mnt/home/jcervino/Github/CoraCiteseer/PieClam/experiments/optimization_utils_directed.py:663:::  
Repetition no. 1


/mnt/home/jcervino/Github/CoraCiteseer/PieClam/experiments/../trainer_directed.py:158:::  

Using dataset specific configuration and not global 




/mnt/home/jcervino/Github/CoraCiteseer/PieClam/experiments/../trainer_directed.py:337:::  

In function train. 
2025-12-15 11:19:21 starting optimization of ieclam on citeseer (DIRECTED) on device cuda

 configs_dict: 
{
    "clamiter_init": {
        "dim_feat": 48,
        "s_reg": 0.1,
        "l1_reg": 1,
        "T": 1,
        "hidden_dim": 64,
        "num_coupling_blocks": 32,
        "num_layers_mlp": 2
    },
    "feat_opt": {
        "lr": 5e-07,
        "n_iter": 500,
        "early_stop": 0
    }
}


/mnt/home/jcervino/Github/CoraCiteseer/PieClam/experiments/../clamiter_directed.py:439:::  
staring fit_feats for 500 iterations


/mnt/home/jcervino/Github/CoraCiteseer/PieClam/experiments/../trainer_directed.py:444:::  



FINISHED train 
 last accuracies:
test
key='auc': 0.49642064809153635
val
key='auc': 0.5112300063704138




/mnt/home/jcervino/Github/CoraCiteseer/PieClam/experiments/../trainer_directed.py:460:::  

train_model_on_params on ieclam citeseer 
took 2.9762632846832275 seconds


/mnt/home/jcervino/Github/CoraCiteseer/PieClam/experiments/optimization_utils_directed.py:663:::  
Repetition no. 2


/mnt/home/jcervino/Github/CoraCiteseer/PieClam/experiments/../trainer_directed.py:158:::  

Using dataset specific configuration and not global 




/mnt/home/jcervino/Github/CoraCiteseer/PieClam/experiments/../trainer_directed.py:337:::  

In function train. 
2025-12-15 11:19:24 starting optimization of ieclam on citeseer (DIRECTED) on device cuda

 configs_dict: 
{
    "clamiter_init": {
        "dim_feat": 48,
        "s_reg": 0.1,
        "l1_reg": 1,
        "T": 1,
        "hidden_dim": 64,
        "num_coupling_blocks": 32,
        "num_layers_mlp": 2
    },
    "feat_opt": {
        "lr": 5e-07,
        "n_iter": 500,
        "early_stop": 0
    }
}


/mnt/home/jcervino/Github/CoraCiteseer/PieClam/experiments/../clamiter_directed.py:439:::  
staring fit_feats for 500 iterations


/mnt/home/jcervino/Github/CoraCiteseer/PieClam/experiments/../trainer_directed.py:444:::  



FINISHED train 
 last accuracies:
test
key='auc': 0.5356100969516988
val
key='auc': 0.5146347342504434




/mnt/home/jcervino/Github/CoraCiteseer/PieClam/experiments/../trainer_directed.py:460:::  

train_model_on_params on ieclam citeseer 
took 2.981426239013672 seconds


/mnt/home/jcervino/Github/CoraCiteseer/PieClam/experiments/optimization_utils_directed.py:663:::  
Repetition no. 0


/mnt/home/jcervino/Github/CoraCiteseer/PieClam/experiments/../trainer_directed.py:158:::  

Using dataset specific configuration and not global 




/mnt/home/jcervino/Github/CoraCiteseer/PieClam/experiments/../trainer_directed.py:337:::  

In function train. 
2025-12-15 11:19:27 starting optimization of ieclam on citeseer (DIRECTED) on device cuda

 configs_dict: 
{
    "clamiter_init": {
        "dim_feat": 48,
        "s_reg": 0.1,
        "l1_reg": 1,
        "T": 1,
        "hidden_dim": 64,
        "num_coupling_blocks": 32,
        "num_layers_mlp": 2
    },
    "feat_opt": {
        "lr": 5e-06,
        "n_iter": 3000,
        "early_stop": 0
    }
}


/mnt/home/jcervino/Github/CoraCiteseer/PieClam/experiments/../clamiter_directed.py:439:::  
staring fit_feats for 3000 iterations


/mnt/home/jcervino/Github/CoraCiteseer/PieClam/experiments/../trainer_directed.py:444:::  



FINISHED train 
 last accuracies:
test
key='auc': 0.5982845663376715
val
key='auc': 0.6274427093197431




/mnt/home/jcervino/Github/CoraCiteseer/PieClam/experiments/../trainer_directed.py:460:::  

train_model_on_params on ieclam citeseer 
took 17.735538482666016 seconds


/mnt/home/jcervino/Github/CoraCiteseer/PieClam/experiments/optimization_utils_directed.py:663:::  
Repetition no. 1


/mnt/home/jcervino/Github/CoraCiteseer/PieClam/experiments/../trainer_directed.py:158:::  

Using dataset specific configuration and not global 




/mnt/home/jcervino/Github/CoraCiteseer/PieClam/experiments/../trainer_directed.py:337:::  

In function train. 
2025-12-15 11:19:45 starting optimization of ieclam on citeseer (DIRECTED) on device cuda

 configs_dict: 
{
    "clamiter_init": {
        "dim_feat": 48,
        "s_reg": 0.1,
        "l1_reg": 1,
        "T": 1,
        "hidden_dim": 64,
        "num_coupling_blocks": 32,
        "num_layers_mlp": 2
    },
    "feat_opt": {
        "lr": 5e-06,
        "n_iter": 3000,
        "early_stop": 0
    }
}


/mnt/home/jcervino/Github/CoraCiteseer/PieClam/experiments/../clamiter_directed.py:439:::  
staring fit_feats for 3000 iterations


/mnt/home/jcervino/Github/CoraCiteseer/PieClam/experiments/../trainer_directed.py:444:::  



FINISHED train 
 last accuracies:
test
key='auc': 0.6102157393658834
val
key='auc': 0.6183648697508651




/mnt/home/jcervino/Github/CoraCiteseer/PieClam/experiments/../trainer_directed.py:460:::  

train_model_on_params on ieclam citeseer 
took 17.743175506591797 seconds


/mnt/home/jcervino/Github/CoraCiteseer/PieClam/experiments/optimization_utils_directed.py:663:::  
Repetition no. 2


/mnt/home/jcervino/Github/CoraCiteseer/PieClam/experiments/../trainer_directed.py:158:::  

Using dataset specific configuration and not global 




/mnt/home/jcervino/Github/CoraCiteseer/PieClam/experiments/../trainer_directed.py:337:::  

In function train. 
2025-12-15 11:20:03 starting optimization of ieclam on citeseer (DIRECTED) on device cuda

 configs_dict: 
{
    "clamiter_init": {
        "dim_feat": 48,
        "s_reg": 0.1,
        "l1_reg": 1,
        "T": 1,
        "hidden_dim": 64,
        "num_coupling_blocks": 32,
        "num_layers_mlp": 2
    },
    "feat_opt": {
        "lr": 5e-06,
        "n_iter": 3000,
        "early_stop": 0
    }
}


/mnt/home/jcervino/Github/CoraCiteseer/PieClam/experiments/../clamiter_directed.py:439:::  
staring fit_feats for 3000 iterations


/mnt/home/jcervino/Github/CoraCiteseer/PieClam/experiments/../trainer_directed.py:444:::  



FINISHED train 
 last accuracies:
test
key='auc': 0.621201851690104
val
key='auc': 0.6000219521013757




/mnt/home/jcervino/Github/CoraCiteseer/PieClam/experiments/../trainer_directed.py:460:::  

train_model_on_params on ieclam citeseer 
took 17.74962830543518 seconds


/mnt/home/jcervino/Github/CoraCiteseer/PieClam/experiments/optimization_utils_directed.py:663:::  
Repetition no. 0


/mnt/home/jcervino/Github/CoraCiteseer/PieClam/experiments/../trainer_directed.py:158:::  

Using dataset specific configuration and not global 




/mnt/home/jcervino/Github/CoraCiteseer/PieClam/experiments/../trainer_directed.py:337:::  

In function train. 
2025-12-15 11:20:21 starting optimization of ieclam on citeseer (DIRECTED) on device cuda

 configs_dict: 
{
    "clamiter_init": {
        "dim_feat": 48,
        "s_reg": 0.0,
        "l1_reg": 1,
        "T": 1,
        "hidden_dim": 64,
        "num_coupling_blocks": 32,
        "num_layers_mlp": 2
    },
    "feat_opt": {
        "lr": 5e-06,
        "n_iter": 1000,
        "early_stop": 0
    }
}


/mnt/home/jcervino/Github/CoraCiteseer/PieClam/experiments/../clamiter_directed.py:439:::  
staring fit_feats for 1000 iterations


/mnt/home/jcervino/Github/CoraCiteseer/PieClam/experiments/../trainer_directed.py:444:::  



FINISHED train 
 last accuracies:
test
key='auc': 0.6836981395755088
val
key='auc': 0.664565434479434




/mnt/home/jcervino/Github/CoraCiteseer/PieClam/experiments/../trainer_directed.py:460:::  

train_model_on_params on ieclam citeseer 
took 5.930115699768066 seconds


/mnt/home/jcervino/Github/CoraCiteseer/PieClam/experiments/optimization_utils_directed.py:663:::  
Repetition no. 1


/mnt/home/jcervino/Github/CoraCiteseer/PieClam/experiments/../trainer_directed.py:158:::  

Using dataset specific configuration and not global 




/mnt/home/jcervino/Github/CoraCiteseer/PieClam/experiments/../trainer_directed.py:337:::  

In function train. 
2025-12-15 11:20:27 starting optimization of ieclam on citeseer (DIRECTED) on device cuda

 configs_dict: 
{
    "clamiter_init": {
        "dim_feat": 48,
        "s_reg": 0.0,
        "l1_reg": 1,
        "T": 1,
        "hidden_dim": 64,
        "num_coupling_blocks": 32,
        "num_layers_mlp": 2
    },
    "feat_opt": {
        "lr": 5e-06,
        "n_iter": 1000,
        "early_stop": 0
    }
}


/mnt/home/jcervino/Github/CoraCiteseer/PieClam/experiments/../clamiter_directed.py:439:::  
staring fit_feats for 1000 iterations


/mnt/home/jcervino/Github/CoraCiteseer/PieClam/experiments/../trainer_directed.py:444:::  



FINISHED train 
 last accuracies:
test
key='auc': 0.6440422744344484
val
key='auc': 0.6392989962294037




/mnt/home/jcervino/Github/CoraCiteseer/PieClam/experiments/../trainer_directed.py:460:::  

train_model_on_params on ieclam citeseer 
took 5.924230098724365 seconds


/mnt/home/jcervino/Github/CoraCiteseer/PieClam/experiments/optimization_utils_directed.py:663:::  
Repetition no. 2


/mnt/home/jcervino/Github/CoraCiteseer/PieClam/experiments/../trainer_directed.py:158:::  

Using dataset specific configuration and not global 




/mnt/home/jcervino/Github/CoraCiteseer/PieClam/experiments/../trainer_directed.py:337:::  

In function train. 
2025-12-15 11:20:33 starting optimization of ieclam on citeseer (DIRECTED) on device cuda

 configs_dict: 
{
    "clamiter_init": {
        "dim_feat": 48,
        "s_reg": 0.0,
        "l1_reg": 1,
        "T": 1,
        "hidden_dim": 64,
        "num_coupling_blocks": 32,
        "num_layers_mlp": 2
    },
    "feat_opt": {
        "lr": 5e-06,
        "n_iter": 1000,
        "early_stop": 0
    }
}


/mnt/home/jcervino/Github/CoraCiteseer/PieClam/experiments/../clamiter_directed.py:439:::  
staring fit_feats for 1000 iterations


/mnt/home/jcervino/Github/CoraCiteseer/PieClam/experiments/../trainer_directed.py:444:::  



FINISHED train 
 last accuracies:
test
key='auc': 0.6592820333653594
val
key='auc': 0.6497004183812263




/mnt/home/jcervino/Github/CoraCiteseer/PieClam/experiments/../trainer_directed.py:460:::  

train_model_on_params on ieclam citeseer 
took 5.923817873001099 seconds


/mnt/home/jcervino/Github/CoraCiteseer/PieClam/experiments/optimization_utils_directed.py:663:::  
Repetition no. 0


/mnt/home/jcervino/Github/CoraCiteseer/PieClam/experiments/../trainer_directed.py:158:::  

Using dataset specific configuration and not global 




/mnt/home/jcervino/Github/CoraCiteseer/PieClam/experiments/../trainer_directed.py:337:::  

In function train. 
2025-12-15 11:20:39 starting optimization of ieclam on citeseer (DIRECTED) on device cuda

 configs_dict: 
{
    "clamiter_init": {
        "dim_feat": 48,
        "s_reg": 0.0,
        "l1_reg": 1,
        "T": 1,
        "hidden_dim": 64,
        "num_coupling_blocks": 32,
        "num_layers_mlp": 2
    },
    "feat_opt": {
        "lr": 5e-07,
        "n_iter": 3000,
        "early_stop": 0
    }
}


/mnt/home/jcervino/Github/CoraCiteseer/PieClam/experiments/../clamiter_directed.py:439:::  
staring fit_feats for 3000 iterations


/mnt/home/jcervino/Github/CoraCiteseer/PieClam/experiments/../trainer_directed.py:444:::  



FINISHED train 
 last accuracies:
test
key='auc': 0.5439357149095991
val
key='auc': 0.5842896127821491




/mnt/home/jcervino/Github/CoraCiteseer/PieClam/experiments/../trainer_directed.py:460:::  

train_model_on_params on ieclam citeseer 
took 17.773363828659058 seconds


/mnt/home/jcervino/Github/CoraCiteseer/PieClam/experiments/optimization_utils_directed.py:663:::  
Repetition no. 1


/mnt/home/jcervino/Github/CoraCiteseer/PieClam/experiments/../trainer_directed.py:158:::  

Using dataset specific configuration and not global 




/mnt/home/jcervino/Github/CoraCiteseer/PieClam/experiments/../trainer_directed.py:337:::  

In function train. 
2025-12-15 11:20:57 starting optimization of ieclam on citeseer (DIRECTED) on device cuda

 configs_dict: 
{
    "clamiter_init": {
        "dim_feat": 48,
        "s_reg": 0.0,
        "l1_reg": 1,
        "T": 1,
        "hidden_dim": 64,
        "num_coupling_blocks": 32,
        "num_layers_mlp": 2
    },
    "feat_opt": {
        "lr": 5e-07,
        "n_iter": 3000,
        "early_stop": 0
    }
}


/mnt/home/jcervino/Github/CoraCiteseer/PieClam/experiments/../clamiter_directed.py:439:::  
staring fit_feats for 3000 iterations


/mnt/home/jcervino/Github/CoraCiteseer/PieClam/experiments/../trainer_directed.py:444:::  



FINISHED train 
 last accuracies:
test
key='auc': 0.574958511660407
val
key='auc': 0.591439110896851




/mnt/home/jcervino/Github/CoraCiteseer/PieClam/experiments/../trainer_directed.py:460:::  

train_model_on_params on ieclam citeseer 
took 17.7476007938385 seconds


/mnt/home/jcervino/Github/CoraCiteseer/PieClam/experiments/optimization_utils_directed.py:663:::  
Repetition no. 2


/mnt/home/jcervino/Github/CoraCiteseer/PieClam/experiments/../trainer_directed.py:158:::  

Using dataset specific configuration and not global 




/mnt/home/jcervino/Github/CoraCiteseer/PieClam/experiments/../trainer_directed.py:337:::  

In function train. 
2025-12-15 11:21:15 starting optimization of ieclam on citeseer (DIRECTED) on device cuda

 configs_dict: 
{
    "clamiter_init": {
        "dim_feat": 48,
        "s_reg": 0.0,
        "l1_reg": 1,
        "T": 1,
        "hidden_dim": 64,
        "num_coupling_blocks": 32,
        "num_layers_mlp": 2
    },
    "feat_opt": {
        "lr": 5e-07,
        "n_iter": 3000,
        "early_stop": 0
    }
}


/mnt/home/jcervino/Github/CoraCiteseer/PieClam/experiments/../clamiter_directed.py:439:::  
staring fit_feats for 3000 iterations


/mnt/home/jcervino/Github/CoraCiteseer/PieClam/experiments/../trainer_directed.py:444:::  



FINISHED train 
 last accuracies:
test
key='auc': 0.576349026115818
val
key='auc': 0.560316626779842




/mnt/home/jcervino/Github/CoraCiteseer/PieClam/experiments/../trainer_directed.py:460:::  

train_model_on_params on ieclam citeseer 
took 17.737955808639526 seconds


/mnt/home/jcervino/Github/CoraCiteseer/PieClam/experiments/optimization_utils_directed.py:663:::  
Repetition no. 0


/mnt/home/jcervino/Github/CoraCiteseer/PieClam/experiments/../trainer_directed.py:158:::  

Using dataset specific configuration and not global 




/mnt/home/jcervino/Github/CoraCiteseer/PieClam/experiments/../trainer_directed.py:337:::  

In function train. 
2025-12-15 11:21:33 starting optimization of ieclam on citeseer (DIRECTED) on device cuda

 configs_dict: 
{
    "clamiter_init": {
        "dim_feat": 48,
        "s_reg": 0.0,
        "l1_reg": 1,
        "T": 1,
        "hidden_dim": 64,
        "num_coupling_blocks": 32,
        "num_layers_mlp": 2
    },
    "feat_opt": {
        "lr": 5e-07,
        "n_iter": 500,
        "early_stop": 0
    }
}


/mnt/home/jcervino/Github/CoraCiteseer/PieClam/experiments/../clamiter_directed.py:439:::  
staring fit_feats for 500 iterations


/mnt/home/jcervino/Github/CoraCiteseer/PieClam/experiments/../trainer_directed.py:444:::  



FINISHED train 
 last accuracies:
test
key='auc': 0.514280723207267
val
key='auc': 0.49953082763726525




/mnt/home/jcervino/Github/CoraCiteseer/PieClam/experiments/../trainer_directed.py:460:::  

train_model_on_params on ieclam citeseer 
took 2.9793059825897217 seconds


/mnt/home/jcervino/Github/CoraCiteseer/PieClam/experiments/optimization_utils_directed.py:663:::  
Repetition no. 1


/mnt/home/jcervino/Github/CoraCiteseer/PieClam/experiments/../trainer_directed.py:158:::  

Using dataset specific configuration and not global 




/mnt/home/jcervino/Github/CoraCiteseer/PieClam/experiments/../trainer_directed.py:337:::  

In function train. 
2025-12-15 11:21:36 starting optimization of ieclam on citeseer (DIRECTED) on device cuda

 configs_dict: 
{
    "clamiter_init": {
        "dim_feat": 48,
        "s_reg": 0.0,
        "l1_reg": 1,
        "T": 1,
        "hidden_dim": 64,
        "num_coupling_blocks": 32,
        "num_layers_mlp": 2
    },
    "feat_opt": {
        "lr": 5e-07,
        "n_iter": 500,
        "early_stop": 0
    }
}


/mnt/home/jcervino/Github/CoraCiteseer/PieClam/experiments/../clamiter_directed.py:439:::  
staring fit_feats for 500 iterations


/mnt/home/jcervino/Github/CoraCiteseer/PieClam/experiments/../trainer_directed.py:444:::  



FINISHED train 
 last accuracies:
test
key='auc': 0.4843462311118875
val
key='auc': 0.4954395585475456




/mnt/home/jcervino/Github/CoraCiteseer/PieClam/experiments/../trainer_directed.py:460:::  

train_model_on_params on ieclam citeseer 
took 2.971165418624878 seconds


/mnt/home/jcervino/Github/CoraCiteseer/PieClam/experiments/optimization_utils_directed.py:663:::  
Repetition no. 2


/mnt/home/jcervino/Github/CoraCiteseer/PieClam/experiments/../trainer_directed.py:158:::  

Using dataset specific configuration and not global 




/mnt/home/jcervino/Github/CoraCiteseer/PieClam/experiments/../trainer_directed.py:337:::  

In function train. 
2025-12-15 11:21:39 starting optimization of ieclam on citeseer (DIRECTED) on device cuda

 configs_dict: 
{
    "clamiter_init": {
        "dim_feat": 48,
        "s_reg": 0.0,
        "l1_reg": 1,
        "T": 1,
        "hidden_dim": 64,
        "num_coupling_blocks": 32,
        "num_layers_mlp": 2
    },
    "feat_opt": {
        "lr": 5e-07,
        "n_iter": 500,
        "early_stop": 0
    }
}


/mnt/home/jcervino/Github/CoraCiteseer/PieClam/experiments/../clamiter_directed.py:439:::  
staring fit_feats for 500 iterations


/mnt/home/jcervino/Github/CoraCiteseer/PieClam/experiments/../trainer_directed.py:444:::  



FINISHED train 
 last accuracies:
test
key='auc': 0.488938771945148
val
key='auc': 0.5106360083331898




/mnt/home/jcervino/Github/CoraCiteseer/PieClam/experiments/../trainer_directed.py:460:::  

train_model_on_params on ieclam citeseer 
took 2.976348638534546 seconds


/mnt/home/jcervino/Github/CoraCiteseer/PieClam/experiments/optimization_utils_directed.py:663:::  
Repetition no. 0


/mnt/home/jcervino/Github/CoraCiteseer/PieClam/experiments/../trainer_directed.py:158:::  

Using dataset specific configuration and not global 




/mnt/home/jcervino/Github/CoraCiteseer/PieClam/experiments/../trainer_directed.py:337:::  

In function train. 
2025-12-15 11:21:43 starting optimization of ieclam on citeseer (DIRECTED) on device cuda

 configs_dict: 
{
    "clamiter_init": {
        "dim_feat": 48,
        "s_reg": 0.0,
        "l1_reg": 1,
        "T": 1,
        "hidden_dim": 64,
        "num_coupling_blocks": 32,
        "num_layers_mlp": 2
    },
    "feat_opt": {
        "lr": 5e-06,
        "n_iter": 500,
        "early_stop": 0
    }
}


/mnt/home/jcervino/Github/CoraCiteseer/PieClam/experiments/../clamiter_directed.py:439:::  
staring fit_feats for 500 iterations


/mnt/home/jcervino/Github/CoraCiteseer/PieClam/experiments/../trainer_directed.py:444:::  



FINISHED train 
 last accuracies:
test
key='auc': 0.6499659358895972
val
key='auc': 0.6848840412527332




/mnt/home/jcervino/Github/CoraCiteseer/PieClam/experiments/../trainer_directed.py:460:::  

train_model_on_params on ieclam citeseer 
took 2.975213050842285 seconds


/mnt/home/jcervino/Github/CoraCiteseer/PieClam/experiments/optimization_utils_directed.py:663:::  
Repetition no. 1


/mnt/home/jcervino/Github/CoraCiteseer/PieClam/experiments/../trainer_directed.py:158:::  

Using dataset specific configuration and not global 




/mnt/home/jcervino/Github/CoraCiteseer/PieClam/experiments/../trainer_directed.py:337:::  

In function train. 
2025-12-15 11:21:46 starting optimization of ieclam on citeseer (DIRECTED) on device cuda

 configs_dict: 
{
    "clamiter_init": {
        "dim_feat": 48,
        "s_reg": 0.0,
        "l1_reg": 1,
        "T": 1,
        "hidden_dim": 64,
        "num_coupling_blocks": 32,
        "num_layers_mlp": 2
    },
    "feat_opt": {
        "lr": 5e-06,
        "n_iter": 500,
        "early_stop": 0
    }
}


/mnt/home/jcervino/Github/CoraCiteseer/PieClam/experiments/../clamiter_directed.py:439:::  
staring fit_feats for 500 iterations


/mnt/home/jcervino/Github/CoraCiteseer/PieClam/experiments/../trainer_directed.py:444:::  



FINISHED train 
 last accuracies:
test
key='auc': 0.6737828631321513
val
key='auc': 0.6525929305624902




/mnt/home/jcervino/Github/CoraCiteseer/PieClam/experiments/../trainer_directed.py:460:::  

train_model_on_params on ieclam citeseer 
took 2.977762222290039 seconds


/mnt/home/jcervino/Github/CoraCiteseer/PieClam/experiments/optimization_utils_directed.py:663:::  
Repetition no. 2


/mnt/home/jcervino/Github/CoraCiteseer/PieClam/experiments/../trainer_directed.py:158:::  

Using dataset specific configuration and not global 




/mnt/home/jcervino/Github/CoraCiteseer/PieClam/experiments/../trainer_directed.py:337:::  

In function train. 
2025-12-15 11:21:49 starting optimization of ieclam on citeseer (DIRECTED) on device cuda

 configs_dict: 
{
    "clamiter_init": {
        "dim_feat": 48,
        "s_reg": 0.0,
        "l1_reg": 1,
        "T": 1,
        "hidden_dim": 64,
        "num_coupling_blocks": 32,
        "num_layers_mlp": 2
    },
    "feat_opt": {
        "lr": 5e-06,
        "n_iter": 500,
        "early_stop": 0
    }
}


/mnt/home/jcervino/Github/CoraCiteseer/PieClam/experiments/../clamiter_directed.py:439:::  
staring fit_feats for 500 iterations


/mnt/home/jcervino/Github/CoraCiteseer/PieClam/experiments/../trainer_directed.py:444:::  



FINISHED train 
 last accuracies:
test
key='auc': 0.6676181325879991
val
key='auc': 0.6897866772266318




/mnt/home/jcervino/Github/CoraCiteseer/PieClam/experiments/../trainer_directed.py:460:::  

train_model_on_params on ieclam citeseer 
took 2.9735655784606934 seconds


/mnt/home/jcervino/Github/CoraCiteseer/PieClam/experiments/optimization_utils_directed.py:663:::  
Repetition no. 0


/mnt/home/jcervino/Github/CoraCiteseer/PieClam/experiments/../trainer_directed.py:158:::  

Using dataset specific configuration and not global 




/mnt/home/jcervino/Github/CoraCiteseer/PieClam/experiments/../trainer_directed.py:337:::  

In function train. 
2025-12-15 11:21:52 starting optimization of ieclam on citeseer (DIRECTED) on device cuda

 configs_dict: 
{
    "clamiter_init": {
        "dim_feat": 48,
        "s_reg": 0.1,
        "l1_reg": 1,
        "T": 1,
        "hidden_dim": 64,
        "num_coupling_blocks": 32,
        "num_layers_mlp": 2
    },
    "feat_opt": {
        "lr": 5e-07,
        "n_iter": 3000,
        "early_stop": 0
    }
}


/mnt/home/jcervino/Github/CoraCiteseer/PieClam/experiments/../clamiter_directed.py:439:::  
staring fit_feats for 3000 iterations


/mnt/home/jcervino/Github/CoraCiteseer/PieClam/experiments/../trainer_directed.py:444:::  



FINISHED train 
 last accuracies:
test
key='auc': 0.5902227268757096
val
key='auc': 0.5685443604621133




/mnt/home/jcervino/Github/CoraCiteseer/PieClam/experiments/../trainer_directed.py:460:::  

train_model_on_params on ieclam citeseer 
took 27.04328179359436 seconds


/mnt/home/jcervino/Github/CoraCiteseer/PieClam/experiments/optimization_utils_directed.py:663:::  
Repetition no. 1


/mnt/home/jcervino/Github/CoraCiteseer/PieClam/experiments/../trainer_directed.py:158:::  

Using dataset specific configuration and not global 




/mnt/home/jcervino/Github/CoraCiteseer/PieClam/experiments/../trainer_directed.py:337:::  

In function train. 
2025-12-15 11:22:19 starting optimization of ieclam on citeseer (DIRECTED) on device cuda

 configs_dict: 
{
    "clamiter_init": {
        "dim_feat": 48,
        "s_reg": 0.1,
        "l1_reg": 1,
        "T": 1,
        "hidden_dim": 64,
        "num_coupling_blocks": 32,
        "num_layers_mlp": 2
    },
    "feat_opt": {
        "lr": 5e-07,
        "n_iter": 3000,
        "early_stop": 0
    }
}


/mnt/home/jcervino/Github/CoraCiteseer/PieClam/experiments/../clamiter_directed.py:439:::  
staring fit_feats for 3000 iterations


/mnt/home/jcervino/Github/CoraCiteseer/PieClam/experiments/../trainer_directed.py:444:::  



FINISHED train 
 last accuracies:
test
key='auc': 0.5838920429731855
val
key='auc': 0.5883507515366471




/mnt/home/jcervino/Github/CoraCiteseer/PieClam/experiments/../trainer_directed.py:460:::  

train_model_on_params on ieclam citeseer 
took 17.71307110786438 seconds


/mnt/home/jcervino/Github/CoraCiteseer/PieClam/experiments/optimization_utils_directed.py:663:::  
Repetition no. 2


/mnt/home/jcervino/Github/CoraCiteseer/PieClam/experiments/../trainer_directed.py:158:::  

Using dataset specific configuration and not global 




/mnt/home/jcervino/Github/CoraCiteseer/PieClam/experiments/../trainer_directed.py:337:::  

In function train. 
2025-12-15 11:22:37 starting optimization of ieclam on citeseer (DIRECTED) on device cuda

 configs_dict: 
{
    "clamiter_init": {
        "dim_feat": 48,
        "s_reg": 0.1,
        "l1_reg": 1,
        "T": 1,
        "hidden_dim": 64,
        "num_coupling_blocks": 32,
        "num_layers_mlp": 2
    },
    "feat_opt": {
        "lr": 5e-07,
        "n_iter": 3000,
        "early_stop": 0
    }
}


/mnt/home/jcervino/Github/CoraCiteseer/PieClam/experiments/../clamiter_directed.py:439:::  
staring fit_feats for 3000 iterations


/mnt/home/jcervino/Github/CoraCiteseer/PieClam/experiments/../trainer_directed.py:444:::  



FINISHED train 
 last accuracies:
test
key='auc': 0.5964328762337322
val
key='auc': 0.5954894888173413




/mnt/home/jcervino/Github/CoraCiteseer/PieClam/experiments/../trainer_directed.py:460:::  

train_model_on_params on ieclam citeseer 
took 17.714179754257202 seconds


/mnt/home/jcervino/Github/CoraCiteseer/PieClam/experiments/optimization_utils_directed.py:738:::  


Finished CrossVal!




/mnt/home/jcervino/Github/CoraCiteseer/PieClam/experiments/optimization_utils_directed.py:514:::  
On test set split_23-03_22-11-25 of citeseer,ieclam
 ======================


/mnt/home/jcervino/Github/CoraCiteseer/PieClam/experiments/../datasets/import_dataset.py:258:::  
end of import_dataset
citeseer 
has 4230 nodes 
and 5358 edges. 
Graph is directed
Graph has NO self loops


/mnt/home/jcervino/Github/CoraCiteseer/PieClam/experiments/optimization_utils_directed.py:638:::  
RunSaver defined to acc_configs path /mnt/home/jcervino/Github/CoraCiteseer/PieClam/experiments/results/directed/link_prediction/auc/citeseer/ieclam/split_23-03_22-11-25/valid/acc_configs11-22_15-12-25.json


/mnt/home/jcervino/Github/CoraCiteseer/PieClam/experiments/optimization_utils_directed.py:663:::  
Repetition no. 0


/mnt/home/jcervino/Github/CoraCiteseer/PieClam/experiments/../trainer_directed.py:158:::  

Using dataset specific configuration and not global 




/mnt/home/jcervino/Github/CoraCiteseer/PieClam/experiments/../trainer_directed.py:337:::  

In function train. 
2025-12-15 11:22:55 starting optimization of ieclam on citeseer (DIRECTED) on device cuda

 configs_dict: 
{
    "clamiter_init": {
        "dim_feat": 48,
        "s_reg": 0.1,
        "l1_reg": 1,
        "T": 1,
        "hidden_dim": 64,
        "num_coupling_blocks": 32,
        "num_layers_mlp": 2
    },
    "feat_opt": {
        "lr": 5e-06,
        "n_iter": 500,
        "early_stop": 0
    }
}


/mnt/home/jcervino/Github/CoraCiteseer/PieClam/experiments/../clamiter_directed.py:439:::  
staring fit_feats for 500 iterations


/mnt/home/jcervino/Github/CoraCiteseer/PieClam/experiments/../trainer_directed.py:444:::  



FINISHED train 
 last accuracies:
test
key='auc': 0.6383492008035636
val
key='auc': 0.6488287908266043




/mnt/home/jcervino/Github/CoraCiteseer/PieClam/experiments/../trainer_directed.py:460:::  

train_model_on_params on ieclam citeseer 
took 2.969862937927246 seconds


/mnt/home/jcervino/Github/CoraCiteseer/PieClam/experiments/optimization_utils_directed.py:663:::  
Repetition no. 1


/mnt/home/jcervino/Github/CoraCiteseer/PieClam/experiments/../trainer_directed.py:158:::  

Using dataset specific configuration and not global 




/mnt/home/jcervino/Github/CoraCiteseer/PieClam/experiments/../trainer_directed.py:337:::  

In function train. 
2025-12-15 11:22:58 starting optimization of ieclam on citeseer (DIRECTED) on device cuda

 configs_dict: 
{
    "clamiter_init": {
        "dim_feat": 48,
        "s_reg": 0.1,
        "l1_reg": 1,
        "T": 1,
        "hidden_dim": 64,
        "num_coupling_blocks": 32,
        "num_layers_mlp": 2
    },
    "feat_opt": {
        "lr": 5e-06,
        "n_iter": 500,
        "early_stop": 0
    }
}


/mnt/home/jcervino/Github/CoraCiteseer/PieClam/experiments/../clamiter_directed.py:439:::  
staring fit_feats for 500 iterations


/mnt/home/jcervino/Github/CoraCiteseer/PieClam/experiments/../trainer_directed.py:444:::  



FINISHED train 
 last accuracies:
test
key='auc': 0.6547174425714036
val
key='auc': 0.6493087240233468




/mnt/home/jcervino/Github/CoraCiteseer/PieClam/experiments/../trainer_directed.py:460:::  

train_model_on_params on ieclam citeseer 
took 2.978691816329956 seconds


/mnt/home/jcervino/Github/CoraCiteseer/PieClam/experiments/optimization_utils_directed.py:663:::  
Repetition no. 2


/mnt/home/jcervino/Github/CoraCiteseer/PieClam/experiments/../trainer_directed.py:158:::  

Using dataset specific configuration and not global 




/mnt/home/jcervino/Github/CoraCiteseer/PieClam/experiments/../trainer_directed.py:337:::  

In function train. 
2025-12-15 11:23:01 starting optimization of ieclam on citeseer (DIRECTED) on device cuda

 configs_dict: 
{
    "clamiter_init": {
        "dim_feat": 48,
        "s_reg": 0.1,
        "l1_reg": 1,
        "T": 1,
        "hidden_dim": 64,
        "num_coupling_blocks": 32,
        "num_layers_mlp": 2
    },
    "feat_opt": {
        "lr": 5e-06,
        "n_iter": 500,
        "early_stop": 0
    }
}


/mnt/home/jcervino/Github/CoraCiteseer/PieClam/experiments/../clamiter_directed.py:439:::  
staring fit_feats for 500 iterations


/mnt/home/jcervino/Github/CoraCiteseer/PieClam/experiments/../trainer_directed.py:444:::  



FINISHED train 
 last accuracies:
test
key='auc': 0.6684601275220543
val
key='auc': 0.6501954167455793




/mnt/home/jcervino/Github/CoraCiteseer/PieClam/experiments/../trainer_directed.py:460:::  

train_model_on_params on ieclam citeseer 
took 2.9691572189331055 seconds


/mnt/home/jcervino/Github/CoraCiteseer/PieClam/experiments/optimization_utils_directed.py:663:::  
Repetition no. 0


/mnt/home/jcervino/Github/CoraCiteseer/PieClam/experiments/../trainer_directed.py:158:::  

Using dataset specific configuration and not global 




/mnt/home/jcervino/Github/CoraCiteseer/PieClam/experiments/../trainer_directed.py:337:::  

In function train. 
2025-12-15 11:23:04 starting optimization of ieclam on citeseer (DIRECTED) on device cuda

 configs_dict: 
{
    "clamiter_init": {
        "dim_feat": 48,
        "s_reg": 0.0,
        "l1_reg": 1,
        "T": 1,
        "hidden_dim": 64,
        "num_coupling_blocks": 32,
        "num_layers_mlp": 2
    },
    "feat_opt": {
        "lr": 5e-06,
        "n_iter": 3000,
        "early_stop": 0
    }
}


/mnt/home/jcervino/Github/CoraCiteseer/PieClam/experiments/../clamiter_directed.py:439:::  
staring fit_feats for 3000 iterations


/mnt/home/jcervino/Github/CoraCiteseer/PieClam/experiments/../trainer_directed.py:444:::  



FINISHED train 
 last accuracies:
test
key='auc': 0.6109703904271115
val
key='auc': 0.5970046142456226




/mnt/home/jcervino/Github/CoraCiteseer/PieClam/experiments/../trainer_directed.py:460:::  

train_model_on_params on ieclam citeseer 
took 17.749125719070435 seconds


/mnt/home/jcervino/Github/CoraCiteseer/PieClam/experiments/optimization_utils_directed.py:663:::  
Repetition no. 1


/mnt/home/jcervino/Github/CoraCiteseer/PieClam/experiments/../trainer_directed.py:158:::  

Using dataset specific configuration and not global 




/mnt/home/jcervino/Github/CoraCiteseer/PieClam/experiments/../trainer_directed.py:337:::  

In function train. 
2025-12-15 11:23:22 starting optimization of ieclam on citeseer (DIRECTED) on device cuda

 configs_dict: 
{
    "clamiter_init": {
        "dim_feat": 48,
        "s_reg": 0.0,
        "l1_reg": 1,
        "T": 1,
        "hidden_dim": 64,
        "num_coupling_blocks": 32,
        "num_layers_mlp": 2
    },
    "feat_opt": {
        "lr": 5e-06,
        "n_iter": 3000,
        "early_stop": 0
    }
}


/mnt/home/jcervino/Github/CoraCiteseer/PieClam/experiments/../clamiter_directed.py:439:::  
staring fit_feats for 3000 iterations


/mnt/home/jcervino/Github/CoraCiteseer/PieClam/experiments/../trainer_directed.py:444:::  



FINISHED train 
 last accuracies:
test
key='auc': 0.5941898855795267
val
key='auc': 0.5971315920869131




/mnt/home/jcervino/Github/CoraCiteseer/PieClam/experiments/../trainer_directed.py:460:::  

train_model_on_params on ieclam citeseer 
took 17.68887686729431 seconds


/mnt/home/jcervino/Github/CoraCiteseer/PieClam/experiments/optimization_utils_directed.py:663:::  
Repetition no. 2


/mnt/home/jcervino/Github/CoraCiteseer/PieClam/experiments/../trainer_directed.py:158:::  

Using dataset specific configuration and not global 




/mnt/home/jcervino/Github/CoraCiteseer/PieClam/experiments/../trainer_directed.py:337:::  

In function train. 
2025-12-15 11:23:40 starting optimization of ieclam on citeseer (DIRECTED) on device cuda

 configs_dict: 
{
    "clamiter_init": {
        "dim_feat": 48,
        "s_reg": 0.0,
        "l1_reg": 1,
        "T": 1,
        "hidden_dim": 64,
        "num_coupling_blocks": 32,
        "num_layers_mlp": 2
    },
    "feat_opt": {
        "lr": 5e-06,
        "n_iter": 3000,
        "early_stop": 0
    }
}


/mnt/home/jcervino/Github/CoraCiteseer/PieClam/experiments/../clamiter_directed.py:439:::  
staring fit_feats for 3000 iterations


/mnt/home/jcervino/Github/CoraCiteseer/PieClam/experiments/../trainer_directed.py:444:::  



FINISHED train 
 last accuracies:
test
key='auc': 0.6129583369726613
val
key='auc': 0.6218212496341317




/mnt/home/jcervino/Github/CoraCiteseer/PieClam/experiments/../trainer_directed.py:460:::  

train_model_on_params on ieclam citeseer 
took 17.71426796913147 seconds


/mnt/home/jcervino/Github/CoraCiteseer/PieClam/experiments/optimization_utils_directed.py:663:::  
Repetition no. 0


/mnt/home/jcervino/Github/CoraCiteseer/PieClam/experiments/../trainer_directed.py:158:::  

Using dataset specific configuration and not global 




/mnt/home/jcervino/Github/CoraCiteseer/PieClam/experiments/../trainer_directed.py:337:::  

In function train. 
2025-12-15 11:23:58 starting optimization of ieclam on citeseer (DIRECTED) on device cuda

 configs_dict: 
{
    "clamiter_init": {
        "dim_feat": 48,
        "s_reg": 0.0,
        "l1_reg": 1,
        "T": 1,
        "hidden_dim": 64,
        "num_coupling_blocks": 32,
        "num_layers_mlp": 2
    },
    "feat_opt": {
        "lr": 5e-07,
        "n_iter": 1000,
        "early_stop": 0
    }
}


/mnt/home/jcervino/Github/CoraCiteseer/PieClam/experiments/../clamiter_directed.py:439:::  
staring fit_feats for 1000 iterations


/mnt/home/jcervino/Github/CoraCiteseer/PieClam/experiments/../trainer_directed.py:444:::  



FINISHED train 
 last accuracies:
test
key='auc': 0.50150231461263
val
key='auc': 0.4998364353230833




/mnt/home/jcervino/Github/CoraCiteseer/PieClam/experiments/../trainer_directed.py:460:::  

train_model_on_params on ieclam citeseer 
took 5.920749664306641 seconds


/mnt/home/jcervino/Github/CoraCiteseer/PieClam/experiments/optimization_utils_directed.py:663:::  
Repetition no. 1


/mnt/home/jcervino/Github/CoraCiteseer/PieClam/experiments/../trainer_directed.py:158:::  

Using dataset specific configuration and not global 




/mnt/home/jcervino/Github/CoraCiteseer/PieClam/experiments/../trainer_directed.py:337:::  

In function train. 
2025-12-15 11:24:04 starting optimization of ieclam on citeseer (DIRECTED) on device cuda

 configs_dict: 
{
    "clamiter_init": {
        "dim_feat": 48,
        "s_reg": 0.0,
        "l1_reg": 1,
        "T": 1,
        "hidden_dim": 64,
        "num_coupling_blocks": 32,
        "num_layers_mlp": 2
    },
    "feat_opt": {
        "lr": 5e-07,
        "n_iter": 1000,
        "early_stop": 0
    }
}


/mnt/home/jcervino/Github/CoraCiteseer/PieClam/experiments/../clamiter_directed.py:439:::  
staring fit_feats for 1000 iterations


/mnt/home/jcervino/Github/CoraCiteseer/PieClam/experiments/../trainer_directed.py:444:::  



FINISHED train 
 last accuracies:
test
key='auc': 0.5252161760852476
val
key='auc': 0.5464007162411115




/mnt/home/jcervino/Github/CoraCiteseer/PieClam/experiments/../trainer_directed.py:460:::  

train_model_on_params on ieclam citeseer 
took 5.964247703552246 seconds


/mnt/home/jcervino/Github/CoraCiteseer/PieClam/experiments/optimization_utils_directed.py:663:::  
Repetition no. 2


/mnt/home/jcervino/Github/CoraCiteseer/PieClam/experiments/../trainer_directed.py:158:::  

Using dataset specific configuration and not global 




/mnt/home/jcervino/Github/CoraCiteseer/PieClam/experiments/../trainer_directed.py:337:::  

In function train. 
2025-12-15 11:24:10 starting optimization of ieclam on citeseer (DIRECTED) on device cuda

 configs_dict: 
{
    "clamiter_init": {
        "dim_feat": 48,
        "s_reg": 0.0,
        "l1_reg": 1,
        "T": 1,
        "hidden_dim": 64,
        "num_coupling_blocks": 32,
        "num_layers_mlp": 2
    },
    "feat_opt": {
        "lr": 5e-07,
        "n_iter": 1000,
        "early_stop": 0
    }
}


/mnt/home/jcervino/Github/CoraCiteseer/PieClam/experiments/../clamiter_directed.py:439:::  
staring fit_feats for 1000 iterations


/mnt/home/jcervino/Github/CoraCiteseer/PieClam/experiments/../trainer_directed.py:444:::  



FINISHED train 
 last accuracies:
test
key='auc': 0.5112498908201589
val
key='auc': 0.5165673800382224




/mnt/home/jcervino/Github/CoraCiteseer/PieClam/experiments/../trainer_directed.py:460:::  

train_model_on_params on ieclam citeseer 
took 5.928278684616089 seconds


/mnt/home/jcervino/Github/CoraCiteseer/PieClam/experiments/optimization_utils_directed.py:663:::  
Repetition no. 0


/mnt/home/jcervino/Github/CoraCiteseer/PieClam/experiments/../trainer_directed.py:158:::  

Using dataset specific configuration and not global 




/mnt/home/jcervino/Github/CoraCiteseer/PieClam/experiments/../trainer_directed.py:337:::  

In function train. 
2025-12-15 11:24:16 starting optimization of ieclam on citeseer (DIRECTED) on device cuda

 configs_dict: 
{
    "clamiter_init": {
        "dim_feat": 48,
        "s_reg": 0.1,
        "l1_reg": 1,
        "T": 1,
        "hidden_dim": 64,
        "num_coupling_blocks": 32,
        "num_layers_mlp": 2
    },
    "feat_opt": {
        "lr": 5e-07,
        "n_iter": 1000,
        "early_stop": 0
    }
}


/mnt/home/jcervino/Github/CoraCiteseer/PieClam/experiments/../clamiter_directed.py:439:::  
staring fit_feats for 1000 iterations


/mnt/home/jcervino/Github/CoraCiteseer/PieClam/experiments/../trainer_directed.py:444:::  



FINISHED train 
 last accuracies:
test
key='auc': 0.5063219495152416
val
key='auc': 0.5237254868201304




/mnt/home/jcervino/Github/CoraCiteseer/PieClam/experiments/../trainer_directed.py:460:::  

train_model_on_params on ieclam citeseer 
took 5.924219608306885 seconds


/mnt/home/jcervino/Github/CoraCiteseer/PieClam/experiments/optimization_utils_directed.py:663:::  
Repetition no. 1


/mnt/home/jcervino/Github/CoraCiteseer/PieClam/experiments/../trainer_directed.py:158:::  

Using dataset specific configuration and not global 




/mnt/home/jcervino/Github/CoraCiteseer/PieClam/experiments/../trainer_directed.py:337:::  

In function train. 
2025-12-15 11:24:22 starting optimization of ieclam on citeseer (DIRECTED) on device cuda

 configs_dict: 
{
    "clamiter_init": {
        "dim_feat": 48,
        "s_reg": 0.1,
        "l1_reg": 1,
        "T": 1,
        "hidden_dim": 64,
        "num_coupling_blocks": 32,
        "num_layers_mlp": 2
    },
    "feat_opt": {
        "lr": 5e-07,
        "n_iter": 1000,
        "early_stop": 0
    }
}


/mnt/home/jcervino/Github/CoraCiteseer/PieClam/experiments/../clamiter_directed.py:439:::  
staring fit_feats for 1000 iterations


/mnt/home/jcervino/Github/CoraCiteseer/PieClam/experiments/../trainer_directed.py:444:::  



FINISHED train 
 last accuracies:
test
key='auc': 0.5190496986636387
val
key='auc': 0.4670589349356933




/mnt/home/jcervino/Github/CoraCiteseer/PieClam/experiments/../trainer_directed.py:460:::  

train_model_on_params on ieclam citeseer 
took 5.935291767120361 seconds


/mnt/home/jcervino/Github/CoraCiteseer/PieClam/experiments/optimization_utils_directed.py:663:::  
Repetition no. 2


/mnt/home/jcervino/Github/CoraCiteseer/PieClam/experiments/../trainer_directed.py:158:::  

Using dataset specific configuration and not global 




/mnt/home/jcervino/Github/CoraCiteseer/PieClam/experiments/../trainer_directed.py:337:::  

In function train. 
2025-12-15 11:24:29 starting optimization of ieclam on citeseer (DIRECTED) on device cuda

 configs_dict: 
{
    "clamiter_init": {
        "dim_feat": 48,
        "s_reg": 0.1,
        "l1_reg": 1,
        "T": 1,
        "hidden_dim": 64,
        "num_coupling_blocks": 32,
        "num_layers_mlp": 2
    },
    "feat_opt": {
        "lr": 5e-07,
        "n_iter": 1000,
        "early_stop": 0
    }
}


/mnt/home/jcervino/Github/CoraCiteseer/PieClam/experiments/../clamiter_directed.py:439:::  
staring fit_feats for 1000 iterations


/mnt/home/jcervino/Github/CoraCiteseer/PieClam/experiments/../trainer_directed.py:444:::  



FINISHED train 
 last accuracies:
test
key='auc': 0.514958511660407
val
key='auc': 0.5164339456965272




/mnt/home/jcervino/Github/CoraCiteseer/PieClam/experiments/../trainer_directed.py:460:::  

train_model_on_params on ieclam citeseer 
took 5.913756847381592 seconds


/mnt/home/jcervino/Github/CoraCiteseer/PieClam/experiments/optimization_utils_directed.py:663:::  
Repetition no. 0


/mnt/home/jcervino/Github/CoraCiteseer/PieClam/experiments/../trainer_directed.py:158:::  

Using dataset specific configuration and not global 




/mnt/home/jcervino/Github/CoraCiteseer/PieClam/experiments/../trainer_directed.py:337:::  

In function train. 
2025-12-15 11:24:35 starting optimization of ieclam on citeseer (DIRECTED) on device cuda

 configs_dict: 
{
    "clamiter_init": {
        "dim_feat": 48,
        "s_reg": 0.1,
        "l1_reg": 1,
        "T": 1,
        "hidden_dim": 64,
        "num_coupling_blocks": 32,
        "num_layers_mlp": 2
    },
    "feat_opt": {
        "lr": 5e-06,
        "n_iter": 1000,
        "early_stop": 0
    }
}


/mnt/home/jcervino/Github/CoraCiteseer/PieClam/experiments/../clamiter_directed.py:439:::  
staring fit_feats for 1000 iterations


/mnt/home/jcervino/Github/CoraCiteseer/PieClam/experiments/../trainer_directed.py:444:::  



FINISHED train 
 last accuracies:
test
key='auc': 0.664683378461001
val
key='auc': 0.6764776777259345




/mnt/home/jcervino/Github/CoraCiteseer/PieClam/experiments/../trainer_directed.py:460:::  

train_model_on_params on ieclam citeseer 
took 5.914919376373291 seconds


/mnt/home/jcervino/Github/CoraCiteseer/PieClam/experiments/optimization_utils_directed.py:663:::  
Repetition no. 1


/mnt/home/jcervino/Github/CoraCiteseer/PieClam/experiments/../trainer_directed.py:158:::  

Using dataset specific configuration and not global 




/mnt/home/jcervino/Github/CoraCiteseer/PieClam/experiments/../trainer_directed.py:337:::  

In function train. 
2025-12-15 11:24:41 starting optimization of ieclam on citeseer (DIRECTED) on device cuda

 configs_dict: 
{
    "clamiter_init": {
        "dim_feat": 48,
        "s_reg": 0.1,
        "l1_reg": 1,
        "T": 1,
        "hidden_dim": 64,
        "num_coupling_blocks": 32,
        "num_layers_mlp": 2
    },
    "feat_opt": {
        "lr": 5e-06,
        "n_iter": 1000,
        "early_stop": 0
    }
}


/mnt/home/jcervino/Github/CoraCiteseer/PieClam/experiments/../clamiter_directed.py:439:::  
staring fit_feats for 1000 iterations


/mnt/home/jcervino/Github/CoraCiteseer/PieClam/experiments/../trainer_directed.py:444:::  



FINISHED train 
 last accuracies:
test
key='auc': 0.6534247532535592
val
key='auc': 0.6502513730824194




/mnt/home/jcervino/Github/CoraCiteseer/PieClam/experiments/../trainer_directed.py:460:::  

train_model_on_params on ieclam citeseer 
took 5.909631967544556 seconds


/mnt/home/jcervino/Github/CoraCiteseer/PieClam/experiments/optimization_utils_directed.py:663:::  
Repetition no. 2


/mnt/home/jcervino/Github/CoraCiteseer/PieClam/experiments/../trainer_directed.py:158:::  

Using dataset specific configuration and not global 




/mnt/home/jcervino/Github/CoraCiteseer/PieClam/experiments/../trainer_directed.py:337:::  

In function train. 
2025-12-15 11:24:47 starting optimization of ieclam on citeseer (DIRECTED) on device cuda

 configs_dict: 
{
    "clamiter_init": {
        "dim_feat": 48,
        "s_reg": 0.1,
        "l1_reg": 1,
        "T": 1,
        "hidden_dim": 64,
        "num_coupling_blocks": 32,
        "num_layers_mlp": 2
    },
    "feat_opt": {
        "lr": 5e-06,
        "n_iter": 1000,
        "early_stop": 0
    }
}


/mnt/home/jcervino/Github/CoraCiteseer/PieClam/experiments/../clamiter_directed.py:439:::  
staring fit_feats for 1000 iterations


/mnt/home/jcervino/Github/CoraCiteseer/PieClam/experiments/../trainer_directed.py:444:::  



FINISHED train 
 last accuracies:
test
key='auc': 0.6668495065071186
val
key='auc': 0.7032118937346119




/mnt/home/jcervino/Github/CoraCiteseer/PieClam/experiments/../trainer_directed.py:460:::  

train_model_on_params on ieclam citeseer 
took 5.9077489376068115 seconds


/mnt/home/jcervino/Github/CoraCiteseer/PieClam/experiments/optimization_utils_directed.py:663:::  
Repetition no. 0


/mnt/home/jcervino/Github/CoraCiteseer/PieClam/experiments/../trainer_directed.py:158:::  

Using dataset specific configuration and not global 




/mnt/home/jcervino/Github/CoraCiteseer/PieClam/experiments/../trainer_directed.py:337:::  

In function train. 
2025-12-15 11:24:53 starting optimization of ieclam on citeseer (DIRECTED) on device cuda

 configs_dict: 
{
    "clamiter_init": {
        "dim_feat": 48,
        "s_reg": 0.1,
        "l1_reg": 1,
        "T": 1,
        "hidden_dim": 64,
        "num_coupling_blocks": 32,
        "num_layers_mlp": 2
    },
    "feat_opt": {
        "lr": 5e-07,
        "n_iter": 500,
        "early_stop": 0
    }
}


/mnt/home/jcervino/Github/CoraCiteseer/PieClam/experiments/../clamiter_directed.py:439:::  
staring fit_feats for 500 iterations


/mnt/home/jcervino/Github/CoraCiteseer/PieClam/experiments/../trainer_directed.py:444:::  



FINISHED train 
 last accuracies:
test
key='auc': 0.4868547471394882
val
key='auc': 0.4951576246965445




/mnt/home/jcervino/Github/CoraCiteseer/PieClam/experiments/../trainer_directed.py:460:::  

train_model_on_params on ieclam citeseer 
took 2.9735941886901855 seconds


/mnt/home/jcervino/Github/CoraCiteseer/PieClam/experiments/optimization_utils_directed.py:663:::  
Repetition no. 1


/mnt/home/jcervino/Github/CoraCiteseer/PieClam/experiments/../trainer_directed.py:158:::  

Using dataset specific configuration and not global 




/mnt/home/jcervino/Github/CoraCiteseer/PieClam/experiments/../trainer_directed.py:337:::  

In function train. 
2025-12-15 11:24:56 starting optimization of ieclam on citeseer (DIRECTED) on device cuda

 configs_dict: 
{
    "clamiter_init": {
        "dim_feat": 48,
        "s_reg": 0.1,
        "l1_reg": 1,
        "T": 1,
        "hidden_dim": 64,
        "num_coupling_blocks": 32,
        "num_layers_mlp": 2
    },
    "feat_opt": {
        "lr": 5e-07,
        "n_iter": 500,
        "early_stop": 0
    }
}


/mnt/home/jcervino/Github/CoraCiteseer/PieClam/experiments/../clamiter_directed.py:439:::  
staring fit_feats for 500 iterations


/mnt/home/jcervino/Github/CoraCiteseer/PieClam/experiments/../trainer_directed.py:444:::  



FINISHED train 
 last accuracies:
test
key='auc': 0.513676303607302
val
key='auc': 0.5053761126702364




/mnt/home/jcervino/Github/CoraCiteseer/PieClam/experiments/../trainer_directed.py:460:::  

train_model_on_params on ieclam citeseer 
took 2.976055145263672 seconds


/mnt/home/jcervino/Github/CoraCiteseer/PieClam/experiments/optimization_utils_directed.py:663:::  
Repetition no. 2


/mnt/home/jcervino/Github/CoraCiteseer/PieClam/experiments/../trainer_directed.py:158:::  

Using dataset specific configuration and not global 




/mnt/home/jcervino/Github/CoraCiteseer/PieClam/experiments/../trainer_directed.py:337:::  

In function train. 
2025-12-15 11:24:59 starting optimization of ieclam on citeseer (DIRECTED) on device cuda

 configs_dict: 
{
    "clamiter_init": {
        "dim_feat": 48,
        "s_reg": 0.1,
        "l1_reg": 1,
        "T": 1,
        "hidden_dim": 64,
        "num_coupling_blocks": 32,
        "num_layers_mlp": 2
    },
    "feat_opt": {
        "lr": 5e-07,
        "n_iter": 500,
        "early_stop": 0
    }
}


/mnt/home/jcervino/Github/CoraCiteseer/PieClam/experiments/../clamiter_directed.py:439:::  
staring fit_feats for 500 iterations


/mnt/home/jcervino/Github/CoraCiteseer/PieClam/experiments/../trainer_directed.py:444:::  



FINISHED train 
 last accuracies:
test
key='auc': 0.4908935278190235
val
key='auc': 0.49469275666741275




/mnt/home/jcervino/Github/CoraCiteseer/PieClam/experiments/../trainer_directed.py:460:::  

train_model_on_params on ieclam citeseer 
took 2.9697983264923096 seconds


/mnt/home/jcervino/Github/CoraCiteseer/PieClam/experiments/optimization_utils_directed.py:663:::  
Repetition no. 0


/mnt/home/jcervino/Github/CoraCiteseer/PieClam/experiments/../trainer_directed.py:158:::  

Using dataset specific configuration and not global 




/mnt/home/jcervino/Github/CoraCiteseer/PieClam/experiments/../trainer_directed.py:337:::  

In function train. 
2025-12-15 11:25:02 starting optimization of ieclam on citeseer (DIRECTED) on device cuda

 configs_dict: 
{
    "clamiter_init": {
        "dim_feat": 48,
        "s_reg": 0.1,
        "l1_reg": 1,
        "T": 1,
        "hidden_dim": 64,
        "num_coupling_blocks": 32,
        "num_layers_mlp": 2
    },
    "feat_opt": {
        "lr": 5e-06,
        "n_iter": 3000,
        "early_stop": 0
    }
}


/mnt/home/jcervino/Github/CoraCiteseer/PieClam/experiments/../clamiter_directed.py:439:::  
staring fit_feats for 3000 iterations


/mnt/home/jcervino/Github/CoraCiteseer/PieClam/experiments/../trainer_directed.py:444:::  



FINISHED train 
 last accuracies:
test
key='auc': 0.6349899554546249
val
key='auc': 0.6143790568344208




/mnt/home/jcervino/Github/CoraCiteseer/PieClam/experiments/../trainer_directed.py:460:::  

train_model_on_params on ieclam citeseer 
took 17.781951665878296 seconds


/mnt/home/jcervino/Github/CoraCiteseer/PieClam/experiments/optimization_utils_directed.py:663:::  
Repetition no. 1


/mnt/home/jcervino/Github/CoraCiteseer/PieClam/experiments/../trainer_directed.py:158:::  

Using dataset specific configuration and not global 




/mnt/home/jcervino/Github/CoraCiteseer/PieClam/experiments/../trainer_directed.py:337:::  

In function train. 
2025-12-15 11:25:20 starting optimization of ieclam on citeseer (DIRECTED) on device cuda

 configs_dict: 
{
    "clamiter_init": {
        "dim_feat": 48,
        "s_reg": 0.1,
        "l1_reg": 1,
        "T": 1,
        "hidden_dim": 64,
        "num_coupling_blocks": 32,
        "num_layers_mlp": 2
    },
    "feat_opt": {
        "lr": 5e-06,
        "n_iter": 3000,
        "early_stop": 0
    }
}


/mnt/home/jcervino/Github/CoraCiteseer/PieClam/experiments/../clamiter_directed.py:439:::  
staring fit_feats for 3000 iterations


/mnt/home/jcervino/Github/CoraCiteseer/PieClam/experiments/../trainer_directed.py:444:::  



FINISHED train 
 last accuracies:
test
key='auc': 0.6079657612018516
val
key='auc': 0.6212509254317247




/mnt/home/jcervino/Github/CoraCiteseer/PieClam/experiments/../trainer_directed.py:460:::  

train_model_on_params on ieclam citeseer 
took 44.99353528022766 seconds


/mnt/home/jcervino/Github/CoraCiteseer/PieClam/experiments/optimization_utils_directed.py:663:::  
Repetition no. 2


/mnt/home/jcervino/Github/CoraCiteseer/PieClam/experiments/../trainer_directed.py:158:::  

Using dataset specific configuration and not global 




/mnt/home/jcervino/Github/CoraCiteseer/PieClam/experiments/../trainer_directed.py:337:::  

In function train. 
2025-12-15 11:26:05 starting optimization of ieclam on citeseer (DIRECTED) on device cuda

 configs_dict: 
{
    "clamiter_init": {
        "dim_feat": 48,
        "s_reg": 0.1,
        "l1_reg": 1,
        "T": 1,
        "hidden_dim": 64,
        "num_coupling_blocks": 32,
        "num_layers_mlp": 2
    },
    "feat_opt": {
        "lr": 5e-06,
        "n_iter": 3000,
        "early_stop": 0
    }
}


/mnt/home/jcervino/Github/CoraCiteseer/PieClam/experiments/../clamiter_directed.py:439:::  
staring fit_feats for 3000 iterations


/mnt/home/jcervino/Github/CoraCiteseer/PieClam/experiments/../trainer_directed.py:444:::  



FINISHED train 
 last accuracies:
test
key='auc': 0.6066730718840074
val
key='auc': 0.6261772352404401




/mnt/home/jcervino/Github/CoraCiteseer/PieClam/experiments/../trainer_directed.py:460:::  

train_model_on_params on ieclam citeseer 
took 18.033956050872803 seconds


/mnt/home/jcervino/Github/CoraCiteseer/PieClam/experiments/optimization_utils_directed.py:663:::  
Repetition no. 0


/mnt/home/jcervino/Github/CoraCiteseer/PieClam/experiments/../trainer_directed.py:158:::  

Using dataset specific configuration and not global 




/mnt/home/jcervino/Github/CoraCiteseer/PieClam/experiments/../trainer_directed.py:337:::  

In function train. 
2025-12-15 11:26:24 starting optimization of ieclam on citeseer (DIRECTED) on device cuda

 configs_dict: 
{
    "clamiter_init": {
        "dim_feat": 48,
        "s_reg": 0.0,
        "l1_reg": 1,
        "T": 1,
        "hidden_dim": 64,
        "num_coupling_blocks": 32,
        "num_layers_mlp": 2
    },
    "feat_opt": {
        "lr": 5e-06,
        "n_iter": 1000,
        "early_stop": 0
    }
}


/mnt/home/jcervino/Github/CoraCiteseer/PieClam/experiments/../clamiter_directed.py:439:::  
staring fit_feats for 1000 iterations


/mnt/home/jcervino/Github/CoraCiteseer/PieClam/experiments/../trainer_directed.py:444:::  



FINISHED train 
 last accuracies:
test
key='auc': 0.6770058520394794
val
key='auc': 0.6893777655343399




/mnt/home/jcervino/Github/CoraCiteseer/PieClam/experiments/../trainer_directed.py:460:::  

train_model_on_params on ieclam citeseer 
took 5.925985097885132 seconds


/mnt/home/jcervino/Github/CoraCiteseer/PieClam/experiments/optimization_utils_directed.py:663:::  
Repetition no. 1


/mnt/home/jcervino/Github/CoraCiteseer/PieClam/experiments/../trainer_directed.py:158:::  

Using dataset specific configuration and not global 




/mnt/home/jcervino/Github/CoraCiteseer/PieClam/experiments/../trainer_directed.py:337:::  

In function train. 
2025-12-15 11:26:30 starting optimization of ieclam on citeseer (DIRECTED) on device cuda

 configs_dict: 
{
    "clamiter_init": {
        "dim_feat": 48,
        "s_reg": 0.0,
        "l1_reg": 1,
        "T": 1,
        "hidden_dim": 64,
        "num_coupling_blocks": 32,
        "num_layers_mlp": 2
    },
    "feat_opt": {
        "lr": 5e-06,
        "n_iter": 1000,
        "early_stop": 0
    }
}


/mnt/home/jcervino/Github/CoraCiteseer/PieClam/experiments/../clamiter_directed.py:439:::  
staring fit_feats for 1000 iterations


/mnt/home/jcervino/Github/CoraCiteseer/PieClam/experiments/../trainer_directed.py:444:::  



FINISHED train 
 last accuracies:
test
key='auc': 0.6851131103153115
val
key='auc': 0.6544868373478419




/mnt/home/jcervino/Github/CoraCiteseer/PieClam/experiments/../trainer_directed.py:460:::  

train_model_on_params on ieclam citeseer 
took 5.908013105392456 seconds


/mnt/home/jcervino/Github/CoraCiteseer/PieClam/experiments/optimization_utils_directed.py:663:::  
Repetition no. 2


/mnt/home/jcervino/Github/CoraCiteseer/PieClam/experiments/../trainer_directed.py:158:::  

Using dataset specific configuration and not global 




/mnt/home/jcervino/Github/CoraCiteseer/PieClam/experiments/../trainer_directed.py:337:::  

In function train. 
2025-12-15 11:26:36 starting optimization of ieclam on citeseer (DIRECTED) on device cuda

 configs_dict: 
{
    "clamiter_init": {
        "dim_feat": 48,
        "s_reg": 0.0,
        "l1_reg": 1,
        "T": 1,
        "hidden_dim": 64,
        "num_coupling_blocks": 32,
        "num_layers_mlp": 2
    },
    "feat_opt": {
        "lr": 5e-06,
        "n_iter": 1000,
        "early_stop": 0
    }
}


/mnt/home/jcervino/Github/CoraCiteseer/PieClam/experiments/../clamiter_directed.py:439:::  
staring fit_feats for 1000 iterations


/mnt/home/jcervino/Github/CoraCiteseer/PieClam/experiments/../trainer_directed.py:444:::  



FINISHED train 
 last accuracies:
test
key='auc': 0.6765656389204296
val
key='auc': 0.671176890893752




/mnt/home/jcervino/Github/CoraCiteseer/PieClam/experiments/../trainer_directed.py:460:::  

train_model_on_params on ieclam citeseer 
took 5.924820423126221 seconds


/mnt/home/jcervino/Github/CoraCiteseer/PieClam/experiments/optimization_utils_directed.py:663:::  
Repetition no. 0


/mnt/home/jcervino/Github/CoraCiteseer/PieClam/experiments/../trainer_directed.py:158:::  

Using dataset specific configuration and not global 




/mnt/home/jcervino/Github/CoraCiteseer/PieClam/experiments/../trainer_directed.py:337:::  

In function train. 
2025-12-15 11:26:42 starting optimization of ieclam on citeseer (DIRECTED) on device cuda

 configs_dict: 
{
    "clamiter_init": {
        "dim_feat": 48,
        "s_reg": 0.0,
        "l1_reg": 1,
        "T": 1,
        "hidden_dim": 64,
        "num_coupling_blocks": 32,
        "num_layers_mlp": 2
    },
    "feat_opt": {
        "lr": 5e-07,
        "n_iter": 3000,
        "early_stop": 0
    }
}


/mnt/home/jcervino/Github/CoraCiteseer/PieClam/experiments/../clamiter_directed.py:439:::  
staring fit_feats for 3000 iterations


/mnt/home/jcervino/Github/CoraCiteseer/PieClam/experiments/../trainer_directed.py:444:::  



FINISHED train 
 last accuracies:
test
key='auc': 0.5809223512970565
val
key='auc': 0.5739398426335636




/mnt/home/jcervino/Github/CoraCiteseer/PieClam/experiments/../trainer_directed.py:460:::  

train_model_on_params on ieclam citeseer 
took 17.730708599090576 seconds


/mnt/home/jcervino/Github/CoraCiteseer/PieClam/experiments/optimization_utils_directed.py:663:::  
Repetition no. 1


/mnt/home/jcervino/Github/CoraCiteseer/PieClam/experiments/../trainer_directed.py:158:::  

Using dataset specific configuration and not global 




/mnt/home/jcervino/Github/CoraCiteseer/PieClam/experiments/../trainer_directed.py:337:::  

In function train. 
2025-12-15 11:27:00 starting optimization of ieclam on citeseer (DIRECTED) on device cuda

 configs_dict: 
{
    "clamiter_init": {
        "dim_feat": 48,
        "s_reg": 0.0,
        "l1_reg": 1,
        "T": 1,
        "hidden_dim": 64,
        "num_coupling_blocks": 32,
        "num_layers_mlp": 2
    },
    "feat_opt": {
        "lr": 5e-07,
        "n_iter": 3000,
        "early_stop": 0
    }
}


/mnt/home/jcervino/Github/CoraCiteseer/PieClam/experiments/../clamiter_directed.py:439:::  
staring fit_feats for 3000 iterations


/mnt/home/jcervino/Github/CoraCiteseer/PieClam/experiments/../trainer_directed.py:444:::  



FINISHED train 
 last accuracies:
test
key='auc': 0.5995982181849944
val
key='auc': 0.5812313837571667




/mnt/home/jcervino/Github/CoraCiteseer/PieClam/experiments/../trainer_directed.py:460:::  

train_model_on_params on ieclam citeseer 
took 20.792875051498413 seconds


/mnt/home/jcervino/Github/CoraCiteseer/PieClam/experiments/optimization_utils_directed.py:663:::  
Repetition no. 2


/mnt/home/jcervino/Github/CoraCiteseer/PieClam/experiments/../trainer_directed.py:158:::  

Using dataset specific configuration and not global 




/mnt/home/jcervino/Github/CoraCiteseer/PieClam/experiments/../trainer_directed.py:337:::  

In function train. 
2025-12-15 11:27:21 starting optimization of ieclam on citeseer (DIRECTED) on device cuda

 configs_dict: 
{
    "clamiter_init": {
        "dim_feat": 48,
        "s_reg": 0.0,
        "l1_reg": 1,
        "T": 1,
        "hidden_dim": 64,
        "num_coupling_blocks": 32,
        "num_layers_mlp": 2
    },
    "feat_opt": {
        "lr": 5e-07,
        "n_iter": 3000,
        "early_stop": 0
    }
}


/mnt/home/jcervino/Github/CoraCiteseer/PieClam/experiments/../clamiter_directed.py:439:::  
staring fit_feats for 3000 iterations


/mnt/home/jcervino/Github/CoraCiteseer/PieClam/experiments/../trainer_directed.py:444:::  



FINISHED train 
 last accuracies:
test
key='auc': 0.5827443444842344
val
key='auc': 0.5841733957748663




/mnt/home/jcervino/Github/CoraCiteseer/PieClam/experiments/../trainer_directed.py:460:::  

train_model_on_params on ieclam citeseer 
took 33.69458222389221 seconds


/mnt/home/jcervino/Github/CoraCiteseer/PieClam/experiments/optimization_utils_directed.py:663:::  
Repetition no. 0


/mnt/home/jcervino/Github/CoraCiteseer/PieClam/experiments/../trainer_directed.py:158:::  

Using dataset specific configuration and not global 




/mnt/home/jcervino/Github/CoraCiteseer/PieClam/experiments/../trainer_directed.py:337:::  

In function train. 
2025-12-15 11:27:55 starting optimization of ieclam on citeseer (DIRECTED) on device cuda

 configs_dict: 
{
    "clamiter_init": {
        "dim_feat": 48,
        "s_reg": 0.0,
        "l1_reg": 1,
        "T": 1,
        "hidden_dim": 64,
        "num_coupling_blocks": 32,
        "num_layers_mlp": 2
    },
    "feat_opt": {
        "lr": 5e-07,
        "n_iter": 500,
        "early_stop": 0
    }
}


/mnt/home/jcervino/Github/CoraCiteseer/PieClam/experiments/../clamiter_directed.py:439:::  
staring fit_feats for 500 iterations


/mnt/home/jcervino/Github/CoraCiteseer/PieClam/experiments/../trainer_directed.py:444:::  



FINISHED train 
 last accuracies:
test
key='auc': 0.5279587736920255
val
key='auc': 0.5361865326010228




/mnt/home/jcervino/Github/CoraCiteseer/PieClam/experiments/../trainer_directed.py:460:::  

train_model_on_params on ieclam citeseer 
took 2.9801528453826904 seconds


/mnt/home/jcervino/Github/CoraCiteseer/PieClam/experiments/optimization_utils_directed.py:663:::  
Repetition no. 1


/mnt/home/jcervino/Github/CoraCiteseer/PieClam/experiments/../trainer_directed.py:158:::  

Using dataset specific configuration and not global 




/mnt/home/jcervino/Github/CoraCiteseer/PieClam/experiments/../trainer_directed.py:337:::  

In function train. 
2025-12-15 11:27:58 starting optimization of ieclam on citeseer (DIRECTED) on device cuda

 configs_dict: 
{
    "clamiter_init": {
        "dim_feat": 48,
        "s_reg": 0.0,
        "l1_reg": 1,
        "T": 1,
        "hidden_dim": 64,
        "num_coupling_blocks": 32,
        "num_layers_mlp": 2
    },
    "feat_opt": {
        "lr": 5e-07,
        "n_iter": 500,
        "early_stop": 0
    }
}


/mnt/home/jcervino/Github/CoraCiteseer/PieClam/experiments/../clamiter_directed.py:439:::  
staring fit_feats for 500 iterations


/mnt/home/jcervino/Github/CoraCiteseer/PieClam/experiments/../trainer_directed.py:444:::  



FINISHED train 
 last accuracies:
test
key='auc': 0.5307677526421521
val
key='auc': 0.558031025636611




/mnt/home/jcervino/Github/CoraCiteseer/PieClam/experiments/../trainer_directed.py:460:::  

train_model_on_params on ieclam citeseer 
took 2.9713404178619385 seconds


/mnt/home/jcervino/Github/CoraCiteseer/PieClam/experiments/optimization_utils_directed.py:663:::  
Repetition no. 2


/mnt/home/jcervino/Github/CoraCiteseer/PieClam/experiments/../trainer_directed.py:158:::  

Using dataset specific configuration and not global 




/mnt/home/jcervino/Github/CoraCiteseer/PieClam/experiments/../trainer_directed.py:337:::  

In function train. 
2025-12-15 11:28:01 starting optimization of ieclam on citeseer (DIRECTED) on device cuda

 configs_dict: 
{
    "clamiter_init": {
        "dim_feat": 48,
        "s_reg": 0.0,
        "l1_reg": 1,
        "T": 1,
        "hidden_dim": 64,
        "num_coupling_blocks": 32,
        "num_layers_mlp": 2
    },
    "feat_opt": {
        "lr": 5e-07,
        "n_iter": 500,
        "early_stop": 0
    }
}


/mnt/home/jcervino/Github/CoraCiteseer/PieClam/experiments/../clamiter_directed.py:439:::  
staring fit_feats for 500 iterations


/mnt/home/jcervino/Github/CoraCiteseer/PieClam/experiments/../trainer_directed.py:444:::  



FINISHED train 
 last accuracies:
test
key='auc': 0.505364660669054
val
key='auc': 0.5066889344191732




/mnt/home/jcervino/Github/CoraCiteseer/PieClam/experiments/../trainer_directed.py:460:::  

train_model_on_params on ieclam citeseer 
took 2.978461980819702 seconds


/mnt/home/jcervino/Github/CoraCiteseer/PieClam/experiments/optimization_utils_directed.py:663:::  
Repetition no. 0


/mnt/home/jcervino/Github/CoraCiteseer/PieClam/experiments/../trainer_directed.py:158:::  

Using dataset specific configuration and not global 




/mnt/home/jcervino/Github/CoraCiteseer/PieClam/experiments/../trainer_directed.py:337:::  

In function train. 
2025-12-15 11:28:04 starting optimization of ieclam on citeseer (DIRECTED) on device cuda

 configs_dict: 
{
    "clamiter_init": {
        "dim_feat": 48,
        "s_reg": 0.0,
        "l1_reg": 1,
        "T": 1,
        "hidden_dim": 64,
        "num_coupling_blocks": 32,
        "num_layers_mlp": 2
    },
    "feat_opt": {
        "lr": 5e-06,
        "n_iter": 500,
        "early_stop": 0
    }
}


/mnt/home/jcervino/Github/CoraCiteseer/PieClam/experiments/../clamiter_directed.py:439:::  
staring fit_feats for 500 iterations


/mnt/home/jcervino/Github/CoraCiteseer/PieClam/experiments/../trainer_directed.py:444:::  



FINISHED train 
 last accuracies:
test
key='auc': 0.6564800419250589
val
key='auc': 0.6790710387217852




/mnt/home/jcervino/Github/CoraCiteseer/PieClam/experiments/../trainer_directed.py:460:::  

train_model_on_params on ieclam citeseer 
took 2.9787585735321045 seconds


/mnt/home/jcervino/Github/CoraCiteseer/PieClam/experiments/optimization_utils_directed.py:663:::  
Repetition no. 1


/mnt/home/jcervino/Github/CoraCiteseer/PieClam/experiments/../trainer_directed.py:158:::  

Using dataset specific configuration and not global 




/mnt/home/jcervino/Github/CoraCiteseer/PieClam/experiments/../trainer_directed.py:337:::  

In function train. 
2025-12-15 11:28:07 starting optimization of ieclam on citeseer (DIRECTED) on device cuda

 configs_dict: 
{
    "clamiter_init": {
        "dim_feat": 48,
        "s_reg": 0.0,
        "l1_reg": 1,
        "T": 1,
        "hidden_dim": 64,
        "num_coupling_blocks": 32,
        "num_layers_mlp": 2
    },
    "feat_opt": {
        "lr": 5e-06,
        "n_iter": 500,
        "early_stop": 0
    }
}


/mnt/home/jcervino/Github/CoraCiteseer/PieClam/experiments/../clamiter_directed.py:439:::  
staring fit_feats for 500 iterations


/mnt/home/jcervino/Github/CoraCiteseer/PieClam/experiments/../trainer_directed.py:444:::  



FINISHED train 
 last accuracies:
test
key='auc': 0.6506262555681719
val
key='auc': 0.6634549164098414




/mnt/home/jcervino/Github/CoraCiteseer/PieClam/experiments/../trainer_directed.py:460:::  

train_model_on_params on ieclam citeseer 
took 3.019671678543091 seconds


/mnt/home/jcervino/Github/CoraCiteseer/PieClam/experiments/optimization_utils_directed.py:663:::  
Repetition no. 2


/mnt/home/jcervino/Github/CoraCiteseer/PieClam/experiments/../trainer_directed.py:158:::  

Using dataset specific configuration and not global 




/mnt/home/jcervino/Github/CoraCiteseer/PieClam/experiments/../trainer_directed.py:337:::  

In function train. 
2025-12-15 11:28:10 starting optimization of ieclam on citeseer (DIRECTED) on device cuda

 configs_dict: 
{
    "clamiter_init": {
        "dim_feat": 48,
        "s_reg": 0.0,
        "l1_reg": 1,
        "T": 1,
        "hidden_dim": 64,
        "num_coupling_blocks": 32,
        "num_layers_mlp": 2
    },
    "feat_opt": {
        "lr": 5e-06,
        "n_iter": 500,
        "early_stop": 0
    }
}


/mnt/home/jcervino/Github/CoraCiteseer/PieClam/experiments/../clamiter_directed.py:439:::  
staring fit_feats for 500 iterations


/mnt/home/jcervino/Github/CoraCiteseer/PieClam/experiments/../trainer_directed.py:444:::  



FINISHED train 
 last accuracies:
test
key='auc': 0.6575491309284653
val
key='auc': 0.6748786177923933




/mnt/home/jcervino/Github/CoraCiteseer/PieClam/experiments/../trainer_directed.py:460:::  

train_model_on_params on ieclam citeseer 
took 2.972289562225342 seconds


/mnt/home/jcervino/Github/CoraCiteseer/PieClam/experiments/optimization_utils_directed.py:663:::  
Repetition no. 0


/mnt/home/jcervino/Github/CoraCiteseer/PieClam/experiments/../trainer_directed.py:158:::  

Using dataset specific configuration and not global 




/mnt/home/jcervino/Github/CoraCiteseer/PieClam/experiments/../trainer_directed.py:337:::  

In function train. 
2025-12-15 11:28:13 starting optimization of ieclam on citeseer (DIRECTED) on device cuda

 configs_dict: 
{
    "clamiter_init": {
        "dim_feat": 48,
        "s_reg": 0.1,
        "l1_reg": 1,
        "T": 1,
        "hidden_dim": 64,
        "num_coupling_blocks": 32,
        "num_layers_mlp": 2
    },
    "feat_opt": {
        "lr": 5e-07,
        "n_iter": 3000,
        "early_stop": 0
    }
}


/mnt/home/jcervino/Github/CoraCiteseer/PieClam/experiments/../clamiter_directed.py:439:::  
staring fit_feats for 3000 iterations


/mnt/home/jcervino/Github/CoraCiteseer/PieClam/experiments/../trainer_directed.py:444:::  



FINISHED train 
 last accuracies:
test
key='auc': 0.5642571403616037
val
key='auc': 0.5654129577658787




/mnt/home/jcervino/Github/CoraCiteseer/PieClam/experiments/../trainer_directed.py:460:::  

train_model_on_params on ieclam citeseer 
took 17.731932163238525 seconds


/mnt/home/jcervino/Github/CoraCiteseer/PieClam/experiments/optimization_utils_directed.py:663:::  
Repetition no. 1


/mnt/home/jcervino/Github/CoraCiteseer/PieClam/experiments/../trainer_directed.py:158:::  

Using dataset specific configuration and not global 




/mnt/home/jcervino/Github/CoraCiteseer/PieClam/experiments/../trainer_directed.py:337:::  

In function train. 
2025-12-15 11:28:31 starting optimization of ieclam on citeseer (DIRECTED) on device cuda

 configs_dict: 
{
    "clamiter_init": {
        "dim_feat": 48,
        "s_reg": 0.1,
        "l1_reg": 1,
        "T": 1,
        "hidden_dim": 64,
        "num_coupling_blocks": 32,
        "num_layers_mlp": 2
    },
    "feat_opt": {
        "lr": 5e-07,
        "n_iter": 3000,
        "early_stop": 0
    }
}


/mnt/home/jcervino/Github/CoraCiteseer/PieClam/experiments/../clamiter_directed.py:439:::  
staring fit_feats for 3000 iterations


/mnt/home/jcervino/Github/CoraCiteseer/PieClam/experiments/../trainer_directed.py:444:::  



FINISHED train 
 last accuracies:
test
key='auc': 0.5854502576644248
val
key='auc': 0.5860242592241869




/mnt/home/jcervino/Github/CoraCiteseer/PieClam/experiments/../trainer_directed.py:460:::  

train_model_on_params on ieclam citeseer 
took 17.698713302612305 seconds


/mnt/home/jcervino/Github/CoraCiteseer/PieClam/experiments/optimization_utils_directed.py:663:::  
Repetition no. 2


/mnt/home/jcervino/Github/CoraCiteseer/PieClam/experiments/../trainer_directed.py:158:::  

Using dataset specific configuration and not global 




/mnt/home/jcervino/Github/CoraCiteseer/PieClam/experiments/../trainer_directed.py:337:::  

In function train. 
2025-12-15 11:28:49 starting optimization of ieclam on citeseer (DIRECTED) on device cuda

 configs_dict: 
{
    "clamiter_init": {
        "dim_feat": 48,
        "s_reg": 0.1,
        "l1_reg": 1,
        "T": 1,
        "hidden_dim": 64,
        "num_coupling_blocks": 32,
        "num_layers_mlp": 2
    },
    "feat_opt": {
        "lr": 5e-07,
        "n_iter": 3000,
        "early_stop": 0
    }
}


/mnt/home/jcervino/Github/CoraCiteseer/PieClam/experiments/../clamiter_directed.py:439:::  
staring fit_feats for 3000 iterations


/mnt/home/jcervino/Github/CoraCiteseer/PieClam/experiments/../trainer_directed.py:444:::  



FINISHED train 
 last accuracies:
test
key='auc': 0.5665525373395056
val
key='auc': 0.5710796129543224




/mnt/home/jcervino/Github/CoraCiteseer/PieClam/experiments/../trainer_directed.py:460:::  

train_model_on_params on ieclam citeseer 
took 17.72894859313965 seconds


/mnt/home/jcervino/Github/CoraCiteseer/PieClam/experiments/optimization_utils_directed.py:738:::  


Finished CrossVal!




/mnt/home/jcervino/Github/CoraCiteseer/PieClam/experiments/optimization_utils_directed.py:514:::  
On test set split_23-13_22-11-25 of citeseer,ieclam
 ======================


/mnt/home/jcervino/Github/CoraCiteseer/PieClam/experiments/../datasets/import_dataset.py:258:::  
end of import_dataset
citeseer 
has 4230 nodes 
and 5358 edges. 
Graph is directed
Graph has NO self loops


/mnt/home/jcervino/Github/CoraCiteseer/PieClam/experiments/optimization_utils_directed.py:638:::  
RunSaver defined to acc_configs path /mnt/home/jcervino/Github/CoraCiteseer/PieClam/experiments/results/directed/link_prediction/auc/citeseer/ieclam/split_23-13_22-11-25/valid/acc_configs11-29_15-12-25.json


/mnt/home/jcervino/Github/CoraCiteseer/PieClam/experiments/optimization_utils_directed.py:663:::  
Repetition no. 0


/mnt/home/jcervino/Github/CoraCiteseer/PieClam/experiments/../trainer_directed.py:158:::  

Using dataset specific configuration and not global 




/mnt/home/jcervino/Github/CoraCiteseer/PieClam/experiments/../trainer_directed.py:337:::  

In function train. 
2025-12-15 11:29:08 starting optimization of ieclam on citeseer (DIRECTED) on device cuda

 configs_dict: 
{
    "clamiter_init": {
        "dim_feat": 48,
        "s_reg": 0.1,
        "l1_reg": 1,
        "T": 1,
        "hidden_dim": 64,
        "num_coupling_blocks": 32,
        "num_layers_mlp": 2
    },
    "feat_opt": {
        "lr": 5e-06,
        "n_iter": 500,
        "early_stop": 0
    }
}


/mnt/home/jcervino/Github/CoraCiteseer/PieClam/experiments/../clamiter_directed.py:439:::  
staring fit_feats for 500 iterations


/mnt/home/jcervino/Github/CoraCiteseer/PieClam/experiments/../trainer_directed.py:444:::  



FINISHED train 
 last accuracies:
test
key='auc': 0.6666590968643551
val
key='auc': 0.6565249393088961




/mnt/home/jcervino/Github/CoraCiteseer/PieClam/experiments/../trainer_directed.py:460:::  

train_model_on_params on ieclam citeseer 
took 3.030515193939209 seconds


/mnt/home/jcervino/Github/CoraCiteseer/PieClam/experiments/optimization_utils_directed.py:663:::  
Repetition no. 1


/mnt/home/jcervino/Github/CoraCiteseer/PieClam/experiments/../trainer_directed.py:158:::  

Using dataset specific configuration and not global 




/mnt/home/jcervino/Github/CoraCiteseer/PieClam/experiments/../trainer_directed.py:337:::  

In function train. 
2025-12-15 11:29:11 starting optimization of ieclam on citeseer (DIRECTED) on device cuda

 configs_dict: 
{
    "clamiter_init": {
        "dim_feat": 48,
        "s_reg": 0.1,
        "l1_reg": 1,
        "T": 1,
        "hidden_dim": 64,
        "num_coupling_blocks": 32,
        "num_layers_mlp": 2
    },
    "feat_opt": {
        "lr": 5e-06,
        "n_iter": 500,
        "early_stop": 0
    }
}


/mnt/home/jcervino/Github/CoraCiteseer/PieClam/experiments/../clamiter_directed.py:439:::  
staring fit_feats for 500 iterations


/mnt/home/jcervino/Github/CoraCiteseer/PieClam/experiments/../trainer_directed.py:444:::  



FINISHED train 
 last accuracies:
test
key='auc': 0.6298104637959648
val
key='auc': 0.6734237530345553




/mnt/home/jcervino/Github/CoraCiteseer/PieClam/experiments/../trainer_directed.py:460:::  

train_model_on_params on ieclam citeseer 
took 2.984633684158325 seconds


/mnt/home/jcervino/Github/CoraCiteseer/PieClam/experiments/optimization_utils_directed.py:663:::  
Repetition no. 2


/mnt/home/jcervino/Github/CoraCiteseer/PieClam/experiments/../trainer_directed.py:158:::  

Using dataset specific configuration and not global 




/mnt/home/jcervino/Github/CoraCiteseer/PieClam/experiments/../trainer_directed.py:337:::  

In function train. 
2025-12-15 11:29:14 starting optimization of ieclam on citeseer (DIRECTED) on device cuda

 configs_dict: 
{
    "clamiter_init": {
        "dim_feat": 48,
        "s_reg": 0.1,
        "l1_reg": 1,
        "T": 1,
        "hidden_dim": 64,
        "num_coupling_blocks": 32,
        "num_layers_mlp": 2
    },
    "feat_opt": {
        "lr": 5e-06,
        "n_iter": 500,
        "early_stop": 0
    }
}


/mnt/home/jcervino/Github/CoraCiteseer/PieClam/experiments/../clamiter_directed.py:439:::  
staring fit_feats for 500 iterations


/mnt/home/jcervino/Github/CoraCiteseer/PieClam/experiments/../trainer_directed.py:444:::  



FINISHED train 
 last accuracies:
test
key='auc': 0.6711782688444405
val
key='auc': 0.6726123861503762




/mnt/home/jcervino/Github/CoraCiteseer/PieClam/experiments/../trainer_directed.py:460:::  

train_model_on_params on ieclam citeseer 
took 2.9732887744903564 seconds


/mnt/home/jcervino/Github/CoraCiteseer/PieClam/experiments/optimization_utils_directed.py:663:::  
Repetition no. 0


/mnt/home/jcervino/Github/CoraCiteseer/PieClam/experiments/../trainer_directed.py:158:::  

Using dataset specific configuration and not global 




/mnt/home/jcervino/Github/CoraCiteseer/PieClam/experiments/../trainer_directed.py:337:::  

In function train. 
2025-12-15 11:29:17 starting optimization of ieclam on citeseer (DIRECTED) on device cuda

 configs_dict: 
{
    "clamiter_init": {
        "dim_feat": 48,
        "s_reg": 0.0,
        "l1_reg": 1,
        "T": 1,
        "hidden_dim": 64,
        "num_coupling_blocks": 32,
        "num_layers_mlp": 2
    },
    "feat_opt": {
        "lr": 5e-06,
        "n_iter": 3000,
        "early_stop": 0
    }
}


/mnt/home/jcervino/Github/CoraCiteseer/PieClam/experiments/../clamiter_directed.py:439:::  
staring fit_feats for 3000 iterations


/mnt/home/jcervino/Github/CoraCiteseer/PieClam/experiments/../trainer_directed.py:444:::  



FINISHED train 
 last accuracies:
test
key='auc': 0.6004017818150057
val
key='auc': 0.6157865739226254




/mnt/home/jcervino/Github/CoraCiteseer/PieClam/experiments/../trainer_directed.py:460:::  

train_model_on_params on ieclam citeseer 
took 17.73363995552063 seconds


/mnt/home/jcervino/Github/CoraCiteseer/PieClam/experiments/optimization_utils_directed.py:663:::  
Repetition no. 1


/mnt/home/jcervino/Github/CoraCiteseer/PieClam/experiments/../trainer_directed.py:158:::  

Using dataset specific configuration and not global 




/mnt/home/jcervino/Github/CoraCiteseer/PieClam/experiments/../trainer_directed.py:337:::  

In function train. 
2025-12-15 11:29:35 starting optimization of ieclam on citeseer (DIRECTED) on device cuda

 configs_dict: 
{
    "clamiter_init": {
        "dim_feat": 48,
        "s_reg": 0.0,
        "l1_reg": 1,
        "T": 1,
        "hidden_dim": 64,
        "num_coupling_blocks": 32,
        "num_layers_mlp": 2
    },
    "feat_opt": {
        "lr": 5e-06,
        "n_iter": 3000,
        "early_stop": 0
    }
}


/mnt/home/jcervino/Github/CoraCiteseer/PieClam/experiments/../clamiter_directed.py:439:::  
staring fit_feats for 3000 iterations


/mnt/home/jcervino/Github/CoraCiteseer/PieClam/experiments/../trainer_directed.py:444:::  



FINISHED train 
 last accuracies:
test
key='auc': 0.6210883046554284
val
key='auc': 0.634415729756719




/mnt/home/jcervino/Github/CoraCiteseer/PieClam/experiments/../trainer_directed.py:460:::  

train_model_on_params on ieclam citeseer 
took 17.694581747055054 seconds


/mnt/home/jcervino/Github/CoraCiteseer/PieClam/experiments/optimization_utils_directed.py:663:::  
Repetition no. 2


/mnt/home/jcervino/Github/CoraCiteseer/PieClam/experiments/../trainer_directed.py:158:::  

Using dataset specific configuration and not global 




/mnt/home/jcervino/Github/CoraCiteseer/PieClam/experiments/../trainer_directed.py:337:::  

In function train. 
2025-12-15 11:29:53 starting optimization of ieclam on citeseer (DIRECTED) on device cuda

 configs_dict: 
{
    "clamiter_init": {
        "dim_feat": 48,
        "s_reg": 0.0,
        "l1_reg": 1,
        "T": 1,
        "hidden_dim": 64,
        "num_coupling_blocks": 32,
        "num_layers_mlp": 2
    },
    "feat_opt": {
        "lr": 5e-06,
        "n_iter": 3000,
        "early_stop": 0
    }
}


/mnt/home/jcervino/Github/CoraCiteseer/PieClam/experiments/../clamiter_directed.py:439:::  
staring fit_feats for 3000 iterations


/mnt/home/jcervino/Github/CoraCiteseer/PieClam/experiments/../trainer_directed.py:444:::  



FINISHED train 
 last accuracies:
test
key='auc': 0.6188523015110491
val
key='auc': 0.591740414249066




/mnt/home/jcervino/Github/CoraCiteseer/PieClam/experiments/../trainer_directed.py:460:::  

train_model_on_params on ieclam citeseer 
took 17.749056816101074 seconds


/mnt/home/jcervino/Github/CoraCiteseer/PieClam/experiments/optimization_utils_directed.py:663:::  
Repetition no. 0


/mnt/home/jcervino/Github/CoraCiteseer/PieClam/experiments/../trainer_directed.py:158:::  

Using dataset specific configuration and not global 




/mnt/home/jcervino/Github/CoraCiteseer/PieClam/experiments/../trainer_directed.py:337:::  

In function train. 
2025-12-15 11:30:11 starting optimization of ieclam on citeseer (DIRECTED) on device cuda

 configs_dict: 
{
    "clamiter_init": {
        "dim_feat": 48,
        "s_reg": 0.0,
        "l1_reg": 1,
        "T": 1,
        "hidden_dim": 64,
        "num_coupling_blocks": 32,
        "num_layers_mlp": 2
    },
    "feat_opt": {
        "lr": 5e-07,
        "n_iter": 1000,
        "early_stop": 0
    }
}


/mnt/home/jcervino/Github/CoraCiteseer/PieClam/experiments/../clamiter_directed.py:439:::  
staring fit_feats for 1000 iterations


/mnt/home/jcervino/Github/CoraCiteseer/PieClam/experiments/../trainer_directed.py:444:::  



FINISHED train 
 last accuracies:
test
key='auc': 0.5293405537601538
val
key='auc': 0.502771990840378




/mnt/home/jcervino/Github/CoraCiteseer/PieClam/experiments/../trainer_directed.py:460:::  

train_model_on_params on ieclam citeseer 
took 5.922636032104492 seconds


/mnt/home/jcervino/Github/CoraCiteseer/PieClam/experiments/optimization_utils_directed.py:663:::  
Repetition no. 1


/mnt/home/jcervino/Github/CoraCiteseer/PieClam/experiments/../trainer_directed.py:158:::  

Using dataset specific configuration and not global 




/mnt/home/jcervino/Github/CoraCiteseer/PieClam/experiments/../trainer_directed.py:337:::  

In function train. 
2025-12-15 11:30:17 starting optimization of ieclam on citeseer (DIRECTED) on device cuda

 configs_dict: 
{
    "clamiter_init": {
        "dim_feat": 48,
        "s_reg": 0.0,
        "l1_reg": 1,
        "T": 1,
        "hidden_dim": 64,
        "num_coupling_blocks": 32,
        "num_layers_mlp": 2
    },
    "feat_opt": {
        "lr": 5e-07,
        "n_iter": 1000,
        "early_stop": 0
    }
}


/mnt/home/jcervino/Github/CoraCiteseer/PieClam/experiments/../clamiter_directed.py:439:::  
staring fit_feats for 1000 iterations


/mnt/home/jcervino/Github/CoraCiteseer/PieClam/experiments/../trainer_directed.py:444:::  



FINISHED train 
 last accuracies:
test
key='auc': 0.5152834308673248
val
key='auc': 0.4993801759611577




/mnt/home/jcervino/Github/CoraCiteseer/PieClam/experiments/../trainer_directed.py:460:::  

train_model_on_params on ieclam citeseer 
took 6.460469484329224 seconds


/mnt/home/jcervino/Github/CoraCiteseer/PieClam/experiments/optimization_utils_directed.py:663:::  
Repetition no. 2


/mnt/home/jcervino/Github/CoraCiteseer/PieClam/experiments/../trainer_directed.py:158:::  

Using dataset specific configuration and not global 




/mnt/home/jcervino/Github/CoraCiteseer/PieClam/experiments/../trainer_directed.py:337:::  

In function train. 
2025-12-15 11:30:24 starting optimization of ieclam on citeseer (DIRECTED) on device cuda

 configs_dict: 
{
    "clamiter_init": {
        "dim_feat": 48,
        "s_reg": 0.0,
        "l1_reg": 1,
        "T": 1,
        "hidden_dim": 64,
        "num_coupling_blocks": 32,
        "num_layers_mlp": 2
    },
    "feat_opt": {
        "lr": 5e-07,
        "n_iter": 1000,
        "early_stop": 0
    }
}


/mnt/home/jcervino/Github/CoraCiteseer/PieClam/experiments/../clamiter_directed.py:439:::  
staring fit_feats for 1000 iterations


/mnt/home/jcervino/Github/CoraCiteseer/PieClam/experiments/../trainer_directed.py:444:::  



FINISHED train 
 last accuracies:
test
key='auc': 0.4988977203249192
val
key='auc': 0.5219090580396343




/mnt/home/jcervino/Github/CoraCiteseer/PieClam/experiments/../trainer_directed.py:460:::  

train_model_on_params on ieclam citeseer 
took 5.933337926864624 seconds


/mnt/home/jcervino/Github/CoraCiteseer/PieClam/experiments/optimization_utils_directed.py:663:::  
Repetition no. 0


/mnt/home/jcervino/Github/CoraCiteseer/PieClam/experiments/../trainer_directed.py:158:::  

Using dataset specific configuration and not global 




/mnt/home/jcervino/Github/CoraCiteseer/PieClam/experiments/../trainer_directed.py:337:::  

In function train. 
2025-12-15 11:30:30 starting optimization of ieclam on citeseer (DIRECTED) on device cuda

 configs_dict: 
{
    "clamiter_init": {
        "dim_feat": 48,
        "s_reg": 0.1,
        "l1_reg": 1,
        "T": 1,
        "hidden_dim": 64,
        "num_coupling_blocks": 32,
        "num_layers_mlp": 2
    },
    "feat_opt": {
        "lr": 5e-07,
        "n_iter": 1000,
        "early_stop": 0
    }
}


/mnt/home/jcervino/Github/CoraCiteseer/PieClam/experiments/../clamiter_directed.py:439:::  
staring fit_feats for 1000 iterations


/mnt/home/jcervino/Github/CoraCiteseer/PieClam/experiments/../trainer_directed.py:444:::  



FINISHED train 
 last accuracies:
test
key='auc': 0.47668792034238794
val
key='auc': 0.5418036879530311




/mnt/home/jcervino/Github/CoraCiteseer/PieClam/experiments/../trainer_directed.py:460:::  

train_model_on_params on ieclam citeseer 
took 5.9230968952178955 seconds


/mnt/home/jcervino/Github/CoraCiteseer/PieClam/experiments/optimization_utils_directed.py:663:::  
Repetition no. 1


/mnt/home/jcervino/Github/CoraCiteseer/PieClam/experiments/../trainer_directed.py:158:::  

Using dataset specific configuration and not global 




/mnt/home/jcervino/Github/CoraCiteseer/PieClam/experiments/../trainer_directed.py:337:::  

In function train. 
2025-12-15 11:30:36 starting optimization of ieclam on citeseer (DIRECTED) on device cuda

 configs_dict: 
{
    "clamiter_init": {
        "dim_feat": 48,
        "s_reg": 0.1,
        "l1_reg": 1,
        "T": 1,
        "hidden_dim": 64,
        "num_coupling_blocks": 32,
        "num_layers_mlp": 2
    },
    "feat_opt": {
        "lr": 5e-07,
        "n_iter": 1000,
        "early_stop": 0
    }
}


/mnt/home/jcervino/Github/CoraCiteseer/PieClam/experiments/../clamiter_directed.py:439:::  
staring fit_feats for 1000 iterations


/mnt/home/jcervino/Github/CoraCiteseer/PieClam/experiments/../trainer_directed.py:444:::  



FINISHED train 
 last accuracies:
test
key='auc': 0.5232212420298716
val
key='auc': 0.4738468690277371




/mnt/home/jcervino/Github/CoraCiteseer/PieClam/experiments/../trainer_directed.py:460:::  

train_model_on_params on ieclam citeseer 
took 5.9278950691223145 seconds


/mnt/home/jcervino/Github/CoraCiteseer/PieClam/experiments/optimization_utils_directed.py:663:::  
Repetition no. 2


/mnt/home/jcervino/Github/CoraCiteseer/PieClam/experiments/../trainer_directed.py:158:::  

Using dataset specific configuration and not global 




/mnt/home/jcervino/Github/CoraCiteseer/PieClam/experiments/../trainer_directed.py:337:::  

In function train. 
2025-12-15 11:30:42 starting optimization of ieclam on citeseer (DIRECTED) on device cuda

 configs_dict: 
{
    "clamiter_init": {
        "dim_feat": 48,
        "s_reg": 0.1,
        "l1_reg": 1,
        "T": 1,
        "hidden_dim": 64,
        "num_coupling_blocks": 32,
        "num_layers_mlp": 2
    },
    "feat_opt": {
        "lr": 5e-07,
        "n_iter": 1000,
        "early_stop": 0
    }
}


/mnt/home/jcervino/Github/CoraCiteseer/PieClam/experiments/../clamiter_directed.py:439:::  
staring fit_feats for 1000 iterations


/mnt/home/jcervino/Github/CoraCiteseer/PieClam/experiments/../trainer_directed.py:444:::  



FINISHED train 
 last accuracies:
test
key='auc': 0.507995458118613
val
key='auc': 0.4810006714760421




/mnt/home/jcervino/Github/CoraCiteseer/PieClam/experiments/../trainer_directed.py:460:::  

train_model_on_params on ieclam citeseer 
took 5.918747663497925 seconds


/mnt/home/jcervino/Github/CoraCiteseer/PieClam/experiments/optimization_utils_directed.py:663:::  
Repetition no. 0


/mnt/home/jcervino/Github/CoraCiteseer/PieClam/experiments/../trainer_directed.py:158:::  

Using dataset specific configuration and not global 




/mnt/home/jcervino/Github/CoraCiteseer/PieClam/experiments/../trainer_directed.py:337:::  

In function train. 
2025-12-15 11:30:48 starting optimization of ieclam on citeseer (DIRECTED) on device cuda

 configs_dict: 
{
    "clamiter_init": {
        "dim_feat": 48,
        "s_reg": 0.1,
        "l1_reg": 1,
        "T": 1,
        "hidden_dim": 64,
        "num_coupling_blocks": 32,
        "num_layers_mlp": 2
    },
    "feat_opt": {
        "lr": 5e-06,
        "n_iter": 1000,
        "early_stop": 0
    }
}


/mnt/home/jcervino/Github/CoraCiteseer/PieClam/experiments/../clamiter_directed.py:439:::  
staring fit_feats for 1000 iterations


/mnt/home/jcervino/Github/CoraCiteseer/PieClam/experiments/../trainer_directed.py:444:::  



FINISHED train 
 last accuracies:
test
key='auc': 0.6727399772905931
val
key='auc': 0.673382861865326




/mnt/home/jcervino/Github/CoraCiteseer/PieClam/experiments/../trainer_directed.py:460:::  

train_model_on_params on ieclam citeseer 
took 5.908369779586792 seconds


/mnt/home/jcervino/Github/CoraCiteseer/PieClam/experiments/optimization_utils_directed.py:663:::  
Repetition no. 1


/mnt/home/jcervino/Github/CoraCiteseer/PieClam/experiments/../trainer_directed.py:158:::  

Using dataset specific configuration and not global 




/mnt/home/jcervino/Github/CoraCiteseer/PieClam/experiments/../trainer_directed.py:337:::  

In function train. 
2025-12-15 11:30:54 starting optimization of ieclam on citeseer (DIRECTED) on device cuda

 configs_dict: 
{
    "clamiter_init": {
        "dim_feat": 48,
        "s_reg": 0.1,
        "l1_reg": 1,
        "T": 1,
        "hidden_dim": 64,
        "num_coupling_blocks": 32,
        "num_layers_mlp": 2
    },
    "feat_opt": {
        "lr": 5e-06,
        "n_iter": 1000,
        "early_stop": 0
    }
}


/mnt/home/jcervino/Github/CoraCiteseer/PieClam/experiments/../clamiter_directed.py:439:::  
staring fit_feats for 1000 iterations


/mnt/home/jcervino/Github/CoraCiteseer/PieClam/experiments/../trainer_directed.py:444:::  



FINISHED train 
 last accuracies:
test
key='auc': 0.6622971438553585
val
key='auc': 0.698636387114547




/mnt/home/jcervino/Github/CoraCiteseer/PieClam/experiments/../trainer_directed.py:460:::  

train_model_on_params on ieclam citeseer 
took 5.931798219680786 seconds


/mnt/home/jcervino/Github/CoraCiteseer/PieClam/experiments/optimization_utils_directed.py:663:::  
Repetition no. 2


/mnt/home/jcervino/Github/CoraCiteseer/PieClam/experiments/../trainer_directed.py:158:::  

Using dataset specific configuration and not global 




/mnt/home/jcervino/Github/CoraCiteseer/PieClam/experiments/../trainer_directed.py:337:::  

In function train. 
2025-12-15 11:31:00 starting optimization of ieclam on citeseer (DIRECTED) on device cuda

 configs_dict: 
{
    "clamiter_init": {
        "dim_feat": 48,
        "s_reg": 0.1,
        "l1_reg": 1,
        "T": 1,
        "hidden_dim": 64,
        "num_coupling_blocks": 32,
        "num_layers_mlp": 2
    },
    "feat_opt": {
        "lr": 5e-06,
        "n_iter": 1000,
        "early_stop": 0
    }
}


/mnt/home/jcervino/Github/CoraCiteseer/PieClam/experiments/../clamiter_directed.py:439:::  
staring fit_feats for 1000 iterations


/mnt/home/jcervino/Github/CoraCiteseer/PieClam/experiments/../trainer_directed.py:444:::  



FINISHED train 
 last accuracies:
test
key='auc': 0.662657000611407
val
key='auc': 0.6707270880322308




/mnt/home/jcervino/Github/CoraCiteseer/PieClam/experiments/../trainer_directed.py:460:::  

train_model_on_params on ieclam citeseer 
took 5.914967060089111 seconds


/mnt/home/jcervino/Github/CoraCiteseer/PieClam/experiments/optimization_utils_directed.py:663:::  
Repetition no. 0


/mnt/home/jcervino/Github/CoraCiteseer/PieClam/experiments/../trainer_directed.py:158:::  

Using dataset specific configuration and not global 




/mnt/home/jcervino/Github/CoraCiteseer/PieClam/experiments/../trainer_directed.py:337:::  

In function train. 
2025-12-15 11:31:06 starting optimization of ieclam on citeseer (DIRECTED) on device cuda

 configs_dict: 
{
    "clamiter_init": {
        "dim_feat": 48,
        "s_reg": 0.1,
        "l1_reg": 1,
        "T": 1,
        "hidden_dim": 64,
        "num_coupling_blocks": 32,
        "num_layers_mlp": 2
    },
    "feat_opt": {
        "lr": 5e-07,
        "n_iter": 500,
        "early_stop": 0
    }
}


/mnt/home/jcervino/Github/CoraCiteseer/PieClam/experiments/../clamiter_directed.py:439:::  
staring fit_feats for 500 iterations


/mnt/home/jcervino/Github/CoraCiteseer/PieClam/experiments/../trainer_directed.py:444:::  



FINISHED train 
 last accuracies:
test
key='auc': 0.5046239846274784
val
key='auc': 0.5107672905080836




/mnt/home/jcervino/Github/CoraCiteseer/PieClam/experiments/../trainer_directed.py:460:::  

train_model_on_params on ieclam citeseer 
took 2.9760336875915527 seconds


/mnt/home/jcervino/Github/CoraCiteseer/PieClam/experiments/optimization_utils_directed.py:663:::  
Repetition no. 1


/mnt/home/jcervino/Github/CoraCiteseer/PieClam/experiments/../trainer_directed.py:158:::  

Using dataset specific configuration and not global 




/mnt/home/jcervino/Github/CoraCiteseer/PieClam/experiments/../trainer_directed.py:337:::  

In function train. 
2025-12-15 11:31:09 starting optimization of ieclam on citeseer (DIRECTED) on device cuda

 configs_dict: 
{
    "clamiter_init": {
        "dim_feat": 48,
        "s_reg": 0.1,
        "l1_reg": 1,
        "T": 1,
        "hidden_dim": 64,
        "num_coupling_blocks": 32,
        "num_layers_mlp": 2
    },
    "feat_opt": {
        "lr": 5e-07,
        "n_iter": 500,
        "early_stop": 0
    }
}


/mnt/home/jcervino/Github/CoraCiteseer/PieClam/experiments/../clamiter_directed.py:439:::  
staring fit_feats for 500 iterations


/mnt/home/jcervino/Github/CoraCiteseer/PieClam/experiments/../trainer_directed.py:444:::  



FINISHED train 
 last accuracies:
test
key='auc': 0.5240876932483186
val
key='auc': 0.5531326939963155




/mnt/home/jcervino/Github/CoraCiteseer/PieClam/experiments/../trainer_directed.py:460:::  

train_model_on_params on ieclam citeseer 
took 3.0107297897338867 seconds


/mnt/home/jcervino/Github/CoraCiteseer/PieClam/experiments/optimization_utils_directed.py:663:::  
Repetition no. 2


/mnt/home/jcervino/Github/CoraCiteseer/PieClam/experiments/../trainer_directed.py:158:::  

Using dataset specific configuration and not global 




/mnt/home/jcervino/Github/CoraCiteseer/PieClam/experiments/../trainer_directed.py:337:::  

In function train. 
2025-12-15 11:31:13 starting optimization of ieclam on citeseer (DIRECTED) on device cuda

 configs_dict: 
{
    "clamiter_init": {
        "dim_feat": 48,
        "s_reg": 0.1,
        "l1_reg": 1,
        "T": 1,
        "hidden_dim": 64,
        "num_coupling_blocks": 32,
        "num_layers_mlp": 2
    },
    "feat_opt": {
        "lr": 5e-07,
        "n_iter": 500,
        "early_stop": 0
    }
}


/mnt/home/jcervino/Github/CoraCiteseer/PieClam/experiments/../clamiter_directed.py:439:::  
staring fit_feats for 500 iterations


/mnt/home/jcervino/Github/CoraCiteseer/PieClam/experiments/../trainer_directed.py:444:::  



FINISHED train 
 last accuracies:
test
key='auc': 0.47791422831688357
val
key='auc': 0.5026428608322859




/mnt/home/jcervino/Github/CoraCiteseer/PieClam/experiments/../trainer_directed.py:460:::  

train_model_on_params on ieclam citeseer 
took 2.969473123550415 seconds


/mnt/home/jcervino/Github/CoraCiteseer/PieClam/experiments/optimization_utils_directed.py:663:::  
Repetition no. 0


/mnt/home/jcervino/Github/CoraCiteseer/PieClam/experiments/../trainer_directed.py:158:::  

Using dataset specific configuration and not global 




/mnt/home/jcervino/Github/CoraCiteseer/PieClam/experiments/../trainer_directed.py:337:::  

In function train. 
2025-12-15 11:31:16 starting optimization of ieclam on citeseer (DIRECTED) on device cuda

 configs_dict: 
{
    "clamiter_init": {
        "dim_feat": 48,
        "s_reg": 0.1,
        "l1_reg": 1,
        "T": 1,
        "hidden_dim": 64,
        "num_coupling_blocks": 32,
        "num_layers_mlp": 2
    },
    "feat_opt": {
        "lr": 5e-06,
        "n_iter": 3000,
        "early_stop": 0
    }
}


/mnt/home/jcervino/Github/CoraCiteseer/PieClam/experiments/../clamiter_directed.py:439:::  
staring fit_feats for 3000 iterations


/mnt/home/jcervino/Github/CoraCiteseer/PieClam/experiments/../trainer_directed.py:444:::  



FINISHED train 
 last accuracies:
test
key='auc': 0.6217957900253298
val
key='auc': 0.6185886950982249




/mnt/home/jcervino/Github/CoraCiteseer/PieClam/experiments/../trainer_directed.py:460:::  

train_model_on_params on ieclam citeseer 
took 17.736430406570435 seconds


/mnt/home/jcervino/Github/CoraCiteseer/PieClam/experiments/optimization_utils_directed.py:663:::  
Repetition no. 1


/mnt/home/jcervino/Github/CoraCiteseer/PieClam/experiments/../trainer_directed.py:158:::  

Using dataset specific configuration and not global 




/mnt/home/jcervino/Github/CoraCiteseer/PieClam/experiments/../trainer_directed.py:337:::  

In function train. 
2025-12-15 11:31:34 starting optimization of ieclam on citeseer (DIRECTED) on device cuda

 configs_dict: 
{
    "clamiter_init": {
        "dim_feat": 48,
        "s_reg": 0.1,
        "l1_reg": 1,
        "T": 1,
        "hidden_dim": 64,
        "num_coupling_blocks": 32,
        "num_layers_mlp": 2
    },
    "feat_opt": {
        "lr": 5e-06,
        "n_iter": 3000,
        "early_stop": 0
    }
}


/mnt/home/jcervino/Github/CoraCiteseer/PieClam/experiments/../clamiter_directed.py:439:::  
staring fit_feats for 3000 iterations


/mnt/home/jcervino/Github/CoraCiteseer/PieClam/experiments/../trainer_directed.py:444:::  



FINISHED train 
 last accuracies:
test
key='auc': 0.5953358371910211
val
key='auc': 0.6100661145641432




/mnt/home/jcervino/Github/CoraCiteseer/PieClam/experiments/../trainer_directed.py:460:::  

train_model_on_params on ieclam citeseer 
took 17.708522081375122 seconds


/mnt/home/jcervino/Github/CoraCiteseer/PieClam/experiments/optimization_utils_directed.py:663:::  
Repetition no. 2


/mnt/home/jcervino/Github/CoraCiteseer/PieClam/experiments/../trainer_directed.py:158:::  

Using dataset specific configuration and not global 




/mnt/home/jcervino/Github/CoraCiteseer/PieClam/experiments/../trainer_directed.py:337:::  

In function train. 
2025-12-15 11:31:51 starting optimization of ieclam on citeseer (DIRECTED) on device cuda

 configs_dict: 
{
    "clamiter_init": {
        "dim_feat": 48,
        "s_reg": 0.1,
        "l1_reg": 1,
        "T": 1,
        "hidden_dim": 64,
        "num_coupling_blocks": 32,
        "num_layers_mlp": 2
    },
    "feat_opt": {
        "lr": 5e-06,
        "n_iter": 3000,
        "early_stop": 0
    }
}


/mnt/home/jcervino/Github/CoraCiteseer/PieClam/experiments/../clamiter_directed.py:439:::  
staring fit_feats for 3000 iterations


/mnt/home/jcervino/Github/CoraCiteseer/PieClam/experiments/../trainer_directed.py:444:::  



FINISHED train 
 last accuracies:
test
key='auc': 0.6090034064110403
val
key='auc': 0.6076212530775985




/mnt/home/jcervino/Github/CoraCiteseer/PieClam/experiments/../trainer_directed.py:460:::  

train_model_on_params on ieclam citeseer 
took 17.697832107543945 seconds


/mnt/home/jcervino/Github/CoraCiteseer/PieClam/experiments/optimization_utils_directed.py:663:::  
Repetition no. 0


/mnt/home/jcervino/Github/CoraCiteseer/PieClam/experiments/../trainer_directed.py:158:::  

Using dataset specific configuration and not global 




/mnt/home/jcervino/Github/CoraCiteseer/PieClam/experiments/../trainer_directed.py:337:::  

In function train. 
2025-12-15 11:32:09 starting optimization of ieclam on citeseer (DIRECTED) on device cuda

 configs_dict: 
{
    "clamiter_init": {
        "dim_feat": 48,
        "s_reg": 0.0,
        "l1_reg": 1,
        "T": 1,
        "hidden_dim": 64,
        "num_coupling_blocks": 32,
        "num_layers_mlp": 2
    },
    "feat_opt": {
        "lr": 5e-06,
        "n_iter": 1000,
        "early_stop": 0
    }
}


/mnt/home/jcervino/Github/CoraCiteseer/PieClam/experiments/../clamiter_directed.py:439:::  
staring fit_feats for 1000 iterations


/mnt/home/jcervino/Github/CoraCiteseer/PieClam/experiments/../trainer_directed.py:444:::  



FINISHED train 
 last accuracies:
test
key='auc': 0.6713354878155298
val
key='auc': 0.7032334154026273




/mnt/home/jcervino/Github/CoraCiteseer/PieClam/experiments/../trainer_directed.py:460:::  

train_model_on_params on ieclam citeseer 
took 5.963012218475342 seconds


/mnt/home/jcervino/Github/CoraCiteseer/PieClam/experiments/optimization_utils_directed.py:663:::  
Repetition no. 1


/mnt/home/jcervino/Github/CoraCiteseer/PieClam/experiments/../trainer_directed.py:158:::  

Using dataset specific configuration and not global 




/mnt/home/jcervino/Github/CoraCiteseer/PieClam/experiments/../trainer_directed.py:337:::  

In function train. 
2025-12-15 11:32:15 starting optimization of ieclam on citeseer (DIRECTED) on device cuda

 configs_dict: 
{
    "clamiter_init": {
        "dim_feat": 48,
        "s_reg": 0.0,
        "l1_reg": 1,
        "T": 1,
        "hidden_dim": 64,
        "num_coupling_blocks": 32,
        "num_layers_mlp": 2
    },
    "feat_opt": {
        "lr": 5e-06,
        "n_iter": 1000,
        "early_stop": 0
    }
}


/mnt/home/jcervino/Github/CoraCiteseer/PieClam/experiments/../clamiter_directed.py:439:::  
staring fit_feats for 1000 iterations


/mnt/home/jcervino/Github/CoraCiteseer/PieClam/experiments/../trainer_directed.py:444:::  



FINISHED train 
 last accuracies:
test
key='auc': 0.6531085684339244
val
key='auc': 0.6399037551006352




/mnt/home/jcervino/Github/CoraCiteseer/PieClam/experiments/../trainer_directed.py:460:::  

train_model_on_params on ieclam citeseer 
took 5.919281482696533 seconds


/mnt/home/jcervino/Github/CoraCiteseer/PieClam/experiments/optimization_utils_directed.py:663:::  
Repetition no. 2


/mnt/home/jcervino/Github/CoraCiteseer/PieClam/experiments/../trainer_directed.py:158:::  

Using dataset specific configuration and not global 




/mnt/home/jcervino/Github/CoraCiteseer/PieClam/experiments/../trainer_directed.py:337:::  

In function train. 
2025-12-15 11:32:21 starting optimization of ieclam on citeseer (DIRECTED) on device cuda

 configs_dict: 
{
    "clamiter_init": {
        "dim_feat": 48,
        "s_reg": 0.0,
        "l1_reg": 1,
        "T": 1,
        "hidden_dim": 64,
        "num_coupling_blocks": 32,
        "num_layers_mlp": 2
    },
    "feat_opt": {
        "lr": 5e-06,
        "n_iter": 1000,
        "early_stop": 0
    }
}


/mnt/home/jcervino/Github/CoraCiteseer/PieClam/experiments/../clamiter_directed.py:439:::  
staring fit_feats for 1000 iterations


/mnt/home/jcervino/Github/CoraCiteseer/PieClam/experiments/../trainer_directed.py:444:::  



FINISHED train 
 last accuracies:
test
key='auc': 0.6596977902000174
val
key='auc': 0.6683941392193662




/mnt/home/jcervino/Github/CoraCiteseer/PieClam/experiments/../trainer_directed.py:460:::  

train_model_on_params on ieclam citeseer 
took 5.954650640487671 seconds


/mnt/home/jcervino/Github/CoraCiteseer/PieClam/experiments/optimization_utils_directed.py:663:::  
Repetition no. 0


/mnt/home/jcervino/Github/CoraCiteseer/PieClam/experiments/../trainer_directed.py:158:::  

Using dataset specific configuration and not global 




/mnt/home/jcervino/Github/CoraCiteseer/PieClam/experiments/../trainer_directed.py:337:::  

In function train. 
2025-12-15 11:32:28 starting optimization of ieclam on citeseer (DIRECTED) on device cuda

 configs_dict: 
{
    "clamiter_init": {
        "dim_feat": 48,
        "s_reg": 0.0,
        "l1_reg": 1,
        "T": 1,
        "hidden_dim": 64,
        "num_coupling_blocks": 32,
        "num_layers_mlp": 2
    },
    "feat_opt": {
        "lr": 5e-07,
        "n_iter": 3000,
        "early_stop": 0
    }
}


/mnt/home/jcervino/Github/CoraCiteseer/PieClam/experiments/../clamiter_directed.py:439:::  
staring fit_feats for 3000 iterations


/mnt/home/jcervino/Github/CoraCiteseer/PieClam/experiments/../trainer_directed.py:444:::  



FINISHED train 
 last accuracies:
test
key='auc': 0.5483238710804437
val
key='auc': 0.5785992837588885




/mnt/home/jcervino/Github/CoraCiteseer/PieClam/experiments/../trainer_directed.py:460:::  

train_model_on_params on ieclam citeseer 
took 17.7552752494812 seconds


/mnt/home/jcervino/Github/CoraCiteseer/PieClam/experiments/optimization_utils_directed.py:663:::  
Repetition no. 1


/mnt/home/jcervino/Github/CoraCiteseer/PieClam/experiments/../trainer_directed.py:158:::  

Using dataset specific configuration and not global 




/mnt/home/jcervino/Github/CoraCiteseer/PieClam/experiments/../trainer_directed.py:337:::  

In function train. 
2025-12-15 11:32:46 starting optimization of ieclam on citeseer (DIRECTED) on device cuda

 configs_dict: 
{
    "clamiter_init": {
        "dim_feat": 48,
        "s_reg": 0.0,
        "l1_reg": 1,
        "T": 1,
        "hidden_dim": 64,
        "num_coupling_blocks": 32,
        "num_layers_mlp": 2
    },
    "feat_opt": {
        "lr": 5e-07,
        "n_iter": 3000,
        "early_stop": 0
    }
}


/mnt/home/jcervino/Github/CoraCiteseer/PieClam/experiments/../clamiter_directed.py:439:::  
staring fit_feats for 3000 iterations


/mnt/home/jcervino/Github/CoraCiteseer/PieClam/experiments/../trainer_directed.py:444:::  



FINISHED train 
 last accuracies:
test
key='auc': 0.5688287186653856
val
key='auc': 0.5820814896437734




/mnt/home/jcervino/Github/CoraCiteseer/PieClam/experiments/../trainer_directed.py:460:::  

train_model_on_params on ieclam citeseer 
took 17.72217035293579 seconds


/mnt/home/jcervino/Github/CoraCiteseer/PieClam/experiments/optimization_utils_directed.py:663:::  
Repetition no. 2


/mnt/home/jcervino/Github/CoraCiteseer/PieClam/experiments/../trainer_directed.py:158:::  

Using dataset specific configuration and not global 




/mnt/home/jcervino/Github/CoraCiteseer/PieClam/experiments/../trainer_directed.py:337:::  

In function train. 
2025-12-15 11:33:03 starting optimization of ieclam on citeseer (DIRECTED) on device cuda

 configs_dict: 
{
    "clamiter_init": {
        "dim_feat": 48,
        "s_reg": 0.0,
        "l1_reg": 1,
        "T": 1,
        "hidden_dim": 64,
        "num_coupling_blocks": 32,
        "num_layers_mlp": 2
    },
    "feat_opt": {
        "lr": 5e-07,
        "n_iter": 3000,
        "early_stop": 0
    }
}


/mnt/home/jcervino/Github/CoraCiteseer/PieClam/experiments/../clamiter_directed.py:439:::  
staring fit_feats for 3000 iterations


/mnt/home/jcervino/Github/CoraCiteseer/PieClam/experiments/../trainer_directed.py:444:::  



FINISHED train 
 last accuracies:
test
key='auc': 0.5950668180627129
val
key='auc': 0.5955346843201735




/mnt/home/jcervino/Github/CoraCiteseer/PieClam/experiments/../trainer_directed.py:460:::  

train_model_on_params on ieclam citeseer 
took 17.803683757781982 seconds


/mnt/home/jcervino/Github/CoraCiteseer/PieClam/experiments/optimization_utils_directed.py:663:::  
Repetition no. 0


/mnt/home/jcervino/Github/CoraCiteseer/PieClam/experiments/../trainer_directed.py:158:::  

Using dataset specific configuration and not global 




/mnt/home/jcervino/Github/CoraCiteseer/PieClam/experiments/../trainer_directed.py:337:::  

In function train. 
2025-12-15 11:33:21 starting optimization of ieclam on citeseer (DIRECTED) on device cuda

 configs_dict: 
{
    "clamiter_init": {
        "dim_feat": 48,
        "s_reg": 0.0,
        "l1_reg": 1,
        "T": 1,
        "hidden_dim": 64,
        "num_coupling_blocks": 32,
        "num_layers_mlp": 2
    },
    "feat_opt": {
        "lr": 5e-07,
        "n_iter": 500,
        "early_stop": 0
    }
}


/mnt/home/jcervino/Github/CoraCiteseer/PieClam/experiments/../clamiter_directed.py:439:::  
staring fit_feats for 500 iterations


/mnt/home/jcervino/Github/CoraCiteseer/PieClam/experiments/../trainer_directed.py:444:::  



FINISHED train 
 last accuracies:
test
key='auc': 0.48801816752554805
val
key='auc': 0.5190380675263856




/mnt/home/jcervino/Github/CoraCiteseer/PieClam/experiments/../trainer_directed.py:460:::  

train_model_on_params on ieclam citeseer 
took 2.9787192344665527 seconds


/mnt/home/jcervino/Github/CoraCiteseer/PieClam/experiments/optimization_utils_directed.py:663:::  
Repetition no. 1


/mnt/home/jcervino/Github/CoraCiteseer/PieClam/experiments/../trainer_directed.py:158:::  

Using dataset specific configuration and not global 




/mnt/home/jcervino/Github/CoraCiteseer/PieClam/experiments/../trainer_directed.py:337:::  

In function train. 
2025-12-15 11:33:24 starting optimization of ieclam on citeseer (DIRECTED) on device cuda

 configs_dict: 
{
    "clamiter_init": {
        "dim_feat": 48,
        "s_reg": 0.0,
        "l1_reg": 1,
        "T": 1,
        "hidden_dim": 64,
        "num_coupling_blocks": 32,
        "num_layers_mlp": 2
    },
    "feat_opt": {
        "lr": 5e-07,
        "n_iter": 500,
        "early_stop": 0
    }
}


/mnt/home/jcervino/Github/CoraCiteseer/PieClam/experiments/../clamiter_directed.py:439:::  
staring fit_feats for 500 iterations


/mnt/home/jcervino/Github/CoraCiteseer/PieClam/experiments/../trainer_directed.py:444:::  



FINISHED train 
 last accuracies:
test
key='auc': 0.5286400559000786
val
key='auc': 0.5092457085793977




/mnt/home/jcervino/Github/CoraCiteseer/PieClam/experiments/../trainer_directed.py:460:::  

train_model_on_params on ieclam citeseer 
took 2.9792542457580566 seconds


/mnt/home/jcervino/Github/CoraCiteseer/PieClam/experiments/optimization_utils_directed.py:663:::  
Repetition no. 2


/mnt/home/jcervino/Github/CoraCiteseer/PieClam/experiments/../trainer_directed.py:158:::  

Using dataset specific configuration and not global 




/mnt/home/jcervino/Github/CoraCiteseer/PieClam/experiments/../trainer_directed.py:337:::  

In function train. 
2025-12-15 11:33:28 starting optimization of ieclam on citeseer (DIRECTED) on device cuda

 configs_dict: 
{
    "clamiter_init": {
        "dim_feat": 48,
        "s_reg": 0.0,
        "l1_reg": 1,
        "T": 1,
        "hidden_dim": 64,
        "num_coupling_blocks": 32,
        "num_layers_mlp": 2
    },
    "feat_opt": {
        "lr": 5e-07,
        "n_iter": 500,
        "early_stop": 0
    }
}


/mnt/home/jcervino/Github/CoraCiteseer/PieClam/experiments/../clamiter_directed.py:439:::  
staring fit_feats for 500 iterations


/mnt/home/jcervino/Github/CoraCiteseer/PieClam/experiments/../trainer_directed.py:444:::  



FINISHED train 
 last accuracies:
test
key='auc': 0.49241680496113194
val
key='auc': 0.4720756357500732




/mnt/home/jcervino/Github/CoraCiteseer/PieClam/experiments/../trainer_directed.py:460:::  

train_model_on_params on ieclam citeseer 
took 2.9797446727752686 seconds


/mnt/home/jcervino/Github/CoraCiteseer/PieClam/experiments/optimization_utils_directed.py:663:::  
Repetition no. 0


/mnt/home/jcervino/Github/CoraCiteseer/PieClam/experiments/../trainer_directed.py:158:::  

Using dataset specific configuration and not global 




/mnt/home/jcervino/Github/CoraCiteseer/PieClam/experiments/../trainer_directed.py:337:::  

In function train. 
2025-12-15 11:33:31 starting optimization of ieclam on citeseer (DIRECTED) on device cuda

 configs_dict: 
{
    "clamiter_init": {
        "dim_feat": 48,
        "s_reg": 0.0,
        "l1_reg": 1,
        "T": 1,
        "hidden_dim": 64,
        "num_coupling_blocks": 32,
        "num_layers_mlp": 2
    },
    "feat_opt": {
        "lr": 5e-06,
        "n_iter": 500,
        "early_stop": 0
    }
}


/mnt/home/jcervino/Github/CoraCiteseer/PieClam/experiments/../clamiter_directed.py:439:::  
staring fit_feats for 500 iterations


/mnt/home/jcervino/Github/CoraCiteseer/PieClam/experiments/../trainer_directed.py:444:::  



FINISHED train 
 last accuracies:
test
key='auc': 0.6448615599615687
val
key='auc': 0.6620258776536215




/mnt/home/jcervino/Github/CoraCiteseer/PieClam/experiments/../trainer_directed.py:460:::  

train_model_on_params on ieclam citeseer 
took 2.976790428161621 seconds


/mnt/home/jcervino/Github/CoraCiteseer/PieClam/experiments/optimization_utils_directed.py:663:::  
Repetition no. 1


/mnt/home/jcervino/Github/CoraCiteseer/PieClam/experiments/../trainer_directed.py:158:::  

Using dataset specific configuration and not global 




/mnt/home/jcervino/Github/CoraCiteseer/PieClam/experiments/../trainer_directed.py:337:::  

In function train. 
2025-12-15 11:33:34 starting optimization of ieclam on citeseer (DIRECTED) on device cuda

 configs_dict: 
{
    "clamiter_init": {
        "dim_feat": 48,
        "s_reg": 0.0,
        "l1_reg": 1,
        "T": 1,
        "hidden_dim": 64,
        "num_coupling_blocks": 32,
        "num_layers_mlp": 2
    },
    "feat_opt": {
        "lr": 5e-06,
        "n_iter": 500,
        "early_stop": 0
    }
}


/mnt/home/jcervino/Github/CoraCiteseer/PieClam/experiments/../clamiter_directed.py:439:::  
staring fit_feats for 500 iterations


/mnt/home/jcervino/Github/CoraCiteseer/PieClam/experiments/../trainer_directed.py:444:::  



FINISHED train 
 last accuracies:
test
key='auc': 0.6741566949078522
val
key='auc': 0.6558922022692447




/mnt/home/jcervino/Github/CoraCiteseer/PieClam/experiments/../trainer_directed.py:460:::  

train_model_on_params on ieclam citeseer 
took 2.9729185104370117 seconds


/mnt/home/jcervino/Github/CoraCiteseer/PieClam/experiments/optimization_utils_directed.py:663:::  
Repetition no. 2


/mnt/home/jcervino/Github/CoraCiteseer/PieClam/experiments/../trainer_directed.py:158:::  

Using dataset specific configuration and not global 




/mnt/home/jcervino/Github/CoraCiteseer/PieClam/experiments/../trainer_directed.py:337:::  

In function train. 
2025-12-15 11:33:37 starting optimization of ieclam on citeseer (DIRECTED) on device cuda

 configs_dict: 
{
    "clamiter_init": {
        "dim_feat": 48,
        "s_reg": 0.0,
        "l1_reg": 1,
        "T": 1,
        "hidden_dim": 64,
        "num_coupling_blocks": 32,
        "num_layers_mlp": 2
    },
    "feat_opt": {
        "lr": 5e-06,
        "n_iter": 500,
        "early_stop": 0
    }
}


/mnt/home/jcervino/Github/CoraCiteseer/PieClam/experiments/../clamiter_directed.py:439:::  
staring fit_feats for 500 iterations


/mnt/home/jcervino/Github/CoraCiteseer/PieClam/experiments/../trainer_directed.py:444:::  



FINISHED train 
 last accuracies:
test
key='auc': 0.6784802166128046
val
key='auc': 0.6919173223601521




/mnt/home/jcervino/Github/CoraCiteseer/PieClam/experiments/../trainer_directed.py:460:::  

train_model_on_params on ieclam citeseer 
took 2.9719576835632324 seconds


/mnt/home/jcervino/Github/CoraCiteseer/PieClam/experiments/optimization_utils_directed.py:663:::  
Repetition no. 0


/mnt/home/jcervino/Github/CoraCiteseer/PieClam/experiments/../trainer_directed.py:158:::  

Using dataset specific configuration and not global 




/mnt/home/jcervino/Github/CoraCiteseer/PieClam/experiments/../trainer_directed.py:337:::  

In function train. 
2025-12-15 11:33:40 starting optimization of ieclam on citeseer (DIRECTED) on device cuda

 configs_dict: 
{
    "clamiter_init": {
        "dim_feat": 48,
        "s_reg": 0.1,
        "l1_reg": 1,
        "T": 1,
        "hidden_dim": 64,
        "num_coupling_blocks": 32,
        "num_layers_mlp": 2
    },
    "feat_opt": {
        "lr": 5e-07,
        "n_iter": 3000,
        "early_stop": 0
    }
}


/mnt/home/jcervino/Github/CoraCiteseer/PieClam/experiments/../clamiter_directed.py:439:::  
staring fit_feats for 3000 iterations


/mnt/home/jcervino/Github/CoraCiteseer/PieClam/experiments/../trainer_directed.py:444:::  



FINISHED train 
 last accuracies:
test
key='auc': 0.5836562145165516
val
key='auc': 0.5809171674041425




/mnt/home/jcervino/Github/CoraCiteseer/PieClam/experiments/../trainer_directed.py:460:::  

train_model_on_params on ieclam citeseer 
took 44.64351677894592 seconds


/mnt/home/jcervino/Github/CoraCiteseer/PieClam/experiments/optimization_utils_directed.py:663:::  
Repetition no. 1


/mnt/home/jcervino/Github/CoraCiteseer/PieClam/experiments/../trainer_directed.py:158:::  

Using dataset specific configuration and not global 




/mnt/home/jcervino/Github/CoraCiteseer/PieClam/experiments/../trainer_directed.py:337:::  

In function train. 
2025-12-15 11:34:25 starting optimization of ieclam on citeseer (DIRECTED) on device cuda

 configs_dict: 
{
    "clamiter_init": {
        "dim_feat": 48,
        "s_reg": 0.1,
        "l1_reg": 1,
        "T": 1,
        "hidden_dim": 64,
        "num_coupling_blocks": 32,
        "num_layers_mlp": 2
    },
    "feat_opt": {
        "lr": 5e-07,
        "n_iter": 3000,
        "early_stop": 0
    }
}


/mnt/home/jcervino/Github/CoraCiteseer/PieClam/experiments/../clamiter_directed.py:439:::  
staring fit_feats for 3000 iterations


/mnt/home/jcervino/Github/CoraCiteseer/PieClam/experiments/../trainer_directed.py:444:::  



FINISHED train 
 last accuracies:
test
key='auc': 0.5639654118263603
val
key='auc': 0.5706879185964429




/mnt/home/jcervino/Github/CoraCiteseer/PieClam/experiments/../trainer_directed.py:460:::  

train_model_on_params on ieclam citeseer 
took 17.68616771697998 seconds


/mnt/home/jcervino/Github/CoraCiteseer/PieClam/experiments/optimization_utils_directed.py:663:::  
Repetition no. 2


/mnt/home/jcervino/Github/CoraCiteseer/PieClam/experiments/../trainer_directed.py:158:::  

Using dataset specific configuration and not global 




/mnt/home/jcervino/Github/CoraCiteseer/PieClam/experiments/../trainer_directed.py:337:::  

In function train. 
2025-12-15 11:34:43 starting optimization of ieclam on citeseer (DIRECTED) on device cuda

 configs_dict: 
{
    "clamiter_init": {
        "dim_feat": 48,
        "s_reg": 0.1,
        "l1_reg": 1,
        "T": 1,
        "hidden_dim": 64,
        "num_coupling_blocks": 32,
        "num_layers_mlp": 2
    },
    "feat_opt": {
        "lr": 5e-07,
        "n_iter": 3000,
        "early_stop": 0
    }
}


/mnt/home/jcervino/Github/CoraCiteseer/PieClam/experiments/../clamiter_directed.py:439:::  
staring fit_feats for 3000 iterations


/mnt/home/jcervino/Github/CoraCiteseer/PieClam/experiments/../trainer_directed.py:444:::  



FINISHED train 
 last accuracies:
test
key='auc': 0.5709773779369377
val
key='auc': 0.5724483910400991




/mnt/home/jcervino/Github/CoraCiteseer/PieClam/experiments/../trainer_directed.py:460:::  

train_model_on_params on ieclam citeseer 
took 17.72232460975647 seconds


/mnt/home/jcervino/Github/CoraCiteseer/PieClam/experiments/optimization_utils_directed.py:738:::  


Finished CrossVal!




/mnt/home/jcervino/Github/CoraCiteseer/PieClam/experiments/optimization_utils_directed.py:514:::  
On test set split_23-10_22-11-25 of citeseer,ieclam
 ======================


/mnt/home/jcervino/Github/CoraCiteseer/PieClam/experiments/../datasets/import_dataset.py:258:::  
end of import_dataset
citeseer 
has 4230 nodes 
and 5358 edges. 
Graph is directed
Graph has NO self loops


/mnt/home/jcervino/Github/CoraCiteseer/PieClam/experiments/optimization_utils_directed.py:638:::  
RunSaver defined to acc_configs path /mnt/home/jcervino/Github/CoraCiteseer/PieClam/experiments/results/directed/link_prediction/auc/citeseer/ieclam/split_23-10_22-11-25/valid/acc_configs11-35_15-12-25.json


/mnt/home/jcervino/Github/CoraCiteseer/PieClam/experiments/optimization_utils_directed.py:663:::  
Repetition no. 0


/mnt/home/jcervino/Github/CoraCiteseer/PieClam/experiments/../trainer_directed.py:158:::  

Using dataset specific configuration and not global 




/mnt/home/jcervino/Github/CoraCiteseer/PieClam/experiments/../trainer_directed.py:337:::  

In function train. 
2025-12-15 11:35:01 starting optimization of ieclam on citeseer (DIRECTED) on device cuda

 configs_dict: 
{
    "clamiter_init": {
        "dim_feat": 48,
        "s_reg": 0.1,
        "l1_reg": 1,
        "T": 1,
        "hidden_dim": 64,
        "num_coupling_blocks": 32,
        "num_layers_mlp": 2
    },
    "feat_opt": {
        "lr": 5e-06,
        "n_iter": 500,
        "early_stop": 0
    }
}


/mnt/home/jcervino/Github/CoraCiteseer/PieClam/experiments/../clamiter_directed.py:439:::  
staring fit_feats for 500 iterations


/mnt/home/jcervino/Github/CoraCiteseer/PieClam/experiments/../trainer_directed.py:444:::  



FINISHED train 
 last accuracies:
test
key='auc': 0.6600873438728273
val
key='auc': 0.6915579105042957




/mnt/home/jcervino/Github/CoraCiteseer/PieClam/experiments/../trainer_directed.py:460:::  

train_model_on_params on ieclam citeseer 
took 2.9776437282562256 seconds


/mnt/home/jcervino/Github/CoraCiteseer/PieClam/experiments/optimization_utils_directed.py:663:::  
Repetition no. 1


/mnt/home/jcervino/Github/CoraCiteseer/PieClam/experiments/../trainer_directed.py:158:::  

Using dataset specific configuration and not global 




/mnt/home/jcervino/Github/CoraCiteseer/PieClam/experiments/../trainer_directed.py:337:::  

In function train. 
2025-12-15 11:35:04 starting optimization of ieclam on citeseer (DIRECTED) on device cuda

 configs_dict: 
{
    "clamiter_init": {
        "dim_feat": 48,
        "s_reg": 0.1,
        "l1_reg": 1,
        "T": 1,
        "hidden_dim": 64,
        "num_coupling_blocks": 32,
        "num_layers_mlp": 2
    },
    "feat_opt": {
        "lr": 5e-06,
        "n_iter": 500,
        "early_stop": 0
    }
}


/mnt/home/jcervino/Github/CoraCiteseer/PieClam/experiments/../clamiter_directed.py:439:::  
staring fit_feats for 500 iterations


/mnt/home/jcervino/Github/CoraCiteseer/PieClam/experiments/../trainer_directed.py:444:::  



FINISHED train 
 last accuracies:
test
key='auc': 0.6894506070399161
val
key='auc': 0.6439240026859043




/mnt/home/jcervino/Github/CoraCiteseer/PieClam/experiments/../trainer_directed.py:460:::  

train_model_on_params on ieclam citeseer 
took 2.9756722450256348 seconds


/mnt/home/jcervino/Github/CoraCiteseer/PieClam/experiments/optimization_utils_directed.py:663:::  
Repetition no. 2


/mnt/home/jcervino/Github/CoraCiteseer/PieClam/experiments/../trainer_directed.py:158:::  

Using dataset specific configuration and not global 




/mnt/home/jcervino/Github/CoraCiteseer/PieClam/experiments/../trainer_directed.py:337:::  

In function train. 
2025-12-15 11:35:07 starting optimization of ieclam on citeseer (DIRECTED) on device cuda

 configs_dict: 
{
    "clamiter_init": {
        "dim_feat": 48,
        "s_reg": 0.1,
        "l1_reg": 1,
        "T": 1,
        "hidden_dim": 64,
        "num_coupling_blocks": 32,
        "num_layers_mlp": 2
    },
    "feat_opt": {
        "lr": 5e-06,
        "n_iter": 500,
        "early_stop": 0
    }
}


/mnt/home/jcervino/Github/CoraCiteseer/PieClam/experiments/../clamiter_directed.py:439:::  
staring fit_feats for 500 iterations


/mnt/home/jcervino/Github/CoraCiteseer/PieClam/experiments/../trainer_directed.py:444:::  



FINISHED train 
 last accuracies:
test
key='auc': 0.6541462136431131
val
key='auc': 0.6487233346533289




/mnt/home/jcervino/Github/CoraCiteseer/PieClam/experiments/../trainer_directed.py:460:::  

train_model_on_params on ieclam citeseer 
took 2.967158555984497 seconds


/mnt/home/jcervino/Github/CoraCiteseer/PieClam/experiments/optimization_utils_directed.py:663:::  
Repetition no. 0


/mnt/home/jcervino/Github/CoraCiteseer/PieClam/experiments/../trainer_directed.py:158:::  

Using dataset specific configuration and not global 




/mnt/home/jcervino/Github/CoraCiteseer/PieClam/experiments/../trainer_directed.py:337:::  

In function train. 
2025-12-15 11:35:10 starting optimization of ieclam on citeseer (DIRECTED) on device cuda

 configs_dict: 
{
    "clamiter_init": {
        "dim_feat": 48,
        "s_reg": 0.0,
        "l1_reg": 1,
        "T": 1,
        "hidden_dim": 64,
        "num_coupling_blocks": 32,
        "num_layers_mlp": 2
    },
    "feat_opt": {
        "lr": 5e-06,
        "n_iter": 3000,
        "early_stop": 0
    }
}


/mnt/home/jcervino/Github/CoraCiteseer/PieClam/experiments/../clamiter_directed.py:439:::  
staring fit_feats for 3000 iterations


/mnt/home/jcervino/Github/CoraCiteseer/PieClam/experiments/../trainer_directed.py:444:::  



FINISHED train 
 last accuracies:
test
key='auc': 0.6203091973098088
val
key='auc': 0.6052000654258708




/mnt/home/jcervino/Github/CoraCiteseer/PieClam/experiments/../trainer_directed.py:460:::  

train_model_on_params on ieclam citeseer 
took 17.75278949737549 seconds


/mnt/home/jcervino/Github/CoraCiteseer/PieClam/experiments/optimization_utils_directed.py:663:::  
Repetition no. 1


/mnt/home/jcervino/Github/CoraCiteseer/PieClam/experiments/../trainer_directed.py:158:::  

Using dataset specific configuration and not global 




/mnt/home/jcervino/Github/CoraCiteseer/PieClam/experiments/../trainer_directed.py:337:::  

In function train. 
2025-12-15 11:35:28 starting optimization of ieclam on citeseer (DIRECTED) on device cuda

 configs_dict: 
{
    "clamiter_init": {
        "dim_feat": 48,
        "s_reg": 0.0,
        "l1_reg": 1,
        "T": 1,
        "hidden_dim": 64,
        "num_coupling_blocks": 32,
        "num_layers_mlp": 2
    },
    "feat_opt": {
        "lr": 5e-06,
        "n_iter": 3000,
        "early_stop": 0
    }
}


/mnt/home/jcervino/Github/CoraCiteseer/PieClam/experiments/../clamiter_directed.py:439:::  
staring fit_feats for 3000 iterations


/mnt/home/jcervino/Github/CoraCiteseer/PieClam/experiments/../trainer_directed.py:444:::  



FINISHED train 
 last accuracies:
test
key='auc': 0.6211459516114944
val
key='auc': 0.604429589710921




/mnt/home/jcervino/Github/CoraCiteseer/PieClam/experiments/../trainer_directed.py:460:::  

train_model_on_params on ieclam citeseer 
took 17.682404279708862 seconds


/mnt/home/jcervino/Github/CoraCiteseer/PieClam/experiments/optimization_utils_directed.py:663:::  
Repetition no. 2


/mnt/home/jcervino/Github/CoraCiteseer/PieClam/experiments/../trainer_directed.py:158:::  

Using dataset specific configuration and not global 




/mnt/home/jcervino/Github/CoraCiteseer/PieClam/experiments/../trainer_directed.py:337:::  

In function train. 
2025-12-15 11:35:46 starting optimization of ieclam on citeseer (DIRECTED) on device cuda

 configs_dict: 
{
    "clamiter_init": {
        "dim_feat": 48,
        "s_reg": 0.0,
        "l1_reg": 1,
        "T": 1,
        "hidden_dim": 64,
        "num_coupling_blocks": 32,
        "num_layers_mlp": 2
    },
    "feat_opt": {
        "lr": 5e-06,
        "n_iter": 3000,
        "early_stop": 0
    }
}


/mnt/home/jcervino/Github/CoraCiteseer/PieClam/experiments/../clamiter_directed.py:439:::  
staring fit_feats for 3000 iterations


/mnt/home/jcervino/Github/CoraCiteseer/PieClam/experiments/../trainer_directed.py:444:::  



FINISHED train 
 last accuracies:
test
key='auc': 0.6111555594375054
val
key='auc': 0.629599180454882




/mnt/home/jcervino/Github/CoraCiteseer/PieClam/experiments/../trainer_directed.py:460:::  

train_model_on_params on ieclam citeseer 
took 17.7430899143219 seconds


/mnt/home/jcervino/Github/CoraCiteseer/PieClam/experiments/optimization_utils_directed.py:663:::  
Repetition no. 0


/mnt/home/jcervino/Github/CoraCiteseer/PieClam/experiments/../trainer_directed.py:158:::  

Using dataset specific configuration and not global 




/mnt/home/jcervino/Github/CoraCiteseer/PieClam/experiments/../trainer_directed.py:337:::  

In function train. 
2025-12-15 11:36:04 starting optimization of ieclam on citeseer (DIRECTED) on device cuda

 configs_dict: 
{
    "clamiter_init": {
        "dim_feat": 48,
        "s_reg": 0.0,
        "l1_reg": 1,
        "T": 1,
        "hidden_dim": 64,
        "num_coupling_blocks": 32,
        "num_layers_mlp": 2
    },
    "feat_opt": {
        "lr": 5e-07,
        "n_iter": 1000,
        "early_stop": 0
    }
}


/mnt/home/jcervino/Github/CoraCiteseer/PieClam/experiments/../clamiter_directed.py:439:::  
staring fit_feats for 1000 iterations


/mnt/home/jcervino/Github/CoraCiteseer/PieClam/experiments/../trainer_directed.py:444:::  



FINISHED train 
 last accuracies:
test
key='auc': 0.47802253471918943
val
key='auc': 0.5338363664537455




/mnt/home/jcervino/Github/CoraCiteseer/PieClam/experiments/../trainer_directed.py:460:::  

train_model_on_params on ieclam citeseer 
took 5.9330737590789795 seconds


/mnt/home/jcervino/Github/CoraCiteseer/PieClam/experiments/optimization_utils_directed.py:663:::  
Repetition no. 1


/mnt/home/jcervino/Github/CoraCiteseer/PieClam/experiments/../trainer_directed.py:158:::  

Using dataset specific configuration and not global 




/mnt/home/jcervino/Github/CoraCiteseer/PieClam/experiments/../trainer_directed.py:337:::  

In function train. 
2025-12-15 11:36:10 starting optimization of ieclam on citeseer (DIRECTED) on device cuda

 configs_dict: 
{
    "clamiter_init": {
        "dim_feat": 48,
        "s_reg": 0.0,
        "l1_reg": 1,
        "T": 1,
        "hidden_dim": 64,
        "num_coupling_blocks": 32,
        "num_layers_mlp": 2
    },
    "feat_opt": {
        "lr": 5e-07,
        "n_iter": 1000,
        "early_stop": 0
    }
}


/mnt/home/jcervino/Github/CoraCiteseer/PieClam/experiments/../clamiter_directed.py:439:::  
staring fit_feats for 1000 iterations


/mnt/home/jcervino/Github/CoraCiteseer/PieClam/experiments/../trainer_directed.py:444:::  



FINISHED train 
 last accuracies:
test
key='auc': 0.4845593501615862
val
key='auc': 0.5377253318641209




/mnt/home/jcervino/Github/CoraCiteseer/PieClam/experiments/../trainer_directed.py:460:::  

train_model_on_params on ieclam citeseer 
took 6.2247045040130615 seconds


/mnt/home/jcervino/Github/CoraCiteseer/PieClam/experiments/optimization_utils_directed.py:663:::  
Repetition no. 2


/mnt/home/jcervino/Github/CoraCiteseer/PieClam/experiments/../trainer_directed.py:158:::  

Using dataset specific configuration and not global 




/mnt/home/jcervino/Github/CoraCiteseer/PieClam/experiments/../trainer_directed.py:337:::  

In function train. 
2025-12-15 11:36:16 starting optimization of ieclam on citeseer (DIRECTED) on device cuda

 configs_dict: 
{
    "clamiter_init": {
        "dim_feat": 48,
        "s_reg": 0.0,
        "l1_reg": 1,
        "T": 1,
        "hidden_dim": 64,
        "num_coupling_blocks": 32,
        "num_layers_mlp": 2
    },
    "feat_opt": {
        "lr": 5e-07,
        "n_iter": 1000,
        "early_stop": 0
    }
}


/mnt/home/jcervino/Github/CoraCiteseer/PieClam/experiments/../clamiter_directed.py:439:::  
staring fit_feats for 1000 iterations


/mnt/home/jcervino/Github/CoraCiteseer/PieClam/experiments/../trainer_directed.py:444:::  



FINISHED train 
 last accuracies:
test
key='auc': 0.5200663813433488
val
key='auc': 0.5088626228887244




/mnt/home/jcervino/Github/CoraCiteseer/PieClam/experiments/../trainer_directed.py:460:::  

train_model_on_params on ieclam citeseer 
took 5.930618762969971 seconds


/mnt/home/jcervino/Github/CoraCiteseer/PieClam/experiments/optimization_utils_directed.py:663:::  
Repetition no. 0


/mnt/home/jcervino/Github/CoraCiteseer/PieClam/experiments/../trainer_directed.py:158:::  

Using dataset specific configuration and not global 




/mnt/home/jcervino/Github/CoraCiteseer/PieClam/experiments/../trainer_directed.py:337:::  

In function train. 
2025-12-15 11:36:23 starting optimization of ieclam on citeseer (DIRECTED) on device cuda

 configs_dict: 
{
    "clamiter_init": {
        "dim_feat": 48,
        "s_reg": 0.1,
        "l1_reg": 1,
        "T": 1,
        "hidden_dim": 64,
        "num_coupling_blocks": 32,
        "num_layers_mlp": 2
    },
    "feat_opt": {
        "lr": 5e-07,
        "n_iter": 1000,
        "early_stop": 0
    }
}


/mnt/home/jcervino/Github/CoraCiteseer/PieClam/experiments/../clamiter_directed.py:439:::  
staring fit_feats for 1000 iterations


/mnt/home/jcervino/Github/CoraCiteseer/PieClam/experiments/../trainer_directed.py:444:::  



FINISHED train 
 last accuracies:
test
key='auc': 0.5294680758144816
val
key='auc': 0.4966856631256349




/mnt/home/jcervino/Github/CoraCiteseer/PieClam/experiments/../trainer_directed.py:460:::  

train_model_on_params on ieclam citeseer 
took 5.939227819442749 seconds


/mnt/home/jcervino/Github/CoraCiteseer/PieClam/experiments/optimization_utils_directed.py:663:::  
Repetition no. 1


/mnt/home/jcervino/Github/CoraCiteseer/PieClam/experiments/../trainer_directed.py:158:::  

Using dataset specific configuration and not global 




/mnt/home/jcervino/Github/CoraCiteseer/PieClam/experiments/../trainer_directed.py:337:::  

In function train. 
2025-12-15 11:36:29 starting optimization of ieclam on citeseer (DIRECTED) on device cuda

 configs_dict: 
{
    "clamiter_init": {
        "dim_feat": 48,
        "s_reg": 0.1,
        "l1_reg": 1,
        "T": 1,
        "hidden_dim": 64,
        "num_coupling_blocks": 32,
        "num_layers_mlp": 2
    },
    "feat_opt": {
        "lr": 5e-07,
        "n_iter": 1000,
        "early_stop": 0
    }
}


/mnt/home/jcervino/Github/CoraCiteseer/PieClam/experiments/../clamiter_directed.py:439:::  
staring fit_feats for 1000 iterations


/mnt/home/jcervino/Github/CoraCiteseer/PieClam/experiments/../trainer_directed.py:444:::  



FINISHED train 
 last accuracies:
test
key='auc': 0.49421958249628783
val
key='auc': 0.504696027960951




/mnt/home/jcervino/Github/CoraCiteseer/PieClam/experiments/../trainer_directed.py:460:::  

train_model_on_params on ieclam citeseer 
took 5.936405181884766 seconds


/mnt/home/jcervino/Github/CoraCiteseer/PieClam/experiments/optimization_utils_directed.py:663:::  
Repetition no. 2


/mnt/home/jcervino/Github/CoraCiteseer/PieClam/experiments/../trainer_directed.py:158:::  

Using dataset specific configuration and not global 




/mnt/home/jcervino/Github/CoraCiteseer/PieClam/experiments/../trainer_directed.py:337:::  

In function train. 
2025-12-15 11:36:35 starting optimization of ieclam on citeseer (DIRECTED) on device cuda

 configs_dict: 
{
    "clamiter_init": {
        "dim_feat": 48,
        "s_reg": 0.1,
        "l1_reg": 1,
        "T": 1,
        "hidden_dim": 64,
        "num_coupling_blocks": 32,
        "num_layers_mlp": 2
    },
    "feat_opt": {
        "lr": 5e-07,
        "n_iter": 1000,
        "early_stop": 0
    }
}


/mnt/home/jcervino/Github/CoraCiteseer/PieClam/experiments/../clamiter_directed.py:439:::  
staring fit_feats for 1000 iterations


/mnt/home/jcervino/Github/CoraCiteseer/PieClam/experiments/../trainer_directed.py:444:::  



FINISHED train 
 last accuracies:
test
key='auc': 0.5270189536204035
val
key='auc': 0.5158829909953341




/mnt/home/jcervino/Github/CoraCiteseer/PieClam/experiments/../trainer_directed.py:460:::  

train_model_on_params on ieclam citeseer 
took 5.916366815567017 seconds


/mnt/home/jcervino/Github/CoraCiteseer/PieClam/experiments/optimization_utils_directed.py:663:::  
Repetition no. 0


/mnt/home/jcervino/Github/CoraCiteseer/PieClam/experiments/../trainer_directed.py:158:::  

Using dataset specific configuration and not global 




/mnt/home/jcervino/Github/CoraCiteseer/PieClam/experiments/../trainer_directed.py:337:::  

In function train. 
2025-12-15 11:36:41 starting optimization of ieclam on citeseer (DIRECTED) on device cuda

 configs_dict: 
{
    "clamiter_init": {
        "dim_feat": 48,
        "s_reg": 0.1,
        "l1_reg": 1,
        "T": 1,
        "hidden_dim": 64,
        "num_coupling_blocks": 32,
        "num_layers_mlp": 2
    },
    "feat_opt": {
        "lr": 5e-06,
        "n_iter": 1000,
        "early_stop": 0
    }
}


/mnt/home/jcervino/Github/CoraCiteseer/PieClam/experiments/../clamiter_directed.py:439:::  
staring fit_feats for 1000 iterations


/mnt/home/jcervino/Github/CoraCiteseer/PieClam/experiments/../trainer_directed.py:444:::  



FINISHED train 
 last accuracies:
test
key='auc': 0.6431915451131103
val
key='auc': 0.656270983626315




/mnt/home/jcervino/Github/CoraCiteseer/PieClam/experiments/../trainer_directed.py:460:::  

train_model_on_params on ieclam citeseer 
took 5.917551517486572 seconds


/mnt/home/jcervino/Github/CoraCiteseer/PieClam/experiments/optimization_utils_directed.py:663:::  
Repetition no. 1


/mnt/home/jcervino/Github/CoraCiteseer/PieClam/experiments/../trainer_directed.py:158:::  

Using dataset specific configuration and not global 




/mnt/home/jcervino/Github/CoraCiteseer/PieClam/experiments/../trainer_directed.py:337:::  

In function train. 
2025-12-15 11:36:47 starting optimization of ieclam on citeseer (DIRECTED) on device cuda

 configs_dict: 
{
    "clamiter_init": {
        "dim_feat": 48,
        "s_reg": 0.1,
        "l1_reg": 1,
        "T": 1,
        "hidden_dim": 64,
        "num_coupling_blocks": 32,
        "num_layers_mlp": 2
    },
    "feat_opt": {
        "lr": 5e-06,
        "n_iter": 1000,
        "early_stop": 0
    }
}


/mnt/home/jcervino/Github/CoraCiteseer/PieClam/experiments/../clamiter_directed.py:439:::  
staring fit_feats for 1000 iterations


/mnt/home/jcervino/Github/CoraCiteseer/PieClam/experiments/../trainer_directed.py:444:::  



FINISHED train 
 last accuracies:
test
key='auc': 0.6671552100620141
val
key='auc': 0.7027706995402971




/mnt/home/jcervino/Github/CoraCiteseer/PieClam/experiments/../trainer_directed.py:460:::  

train_model_on_params on ieclam citeseer 
took 5.9191155433654785 seconds


/mnt/home/jcervino/Github/CoraCiteseer/PieClam/experiments/optimization_utils_directed.py:663:::  
Repetition no. 2


/mnt/home/jcervino/Github/CoraCiteseer/PieClam/experiments/../trainer_directed.py:158:::  

Using dataset specific configuration and not global 




/mnt/home/jcervino/Github/CoraCiteseer/PieClam/experiments/../trainer_directed.py:337:::  

In function train. 
2025-12-15 11:36:53 starting optimization of ieclam on citeseer (DIRECTED) on device cuda

 configs_dict: 
{
    "clamiter_init": {
        "dim_feat": 48,
        "s_reg": 0.1,
        "l1_reg": 1,
        "T": 1,
        "hidden_dim": 64,
        "num_coupling_blocks": 32,
        "num_layers_mlp": 2
    },
    "feat_opt": {
        "lr": 5e-06,
        "n_iter": 1000,
        "early_stop": 0
    }
}


/mnt/home/jcervino/Github/CoraCiteseer/PieClam/experiments/../clamiter_directed.py:439:::  
staring fit_feats for 1000 iterations


/mnt/home/jcervino/Github/CoraCiteseer/PieClam/experiments/../trainer_directed.py:444:::  



FINISHED train 
 last accuracies:
test
key='auc': 0.6634902611581798
val
key='auc': 0.6791506688934419




/mnt/home/jcervino/Github/CoraCiteseer/PieClam/experiments/../trainer_directed.py:460:::  

train_model_on_params on ieclam citeseer 
took 5.911318302154541 seconds


/mnt/home/jcervino/Github/CoraCiteseer/PieClam/experiments/optimization_utils_directed.py:663:::  
Repetition no. 0


/mnt/home/jcervino/Github/CoraCiteseer/PieClam/experiments/../trainer_directed.py:158:::  

Using dataset specific configuration and not global 




/mnt/home/jcervino/Github/CoraCiteseer/PieClam/experiments/../trainer_directed.py:337:::  

In function train. 
2025-12-15 11:36:59 starting optimization of ieclam on citeseer (DIRECTED) on device cuda

 configs_dict: 
{
    "clamiter_init": {
        "dim_feat": 48,
        "s_reg": 0.1,
        "l1_reg": 1,
        "T": 1,
        "hidden_dim": 64,
        "num_coupling_blocks": 32,
        "num_layers_mlp": 2
    },
    "feat_opt": {
        "lr": 5e-07,
        "n_iter": 500,
        "early_stop": 0
    }
}


/mnt/home/jcervino/Github/CoraCiteseer/PieClam/experiments/../clamiter_directed.py:439:::  
staring fit_feats for 500 iterations


/mnt/home/jcervino/Github/CoraCiteseer/PieClam/experiments/../trainer_directed.py:444:::  



FINISHED train 
 last accuracies:
test
key='auc': 0.552659620927592
val
key='auc': 0.5100075756271414




/mnt/home/jcervino/Github/CoraCiteseer/PieClam/experiments/../trainer_directed.py:460:::  

train_model_on_params on ieclam citeseer 
took 2.9793927669525146 seconds


/mnt/home/jcervino/Github/CoraCiteseer/PieClam/experiments/optimization_utils_directed.py:663:::  
Repetition no. 1


/mnt/home/jcervino/Github/CoraCiteseer/PieClam/experiments/../trainer_directed.py:158:::  

Using dataset specific configuration and not global 




/mnt/home/jcervino/Github/CoraCiteseer/PieClam/experiments/../trainer_directed.py:337:::  

In function train. 
2025-12-15 11:37:02 starting optimization of ieclam on citeseer (DIRECTED) on device cuda

 configs_dict: 
{
    "clamiter_init": {
        "dim_feat": 48,
        "s_reg": 0.1,
        "l1_reg": 1,
        "T": 1,
        "hidden_dim": 64,
        "num_coupling_blocks": 32,
        "num_layers_mlp": 2
    },
    "feat_opt": {
        "lr": 5e-07,
        "n_iter": 500,
        "early_stop": 0
    }
}


/mnt/home/jcervino/Github/CoraCiteseer/PieClam/experiments/../clamiter_directed.py:439:::  
staring fit_feats for 500 iterations


/mnt/home/jcervino/Github/CoraCiteseer/PieClam/experiments/../trainer_directed.py:444:::  



FINISHED train 
 last accuracies:
test
key='auc': 0.5343872827321163
val
key='auc': 0.5518715242506156




/mnt/home/jcervino/Github/CoraCiteseer/PieClam/experiments/../trainer_directed.py:460:::  

train_model_on_params on ieclam citeseer 
took 5.5564703941345215 seconds


/mnt/home/jcervino/Github/CoraCiteseer/PieClam/experiments/optimization_utils_directed.py:663:::  
Repetition no. 2


/mnt/home/jcervino/Github/CoraCiteseer/PieClam/experiments/../trainer_directed.py:158:::  

Using dataset specific configuration and not global 




/mnt/home/jcervino/Github/CoraCiteseer/PieClam/experiments/../trainer_directed.py:337:::  

In function train. 
2025-12-15 11:37:08 starting optimization of ieclam on citeseer (DIRECTED) on device cuda

 configs_dict: 
{
    "clamiter_init": {
        "dim_feat": 48,
        "s_reg": 0.1,
        "l1_reg": 1,
        "T": 1,
        "hidden_dim": 64,
        "num_coupling_blocks": 32,
        "num_layers_mlp": 2
    },
    "feat_opt": {
        "lr": 5e-07,
        "n_iter": 500,
        "early_stop": 0
    }
}


/mnt/home/jcervino/Github/CoraCiteseer/PieClam/experiments/../clamiter_directed.py:439:::  
staring fit_feats for 500 iterations


/mnt/home/jcervino/Github/CoraCiteseer/PieClam/experiments/../trainer_directed.py:444:::  



FINISHED train 
 last accuracies:
test
key='auc': 0.47973098087169186
val
key='auc': 0.47612170933696046




/mnt/home/jcervino/Github/CoraCiteseer/PieClam/experiments/../trainer_directed.py:460:::  

train_model_on_params on ieclam citeseer 
took 3.036713123321533 seconds


/mnt/home/jcervino/Github/CoraCiteseer/PieClam/experiments/optimization_utils_directed.py:663:::  
Repetition no. 0


/mnt/home/jcervino/Github/CoraCiteseer/PieClam/experiments/../trainer_directed.py:158:::  

Using dataset specific configuration and not global 




/mnt/home/jcervino/Github/CoraCiteseer/PieClam/experiments/../trainer_directed.py:337:::  

In function train. 
2025-12-15 11:37:11 starting optimization of ieclam on citeseer (DIRECTED) on device cuda

 configs_dict: 
{
    "clamiter_init": {
        "dim_feat": 48,
        "s_reg": 0.1,
        "l1_reg": 1,
        "T": 1,
        "hidden_dim": 64,
        "num_coupling_blocks": 32,
        "num_layers_mlp": 2
    },
    "feat_opt": {
        "lr": 5e-06,
        "n_iter": 3000,
        "early_stop": 0
    }
}


/mnt/home/jcervino/Github/CoraCiteseer/PieClam/experiments/../clamiter_directed.py:439:::  
staring fit_feats for 3000 iterations


/mnt/home/jcervino/Github/CoraCiteseer/PieClam/experiments/../trainer_directed.py:444:::  



FINISHED train 
 last accuracies:
test
key='auc': 0.6158616473054415
val
key='auc': 0.6122656290353128




/mnt/home/jcervino/Github/CoraCiteseer/PieClam/experiments/../trainer_directed.py:460:::  

train_model_on_params on ieclam citeseer 
took 17.763821840286255 seconds


/mnt/home/jcervino/Github/CoraCiteseer/PieClam/experiments/optimization_utils_directed.py:663:::  
Repetition no. 1


/mnt/home/jcervino/Github/CoraCiteseer/PieClam/experiments/../trainer_directed.py:158:::  

Using dataset specific configuration and not global 




/mnt/home/jcervino/Github/CoraCiteseer/PieClam/experiments/../trainer_directed.py:337:::  

In function train. 
2025-12-15 11:37:29 starting optimization of ieclam on citeseer (DIRECTED) on device cuda

 configs_dict: 
{
    "clamiter_init": {
        "dim_feat": 48,
        "s_reg": 0.1,
        "l1_reg": 1,
        "T": 1,
        "hidden_dim": 64,
        "num_coupling_blocks": 32,
        "num_layers_mlp": 2
    },
    "feat_opt": {
        "lr": 5e-06,
        "n_iter": 3000,
        "early_stop": 0
    }
}


/mnt/home/jcervino/Github/CoraCiteseer/PieClam/experiments/../clamiter_directed.py:439:::  
staring fit_feats for 3000 iterations


/mnt/home/jcervino/Github/CoraCiteseer/PieClam/experiments/../trainer_directed.py:444:::  



FINISHED train 
 last accuracies:
test
key='auc': 0.6165988295921041
val
key='auc': 0.6279183381828825




/mnt/home/jcervino/Github/CoraCiteseer/PieClam/experiments/../trainer_directed.py:460:::  

train_model_on_params on ieclam citeseer 
took 17.714163541793823 seconds


/mnt/home/jcervino/Github/CoraCiteseer/PieClam/experiments/optimization_utils_directed.py:663:::  
Repetition no. 2


/mnt/home/jcervino/Github/CoraCiteseer/PieClam/experiments/../trainer_directed.py:158:::  

Using dataset specific configuration and not global 




/mnt/home/jcervino/Github/CoraCiteseer/PieClam/experiments/../trainer_directed.py:337:::  

In function train. 
2025-12-15 11:37:47 starting optimization of ieclam on citeseer (DIRECTED) on device cuda

 configs_dict: 
{
    "clamiter_init": {
        "dim_feat": 48,
        "s_reg": 0.1,
        "l1_reg": 1,
        "T": 1,
        "hidden_dim": 64,
        "num_coupling_blocks": 32,
        "num_layers_mlp": 2
    },
    "feat_opt": {
        "lr": 5e-06,
        "n_iter": 3000,
        "early_stop": 0
    }
}


/mnt/home/jcervino/Github/CoraCiteseer/PieClam/experiments/../clamiter_directed.py:439:::  
staring fit_feats for 3000 iterations


/mnt/home/jcervino/Github/CoraCiteseer/PieClam/experiments/../trainer_directed.py:444:::  



FINISHED train 
 last accuracies:
test
key='auc': 0.6139924884269369
val
key='auc': 0.6301759611576936




/mnt/home/jcervino/Github/CoraCiteseer/PieClam/experiments/../trainer_directed.py:460:::  

train_model_on_params on ieclam citeseer 
took 17.72718048095703 seconds


/mnt/home/jcervino/Github/CoraCiteseer/PieClam/experiments/optimization_utils_directed.py:663:::  
Repetition no. 0


/mnt/home/jcervino/Github/CoraCiteseer/PieClam/experiments/../trainer_directed.py:158:::  

Using dataset specific configuration and not global 




/mnt/home/jcervino/Github/CoraCiteseer/PieClam/experiments/../trainer_directed.py:337:::  

In function train. 
2025-12-15 11:38:05 starting optimization of ieclam on citeseer (DIRECTED) on device cuda

 configs_dict: 
{
    "clamiter_init": {
        "dim_feat": 48,
        "s_reg": 0.0,
        "l1_reg": 1,
        "T": 1,
        "hidden_dim": 64,
        "num_coupling_blocks": 32,
        "num_layers_mlp": 2
    },
    "feat_opt": {
        "lr": 5e-06,
        "n_iter": 1000,
        "early_stop": 0
    }
}


/mnt/home/jcervino/Github/CoraCiteseer/PieClam/experiments/../clamiter_directed.py:439:::  
staring fit_feats for 1000 iterations


/mnt/home/jcervino/Github/CoraCiteseer/PieClam/experiments/../trainer_directed.py:444:::  



FINISHED train 
 last accuracies:
test
key='auc': 0.6613119049698664
val
key='auc': 0.6805969249840741




/mnt/home/jcervino/Github/CoraCiteseer/PieClam/experiments/../trainer_directed.py:460:::  

train_model_on_params on ieclam citeseer 
took 5.914823293685913 seconds


/mnt/home/jcervino/Github/CoraCiteseer/PieClam/experiments/optimization_utils_directed.py:663:::  
Repetition no. 1


/mnt/home/jcervino/Github/CoraCiteseer/PieClam/experiments/../trainer_directed.py:158:::  

Using dataset specific configuration and not global 




/mnt/home/jcervino/Github/CoraCiteseer/PieClam/experiments/../trainer_directed.py:337:::  

In function train. 
2025-12-15 11:38:11 starting optimization of ieclam on citeseer (DIRECTED) on device cuda

 configs_dict: 
{
    "clamiter_init": {
        "dim_feat": 48,
        "s_reg": 0.0,
        "l1_reg": 1,
        "T": 1,
        "hidden_dim": 64,
        "num_coupling_blocks": 32,
        "num_layers_mlp": 2
    },
    "feat_opt": {
        "lr": 5e-06,
        "n_iter": 1000,
        "early_stop": 0
    }
}


/mnt/home/jcervino/Github/CoraCiteseer/PieClam/experiments/../clamiter_directed.py:439:::  
staring fit_feats for 1000 iterations


/mnt/home/jcervino/Github/CoraCiteseer/PieClam/experiments/../trainer_directed.py:444:::  



FINISHED train 
 last accuracies:
test
key='auc': 0.6682644772469211
val
key='auc': 0.6608464902463801




/mnt/home/jcervino/Github/CoraCiteseer/PieClam/experiments/../trainer_directed.py:460:::  

train_model_on_params on ieclam citeseer 
took 5.969208717346191 seconds


/mnt/home/jcervino/Github/CoraCiteseer/PieClam/experiments/optimization_utils_directed.py:663:::  
Repetition no. 2


/mnt/home/jcervino/Github/CoraCiteseer/PieClam/experiments/../trainer_directed.py:158:::  

Using dataset specific configuration and not global 




/mnt/home/jcervino/Github/CoraCiteseer/PieClam/experiments/../trainer_directed.py:337:::  

In function train. 
2025-12-15 11:38:17 starting optimization of ieclam on citeseer (DIRECTED) on device cuda

 configs_dict: 
{
    "clamiter_init": {
        "dim_feat": 48,
        "s_reg": 0.0,
        "l1_reg": 1,
        "T": 1,
        "hidden_dim": 64,
        "num_coupling_blocks": 32,
        "num_layers_mlp": 2
    },
    "feat_opt": {
        "lr": 5e-06,
        "n_iter": 1000,
        "early_stop": 0
    }
}


/mnt/home/jcervino/Github/CoraCiteseer/PieClam/experiments/../clamiter_directed.py:439:::  
staring fit_feats for 1000 iterations


/mnt/home/jcervino/Github/CoraCiteseer/PieClam/experiments/../trainer_directed.py:444:::  



FINISHED train 
 last accuracies:
test
key='auc': 0.661432439514368
val
key='auc': 0.6751088996401576




/mnt/home/jcervino/Github/CoraCiteseer/PieClam/experiments/../trainer_directed.py:460:::  

train_model_on_params on ieclam citeseer 
took 5.925583600997925 seconds


/mnt/home/jcervino/Github/CoraCiteseer/PieClam/experiments/optimization_utils_directed.py:663:::  
Repetition no. 0


/mnt/home/jcervino/Github/CoraCiteseer/PieClam/experiments/../trainer_directed.py:158:::  

Using dataset specific configuration and not global 




/mnt/home/jcervino/Github/CoraCiteseer/PieClam/experiments/../trainer_directed.py:337:::  

In function train. 
2025-12-15 11:38:23 starting optimization of ieclam on citeseer (DIRECTED) on device cuda

 configs_dict: 
{
    "clamiter_init": {
        "dim_feat": 48,
        "s_reg": 0.0,
        "l1_reg": 1,
        "T": 1,
        "hidden_dim": 64,
        "num_coupling_blocks": 32,
        "num_layers_mlp": 2
    },
    "feat_opt": {
        "lr": 5e-07,
        "n_iter": 3000,
        "early_stop": 0
    }
}


/mnt/home/jcervino/Github/CoraCiteseer/PieClam/experiments/../clamiter_directed.py:439:::  
staring fit_feats for 3000 iterations


/mnt/home/jcervino/Github/CoraCiteseer/PieClam/experiments/../trainer_directed.py:444:::  



FINISHED train 
 last accuracies:
test
key='auc': 0.5787544763734824
val
key='auc': 0.5814207744357018




/mnt/home/jcervino/Github/CoraCiteseer/PieClam/experiments/../trainer_directed.py:460:::  

train_model_on_params on ieclam citeseer 
took 17.774256706237793 seconds


/mnt/home/jcervino/Github/CoraCiteseer/PieClam/experiments/optimization_utils_directed.py:663:::  
Repetition no. 1


/mnt/home/jcervino/Github/CoraCiteseer/PieClam/experiments/../trainer_directed.py:158:::  

Using dataset specific configuration and not global 




/mnt/home/jcervino/Github/CoraCiteseer/PieClam/experiments/../trainer_directed.py:337:::  

In function train. 
2025-12-15 11:38:41 starting optimization of ieclam on citeseer (DIRECTED) on device cuda

 configs_dict: 
{
    "clamiter_init": {
        "dim_feat": 48,
        "s_reg": 0.0,
        "l1_reg": 1,
        "T": 1,
        "hidden_dim": 64,
        "num_coupling_blocks": 32,
        "num_layers_mlp": 2
    },
    "feat_opt": {
        "lr": 5e-07,
        "n_iter": 3000,
        "early_stop": 0
    }
}


/mnt/home/jcervino/Github/CoraCiteseer/PieClam/experiments/../clamiter_directed.py:439:::  
staring fit_feats for 3000 iterations


/mnt/home/jcervino/Github/CoraCiteseer/PieClam/experiments/../trainer_directed.py:444:::  



FINISHED train 
 last accuracies:
test
key='auc': 0.572532098873264
val
key='auc': 0.5766386598026894




/mnt/home/jcervino/Github/CoraCiteseer/PieClam/experiments/../trainer_directed.py:460:::  

train_model_on_params on ieclam citeseer 
took 17.713771104812622 seconds


/mnt/home/jcervino/Github/CoraCiteseer/PieClam/experiments/optimization_utils_directed.py:663:::  
Repetition no. 2


/mnt/home/jcervino/Github/CoraCiteseer/PieClam/experiments/../trainer_directed.py:158:::  

Using dataset specific configuration and not global 




/mnt/home/jcervino/Github/CoraCiteseer/PieClam/experiments/../trainer_directed.py:337:::  

In function train. 
2025-12-15 11:38:59 starting optimization of ieclam on citeseer (DIRECTED) on device cuda

 configs_dict: 
{
    "clamiter_init": {
        "dim_feat": 48,
        "s_reg": 0.0,
        "l1_reg": 1,
        "T": 1,
        "hidden_dim": 64,
        "num_coupling_blocks": 32,
        "num_layers_mlp": 2
    },
    "feat_opt": {
        "lr": 5e-07,
        "n_iter": 3000,
        "early_stop": 0
    }
}


/mnt/home/jcervino/Github/CoraCiteseer/PieClam/experiments/../clamiter_directed.py:439:::  
staring fit_feats for 3000 iterations


/mnt/home/jcervino/Github/CoraCiteseer/PieClam/experiments/../trainer_directed.py:444:::  



FINISHED train 
 last accuracies:
test
key='auc': 0.58682854397764
val
key='auc': 0.6006245588058058




/mnt/home/jcervino/Github/CoraCiteseer/PieClam/experiments/../trainer_directed.py:460:::  

train_model_on_params on ieclam citeseer 
took 17.78136944770813 seconds


/mnt/home/jcervino/Github/CoraCiteseer/PieClam/experiments/optimization_utils_directed.py:663:::  
Repetition no. 0


/mnt/home/jcervino/Github/CoraCiteseer/PieClam/experiments/../trainer_directed.py:158:::  

Using dataset specific configuration and not global 




/mnt/home/jcervino/Github/CoraCiteseer/PieClam/experiments/../trainer_directed.py:337:::  

In function train. 
2025-12-15 11:39:17 starting optimization of ieclam on citeseer (DIRECTED) on device cuda

 configs_dict: 
{
    "clamiter_init": {
        "dim_feat": 48,
        "s_reg": 0.0,
        "l1_reg": 1,
        "T": 1,
        "hidden_dim": 64,
        "num_coupling_blocks": 32,
        "num_layers_mlp": 2
    },
    "feat_opt": {
        "lr": 5e-07,
        "n_iter": 500,
        "early_stop": 0
    }
}


/mnt/home/jcervino/Github/CoraCiteseer/PieClam/experiments/../clamiter_directed.py:439:::  
staring fit_feats for 500 iterations


/mnt/home/jcervino/Github/CoraCiteseer/PieClam/experiments/../trainer_directed.py:444:::  



FINISHED train 
 last accuracies:
test
key='auc': 0.5054799545811861
val
key='auc': 0.4939588677880891




/mnt/home/jcervino/Github/CoraCiteseer/PieClam/experiments/../trainer_directed.py:460:::  

train_model_on_params on ieclam citeseer 
took 2.9751992225646973 seconds


/mnt/home/jcervino/Github/CoraCiteseer/PieClam/experiments/optimization_utils_directed.py:663:::  
Repetition no. 1


/mnt/home/jcervino/Github/CoraCiteseer/PieClam/experiments/../trainer_directed.py:158:::  

Using dataset specific configuration and not global 




/mnt/home/jcervino/Github/CoraCiteseer/PieClam/experiments/../trainer_directed.py:337:::  

In function train. 
2025-12-15 11:39:20 starting optimization of ieclam on citeseer (DIRECTED) on device cuda

 configs_dict: 
{
    "clamiter_init": {
        "dim_feat": 48,
        "s_reg": 0.0,
        "l1_reg": 1,
        "T": 1,
        "hidden_dim": 64,
        "num_coupling_blocks": 32,
        "num_layers_mlp": 2
    },
    "feat_opt": {
        "lr": 5e-07,
        "n_iter": 500,
        "early_stop": 0
    }
}


/mnt/home/jcervino/Github/CoraCiteseer/PieClam/experiments/../clamiter_directed.py:439:::  
staring fit_feats for 500 iterations


/mnt/home/jcervino/Github/CoraCiteseer/PieClam/experiments/../trainer_directed.py:444:::  



FINISHED train 
 last accuracies:
test
key='auc': 0.5240719713512096
val
key='auc': 0.4974346171725694




/mnt/home/jcervino/Github/CoraCiteseer/PieClam/experiments/../trainer_directed.py:460:::  

train_model_on_params on ieclam citeseer 
took 2.96964955329895 seconds


/mnt/home/jcervino/Github/CoraCiteseer/PieClam/experiments/optimization_utils_directed.py:663:::  
Repetition no. 2


/mnt/home/jcervino/Github/CoraCiteseer/PieClam/experiments/../trainer_directed.py:158:::  

Using dataset specific configuration and not global 




/mnt/home/jcervino/Github/CoraCiteseer/PieClam/experiments/../trainer_directed.py:337:::  

In function train. 
2025-12-15 11:39:23 starting optimization of ieclam on citeseer (DIRECTED) on device cuda

 configs_dict: 
{
    "clamiter_init": {
        "dim_feat": 48,
        "s_reg": 0.0,
        "l1_reg": 1,
        "T": 1,
        "hidden_dim": 64,
        "num_coupling_blocks": 32,
        "num_layers_mlp": 2
    },
    "feat_opt": {
        "lr": 5e-07,
        "n_iter": 500,
        "early_stop": 0
    }
}


/mnt/home/jcervino/Github/CoraCiteseer/PieClam/experiments/../clamiter_directed.py:439:::  
staring fit_feats for 500 iterations


/mnt/home/jcervino/Github/CoraCiteseer/PieClam/experiments/../trainer_directed.py:444:::  



FINISHED train 
 last accuracies:
test
key='auc': 0.5288164905231898
val
key='auc': 0.4928289802172828




/mnt/home/jcervino/Github/CoraCiteseer/PieClam/experiments/../trainer_directed.py:460:::  

train_model_on_params on ieclam citeseer 
took 2.977961778640747 seconds


/mnt/home/jcervino/Github/CoraCiteseer/PieClam/experiments/optimization_utils_directed.py:663:::  
Repetition no. 0


/mnt/home/jcervino/Github/CoraCiteseer/PieClam/experiments/../trainer_directed.py:158:::  

Using dataset specific configuration and not global 




/mnt/home/jcervino/Github/CoraCiteseer/PieClam/experiments/../trainer_directed.py:337:::  

In function train. 
2025-12-15 11:39:26 starting optimization of ieclam on citeseer (DIRECTED) on device cuda

 configs_dict: 
{
    "clamiter_init": {
        "dim_feat": 48,
        "s_reg": 0.0,
        "l1_reg": 1,
        "T": 1,
        "hidden_dim": 64,
        "num_coupling_blocks": 32,
        "num_layers_mlp": 2
    },
    "feat_opt": {
        "lr": 5e-06,
        "n_iter": 500,
        "early_stop": 0
    }
}


/mnt/home/jcervino/Github/CoraCiteseer/PieClam/experiments/../clamiter_directed.py:439:::  
staring fit_feats for 500 iterations


/mnt/home/jcervino/Github/CoraCiteseer/PieClam/experiments/../trainer_directed.py:444:::  



FINISHED train 
 last accuracies:
test
key='auc': 0.6525216176085249
val
key='auc': 0.6545341850174755




/mnt/home/jcervino/Github/CoraCiteseer/PieClam/experiments/../trainer_directed.py:460:::  

train_model_on_params on ieclam citeseer 
took 2.979478597640991 seconds


/mnt/home/jcervino/Github/CoraCiteseer/PieClam/experiments/optimization_utils_directed.py:663:::  
Repetition no. 1


/mnt/home/jcervino/Github/CoraCiteseer/PieClam/experiments/../trainer_directed.py:158:::  

Using dataset specific configuration and not global 




/mnt/home/jcervino/Github/CoraCiteseer/PieClam/experiments/../trainer_directed.py:337:::  

In function train. 
2025-12-15 11:39:29 starting optimization of ieclam on citeseer (DIRECTED) on device cuda

 configs_dict: 
{
    "clamiter_init": {
        "dim_feat": 48,
        "s_reg": 0.0,
        "l1_reg": 1,
        "T": 1,
        "hidden_dim": 64,
        "num_coupling_blocks": 32,
        "num_layers_mlp": 2
    },
    "feat_opt": {
        "lr": 5e-06,
        "n_iter": 500,
        "early_stop": 0
    }
}


/mnt/home/jcervino/Github/CoraCiteseer/PieClam/experiments/../clamiter_directed.py:439:::  
staring fit_feats for 500 iterations


/mnt/home/jcervino/Github/CoraCiteseer/PieClam/experiments/../trainer_directed.py:444:::  



FINISHED train 
 last accuracies:
test
key='auc': 0.6637750021835969
val
key='auc': 0.6855253869595909




/mnt/home/jcervino/Github/CoraCiteseer/PieClam/experiments/../trainer_directed.py:460:::  

train_model_on_params on ieclam citeseer 
took 2.9737813472747803 seconds


/mnt/home/jcervino/Github/CoraCiteseer/PieClam/experiments/optimization_utils_directed.py:663:::  
Repetition no. 2


/mnt/home/jcervino/Github/CoraCiteseer/PieClam/experiments/../trainer_directed.py:158:::  

Using dataset specific configuration and not global 




/mnt/home/jcervino/Github/CoraCiteseer/PieClam/experiments/../trainer_directed.py:337:::  

In function train. 
2025-12-15 11:39:32 starting optimization of ieclam on citeseer (DIRECTED) on device cuda

 configs_dict: 
{
    "clamiter_init": {
        "dim_feat": 48,
        "s_reg": 0.0,
        "l1_reg": 1,
        "T": 1,
        "hidden_dim": 64,
        "num_coupling_blocks": 32,
        "num_layers_mlp": 2
    },
    "feat_opt": {
        "lr": 5e-06,
        "n_iter": 500,
        "early_stop": 0
    }
}


/mnt/home/jcervino/Github/CoraCiteseer/PieClam/experiments/../clamiter_directed.py:439:::  
staring fit_feats for 500 iterations


/mnt/home/jcervino/Github/CoraCiteseer/PieClam/experiments/../trainer_directed.py:444:::  



FINISHED train 
 last accuracies:
test
key='auc': 0.6746178705563803
val
key='auc': 0.6514608908248826




/mnt/home/jcervino/Github/CoraCiteseer/PieClam/experiments/../trainer_directed.py:460:::  

train_model_on_params on ieclam citeseer 
took 2.9689676761627197 seconds


/mnt/home/jcervino/Github/CoraCiteseer/PieClam/experiments/optimization_utils_directed.py:663:::  
Repetition no. 0


/mnt/home/jcervino/Github/CoraCiteseer/PieClam/experiments/../trainer_directed.py:158:::  

Using dataset specific configuration and not global 




/mnt/home/jcervino/Github/CoraCiteseer/PieClam/experiments/../trainer_directed.py:337:::  

In function train. 
2025-12-15 11:39:36 starting optimization of ieclam on citeseer (DIRECTED) on device cuda

 configs_dict: 
{
    "clamiter_init": {
        "dim_feat": 48,
        "s_reg": 0.1,
        "l1_reg": 1,
        "T": 1,
        "hidden_dim": 64,
        "num_coupling_blocks": 32,
        "num_layers_mlp": 2
    },
    "feat_opt": {
        "lr": 5e-07,
        "n_iter": 3000,
        "early_stop": 0
    }
}


/mnt/home/jcervino/Github/CoraCiteseer/PieClam/experiments/../clamiter_directed.py:439:::  
staring fit_feats for 3000 iterations


/mnt/home/jcervino/Github/CoraCiteseer/PieClam/experiments/../trainer_directed.py:444:::  



FINISHED train 
 last accuracies:
test
key='auc': 0.5999965062450869
val
key='auc': 0.5639602451748421




/mnt/home/jcervino/Github/CoraCiteseer/PieClam/experiments/../trainer_directed.py:460:::  

train_model_on_params on ieclam citeseer 
took 17.70930027961731 seconds


/mnt/home/jcervino/Github/CoraCiteseer/PieClam/experiments/optimization_utils_directed.py:663:::  
Repetition no. 1


/mnt/home/jcervino/Github/CoraCiteseer/PieClam/experiments/../trainer_directed.py:158:::  

Using dataset specific configuration and not global 




/mnt/home/jcervino/Github/CoraCiteseer/PieClam/experiments/../trainer_directed.py:337:::  

In function train. 
2025-12-15 11:39:54 starting optimization of ieclam on citeseer (DIRECTED) on device cuda

 configs_dict: 
{
    "clamiter_init": {
        "dim_feat": 48,
        "s_reg": 0.1,
        "l1_reg": 1,
        "T": 1,
        "hidden_dim": 64,
        "num_coupling_blocks": 32,
        "num_layers_mlp": 2
    },
    "feat_opt": {
        "lr": 5e-07,
        "n_iter": 3000,
        "early_stop": 0
    }
}


/mnt/home/jcervino/Github/CoraCiteseer/PieClam/experiments/../clamiter_directed.py:439:::  
staring fit_feats for 3000 iterations


/mnt/home/jcervino/Github/CoraCiteseer/PieClam/experiments/../trainer_directed.py:444:::  



FINISHED train 
 last accuracies:
test
key='auc': 0.6083972399336186
val
key='auc': 0.588137687023295




/mnt/home/jcervino/Github/CoraCiteseer/PieClam/experiments/../trainer_directed.py:460:::  

train_model_on_params on ieclam citeseer 
took 17.677196264266968 seconds


/mnt/home/jcervino/Github/CoraCiteseer/PieClam/experiments/optimization_utils_directed.py:663:::  
Repetition no. 2


/mnt/home/jcervino/Github/CoraCiteseer/PieClam/experiments/../trainer_directed.py:158:::  

Using dataset specific configuration and not global 




/mnt/home/jcervino/Github/CoraCiteseer/PieClam/experiments/../trainer_directed.py:337:::  

In function train. 
2025-12-15 11:40:11 starting optimization of ieclam on citeseer (DIRECTED) on device cuda

 configs_dict: 
{
    "clamiter_init": {
        "dim_feat": 48,
        "s_reg": 0.1,
        "l1_reg": 1,
        "T": 1,
        "hidden_dim": 64,
        "num_coupling_blocks": 32,
        "num_layers_mlp": 2
    },
    "feat_opt": {
        "lr": 5e-07,
        "n_iter": 3000,
        "early_stop": 0
    }
}


/mnt/home/jcervino/Github/CoraCiteseer/PieClam/experiments/../clamiter_directed.py:439:::  
staring fit_feats for 3000 iterations


/mnt/home/jcervino/Github/CoraCiteseer/PieClam/experiments/../trainer_directed.py:444:::  



FINISHED train 
 last accuracies:
test
key='auc': 0.5705948117739541
val
key='auc': 0.5373056593378214




/mnt/home/jcervino/Github/CoraCiteseer/PieClam/experiments/../trainer_directed.py:460:::  

train_model_on_params on ieclam citeseer 
took 17.71261501312256 seconds


/mnt/home/jcervino/Github/CoraCiteseer/PieClam/experiments/optimization_utils_directed.py:738:::  


Finished CrossVal!




/mnt/home/jcervino/Github/CoraCiteseer/PieClam/experiments/optimization_utils_directed.py:514:::  
On test set split_23-01_22-11-25 of citeseer,ieclam
 ======================


/mnt/home/jcervino/Github/CoraCiteseer/PieClam/experiments/../datasets/import_dataset.py:258:::  
end of import_dataset
citeseer 
has 4230 nodes 
and 5358 edges. 
Graph is directed
Graph has NO self loops


/mnt/home/jcervino/Github/CoraCiteseer/PieClam/experiments/optimization_utils_directed.py:638:::  
RunSaver defined to acc_configs path /mnt/home/jcervino/Github/CoraCiteseer/PieClam/experiments/results/directed/link_prediction/auc/citeseer/ieclam/split_23-01_22-11-25/valid/acc_configs11-40_15-12-25.json


/mnt/home/jcervino/Github/CoraCiteseer/PieClam/experiments/optimization_utils_directed.py:663:::  
Repetition no. 0


/mnt/home/jcervino/Github/CoraCiteseer/PieClam/experiments/../trainer_directed.py:158:::  

Using dataset specific configuration and not global 




/mnt/home/jcervino/Github/CoraCiteseer/PieClam/experiments/../trainer_directed.py:337:::  

In function train. 
2025-12-15 11:40:30 starting optimization of ieclam on citeseer (DIRECTED) on device cuda

 configs_dict: 
{
    "clamiter_init": {
        "dim_feat": 48,
        "s_reg": 0.1,
        "l1_reg": 1,
        "T": 1,
        "hidden_dim": 64,
        "num_coupling_blocks": 32,
        "num_layers_mlp": 2
    },
    "feat_opt": {
        "lr": 5e-06,
        "n_iter": 500,
        "early_stop": 0
    }
}


/mnt/home/jcervino/Github/CoraCiteseer/PieClam/experiments/../clamiter_directed.py:439:::  
staring fit_feats for 500 iterations


/mnt/home/jcervino/Github/CoraCiteseer/PieClam/experiments/../trainer_directed.py:444:::  



FINISHED train 
 last accuracies:
test
key='auc': 0.6245680845488689
val
key='auc': 0.6673589469878274




/mnt/home/jcervino/Github/CoraCiteseer/PieClam/experiments/../trainer_directed.py:460:::  

train_model_on_params on ieclam citeseer 
took 2.9637112617492676 seconds


/mnt/home/jcervino/Github/CoraCiteseer/PieClam/experiments/optimization_utils_directed.py:663:::  
Repetition no. 1


/mnt/home/jcervino/Github/CoraCiteseer/PieClam/experiments/../trainer_directed.py:158:::  

Using dataset specific configuration and not global 




/mnt/home/jcervino/Github/CoraCiteseer/PieClam/experiments/../trainer_directed.py:337:::  

In function train. 
2025-12-15 11:40:33 starting optimization of ieclam on citeseer (DIRECTED) on device cuda

 configs_dict: 
{
    "clamiter_init": {
        "dim_feat": 48,
        "s_reg": 0.1,
        "l1_reg": 1,
        "T": 1,
        "hidden_dim": 64,
        "num_coupling_blocks": 32,
        "num_layers_mlp": 2
    },
    "feat_opt": {
        "lr": 5e-06,
        "n_iter": 500,
        "early_stop": 0
    }
}


/mnt/home/jcervino/Github/CoraCiteseer/PieClam/experiments/../clamiter_directed.py:439:::  
staring fit_feats for 500 iterations


/mnt/home/jcervino/Github/CoraCiteseer/PieClam/experiments/../trainer_directed.py:444:::  



FINISHED train 
 last accuracies:
test
key='auc': 0.6446414534020438
val
key='auc': 0.6731159931819356




/mnt/home/jcervino/Github/CoraCiteseer/PieClam/experiments/../trainer_directed.py:460:::  

train_model_on_params on ieclam citeseer 
took 2.9709935188293457 seconds


/mnt/home/jcervino/Github/CoraCiteseer/PieClam/experiments/optimization_utils_directed.py:663:::  
Repetition no. 2


/mnt/home/jcervino/Github/CoraCiteseer/PieClam/experiments/../trainer_directed.py:158:::  

Using dataset specific configuration and not global 




/mnt/home/jcervino/Github/CoraCiteseer/PieClam/experiments/../trainer_directed.py:337:::  

In function train. 
2025-12-15 11:40:36 starting optimization of ieclam on citeseer (DIRECTED) on device cuda

 configs_dict: 
{
    "clamiter_init": {
        "dim_feat": 48,
        "s_reg": 0.1,
        "l1_reg": 1,
        "T": 1,
        "hidden_dim": 64,
        "num_coupling_blocks": 32,
        "num_layers_mlp": 2
    },
    "feat_opt": {
        "lr": 5e-06,
        "n_iter": 500,
        "early_stop": 0
    }
}


/mnt/home/jcervino/Github/CoraCiteseer/PieClam/experiments/../clamiter_directed.py:439:::  
staring fit_feats for 500 iterations


/mnt/home/jcervino/Github/CoraCiteseer/PieClam/experiments/../trainer_directed.py:444:::  



FINISHED train 
 last accuracies:
test
key='auc': 0.6677963140885667
val
key='auc': 0.6673610991546288




/mnt/home/jcervino/Github/CoraCiteseer/PieClam/experiments/../trainer_directed.py:460:::  

train_model_on_params on ieclam citeseer 
took 2.9699831008911133 seconds


/mnt/home/jcervino/Github/CoraCiteseer/PieClam/experiments/optimization_utils_directed.py:663:::  
Repetition no. 0


/mnt/home/jcervino/Github/CoraCiteseer/PieClam/experiments/../trainer_directed.py:158:::  

Using dataset specific configuration and not global 




/mnt/home/jcervino/Github/CoraCiteseer/PieClam/experiments/../trainer_directed.py:337:::  

In function train. 
2025-12-15 11:40:39 starting optimization of ieclam on citeseer (DIRECTED) on device cuda

 configs_dict: 
{
    "clamiter_init": {
        "dim_feat": 48,
        "s_reg": 0.0,
        "l1_reg": 1,
        "T": 1,
        "hidden_dim": 64,
        "num_coupling_blocks": 32,
        "num_layers_mlp": 2
    },
    "feat_opt": {
        "lr": 5e-06,
        "n_iter": 3000,
        "early_stop": 0
    }
}


/mnt/home/jcervino/Github/CoraCiteseer/PieClam/experiments/../clamiter_directed.py:439:::  
staring fit_feats for 3000 iterations


/mnt/home/jcervino/Github/CoraCiteseer/PieClam/experiments/../trainer_directed.py:444:::  



FINISHED train 
 last accuracies:
test
key='auc': 0.6100794829242728
val
key='auc': 0.6161567466124893




/mnt/home/jcervino/Github/CoraCiteseer/PieClam/experiments/../trainer_directed.py:460:::  

train_model_on_params on ieclam citeseer 
took 17.71274995803833 seconds


/mnt/home/jcervino/Github/CoraCiteseer/PieClam/experiments/optimization_utils_directed.py:663:::  
Repetition no. 1


/mnt/home/jcervino/Github/CoraCiteseer/PieClam/experiments/../trainer_directed.py:158:::  

Using dataset specific configuration and not global 




/mnt/home/jcervino/Github/CoraCiteseer/PieClam/experiments/../trainer_directed.py:337:::  

In function train. 
2025-12-15 11:40:57 starting optimization of ieclam on citeseer (DIRECTED) on device cuda

 configs_dict: 
{
    "clamiter_init": {
        "dim_feat": 48,
        "s_reg": 0.0,
        "l1_reg": 1,
        "T": 1,
        "hidden_dim": 64,
        "num_coupling_blocks": 32,
        "num_layers_mlp": 2
    },
    "feat_opt": {
        "lr": 5e-06,
        "n_iter": 3000,
        "early_stop": 0
    }
}


/mnt/home/jcervino/Github/CoraCiteseer/PieClam/experiments/../clamiter_directed.py:439:::  
staring fit_feats for 3000 iterations


/mnt/home/jcervino/Github/CoraCiteseer/PieClam/experiments/../trainer_directed.py:444:::  



FINISHED train 
 last accuracies:
test
key='auc': 0.5928832212420299
val
key='auc': 0.5952505983023708




/mnt/home/jcervino/Github/CoraCiteseer/PieClam/experiments/../trainer_directed.py:460:::  

train_model_on_params on ieclam citeseer 
took 17.735191583633423 seconds


/mnt/home/jcervino/Github/CoraCiteseer/PieClam/experiments/optimization_utils_directed.py:663:::  
Repetition no. 2


/mnt/home/jcervino/Github/CoraCiteseer/PieClam/experiments/../trainer_directed.py:158:::  

Using dataset specific configuration and not global 




/mnt/home/jcervino/Github/CoraCiteseer/PieClam/experiments/../trainer_directed.py:337:::  

In function train. 
2025-12-15 11:41:15 starting optimization of ieclam on citeseer (DIRECTED) on device cuda

 configs_dict: 
{
    "clamiter_init": {
        "dim_feat": 48,
        "s_reg": 0.0,
        "l1_reg": 1,
        "T": 1,
        "hidden_dim": 64,
        "num_coupling_blocks": 32,
        "num_layers_mlp": 2
    },
    "feat_opt": {
        "lr": 5e-06,
        "n_iter": 3000,
        "early_stop": 0
    }
}


/mnt/home/jcervino/Github/CoraCiteseer/PieClam/experiments/../clamiter_directed.py:439:::  
staring fit_feats for 3000 iterations


/mnt/home/jcervino/Github/CoraCiteseer/PieClam/experiments/../trainer_directed.py:444:::  



FINISHED train 
 last accuracies:
test
key='auc': 0.599025242379247
val
key='auc': 0.6180076100618104




/mnt/home/jcervino/Github/CoraCiteseer/PieClam/experiments/../trainer_directed.py:460:::  

train_model_on_params on ieclam citeseer 
took 17.6810200214386 seconds


/mnt/home/jcervino/Github/CoraCiteseer/PieClam/experiments/optimization_utils_directed.py:663:::  
Repetition no. 0


/mnt/home/jcervino/Github/CoraCiteseer/PieClam/experiments/../trainer_directed.py:158:::  

Using dataset specific configuration and not global 




/mnt/home/jcervino/Github/CoraCiteseer/PieClam/experiments/../trainer_directed.py:337:::  

In function train. 
2025-12-15 11:41:33 starting optimization of ieclam on citeseer (DIRECTED) on device cuda

 configs_dict: 
{
    "clamiter_init": {
        "dim_feat": 48,
        "s_reg": 0.0,
        "l1_reg": 1,
        "T": 1,
        "hidden_dim": 64,
        "num_coupling_blocks": 32,
        "num_layers_mlp": 2
    },
    "feat_opt": {
        "lr": 5e-07,
        "n_iter": 1000,
        "early_stop": 0
    }
}


/mnt/home/jcervino/Github/CoraCiteseer/PieClam/experiments/../clamiter_directed.py:439:::  
staring fit_feats for 1000 iterations


/mnt/home/jcervino/Github/CoraCiteseer/PieClam/experiments/../trainer_directed.py:444:::  



FINISHED train 
 last accuracies:
test
key='auc': 0.5265892217660931
val
key='auc': 0.5218789277044128




/mnt/home/jcervino/Github/CoraCiteseer/PieClam/experiments/../trainer_directed.py:460:::  

train_model_on_params on ieclam citeseer 
took 5.916982889175415 seconds


/mnt/home/jcervino/Github/CoraCiteseer/PieClam/experiments/optimization_utils_directed.py:663:::  
Repetition no. 1


/mnt/home/jcervino/Github/CoraCiteseer/PieClam/experiments/../trainer_directed.py:158:::  

Using dataset specific configuration and not global 




/mnt/home/jcervino/Github/CoraCiteseer/PieClam/experiments/../trainer_directed.py:337:::  

In function train. 
2025-12-15 11:41:39 starting optimization of ieclam on citeseer (DIRECTED) on device cuda

 configs_dict: 
{
    "clamiter_init": {
        "dim_feat": 48,
        "s_reg": 0.0,
        "l1_reg": 1,
        "T": 1,
        "hidden_dim": 64,
        "num_coupling_blocks": 32,
        "num_layers_mlp": 2
    },
    "feat_opt": {
        "lr": 5e-07,
        "n_iter": 1000,
        "early_stop": 0
    }
}


/mnt/home/jcervino/Github/CoraCiteseer/PieClam/experiments/../clamiter_directed.py:439:::  
staring fit_feats for 1000 iterations


/mnt/home/jcervino/Github/CoraCiteseer/PieClam/experiments/../trainer_directed.py:444:::  



FINISHED train 
 last accuracies:
test
key='auc': 0.5165411826360381
val
key='auc': 0.5216809283586714




/mnt/home/jcervino/Github/CoraCiteseer/PieClam/experiments/../trainer_directed.py:460:::  

train_model_on_params on ieclam citeseer 
took 5.92250657081604 seconds


/mnt/home/jcervino/Github/CoraCiteseer/PieClam/experiments/optimization_utils_directed.py:663:::  
Repetition no. 2


/mnt/home/jcervino/Github/CoraCiteseer/PieClam/experiments/../trainer_directed.py:158:::  

Using dataset specific configuration and not global 




/mnt/home/jcervino/Github/CoraCiteseer/PieClam/experiments/../trainer_directed.py:337:::  

In function train. 
2025-12-15 11:41:45 starting optimization of ieclam on citeseer (DIRECTED) on device cuda

 configs_dict: 
{
    "clamiter_init": {
        "dim_feat": 48,
        "s_reg": 0.0,
        "l1_reg": 1,
        "T": 1,
        "hidden_dim": 64,
        "num_coupling_blocks": 32,
        "num_layers_mlp": 2
    },
    "feat_opt": {
        "lr": 5e-07,
        "n_iter": 1000,
        "early_stop": 0
    }
}


/mnt/home/jcervino/Github/CoraCiteseer/PieClam/experiments/../clamiter_directed.py:439:::  
staring fit_feats for 1000 iterations


/mnt/home/jcervino/Github/CoraCiteseer/PieClam/experiments/../trainer_directed.py:444:::  



FINISHED train 
 last accuracies:
test
key='auc': 0.4876373482400209
val
key='auc': 0.4942063669702657




/mnt/home/jcervino/Github/CoraCiteseer/PieClam/experiments/../trainer_directed.py:460:::  

train_model_on_params on ieclam citeseer 
took 5.915714502334595 seconds


/mnt/home/jcervino/Github/CoraCiteseer/PieClam/experiments/optimization_utils_directed.py:663:::  
Repetition no. 0


/mnt/home/jcervino/Github/CoraCiteseer/PieClam/experiments/../trainer_directed.py:158:::  

Using dataset specific configuration and not global 




/mnt/home/jcervino/Github/CoraCiteseer/PieClam/experiments/../trainer_directed.py:337:::  

In function train. 
2025-12-15 11:41:51 starting optimization of ieclam on citeseer (DIRECTED) on device cuda

 configs_dict: 
{
    "clamiter_init": {
        "dim_feat": 48,
        "s_reg": 0.1,
        "l1_reg": 1,
        "T": 1,
        "hidden_dim": 64,
        "num_coupling_blocks": 32,
        "num_layers_mlp": 2
    },
    "feat_opt": {
        "lr": 5e-07,
        "n_iter": 1000,
        "early_stop": 0
    }
}


/mnt/home/jcervino/Github/CoraCiteseer/PieClam/experiments/../clamiter_directed.py:439:::  
staring fit_feats for 1000 iterations


/mnt/home/jcervino/Github/CoraCiteseer/PieClam/experiments/../trainer_directed.py:444:::  



FINISHED train 
 last accuracies:
test
key='auc': 0.4400174687745654
val
key='auc': 0.5353342745476145




/mnt/home/jcervino/Github/CoraCiteseer/PieClam/experiments/../trainer_directed.py:460:::  

train_model_on_params on ieclam citeseer 
took 5.919284820556641 seconds


/mnt/home/jcervino/Github/CoraCiteseer/PieClam/experiments/optimization_utils_directed.py:663:::  
Repetition no. 1


/mnt/home/jcervino/Github/CoraCiteseer/PieClam/experiments/../trainer_directed.py:158:::  

Using dataset specific configuration and not global 




/mnt/home/jcervino/Github/CoraCiteseer/PieClam/experiments/../trainer_directed.py:337:::  

In function train. 
2025-12-15 11:41:57 starting optimization of ieclam on citeseer (DIRECTED) on device cuda

 configs_dict: 
{
    "clamiter_init": {
        "dim_feat": 48,
        "s_reg": 0.1,
        "l1_reg": 1,
        "T": 1,
        "hidden_dim": 64,
        "num_coupling_blocks": 32,
        "num_layers_mlp": 2
    },
    "feat_opt": {
        "lr": 5e-07,
        "n_iter": 1000,
        "early_stop": 0
    }
}


/mnt/home/jcervino/Github/CoraCiteseer/PieClam/experiments/../clamiter_directed.py:439:::  
staring fit_feats for 1000 iterations


/mnt/home/jcervino/Github/CoraCiteseer/PieClam/experiments/../trainer_directed.py:444:::  



FINISHED train 
 last accuracies:
test
key='auc': 0.5024316534195126
val
key='auc': 0.5084451025292264




/mnt/home/jcervino/Github/CoraCiteseer/PieClam/experiments/../trainer_directed.py:460:::  

train_model_on_params on ieclam citeseer 
took 5.934398174285889 seconds


/mnt/home/jcervino/Github/CoraCiteseer/PieClam/experiments/optimization_utils_directed.py:663:::  
Repetition no. 2


/mnt/home/jcervino/Github/CoraCiteseer/PieClam/experiments/../trainer_directed.py:158:::  

Using dataset specific configuration and not global 




/mnt/home/jcervino/Github/CoraCiteseer/PieClam/experiments/../trainer_directed.py:337:::  

In function train. 
2025-12-15 11:42:03 starting optimization of ieclam on citeseer (DIRECTED) on device cuda

 configs_dict: 
{
    "clamiter_init": {
        "dim_feat": 48,
        "s_reg": 0.1,
        "l1_reg": 1,
        "T": 1,
        "hidden_dim": 64,
        "num_coupling_blocks": 32,
        "num_layers_mlp": 2
    },
    "feat_opt": {
        "lr": 5e-07,
        "n_iter": 1000,
        "early_stop": 0
    }
}


/mnt/home/jcervino/Github/CoraCiteseer/PieClam/experiments/../clamiter_directed.py:439:::  
staring fit_feats for 1000 iterations


/mnt/home/jcervino/Github/CoraCiteseer/PieClam/experiments/../trainer_directed.py:444:::  



FINISHED train 
 last accuracies:
test
key='auc': 0.5072233382828195
val
key='auc': 0.5301819872247379




/mnt/home/jcervino/Github/CoraCiteseer/PieClam/experiments/../trainer_directed.py:460:::  

train_model_on_params on ieclam citeseer 
took 5.921072483062744 seconds


/mnt/home/jcervino/Github/CoraCiteseer/PieClam/experiments/optimization_utils_directed.py:663:::  
Repetition no. 0


/mnt/home/jcervino/Github/CoraCiteseer/PieClam/experiments/../trainer_directed.py:158:::  

Using dataset specific configuration and not global 




/mnt/home/jcervino/Github/CoraCiteseer/PieClam/experiments/../trainer_directed.py:337:::  

In function train. 
2025-12-15 11:42:09 starting optimization of ieclam on citeseer (DIRECTED) on device cuda

 configs_dict: 
{
    "clamiter_init": {
        "dim_feat": 48,
        "s_reg": 0.1,
        "l1_reg": 1,
        "T": 1,
        "hidden_dim": 64,
        "num_coupling_blocks": 32,
        "num_layers_mlp": 2
    },
    "feat_opt": {
        "lr": 5e-06,
        "n_iter": 1000,
        "early_stop": 0
    }
}


/mnt/home/jcervino/Github/CoraCiteseer/PieClam/experiments/../clamiter_directed.py:439:::  
staring fit_feats for 1000 iterations


/mnt/home/jcervino/Github/CoraCiteseer/PieClam/experiments/../trainer_directed.py:444:::  



FINISHED train 
 last accuracies:
test
key='auc': 0.6643584592540833
val
key='auc': 0.6942825536750401




/mnt/home/jcervino/Github/CoraCiteseer/PieClam/experiments/../trainer_directed.py:460:::  

train_model_on_params on ieclam citeseer 
took 5.969788312911987 seconds


/mnt/home/jcervino/Github/CoraCiteseer/PieClam/experiments/optimization_utils_directed.py:663:::  
Repetition no. 1


/mnt/home/jcervino/Github/CoraCiteseer/PieClam/experiments/../trainer_directed.py:158:::  

Using dataset specific configuration and not global 




/mnt/home/jcervino/Github/CoraCiteseer/PieClam/experiments/../trainer_directed.py:337:::  

In function train. 
2025-12-15 11:42:15 starting optimization of ieclam on citeseer (DIRECTED) on device cuda

 configs_dict: 
{
    "clamiter_init": {
        "dim_feat": 48,
        "s_reg": 0.1,
        "l1_reg": 1,
        "T": 1,
        "hidden_dim": 64,
        "num_coupling_blocks": 32,
        "num_layers_mlp": 2
    },
    "feat_opt": {
        "lr": 5e-06,
        "n_iter": 1000,
        "early_stop": 0
    }
}


/mnt/home/jcervino/Github/CoraCiteseer/PieClam/experiments/../clamiter_directed.py:439:::  
staring fit_feats for 1000 iterations


/mnt/home/jcervino/Github/CoraCiteseer/PieClam/experiments/../trainer_directed.py:444:::  



FINISHED train 
 last accuracies:
test
key='auc': 0.655802253471919
val
key='auc': 0.6593249083176942




/mnt/home/jcervino/Github/CoraCiteseer/PieClam/experiments/../trainer_directed.py:460:::  

train_model_on_params on ieclam citeseer 
took 5.912246227264404 seconds


/mnt/home/jcervino/Github/CoraCiteseer/PieClam/experiments/optimization_utils_directed.py:663:::  
Repetition no. 2


/mnt/home/jcervino/Github/CoraCiteseer/PieClam/experiments/../trainer_directed.py:158:::  

Using dataset specific configuration and not global 




/mnt/home/jcervino/Github/CoraCiteseer/PieClam/experiments/../trainer_directed.py:337:::  

In function train. 
2025-12-15 11:42:21 starting optimization of ieclam on citeseer (DIRECTED) on device cuda

 configs_dict: 
{
    "clamiter_init": {
        "dim_feat": 48,
        "s_reg": 0.1,
        "l1_reg": 1,
        "T": 1,
        "hidden_dim": 64,
        "num_coupling_blocks": 32,
        "num_layers_mlp": 2
    },
    "feat_opt": {
        "lr": 5e-06,
        "n_iter": 1000,
        "early_stop": 0
    }
}


/mnt/home/jcervino/Github/CoraCiteseer/PieClam/experiments/../clamiter_directed.py:439:::  
staring fit_feats for 1000 iterations


/mnt/home/jcervino/Github/CoraCiteseer/PieClam/experiments/../trainer_directed.py:444:::  



FINISHED train 
 last accuracies:
test
key='auc': 0.6913581972224647
val
key='auc': 0.6817182038876742




/mnt/home/jcervino/Github/CoraCiteseer/PieClam/experiments/../trainer_directed.py:460:::  

train_model_on_params on ieclam citeseer 
took 5.932317733764648 seconds


/mnt/home/jcervino/Github/CoraCiteseer/PieClam/experiments/optimization_utils_directed.py:663:::  
Repetition no. 0


/mnt/home/jcervino/Github/CoraCiteseer/PieClam/experiments/../trainer_directed.py:158:::  

Using dataset specific configuration and not global 




/mnt/home/jcervino/Github/CoraCiteseer/PieClam/experiments/../trainer_directed.py:337:::  

In function train. 
2025-12-15 11:42:27 starting optimization of ieclam on citeseer (DIRECTED) on device cuda

 configs_dict: 
{
    "clamiter_init": {
        "dim_feat": 48,
        "s_reg": 0.1,
        "l1_reg": 1,
        "T": 1,
        "hidden_dim": 64,
        "num_coupling_blocks": 32,
        "num_layers_mlp": 2
    },
    "feat_opt": {
        "lr": 5e-07,
        "n_iter": 500,
        "early_stop": 0
    }
}


/mnt/home/jcervino/Github/CoraCiteseer/PieClam/experiments/../clamiter_directed.py:439:::  
staring fit_feats for 500 iterations


/mnt/home/jcervino/Github/CoraCiteseer/PieClam/experiments/../trainer_directed.py:444:::  



FINISHED train 
 last accuracies:
test
key='auc': 0.5251917198008559
val
key='auc': 0.5149575592706737




/mnt/home/jcervino/Github/CoraCiteseer/PieClam/experiments/../trainer_directed.py:460:::  

train_model_on_params on ieclam citeseer 
took 2.970351457595825 seconds


/mnt/home/jcervino/Github/CoraCiteseer/PieClam/experiments/optimization_utils_directed.py:663:::  
Repetition no. 1


/mnt/home/jcervino/Github/CoraCiteseer/PieClam/experiments/../trainer_directed.py:158:::  

Using dataset specific configuration and not global 




/mnt/home/jcervino/Github/CoraCiteseer/PieClam/experiments/../trainer_directed.py:337:::  

In function train. 
2025-12-15 11:42:31 starting optimization of ieclam on citeseer (DIRECTED) on device cuda

 configs_dict: 
{
    "clamiter_init": {
        "dim_feat": 48,
        "s_reg": 0.1,
        "l1_reg": 1,
        "T": 1,
        "hidden_dim": 64,
        "num_coupling_blocks": 32,
        "num_layers_mlp": 2
    },
    "feat_opt": {
        "lr": 5e-07,
        "n_iter": 500,
        "early_stop": 0
    }
}


/mnt/home/jcervino/Github/CoraCiteseer/PieClam/experiments/../clamiter_directed.py:439:::  
staring fit_feats for 500 iterations


/mnt/home/jcervino/Github/CoraCiteseer/PieClam/experiments/../trainer_directed.py:444:::  



FINISHED train 
 last accuracies:
test
key='auc': 0.47863394182898067
val
key='auc': 0.5223739260687661




/mnt/home/jcervino/Github/CoraCiteseer/PieClam/experiments/../trainer_directed.py:460:::  

train_model_on_params on ieclam citeseer 
took 2.9765374660491943 seconds


/mnt/home/jcervino/Github/CoraCiteseer/PieClam/experiments/optimization_utils_directed.py:663:::  
Repetition no. 2


/mnt/home/jcervino/Github/CoraCiteseer/PieClam/experiments/../trainer_directed.py:158:::  

Using dataset specific configuration and not global 




/mnt/home/jcervino/Github/CoraCiteseer/PieClam/experiments/../trainer_directed.py:337:::  

In function train. 
2025-12-15 11:42:34 starting optimization of ieclam on citeseer (DIRECTED) on device cuda

 configs_dict: 
{
    "clamiter_init": {
        "dim_feat": 48,
        "s_reg": 0.1,
        "l1_reg": 1,
        "T": 1,
        "hidden_dim": 64,
        "num_coupling_blocks": 32,
        "num_layers_mlp": 2
    },
    "feat_opt": {
        "lr": 5e-07,
        "n_iter": 500,
        "early_stop": 0
    }
}


/mnt/home/jcervino/Github/CoraCiteseer/PieClam/experiments/../clamiter_directed.py:439:::  
staring fit_feats for 500 iterations


/mnt/home/jcervino/Github/CoraCiteseer/PieClam/experiments/../trainer_directed.py:444:::  



FINISHED train 
 last accuracies:
test
key='auc': 0.489859376364748
val
key='auc': 0.5144496479055112




/mnt/home/jcervino/Github/CoraCiteseer/PieClam/experiments/../trainer_directed.py:460:::  

train_model_on_params on ieclam citeseer 
took 2.98201847076416 seconds


/mnt/home/jcervino/Github/CoraCiteseer/PieClam/experiments/optimization_utils_directed.py:663:::  
Repetition no. 0


/mnt/home/jcervino/Github/CoraCiteseer/PieClam/experiments/../trainer_directed.py:158:::  

Using dataset specific configuration and not global 




/mnt/home/jcervino/Github/CoraCiteseer/PieClam/experiments/../trainer_directed.py:337:::  

In function train. 
2025-12-15 11:42:37 starting optimization of ieclam on citeseer (DIRECTED) on device cuda

 configs_dict: 
{
    "clamiter_init": {
        "dim_feat": 48,
        "s_reg": 0.1,
        "l1_reg": 1,
        "T": 1,
        "hidden_dim": 64,
        "num_coupling_blocks": 32,
        "num_layers_mlp": 2
    },
    "feat_opt": {
        "lr": 5e-06,
        "n_iter": 3000,
        "early_stop": 0
    }
}


/mnt/home/jcervino/Github/CoraCiteseer/PieClam/experiments/../clamiter_directed.py:439:::  
staring fit_feats for 3000 iterations


/mnt/home/jcervino/Github/CoraCiteseer/PieClam/experiments/../trainer_directed.py:444:::  



FINISHED train 
 last accuracies:
test
key='auc': 0.6042885841558214
val
key='auc': 0.6104126134191904




/mnt/home/jcervino/Github/CoraCiteseer/PieClam/experiments/../trainer_directed.py:460:::  

train_model_on_params on ieclam citeseer 
took 17.700547456741333 seconds


/mnt/home/jcervino/Github/CoraCiteseer/PieClam/experiments/optimization_utils_directed.py:663:::  
Repetition no. 1


/mnt/home/jcervino/Github/CoraCiteseer/PieClam/experiments/../trainer_directed.py:158:::  

Using dataset specific configuration and not global 




/mnt/home/jcervino/Github/CoraCiteseer/PieClam/experiments/../trainer_directed.py:337:::  

In function train. 
2025-12-15 11:42:55 starting optimization of ieclam on citeseer (DIRECTED) on device cuda

 configs_dict: 
{
    "clamiter_init": {
        "dim_feat": 48,
        "s_reg": 0.1,
        "l1_reg": 1,
        "T": 1,
        "hidden_dim": 64,
        "num_coupling_blocks": 32,
        "num_layers_mlp": 2
    },
    "feat_opt": {
        "lr": 5e-06,
        "n_iter": 3000,
        "early_stop": 0
    }
}


/mnt/home/jcervino/Github/CoraCiteseer/PieClam/experiments/../clamiter_directed.py:439:::  
staring fit_feats for 3000 iterations


/mnt/home/jcervino/Github/CoraCiteseer/PieClam/experiments/../trainer_directed.py:444:::  



FINISHED train 
 last accuracies:
test
key='auc': 0.605476460826273
val
key='auc': 0.6099628105576695




/mnt/home/jcervino/Github/CoraCiteseer/PieClam/experiments/../trainer_directed.py:460:::  

train_model_on_params on ieclam citeseer 
took 17.73995065689087 seconds


/mnt/home/jcervino/Github/CoraCiteseer/PieClam/experiments/optimization_utils_directed.py:663:::  
Repetition no. 2


/mnt/home/jcervino/Github/CoraCiteseer/PieClam/experiments/../trainer_directed.py:158:::  

Using dataset specific configuration and not global 




/mnt/home/jcervino/Github/CoraCiteseer/PieClam/experiments/../trainer_directed.py:337:::  

In function train. 
2025-12-15 11:43:13 starting optimization of ieclam on citeseer (DIRECTED) on device cuda

 configs_dict: 
{
    "clamiter_init": {
        "dim_feat": 48,
        "s_reg": 0.1,
        "l1_reg": 1,
        "T": 1,
        "hidden_dim": 64,
        "num_coupling_blocks": 32,
        "num_layers_mlp": 2
    },
    "feat_opt": {
        "lr": 5e-06,
        "n_iter": 3000,
        "early_stop": 0
    }
}


/mnt/home/jcervino/Github/CoraCiteseer/PieClam/experiments/../clamiter_directed.py:439:::  
staring fit_feats for 3000 iterations


/mnt/home/jcervino/Github/CoraCiteseer/PieClam/experiments/../trainer_directed.py:444:::  



FINISHED train 
 last accuracies:
test
key='auc': 0.6096410166826797
val
key='auc': 0.6141337098190459




/mnt/home/jcervino/Github/CoraCiteseer/PieClam/experiments/../trainer_directed.py:460:::  

train_model_on_params on ieclam citeseer 
took 17.688276767730713 seconds


/mnt/home/jcervino/Github/CoraCiteseer/PieClam/experiments/optimization_utils_directed.py:663:::  
Repetition no. 0


/mnt/home/jcervino/Github/CoraCiteseer/PieClam/experiments/../trainer_directed.py:158:::  

Using dataset specific configuration and not global 




/mnt/home/jcervino/Github/CoraCiteseer/PieClam/experiments/../trainer_directed.py:337:::  

In function train. 
2025-12-15 11:43:30 starting optimization of ieclam on citeseer (DIRECTED) on device cuda

 configs_dict: 
{
    "clamiter_init": {
        "dim_feat": 48,
        "s_reg": 0.0,
        "l1_reg": 1,
        "T": 1,
        "hidden_dim": 64,
        "num_coupling_blocks": 32,
        "num_layers_mlp": 2
    },
    "feat_opt": {
        "lr": 5e-06,
        "n_iter": 1000,
        "early_stop": 0
    }
}


/mnt/home/jcervino/Github/CoraCiteseer/PieClam/experiments/../clamiter_directed.py:439:::  
staring fit_feats for 1000 iterations


/mnt/home/jcervino/Github/CoraCiteseer/PieClam/experiments/../trainer_directed.py:444:::  



FINISHED train 
 last accuracies:
test
key='auc': 0.6550074242291902
val
key='auc': 0.6739919250701607




/mnt/home/jcervino/Github/CoraCiteseer/PieClam/experiments/../trainer_directed.py:460:::  

train_model_on_params on ieclam citeseer 
took 5.9127583503723145 seconds


/mnt/home/jcervino/Github/CoraCiteseer/PieClam/experiments/optimization_utils_directed.py:663:::  
Repetition no. 1


/mnt/home/jcervino/Github/CoraCiteseer/PieClam/experiments/../trainer_directed.py:158:::  

Using dataset specific configuration and not global 




/mnt/home/jcervino/Github/CoraCiteseer/PieClam/experiments/../trainer_directed.py:337:::  

In function train. 
2025-12-15 11:43:37 starting optimization of ieclam on citeseer (DIRECTED) on device cuda

 configs_dict: 
{
    "clamiter_init": {
        "dim_feat": 48,
        "s_reg": 0.0,
        "l1_reg": 1,
        "T": 1,
        "hidden_dim": 64,
        "num_coupling_blocks": 32,
        "num_layers_mlp": 2
    },
    "feat_opt": {
        "lr": 5e-06,
        "n_iter": 1000,
        "early_stop": 0
    }
}


/mnt/home/jcervino/Github/CoraCiteseer/PieClam/experiments/../clamiter_directed.py:439:::  
staring fit_feats for 1000 iterations


/mnt/home/jcervino/Github/CoraCiteseer/PieClam/experiments/../trainer_directed.py:444:::  



FINISHED train 
 last accuracies:
test
key='auc': 0.6598899467202376
val
key='auc': 0.6716008677536544




/mnt/home/jcervino/Github/CoraCiteseer/PieClam/experiments/../trainer_directed.py:460:::  

train_model_on_params on ieclam citeseer 
took 5.913048028945923 seconds


/mnt/home/jcervino/Github/CoraCiteseer/PieClam/experiments/optimization_utils_directed.py:663:::  
Repetition no. 2


/mnt/home/jcervino/Github/CoraCiteseer/PieClam/experiments/../trainer_directed.py:158:::  

Using dataset specific configuration and not global 




/mnt/home/jcervino/Github/CoraCiteseer/PieClam/experiments/../trainer_directed.py:337:::  

In function train. 
2025-12-15 11:43:43 starting optimization of ieclam on citeseer (DIRECTED) on device cuda

 configs_dict: 
{
    "clamiter_init": {
        "dim_feat": 48,
        "s_reg": 0.0,
        "l1_reg": 1,
        "T": 1,
        "hidden_dim": 64,
        "num_coupling_blocks": 32,
        "num_layers_mlp": 2
    },
    "feat_opt": {
        "lr": 5e-06,
        "n_iter": 1000,
        "early_stop": 0
    }
}


/mnt/home/jcervino/Github/CoraCiteseer/PieClam/experiments/../clamiter_directed.py:439:::  
staring fit_feats for 1000 iterations


/mnt/home/jcervino/Github/CoraCiteseer/PieClam/experiments/../trainer_directed.py:444:::  



FINISHED train 
 last accuracies:
test
key='auc': 0.649820945060704
val
key='auc': 0.645288476438078




/mnt/home/jcervino/Github/CoraCiteseer/PieClam/experiments/../trainer_directed.py:460:::  

train_model_on_params on ieclam citeseer 
took 13.13879680633545 seconds


/mnt/home/jcervino/Github/CoraCiteseer/PieClam/experiments/optimization_utils_directed.py:663:::  
Repetition no. 0


/mnt/home/jcervino/Github/CoraCiteseer/PieClam/experiments/../trainer_directed.py:158:::  

Using dataset specific configuration and not global 




/mnt/home/jcervino/Github/CoraCiteseer/PieClam/experiments/../trainer_directed.py:337:::  

In function train. 
2025-12-15 11:43:56 starting optimization of ieclam on citeseer (DIRECTED) on device cuda

 configs_dict: 
{
    "clamiter_init": {
        "dim_feat": 48,
        "s_reg": 0.0,
        "l1_reg": 1,
        "T": 1,
        "hidden_dim": 64,
        "num_coupling_blocks": 32,
        "num_layers_mlp": 2
    },
    "feat_opt": {
        "lr": 5e-07,
        "n_iter": 3000,
        "early_stop": 0
    }
}


/mnt/home/jcervino/Github/CoraCiteseer/PieClam/experiments/../clamiter_directed.py:439:::  
staring fit_feats for 3000 iterations


/mnt/home/jcervino/Github/CoraCiteseer/PieClam/experiments/../trainer_directed.py:444:::  



FINISHED train 
 last accuracies:
test
key='auc': 0.547563979386846
val
key='auc': 0.5616574266971988




/mnt/home/jcervino/Github/CoraCiteseer/PieClam/experiments/../trainer_directed.py:460:::  

train_model_on_params on ieclam citeseer 
took 17.787261962890625 seconds


/mnt/home/jcervino/Github/CoraCiteseer/PieClam/experiments/optimization_utils_directed.py:663:::  
Repetition no. 1


/mnt/home/jcervino/Github/CoraCiteseer/PieClam/experiments/../trainer_directed.py:158:::  

Using dataset specific configuration and not global 




/mnt/home/jcervino/Github/CoraCiteseer/PieClam/experiments/../trainer_directed.py:337:::  

In function train. 
2025-12-15 11:44:14 starting optimization of ieclam on citeseer (DIRECTED) on device cuda

 configs_dict: 
{
    "clamiter_init": {
        "dim_feat": 48,
        "s_reg": 0.0,
        "l1_reg": 1,
        "T": 1,
        "hidden_dim": 64,
        "num_coupling_blocks": 32,
        "num_layers_mlp": 2
    },
    "feat_opt": {
        "lr": 5e-07,
        "n_iter": 3000,
        "early_stop": 0
    }
}


/mnt/home/jcervino/Github/CoraCiteseer/PieClam/experiments/../clamiter_directed.py:439:::  
staring fit_feats for 3000 iterations


/mnt/home/jcervino/Github/CoraCiteseer/PieClam/experiments/../trainer_directed.py:444:::  



FINISHED train 
 last accuracies:
test
key='auc': 0.5522840422744344
val
key='auc': 0.5593459995523493




/mnt/home/jcervino/Github/CoraCiteseer/PieClam/experiments/../trainer_directed.py:460:::  

train_model_on_params on ieclam citeseer 
took 17.75014853477478 seconds


/mnt/home/jcervino/Github/CoraCiteseer/PieClam/experiments/optimization_utils_directed.py:663:::  
Repetition no. 2


/mnt/home/jcervino/Github/CoraCiteseer/PieClam/experiments/../trainer_directed.py:158:::  

Using dataset specific configuration and not global 




/mnt/home/jcervino/Github/CoraCiteseer/PieClam/experiments/../trainer_directed.py:337:::  

In function train. 
2025-12-15 11:44:32 starting optimization of ieclam on citeseer (DIRECTED) on device cuda

 configs_dict: 
{
    "clamiter_init": {
        "dim_feat": 48,
        "s_reg": 0.0,
        "l1_reg": 1,
        "T": 1,
        "hidden_dim": 64,
        "num_coupling_blocks": 32,
        "num_layers_mlp": 2
    },
    "feat_opt": {
        "lr": 5e-07,
        "n_iter": 3000,
        "early_stop": 0
    }
}


/mnt/home/jcervino/Github/CoraCiteseer/PieClam/experiments/../clamiter_directed.py:439:::  
staring fit_feats for 3000 iterations


/mnt/home/jcervino/Github/CoraCiteseer/PieClam/experiments/../trainer_directed.py:444:::  



FINISHED train 
 last accuracies:
test
key='auc': 0.5686086121058607
val
key='auc': 0.5861189545634544




/mnt/home/jcervino/Github/CoraCiteseer/PieClam/experiments/../trainer_directed.py:460:::  

train_model_on_params on ieclam citeseer 
took 17.733733892440796 seconds


/mnt/home/jcervino/Github/CoraCiteseer/PieClam/experiments/optimization_utils_directed.py:663:::  
Repetition no. 0


/mnt/home/jcervino/Github/CoraCiteseer/PieClam/experiments/../trainer_directed.py:158:::  

Using dataset specific configuration and not global 




/mnt/home/jcervino/Github/CoraCiteseer/PieClam/experiments/../trainer_directed.py:337:::  

In function train. 
2025-12-15 11:44:50 starting optimization of ieclam on citeseer (DIRECTED) on device cuda

 configs_dict: 
{
    "clamiter_init": {
        "dim_feat": 48,
        "s_reg": 0.0,
        "l1_reg": 1,
        "T": 1,
        "hidden_dim": 64,
        "num_coupling_blocks": 32,
        "num_layers_mlp": 2
    },
    "feat_opt": {
        "lr": 5e-07,
        "n_iter": 500,
        "early_stop": 0
    }
}


/mnt/home/jcervino/Github/CoraCiteseer/PieClam/experiments/../clamiter_directed.py:439:::  
staring fit_feats for 500 iterations


/mnt/home/jcervino/Github/CoraCiteseer/PieClam/experiments/../trainer_directed.py:444:::  



FINISHED train 
 last accuracies:
test
key='auc': 0.5158389378985064
val
key='auc': 0.48289888259499664




/mnt/home/jcervino/Github/CoraCiteseer/PieClam/experiments/../trainer_directed.py:460:::  

train_model_on_params on ieclam citeseer 
took 2.9857664108276367 seconds


/mnt/home/jcervino/Github/CoraCiteseer/PieClam/experiments/optimization_utils_directed.py:663:::  
Repetition no. 1


/mnt/home/jcervino/Github/CoraCiteseer/PieClam/experiments/../trainer_directed.py:158:::  

Using dataset specific configuration and not global 




/mnt/home/jcervino/Github/CoraCiteseer/PieClam/experiments/../trainer_directed.py:337:::  

In function train. 
2025-12-15 11:44:53 starting optimization of ieclam on citeseer (DIRECTED) on device cuda

 configs_dict: 
{
    "clamiter_init": {
        "dim_feat": 48,
        "s_reg": 0.0,
        "l1_reg": 1,
        "T": 1,
        "hidden_dim": 64,
        "num_coupling_blocks": 32,
        "num_layers_mlp": 2
    },
    "feat_opt": {
        "lr": 5e-07,
        "n_iter": 500,
        "early_stop": 0
    }
}


/mnt/home/jcervino/Github/CoraCiteseer/PieClam/experiments/../clamiter_directed.py:439:::  
staring fit_feats for 500 iterations


/mnt/home/jcervino/Github/CoraCiteseer/PieClam/experiments/../trainer_directed.py:444:::  



FINISHED train 
 last accuracies:
test
key='auc': 0.5496864354965499
val
key='auc': 0.5263683476524165




/mnt/home/jcervino/Github/CoraCiteseer/PieClam/experiments/../trainer_directed.py:460:::  

train_model_on_params on ieclam citeseer 
took 2.968369960784912 seconds


/mnt/home/jcervino/Github/CoraCiteseer/PieClam/experiments/optimization_utils_directed.py:663:::  
Repetition no. 2


/mnt/home/jcervino/Github/CoraCiteseer/PieClam/experiments/../trainer_directed.py:158:::  

Using dataset specific configuration and not global 




/mnt/home/jcervino/Github/CoraCiteseer/PieClam/experiments/../trainer_directed.py:337:::  

In function train. 
2025-12-15 11:44:56 starting optimization of ieclam on citeseer (DIRECTED) on device cuda

 configs_dict: 
{
    "clamiter_init": {
        "dim_feat": 48,
        "s_reg": 0.0,
        "l1_reg": 1,
        "T": 1,
        "hidden_dim": 64,
        "num_coupling_blocks": 32,
        "num_layers_mlp": 2
    },
    "feat_opt": {
        "lr": 5e-07,
        "n_iter": 500,
        "early_stop": 0
    }
}


/mnt/home/jcervino/Github/CoraCiteseer/PieClam/experiments/../clamiter_directed.py:439:::  
staring fit_feats for 500 iterations


/mnt/home/jcervino/Github/CoraCiteseer/PieClam/experiments/../trainer_directed.py:444:::  



FINISHED train 
 last accuracies:
test
key='auc': 0.5013817800681282
val
key='auc': 0.5044937242816067




/mnt/home/jcervino/Github/CoraCiteseer/PieClam/experiments/../trainer_directed.py:460:::  

train_model_on_params on ieclam citeseer 
took 2.9862654209136963 seconds


/mnt/home/jcervino/Github/CoraCiteseer/PieClam/experiments/optimization_utils_directed.py:663:::  
Repetition no. 0


/mnt/home/jcervino/Github/CoraCiteseer/PieClam/experiments/../trainer_directed.py:158:::  

Using dataset specific configuration and not global 




/mnt/home/jcervino/Github/CoraCiteseer/PieClam/experiments/../trainer_directed.py:337:::  

In function train. 
2025-12-15 11:44:59 starting optimization of ieclam on citeseer (DIRECTED) on device cuda

 configs_dict: 
{
    "clamiter_init": {
        "dim_feat": 48,
        "s_reg": 0.0,
        "l1_reg": 1,
        "T": 1,
        "hidden_dim": 64,
        "num_coupling_blocks": 32,
        "num_layers_mlp": 2
    },
    "feat_opt": {
        "lr": 5e-06,
        "n_iter": 500,
        "early_stop": 0
    }
}


/mnt/home/jcervino/Github/CoraCiteseer/PieClam/experiments/../clamiter_directed.py:439:::  
staring fit_feats for 500 iterations


/mnt/home/jcervino/Github/CoraCiteseer/PieClam/experiments/../trainer_directed.py:444:::  



FINISHED train 
 last accuracies:
test
key='auc': 0.6528203336535943
val
key='auc': 0.6819205075670184




/mnt/home/jcervino/Github/CoraCiteseer/PieClam/experiments/../trainer_directed.py:460:::  

train_model_on_params on ieclam citeseer 
took 4.259851694107056 seconds


/mnt/home/jcervino/Github/CoraCiteseer/PieClam/experiments/optimization_utils_directed.py:663:::  
Repetition no. 1


/mnt/home/jcervino/Github/CoraCiteseer/PieClam/experiments/../trainer_directed.py:158:::  

Using dataset specific configuration and not global 




/mnt/home/jcervino/Github/CoraCiteseer/PieClam/experiments/../trainer_directed.py:337:::  

In function train. 
2025-12-15 11:45:04 starting optimization of ieclam on citeseer (DIRECTED) on device cuda

 configs_dict: 
{
    "clamiter_init": {
        "dim_feat": 48,
        "s_reg": 0.0,
        "l1_reg": 1,
        "T": 1,
        "hidden_dim": 64,
        "num_coupling_blocks": 32,
        "num_layers_mlp": 2
    },
    "feat_opt": {
        "lr": 5e-06,
        "n_iter": 500,
        "early_stop": 0
    }
}


/mnt/home/jcervino/Github/CoraCiteseer/PieClam/experiments/../clamiter_directed.py:439:::  
staring fit_feats for 500 iterations


/mnt/home/jcervino/Github/CoraCiteseer/PieClam/experiments/../trainer_directed.py:444:::  



FINISHED train 
 last accuracies:
test
key='auc': 0.6478522141671762
val
key='auc': 0.6623293331726382




/mnt/home/jcervino/Github/CoraCiteseer/PieClam/experiments/../trainer_directed.py:460:::  

train_model_on_params on ieclam citeseer 
took 2.9829485416412354 seconds


/mnt/home/jcervino/Github/CoraCiteseer/PieClam/experiments/optimization_utils_directed.py:663:::  
Repetition no. 2


/mnt/home/jcervino/Github/CoraCiteseer/PieClam/experiments/../trainer_directed.py:158:::  

Using dataset specific configuration and not global 




/mnt/home/jcervino/Github/CoraCiteseer/PieClam/experiments/../trainer_directed.py:337:::  

In function train. 
2025-12-15 11:45:07 starting optimization of ieclam on citeseer (DIRECTED) on device cuda

 configs_dict: 
{
    "clamiter_init": {
        "dim_feat": 48,
        "s_reg": 0.0,
        "l1_reg": 1,
        "T": 1,
        "hidden_dim": 64,
        "num_coupling_blocks": 32,
        "num_layers_mlp": 2
    },
    "feat_opt": {
        "lr": 5e-06,
        "n_iter": 500,
        "early_stop": 0
    }
}


/mnt/home/jcervino/Github/CoraCiteseer/PieClam/experiments/../clamiter_directed.py:439:::  
staring fit_feats for 500 iterations


/mnt/home/jcervino/Github/CoraCiteseer/PieClam/experiments/../trainer_directed.py:444:::  



FINISHED train 
 last accuracies:
test
key='auc': 0.6665036247707223
val
key='auc': 0.6758513971866876




/mnt/home/jcervino/Github/CoraCiteseer/PieClam/experiments/../trainer_directed.py:460:::  

train_model_on_params on ieclam citeseer 
took 2.9769129753112793 seconds


/mnt/home/jcervino/Github/CoraCiteseer/PieClam/experiments/optimization_utils_directed.py:663:::  
Repetition no. 0


/mnt/home/jcervino/Github/CoraCiteseer/PieClam/experiments/../trainer_directed.py:158:::  

Using dataset specific configuration and not global 




/mnt/home/jcervino/Github/CoraCiteseer/PieClam/experiments/../trainer_directed.py:337:::  

In function train. 
2025-12-15 11:45:10 starting optimization of ieclam on citeseer (DIRECTED) on device cuda

 configs_dict: 
{
    "clamiter_init": {
        "dim_feat": 48,
        "s_reg": 0.1,
        "l1_reg": 1,
        "T": 1,
        "hidden_dim": 64,
        "num_coupling_blocks": 32,
        "num_layers_mlp": 2
    },
    "feat_opt": {
        "lr": 5e-07,
        "n_iter": 3000,
        "early_stop": 0
    }
}


/mnt/home/jcervino/Github/CoraCiteseer/PieClam/experiments/../clamiter_directed.py:439:::  
staring fit_feats for 3000 iterations


/mnt/home/jcervino/Github/CoraCiteseer/PieClam/experiments/../trainer_directed.py:444:::  



FINISHED train 
 last accuracies:
test
key='auc': 0.5796698401607128
val
key='auc': 0.6070358637075809




/mnt/home/jcervino/Github/CoraCiteseer/PieClam/experiments/../trainer_directed.py:460:::  

train_model_on_params on ieclam citeseer 
took 17.746450185775757 seconds


/mnt/home/jcervino/Github/CoraCiteseer/PieClam/experiments/optimization_utils_directed.py:663:::  
Repetition no. 1


/mnt/home/jcervino/Github/CoraCiteseer/PieClam/experiments/../trainer_directed.py:158:::  

Using dataset specific configuration and not global 




/mnt/home/jcervino/Github/CoraCiteseer/PieClam/experiments/../trainer_directed.py:337:::  

In function train. 
2025-12-15 11:45:28 starting optimization of ieclam on citeseer (DIRECTED) on device cuda

 configs_dict: 
{
    "clamiter_init": {
        "dim_feat": 48,
        "s_reg": 0.1,
        "l1_reg": 1,
        "T": 1,
        "hidden_dim": 64,
        "num_coupling_blocks": 32,
        "num_layers_mlp": 2
    },
    "feat_opt": {
        "lr": 5e-07,
        "n_iter": 3000,
        "early_stop": 0
    }
}


/mnt/home/jcervino/Github/CoraCiteseer/PieClam/experiments/../clamiter_directed.py:439:::  
staring fit_feats for 3000 iterations


/mnt/home/jcervino/Github/CoraCiteseer/PieClam/experiments/../trainer_directed.py:444:::  



FINISHED train 
 last accuracies:
test
key='auc': 0.5714140973010743
val
key='auc': 0.5683786436183951




/mnt/home/jcervino/Github/CoraCiteseer/PieClam/experiments/../trainer_directed.py:460:::  

train_model_on_params on ieclam citeseer 
took 17.70021104812622 seconds


/mnt/home/jcervino/Github/CoraCiteseer/PieClam/experiments/optimization_utils_directed.py:663:::  
Repetition no. 2


/mnt/home/jcervino/Github/CoraCiteseer/PieClam/experiments/../trainer_directed.py:158:::  

Using dataset specific configuration and not global 




/mnt/home/jcervino/Github/CoraCiteseer/PieClam/experiments/../trainer_directed.py:337:::  

In function train. 
2025-12-15 11:45:46 starting optimization of ieclam on citeseer (DIRECTED) on device cuda

 configs_dict: 
{
    "clamiter_init": {
        "dim_feat": 48,
        "s_reg": 0.1,
        "l1_reg": 1,
        "T": 1,
        "hidden_dim": 64,
        "num_coupling_blocks": 32,
        "num_layers_mlp": 2
    },
    "feat_opt": {
        "lr": 5e-07,
        "n_iter": 3000,
        "early_stop": 0
    }
}


/mnt/home/jcervino/Github/CoraCiteseer/PieClam/experiments/../clamiter_directed.py:439:::  
staring fit_feats for 3000 iterations


/mnt/home/jcervino/Github/CoraCiteseer/PieClam/experiments/../trainer_directed.py:444:::  



FINISHED train 
 last accuracies:
test
key='auc': 0.5925530614027427
val
key='auc': 0.6006525369742257




/mnt/home/jcervino/Github/CoraCiteseer/PieClam/experiments/../trainer_directed.py:460:::  

train_model_on_params on ieclam citeseer 
took 17.753994464874268 seconds


/mnt/home/jcervino/Github/CoraCiteseer/PieClam/experiments/optimization_utils_directed.py:738:::  


Finished CrossVal!




/mnt/home/jcervino/Github/CoraCiteseer/PieClam/experiments/optimization_utils_directed.py:514:::  
On test set split_23-11_22-11-25 of citeseer,ieclam
 ======================


/mnt/home/jcervino/Github/CoraCiteseer/PieClam/experiments/../datasets/import_dataset.py:258:::  
end of import_dataset
citeseer 
has 4230 nodes 
and 5358 edges. 
Graph is directed
Graph has NO self loops


/mnt/home/jcervino/Github/CoraCiteseer/PieClam/experiments/optimization_utils_directed.py:638:::  
RunSaver defined to acc_configs path /mnt/home/jcervino/Github/CoraCiteseer/PieClam/experiments/results/directed/link_prediction/auc/citeseer/ieclam/split_23-11_22-11-25/valid/acc_configs11-46_15-12-25.json


/mnt/home/jcervino/Github/CoraCiteseer/PieClam/experiments/optimization_utils_directed.py:663:::  
Repetition no. 0


/mnt/home/jcervino/Github/CoraCiteseer/PieClam/experiments/../trainer_directed.py:158:::  

Using dataset specific configuration and not global 




/mnt/home/jcervino/Github/CoraCiteseer/PieClam/experiments/../trainer_directed.py:337:::  

In function train. 
2025-12-15 11:46:04 starting optimization of ieclam on citeseer (DIRECTED) on device cuda

 configs_dict: 
{
    "clamiter_init": {
        "dim_feat": 48,
        "s_reg": 0.1,
        "l1_reg": 1,
        "T": 1,
        "hidden_dim": 64,
        "num_coupling_blocks": 32,
        "num_layers_mlp": 2
    },
    "feat_opt": {
        "lr": 5e-06,
        "n_iter": 500,
        "early_stop": 0
    }
}


/mnt/home/jcervino/Github/CoraCiteseer/PieClam/experiments/../clamiter_directed.py:439:::  
staring fit_feats for 500 iterations


/mnt/home/jcervino/Github/CoraCiteseer/PieClam/experiments/../trainer_directed.py:444:::  



FINISHED train 
 last accuracies:
test
key='auc': 0.6841121495327102
val
key='auc': 0.659428212324168




/mnt/home/jcervino/Github/CoraCiteseer/PieClam/experiments/../trainer_directed.py:460:::  

train_model_on_params on ieclam citeseer 
took 2.982288360595703 seconds


/mnt/home/jcervino/Github/CoraCiteseer/PieClam/experiments/optimization_utils_directed.py:663:::  
Repetition no. 1


/mnt/home/jcervino/Github/CoraCiteseer/PieClam/experiments/../trainer_directed.py:158:::  

Using dataset specific configuration and not global 




/mnt/home/jcervino/Github/CoraCiteseer/PieClam/experiments/../trainer_directed.py:337:::  

In function train. 
2025-12-15 11:46:07 starting optimization of ieclam on citeseer (DIRECTED) on device cuda

 configs_dict: 
{
    "clamiter_init": {
        "dim_feat": 48,
        "s_reg": 0.1,
        "l1_reg": 1,
        "T": 1,
        "hidden_dim": 64,
        "num_coupling_blocks": 32,
        "num_layers_mlp": 2
    },
    "feat_opt": {
        "lr": 5e-06,
        "n_iter": 500,
        "early_stop": 0
    }
}


/mnt/home/jcervino/Github/CoraCiteseer/PieClam/experiments/../clamiter_directed.py:439:::  
staring fit_feats for 500 iterations


/mnt/home/jcervino/Github/CoraCiteseer/PieClam/experiments/../trainer_directed.py:444:::  



FINISHED train 
 last accuracies:
test
key='auc': 0.7030762512009782
val
key='auc': 0.6772804359429074




/mnt/home/jcervino/Github/CoraCiteseer/PieClam/experiments/../trainer_directed.py:460:::  

train_model_on_params on ieclam citeseer 
took 2.9811713695526123 seconds


/mnt/home/jcervino/Github/CoraCiteseer/PieClam/experiments/optimization_utils_directed.py:663:::  
Repetition no. 2


/mnt/home/jcervino/Github/CoraCiteseer/PieClam/experiments/../trainer_directed.py:158:::  

Using dataset specific configuration and not global 




/mnt/home/jcervino/Github/CoraCiteseer/PieClam/experiments/../trainer_directed.py:337:::  

In function train. 
2025-12-15 11:46:10 starting optimization of ieclam on citeseer (DIRECTED) on device cuda

 configs_dict: 
{
    "clamiter_init": {
        "dim_feat": 48,
        "s_reg": 0.1,
        "l1_reg": 1,
        "T": 1,
        "hidden_dim": 64,
        "num_coupling_blocks": 32,
        "num_layers_mlp": 2
    },
    "feat_opt": {
        "lr": 5e-06,
        "n_iter": 500,
        "early_stop": 0
    }
}


/mnt/home/jcervino/Github/CoraCiteseer/PieClam/experiments/../clamiter_directed.py:439:::  
staring fit_feats for 500 iterations


/mnt/home/jcervino/Github/CoraCiteseer/PieClam/experiments/../trainer_directed.py:444:::  



FINISHED train 
 last accuracies:
test
key='auc': 0.6625207441697966
val
key='auc': 0.6673524904874227




/mnt/home/jcervino/Github/CoraCiteseer/PieClam/experiments/../trainer_directed.py:460:::  

train_model_on_params on ieclam citeseer 
took 3.013096332550049 seconds


/mnt/home/jcervino/Github/CoraCiteseer/PieClam/experiments/optimization_utils_directed.py:663:::  
Repetition no. 0


/mnt/home/jcervino/Github/CoraCiteseer/PieClam/experiments/../trainer_directed.py:158:::  

Using dataset specific configuration and not global 




/mnt/home/jcervino/Github/CoraCiteseer/PieClam/experiments/../trainer_directed.py:337:::  

In function train. 
2025-12-15 11:46:13 starting optimization of ieclam on citeseer (DIRECTED) on device cuda

 configs_dict: 
{
    "clamiter_init": {
        "dim_feat": 48,
        "s_reg": 0.0,
        "l1_reg": 1,
        "T": 1,
        "hidden_dim": 64,
        "num_coupling_blocks": 32,
        "num_layers_mlp": 2
    },
    "feat_opt": {
        "lr": 5e-06,
        "n_iter": 3000,
        "early_stop": 0
    }
}


/mnt/home/jcervino/Github/CoraCiteseer/PieClam/experiments/../clamiter_directed.py:439:::  
staring fit_feats for 3000 iterations


/mnt/home/jcervino/Github/CoraCiteseer/PieClam/experiments/../trainer_directed.py:444:::  



FINISHED train 
 last accuracies:
test
key='auc': 0.6087204122630797
val
key='auc': 0.6171424390075928




/mnt/home/jcervino/Github/CoraCiteseer/PieClam/experiments/../trainer_directed.py:460:::  

train_model_on_params on ieclam citeseer 
took 18.0095272064209 seconds


/mnt/home/jcervino/Github/CoraCiteseer/PieClam/experiments/optimization_utils_directed.py:663:::  
Repetition no. 1


/mnt/home/jcervino/Github/CoraCiteseer/PieClam/experiments/../trainer_directed.py:158:::  

Using dataset specific configuration and not global 




/mnt/home/jcervino/Github/CoraCiteseer/PieClam/experiments/../trainer_directed.py:337:::  

In function train. 
2025-12-15 11:46:31 starting optimization of ieclam on citeseer (DIRECTED) on device cuda

 configs_dict: 
{
    "clamiter_init": {
        "dim_feat": 48,
        "s_reg": 0.0,
        "l1_reg": 1,
        "T": 1,
        "hidden_dim": 64,
        "num_coupling_blocks": 32,
        "num_layers_mlp": 2
    },
    "feat_opt": {
        "lr": 5e-06,
        "n_iter": 3000,
        "early_stop": 0
    }
}


/mnt/home/jcervino/Github/CoraCiteseer/PieClam/experiments/../clamiter_directed.py:439:::  
staring fit_feats for 3000 iterations


/mnt/home/jcervino/Github/CoraCiteseer/PieClam/experiments/../trainer_directed.py:444:::  



FINISHED train 
 last accuracies:
test
key='auc': 0.6091798410341516
val
key='auc': 0.6011044920025481




/mnt/home/jcervino/Github/CoraCiteseer/PieClam/experiments/../trainer_directed.py:460:::  

train_model_on_params on ieclam citeseer 
took 17.768561601638794 seconds


/mnt/home/jcervino/Github/CoraCiteseer/PieClam/experiments/optimization_utils_directed.py:663:::  
Repetition no. 2


/mnt/home/jcervino/Github/CoraCiteseer/PieClam/experiments/../trainer_directed.py:158:::  

Using dataset specific configuration and not global 




/mnt/home/jcervino/Github/CoraCiteseer/PieClam/experiments/../trainer_directed.py:337:::  

In function train. 
2025-12-15 11:46:49 starting optimization of ieclam on citeseer (DIRECTED) on device cuda

 configs_dict: 
{
    "clamiter_init": {
        "dim_feat": 48,
        "s_reg": 0.0,
        "l1_reg": 1,
        "T": 1,
        "hidden_dim": 64,
        "num_coupling_blocks": 32,
        "num_layers_mlp": 2
    },
    "feat_opt": {
        "lr": 5e-06,
        "n_iter": 3000,
        "early_stop": 0
    }
}


/mnt/home/jcervino/Github/CoraCiteseer/PieClam/experiments/../clamiter_directed.py:439:::  
staring fit_feats for 3000 iterations


/mnt/home/jcervino/Github/CoraCiteseer/PieClam/experiments/../trainer_directed.py:444:::  



FINISHED train 
 last accuracies:
test
key='auc': 0.6257489737094943
val
key='auc': 0.6080689037723178




/mnt/home/jcervino/Github/CoraCiteseer/PieClam/experiments/../trainer_directed.py:460:::  

train_model_on_params on ieclam citeseer 
took 17.77221703529358 seconds


/mnt/home/jcervino/Github/CoraCiteseer/PieClam/experiments/optimization_utils_directed.py:663:::  
Repetition no. 0


/mnt/home/jcervino/Github/CoraCiteseer/PieClam/experiments/../trainer_directed.py:158:::  

Using dataset specific configuration and not global 




/mnt/home/jcervino/Github/CoraCiteseer/PieClam/experiments/../trainer_directed.py:337:::  

In function train. 
2025-12-15 11:47:07 starting optimization of ieclam on citeseer (DIRECTED) on device cuda

 configs_dict: 
{
    "clamiter_init": {
        "dim_feat": 48,
        "s_reg": 0.0,
        "l1_reg": 1,
        "T": 1,
        "hidden_dim": 64,
        "num_coupling_blocks": 32,
        "num_layers_mlp": 2
    },
    "feat_opt": {
        "lr": 5e-07,
        "n_iter": 1000,
        "early_stop": 0
    }
}


/mnt/home/jcervino/Github/CoraCiteseer/PieClam/experiments/../clamiter_directed.py:439:::  
staring fit_feats for 1000 iterations


/mnt/home/jcervino/Github/CoraCiteseer/PieClam/experiments/../trainer_directed.py:444:::  



FINISHED train 
 last accuracies:
test
key='auc': 0.5254782077037297
val
key='auc': 0.5115958747266749




/mnt/home/jcervino/Github/CoraCiteseer/PieClam/experiments/../trainer_directed.py:460:::  

train_model_on_params on ieclam citeseer 
took 6.010084867477417 seconds


/mnt/home/jcervino/Github/CoraCiteseer/PieClam/experiments/optimization_utils_directed.py:663:::  
Repetition no. 1


/mnt/home/jcervino/Github/CoraCiteseer/PieClam/experiments/../trainer_directed.py:158:::  

Using dataset specific configuration and not global 




/mnt/home/jcervino/Github/CoraCiteseer/PieClam/experiments/../trainer_directed.py:337:::  

In function train. 
2025-12-15 11:47:13 starting optimization of ieclam on citeseer (DIRECTED) on device cuda

 configs_dict: 
{
    "clamiter_init": {
        "dim_feat": 48,
        "s_reg": 0.0,
        "l1_reg": 1,
        "T": 1,
        "hidden_dim": 64,
        "num_coupling_blocks": 32,
        "num_layers_mlp": 2
    },
    "feat_opt": {
        "lr": 5e-07,
        "n_iter": 1000,
        "early_stop": 0
    }
}


/mnt/home/jcervino/Github/CoraCiteseer/PieClam/experiments/../clamiter_directed.py:439:::  
staring fit_feats for 1000 iterations


/mnt/home/jcervino/Github/CoraCiteseer/PieClam/experiments/../trainer_directed.py:444:::  



FINISHED train 
 last accuracies:
test
key='auc': 0.5395999650624508
val
key='auc': 0.5234026617999001




/mnt/home/jcervino/Github/CoraCiteseer/PieClam/experiments/../trainer_directed.py:460:::  

train_model_on_params on ieclam citeseer 
took 5.943934917449951 seconds


/mnt/home/jcervino/Github/CoraCiteseer/PieClam/experiments/optimization_utils_directed.py:663:::  
Repetition no. 2


/mnt/home/jcervino/Github/CoraCiteseer/PieClam/experiments/../trainer_directed.py:158:::  

Using dataset specific configuration and not global 




/mnt/home/jcervino/Github/CoraCiteseer/PieClam/experiments/../trainer_directed.py:337:::  

In function train. 
2025-12-15 11:47:20 starting optimization of ieclam on citeseer (DIRECTED) on device cuda

 configs_dict: 
{
    "clamiter_init": {
        "dim_feat": 48,
        "s_reg": 0.0,
        "l1_reg": 1,
        "T": 1,
        "hidden_dim": 64,
        "num_coupling_blocks": 32,
        "num_layers_mlp": 2
    },
    "feat_opt": {
        "lr": 5e-07,
        "n_iter": 1000,
        "early_stop": 0
    }
}


/mnt/home/jcervino/Github/CoraCiteseer/PieClam/experiments/../clamiter_directed.py:439:::  
staring fit_feats for 1000 iterations


/mnt/home/jcervino/Github/CoraCiteseer/PieClam/experiments/../trainer_directed.py:444:::  



FINISHED train 
 last accuracies:
test
key='auc': 0.5167473141759106
val
key='auc': 0.496392968440626




/mnt/home/jcervino/Github/CoraCiteseer/PieClam/experiments/../trainer_directed.py:460:::  

train_model_on_params on ieclam citeseer 
took 5.942626237869263 seconds


/mnt/home/jcervino/Github/CoraCiteseer/PieClam/experiments/optimization_utils_directed.py:663:::  
Repetition no. 0


/mnt/home/jcervino/Github/CoraCiteseer/PieClam/experiments/../trainer_directed.py:158:::  

Using dataset specific configuration and not global 




/mnt/home/jcervino/Github/CoraCiteseer/PieClam/experiments/../trainer_directed.py:337:::  

In function train. 
2025-12-15 11:47:26 starting optimization of ieclam on citeseer (DIRECTED) on device cuda

 configs_dict: 
{
    "clamiter_init": {
        "dim_feat": 48,
        "s_reg": 0.1,
        "l1_reg": 1,
        "T": 1,
        "hidden_dim": 64,
        "num_coupling_blocks": 32,
        "num_layers_mlp": 2
    },
    "feat_opt": {
        "lr": 5e-07,
        "n_iter": 1000,
        "early_stop": 0
    }
}


/mnt/home/jcervino/Github/CoraCiteseer/PieClam/experiments/../clamiter_directed.py:439:::  
staring fit_feats for 1000 iterations


/mnt/home/jcervino/Github/CoraCiteseer/PieClam/experiments/../trainer_directed.py:444:::  



FINISHED train 
 last accuracies:
test
key='auc': 0.48576469560660324
val
key='auc': 0.4660689382069868




/mnt/home/jcervino/Github/CoraCiteseer/PieClam/experiments/../trainer_directed.py:460:::  

train_model_on_params on ieclam citeseer 
took 5.929368257522583 seconds


/mnt/home/jcervino/Github/CoraCiteseer/PieClam/experiments/optimization_utils_directed.py:663:::  
Repetition no. 1


/mnt/home/jcervino/Github/CoraCiteseer/PieClam/experiments/../trainer_directed.py:158:::  

Using dataset specific configuration and not global 




/mnt/home/jcervino/Github/CoraCiteseer/PieClam/experiments/../trainer_directed.py:337:::  

In function train. 
2025-12-15 11:47:32 starting optimization of ieclam on citeseer (DIRECTED) on device cuda

 configs_dict: 
{
    "clamiter_init": {
        "dim_feat": 48,
        "s_reg": 0.1,
        "l1_reg": 1,
        "T": 1,
        "hidden_dim": 64,
        "num_coupling_blocks": 32,
        "num_layers_mlp": 2
    },
    "feat_opt": {
        "lr": 5e-07,
        "n_iter": 1000,
        "early_stop": 0
    }
}


/mnt/home/jcervino/Github/CoraCiteseer/PieClam/experiments/../clamiter_directed.py:439:::  
staring fit_feats for 1000 iterations


/mnt/home/jcervino/Github/CoraCiteseer/PieClam/experiments/../trainer_directed.py:444:::  



FINISHED train 
 last accuracies:
test
key='auc': 0.5086068652284043
val
key='auc': 0.5084816893648525




/mnt/home/jcervino/Github/CoraCiteseer/PieClam/experiments/../trainer_directed.py:460:::  

train_model_on_params on ieclam citeseer 
took 5.946840286254883 seconds


/mnt/home/jcervino/Github/CoraCiteseer/PieClam/experiments/optimization_utils_directed.py:663:::  
Repetition no. 2


/mnt/home/jcervino/Github/CoraCiteseer/PieClam/experiments/../trainer_directed.py:158:::  

Using dataset specific configuration and not global 




/mnt/home/jcervino/Github/CoraCiteseer/PieClam/experiments/../trainer_directed.py:337:::  

In function train. 
2025-12-15 11:47:38 starting optimization of ieclam on citeseer (DIRECTED) on device cuda

 configs_dict: 
{
    "clamiter_init": {
        "dim_feat": 48,
        "s_reg": 0.1,
        "l1_reg": 1,
        "T": 1,
        "hidden_dim": 64,
        "num_coupling_blocks": 32,
        "num_layers_mlp": 2
    },
    "feat_opt": {
        "lr": 5e-07,
        "n_iter": 1000,
        "early_stop": 0
    }
}


/mnt/home/jcervino/Github/CoraCiteseer/PieClam/experiments/../clamiter_directed.py:439:::  
staring fit_feats for 1000 iterations


/mnt/home/jcervino/Github/CoraCiteseer/PieClam/experiments/../trainer_directed.py:444:::  



FINISHED train 
 last accuracies:
test
key='auc': 0.524478993798585
val
key='auc': 0.5095168815963912




/mnt/home/jcervino/Github/CoraCiteseer/PieClam/experiments/../trainer_directed.py:460:::  

train_model_on_params on ieclam citeseer 
took 5.926390886306763 seconds


/mnt/home/jcervino/Github/CoraCiteseer/PieClam/experiments/optimization_utils_directed.py:663:::  
Repetition no. 0


/mnt/home/jcervino/Github/CoraCiteseer/PieClam/experiments/../trainer_directed.py:158:::  

Using dataset specific configuration and not global 




/mnt/home/jcervino/Github/CoraCiteseer/PieClam/experiments/../trainer_directed.py:337:::  

In function train. 
2025-12-15 11:47:44 starting optimization of ieclam on citeseer (DIRECTED) on device cuda

 configs_dict: 
{
    "clamiter_init": {
        "dim_feat": 48,
        "s_reg": 0.1,
        "l1_reg": 1,
        "T": 1,
        "hidden_dim": 64,
        "num_coupling_blocks": 32,
        "num_layers_mlp": 2
    },
    "feat_opt": {
        "lr": 5e-06,
        "n_iter": 1000,
        "early_stop": 0
    }
}


/mnt/home/jcervino/Github/CoraCiteseer/PieClam/experiments/../clamiter_directed.py:439:::  
staring fit_feats for 1000 iterations


/mnt/home/jcervino/Github/CoraCiteseer/PieClam/experiments/../trainer_directed.py:444:::  



FINISHED train 
 last accuracies:
test
key='auc': 0.6827460913616911
val
key='auc': 0.6811005320156334




/mnt/home/jcervino/Github/CoraCiteseer/PieClam/experiments/../trainer_directed.py:460:::  

train_model_on_params on ieclam citeseer 
took 5.917365312576294 seconds


/mnt/home/jcervino/Github/CoraCiteseer/PieClam/experiments/optimization_utils_directed.py:663:::  
Repetition no. 1


/mnt/home/jcervino/Github/CoraCiteseer/PieClam/experiments/../trainer_directed.py:158:::  

Using dataset specific configuration and not global 




/mnt/home/jcervino/Github/CoraCiteseer/PieClam/experiments/../trainer_directed.py:337:::  

In function train. 
2025-12-15 11:47:50 starting optimization of ieclam on citeseer (DIRECTED) on device cuda

 configs_dict: 
{
    "clamiter_init": {
        "dim_feat": 48,
        "s_reg": 0.1,
        "l1_reg": 1,
        "T": 1,
        "hidden_dim": 64,
        "num_coupling_blocks": 32,
        "num_layers_mlp": 2
    },
    "feat_opt": {
        "lr": 5e-06,
        "n_iter": 1000,
        "early_stop": 0
    }
}


/mnt/home/jcervino/Github/CoraCiteseer/PieClam/experiments/../clamiter_directed.py:439:::  
staring fit_feats for 1000 iterations


/mnt/home/jcervino/Github/CoraCiteseer/PieClam/experiments/../trainer_directed.py:444:::  



FINISHED train 
 last accuracies:
test
key='auc': 0.6847951786182198
val
key='auc': 0.6642813484616311




/mnt/home/jcervino/Github/CoraCiteseer/PieClam/experiments/../trainer_directed.py:460:::  

train_model_on_params on ieclam citeseer 
took 5.929629802703857 seconds


/mnt/home/jcervino/Github/CoraCiteseer/PieClam/experiments/optimization_utils_directed.py:663:::  
Repetition no. 2


/mnt/home/jcervino/Github/CoraCiteseer/PieClam/experiments/../trainer_directed.py:158:::  

Using dataset specific configuration and not global 




/mnt/home/jcervino/Github/CoraCiteseer/PieClam/experiments/../trainer_directed.py:337:::  

In function train. 
2025-12-15 11:47:56 starting optimization of ieclam on citeseer (DIRECTED) on device cuda

 configs_dict: 
{
    "clamiter_init": {
        "dim_feat": 48,
        "s_reg": 0.1,
        "l1_reg": 1,
        "T": 1,
        "hidden_dim": 64,
        "num_coupling_blocks": 32,
        "num_layers_mlp": 2
    },
    "feat_opt": {
        "lr": 5e-06,
        "n_iter": 1000,
        "early_stop": 0
    }
}


/mnt/home/jcervino/Github/CoraCiteseer/PieClam/experiments/../clamiter_directed.py:439:::  
staring fit_feats for 1000 iterations


/mnt/home/jcervino/Github/CoraCiteseer/PieClam/experiments/../trainer_directed.py:444:::  



FINISHED train 
 last accuracies:
test
key='auc': 0.6635828456633767
val
key='auc': 0.6728900156677744




/mnt/home/jcervino/Github/CoraCiteseer/PieClam/experiments/../trainer_directed.py:460:::  

train_model_on_params on ieclam citeseer 
took 5.93102765083313 seconds


/mnt/home/jcervino/Github/CoraCiteseer/PieClam/experiments/optimization_utils_directed.py:663:::  
Repetition no. 0


/mnt/home/jcervino/Github/CoraCiteseer/PieClam/experiments/../trainer_directed.py:158:::  

Using dataset specific configuration and not global 




/mnt/home/jcervino/Github/CoraCiteseer/PieClam/experiments/../trainer_directed.py:337:::  

In function train. 
2025-12-15 11:48:02 starting optimization of ieclam on citeseer (DIRECTED) on device cuda

 configs_dict: 
{
    "clamiter_init": {
        "dim_feat": 48,
        "s_reg": 0.1,
        "l1_reg": 1,
        "T": 1,
        "hidden_dim": 64,
        "num_coupling_blocks": 32,
        "num_layers_mlp": 2
    },
    "feat_opt": {
        "lr": 5e-07,
        "n_iter": 500,
        "early_stop": 0
    }
}


/mnt/home/jcervino/Github/CoraCiteseer/PieClam/experiments/../clamiter_directed.py:439:::  
staring fit_feats for 500 iterations


/mnt/home/jcervino/Github/CoraCiteseer/PieClam/experiments/../trainer_directed.py:444:::  



FINISHED train 
 last accuracies:
test
key='auc': 0.5171211459516114
val
key='auc': 0.5023071228112463




/mnt/home/jcervino/Github/CoraCiteseer/PieClam/experiments/../trainer_directed.py:460:::  

train_model_on_params on ieclam citeseer 
took 2.980698823928833 seconds


/mnt/home/jcervino/Github/CoraCiteseer/PieClam/experiments/optimization_utils_directed.py:663:::  
Repetition no. 1


/mnt/home/jcervino/Github/CoraCiteseer/PieClam/experiments/../trainer_directed.py:158:::  

Using dataset specific configuration and not global 




/mnt/home/jcervino/Github/CoraCiteseer/PieClam/experiments/../trainer_directed.py:337:::  

In function train. 
2025-12-15 11:48:05 starting optimization of ieclam on citeseer (DIRECTED) on device cuda

 configs_dict: 
{
    "clamiter_init": {
        "dim_feat": 48,
        "s_reg": 0.1,
        "l1_reg": 1,
        "T": 1,
        "hidden_dim": 64,
        "num_coupling_blocks": 32,
        "num_layers_mlp": 2
    },
    "feat_opt": {
        "lr": 5e-07,
        "n_iter": 500,
        "early_stop": 0
    }
}


/mnt/home/jcervino/Github/CoraCiteseer/PieClam/experiments/../clamiter_directed.py:439:::  
staring fit_feats for 500 iterations


/mnt/home/jcervino/Github/CoraCiteseer/PieClam/experiments/../trainer_directed.py:444:::  



FINISHED train 
 last accuracies:
test
key='auc': 0.5049489038343961
val
key='auc': 0.48840627744012677




/mnt/home/jcervino/Github/CoraCiteseer/PieClam/experiments/../trainer_directed.py:460:::  

train_model_on_params on ieclam citeseer 
took 2.9772918224334717 seconds


/mnt/home/jcervino/Github/CoraCiteseer/PieClam/experiments/optimization_utils_directed.py:663:::  
Repetition no. 2


/mnt/home/jcervino/Github/CoraCiteseer/PieClam/experiments/../trainer_directed.py:158:::  

Using dataset specific configuration and not global 




/mnt/home/jcervino/Github/CoraCiteseer/PieClam/experiments/../trainer_directed.py:337:::  

In function train. 
2025-12-15 11:48:08 starting optimization of ieclam on citeseer (DIRECTED) on device cuda

 configs_dict: 
{
    "clamiter_init": {
        "dim_feat": 48,
        "s_reg": 0.1,
        "l1_reg": 1,
        "T": 1,
        "hidden_dim": 64,
        "num_coupling_blocks": 32,
        "num_layers_mlp": 2
    },
    "feat_opt": {
        "lr": 5e-07,
        "n_iter": 500,
        "early_stop": 0
    }
}


/mnt/home/jcervino/Github/CoraCiteseer/PieClam/experiments/../clamiter_directed.py:439:::  
staring fit_feats for 500 iterations


/mnt/home/jcervino/Github/CoraCiteseer/PieClam/experiments/../trainer_directed.py:444:::  



FINISHED train 
 last accuracies:
test
key='auc': 0.49538300288234777
val
key='auc': 0.5340601918011054




/mnt/home/jcervino/Github/CoraCiteseer/PieClam/experiments/../trainer_directed.py:460:::  

train_model_on_params on ieclam citeseer 
took 2.976796865463257 seconds


/mnt/home/jcervino/Github/CoraCiteseer/PieClam/experiments/optimization_utils_directed.py:663:::  
Repetition no. 0


/mnt/home/jcervino/Github/CoraCiteseer/PieClam/experiments/../trainer_directed.py:158:::  

Using dataset specific configuration and not global 




/mnt/home/jcervino/Github/CoraCiteseer/PieClam/experiments/../trainer_directed.py:337:::  

In function train. 
2025-12-15 11:48:12 starting optimization of ieclam on citeseer (DIRECTED) on device cuda

 configs_dict: 
{
    "clamiter_init": {
        "dim_feat": 48,
        "s_reg": 0.1,
        "l1_reg": 1,
        "T": 1,
        "hidden_dim": 64,
        "num_coupling_blocks": 32,
        "num_layers_mlp": 2
    },
    "feat_opt": {
        "lr": 5e-06,
        "n_iter": 3000,
        "early_stop": 0
    }
}


/mnt/home/jcervino/Github/CoraCiteseer/PieClam/experiments/../clamiter_directed.py:439:::  
staring fit_feats for 3000 iterations


/mnt/home/jcervino/Github/CoraCiteseer/PieClam/experiments/../trainer_directed.py:444:::  



FINISHED train 
 last accuracies:
test
key='auc': 0.6277858328238275
val
key='auc': 0.5930747576660182




/mnt/home/jcervino/Github/CoraCiteseer/PieClam/experiments/../trainer_directed.py:460:::  

train_model_on_params on ieclam citeseer 
took 17.8489511013031 seconds


/mnt/home/jcervino/Github/CoraCiteseer/PieClam/experiments/optimization_utils_directed.py:663:::  
Repetition no. 1


/mnt/home/jcervino/Github/CoraCiteseer/PieClam/experiments/../trainer_directed.py:158:::  

Using dataset specific configuration and not global 




/mnt/home/jcervino/Github/CoraCiteseer/PieClam/experiments/../trainer_directed.py:337:::  

In function train. 
2025-12-15 11:48:30 starting optimization of ieclam on citeseer (DIRECTED) on device cuda

 configs_dict: 
{
    "clamiter_init": {
        "dim_feat": 48,
        "s_reg": 0.1,
        "l1_reg": 1,
        "T": 1,
        "hidden_dim": 64,
        "num_coupling_blocks": 32,
        "num_layers_mlp": 2
    },
    "feat_opt": {
        "lr": 5e-06,
        "n_iter": 3000,
        "early_stop": 0
    }
}


/mnt/home/jcervino/Github/CoraCiteseer/PieClam/experiments/../clamiter_directed.py:439:::  
staring fit_feats for 3000 iterations


/mnt/home/jcervino/Github/CoraCiteseer/PieClam/experiments/../trainer_directed.py:444:::  



FINISHED train 
 last accuracies:
test
key='auc': 0.615917547384051
val
key='auc': 0.6135913637850589




/mnt/home/jcervino/Github/CoraCiteseer/PieClam/experiments/../trainer_directed.py:460:::  

train_model_on_params on ieclam citeseer 
took 17.761772394180298 seconds


/mnt/home/jcervino/Github/CoraCiteseer/PieClam/experiments/optimization_utils_directed.py:663:::  
Repetition no. 2


/mnt/home/jcervino/Github/CoraCiteseer/PieClam/experiments/../trainer_directed.py:158:::  

Using dataset specific configuration and not global 




/mnt/home/jcervino/Github/CoraCiteseer/PieClam/experiments/../trainer_directed.py:337:::  

In function train. 
2025-12-15 11:48:47 starting optimization of ieclam on citeseer (DIRECTED) on device cuda

 configs_dict: 
{
    "clamiter_init": {
        "dim_feat": 48,
        "s_reg": 0.1,
        "l1_reg": 1,
        "T": 1,
        "hidden_dim": 64,
        "num_coupling_blocks": 32,
        "num_layers_mlp": 2
    },
    "feat_opt": {
        "lr": 5e-06,
        "n_iter": 3000,
        "early_stop": 0
    }
}


/mnt/home/jcervino/Github/CoraCiteseer/PieClam/experiments/../clamiter_directed.py:439:::  
staring fit_feats for 3000 iterations


/mnt/home/jcervino/Github/CoraCiteseer/PieClam/experiments/../trainer_directed.py:444:::  



FINISHED train 
 last accuracies:
test
key='auc': 0.6186915887850467
val
key='auc': 0.6160857251080386




/mnt/home/jcervino/Github/CoraCiteseer/PieClam/experiments/../trainer_directed.py:460:::  

train_model_on_params on ieclam citeseer 
took 17.76783800125122 seconds


/mnt/home/jcervino/Github/CoraCiteseer/PieClam/experiments/optimization_utils_directed.py:663:::  
Repetition no. 0


/mnt/home/jcervino/Github/CoraCiteseer/PieClam/experiments/../trainer_directed.py:158:::  

Using dataset specific configuration and not global 




/mnt/home/jcervino/Github/CoraCiteseer/PieClam/experiments/../trainer_directed.py:337:::  

In function train. 
2025-12-15 11:49:05 starting optimization of ieclam on citeseer (DIRECTED) on device cuda

 configs_dict: 
{
    "clamiter_init": {
        "dim_feat": 48,
        "s_reg": 0.0,
        "l1_reg": 1,
        "T": 1,
        "hidden_dim": 64,
        "num_coupling_blocks": 32,
        "num_layers_mlp": 2
    },
    "feat_opt": {
        "lr": 5e-06,
        "n_iter": 1000,
        "early_stop": 0
    }
}


/mnt/home/jcervino/Github/CoraCiteseer/PieClam/experiments/../clamiter_directed.py:439:::  
staring fit_feats for 1000 iterations


/mnt/home/jcervino/Github/CoraCiteseer/PieClam/experiments/../trainer_directed.py:444:::  



FINISHED train 
 last accuracies:
test
key='auc': 0.6964730544152328
val
key='auc': 0.6980036500748954




/mnt/home/jcervino/Github/CoraCiteseer/PieClam/experiments/../trainer_directed.py:460:::  

train_model_on_params on ieclam citeseer 
took 5.930513858795166 seconds


/mnt/home/jcervino/Github/CoraCiteseer/PieClam/experiments/optimization_utils_directed.py:663:::  
Repetition no. 1


/mnt/home/jcervino/Github/CoraCiteseer/PieClam/experiments/../trainer_directed.py:158:::  

Using dataset specific configuration and not global 




/mnt/home/jcervino/Github/CoraCiteseer/PieClam/experiments/../trainer_directed.py:337:::  

In function train. 
2025-12-15 11:49:11 starting optimization of ieclam on citeseer (DIRECTED) on device cuda

 configs_dict: 
{
    "clamiter_init": {
        "dim_feat": 48,
        "s_reg": 0.0,
        "l1_reg": 1,
        "T": 1,
        "hidden_dim": 64,
        "num_coupling_blocks": 32,
        "num_layers_mlp": 2
    },
    "feat_opt": {
        "lr": 5e-06,
        "n_iter": 1000,
        "early_stop": 0
    }
}


/mnt/home/jcervino/Github/CoraCiteseer/PieClam/experiments/../clamiter_directed.py:439:::  
staring fit_feats for 1000 iterations


/mnt/home/jcervino/Github/CoraCiteseer/PieClam/experiments/../trainer_directed.py:444:::  



FINISHED train 
 last accuracies:
test
key='auc': 0.6855603109441872
val
key='auc': 0.6680175100290973




/mnt/home/jcervino/Github/CoraCiteseer/PieClam/experiments/../trainer_directed.py:460:::  

train_model_on_params on ieclam citeseer 
took 5.9838855266571045 seconds


/mnt/home/jcervino/Github/CoraCiteseer/PieClam/experiments/optimization_utils_directed.py:663:::  
Repetition no. 2


/mnt/home/jcervino/Github/CoraCiteseer/PieClam/experiments/../trainer_directed.py:158:::  

Using dataset specific configuration and not global 




/mnt/home/jcervino/Github/CoraCiteseer/PieClam/experiments/../trainer_directed.py:337:::  

In function train. 
2025-12-15 11:49:18 starting optimization of ieclam on citeseer (DIRECTED) on device cuda

 configs_dict: 
{
    "clamiter_init": {
        "dim_feat": 48,
        "s_reg": 0.0,
        "l1_reg": 1,
        "T": 1,
        "hidden_dim": 64,
        "num_coupling_blocks": 32,
        "num_layers_mlp": 2
    },
    "feat_opt": {
        "lr": 5e-06,
        "n_iter": 1000,
        "early_stop": 0
    }
}


/mnt/home/jcervino/Github/CoraCiteseer/PieClam/experiments/../clamiter_directed.py:439:::  
staring fit_feats for 1000 iterations


/mnt/home/jcervino/Github/CoraCiteseer/PieClam/experiments/../trainer_directed.py:444:::  



FINISHED train 
 last accuracies:
test
key='auc': 0.667225085160276
val
key='auc': 0.67584063635268




/mnt/home/jcervino/Github/CoraCiteseer/PieClam/experiments/../trainer_directed.py:460:::  

train_model_on_params on ieclam citeseer 
took 5.937777280807495 seconds


/mnt/home/jcervino/Github/CoraCiteseer/PieClam/experiments/optimization_utils_directed.py:663:::  
Repetition no. 0


/mnt/home/jcervino/Github/CoraCiteseer/PieClam/experiments/../trainer_directed.py:158:::  

Using dataset specific configuration and not global 




/mnt/home/jcervino/Github/CoraCiteseer/PieClam/experiments/../trainer_directed.py:337:::  

In function train. 
2025-12-15 11:49:24 starting optimization of ieclam on citeseer (DIRECTED) on device cuda

 configs_dict: 
{
    "clamiter_init": {
        "dim_feat": 48,
        "s_reg": 0.0,
        "l1_reg": 1,
        "T": 1,
        "hidden_dim": 64,
        "num_coupling_blocks": 32,
        "num_layers_mlp": 2
    },
    "feat_opt": {
        "lr": 5e-07,
        "n_iter": 3000,
        "early_stop": 0
    }
}


/mnt/home/jcervino/Github/CoraCiteseer/PieClam/experiments/../clamiter_directed.py:439:::  
staring fit_feats for 3000 iterations


/mnt/home/jcervino/Github/CoraCiteseer/PieClam/experiments/../trainer_directed.py:444:::  



FINISHED train 
 last accuracies:
test
key='auc': 0.5610603546161237
val
key='auc': 0.5541937122294726




/mnt/home/jcervino/Github/CoraCiteseer/PieClam/experiments/../trainer_directed.py:460:::  

train_model_on_params on ieclam citeseer 
took 17.80041193962097 seconds


/mnt/home/jcervino/Github/CoraCiteseer/PieClam/experiments/optimization_utils_directed.py:663:::  
Repetition no. 1


/mnt/home/jcervino/Github/CoraCiteseer/PieClam/experiments/../trainer_directed.py:158:::  

Using dataset specific configuration and not global 




/mnt/home/jcervino/Github/CoraCiteseer/PieClam/experiments/../trainer_directed.py:337:::  

In function train. 
2025-12-15 11:49:42 starting optimization of ieclam on citeseer (DIRECTED) on device cuda

 configs_dict: 
{
    "clamiter_init": {
        "dim_feat": 48,
        "s_reg": 0.0,
        "l1_reg": 1,
        "T": 1,
        "hidden_dim": 64,
        "num_coupling_blocks": 32,
        "num_layers_mlp": 2
    },
    "feat_opt": {
        "lr": 5e-07,
        "n_iter": 3000,
        "early_stop": 0
    }
}


/mnt/home/jcervino/Github/CoraCiteseer/PieClam/experiments/../clamiter_directed.py:439:::  
staring fit_feats for 3000 iterations


/mnt/home/jcervino/Github/CoraCiteseer/PieClam/experiments/../trainer_directed.py:444:::  



FINISHED train 
 last accuracies:
test
key='auc': 0.5893982007162197
val
key='auc': 0.5384549164098414




/mnt/home/jcervino/Github/CoraCiteseer/PieClam/experiments/../trainer_directed.py:460:::  

train_model_on_params on ieclam citeseer 
took 17.732855558395386 seconds


/mnt/home/jcervino/Github/CoraCiteseer/PieClam/experiments/optimization_utils_directed.py:663:::  
Repetition no. 2


/mnt/home/jcervino/Github/CoraCiteseer/PieClam/experiments/../trainer_directed.py:158:::  

Using dataset specific configuration and not global 




/mnt/home/jcervino/Github/CoraCiteseer/PieClam/experiments/../trainer_directed.py:337:::  

In function train. 
2025-12-15 11:50:00 starting optimization of ieclam on citeseer (DIRECTED) on device cuda

 configs_dict: 
{
    "clamiter_init": {
        "dim_feat": 48,
        "s_reg": 0.0,
        "l1_reg": 1,
        "T": 1,
        "hidden_dim": 64,
        "num_coupling_blocks": 32,
        "num_layers_mlp": 2
    },
    "feat_opt": {
        "lr": 5e-07,
        "n_iter": 3000,
        "early_stop": 0
    }
}


/mnt/home/jcervino/Github/CoraCiteseer/PieClam/experiments/../clamiter_directed.py:439:::  
staring fit_feats for 3000 iterations


/mnt/home/jcervino/Github/CoraCiteseer/PieClam/experiments/../trainer_directed.py:444:::  



FINISHED train 
 last accuracies:
test
key='auc': 0.5734020438466241
val
key='auc': 0.605361477935986




/mnt/home/jcervino/Github/CoraCiteseer/PieClam/experiments/../trainer_directed.py:460:::  

train_model_on_params on ieclam citeseer 
took 17.782692909240723 seconds


/mnt/home/jcervino/Github/CoraCiteseer/PieClam/experiments/optimization_utils_directed.py:663:::  
Repetition no. 0


/mnt/home/jcervino/Github/CoraCiteseer/PieClam/experiments/../trainer_directed.py:158:::  

Using dataset specific configuration and not global 




/mnt/home/jcervino/Github/CoraCiteseer/PieClam/experiments/../trainer_directed.py:337:::  

In function train. 
2025-12-15 11:50:18 starting optimization of ieclam on citeseer (DIRECTED) on device cuda

 configs_dict: 
{
    "clamiter_init": {
        "dim_feat": 48,
        "s_reg": 0.0,
        "l1_reg": 1,
        "T": 1,
        "hidden_dim": 64,
        "num_coupling_blocks": 32,
        "num_layers_mlp": 2
    },
    "feat_opt": {
        "lr": 5e-07,
        "n_iter": 500,
        "early_stop": 0
    }
}


/mnt/home/jcervino/Github/CoraCiteseer/PieClam/experiments/../clamiter_directed.py:439:::  
staring fit_feats for 500 iterations


/mnt/home/jcervino/Github/CoraCiteseer/PieClam/experiments/../trainer_directed.py:444:::  



FINISHED train 
 last accuracies:
test
key='auc': 0.47553847497598045
val
key='auc': 0.49948778430123447




/mnt/home/jcervino/Github/CoraCiteseer/PieClam/experiments/../trainer_directed.py:460:::  

train_model_on_params on ieclam citeseer 
took 2.982248306274414 seconds


/mnt/home/jcervino/Github/CoraCiteseer/PieClam/experiments/optimization_utils_directed.py:663:::  
Repetition no. 1


/mnt/home/jcervino/Github/CoraCiteseer/PieClam/experiments/../trainer_directed.py:158:::  

Using dataset specific configuration and not global 




/mnt/home/jcervino/Github/CoraCiteseer/PieClam/experiments/../trainer_directed.py:337:::  

In function train. 
2025-12-15 11:50:21 starting optimization of ieclam on citeseer (DIRECTED) on device cuda

 configs_dict: 
{
    "clamiter_init": {
        "dim_feat": 48,
        "s_reg": 0.0,
        "l1_reg": 1,
        "T": 1,
        "hidden_dim": 64,
        "num_coupling_blocks": 32,
        "num_layers_mlp": 2
    },
    "feat_opt": {
        "lr": 5e-07,
        "n_iter": 500,
        "early_stop": 0
    }
}


/mnt/home/jcervino/Github/CoraCiteseer/PieClam/experiments/../clamiter_directed.py:439:::  
staring fit_feats for 500 iterations


/mnt/home/jcervino/Github/CoraCiteseer/PieClam/experiments/../trainer_directed.py:444:::  



FINISHED train 
 last accuracies:
test
key='auc': 0.5354057122892829
val
key='auc': 0.5092801432482224




/mnt/home/jcervino/Github/CoraCiteseer/PieClam/experiments/../trainer_directed.py:460:::  

train_model_on_params on ieclam citeseer 
took 3.000272035598755 seconds


/mnt/home/jcervino/Github/CoraCiteseer/PieClam/experiments/optimization_utils_directed.py:663:::  
Repetition no. 2


/mnt/home/jcervino/Github/CoraCiteseer/PieClam/experiments/../trainer_directed.py:158:::  

Using dataset specific configuration and not global 




/mnt/home/jcervino/Github/CoraCiteseer/PieClam/experiments/../trainer_directed.py:337:::  

In function train. 
2025-12-15 11:50:24 starting optimization of ieclam on citeseer (DIRECTED) on device cuda

 configs_dict: 
{
    "clamiter_init": {
        "dim_feat": 48,
        "s_reg": 0.0,
        "l1_reg": 1,
        "T": 1,
        "hidden_dim": 64,
        "num_coupling_blocks": 32,
        "num_layers_mlp": 2
    },
    "feat_opt": {
        "lr": 5e-07,
        "n_iter": 500,
        "early_stop": 0
    }
}


/mnt/home/jcervino/Github/CoraCiteseer/PieClam/experiments/../clamiter_directed.py:439:::  
staring fit_feats for 500 iterations


/mnt/home/jcervino/Github/CoraCiteseer/PieClam/experiments/../trainer_directed.py:444:::  



FINISHED train 
 last accuracies:
test
key='auc': 0.5553550528430431
val
key='auc': 0.53962999948348




/mnt/home/jcervino/Github/CoraCiteseer/PieClam/experiments/../trainer_directed.py:460:::  

train_model_on_params on ieclam citeseer 
took 2.979779005050659 seconds


/mnt/home/jcervino/Github/CoraCiteseer/PieClam/experiments/optimization_utils_directed.py:663:::  
Repetition no. 0


/mnt/home/jcervino/Github/CoraCiteseer/PieClam/experiments/../trainer_directed.py:158:::  

Using dataset specific configuration and not global 




/mnt/home/jcervino/Github/CoraCiteseer/PieClam/experiments/../trainer_directed.py:337:::  

In function train. 
2025-12-15 11:50:27 starting optimization of ieclam on citeseer (DIRECTED) on device cuda

 configs_dict: 
{
    "clamiter_init": {
        "dim_feat": 48,
        "s_reg": 0.0,
        "l1_reg": 1,
        "T": 1,
        "hidden_dim": 64,
        "num_coupling_blocks": 32,
        "num_layers_mlp": 2
    },
    "feat_opt": {
        "lr": 5e-06,
        "n_iter": 500,
        "early_stop": 0
    }
}


/mnt/home/jcervino/Github/CoraCiteseer/PieClam/experiments/../clamiter_directed.py:439:::  
staring fit_feats for 500 iterations


/mnt/home/jcervino/Github/CoraCiteseer/PieClam/experiments/../trainer_directed.py:444:::  



FINISHED train 
 last accuracies:
test
key='auc': 0.6591894488601625
val
key='auc': 0.6609497942528538




/mnt/home/jcervino/Github/CoraCiteseer/PieClam/experiments/../trainer_directed.py:460:::  

train_model_on_params on ieclam citeseer 
took 2.979682445526123 seconds


/mnt/home/jcervino/Github/CoraCiteseer/PieClam/experiments/optimization_utils_directed.py:663:::  
Repetition no. 1


/mnt/home/jcervino/Github/CoraCiteseer/PieClam/experiments/../trainer_directed.py:158:::  

Using dataset specific configuration and not global 




/mnt/home/jcervino/Github/CoraCiteseer/PieClam/experiments/../trainer_directed.py:337:::  

In function train. 
2025-12-15 11:50:30 starting optimization of ieclam on citeseer (DIRECTED) on device cuda

 configs_dict: 
{
    "clamiter_init": {
        "dim_feat": 48,
        "s_reg": 0.0,
        "l1_reg": 1,
        "T": 1,
        "hidden_dim": 64,
        "num_coupling_blocks": 32,
        "num_layers_mlp": 2
    },
    "feat_opt": {
        "lr": 5e-06,
        "n_iter": 500,
        "early_stop": 0
    }
}


/mnt/home/jcervino/Github/CoraCiteseer/PieClam/experiments/../clamiter_directed.py:439:::  
staring fit_feats for 500 iterations


/mnt/home/jcervino/Github/CoraCiteseer/PieClam/experiments/../trainer_directed.py:444:::  



FINISHED train 
 last accuracies:
test
key='auc': 0.6802672722508516
val
key='auc': 0.6563441572975672




/mnt/home/jcervino/Github/CoraCiteseer/PieClam/experiments/../trainer_directed.py:460:::  

train_model_on_params on ieclam citeseer 
took 2.9780385494232178 seconds


/mnt/home/jcervino/Github/CoraCiteseer/PieClam/experiments/optimization_utils_directed.py:663:::  
Repetition no. 2


/mnt/home/jcervino/Github/CoraCiteseer/PieClam/experiments/../trainer_directed.py:158:::  

Using dataset specific configuration and not global 




/mnt/home/jcervino/Github/CoraCiteseer/PieClam/experiments/../trainer_directed.py:337:::  

In function train. 
2025-12-15 11:50:33 starting optimization of ieclam on citeseer (DIRECTED) on device cuda

 configs_dict: 
{
    "clamiter_init": {
        "dim_feat": 48,
        "s_reg": 0.0,
        "l1_reg": 1,
        "T": 1,
        "hidden_dim": 64,
        "num_coupling_blocks": 32,
        "num_layers_mlp": 2
    },
    "feat_opt": {
        "lr": 5e-06,
        "n_iter": 500,
        "early_stop": 0
    }
}


/mnt/home/jcervino/Github/CoraCiteseer/PieClam/experiments/../clamiter_directed.py:439:::  
staring fit_feats for 500 iterations


/mnt/home/jcervino/Github/CoraCiteseer/PieClam/experiments/../trainer_directed.py:444:::  



FINISHED train 
 last accuracies:
test
key='auc': 0.6413066643374967
val
key='auc': 0.6629534615450836




/mnt/home/jcervino/Github/CoraCiteseer/PieClam/experiments/../trainer_directed.py:460:::  

train_model_on_params on ieclam citeseer 
took 2.9742307662963867 seconds


/mnt/home/jcervino/Github/CoraCiteseer/PieClam/experiments/optimization_utils_directed.py:663:::  
Repetition no. 0


/mnt/home/jcervino/Github/CoraCiteseer/PieClam/experiments/../trainer_directed.py:158:::  

Using dataset specific configuration and not global 




/mnt/home/jcervino/Github/CoraCiteseer/PieClam/experiments/../trainer_directed.py:337:::  

In function train. 
2025-12-15 11:50:36 starting optimization of ieclam on citeseer (DIRECTED) on device cuda

 configs_dict: 
{
    "clamiter_init": {
        "dim_feat": 48,
        "s_reg": 0.1,
        "l1_reg": 1,
        "T": 1,
        "hidden_dim": 64,
        "num_coupling_blocks": 32,
        "num_layers_mlp": 2
    },
    "feat_opt": {
        "lr": 5e-07,
        "n_iter": 3000,
        "early_stop": 0
    }
}


/mnt/home/jcervino/Github/CoraCiteseer/PieClam/experiments/../clamiter_directed.py:439:::  
staring fit_feats for 3000 iterations


/mnt/home/jcervino/Github/CoraCiteseer/PieClam/experiments/../trainer_directed.py:444:::  



FINISHED train 
 last accuracies:
test
key='auc': 0.5815809240981745
val
key='auc': 0.5729068025688263




/mnt/home/jcervino/Github/CoraCiteseer/PieClam/experiments/../trainer_directed.py:460:::  

train_model_on_params on ieclam citeseer 
took 17.786138772964478 seconds


/mnt/home/jcervino/Github/CoraCiteseer/PieClam/experiments/optimization_utils_directed.py:663:::  
Repetition no. 1


/mnt/home/jcervino/Github/CoraCiteseer/PieClam/experiments/../trainer_directed.py:158:::  

Using dataset specific configuration and not global 




/mnt/home/jcervino/Github/CoraCiteseer/PieClam/experiments/../trainer_directed.py:337:::  

In function train. 
2025-12-15 11:50:54 starting optimization of ieclam on citeseer (DIRECTED) on device cuda

 configs_dict: 
{
    "clamiter_init": {
        "dim_feat": 48,
        "s_reg": 0.1,
        "l1_reg": 1,
        "T": 1,
        "hidden_dim": 64,
        "num_coupling_blocks": 32,
        "num_layers_mlp": 2
    },
    "feat_opt": {
        "lr": 5e-07,
        "n_iter": 3000,
        "early_stop": 0
    }
}


/mnt/home/jcervino/Github/CoraCiteseer/PieClam/experiments/../clamiter_directed.py:439:::  
staring fit_feats for 3000 iterations


/mnt/home/jcervino/Github/CoraCiteseer/PieClam/experiments/../trainer_directed.py:444:::  



FINISHED train 
 last accuracies:
test
key='auc': 0.5695117477508953
val
key='auc': 0.600650384807424




/mnt/home/jcervino/Github/CoraCiteseer/PieClam/experiments/../trainer_directed.py:460:::  

train_model_on_params on ieclam citeseer 
took 17.750835418701172 seconds


/mnt/home/jcervino/Github/CoraCiteseer/PieClam/experiments/optimization_utils_directed.py:663:::  
Repetition no. 2


/mnt/home/jcervino/Github/CoraCiteseer/PieClam/experiments/../trainer_directed.py:158:::  

Using dataset specific configuration and not global 




/mnt/home/jcervino/Github/CoraCiteseer/PieClam/experiments/../trainer_directed.py:337:::  

In function train. 
2025-12-15 11:51:12 starting optimization of ieclam on citeseer (DIRECTED) on device cuda

 configs_dict: 
{
    "clamiter_init": {
        "dim_feat": 48,
        "s_reg": 0.1,
        "l1_reg": 1,
        "T": 1,
        "hidden_dim": 64,
        "num_coupling_blocks": 32,
        "num_layers_mlp": 2
    },
    "feat_opt": {
        "lr": 5e-07,
        "n_iter": 3000,
        "early_stop": 0
    }
}


/mnt/home/jcervino/Github/CoraCiteseer/PieClam/experiments/../clamiter_directed.py:439:::  
staring fit_feats for 3000 iterations


/mnt/home/jcervino/Github/CoraCiteseer/PieClam/experiments/../trainer_directed.py:444:::  



FINISHED train 
 last accuracies:
test
key='auc': 0.5891798410341514
val
key='auc': 0.5926228026376957




/mnt/home/jcervino/Github/CoraCiteseer/PieClam/experiments/../trainer_directed.py:460:::  

train_model_on_params on ieclam citeseer 
took 47.485238552093506 seconds


/mnt/home/jcervino/Github/CoraCiteseer/PieClam/experiments/optimization_utils_directed.py:738:::  


Finished CrossVal!




/mnt/home/jcervino/Github/CoraCiteseer/PieClam/experiments/optimization_utils_directed.py:514:::  
On test set split_23-06_22-11-25 of citeseer,ieclam
 ======================


/mnt/home/jcervino/Github/CoraCiteseer/PieClam/experiments/../datasets/import_dataset.py:258:::  
end of import_dataset
citeseer 
has 4230 nodes 
and 5358 edges. 
Graph is directed
Graph has NO self loops


/mnt/home/jcervino/Github/CoraCiteseer/PieClam/experiments/optimization_utils_directed.py:638:::  
RunSaver defined to acc_configs path /mnt/home/jcervino/Github/CoraCiteseer/PieClam/experiments/results/directed/link_prediction/auc/citeseer/ieclam/split_23-06_22-11-25/valid/acc_configs11-52_15-12-25.json


/mnt/home/jcervino/Github/CoraCiteseer/PieClam/experiments/optimization_utils_directed.py:663:::  
Repetition no. 0


/mnt/home/jcervino/Github/CoraCiteseer/PieClam/experiments/../trainer_directed.py:158:::  

Using dataset specific configuration and not global 




/mnt/home/jcervino/Github/CoraCiteseer/PieClam/experiments/../trainer_directed.py:337:::  

In function train. 
2025-12-15 11:52:00 starting optimization of ieclam on citeseer (DIRECTED) on device cuda

 configs_dict: 
{
    "clamiter_init": {
        "dim_feat": 48,
        "s_reg": 0.1,
        "l1_reg": 1,
        "T": 1,
        "hidden_dim": 64,
        "num_coupling_blocks": 32,
        "num_layers_mlp": 2
    },
    "feat_opt": {
        "lr": 5e-06,
        "n_iter": 500,
        "early_stop": 0
    }
}


/mnt/home/jcervino/Github/CoraCiteseer/PieClam/experiments/../clamiter_directed.py:439:::  
staring fit_feats for 500 iterations


/mnt/home/jcervino/Github/CoraCiteseer/PieClam/experiments/../trainer_directed.py:444:::  



FINISHED train 
 last accuracies:
test
key='auc': 0.6648895100008735
val
key='auc': 0.6255875415368193




/mnt/home/jcervino/Github/CoraCiteseer/PieClam/experiments/../trainer_directed.py:460:::  

train_model_on_params on ieclam citeseer 
took 2.977799892425537 seconds


/mnt/home/jcervino/Github/CoraCiteseer/PieClam/experiments/optimization_utils_directed.py:663:::  
Repetition no. 1


/mnt/home/jcervino/Github/CoraCiteseer/PieClam/experiments/../trainer_directed.py:158:::  

Using dataset specific configuration and not global 




/mnt/home/jcervino/Github/CoraCiteseer/PieClam/experiments/../trainer_directed.py:337:::  

In function train. 
2025-12-15 11:52:03 starting optimization of ieclam on citeseer (DIRECTED) on device cuda

 configs_dict: 
{
    "clamiter_init": {
        "dim_feat": 48,
        "s_reg": 0.1,
        "l1_reg": 1,
        "T": 1,
        "hidden_dim": 64,
        "num_coupling_blocks": 32,
        "num_layers_mlp": 2
    },
    "feat_opt": {
        "lr": 5e-06,
        "n_iter": 500,
        "early_stop": 0
    }
}


/mnt/home/jcervino/Github/CoraCiteseer/PieClam/experiments/../clamiter_directed.py:439:::  
staring fit_feats for 500 iterations


/mnt/home/jcervino/Github/CoraCiteseer/PieClam/experiments/../trainer_directed.py:444:::  



FINISHED train 
 last accuracies:
test
key='auc': 0.6669525722770548
val
key='auc': 0.6544308810110019




/mnt/home/jcervino/Github/CoraCiteseer/PieClam/experiments/../trainer_directed.py:460:::  

train_model_on_params on ieclam citeseer 
took 2.979971408843994 seconds


/mnt/home/jcervino/Github/CoraCiteseer/PieClam/experiments/optimization_utils_directed.py:663:::  
Repetition no. 2


/mnt/home/jcervino/Github/CoraCiteseer/PieClam/experiments/../trainer_directed.py:158:::  

Using dataset specific configuration and not global 




/mnt/home/jcervino/Github/CoraCiteseer/PieClam/experiments/../trainer_directed.py:337:::  

In function train. 
2025-12-15 11:52:06 starting optimization of ieclam on citeseer (DIRECTED) on device cuda

 configs_dict: 
{
    "clamiter_init": {
        "dim_feat": 48,
        "s_reg": 0.1,
        "l1_reg": 1,
        "T": 1,
        "hidden_dim": 64,
        "num_coupling_blocks": 32,
        "num_layers_mlp": 2
    },
    "feat_opt": {
        "lr": 5e-06,
        "n_iter": 500,
        "early_stop": 0
    }
}


/mnt/home/jcervino/Github/CoraCiteseer/PieClam/experiments/../clamiter_directed.py:439:::  
staring fit_feats for 500 iterations


/mnt/home/jcervino/Github/CoraCiteseer/PieClam/experiments/../trainer_directed.py:444:::  



FINISHED train 
 last accuracies:
test
key='auc': 0.6674748886365622
val
key='auc': 0.6403793839637747




/mnt/home/jcervino/Github/CoraCiteseer/PieClam/experiments/../trainer_directed.py:460:::  

train_model_on_params on ieclam citeseer 
took 2.968310832977295 seconds


/mnt/home/jcervino/Github/CoraCiteseer/PieClam/experiments/optimization_utils_directed.py:663:::  
Repetition no. 0


/mnt/home/jcervino/Github/CoraCiteseer/PieClam/experiments/../trainer_directed.py:158:::  

Using dataset specific configuration and not global 




/mnt/home/jcervino/Github/CoraCiteseer/PieClam/experiments/../trainer_directed.py:337:::  

In function train. 
2025-12-15 11:52:10 starting optimization of ieclam on citeseer (DIRECTED) on device cuda

 configs_dict: 
{
    "clamiter_init": {
        "dim_feat": 48,
        "s_reg": 0.0,
        "l1_reg": 1,
        "T": 1,
        "hidden_dim": 64,
        "num_coupling_blocks": 32,
        "num_layers_mlp": 2
    },
    "feat_opt": {
        "lr": 5e-06,
        "n_iter": 3000,
        "early_stop": 0
    }
}


/mnt/home/jcervino/Github/CoraCiteseer/PieClam/experiments/../clamiter_directed.py:439:::  
staring fit_feats for 3000 iterations


/mnt/home/jcervino/Github/CoraCiteseer/PieClam/experiments/../trainer_directed.py:444:::  



FINISHED train 
 last accuracies:
test
key='auc': 0.6390042798497686
val
key='auc': 0.6345405554312081




/mnt/home/jcervino/Github/CoraCiteseer/PieClam/experiments/../trainer_directed.py:460:::  

train_model_on_params on ieclam citeseer 
took 17.746689081192017 seconds


/mnt/home/jcervino/Github/CoraCiteseer/PieClam/experiments/optimization_utils_directed.py:663:::  
Repetition no. 1


/mnt/home/jcervino/Github/CoraCiteseer/PieClam/experiments/../trainer_directed.py:158:::  

Using dataset specific configuration and not global 




/mnt/home/jcervino/Github/CoraCiteseer/PieClam/experiments/../trainer_directed.py:337:::  

In function train. 
2025-12-15 11:52:27 starting optimization of ieclam on citeseer (DIRECTED) on device cuda

 configs_dict: 
{
    "clamiter_init": {
        "dim_feat": 48,
        "s_reg": 0.0,
        "l1_reg": 1,
        "T": 1,
        "hidden_dim": 64,
        "num_coupling_blocks": 32,
        "num_layers_mlp": 2
    },
    "feat_opt": {
        "lr": 5e-06,
        "n_iter": 3000,
        "early_stop": 0
    }
}


/mnt/home/jcervino/Github/CoraCiteseer/PieClam/experiments/../clamiter_directed.py:439:::  
staring fit_feats for 3000 iterations


/mnt/home/jcervino/Github/CoraCiteseer/PieClam/experiments/../trainer_directed.py:444:::  



FINISHED train 
 last accuracies:
test
key='auc': 0.6364538387632108
val
key='auc': 0.6098896368864173




/mnt/home/jcervino/Github/CoraCiteseer/PieClam/experiments/../trainer_directed.py:460:::  

train_model_on_params on ieclam citeseer 
took 17.694467544555664 seconds


/mnt/home/jcervino/Github/CoraCiteseer/PieClam/experiments/optimization_utils_directed.py:663:::  
Repetition no. 2


/mnt/home/jcervino/Github/CoraCiteseer/PieClam/experiments/../trainer_directed.py:158:::  

Using dataset specific configuration and not global 




/mnt/home/jcervino/Github/CoraCiteseer/PieClam/experiments/../trainer_directed.py:337:::  

In function train. 
2025-12-15 11:52:45 starting optimization of ieclam on citeseer (DIRECTED) on device cuda

 configs_dict: 
{
    "clamiter_init": {
        "dim_feat": 48,
        "s_reg": 0.0,
        "l1_reg": 1,
        "T": 1,
        "hidden_dim": 64,
        "num_coupling_blocks": 32,
        "num_layers_mlp": 2
    },
    "feat_opt": {
        "lr": 5e-06,
        "n_iter": 3000,
        "early_stop": 0
    }
}


/mnt/home/jcervino/Github/CoraCiteseer/PieClam/experiments/../clamiter_directed.py:439:::  
staring fit_feats for 3000 iterations


/mnt/home/jcervino/Github/CoraCiteseer/PieClam/experiments/../trainer_directed.py:444:::  



FINISHED train 
 last accuracies:
test
key='auc': 0.627017206742947
val
key='auc': 0.6120934556911899




/mnt/home/jcervino/Github/CoraCiteseer/PieClam/experiments/../trainer_directed.py:460:::  

train_model_on_params on ieclam citeseer 
took 17.710299491882324 seconds


/mnt/home/jcervino/Github/CoraCiteseer/PieClam/experiments/optimization_utils_directed.py:663:::  
Repetition no. 0


/mnt/home/jcervino/Github/CoraCiteseer/PieClam/experiments/../trainer_directed.py:158:::  

Using dataset specific configuration and not global 




/mnt/home/jcervino/Github/CoraCiteseer/PieClam/experiments/../trainer_directed.py:337:::  

In function train. 
2025-12-15 11:53:03 starting optimization of ieclam on citeseer (DIRECTED) on device cuda

 configs_dict: 
{
    "clamiter_init": {
        "dim_feat": 48,
        "s_reg": 0.0,
        "l1_reg": 1,
        "T": 1,
        "hidden_dim": 64,
        "num_coupling_blocks": 32,
        "num_layers_mlp": 2
    },
    "feat_opt": {
        "lr": 5e-07,
        "n_iter": 1000,
        "early_stop": 0
    }
}


/mnt/home/jcervino/Github/CoraCiteseer/PieClam/experiments/../clamiter_directed.py:439:::  
staring fit_feats for 1000 iterations


/mnt/home/jcervino/Github/CoraCiteseer/PieClam/experiments/../trainer_directed.py:444:::  



FINISHED train 
 last accuracies:
test
key='auc': 0.5182740850729322
val
key='auc': 0.49807596287942696




/mnt/home/jcervino/Github/CoraCiteseer/PieClam/experiments/../trainer_directed.py:460:::  

train_model_on_params on ieclam citeseer 
took 5.926650524139404 seconds


/mnt/home/jcervino/Github/CoraCiteseer/PieClam/experiments/optimization_utils_directed.py:663:::  
Repetition no. 1


/mnt/home/jcervino/Github/CoraCiteseer/PieClam/experiments/../trainer_directed.py:158:::  

Using dataset specific configuration and not global 




/mnt/home/jcervino/Github/CoraCiteseer/PieClam/experiments/../trainer_directed.py:337:::  

In function train. 
2025-12-15 11:53:09 starting optimization of ieclam on citeseer (DIRECTED) on device cuda

 configs_dict: 
{
    "clamiter_init": {
        "dim_feat": 48,
        "s_reg": 0.0,
        "l1_reg": 1,
        "T": 1,
        "hidden_dim": 64,
        "num_coupling_blocks": 32,
        "num_layers_mlp": 2
    },
    "feat_opt": {
        "lr": 5e-07,
        "n_iter": 1000,
        "early_stop": 0
    }
}


/mnt/home/jcervino/Github/CoraCiteseer/PieClam/experiments/../clamiter_directed.py:439:::  
staring fit_feats for 1000 iterations


/mnt/home/jcervino/Github/CoraCiteseer/PieClam/experiments/../trainer_directed.py:444:::  



FINISHED train 
 last accuracies:
test
key='auc': 0.5249820945060704
val
key='auc': 0.5039083349115889




/mnt/home/jcervino/Github/CoraCiteseer/PieClam/experiments/../trainer_directed.py:460:::  

train_model_on_params on ieclam citeseer 
took 5.97417688369751 seconds


/mnt/home/jcervino/Github/CoraCiteseer/PieClam/experiments/optimization_utils_directed.py:663:::  
Repetition no. 2


/mnt/home/jcervino/Github/CoraCiteseer/PieClam/experiments/../trainer_directed.py:158:::  

Using dataset specific configuration and not global 




/mnt/home/jcervino/Github/CoraCiteseer/PieClam/experiments/../trainer_directed.py:337:::  

In function train. 
2025-12-15 11:53:15 starting optimization of ieclam on citeseer (DIRECTED) on device cuda

 configs_dict: 
{
    "clamiter_init": {
        "dim_feat": 48,
        "s_reg": 0.0,
        "l1_reg": 1,
        "T": 1,
        "hidden_dim": 64,
        "num_coupling_blocks": 32,
        "num_layers_mlp": 2
    },
    "feat_opt": {
        "lr": 5e-07,
        "n_iter": 1000,
        "early_stop": 0
    }
}


/mnt/home/jcervino/Github/CoraCiteseer/PieClam/experiments/../clamiter_directed.py:439:::  
staring fit_feats for 1000 iterations


/mnt/home/jcervino/Github/CoraCiteseer/PieClam/experiments/../trainer_directed.py:444:::  



FINISHED train 
 last accuracies:
test
key='auc': 0.5387439951087432
val
key='auc': 0.5330615864051927




/mnt/home/jcervino/Github/CoraCiteseer/PieClam/experiments/../trainer_directed.py:460:::  

train_model_on_params on ieclam citeseer 
took 5.930856704711914 seconds


/mnt/home/jcervino/Github/CoraCiteseer/PieClam/experiments/optimization_utils_directed.py:663:::  
Repetition no. 0


/mnt/home/jcervino/Github/CoraCiteseer/PieClam/experiments/../trainer_directed.py:158:::  

Using dataset specific configuration and not global 




/mnt/home/jcervino/Github/CoraCiteseer/PieClam/experiments/../trainer_directed.py:337:::  

In function train. 
2025-12-15 11:53:22 starting optimization of ieclam on citeseer (DIRECTED) on device cuda

 configs_dict: 
{
    "clamiter_init": {
        "dim_feat": 48,
        "s_reg": 0.1,
        "l1_reg": 1,
        "T": 1,
        "hidden_dim": 64,
        "num_coupling_blocks": 32,
        "num_layers_mlp": 2
    },
    "feat_opt": {
        "lr": 5e-07,
        "n_iter": 1000,
        "early_stop": 0
    }
}


/mnt/home/jcervino/Github/CoraCiteseer/PieClam/experiments/../clamiter_directed.py:439:::  
staring fit_feats for 1000 iterations


/mnt/home/jcervino/Github/CoraCiteseer/PieClam/experiments/../trainer_directed.py:444:::  



FINISHED train 
 last accuracies:
test
key='auc': 0.5015093021224561
val
key='auc': 0.5060820233811402




/mnt/home/jcervino/Github/CoraCiteseer/PieClam/experiments/../trainer_directed.py:460:::  

train_model_on_params on ieclam citeseer 
took 5.922682046890259 seconds


/mnt/home/jcervino/Github/CoraCiteseer/PieClam/experiments/optimization_utils_directed.py:663:::  
Repetition no. 1


/mnt/home/jcervino/Github/CoraCiteseer/PieClam/experiments/../trainer_directed.py:158:::  

Using dataset specific configuration and not global 




/mnt/home/jcervino/Github/CoraCiteseer/PieClam/experiments/../trainer_directed.py:337:::  

In function train. 
2025-12-15 11:53:28 starting optimization of ieclam on citeseer (DIRECTED) on device cuda

 configs_dict: 
{
    "clamiter_init": {
        "dim_feat": 48,
        "s_reg": 0.1,
        "l1_reg": 1,
        "T": 1,
        "hidden_dim": 64,
        "num_coupling_blocks": 32,
        "num_layers_mlp": 2
    },
    "feat_opt": {
        "lr": 5e-07,
        "n_iter": 1000,
        "early_stop": 0
    }
}


/mnt/home/jcervino/Github/CoraCiteseer/PieClam/experiments/../clamiter_directed.py:439:::  
staring fit_feats for 1000 iterations


/mnt/home/jcervino/Github/CoraCiteseer/PieClam/experiments/../trainer_directed.py:444:::  



FINISHED train 
 last accuracies:
test
key='auc': 0.5166162983666696
val
key='auc': 0.5339525834610286




/mnt/home/jcervino/Github/CoraCiteseer/PieClam/experiments/../trainer_directed.py:460:::  

train_model_on_params on ieclam citeseer 
took 5.9328694343566895 seconds


/mnt/home/jcervino/Github/CoraCiteseer/PieClam/experiments/optimization_utils_directed.py:663:::  
Repetition no. 2


/mnt/home/jcervino/Github/CoraCiteseer/PieClam/experiments/../trainer_directed.py:158:::  

Using dataset specific configuration and not global 




/mnt/home/jcervino/Github/CoraCiteseer/PieClam/experiments/../trainer_directed.py:337:::  

In function train. 
2025-12-15 11:53:34 starting optimization of ieclam on citeseer (DIRECTED) on device cuda

 configs_dict: 
{
    "clamiter_init": {
        "dim_feat": 48,
        "s_reg": 0.1,
        "l1_reg": 1,
        "T": 1,
        "hidden_dim": 64,
        "num_coupling_blocks": 32,
        "num_layers_mlp": 2
    },
    "feat_opt": {
        "lr": 5e-07,
        "n_iter": 1000,
        "early_stop": 0
    }
}


/mnt/home/jcervino/Github/CoraCiteseer/PieClam/experiments/../clamiter_directed.py:439:::  
staring fit_feats for 1000 iterations


/mnt/home/jcervino/Github/CoraCiteseer/PieClam/experiments/../trainer_directed.py:444:::  



FINISHED train 
 last accuracies:
test
key='auc': 0.5080094331382654
val
key='auc': 0.5403014755255591




/mnt/home/jcervino/Github/CoraCiteseer/PieClam/experiments/../trainer_directed.py:460:::  

train_model_on_params on ieclam citeseer 
took 5.918322563171387 seconds


/mnt/home/jcervino/Github/CoraCiteseer/PieClam/experiments/optimization_utils_directed.py:663:::  
Repetition no. 0


/mnt/home/jcervino/Github/CoraCiteseer/PieClam/experiments/../trainer_directed.py:158:::  

Using dataset specific configuration and not global 




/mnt/home/jcervino/Github/CoraCiteseer/PieClam/experiments/../trainer_directed.py:337:::  

In function train. 
2025-12-15 11:53:40 starting optimization of ieclam on citeseer (DIRECTED) on device cuda

 configs_dict: 
{
    "clamiter_init": {
        "dim_feat": 48,
        "s_reg": 0.1,
        "l1_reg": 1,
        "T": 1,
        "hidden_dim": 64,
        "num_coupling_blocks": 32,
        "num_layers_mlp": 2
    },
    "feat_opt": {
        "lr": 5e-06,
        "n_iter": 1000,
        "early_stop": 0
    }
}


/mnt/home/jcervino/Github/CoraCiteseer/PieClam/experiments/../clamiter_directed.py:439:::  
staring fit_feats for 1000 iterations


/mnt/home/jcervino/Github/CoraCiteseer/PieClam/experiments/../trainer_directed.py:444:::  



FINISHED train 
 last accuracies:
test
key='auc': 0.6720307450432352
val
key='auc': 0.6612532497718703




/mnt/home/jcervino/Github/CoraCiteseer/PieClam/experiments/../trainer_directed.py:460:::  

train_model_on_params on ieclam citeseer 
took 5.917548894882202 seconds


/mnt/home/jcervino/Github/CoraCiteseer/PieClam/experiments/optimization_utils_directed.py:663:::  
Repetition no. 1


/mnt/home/jcervino/Github/CoraCiteseer/PieClam/experiments/../trainer_directed.py:158:::  

Using dataset specific configuration and not global 




/mnt/home/jcervino/Github/CoraCiteseer/PieClam/experiments/../trainer_directed.py:337:::  

In function train. 
2025-12-15 11:53:46 starting optimization of ieclam on citeseer (DIRECTED) on device cuda

 configs_dict: 
{
    "clamiter_init": {
        "dim_feat": 48,
        "s_reg": 0.1,
        "l1_reg": 1,
        "T": 1,
        "hidden_dim": 64,
        "num_coupling_blocks": 32,
        "num_layers_mlp": 2
    },
    "feat_opt": {
        "lr": 5e-06,
        "n_iter": 1000,
        "early_stop": 0
    }
}


/mnt/home/jcervino/Github/CoraCiteseer/PieClam/experiments/../clamiter_directed.py:439:::  
staring fit_feats for 1000 iterations


/mnt/home/jcervino/Github/CoraCiteseer/PieClam/experiments/../trainer_directed.py:444:::  



FINISHED train 
 last accuracies:
test
key='auc': 0.7085055463359244
val
key='auc': 0.6811500318520687




/mnt/home/jcervino/Github/CoraCiteseer/PieClam/experiments/../trainer_directed.py:460:::  

train_model_on_params on ieclam citeseer 
took 5.903440713882446 seconds


/mnt/home/jcervino/Github/CoraCiteseer/PieClam/experiments/optimization_utils_directed.py:663:::  
Repetition no. 2


/mnt/home/jcervino/Github/CoraCiteseer/PieClam/experiments/../trainer_directed.py:158:::  

Using dataset specific configuration and not global 




/mnt/home/jcervino/Github/CoraCiteseer/PieClam/experiments/../trainer_directed.py:337:::  

In function train. 
2025-12-15 11:53:52 starting optimization of ieclam on citeseer (DIRECTED) on device cuda

 configs_dict: 
{
    "clamiter_init": {
        "dim_feat": 48,
        "s_reg": 0.1,
        "l1_reg": 1,
        "T": 1,
        "hidden_dim": 64,
        "num_coupling_blocks": 32,
        "num_layers_mlp": 2
    },
    "feat_opt": {
        "lr": 5e-06,
        "n_iter": 1000,
        "early_stop": 0
    }
}


/mnt/home/jcervino/Github/CoraCiteseer/PieClam/experiments/../clamiter_directed.py:439:::  
staring fit_feats for 1000 iterations


/mnt/home/jcervino/Github/CoraCiteseer/PieClam/experiments/../trainer_directed.py:444:::  



FINISHED train 
 last accuracies:
test
key='auc': 0.6940938073194165
val
key='auc': 0.6673761643222397




/mnt/home/jcervino/Github/CoraCiteseer/PieClam/experiments/../trainer_directed.py:460:::  

train_model_on_params on ieclam citeseer 
took 5.902215957641602 seconds


/mnt/home/jcervino/Github/CoraCiteseer/PieClam/experiments/optimization_utils_directed.py:663:::  
Repetition no. 0


/mnt/home/jcervino/Github/CoraCiteseer/PieClam/experiments/../trainer_directed.py:158:::  

Using dataset specific configuration and not global 




/mnt/home/jcervino/Github/CoraCiteseer/PieClam/experiments/../trainer_directed.py:337:::  

In function train. 
2025-12-15 11:53:58 starting optimization of ieclam on citeseer (DIRECTED) on device cuda

 configs_dict: 
{
    "clamiter_init": {
        "dim_feat": 48,
        "s_reg": 0.1,
        "l1_reg": 1,
        "T": 1,
        "hidden_dim": 64,
        "num_coupling_blocks": 32,
        "num_layers_mlp": 2
    },
    "feat_opt": {
        "lr": 5e-07,
        "n_iter": 500,
        "early_stop": 0
    }
}


/mnt/home/jcervino/Github/CoraCiteseer/PieClam/experiments/../clamiter_directed.py:439:::  
staring fit_feats for 500 iterations


/mnt/home/jcervino/Github/CoraCiteseer/PieClam/experiments/../trainer_directed.py:444:::  



FINISHED train 
 last accuracies:
test
key='auc': 0.5225155035374268
val
key='auc': 0.5533091716740415




/mnt/home/jcervino/Github/CoraCiteseer/PieClam/experiments/../trainer_directed.py:460:::  

train_model_on_params on ieclam citeseer 
took 2.973404884338379 seconds


/mnt/home/jcervino/Github/CoraCiteseer/PieClam/experiments/optimization_utils_directed.py:663:::  
Repetition no. 1


/mnt/home/jcervino/Github/CoraCiteseer/PieClam/experiments/../trainer_directed.py:158:::  

Using dataset specific configuration and not global 




/mnt/home/jcervino/Github/CoraCiteseer/PieClam/experiments/../trainer_directed.py:337:::  

In function train. 
2025-12-15 11:54:01 starting optimization of ieclam on citeseer (DIRECTED) on device cuda

 configs_dict: 
{
    "clamiter_init": {
        "dim_feat": 48,
        "s_reg": 0.1,
        "l1_reg": 1,
        "T": 1,
        "hidden_dim": 64,
        "num_coupling_blocks": 32,
        "num_layers_mlp": 2
    },
    "feat_opt": {
        "lr": 5e-07,
        "n_iter": 500,
        "early_stop": 0
    }
}


/mnt/home/jcervino/Github/CoraCiteseer/PieClam/experiments/../clamiter_directed.py:439:::  
staring fit_feats for 500 iterations


/mnt/home/jcervino/Github/CoraCiteseer/PieClam/experiments/../trainer_directed.py:444:::  



FINISHED train 
 last accuracies:
test
key='auc': 0.520108306402306
val
key='auc': 0.5248575265577383




/mnt/home/jcervino/Github/CoraCiteseer/PieClam/experiments/../trainer_directed.py:460:::  

train_model_on_params on ieclam citeseer 
took 2.966637134552002 seconds


/mnt/home/jcervino/Github/CoraCiteseer/PieClam/experiments/optimization_utils_directed.py:663:::  
Repetition no. 2


/mnt/home/jcervino/Github/CoraCiteseer/PieClam/experiments/../trainer_directed.py:158:::  

Using dataset specific configuration and not global 




/mnt/home/jcervino/Github/CoraCiteseer/PieClam/experiments/../trainer_directed.py:337:::  

In function train. 
2025-12-15 11:54:04 starting optimization of ieclam on citeseer (DIRECTED) on device cuda

 configs_dict: 
{
    "clamiter_init": {
        "dim_feat": 48,
        "s_reg": 0.1,
        "l1_reg": 1,
        "T": 1,
        "hidden_dim": 64,
        "num_coupling_blocks": 32,
        "num_layers_mlp": 2
    },
    "feat_opt": {
        "lr": 5e-07,
        "n_iter": 500,
        "early_stop": 0
    }
}


/mnt/home/jcervino/Github/CoraCiteseer/PieClam/experiments/../clamiter_directed.py:439:::  
staring fit_feats for 500 iterations


/mnt/home/jcervino/Github/CoraCiteseer/PieClam/experiments/../trainer_directed.py:444:::  



FINISHED train 
 last accuracies:
test
key='auc': 0.5464302559175473
val
key='auc': 0.5221285790533909




/mnt/home/jcervino/Github/CoraCiteseer/PieClam/experiments/../trainer_directed.py:460:::  

train_model_on_params on ieclam citeseer 
took 2.9719080924987793 seconds


/mnt/home/jcervino/Github/CoraCiteseer/PieClam/experiments/optimization_utils_directed.py:663:::  
Repetition no. 0


/mnt/home/jcervino/Github/CoraCiteseer/PieClam/experiments/../trainer_directed.py:158:::  

Using dataset specific configuration and not global 




/mnt/home/jcervino/Github/CoraCiteseer/PieClam/experiments/../trainer_directed.py:337:::  

In function train. 
2025-12-15 11:54:07 starting optimization of ieclam on citeseer (DIRECTED) on device cuda

 configs_dict: 
{
    "clamiter_init": {
        "dim_feat": 48,
        "s_reg": 0.1,
        "l1_reg": 1,
        "T": 1,
        "hidden_dim": 64,
        "num_coupling_blocks": 32,
        "num_layers_mlp": 2
    },
    "feat_opt": {
        "lr": 5e-06,
        "n_iter": 3000,
        "early_stop": 0
    }
}


/mnt/home/jcervino/Github/CoraCiteseer/PieClam/experiments/../clamiter_directed.py:439:::  
staring fit_feats for 3000 iterations


/mnt/home/jcervino/Github/CoraCiteseer/PieClam/experiments/../trainer_directed.py:444:::  



FINISHED train 
 last accuracies:
test
key='auc': 0.6297737793693772
val
key='auc': 0.6031705721320225




/mnt/home/jcervino/Github/CoraCiteseer/PieClam/experiments/../trainer_directed.py:460:::  

train_model_on_params on ieclam citeseer 
took 17.79135799407959 seconds


/mnt/home/jcervino/Github/CoraCiteseer/PieClam/experiments/optimization_utils_directed.py:663:::  
Repetition no. 1


/mnt/home/jcervino/Github/CoraCiteseer/PieClam/experiments/../trainer_directed.py:158:::  

Using dataset specific configuration and not global 




/mnt/home/jcervino/Github/CoraCiteseer/PieClam/experiments/../trainer_directed.py:337:::  

In function train. 
2025-12-15 11:54:25 starting optimization of ieclam on citeseer (DIRECTED) on device cuda

 configs_dict: 
{
    "clamiter_init": {
        "dim_feat": 48,
        "s_reg": 0.1,
        "l1_reg": 1,
        "T": 1,
        "hidden_dim": 64,
        "num_coupling_blocks": 32,
        "num_layers_mlp": 2
    },
    "feat_opt": {
        "lr": 5e-06,
        "n_iter": 3000,
        "early_stop": 0
    }
}


/mnt/home/jcervino/Github/CoraCiteseer/PieClam/experiments/../clamiter_directed.py:439:::  
staring fit_feats for 3000 iterations


/mnt/home/jcervino/Github/CoraCiteseer/PieClam/experiments/../trainer_directed.py:444:::  



FINISHED train 
 last accuracies:
test
key='auc': 0.6429941479605206
val
key='auc': 0.6357156385048467




/mnt/home/jcervino/Github/CoraCiteseer/PieClam/experiments/../trainer_directed.py:460:::  

train_model_on_params on ieclam citeseer 
took 17.706295013427734 seconds


/mnt/home/jcervino/Github/CoraCiteseer/PieClam/experiments/optimization_utils_directed.py:663:::  
Repetition no. 2


/mnt/home/jcervino/Github/CoraCiteseer/PieClam/experiments/../trainer_directed.py:158:::  

Using dataset specific configuration and not global 




/mnt/home/jcervino/Github/CoraCiteseer/PieClam/experiments/../trainer_directed.py:337:::  

In function train. 
2025-12-15 11:54:44 starting optimization of ieclam on citeseer (DIRECTED) on device cuda

 configs_dict: 
{
    "clamiter_init": {
        "dim_feat": 48,
        "s_reg": 0.1,
        "l1_reg": 1,
        "T": 1,
        "hidden_dim": 64,
        "num_coupling_blocks": 32,
        "num_layers_mlp": 2
    },
    "feat_opt": {
        "lr": 5e-06,
        "n_iter": 3000,
        "early_stop": 0
    }
}


/mnt/home/jcervino/Github/CoraCiteseer/PieClam/experiments/../clamiter_directed.py:439:::  
staring fit_feats for 3000 iterations


/mnt/home/jcervino/Github/CoraCiteseer/PieClam/experiments/../trainer_directed.py:444:::  



FINISHED train 
 last accuracies:
test
key='auc': 0.6427391038518648
val
key='auc': 0.6146545341850175




/mnt/home/jcervino/Github/CoraCiteseer/PieClam/experiments/../trainer_directed.py:460:::  

train_model_on_params on ieclam citeseer 
took 40.261069774627686 seconds


/mnt/home/jcervino/Github/CoraCiteseer/PieClam/experiments/optimization_utils_directed.py:663:::  
Repetition no. 0


/mnt/home/jcervino/Github/CoraCiteseer/PieClam/experiments/../trainer_directed.py:158:::  

Using dataset specific configuration and not global 




/mnt/home/jcervino/Github/CoraCiteseer/PieClam/experiments/../trainer_directed.py:337:::  

In function train. 
2025-12-15 11:55:24 starting optimization of ieclam on citeseer (DIRECTED) on device cuda

 configs_dict: 
{
    "clamiter_init": {
        "dim_feat": 48,
        "s_reg": 0.0,
        "l1_reg": 1,
        "T": 1,
        "hidden_dim": 64,
        "num_coupling_blocks": 32,
        "num_layers_mlp": 2
    },
    "feat_opt": {
        "lr": 5e-06,
        "n_iter": 1000,
        "early_stop": 0
    }
}


/mnt/home/jcervino/Github/CoraCiteseer/PieClam/experiments/../clamiter_directed.py:439:::  
staring fit_feats for 1000 iterations


/mnt/home/jcervino/Github/CoraCiteseer/PieClam/experiments/../trainer_directed.py:444:::  



FINISHED train 
 last accuracies:
test
key='auc': 0.6864599528343086
val
key='auc': 0.6936734904702053




/mnt/home/jcervino/Github/CoraCiteseer/PieClam/experiments/../trainer_directed.py:460:::  

train_model_on_params on ieclam citeseer 
took 5.923358678817749 seconds


/mnt/home/jcervino/Github/CoraCiteseer/PieClam/experiments/optimization_utils_directed.py:663:::  
Repetition no. 1


/mnt/home/jcervino/Github/CoraCiteseer/PieClam/experiments/../trainer_directed.py:158:::  

Using dataset specific configuration and not global 




/mnt/home/jcervino/Github/CoraCiteseer/PieClam/experiments/../trainer_directed.py:337:::  

In function train. 
2025-12-15 11:55:30 starting optimization of ieclam on citeseer (DIRECTED) on device cuda

 configs_dict: 
{
    "clamiter_init": {
        "dim_feat": 48,
        "s_reg": 0.0,
        "l1_reg": 1,
        "T": 1,
        "hidden_dim": 64,
        "num_coupling_blocks": 32,
        "num_layers_mlp": 2
    },
    "feat_opt": {
        "lr": 5e-06,
        "n_iter": 1000,
        "early_stop": 0
    }
}


/mnt/home/jcervino/Github/CoraCiteseer/PieClam/experiments/../clamiter_directed.py:439:::  
staring fit_feats for 1000 iterations


/mnt/home/jcervino/Github/CoraCiteseer/PieClam/experiments/../trainer_directed.py:444:::  



FINISHED train 
 last accuracies:
test
key='auc': 0.6875587387544764
val
key='auc': 0.6874192937449424




/mnt/home/jcervino/Github/CoraCiteseer/PieClam/experiments/../trainer_directed.py:460:::  

train_model_on_params on ieclam citeseer 
took 5.921337604522705 seconds


/mnt/home/jcervino/Github/CoraCiteseer/PieClam/experiments/optimization_utils_directed.py:663:::  
Repetition no. 2


/mnt/home/jcervino/Github/CoraCiteseer/PieClam/experiments/../trainer_directed.py:158:::  

Using dataset specific configuration and not global 




/mnt/home/jcervino/Github/CoraCiteseer/PieClam/experiments/../trainer_directed.py:337:::  

In function train. 
2025-12-15 11:55:36 starting optimization of ieclam on citeseer (DIRECTED) on device cuda

 configs_dict: 
{
    "clamiter_init": {
        "dim_feat": 48,
        "s_reg": 0.0,
        "l1_reg": 1,
        "T": 1,
        "hidden_dim": 64,
        "num_coupling_blocks": 32,
        "num_layers_mlp": 2
    },
    "feat_opt": {
        "lr": 5e-06,
        "n_iter": 1000,
        "early_stop": 0
    }
}


/mnt/home/jcervino/Github/CoraCiteseer/PieClam/experiments/../clamiter_directed.py:439:::  
staring fit_feats for 1000 iterations


/mnt/home/jcervino/Github/CoraCiteseer/PieClam/experiments/../trainer_directed.py:444:::  



FINISHED train 
 last accuracies:
test
key='auc': 0.675636300113547
val
key='auc': 0.6641457619531345




/mnt/home/jcervino/Github/CoraCiteseer/PieClam/experiments/../trainer_directed.py:460:::  

train_model_on_params on ieclam citeseer 
took 5.92840576171875 seconds


/mnt/home/jcervino/Github/CoraCiteseer/PieClam/experiments/optimization_utils_directed.py:663:::  
Repetition no. 0


/mnt/home/jcervino/Github/CoraCiteseer/PieClam/experiments/../trainer_directed.py:158:::  

Using dataset specific configuration and not global 




/mnt/home/jcervino/Github/CoraCiteseer/PieClam/experiments/../trainer_directed.py:337:::  

In function train. 
2025-12-15 11:55:42 starting optimization of ieclam on citeseer (DIRECTED) on device cuda

 configs_dict: 
{
    "clamiter_init": {
        "dim_feat": 48,
        "s_reg": 0.0,
        "l1_reg": 1,
        "T": 1,
        "hidden_dim": 64,
        "num_coupling_blocks": 32,
        "num_layers_mlp": 2
    },
    "feat_opt": {
        "lr": 5e-07,
        "n_iter": 3000,
        "early_stop": 0
    }
}


/mnt/home/jcervino/Github/CoraCiteseer/PieClam/experiments/../clamiter_directed.py:439:::  
staring fit_feats for 3000 iterations


/mnt/home/jcervino/Github/CoraCiteseer/PieClam/experiments/../trainer_directed.py:444:::  



FINISHED train 
 last accuracies:
test
key='auc': 0.5803231723294611
val
key='auc': 0.5937182555396773




/mnt/home/jcervino/Github/CoraCiteseer/PieClam/experiments/../trainer_directed.py:460:::  

train_model_on_params on ieclam citeseer 
took 17.75819182395935 seconds


/mnt/home/jcervino/Github/CoraCiteseer/PieClam/experiments/optimization_utils_directed.py:663:::  
Repetition no. 1


/mnt/home/jcervino/Github/CoraCiteseer/PieClam/experiments/../trainer_directed.py:158:::  

Using dataset specific configuration and not global 




/mnt/home/jcervino/Github/CoraCiteseer/PieClam/experiments/../trainer_directed.py:337:::  

In function train. 
2025-12-15 11:56:00 starting optimization of ieclam on citeseer (DIRECTED) on device cuda

 configs_dict: 
{
    "clamiter_init": {
        "dim_feat": 48,
        "s_reg": 0.0,
        "l1_reg": 1,
        "T": 1,
        "hidden_dim": 64,
        "num_coupling_blocks": 32,
        "num_layers_mlp": 2
    },
    "feat_opt": {
        "lr": 5e-07,
        "n_iter": 3000,
        "early_stop": 0
    }
}


/mnt/home/jcervino/Github/CoraCiteseer/PieClam/experiments/../clamiter_directed.py:439:::  
staring fit_feats for 3000 iterations


/mnt/home/jcervino/Github/CoraCiteseer/PieClam/experiments/../trainer_directed.py:444:::  



FINISHED train 
 last accuracies:
test
key='auc': 0.5419006026727226
val
key='auc': 0.5375617671872042




/mnt/home/jcervino/Github/CoraCiteseer/PieClam/experiments/../trainer_directed.py:460:::  

train_model_on_params on ieclam citeseer 
took 17.979614734649658 seconds


/mnt/home/jcervino/Github/CoraCiteseer/PieClam/experiments/optimization_utils_directed.py:663:::  
Repetition no. 2


/mnt/home/jcervino/Github/CoraCiteseer/PieClam/experiments/../trainer_directed.py:158:::  

Using dataset specific configuration and not global 




/mnt/home/jcervino/Github/CoraCiteseer/PieClam/experiments/../trainer_directed.py:337:::  

In function train. 
2025-12-15 11:56:18 starting optimization of ieclam on citeseer (DIRECTED) on device cuda

 configs_dict: 
{
    "clamiter_init": {
        "dim_feat": 48,
        "s_reg": 0.0,
        "l1_reg": 1,
        "T": 1,
        "hidden_dim": 64,
        "num_coupling_blocks": 32,
        "num_layers_mlp": 2
    },
    "feat_opt": {
        "lr": 5e-07,
        "n_iter": 3000,
        "early_stop": 0
    }
}


/mnt/home/jcervino/Github/CoraCiteseer/PieClam/experiments/../clamiter_directed.py:439:::  
staring fit_feats for 3000 iterations


/mnt/home/jcervino/Github/CoraCiteseer/PieClam/experiments/../trainer_directed.py:444:::  



FINISHED train 
 last accuracies:
test
key='auc': 0.5903974146213643
val
key='auc': 0.5808676675677071




/mnt/home/jcervino/Github/CoraCiteseer/PieClam/experiments/../trainer_directed.py:460:::  

train_model_on_params on ieclam citeseer 
took 17.73666501045227 seconds


/mnt/home/jcervino/Github/CoraCiteseer/PieClam/experiments/optimization_utils_directed.py:663:::  
Repetition no. 0


/mnt/home/jcervino/Github/CoraCiteseer/PieClam/experiments/../trainer_directed.py:158:::  

Using dataset specific configuration and not global 




/mnt/home/jcervino/Github/CoraCiteseer/PieClam/experiments/../trainer_directed.py:337:::  

In function train. 
2025-12-15 11:56:36 starting optimization of ieclam on citeseer (DIRECTED) on device cuda

 configs_dict: 
{
    "clamiter_init": {
        "dim_feat": 48,
        "s_reg": 0.0,
        "l1_reg": 1,
        "T": 1,
        "hidden_dim": 64,
        "num_coupling_blocks": 32,
        "num_layers_mlp": 2
    },
    "feat_opt": {
        "lr": 5e-07,
        "n_iter": 500,
        "early_stop": 0
    }
}


/mnt/home/jcervino/Github/CoraCiteseer/PieClam/experiments/../clamiter_directed.py:439:::  
staring fit_feats for 500 iterations


/mnt/home/jcervino/Github/CoraCiteseer/PieClam/experiments/../trainer_directed.py:444:::  



FINISHED train 
 last accuracies:
test
key='auc': 0.5316918508166653
val
key='auc': 0.5354031438852638




/mnt/home/jcervino/Github/CoraCiteseer/PieClam/experiments/../trainer_directed.py:460:::  

train_model_on_params on ieclam citeseer 
took 2.9819211959838867 seconds


/mnt/home/jcervino/Github/CoraCiteseer/PieClam/experiments/optimization_utils_directed.py:663:::  
Repetition no. 1


/mnt/home/jcervino/Github/CoraCiteseer/PieClam/experiments/../trainer_directed.py:158:::  

Using dataset specific configuration and not global 




/mnt/home/jcervino/Github/CoraCiteseer/PieClam/experiments/../trainer_directed.py:337:::  

In function train. 
2025-12-15 11:56:40 starting optimization of ieclam on citeseer (DIRECTED) on device cuda

 configs_dict: 
{
    "clamiter_init": {
        "dim_feat": 48,
        "s_reg": 0.0,
        "l1_reg": 1,
        "T": 1,
        "hidden_dim": 64,
        "num_coupling_blocks": 32,
        "num_layers_mlp": 2
    },
    "feat_opt": {
        "lr": 5e-07,
        "n_iter": 500,
        "early_stop": 0
    }
}


/mnt/home/jcervino/Github/CoraCiteseer/PieClam/experiments/../clamiter_directed.py:439:::  
staring fit_feats for 500 iterations


/mnt/home/jcervino/Github/CoraCiteseer/PieClam/experiments/../trainer_directed.py:444:::  



FINISHED train 
 last accuracies:
test
key='auc': 0.5153008996418901
val
key='auc': 0.5105219434927084




/mnt/home/jcervino/Github/CoraCiteseer/PieClam/experiments/../trainer_directed.py:460:::  

train_model_on_params on ieclam citeseer 
took 2.973601818084717 seconds


/mnt/home/jcervino/Github/CoraCiteseer/PieClam/experiments/optimization_utils_directed.py:663:::  
Repetition no. 2


/mnt/home/jcervino/Github/CoraCiteseer/PieClam/experiments/../trainer_directed.py:158:::  

Using dataset specific configuration and not global 




/mnt/home/jcervino/Github/CoraCiteseer/PieClam/experiments/../trainer_directed.py:337:::  

In function train. 
2025-12-15 11:56:43 starting optimization of ieclam on citeseer (DIRECTED) on device cuda

 configs_dict: 
{
    "clamiter_init": {
        "dim_feat": 48,
        "s_reg": 0.0,
        "l1_reg": 1,
        "T": 1,
        "hidden_dim": 64,
        "num_coupling_blocks": 32,
        "num_layers_mlp": 2
    },
    "feat_opt": {
        "lr": 5e-07,
        "n_iter": 500,
        "early_stop": 0
    }
}


/mnt/home/jcervino/Github/CoraCiteseer/PieClam/experiments/../clamiter_directed.py:439:::  
staring fit_feats for 500 iterations


/mnt/home/jcervino/Github/CoraCiteseer/PieClam/experiments/../trainer_directed.py:444:::  



FINISHED train 
 last accuracies:
test
key='auc': 0.5202305878242641
val
key='auc': 0.505531068679947




/mnt/home/jcervino/Github/CoraCiteseer/PieClam/experiments/../trainer_directed.py:460:::  

train_model_on_params on ieclam citeseer 
took 2.9783194065093994 seconds


/mnt/home/jcervino/Github/CoraCiteseer/PieClam/experiments/optimization_utils_directed.py:663:::  
Repetition no. 0


/mnt/home/jcervino/Github/CoraCiteseer/PieClam/experiments/../trainer_directed.py:158:::  

Using dataset specific configuration and not global 




/mnt/home/jcervino/Github/CoraCiteseer/PieClam/experiments/../trainer_directed.py:337:::  

In function train. 
2025-12-15 11:56:46 starting optimization of ieclam on citeseer (DIRECTED) on device cuda

 configs_dict: 
{
    "clamiter_init": {
        "dim_feat": 48,
        "s_reg": 0.0,
        "l1_reg": 1,
        "T": 1,
        "hidden_dim": 64,
        "num_coupling_blocks": 32,
        "num_layers_mlp": 2
    },
    "feat_opt": {
        "lr": 5e-06,
        "n_iter": 500,
        "early_stop": 0
    }
}


/mnt/home/jcervino/Github/CoraCiteseer/PieClam/experiments/../clamiter_directed.py:439:::  
staring fit_feats for 500 iterations


/mnt/home/jcervino/Github/CoraCiteseer/PieClam/experiments/../trainer_directed.py:444:::  



FINISHED train 
 last accuracies:
test
key='auc': 0.6818971089178094
val
key='auc': 0.6777022606360082




/mnt/home/jcervino/Github/CoraCiteseer/PieClam/experiments/../trainer_directed.py:460:::  

train_model_on_params on ieclam citeseer 
took 2.97707462310791 seconds


/mnt/home/jcervino/Github/CoraCiteseer/PieClam/experiments/optimization_utils_directed.py:663:::  
Repetition no. 1


/mnt/home/jcervino/Github/CoraCiteseer/PieClam/experiments/../trainer_directed.py:158:::  

Using dataset specific configuration and not global 




/mnt/home/jcervino/Github/CoraCiteseer/PieClam/experiments/../trainer_directed.py:337:::  

In function train. 
2025-12-15 11:56:49 starting optimization of ieclam on citeseer (DIRECTED) on device cuda

 configs_dict: 
{
    "clamiter_init": {
        "dim_feat": 48,
        "s_reg": 0.0,
        "l1_reg": 1,
        "T": 1,
        "hidden_dim": 64,
        "num_coupling_blocks": 32,
        "num_layers_mlp": 2
    },
    "feat_opt": {
        "lr": 5e-06,
        "n_iter": 500,
        "early_stop": 0
    }
}


/mnt/home/jcervino/Github/CoraCiteseer/PieClam/experiments/../clamiter_directed.py:439:::  
staring fit_feats for 500 iterations


/mnt/home/jcervino/Github/CoraCiteseer/PieClam/experiments/../trainer_directed.py:444:::  



FINISHED train 
 last accuracies:
test
key='auc': 0.6786915887850468
val
key='auc': 0.6809649455071366




/mnt/home/jcervino/Github/CoraCiteseer/PieClam/experiments/../trainer_directed.py:460:::  

train_model_on_params on ieclam citeseer 
took 2.969958782196045 seconds


/mnt/home/jcervino/Github/CoraCiteseer/PieClam/experiments/optimization_utils_directed.py:663:::  
Repetition no. 2


/mnt/home/jcervino/Github/CoraCiteseer/PieClam/experiments/../trainer_directed.py:158:::  

Using dataset specific configuration and not global 




/mnt/home/jcervino/Github/CoraCiteseer/PieClam/experiments/../trainer_directed.py:337:::  

In function train. 
2025-12-15 11:56:52 starting optimization of ieclam on citeseer (DIRECTED) on device cuda

 configs_dict: 
{
    "clamiter_init": {
        "dim_feat": 48,
        "s_reg": 0.0,
        "l1_reg": 1,
        "T": 1,
        "hidden_dim": 64,
        "num_coupling_blocks": 32,
        "num_layers_mlp": 2
    },
    "feat_opt": {
        "lr": 5e-06,
        "n_iter": 500,
        "early_stop": 0
    }
}


/mnt/home/jcervino/Github/CoraCiteseer/PieClam/experiments/../clamiter_directed.py:439:::  
staring fit_feats for 500 iterations


/mnt/home/jcervino/Github/CoraCiteseer/PieClam/experiments/../trainer_directed.py:444:::  



FINISHED train 
 last accuracies:
test
key='auc': 0.6817381430692636
val
key='auc': 0.681806442726537




/mnt/home/jcervino/Github/CoraCiteseer/PieClam/experiments/../trainer_directed.py:460:::  

train_model_on_params on ieclam citeseer 
took 2.9813899993896484 seconds


/mnt/home/jcervino/Github/CoraCiteseer/PieClam/experiments/optimization_utils_directed.py:663:::  
Repetition no. 0


/mnt/home/jcervino/Github/CoraCiteseer/PieClam/experiments/../trainer_directed.py:158:::  

Using dataset specific configuration and not global 




/mnt/home/jcervino/Github/CoraCiteseer/PieClam/experiments/../trainer_directed.py:337:::  

In function train. 
2025-12-15 11:56:55 starting optimization of ieclam on citeseer (DIRECTED) on device cuda

 configs_dict: 
{
    "clamiter_init": {
        "dim_feat": 48,
        "s_reg": 0.1,
        "l1_reg": 1,
        "T": 1,
        "hidden_dim": 64,
        "num_coupling_blocks": 32,
        "num_layers_mlp": 2
    },
    "feat_opt": {
        "lr": 5e-07,
        "n_iter": 3000,
        "early_stop": 0
    }
}


/mnt/home/jcervino/Github/CoraCiteseer/PieClam/experiments/../clamiter_directed.py:439:::  
staring fit_feats for 3000 iterations


/mnt/home/jcervino/Github/CoraCiteseer/PieClam/experiments/../trainer_directed.py:444:::  



FINISHED train 
 last accuracies:
test
key='auc': 0.5935452877980609
val
key='auc': 0.5694719443535752




/mnt/home/jcervino/Github/CoraCiteseer/PieClam/experiments/../trainer_directed.py:460:::  

train_model_on_params on ieclam citeseer 
took 21.69136619567871 seconds


/mnt/home/jcervino/Github/CoraCiteseer/PieClam/experiments/optimization_utils_directed.py:663:::  
Repetition no. 1


/mnt/home/jcervino/Github/CoraCiteseer/PieClam/experiments/../trainer_directed.py:158:::  

Using dataset specific configuration and not global 




/mnt/home/jcervino/Github/CoraCiteseer/PieClam/experiments/../trainer_directed.py:337:::  

In function train. 
2025-12-15 11:57:17 starting optimization of ieclam on citeseer (DIRECTED) on device cuda

 configs_dict: 
{
    "clamiter_init": {
        "dim_feat": 48,
        "s_reg": 0.1,
        "l1_reg": 1,
        "T": 1,
        "hidden_dim": 64,
        "num_coupling_blocks": 32,
        "num_layers_mlp": 2
    },
    "feat_opt": {
        "lr": 5e-07,
        "n_iter": 3000,
        "early_stop": 0
    }
}


/mnt/home/jcervino/Github/CoraCiteseer/PieClam/experiments/../clamiter_directed.py:439:::  
staring fit_feats for 3000 iterations


/mnt/home/jcervino/Github/CoraCiteseer/PieClam/experiments/../trainer_directed.py:444:::  



FINISHED train 
 last accuracies:
test
key='auc': 0.5615809240981746
val
key='auc': 0.5936450818684251




/mnt/home/jcervino/Github/CoraCiteseer/PieClam/experiments/../trainer_directed.py:460:::  

train_model_on_params on ieclam citeseer 
took 17.69568967819214 seconds


/mnt/home/jcervino/Github/CoraCiteseer/PieClam/experiments/optimization_utils_directed.py:663:::  
Repetition no. 2


/mnt/home/jcervino/Github/CoraCiteseer/PieClam/experiments/../trainer_directed.py:158:::  

Using dataset specific configuration and not global 




/mnt/home/jcervino/Github/CoraCiteseer/PieClam/experiments/../trainer_directed.py:337:::  

In function train. 
2025-12-15 11:57:35 starting optimization of ieclam on citeseer (DIRECTED) on device cuda

 configs_dict: 
{
    "clamiter_init": {
        "dim_feat": 48,
        "s_reg": 0.1,
        "l1_reg": 1,
        "T": 1,
        "hidden_dim": 64,
        "num_coupling_blocks": 32,
        "num_layers_mlp": 2
    },
    "feat_opt": {
        "lr": 5e-07,
        "n_iter": 3000,
        "early_stop": 0
    }
}


/mnt/home/jcervino/Github/CoraCiteseer/PieClam/experiments/../clamiter_directed.py:439:::  
staring fit_feats for 3000 iterations


/mnt/home/jcervino/Github/CoraCiteseer/PieClam/experiments/../trainer_directed.py:444:::  



FINISHED train 
 last accuracies:
test
key='auc': 0.5863656214516553
val
key='auc': 0.5898120727948899




/mnt/home/jcervino/Github/CoraCiteseer/PieClam/experiments/../trainer_directed.py:460:::  

train_model_on_params on ieclam citeseer 
took 17.701876878738403 seconds


/mnt/home/jcervino/Github/CoraCiteseer/PieClam/experiments/optimization_utils_directed.py:738:::  


Finished CrossVal!




/mnt/home/jcervino/Github/CoraCiteseer/PieClam/experiments/optimization_utils_directed.py:514:::  
On test set split_23-09_22-11-25 of citeseer,ieclam
 ======================


/mnt/home/jcervino/Github/CoraCiteseer/PieClam/experiments/../datasets/import_dataset.py:258:::  
end of import_dataset
citeseer 
has 4230 nodes 
and 5358 edges. 
Graph is directed
Graph has NO self loops


/mnt/home/jcervino/Github/CoraCiteseer/PieClam/experiments/optimization_utils_directed.py:638:::  
RunSaver defined to acc_configs path /mnt/home/jcervino/Github/CoraCiteseer/PieClam/experiments/results/directed/link_prediction/auc/citeseer/ieclam/split_23-09_22-11-25/valid/acc_configs11-57_15-12-25.json


/mnt/home/jcervino/Github/CoraCiteseer/PieClam/experiments/optimization_utils_directed.py:663:::  
Repetition no. 0


/mnt/home/jcervino/Github/CoraCiteseer/PieClam/experiments/../trainer_directed.py:158:::  

Using dataset specific configuration and not global 




/mnt/home/jcervino/Github/CoraCiteseer/PieClam/experiments/../trainer_directed.py:337:::  

In function train. 
2025-12-15 11:57:53 starting optimization of ieclam on citeseer (DIRECTED) on device cuda

 configs_dict: 
{
    "clamiter_init": {
        "dim_feat": 48,
        "s_reg": 0.1,
        "l1_reg": 1,
        "T": 1,
        "hidden_dim": 64,
        "num_coupling_blocks": 32,
        "num_layers_mlp": 2
    },
    "feat_opt": {
        "lr": 5e-06,
        "n_iter": 500,
        "early_stop": 0
    }
}


/mnt/home/jcervino/Github/CoraCiteseer/PieClam/experiments/../clamiter_directed.py:439:::  
staring fit_feats for 500 iterations


/mnt/home/jcervino/Github/CoraCiteseer/PieClam/experiments/../trainer_directed.py:444:::  



FINISHED train 
 last accuracies:
test
key='auc': 0.6570617521180888
val
key='auc': 0.6766283294020419




/mnt/home/jcervino/Github/CoraCiteseer/PieClam/experiments/../trainer_directed.py:460:::  

train_model_on_params on ieclam citeseer 
took 2.9826462268829346 seconds


/mnt/home/jcervino/Github/CoraCiteseer/PieClam/experiments/optimization_utils_directed.py:663:::  
Repetition no. 1


/mnt/home/jcervino/Github/CoraCiteseer/PieClam/experiments/../trainer_directed.py:158:::  

Using dataset specific configuration and not global 




/mnt/home/jcervino/Github/CoraCiteseer/PieClam/experiments/../trainer_directed.py:337:::  

In function train. 
2025-12-15 11:57:56 starting optimization of ieclam on citeseer (DIRECTED) on device cuda

 configs_dict: 
{
    "clamiter_init": {
        "dim_feat": 48,
        "s_reg": 0.1,
        "l1_reg": 1,
        "T": 1,
        "hidden_dim": 64,
        "num_coupling_blocks": 32,
        "num_layers_mlp": 2
    },
    "feat_opt": {
        "lr": 5e-06,
        "n_iter": 500,
        "early_stop": 0
    }
}


/mnt/home/jcervino/Github/CoraCiteseer/PieClam/experiments/../clamiter_directed.py:439:::  
staring fit_feats for 500 iterations


/mnt/home/jcervino/Github/CoraCiteseer/PieClam/experiments/../trainer_directed.py:444:::  



FINISHED train 
 last accuracies:
test
key='auc': 0.6464879028736136
val
key='auc': 0.6265258862622889




/mnt/home/jcervino/Github/CoraCiteseer/PieClam/experiments/../trainer_directed.py:460:::  

train_model_on_params on ieclam citeseer 
took 2.9846444129943848 seconds


/mnt/home/jcervino/Github/CoraCiteseer/PieClam/experiments/optimization_utils_directed.py:663:::  
Repetition no. 2


/mnt/home/jcervino/Github/CoraCiteseer/PieClam/experiments/../trainer_directed.py:158:::  

Using dataset specific configuration and not global 




/mnt/home/jcervino/Github/CoraCiteseer/PieClam/experiments/../trainer_directed.py:337:::  

In function train. 
2025-12-15 11:57:59 starting optimization of ieclam on citeseer (DIRECTED) on device cuda

 configs_dict: 
{
    "clamiter_init": {
        "dim_feat": 48,
        "s_reg": 0.1,
        "l1_reg": 1,
        "T": 1,
        "hidden_dim": 64,
        "num_coupling_blocks": 32,
        "num_layers_mlp": 2
    },
    "feat_opt": {
        "lr": 5e-06,
        "n_iter": 500,
        "early_stop": 0
    }
}


/mnt/home/jcervino/Github/CoraCiteseer/PieClam/experiments/../clamiter_directed.py:439:::  
staring fit_feats for 500 iterations


/mnt/home/jcervino/Github/CoraCiteseer/PieClam/experiments/../trainer_directed.py:444:::  



FINISHED train 
 last accuracies:
test
key='auc': 0.6377989344047515
val
key='auc': 0.6153970317315474




/mnt/home/jcervino/Github/CoraCiteseer/PieClam/experiments/../trainer_directed.py:460:::  

train_model_on_params on ieclam citeseer 
took 2.9724574089050293 seconds


/mnt/home/jcervino/Github/CoraCiteseer/PieClam/experiments/optimization_utils_directed.py:663:::  
Repetition no. 0


/mnt/home/jcervino/Github/CoraCiteseer/PieClam/experiments/../trainer_directed.py:158:::  

Using dataset specific configuration and not global 




/mnt/home/jcervino/Github/CoraCiteseer/PieClam/experiments/../trainer_directed.py:337:::  

In function train. 
2025-12-15 11:58:02 starting optimization of ieclam on citeseer (DIRECTED) on device cuda

 configs_dict: 
{
    "clamiter_init": {
        "dim_feat": 48,
        "s_reg": 0.0,
        "l1_reg": 1,
        "T": 1,
        "hidden_dim": 64,
        "num_coupling_blocks": 32,
        "num_layers_mlp": 2
    },
    "feat_opt": {
        "lr": 5e-06,
        "n_iter": 3000,
        "early_stop": 0
    }
}


/mnt/home/jcervino/Github/CoraCiteseer/PieClam/experiments/../clamiter_directed.py:439:::  
staring fit_feats for 3000 iterations


/mnt/home/jcervino/Github/CoraCiteseer/PieClam/experiments/../trainer_directed.py:444:::  



FINISHED train 
 last accuracies:
test
key='auc': 0.6208647043409905
val
key='auc': 0.6149687505380417




/mnt/home/jcervino/Github/CoraCiteseer/PieClam/experiments/../trainer_directed.py:460:::  

train_model_on_params on ieclam citeseer 
took 17.83661699295044 seconds


/mnt/home/jcervino/Github/CoraCiteseer/PieClam/experiments/optimization_utils_directed.py:663:::  
Repetition no. 1


/mnt/home/jcervino/Github/CoraCiteseer/PieClam/experiments/../trainer_directed.py:158:::  

Using dataset specific configuration and not global 




/mnt/home/jcervino/Github/CoraCiteseer/PieClam/experiments/../trainer_directed.py:337:::  

In function train. 
2025-12-15 11:58:20 starting optimization of ieclam on citeseer (DIRECTED) on device cuda

 configs_dict: 
{
    "clamiter_init": {
        "dim_feat": 48,
        "s_reg": 0.0,
        "l1_reg": 1,
        "T": 1,
        "hidden_dim": 64,
        "num_coupling_blocks": 32,
        "num_layers_mlp": 2
    },
    "feat_opt": {
        "lr": 5e-06,
        "n_iter": 3000,
        "early_stop": 0
    }
}


/mnt/home/jcervino/Github/CoraCiteseer/PieClam/experiments/../clamiter_directed.py:439:::  
staring fit_feats for 3000 iterations


/mnt/home/jcervino/Github/CoraCiteseer/PieClam/experiments/../trainer_directed.py:444:::  



FINISHED train 
 last accuracies:
test
key='auc': 0.6030675168136954
val
key='auc': 0.599348323892495




/mnt/home/jcervino/Github/CoraCiteseer/PieClam/experiments/../trainer_directed.py:460:::  

train_model_on_params on ieclam citeseer 
took 17.722082138061523 seconds


/mnt/home/jcervino/Github/CoraCiteseer/PieClam/experiments/optimization_utils_directed.py:663:::  
Repetition no. 2


/mnt/home/jcervino/Github/CoraCiteseer/PieClam/experiments/../trainer_directed.py:158:::  

Using dataset specific configuration and not global 




/mnt/home/jcervino/Github/CoraCiteseer/PieClam/experiments/../trainer_directed.py:337:::  

In function train. 
2025-12-15 11:58:38 starting optimization of ieclam on citeseer (DIRECTED) on device cuda

 configs_dict: 
{
    "clamiter_init": {
        "dim_feat": 48,
        "s_reg": 0.0,
        "l1_reg": 1,
        "T": 1,
        "hidden_dim": 64,
        "num_coupling_blocks": 32,
        "num_layers_mlp": 2
    },
    "feat_opt": {
        "lr": 5e-06,
        "n_iter": 3000,
        "early_stop": 0
    }
}


/mnt/home/jcervino/Github/CoraCiteseer/PieClam/experiments/../clamiter_directed.py:439:::  
staring fit_feats for 3000 iterations


/mnt/home/jcervino/Github/CoraCiteseer/PieClam/experiments/../trainer_directed.py:444:::  



FINISHED train 
 last accuracies:
test
key='auc': 0.6295519259323958
val
key='auc': 0.6053829996040013




/mnt/home/jcervino/Github/CoraCiteseer/PieClam/experiments/../trainer_directed.py:460:::  

train_model_on_params on ieclam citeseer 
took 17.7178897857666 seconds


/mnt/home/jcervino/Github/CoraCiteseer/PieClam/experiments/optimization_utils_directed.py:663:::  
Repetition no. 0


/mnt/home/jcervino/Github/CoraCiteseer/PieClam/experiments/../trainer_directed.py:158:::  

Using dataset specific configuration and not global 




/mnt/home/jcervino/Github/CoraCiteseer/PieClam/experiments/../trainer_directed.py:337:::  

In function train. 
2025-12-15 11:58:56 starting optimization of ieclam on citeseer (DIRECTED) on device cuda

 configs_dict: 
{
    "clamiter_init": {
        "dim_feat": 48,
        "s_reg": 0.0,
        "l1_reg": 1,
        "T": 1,
        "hidden_dim": 64,
        "num_coupling_blocks": 32,
        "num_layers_mlp": 2
    },
    "feat_opt": {
        "lr": 5e-07,
        "n_iter": 1000,
        "early_stop": 0
    }
}


/mnt/home/jcervino/Github/CoraCiteseer/PieClam/experiments/../clamiter_directed.py:439:::  
staring fit_feats for 1000 iterations


/mnt/home/jcervino/Github/CoraCiteseer/PieClam/experiments/../trainer_directed.py:444:::  



FINISHED train 
 last accuracies:
test
key='auc': 0.5026011005327976
val
key='auc': 0.5086904495446014




/mnt/home/jcervino/Github/CoraCiteseer/PieClam/experiments/../trainer_directed.py:460:::  

train_model_on_params on ieclam citeseer 
took 5.935969352722168 seconds


/mnt/home/jcervino/Github/CoraCiteseer/PieClam/experiments/optimization_utils_directed.py:663:::  
Repetition no. 1


/mnt/home/jcervino/Github/CoraCiteseer/PieClam/experiments/../trainer_directed.py:158:::  

Using dataset specific configuration and not global 




/mnt/home/jcervino/Github/CoraCiteseer/PieClam/experiments/../trainer_directed.py:337:::  

In function train. 
2025-12-15 11:59:02 starting optimization of ieclam on citeseer (DIRECTED) on device cuda

 configs_dict: 
{
    "clamiter_init": {
        "dim_feat": 48,
        "s_reg": 0.0,
        "l1_reg": 1,
        "T": 1,
        "hidden_dim": 64,
        "num_coupling_blocks": 32,
        "num_layers_mlp": 2
    },
    "feat_opt": {
        "lr": 5e-07,
        "n_iter": 1000,
        "early_stop": 0
    }
}


/mnt/home/jcervino/Github/CoraCiteseer/PieClam/experiments/../clamiter_directed.py:439:::  
staring fit_feats for 1000 iterations


/mnt/home/jcervino/Github/CoraCiteseer/PieClam/experiments/../trainer_directed.py:444:::  



FINISHED train 
 last accuracies:
test
key='auc': 0.5393519084636214
val
key='auc': 0.507876930493621




/mnt/home/jcervino/Github/CoraCiteseer/PieClam/experiments/../trainer_directed.py:460:::  

train_model_on_params on ieclam citeseer 
took 5.924188137054443 seconds


/mnt/home/jcervino/Github/CoraCiteseer/PieClam/experiments/optimization_utils_directed.py:663:::  
Repetition no. 2


/mnt/home/jcervino/Github/CoraCiteseer/PieClam/experiments/../trainer_directed.py:158:::  

Using dataset specific configuration and not global 




/mnt/home/jcervino/Github/CoraCiteseer/PieClam/experiments/../trainer_directed.py:337:::  

In function train. 
2025-12-15 11:59:08 starting optimization of ieclam on citeseer (DIRECTED) on device cuda

 configs_dict: 
{
    "clamiter_init": {
        "dim_feat": 48,
        "s_reg": 0.0,
        "l1_reg": 1,
        "T": 1,
        "hidden_dim": 64,
        "num_coupling_blocks": 32,
        "num_layers_mlp": 2
    },
    "feat_opt": {
        "lr": 5e-07,
        "n_iter": 1000,
        "early_stop": 0
    }
}


/mnt/home/jcervino/Github/CoraCiteseer/PieClam/experiments/../clamiter_directed.py:439:::  
staring fit_feats for 1000 iterations


/mnt/home/jcervino/Github/CoraCiteseer/PieClam/experiments/../trainer_directed.py:444:::  



FINISHED train 
 last accuracies:
test
key='auc': 0.5285492182723381
val
key='auc': 0.5080706255057592




/mnt/home/jcervino/Github/CoraCiteseer/PieClam/experiments/../trainer_directed.py:460:::  

train_model_on_params on ieclam citeseer 
took 5.9249653816223145 seconds


/mnt/home/jcervino/Github/CoraCiteseer/PieClam/experiments/optimization_utils_directed.py:663:::  
Repetition no. 0


/mnt/home/jcervino/Github/CoraCiteseer/PieClam/experiments/../trainer_directed.py:158:::  

Using dataset specific configuration and not global 




/mnt/home/jcervino/Github/CoraCiteseer/PieClam/experiments/../trainer_directed.py:337:::  

In function train. 
2025-12-15 11:59:15 starting optimization of ieclam on citeseer (DIRECTED) on device cuda

 configs_dict: 
{
    "clamiter_init": {
        "dim_feat": 48,
        "s_reg": 0.1,
        "l1_reg": 1,
        "T": 1,
        "hidden_dim": 64,
        "num_coupling_blocks": 32,
        "num_layers_mlp": 2
    },
    "feat_opt": {
        "lr": 5e-07,
        "n_iter": 1000,
        "early_stop": 0
    }
}


/mnt/home/jcervino/Github/CoraCiteseer/PieClam/experiments/../clamiter_directed.py:439:::  
staring fit_feats for 1000 iterations


/mnt/home/jcervino/Github/CoraCiteseer/PieClam/experiments/../trainer_directed.py:444:::  



FINISHED train 
 last accuracies:
test
key='auc': 0.4906769150144118
val
key='auc': 0.5228775331003255




/mnt/home/jcervino/Github/CoraCiteseer/PieClam/experiments/../trainer_directed.py:460:::  

train_model_on_params on ieclam citeseer 
took 5.963913202285767 seconds


/mnt/home/jcervino/Github/CoraCiteseer/PieClam/experiments/optimization_utils_directed.py:663:::  
Repetition no. 1


/mnt/home/jcervino/Github/CoraCiteseer/PieClam/experiments/../trainer_directed.py:158:::  

Using dataset specific configuration and not global 




/mnt/home/jcervino/Github/CoraCiteseer/PieClam/experiments/../trainer_directed.py:337:::  

In function train. 
2025-12-15 11:59:21 starting optimization of ieclam on citeseer (DIRECTED) on device cuda

 configs_dict: 
{
    "clamiter_init": {
        "dim_feat": 48,
        "s_reg": 0.1,
        "l1_reg": 1,
        "T": 1,
        "hidden_dim": 64,
        "num_coupling_blocks": 32,
        "num_layers_mlp": 2
    },
    "feat_opt": {
        "lr": 5e-07,
        "n_iter": 1000,
        "early_stop": 0
    }
}


/mnt/home/jcervino/Github/CoraCiteseer/PieClam/experiments/../clamiter_directed.py:439:::  
staring fit_feats for 1000 iterations


/mnt/home/jcervino/Github/CoraCiteseer/PieClam/experiments/../trainer_directed.py:444:::  



FINISHED train 
 last accuracies:
test
key='auc': 0.5222604594287711
val
key='auc': 0.5495084451025293




/mnt/home/jcervino/Github/CoraCiteseer/PieClam/experiments/../trainer_directed.py:460:::  

train_model_on_params on ieclam citeseer 
took 5.941504716873169 seconds


/mnt/home/jcervino/Github/CoraCiteseer/PieClam/experiments/optimization_utils_directed.py:663:::  
Repetition no. 2


/mnt/home/jcervino/Github/CoraCiteseer/PieClam/experiments/../trainer_directed.py:158:::  

Using dataset specific configuration and not global 




/mnt/home/jcervino/Github/CoraCiteseer/PieClam/experiments/../trainer_directed.py:337:::  

In function train. 
2025-12-15 11:59:27 starting optimization of ieclam on citeseer (DIRECTED) on device cuda

 configs_dict: 
{
    "clamiter_init": {
        "dim_feat": 48,
        "s_reg": 0.1,
        "l1_reg": 1,
        "T": 1,
        "hidden_dim": 64,
        "num_coupling_blocks": 32,
        "num_layers_mlp": 2
    },
    "feat_opt": {
        "lr": 5e-07,
        "n_iter": 1000,
        "early_stop": 0
    }
}


/mnt/home/jcervino/Github/CoraCiteseer/PieClam/experiments/../clamiter_directed.py:439:::  
staring fit_feats for 1000 iterations


/mnt/home/jcervino/Github/CoraCiteseer/PieClam/experiments/../trainer_directed.py:444:::  



FINISHED train 
 last accuracies:
test
key='auc': 0.5152275307887152
val
key='auc': 0.5119402214149205




/mnt/home/jcervino/Github/CoraCiteseer/PieClam/experiments/../trainer_directed.py:460:::  

train_model_on_params on ieclam citeseer 
took 5.921745777130127 seconds


/mnt/home/jcervino/Github/CoraCiteseer/PieClam/experiments/optimization_utils_directed.py:663:::  
Repetition no. 0


/mnt/home/jcervino/Github/CoraCiteseer/PieClam/experiments/../trainer_directed.py:158:::  

Using dataset specific configuration and not global 




/mnt/home/jcervino/Github/CoraCiteseer/PieClam/experiments/../trainer_directed.py:337:::  

In function train. 
2025-12-15 11:59:33 starting optimization of ieclam on citeseer (DIRECTED) on device cuda

 configs_dict: 
{
    "clamiter_init": {
        "dim_feat": 48,
        "s_reg": 0.1,
        "l1_reg": 1,
        "T": 1,
        "hidden_dim": 64,
        "num_coupling_blocks": 32,
        "num_layers_mlp": 2
    },
    "feat_opt": {
        "lr": 5e-06,
        "n_iter": 1000,
        "early_stop": 0
    }
}


/mnt/home/jcervino/Github/CoraCiteseer/PieClam/experiments/../clamiter_directed.py:439:::  
staring fit_feats for 1000 iterations


/mnt/home/jcervino/Github/CoraCiteseer/PieClam/experiments/../trainer_directed.py:444:::  



FINISHED train 
 last accuracies:
test
key='auc': 0.6784575072058695
val
key='auc': 0.6570522201752724




/mnt/home/jcervino/Github/CoraCiteseer/PieClam/experiments/../trainer_directed.py:460:::  

train_model_on_params on ieclam citeseer 
took 5.919878005981445 seconds


/mnt/home/jcervino/Github/CoraCiteseer/PieClam/experiments/optimization_utils_directed.py:663:::  
Repetition no. 1


/mnt/home/jcervino/Github/CoraCiteseer/PieClam/experiments/../trainer_directed.py:158:::  

Using dataset specific configuration and not global 




/mnt/home/jcervino/Github/CoraCiteseer/PieClam/experiments/../trainer_directed.py:337:::  

In function train. 
2025-12-15 11:59:39 starting optimization of ieclam on citeseer (DIRECTED) on device cuda

 configs_dict: 
{
    "clamiter_init": {
        "dim_feat": 48,
        "s_reg": 0.1,
        "l1_reg": 1,
        "T": 1,
        "hidden_dim": 64,
        "num_coupling_blocks": 32,
        "num_layers_mlp": 2
    },
    "feat_opt": {
        "lr": 5e-06,
        "n_iter": 1000,
        "early_stop": 0
    }
}


/mnt/home/jcervino/Github/CoraCiteseer/PieClam/experiments/../clamiter_directed.py:439:::  
staring fit_feats for 1000 iterations


/mnt/home/jcervino/Github/CoraCiteseer/PieClam/experiments/../trainer_directed.py:444:::  



FINISHED train 
 last accuracies:
test
key='auc': 0.6434553236090489
val
key='auc': 0.6718720407706479




/mnt/home/jcervino/Github/CoraCiteseer/PieClam/experiments/../trainer_directed.py:460:::  

train_model_on_params on ieclam citeseer 
took 5.922560214996338 seconds


/mnt/home/jcervino/Github/CoraCiteseer/PieClam/experiments/optimization_utils_directed.py:663:::  
Repetition no. 2


/mnt/home/jcervino/Github/CoraCiteseer/PieClam/experiments/../trainer_directed.py:158:::  

Using dataset specific configuration and not global 




/mnt/home/jcervino/Github/CoraCiteseer/PieClam/experiments/../trainer_directed.py:337:::  

In function train. 
2025-12-15 11:59:45 starting optimization of ieclam on citeseer (DIRECTED) on device cuda

 configs_dict: 
{
    "clamiter_init": {
        "dim_feat": 48,
        "s_reg": 0.1,
        "l1_reg": 1,
        "T": 1,
        "hidden_dim": 64,
        "num_coupling_blocks": 32,
        "num_layers_mlp": 2
    },
    "feat_opt": {
        "lr": 5e-06,
        "n_iter": 1000,
        "early_stop": 0
    }
}


/mnt/home/jcervino/Github/CoraCiteseer/PieClam/experiments/../clamiter_directed.py:439:::  
staring fit_feats for 1000 iterations


/mnt/home/jcervino/Github/CoraCiteseer/PieClam/experiments/../trainer_directed.py:444:::  



FINISHED train 
 last accuracies:
test
key='auc': 0.6487728185867762
val
key='auc': 0.6671501868080784




/mnt/home/jcervino/Github/CoraCiteseer/PieClam/experiments/../trainer_directed.py:460:::  

train_model_on_params on ieclam citeseer 
took 5.912009239196777 seconds


/mnt/home/jcervino/Github/CoraCiteseer/PieClam/experiments/optimization_utils_directed.py:663:::  
Repetition no. 0


/mnt/home/jcervino/Github/CoraCiteseer/PieClam/experiments/../trainer_directed.py:158:::  

Using dataset specific configuration and not global 




/mnt/home/jcervino/Github/CoraCiteseer/PieClam/experiments/../trainer_directed.py:337:::  

In function train. 
2025-12-15 11:59:51 starting optimization of ieclam on citeseer (DIRECTED) on device cuda

 configs_dict: 
{
    "clamiter_init": {
        "dim_feat": 48,
        "s_reg": 0.1,
        "l1_reg": 1,
        "T": 1,
        "hidden_dim": 64,
        "num_coupling_blocks": 32,
        "num_layers_mlp": 2
    },
    "feat_opt": {
        "lr": 5e-07,
        "n_iter": 500,
        "early_stop": 0
    }
}


/mnt/home/jcervino/Github/CoraCiteseer/PieClam/experiments/../clamiter_directed.py:439:::  
staring fit_feats for 500 iterations


/mnt/home/jcervino/Github/CoraCiteseer/PieClam/experiments/../trainer_directed.py:444:::  



FINISHED train 
 last accuracies:
test
key='auc': 0.512586252074417
val
key='auc': 0.521642189356244




/mnt/home/jcervino/Github/CoraCiteseer/PieClam/experiments/../trainer_directed.py:460:::  

train_model_on_params on ieclam citeseer 
took 2.976766586303711 seconds


/mnt/home/jcervino/Github/CoraCiteseer/PieClam/experiments/optimization_utils_directed.py:663:::  
Repetition no. 1


/mnt/home/jcervino/Github/CoraCiteseer/PieClam/experiments/../trainer_directed.py:158:::  

Using dataset specific configuration and not global 




/mnt/home/jcervino/Github/CoraCiteseer/PieClam/experiments/../trainer_directed.py:337:::  

In function train. 
2025-12-15 11:59:54 starting optimization of ieclam on citeseer (DIRECTED) on device cuda

 configs_dict: 
{
    "clamiter_init": {
        "dim_feat": 48,
        "s_reg": 0.1,
        "l1_reg": 1,
        "T": 1,
        "hidden_dim": 64,
        "num_coupling_blocks": 32,
        "num_layers_mlp": 2
    },
    "feat_opt": {
        "lr": 5e-07,
        "n_iter": 500,
        "early_stop": 0
    }
}


/mnt/home/jcervino/Github/CoraCiteseer/PieClam/experiments/../clamiter_directed.py:439:::  
staring fit_feats for 500 iterations


/mnt/home/jcervino/Github/CoraCiteseer/PieClam/experiments/../trainer_directed.py:444:::  



FINISHED train 
 last accuracies:
test
key='auc': 0.5126456459079396
val
key='auc': 0.5211816256607151




/mnt/home/jcervino/Github/CoraCiteseer/PieClam/experiments/../trainer_directed.py:460:::  

train_model_on_params on ieclam citeseer 
took 2.978213310241699 seconds


/mnt/home/jcervino/Github/CoraCiteseer/PieClam/experiments/optimization_utils_directed.py:663:::  
Repetition no. 2


/mnt/home/jcervino/Github/CoraCiteseer/PieClam/experiments/../trainer_directed.py:158:::  

Using dataset specific configuration and not global 




/mnt/home/jcervino/Github/CoraCiteseer/PieClam/experiments/../trainer_directed.py:337:::  

In function train. 
2025-12-15 11:59:57 starting optimization of ieclam on citeseer (DIRECTED) on device cuda

 configs_dict: 
{
    "clamiter_init": {
        "dim_feat": 48,
        "s_reg": 0.1,
        "l1_reg": 1,
        "T": 1,
        "hidden_dim": 64,
        "num_coupling_blocks": 32,
        "num_layers_mlp": 2
    },
    "feat_opt": {
        "lr": 5e-07,
        "n_iter": 500,
        "early_stop": 0
    }
}


/mnt/home/jcervino/Github/CoraCiteseer/PieClam/experiments/../clamiter_directed.py:439:::  
staring fit_feats for 500 iterations


/mnt/home/jcervino/Github/CoraCiteseer/PieClam/experiments/../trainer_directed.py:444:::  



FINISHED train 
 last accuracies:
test
key='auc': 0.5275115730631497
val
key='auc': 0.5446703741326767




/mnt/home/jcervino/Github/CoraCiteseer/PieClam/experiments/../trainer_directed.py:460:::  

train_model_on_params on ieclam citeseer 
took 2.9797959327697754 seconds


/mnt/home/jcervino/Github/CoraCiteseer/PieClam/experiments/optimization_utils_directed.py:663:::  
Repetition no. 0


/mnt/home/jcervino/Github/CoraCiteseer/PieClam/experiments/../trainer_directed.py:158:::  

Using dataset specific configuration and not global 




/mnt/home/jcervino/Github/CoraCiteseer/PieClam/experiments/../trainer_directed.py:337:::  

In function train. 
2025-12-15 12:00:01 starting optimization of ieclam on citeseer (DIRECTED) on device cuda

 configs_dict: 
{
    "clamiter_init": {
        "dim_feat": 48,
        "s_reg": 0.1,
        "l1_reg": 1,
        "T": 1,
        "hidden_dim": 64,
        "num_coupling_blocks": 32,
        "num_layers_mlp": 2
    },
    "feat_opt": {
        "lr": 5e-06,
        "n_iter": 3000,
        "early_stop": 0
    }
}


/mnt/home/jcervino/Github/CoraCiteseer/PieClam/experiments/../clamiter_directed.py:439:::  
staring fit_feats for 3000 iterations


/mnt/home/jcervino/Github/CoraCiteseer/PieClam/experiments/../trainer_directed.py:444:::  



FINISHED train 
 last accuracies:
test
key='auc': 0.6266084374181152
val
key='auc': 0.6194280401508238




/mnt/home/jcervino/Github/CoraCiteseer/PieClam/experiments/../trainer_directed.py:460:::  

train_model_on_params on ieclam citeseer 
took 17.787932872772217 seconds


/mnt/home/jcervino/Github/CoraCiteseer/PieClam/experiments/optimization_utils_directed.py:663:::  
Repetition no. 1


/mnt/home/jcervino/Github/CoraCiteseer/PieClam/experiments/../trainer_directed.py:158:::  

Using dataset specific configuration and not global 




/mnt/home/jcervino/Github/CoraCiteseer/PieClam/experiments/../trainer_directed.py:337:::  

In function train. 
2025-12-15 12:00:18 starting optimization of ieclam on citeseer (DIRECTED) on device cuda

 configs_dict: 
{
    "clamiter_init": {
        "dim_feat": 48,
        "s_reg": 0.1,
        "l1_reg": 1,
        "T": 1,
        "hidden_dim": 64,
        "num_coupling_blocks": 32,
        "num_layers_mlp": 2
    },
    "feat_opt": {
        "lr": 5e-06,
        "n_iter": 3000,
        "early_stop": 0
    }
}


/mnt/home/jcervino/Github/CoraCiteseer/PieClam/experiments/../clamiter_directed.py:439:::  
staring fit_feats for 3000 iterations


/mnt/home/jcervino/Github/CoraCiteseer/PieClam/experiments/../trainer_directed.py:444:::  



FINISHED train 
 last accuracies:
test
key='auc': 0.5936815442396716
val
key='auc': 0.6078666000929736




/mnt/home/jcervino/Github/CoraCiteseer/PieClam/experiments/../trainer_directed.py:460:::  

train_model_on_params on ieclam citeseer 
took 17.732798099517822 seconds


/mnt/home/jcervino/Github/CoraCiteseer/PieClam/experiments/optimization_utils_directed.py:663:::  
Repetition no. 2


/mnt/home/jcervino/Github/CoraCiteseer/PieClam/experiments/../trainer_directed.py:158:::  

Using dataset specific configuration and not global 




/mnt/home/jcervino/Github/CoraCiteseer/PieClam/experiments/../trainer_directed.py:337:::  

In function train. 
2025-12-15 12:00:36 starting optimization of ieclam on citeseer (DIRECTED) on device cuda

 configs_dict: 
{
    "clamiter_init": {
        "dim_feat": 48,
        "s_reg": 0.1,
        "l1_reg": 1,
        "T": 1,
        "hidden_dim": 64,
        "num_coupling_blocks": 32,
        "num_layers_mlp": 2
    },
    "feat_opt": {
        "lr": 5e-06,
        "n_iter": 3000,
        "early_stop": 0
    }
}


/mnt/home/jcervino/Github/CoraCiteseer/PieClam/experiments/../clamiter_directed.py:439:::  
staring fit_feats for 3000 iterations


/mnt/home/jcervino/Github/CoraCiteseer/PieClam/experiments/../trainer_directed.py:444:::  



FINISHED train 
 last accuracies:
test
key='auc': 0.614750633243078
val
key='auc': 0.6258414972194005




/mnt/home/jcervino/Github/CoraCiteseer/PieClam/experiments/../trainer_directed.py:460:::  

train_model_on_params on ieclam citeseer 
took 17.737934350967407 seconds


/mnt/home/jcervino/Github/CoraCiteseer/PieClam/experiments/optimization_utils_directed.py:663:::  
Repetition no. 0


/mnt/home/jcervino/Github/CoraCiteseer/PieClam/experiments/../trainer_directed.py:158:::  

Using dataset specific configuration and not global 




/mnt/home/jcervino/Github/CoraCiteseer/PieClam/experiments/../trainer_directed.py:337:::  

In function train. 
2025-12-15 12:00:54 starting optimization of ieclam on citeseer (DIRECTED) on device cuda

 configs_dict: 
{
    "clamiter_init": {
        "dim_feat": 48,
        "s_reg": 0.0,
        "l1_reg": 1,
        "T": 1,
        "hidden_dim": 64,
        "num_coupling_blocks": 32,
        "num_layers_mlp": 2
    },
    "feat_opt": {
        "lr": 5e-06,
        "n_iter": 1000,
        "early_stop": 0
    }
}


/mnt/home/jcervino/Github/CoraCiteseer/PieClam/experiments/../clamiter_directed.py:439:::  
staring fit_feats for 1000 iterations


/mnt/home/jcervino/Github/CoraCiteseer/PieClam/experiments/../trainer_directed.py:444:::  



FINISHED train 
 last accuracies:
test
key='auc': 0.6536029347541269
val
key='auc': 0.6691560062671098




/mnt/home/jcervino/Github/CoraCiteseer/PieClam/experiments/../trainer_directed.py:460:::  

train_model_on_params on ieclam citeseer 
took 5.955069065093994 seconds


/mnt/home/jcervino/Github/CoraCiteseer/PieClam/experiments/optimization_utils_directed.py:663:::  
Repetition no. 1


/mnt/home/jcervino/Github/CoraCiteseer/PieClam/experiments/../trainer_directed.py:158:::  

Using dataset specific configuration and not global 




/mnt/home/jcervino/Github/CoraCiteseer/PieClam/experiments/../trainer_directed.py:337:::  

In function train. 
2025-12-15 12:01:00 starting optimization of ieclam on citeseer (DIRECTED) on device cuda

 configs_dict: 
{
    "clamiter_init": {
        "dim_feat": 48,
        "s_reg": 0.0,
        "l1_reg": 1,
        "T": 1,
        "hidden_dim": 64,
        "num_coupling_blocks": 32,
        "num_layers_mlp": 2
    },
    "feat_opt": {
        "lr": 5e-06,
        "n_iter": 1000,
        "early_stop": 0
    }
}


/mnt/home/jcervino/Github/CoraCiteseer/PieClam/experiments/../clamiter_directed.py:439:::  
staring fit_feats for 1000 iterations


/mnt/home/jcervino/Github/CoraCiteseer/PieClam/experiments/../trainer_directed.py:444:::  



FINISHED train 
 last accuracies:
test
key='auc': 0.6623495501790551
val
key='auc': 0.657387958196312




/mnt/home/jcervino/Github/CoraCiteseer/PieClam/experiments/../trainer_directed.py:460:::  

train_model_on_params on ieclam citeseer 
took 5.913696527481079 seconds


/mnt/home/jcervino/Github/CoraCiteseer/PieClam/experiments/optimization_utils_directed.py:663:::  
Repetition no. 2


/mnt/home/jcervino/Github/CoraCiteseer/PieClam/experiments/../trainer_directed.py:158:::  

Using dataset specific configuration and not global 




/mnt/home/jcervino/Github/CoraCiteseer/PieClam/experiments/../trainer_directed.py:337:::  

In function train. 
2025-12-15 12:01:06 starting optimization of ieclam on citeseer (DIRECTED) on device cuda

 configs_dict: 
{
    "clamiter_init": {
        "dim_feat": 48,
        "s_reg": 0.0,
        "l1_reg": 1,
        "T": 1,
        "hidden_dim": 64,
        "num_coupling_blocks": 32,
        "num_layers_mlp": 2
    },
    "feat_opt": {
        "lr": 5e-06,
        "n_iter": 1000,
        "early_stop": 0
    }
}


/mnt/home/jcervino/Github/CoraCiteseer/PieClam/experiments/../clamiter_directed.py:439:::  
staring fit_feats for 1000 iterations


/mnt/home/jcervino/Github/CoraCiteseer/PieClam/experiments/../trainer_directed.py:444:::  



FINISHED train 
 last accuracies:
test
key='auc': 0.6894139226133287
val
key='auc': 0.6662936244210671




/mnt/home/jcervino/Github/CoraCiteseer/PieClam/experiments/../trainer_directed.py:460:::  

train_model_on_params on ieclam citeseer 
took 5.926307678222656 seconds


/mnt/home/jcervino/Github/CoraCiteseer/PieClam/experiments/optimization_utils_directed.py:663:::  
Repetition no. 0


/mnt/home/jcervino/Github/CoraCiteseer/PieClam/experiments/../trainer_directed.py:158:::  

Using dataset specific configuration and not global 




/mnt/home/jcervino/Github/CoraCiteseer/PieClam/experiments/../trainer_directed.py:337:::  

In function train. 
2025-12-15 12:01:12 starting optimization of ieclam on citeseer (DIRECTED) on device cuda

 configs_dict: 
{
    "clamiter_init": {
        "dim_feat": 48,
        "s_reg": 0.0,
        "l1_reg": 1,
        "T": 1,
        "hidden_dim": 64,
        "num_coupling_blocks": 32,
        "num_layers_mlp": 2
    },
    "feat_opt": {
        "lr": 5e-07,
        "n_iter": 3000,
        "early_stop": 0
    }
}


/mnt/home/jcervino/Github/CoraCiteseer/PieClam/experiments/../clamiter_directed.py:439:::  
staring fit_feats for 3000 iterations


/mnt/home/jcervino/Github/CoraCiteseer/PieClam/experiments/../trainer_directed.py:444:::  



FINISHED train 
 last accuracies:
test
key='auc': 0.5690680408769324
val
key='auc': 0.5887704240629467




/mnt/home/jcervino/Github/CoraCiteseer/PieClam/experiments/../trainer_directed.py:460:::  

train_model_on_params on ieclam citeseer 
took 17.773800373077393 seconds


/mnt/home/jcervino/Github/CoraCiteseer/PieClam/experiments/optimization_utils_directed.py:663:::  
Repetition no. 1


/mnt/home/jcervino/Github/CoraCiteseer/PieClam/experiments/../trainer_directed.py:158:::  

Using dataset specific configuration and not global 




/mnt/home/jcervino/Github/CoraCiteseer/PieClam/experiments/../trainer_directed.py:337:::  

In function train. 
2025-12-15 12:01:30 starting optimization of ieclam on citeseer (DIRECTED) on device cuda

 configs_dict: 
{
    "clamiter_init": {
        "dim_feat": 48,
        "s_reg": 0.0,
        "l1_reg": 1,
        "T": 1,
        "hidden_dim": 64,
        "num_coupling_blocks": 32,
        "num_layers_mlp": 2
    },
    "feat_opt": {
        "lr": 5e-07,
        "n_iter": 3000,
        "early_stop": 0
    }
}


/mnt/home/jcervino/Github/CoraCiteseer/PieClam/experiments/../clamiter_directed.py:439:::  
staring fit_feats for 3000 iterations


/mnt/home/jcervino/Github/CoraCiteseer/PieClam/experiments/../trainer_directed.py:444:::  



FINISHED train 
 last accuracies:
test
key='auc': 0.604775962966198
val
key='auc': 0.5649696114047623




/mnt/home/jcervino/Github/CoraCiteseer/PieClam/experiments/../trainer_directed.py:460:::  

train_model_on_params on ieclam citeseer 
took 17.720194578170776 seconds


/mnt/home/jcervino/Github/CoraCiteseer/PieClam/experiments/optimization_utils_directed.py:663:::  
Repetition no. 2


/mnt/home/jcervino/Github/CoraCiteseer/PieClam/experiments/../trainer_directed.py:158:::  

Using dataset specific configuration and not global 




/mnt/home/jcervino/Github/CoraCiteseer/PieClam/experiments/../trainer_directed.py:337:::  

In function train. 
2025-12-15 12:01:48 starting optimization of ieclam on citeseer (DIRECTED) on device cuda

 configs_dict: 
{
    "clamiter_init": {
        "dim_feat": 48,
        "s_reg": 0.0,
        "l1_reg": 1,
        "T": 1,
        "hidden_dim": 64,
        "num_coupling_blocks": 32,
        "num_layers_mlp": 2
    },
    "feat_opt": {
        "lr": 5e-07,
        "n_iter": 3000,
        "early_stop": 0
    }
}


/mnt/home/jcervino/Github/CoraCiteseer/PieClam/experiments/../clamiter_directed.py:439:::  
staring fit_feats for 3000 iterations


/mnt/home/jcervino/Github/CoraCiteseer/PieClam/experiments/../trainer_directed.py:444:::  



FINISHED train 
 last accuracies:
test
key='auc': 0.5906507118525635
val
key='auc': 0.5505178113324495




/mnt/home/jcervino/Github/CoraCiteseer/PieClam/experiments/../trainer_directed.py:460:::  

train_model_on_params on ieclam citeseer 
took 17.70571732521057 seconds


/mnt/home/jcervino/Github/CoraCiteseer/PieClam/experiments/optimization_utils_directed.py:663:::  
Repetition no. 0


/mnt/home/jcervino/Github/CoraCiteseer/PieClam/experiments/../trainer_directed.py:158:::  

Using dataset specific configuration and not global 




/mnt/home/jcervino/Github/CoraCiteseer/PieClam/experiments/../trainer_directed.py:337:::  

In function train. 
2025-12-15 12:02:06 starting optimization of ieclam on citeseer (DIRECTED) on device cuda

 configs_dict: 
{
    "clamiter_init": {
        "dim_feat": 48,
        "s_reg": 0.0,
        "l1_reg": 1,
        "T": 1,
        "hidden_dim": 64,
        "num_coupling_blocks": 32,
        "num_layers_mlp": 2
    },
    "feat_opt": {
        "lr": 5e-07,
        "n_iter": 500,
        "early_stop": 0
    }
}


/mnt/home/jcervino/Github/CoraCiteseer/PieClam/experiments/../clamiter_directed.py:439:::  
staring fit_feats for 500 iterations


/mnt/home/jcervino/Github/CoraCiteseer/PieClam/experiments/../trainer_directed.py:444:::  



FINISHED train 
 last accuracies:
test
key='auc': 0.5054170669927505
val
key='auc': 0.5287142094660905




/mnt/home/jcervino/Github/CoraCiteseer/PieClam/experiments/../trainer_directed.py:460:::  

train_model_on_params on ieclam citeseer 
took 2.9770877361297607 seconds


/mnt/home/jcervino/Github/CoraCiteseer/PieClam/experiments/optimization_utils_directed.py:663:::  
Repetition no. 1


/mnt/home/jcervino/Github/CoraCiteseer/PieClam/experiments/../trainer_directed.py:158:::  

Using dataset specific configuration and not global 




/mnt/home/jcervino/Github/CoraCiteseer/PieClam/experiments/../trainer_directed.py:337:::  

In function train. 
2025-12-15 12:02:09 starting optimization of ieclam on citeseer (DIRECTED) on device cuda

 configs_dict: 
{
    "clamiter_init": {
        "dim_feat": 48,
        "s_reg": 0.0,
        "l1_reg": 1,
        "T": 1,
        "hidden_dim": 64,
        "num_coupling_blocks": 32,
        "num_layers_mlp": 2
    },
    "feat_opt": {
        "lr": 5e-07,
        "n_iter": 500,
        "early_stop": 0
    }
}


/mnt/home/jcervino/Github/CoraCiteseer/PieClam/experiments/../clamiter_directed.py:439:::  
staring fit_feats for 500 iterations


/mnt/home/jcervino/Github/CoraCiteseer/PieClam/experiments/../trainer_directed.py:444:::  



FINISHED train 
 last accuracies:
test
key='auc': 0.5072198445279064
val
key='auc': 0.5194082402162497




/mnt/home/jcervino/Github/CoraCiteseer/PieClam/experiments/../trainer_directed.py:460:::  

train_model_on_params on ieclam citeseer 
took 2.9725522994995117 seconds


/mnt/home/jcervino/Github/CoraCiteseer/PieClam/experiments/optimization_utils_directed.py:663:::  
Repetition no. 2


/mnt/home/jcervino/Github/CoraCiteseer/PieClam/experiments/../trainer_directed.py:158:::  

Using dataset specific configuration and not global 




/mnt/home/jcervino/Github/CoraCiteseer/PieClam/experiments/../trainer_directed.py:337:::  

In function train. 
2025-12-15 12:02:12 starting optimization of ieclam on citeseer (DIRECTED) on device cuda

 configs_dict: 
{
    "clamiter_init": {
        "dim_feat": 48,
        "s_reg": 0.0,
        "l1_reg": 1,
        "T": 1,
        "hidden_dim": 64,
        "num_coupling_blocks": 32,
        "num_layers_mlp": 2
    },
    "feat_opt": {
        "lr": 5e-07,
        "n_iter": 500,
        "early_stop": 0
    }
}


/mnt/home/jcervino/Github/CoraCiteseer/PieClam/experiments/../clamiter_directed.py:439:::  
staring fit_feats for 500 iterations


/mnt/home/jcervino/Github/CoraCiteseer/PieClam/experiments/../trainer_directed.py:444:::  



FINISHED train 
 last accuracies:
test
key='auc': 0.5403371473491134
val
key='auc': 0.5324977187031903




/mnt/home/jcervino/Github/CoraCiteseer/PieClam/experiments/../trainer_directed.py:460:::  

train_model_on_params on ieclam citeseer 
took 2.975222587585449 seconds


/mnt/home/jcervino/Github/CoraCiteseer/PieClam/experiments/optimization_utils_directed.py:663:::  
Repetition no. 0


/mnt/home/jcervino/Github/CoraCiteseer/PieClam/experiments/../trainer_directed.py:158:::  

Using dataset specific configuration and not global 




/mnt/home/jcervino/Github/CoraCiteseer/PieClam/experiments/../trainer_directed.py:337:::  

In function train. 
2025-12-15 12:02:16 starting optimization of ieclam on citeseer (DIRECTED) on device cuda

 configs_dict: 
{
    "clamiter_init": {
        "dim_feat": 48,
        "s_reg": 0.0,
        "l1_reg": 1,
        "T": 1,
        "hidden_dim": 64,
        "num_coupling_blocks": 32,
        "num_layers_mlp": 2
    },
    "feat_opt": {
        "lr": 5e-06,
        "n_iter": 500,
        "early_stop": 0
    }
}


/mnt/home/jcervino/Github/CoraCiteseer/PieClam/experiments/../clamiter_directed.py:439:::  
staring fit_feats for 500 iterations


/mnt/home/jcervino/Github/CoraCiteseer/PieClam/experiments/../trainer_directed.py:444:::  



FINISHED train 
 last accuracies:
test
key='auc': 0.6986531574810025
val
key='auc': 0.685385496117491




/mnt/home/jcervino/Github/CoraCiteseer/PieClam/experiments/../trainer_directed.py:460:::  

train_model_on_params on ieclam citeseer 
took 2.995547294616699 seconds


/mnt/home/jcervino/Github/CoraCiteseer/PieClam/experiments/optimization_utils_directed.py:663:::  
Repetition no. 1


/mnt/home/jcervino/Github/CoraCiteseer/PieClam/experiments/../trainer_directed.py:158:::  

Using dataset specific configuration and not global 




/mnt/home/jcervino/Github/CoraCiteseer/PieClam/experiments/../trainer_directed.py:337:::  

In function train. 
2025-12-15 12:02:19 starting optimization of ieclam on citeseer (DIRECTED) on device cuda

 configs_dict: 
{
    "clamiter_init": {
        "dim_feat": 48,
        "s_reg": 0.0,
        "l1_reg": 1,
        "T": 1,
        "hidden_dim": 64,
        "num_coupling_blocks": 32,
        "num_layers_mlp": 2
    },
    "feat_opt": {
        "lr": 5e-06,
        "n_iter": 500,
        "early_stop": 0
    }
}


/mnt/home/jcervino/Github/CoraCiteseer/PieClam/experiments/../clamiter_directed.py:439:::  
staring fit_feats for 500 iterations


/mnt/home/jcervino/Github/CoraCiteseer/PieClam/experiments/../trainer_directed.py:444:::  



FINISHED train 
 last accuracies:
test
key='auc': 0.6276949951960871
val
key='auc': 0.6425767462681429




/mnt/home/jcervino/Github/CoraCiteseer/PieClam/experiments/../trainer_directed.py:460:::  

train_model_on_params on ieclam citeseer 
took 2.975139617919922 seconds


/mnt/home/jcervino/Github/CoraCiteseer/PieClam/experiments/optimization_utils_directed.py:663:::  
Repetition no. 2


/mnt/home/jcervino/Github/CoraCiteseer/PieClam/experiments/../trainer_directed.py:158:::  

Using dataset specific configuration and not global 




/mnt/home/jcervino/Github/CoraCiteseer/PieClam/experiments/../trainer_directed.py:337:::  

In function train. 
2025-12-15 12:02:22 starting optimization of ieclam on citeseer (DIRECTED) on device cuda

 configs_dict: 
{
    "clamiter_init": {
        "dim_feat": 48,
        "s_reg": 0.0,
        "l1_reg": 1,
        "T": 1,
        "hidden_dim": 64,
        "num_coupling_blocks": 32,
        "num_layers_mlp": 2
    },
    "feat_opt": {
        "lr": 5e-06,
        "n_iter": 500,
        "early_stop": 0
    }
}


/mnt/home/jcervino/Github/CoraCiteseer/PieClam/experiments/../clamiter_directed.py:439:::  
staring fit_feats for 500 iterations


/mnt/home/jcervino/Github/CoraCiteseer/PieClam/experiments/../trainer_directed.py:444:::  



FINISHED train 
 last accuracies:
test
key='auc': 0.6562616822429906
val
key='auc': 0.6550507050498441




/mnt/home/jcervino/Github/CoraCiteseer/PieClam/experiments/../trainer_directed.py:460:::  

train_model_on_params on ieclam citeseer 
took 2.975494384765625 seconds


/mnt/home/jcervino/Github/CoraCiteseer/PieClam/experiments/optimization_utils_directed.py:663:::  
Repetition no. 0


/mnt/home/jcervino/Github/CoraCiteseer/PieClam/experiments/../trainer_directed.py:158:::  

Using dataset specific configuration and not global 




/mnt/home/jcervino/Github/CoraCiteseer/PieClam/experiments/../trainer_directed.py:337:::  

In function train. 
2025-12-15 12:02:25 starting optimization of ieclam on citeseer (DIRECTED) on device cuda

 configs_dict: 
{
    "clamiter_init": {
        "dim_feat": 48,
        "s_reg": 0.1,
        "l1_reg": 1,
        "T": 1,
        "hidden_dim": 64,
        "num_coupling_blocks": 32,
        "num_layers_mlp": 2
    },
    "feat_opt": {
        "lr": 5e-07,
        "n_iter": 3000,
        "early_stop": 0
    }
}


/mnt/home/jcervino/Github/CoraCiteseer/PieClam/experiments/../clamiter_directed.py:439:::  
staring fit_feats for 3000 iterations


/mnt/home/jcervino/Github/CoraCiteseer/PieClam/experiments/../trainer_directed.py:444:::  



FINISHED train 
 last accuracies:
test
key='auc': 0.5837750021835968
val
key='auc': 0.5877180144969956




/mnt/home/jcervino/Github/CoraCiteseer/PieClam/experiments/../trainer_directed.py:460:::  

train_model_on_params on ieclam citeseer 
took 17.74215793609619 seconds


/mnt/home/jcervino/Github/CoraCiteseer/PieClam/experiments/optimization_utils_directed.py:663:::  
Repetition no. 1


/mnt/home/jcervino/Github/CoraCiteseer/PieClam/experiments/../trainer_directed.py:158:::  

Using dataset specific configuration and not global 




/mnt/home/jcervino/Github/CoraCiteseer/PieClam/experiments/../trainer_directed.py:337:::  

In function train. 
2025-12-15 12:02:43 starting optimization of ieclam on citeseer (DIRECTED) on device cuda

 configs_dict: 
{
    "clamiter_init": {
        "dim_feat": 48,
        "s_reg": 0.1,
        "l1_reg": 1,
        "T": 1,
        "hidden_dim": 64,
        "num_coupling_blocks": 32,
        "num_layers_mlp": 2
    },
    "feat_opt": {
        "lr": 5e-07,
        "n_iter": 3000,
        "early_stop": 0
    }
}


/mnt/home/jcervino/Github/CoraCiteseer/PieClam/experiments/../clamiter_directed.py:439:::  
staring fit_feats for 3000 iterations


/mnt/home/jcervino/Github/CoraCiteseer/PieClam/experiments/../trainer_directed.py:444:::  



FINISHED train 
 last accuracies:
test
key='auc': 0.5512988033889422
val
key='auc': 0.5461768908937519




/mnt/home/jcervino/Github/CoraCiteseer/PieClam/experiments/../trainer_directed.py:460:::  

train_model_on_params on ieclam citeseer 
took 22.743043184280396 seconds


/mnt/home/jcervino/Github/CoraCiteseer/PieClam/experiments/optimization_utils_directed.py:663:::  
Repetition no. 2


/mnt/home/jcervino/Github/CoraCiteseer/PieClam/experiments/../trainer_directed.py:158:::  

Using dataset specific configuration and not global 




/mnt/home/jcervino/Github/CoraCiteseer/PieClam/experiments/../trainer_directed.py:337:::  

In function train. 
2025-12-15 12:03:06 starting optimization of ieclam on citeseer (DIRECTED) on device cuda

 configs_dict: 
{
    "clamiter_init": {
        "dim_feat": 48,
        "s_reg": 0.1,
        "l1_reg": 1,
        "T": 1,
        "hidden_dim": 64,
        "num_coupling_blocks": 32,
        "num_layers_mlp": 2
    },
    "feat_opt": {
        "lr": 5e-07,
        "n_iter": 3000,
        "early_stop": 0
    }
}


/mnt/home/jcervino/Github/CoraCiteseer/PieClam/experiments/../clamiter_directed.py:439:::  
staring fit_feats for 3000 iterations


/mnt/home/jcervino/Github/CoraCiteseer/PieClam/experiments/../trainer_directed.py:444:::  



FINISHED train 
 last accuracies:
test
key='auc': 0.5802026377849594
val
key='auc': 0.5921751519429762




/mnt/home/jcervino/Github/CoraCiteseer/PieClam/experiments/../trainer_directed.py:460:::  

train_model_on_params on ieclam citeseer 
took 17.779144763946533 seconds


/mnt/home/jcervino/Github/CoraCiteseer/PieClam/experiments/optimization_utils_directed.py:738:::  


Finished CrossVal!


