/var/spool/slurm/slurmd/job4641210/slurm_script: line 7: nvcc: command not found
Sat Dec 20 22:12:58 2025       
+-----------------------------------------------------------------------------------------+
| NVIDIA-SMI 555.42.06              Driver Version: 555.42.06      CUDA Version: 12.5     |
|-----------------------------------------+------------------------+----------------------+
| GPU  Name                 Persistence-M | Bus-Id          Disp.A | Volatile Uncorr. ECC |
| Fan  Temp   Perf          Pwr:Usage/Cap |           Memory-Usage | GPU-Util  Compute M. |
|                                         |                        |               MIG M. |
|=========================================+========================+======================|
|   0  Tesla V100-SXM2-16GB           On  |   00000000:AF:00.0 Off |                    0 |
| N/A   34C    P0             46W /  300W |       1MiB /  16384MiB |      0%      Default |
|                                         |                        |                  N/A |
+-----------------------------------------+------------------------+----------------------+
                                                                                         
+-----------------------------------------------------------------------------------------+
| Processes:                                                                              |
|  GPU   GI   CI        PID   Type   Process name                              GPU Memory |
|        ID   ID                                                               Usage      |
|=========================================================================================|
|  No running processes found                                                             |
+-----------------------------------------------------------------------------------------+
/mnt/home/jcervino/miniconda3/envs/pieclam_directed/lib/python3.11/site-packages/outdated/__init__.py:36: UserWarning: pkg_resources is deprecated as an API. See https://setuptools.pypa.io/en/latest/pkg_resources.html. The pkg_resources package is slated for removal as early as 2025-11-30. Refrain from using this package or pin to Setuptools<81.
  from pkg_resources import parse_version


/mnt/home/jcervino/Github/CoraCiteseer/PieClam/experiments/scripts/link_prediction/hypers_search/hypers_search_splits.py:100:::  
CUDA available


/mnt/home/jcervino/Github/CoraCiteseer/PieClam/experiments/scripts/link_prediction/hypers_search/hypers_search_splits.py:102:::  
Using device: cuda


/mnt/home/jcervino/Github/CoraCiteseer/PieClam/experiments/scripts/link_prediction/hypers_search/hypers_search_splits.py:124:::  
Running cross val link splits for citeseer with model bigclam


/mnt/home/jcervino/Github/CoraCiteseer/PieClam/experiments/scripts/link_prediction/hypers_search/hypers_search_splits.py:125:::  
args=Namespace(model_name='bigclam', ds_name='citeseer', dim_feats=[48, 100, 200], l1_regs=[], s_regs=[0.0, 0.1], n_iters_feats=[2000, 5000, 7000], lr_feats=[0.001, 1e-05, 0.0001], dim_attr=[], n_iters_prior=[], lr_prior=[], noise_amps=[], n_back_forth=[], first_funcs_in_fit=[], use_global_config_base=False, densify=False, attr_opt=False, test_p=0.1, val_p=0.0, val_dyads_path=None, test_dyads_path=None, random_search=True, num_draws_random=50, test_only=True, n_reps=3, reverse_test_set_order=False, to_undirected=False, remove_self_loops=False)


/mnt/home/jcervino/Github/CoraCiteseer/PieClam/experiments/optimization_utils_directed.py:514:::  
On test set split_23-03_22-11-25 of citeseer,bigclam
 ======================


/mnt/home/jcervino/Github/CoraCiteseer/PieClam/experiments/../datasets/import_dataset.py:258:::  
end of import_dataset
citeseer 
has 4230 nodes 
and 5358 edges. 
Graph is directed
Graph has NO self loops


/mnt/home/jcervino/Github/CoraCiteseer/PieClam/experiments/optimization_utils_directed.py:638:::  
RunSaver defined to acc_configs path /mnt/home/jcervino/Github/CoraCiteseer/PieClam/experiments/results/directed/link_prediction/auc/citeseer/bigclam/split_23-03_22-11-25/test/acc_configs22-13_20-12-25.json


/mnt/home/jcervino/Github/CoraCiteseer/PieClam/experiments/optimization_utils_directed.py:663:::  
Repetition no. 0


/mnt/home/jcervino/Github/CoraCiteseer/PieClam/experiments/../trainer_directed.py:158:::  

Using dataset specific configuration and not global 




/mnt/home/jcervino/Github/CoraCiteseer/PieClam/experiments/../trainer_directed.py:337:::  

In function train. 
2025-12-20 22:13:16 starting optimization of bigclam on citeseer (DIRECTED) on device cuda

 configs_dict: 
{
    "clamiter_init": {
        "dim_feat": 100,
        "dim_attr": 100,
        "s_reg": 0.1,
        "l1_reg": 1,
        "T": 1,
        "hidden_dim": 64,
        "num_coupling_blocks": 32,
        "num_layers_mlp": 2
    },
    "feat_opt": {
        "lr": 0.001,
        "n_iter": 5000,
        "early_stop": 0
    }
}


/mnt/home/jcervino/Github/CoraCiteseer/PieClam/experiments/../clamiter_directed.py:440:::  
staring fit_feats for 5000 iterations


/mnt/home/jcervino/Github/CoraCiteseer/PieClam/experiments/../trainer_directed.py:444:::  



FINISHED train 
 last accuracies:
test
key='auc': 0.5
val
auc: None




/mnt/home/jcervino/Github/CoraCiteseer/PieClam/experiments/../trainer_directed.py:460:::  

train_model_on_params on bigclam citeseer 
took 58.444597005844116 seconds


/mnt/home/jcervino/Github/CoraCiteseer/PieClam/experiments/optimization_utils_directed.py:663:::  
Repetition no. 1


/mnt/home/jcervino/Github/CoraCiteseer/PieClam/experiments/../trainer_directed.py:158:::  

Using dataset specific configuration and not global 




/mnt/home/jcervino/Github/CoraCiteseer/PieClam/experiments/../trainer_directed.py:337:::  

In function train. 
2025-12-20 22:14:15 starting optimization of bigclam on citeseer (DIRECTED) on device cuda

 configs_dict: 
{
    "clamiter_init": {
        "dim_feat": 100,
        "dim_attr": 100,
        "s_reg": 0.1,
        "l1_reg": 1,
        "T": 1,
        "hidden_dim": 64,
        "num_coupling_blocks": 32,
        "num_layers_mlp": 2
    },
    "feat_opt": {
        "lr": 0.001,
        "n_iter": 5000,
        "early_stop": 0
    }
}


/mnt/home/jcervino/Github/CoraCiteseer/PieClam/experiments/../clamiter_directed.py:440:::  
staring fit_feats for 5000 iterations


/mnt/home/jcervino/Github/CoraCiteseer/PieClam/experiments/../trainer_directed.py:444:::  



FINISHED train 
 last accuracies:
test
key='auc': 0.5
val
auc: None




/mnt/home/jcervino/Github/CoraCiteseer/PieClam/experiments/../trainer_directed.py:460:::  

train_model_on_params on bigclam citeseer 
took 59.73532032966614 seconds


/mnt/home/jcervino/Github/CoraCiteseer/PieClam/experiments/optimization_utils_directed.py:663:::  
Repetition no. 2


/mnt/home/jcervino/Github/CoraCiteseer/PieClam/experiments/../trainer_directed.py:158:::  

Using dataset specific configuration and not global 




/mnt/home/jcervino/Github/CoraCiteseer/PieClam/experiments/../trainer_directed.py:337:::  

In function train. 
2025-12-20 22:15:15 starting optimization of bigclam on citeseer (DIRECTED) on device cuda

 configs_dict: 
{
    "clamiter_init": {
        "dim_feat": 100,
        "dim_attr": 100,
        "s_reg": 0.1,
        "l1_reg": 1,
        "T": 1,
        "hidden_dim": 64,
        "num_coupling_blocks": 32,
        "num_layers_mlp": 2
    },
    "feat_opt": {
        "lr": 0.001,
        "n_iter": 5000,
        "early_stop": 0
    }
}


/mnt/home/jcervino/Github/CoraCiteseer/PieClam/experiments/../clamiter_directed.py:440:::  
staring fit_feats for 5000 iterations


/mnt/home/jcervino/Github/CoraCiteseer/PieClam/experiments/../trainer_directed.py:444:::  



FINISHED train 
 last accuracies:
test
key='auc': 0.5
val
auc: None




/mnt/home/jcervino/Github/CoraCiteseer/PieClam/experiments/../trainer_directed.py:460:::  

train_model_on_params on bigclam citeseer 
took 56.43712615966797 seconds


/mnt/home/jcervino/Github/CoraCiteseer/PieClam/experiments/optimization_utils_directed.py:663:::  
Repetition no. 0


/mnt/home/jcervino/Github/CoraCiteseer/PieClam/experiments/../trainer_directed.py:158:::  

Using dataset specific configuration and not global 




/mnt/home/jcervino/Github/CoraCiteseer/PieClam/experiments/../trainer_directed.py:337:::  

In function train. 
2025-12-20 22:16:12 starting optimization of bigclam on citeseer (DIRECTED) on device cuda

 configs_dict: 
{
    "clamiter_init": {
        "dim_feat": 200,
        "dim_attr": 100,
        "s_reg": 0.0,
        "l1_reg": 1,
        "T": 1,
        "hidden_dim": 64,
        "num_coupling_blocks": 32,
        "num_layers_mlp": 2
    },
    "feat_opt": {
        "lr": 0.001,
        "n_iter": 5000,
        "early_stop": 0
    }
}


/mnt/home/jcervino/Github/CoraCiteseer/PieClam/experiments/../clamiter_directed.py:440:::  
staring fit_feats for 5000 iterations


/mnt/home/jcervino/Github/CoraCiteseer/PieClam/experiments/../trainer_directed.py:444:::  



FINISHED train 
 last accuracies:
test
key='auc': 0.5
val
auc: None




/mnt/home/jcervino/Github/CoraCiteseer/PieClam/experiments/../trainer_directed.py:460:::  

train_model_on_params on bigclam citeseer 
took 57.89216995239258 seconds


/mnt/home/jcervino/Github/CoraCiteseer/PieClam/experiments/optimization_utils_directed.py:663:::  
Repetition no. 1


/mnt/home/jcervino/Github/CoraCiteseer/PieClam/experiments/../trainer_directed.py:158:::  

Using dataset specific configuration and not global 




/mnt/home/jcervino/Github/CoraCiteseer/PieClam/experiments/../trainer_directed.py:337:::  

In function train. 
2025-12-20 22:17:10 starting optimization of bigclam on citeseer (DIRECTED) on device cuda

 configs_dict: 
{
    "clamiter_init": {
        "dim_feat": 200,
        "dim_attr": 100,
        "s_reg": 0.0,
        "l1_reg": 1,
        "T": 1,
        "hidden_dim": 64,
        "num_coupling_blocks": 32,
        "num_layers_mlp": 2
    },
    "feat_opt": {
        "lr": 0.001,
        "n_iter": 5000,
        "early_stop": 0
    }
}


/mnt/home/jcervino/Github/CoraCiteseer/PieClam/experiments/../clamiter_directed.py:440:::  
staring fit_feats for 5000 iterations


/mnt/home/jcervino/Github/CoraCiteseer/PieClam/experiments/../trainer_directed.py:444:::  



FINISHED train 
 last accuracies:
test
key='auc': 0.5
val
auc: None




/mnt/home/jcervino/Github/CoraCiteseer/PieClam/experiments/../trainer_directed.py:460:::  

train_model_on_params on bigclam citeseer 
took 59.757100343704224 seconds


/mnt/home/jcervino/Github/CoraCiteseer/PieClam/experiments/optimization_utils_directed.py:663:::  
Repetition no. 2


/mnt/home/jcervino/Github/CoraCiteseer/PieClam/experiments/../trainer_directed.py:158:::  

Using dataset specific configuration and not global 




/mnt/home/jcervino/Github/CoraCiteseer/PieClam/experiments/../trainer_directed.py:337:::  

In function train. 
2025-12-20 22:18:10 starting optimization of bigclam on citeseer (DIRECTED) on device cuda

 configs_dict: 
{
    "clamiter_init": {
        "dim_feat": 200,
        "dim_attr": 100,
        "s_reg": 0.0,
        "l1_reg": 1,
        "T": 1,
        "hidden_dim": 64,
        "num_coupling_blocks": 32,
        "num_layers_mlp": 2
    },
    "feat_opt": {
        "lr": 0.001,
        "n_iter": 5000,
        "early_stop": 0
    }
}


/mnt/home/jcervino/Github/CoraCiteseer/PieClam/experiments/../clamiter_directed.py:440:::  
staring fit_feats for 5000 iterations


/mnt/home/jcervino/Github/CoraCiteseer/PieClam/experiments/../trainer_directed.py:444:::  



FINISHED train 
 last accuracies:
test
key='auc': 0.5
val
auc: None




/mnt/home/jcervino/Github/CoraCiteseer/PieClam/experiments/../trainer_directed.py:460:::  

train_model_on_params on bigclam citeseer 
took 53.25910925865173 seconds


/mnt/home/jcervino/Github/CoraCiteseer/PieClam/experiments/optimization_utils_directed.py:663:::  
Repetition no. 0


/mnt/home/jcervino/Github/CoraCiteseer/PieClam/experiments/../trainer_directed.py:158:::  

Using dataset specific configuration and not global 




/mnt/home/jcervino/Github/CoraCiteseer/PieClam/experiments/../trainer_directed.py:337:::  

In function train. 
2025-12-20 22:19:03 starting optimization of bigclam on citeseer (DIRECTED) on device cuda

 configs_dict: 
{
    "clamiter_init": {
        "dim_feat": 100,
        "dim_attr": 100,
        "s_reg": 0.1,
        "l1_reg": 1,
        "T": 1,
        "hidden_dim": 64,
        "num_coupling_blocks": 32,
        "num_layers_mlp": 2
    },
    "feat_opt": {
        "lr": 0.0001,
        "n_iter": 7000,
        "early_stop": 0
    }
}


/mnt/home/jcervino/Github/CoraCiteseer/PieClam/experiments/../clamiter_directed.py:440:::  
staring fit_feats for 7000 iterations


/mnt/home/jcervino/Github/CoraCiteseer/PieClam/experiments/../trainer_directed.py:444:::  



FINISHED train 
 last accuracies:
test
key='auc': 0.5855393484147087
val
auc: None




/mnt/home/jcervino/Github/CoraCiteseer/PieClam/experiments/../trainer_directed.py:460:::  

train_model_on_params on bigclam citeseer 
took 77.26164150238037 seconds


/mnt/home/jcervino/Github/CoraCiteseer/PieClam/experiments/optimization_utils_directed.py:663:::  
Repetition no. 1


/mnt/home/jcervino/Github/CoraCiteseer/PieClam/experiments/../trainer_directed.py:158:::  

Using dataset specific configuration and not global 




/mnt/home/jcervino/Github/CoraCiteseer/PieClam/experiments/../trainer_directed.py:337:::  

In function train. 
2025-12-20 22:20:21 starting optimization of bigclam on citeseer (DIRECTED) on device cuda

 configs_dict: 
{
    "clamiter_init": {
        "dim_feat": 100,
        "dim_attr": 100,
        "s_reg": 0.1,
        "l1_reg": 1,
        "T": 1,
        "hidden_dim": 64,
        "num_coupling_blocks": 32,
        "num_layers_mlp": 2
    },
    "feat_opt": {
        "lr": 0.0001,
        "n_iter": 7000,
        "early_stop": 0
    }
}


/mnt/home/jcervino/Github/CoraCiteseer/PieClam/experiments/../clamiter_directed.py:440:::  
staring fit_feats for 7000 iterations


/mnt/home/jcervino/Github/CoraCiteseer/PieClam/experiments/../trainer_directed.py:444:::  



FINISHED train 
 last accuracies:
test
key='auc': 0.5936763036073018
val
auc: None




/mnt/home/jcervino/Github/CoraCiteseer/PieClam/experiments/../trainer_directed.py:460:::  

train_model_on_params on bigclam citeseer 
took 78.51677179336548 seconds


/mnt/home/jcervino/Github/CoraCiteseer/PieClam/experiments/optimization_utils_directed.py:663:::  
Repetition no. 2


/mnt/home/jcervino/Github/CoraCiteseer/PieClam/experiments/../trainer_directed.py:158:::  

Using dataset specific configuration and not global 




/mnt/home/jcervino/Github/CoraCiteseer/PieClam/experiments/../trainer_directed.py:337:::  

In function train. 
2025-12-20 22:21:39 starting optimization of bigclam on citeseer (DIRECTED) on device cuda

 configs_dict: 
{
    "clamiter_init": {
        "dim_feat": 100,
        "dim_attr": 100,
        "s_reg": 0.1,
        "l1_reg": 1,
        "T": 1,
        "hidden_dim": 64,
        "num_coupling_blocks": 32,
        "num_layers_mlp": 2
    },
    "feat_opt": {
        "lr": 0.0001,
        "n_iter": 7000,
        "early_stop": 0
    }
}


/mnt/home/jcervino/Github/CoraCiteseer/PieClam/experiments/../clamiter_directed.py:440:::  
staring fit_feats for 7000 iterations


/mnt/home/jcervino/Github/CoraCiteseer/PieClam/experiments/../trainer_directed.py:444:::  



FINISHED train 
 last accuracies:
test
key='auc': 0.5934666783125163
val
auc: None




/mnt/home/jcervino/Github/CoraCiteseer/PieClam/experiments/../trainer_directed.py:460:::  

train_model_on_params on bigclam citeseer 
took 69.53904867172241 seconds


/mnt/home/jcervino/Github/CoraCiteseer/PieClam/experiments/optimization_utils_directed.py:663:::  
Repetition no. 0


/mnt/home/jcervino/Github/CoraCiteseer/PieClam/experiments/../trainer_directed.py:158:::  

Using dataset specific configuration and not global 




/mnt/home/jcervino/Github/CoraCiteseer/PieClam/experiments/../trainer_directed.py:337:::  

In function train. 
2025-12-20 22:22:49 starting optimization of bigclam on citeseer (DIRECTED) on device cuda

 configs_dict: 
{
    "clamiter_init": {
        "dim_feat": 48,
        "dim_attr": 100,
        "s_reg": 0.1,
        "l1_reg": 1,
        "T": 1,
        "hidden_dim": 64,
        "num_coupling_blocks": 32,
        "num_layers_mlp": 2
    },
    "feat_opt": {
        "lr": 0.001,
        "n_iter": 5000,
        "early_stop": 0
    }
}


/mnt/home/jcervino/Github/CoraCiteseer/PieClam/experiments/../clamiter_directed.py:440:::  
staring fit_feats for 5000 iterations


/mnt/home/jcervino/Github/CoraCiteseer/PieClam/experiments/../trainer_directed.py:444:::  



FINISHED train 
 last accuracies:
test
key='auc': 0.5
val
auc: None




/mnt/home/jcervino/Github/CoraCiteseer/PieClam/experiments/../trainer_directed.py:460:::  

train_model_on_params on bigclam citeseer 
took 62.54426670074463 seconds


/mnt/home/jcervino/Github/CoraCiteseer/PieClam/experiments/optimization_utils_directed.py:663:::  
Repetition no. 1


/mnt/home/jcervino/Github/CoraCiteseer/PieClam/experiments/../trainer_directed.py:158:::  

Using dataset specific configuration and not global 




/mnt/home/jcervino/Github/CoraCiteseer/PieClam/experiments/../trainer_directed.py:337:::  

In function train. 
2025-12-20 22:23:52 starting optimization of bigclam on citeseer (DIRECTED) on device cuda

 configs_dict: 
{
    "clamiter_init": {
        "dim_feat": 48,
        "dim_attr": 100,
        "s_reg": 0.1,
        "l1_reg": 1,
        "T": 1,
        "hidden_dim": 64,
        "num_coupling_blocks": 32,
        "num_layers_mlp": 2
    },
    "feat_opt": {
        "lr": 0.001,
        "n_iter": 5000,
        "early_stop": 0
    }
}


/mnt/home/jcervino/Github/CoraCiteseer/PieClam/experiments/../clamiter_directed.py:440:::  
staring fit_feats for 5000 iterations


/mnt/home/jcervino/Github/CoraCiteseer/PieClam/experiments/../trainer_directed.py:444:::  



FINISHED train 
 last accuracies:
test
key='auc': 0.5
val
auc: None




/mnt/home/jcervino/Github/CoraCiteseer/PieClam/experiments/../trainer_directed.py:460:::  

train_model_on_params on bigclam citeseer 
took 62.54512286186218 seconds


/mnt/home/jcervino/Github/CoraCiteseer/PieClam/experiments/optimization_utils_directed.py:663:::  
Repetition no. 2


/mnt/home/jcervino/Github/CoraCiteseer/PieClam/experiments/../trainer_directed.py:158:::  

Using dataset specific configuration and not global 




/mnt/home/jcervino/Github/CoraCiteseer/PieClam/experiments/../trainer_directed.py:337:::  

In function train. 
2025-12-20 22:24:55 starting optimization of bigclam on citeseer (DIRECTED) on device cuda

 configs_dict: 
{
    "clamiter_init": {
        "dim_feat": 48,
        "dim_attr": 100,
        "s_reg": 0.1,
        "l1_reg": 1,
        "T": 1,
        "hidden_dim": 64,
        "num_coupling_blocks": 32,
        "num_layers_mlp": 2
    },
    "feat_opt": {
        "lr": 0.001,
        "n_iter": 5000,
        "early_stop": 0
    }
}


/mnt/home/jcervino/Github/CoraCiteseer/PieClam/experiments/../clamiter_directed.py:440:::  
staring fit_feats for 5000 iterations


/mnt/home/jcervino/Github/CoraCiteseer/PieClam/experiments/../trainer_directed.py:444:::  



FINISHED train 
 last accuracies:
test
key='auc': 0.5
val
auc: None




/mnt/home/jcervino/Github/CoraCiteseer/PieClam/experiments/../trainer_directed.py:460:::  

train_model_on_params on bigclam citeseer 
took 53.468241930007935 seconds


/mnt/home/jcervino/Github/CoraCiteseer/PieClam/experiments/optimization_utils_directed.py:663:::  
Repetition no. 0


/mnt/home/jcervino/Github/CoraCiteseer/PieClam/experiments/../trainer_directed.py:158:::  

Using dataset specific configuration and not global 




/mnt/home/jcervino/Github/CoraCiteseer/PieClam/experiments/../trainer_directed.py:337:::  

In function train. 
2025-12-20 22:25:48 starting optimization of bigclam on citeseer (DIRECTED) on device cuda

 configs_dict: 
{
    "clamiter_init": {
        "dim_feat": 200,
        "dim_attr": 100,
        "s_reg": 0.0,
        "l1_reg": 1,
        "T": 1,
        "hidden_dim": 64,
        "num_coupling_blocks": 32,
        "num_layers_mlp": 2
    },
    "feat_opt": {
        "lr": 1e-05,
        "n_iter": 2000,
        "early_stop": 0
    }
}


/mnt/home/jcervino/Github/CoraCiteseer/PieClam/experiments/../clamiter_directed.py:440:::  
staring fit_feats for 2000 iterations


/mnt/home/jcervino/Github/CoraCiteseer/PieClam/experiments/../trainer_directed.py:444:::  



FINISHED train 
 last accuracies:
test
key='auc': 0.618571054240545
val
auc: None




/mnt/home/jcervino/Github/CoraCiteseer/PieClam/experiments/../trainer_directed.py:460:::  

train_model_on_params on bigclam citeseer 
took 19.697142124176025 seconds


/mnt/home/jcervino/Github/CoraCiteseer/PieClam/experiments/optimization_utils_directed.py:663:::  
Repetition no. 1


/mnt/home/jcervino/Github/CoraCiteseer/PieClam/experiments/../trainer_directed.py:158:::  

Using dataset specific configuration and not global 




/mnt/home/jcervino/Github/CoraCiteseer/PieClam/experiments/../trainer_directed.py:337:::  

In function train. 
2025-12-20 22:26:08 starting optimization of bigclam on citeseer (DIRECTED) on device cuda

 configs_dict: 
{
    "clamiter_init": {
        "dim_feat": 200,
        "dim_attr": 100,
        "s_reg": 0.0,
        "l1_reg": 1,
        "T": 1,
        "hidden_dim": 64,
        "num_coupling_blocks": 32,
        "num_layers_mlp": 2
    },
    "feat_opt": {
        "lr": 1e-05,
        "n_iter": 2000,
        "early_stop": 0
    }
}


/mnt/home/jcervino/Github/CoraCiteseer/PieClam/experiments/../clamiter_directed.py:440:::  
staring fit_feats for 2000 iterations


/mnt/home/jcervino/Github/CoraCiteseer/PieClam/experiments/../trainer_directed.py:444:::  



FINISHED train 
 last accuracies:
test
key='auc': 0.624402131190497
val
auc: None




/mnt/home/jcervino/Github/CoraCiteseer/PieClam/experiments/../trainer_directed.py:460:::  

train_model_on_params on bigclam citeseer 
took 20.6148362159729 seconds


/mnt/home/jcervino/Github/CoraCiteseer/PieClam/experiments/optimization_utils_directed.py:663:::  
Repetition no. 2


/mnt/home/jcervino/Github/CoraCiteseer/PieClam/experiments/../trainer_directed.py:158:::  

Using dataset specific configuration and not global 




/mnt/home/jcervino/Github/CoraCiteseer/PieClam/experiments/../trainer_directed.py:337:::  

In function train. 
2025-12-20 22:26:29 starting optimization of bigclam on citeseer (DIRECTED) on device cuda

 configs_dict: 
{
    "clamiter_init": {
        "dim_feat": 200,
        "dim_attr": 100,
        "s_reg": 0.0,
        "l1_reg": 1,
        "T": 1,
        "hidden_dim": 64,
        "num_coupling_blocks": 32,
        "num_layers_mlp": 2
    },
    "feat_opt": {
        "lr": 1e-05,
        "n_iter": 2000,
        "early_stop": 0
    }
}


/mnt/home/jcervino/Github/CoraCiteseer/PieClam/experiments/../clamiter_directed.py:440:::  
staring fit_feats for 2000 iterations


/mnt/home/jcervino/Github/CoraCiteseer/PieClam/experiments/../trainer_directed.py:444:::  



FINISHED train 
 last accuracies:
test
key='auc': 0.6297667918595511
val
auc: None




/mnt/home/jcervino/Github/CoraCiteseer/PieClam/experiments/../trainer_directed.py:460:::  

train_model_on_params on bigclam citeseer 
took 19.979933500289917 seconds


/mnt/home/jcervino/Github/CoraCiteseer/PieClam/experiments/optimization_utils_directed.py:663:::  
Repetition no. 0


/mnt/home/jcervino/Github/CoraCiteseer/PieClam/experiments/../trainer_directed.py:158:::  

Using dataset specific configuration and not global 




/mnt/home/jcervino/Github/CoraCiteseer/PieClam/experiments/../trainer_directed.py:337:::  

In function train. 
2025-12-20 22:26:50 starting optimization of bigclam on citeseer (DIRECTED) on device cuda

 configs_dict: 
{
    "clamiter_init": {
        "dim_feat": 200,
        "dim_attr": 100,
        "s_reg": 0.1,
        "l1_reg": 1,
        "T": 1,
        "hidden_dim": 64,
        "num_coupling_blocks": 32,
        "num_layers_mlp": 2
    },
    "feat_opt": {
        "lr": 0.001,
        "n_iter": 5000,
        "early_stop": 0
    }
}


/mnt/home/jcervino/Github/CoraCiteseer/PieClam/experiments/../clamiter_directed.py:440:::  
staring fit_feats for 5000 iterations


/mnt/home/jcervino/Github/CoraCiteseer/PieClam/experiments/../trainer_directed.py:444:::  



FINISHED train 
 last accuracies:
test
key='auc': 0.5
val
auc: None




/mnt/home/jcervino/Github/CoraCiteseer/PieClam/experiments/../trainer_directed.py:460:::  

train_model_on_params on bigclam citeseer 
took 49.710861682891846 seconds


/mnt/home/jcervino/Github/CoraCiteseer/PieClam/experiments/optimization_utils_directed.py:663:::  
Repetition no. 1


/mnt/home/jcervino/Github/CoraCiteseer/PieClam/experiments/../trainer_directed.py:158:::  

Using dataset specific configuration and not global 




/mnt/home/jcervino/Github/CoraCiteseer/PieClam/experiments/../trainer_directed.py:337:::  

In function train. 
2025-12-20 22:27:39 starting optimization of bigclam on citeseer (DIRECTED) on device cuda

 configs_dict: 
{
    "clamiter_init": {
        "dim_feat": 200,
        "dim_attr": 100,
        "s_reg": 0.1,
        "l1_reg": 1,
        "T": 1,
        "hidden_dim": 64,
        "num_coupling_blocks": 32,
        "num_layers_mlp": 2
    },
    "feat_opt": {
        "lr": 0.001,
        "n_iter": 5000,
        "early_stop": 0
    }
}


/mnt/home/jcervino/Github/CoraCiteseer/PieClam/experiments/../clamiter_directed.py:440:::  
staring fit_feats for 5000 iterations


/mnt/home/jcervino/Github/CoraCiteseer/PieClam/experiments/../trainer_directed.py:444:::  



FINISHED train 
 last accuracies:
test
key='auc': 0.5
val
auc: None




/mnt/home/jcervino/Github/CoraCiteseer/PieClam/experiments/../trainer_directed.py:460:::  

train_model_on_params on bigclam citeseer 
took 56.14724922180176 seconds


/mnt/home/jcervino/Github/CoraCiteseer/PieClam/experiments/optimization_utils_directed.py:663:::  
Repetition no. 2


/mnt/home/jcervino/Github/CoraCiteseer/PieClam/experiments/../trainer_directed.py:158:::  

Using dataset specific configuration and not global 




/mnt/home/jcervino/Github/CoraCiteseer/PieClam/experiments/../trainer_directed.py:337:::  

In function train. 
2025-12-20 22:28:36 starting optimization of bigclam on citeseer (DIRECTED) on device cuda

 configs_dict: 
{
    "clamiter_init": {
        "dim_feat": 200,
        "dim_attr": 100,
        "s_reg": 0.1,
        "l1_reg": 1,
        "T": 1,
        "hidden_dim": 64,
        "num_coupling_blocks": 32,
        "num_layers_mlp": 2
    },
    "feat_opt": {
        "lr": 0.001,
        "n_iter": 5000,
        "early_stop": 0
    }
}


/mnt/home/jcervino/Github/CoraCiteseer/PieClam/experiments/../clamiter_directed.py:440:::  
staring fit_feats for 5000 iterations


/mnt/home/jcervino/Github/CoraCiteseer/PieClam/experiments/../trainer_directed.py:444:::  



FINISHED train 
 last accuracies:
test
key='auc': 0.5
val
auc: None




/mnt/home/jcervino/Github/CoraCiteseer/PieClam/experiments/../trainer_directed.py:460:::  

train_model_on_params on bigclam citeseer 
took 57.138131618499756 seconds


/mnt/home/jcervino/Github/CoraCiteseer/PieClam/experiments/optimization_utils_directed.py:663:::  
Repetition no. 0


/mnt/home/jcervino/Github/CoraCiteseer/PieClam/experiments/../trainer_directed.py:158:::  

Using dataset specific configuration and not global 




/mnt/home/jcervino/Github/CoraCiteseer/PieClam/experiments/../trainer_directed.py:337:::  

In function train. 
2025-12-20 22:29:33 starting optimization of bigclam on citeseer (DIRECTED) on device cuda

 configs_dict: 
{
    "clamiter_init": {
        "dim_feat": 100,
        "dim_attr": 100,
        "s_reg": 0.0,
        "l1_reg": 1,
        "T": 1,
        "hidden_dim": 64,
        "num_coupling_blocks": 32,
        "num_layers_mlp": 2
    },
    "feat_opt": {
        "lr": 1e-05,
        "n_iter": 7000,
        "early_stop": 0
    }
}


/mnt/home/jcervino/Github/CoraCiteseer/PieClam/experiments/../clamiter_directed.py:440:::  
staring fit_feats for 7000 iterations


/mnt/home/jcervino/Github/CoraCiteseer/PieClam/experiments/../trainer_directed.py:444:::  



FINISHED train 
 last accuracies:
test
key='auc': 0.5986269543191546
val
auc: None




/mnt/home/jcervino/Github/CoraCiteseer/PieClam/experiments/../trainer_directed.py:460:::  

train_model_on_params on bigclam citeseer 
took 77.10438871383667 seconds


/mnt/home/jcervino/Github/CoraCiteseer/PieClam/experiments/optimization_utils_directed.py:663:::  
Repetition no. 1


/mnt/home/jcervino/Github/CoraCiteseer/PieClam/experiments/../trainer_directed.py:158:::  

Using dataset specific configuration and not global 




/mnt/home/jcervino/Github/CoraCiteseer/PieClam/experiments/../trainer_directed.py:337:::  

In function train. 
2025-12-20 22:30:50 starting optimization of bigclam on citeseer (DIRECTED) on device cuda

 configs_dict: 
{
    "clamiter_init": {
        "dim_feat": 100,
        "dim_attr": 100,
        "s_reg": 0.0,
        "l1_reg": 1,
        "T": 1,
        "hidden_dim": 64,
        "num_coupling_blocks": 32,
        "num_layers_mlp": 2
    },
    "feat_opt": {
        "lr": 1e-05,
        "n_iter": 7000,
        "early_stop": 0
    }
}


/mnt/home/jcervino/Github/CoraCiteseer/PieClam/experiments/../clamiter_directed.py:440:::  
staring fit_feats for 7000 iterations


/mnt/home/jcervino/Github/CoraCiteseer/PieClam/experiments/../trainer_directed.py:444:::  



FINISHED train 
 last accuracies:
test
key='auc': 0.5838501179142284
val
auc: None




/mnt/home/jcervino/Github/CoraCiteseer/PieClam/experiments/../trainer_directed.py:460:::  

train_model_on_params on bigclam citeseer 
took 84.71425938606262 seconds


/mnt/home/jcervino/Github/CoraCiteseer/PieClam/experiments/optimization_utils_directed.py:663:::  
Repetition no. 2


/mnt/home/jcervino/Github/CoraCiteseer/PieClam/experiments/../trainer_directed.py:158:::  

Using dataset specific configuration and not global 




/mnt/home/jcervino/Github/CoraCiteseer/PieClam/experiments/../trainer_directed.py:337:::  

In function train. 
2025-12-20 22:32:15 starting optimization of bigclam on citeseer (DIRECTED) on device cuda

 configs_dict: 
{
    "clamiter_init": {
        "dim_feat": 100,
        "dim_attr": 100,
        "s_reg": 0.0,
        "l1_reg": 1,
        "T": 1,
        "hidden_dim": 64,
        "num_coupling_blocks": 32,
        "num_layers_mlp": 2
    },
    "feat_opt": {
        "lr": 1e-05,
        "n_iter": 7000,
        "early_stop": 0
    }
}


/mnt/home/jcervino/Github/CoraCiteseer/PieClam/experiments/../clamiter_directed.py:440:::  
staring fit_feats for 7000 iterations


/mnt/home/jcervino/Github/CoraCiteseer/PieClam/experiments/../trainer_directed.py:444:::  



FINISHED train 
 last accuracies:
test
key='auc': 0.5932116342038607
val
auc: None




/mnt/home/jcervino/Github/CoraCiteseer/PieClam/experiments/../trainer_directed.py:460:::  

train_model_on_params on bigclam citeseer 
took 87.13147187232971 seconds


/mnt/home/jcervino/Github/CoraCiteseer/PieClam/experiments/optimization_utils_directed.py:663:::  
Repetition no. 0


/mnt/home/jcervino/Github/CoraCiteseer/PieClam/experiments/../trainer_directed.py:158:::  

Using dataset specific configuration and not global 




/mnt/home/jcervino/Github/CoraCiteseer/PieClam/experiments/../trainer_directed.py:337:::  

In function train. 
2025-12-20 22:33:43 starting optimization of bigclam on citeseer (DIRECTED) on device cuda

 configs_dict: 
{
    "clamiter_init": {
        "dim_feat": 48,
        "dim_attr": 100,
        "s_reg": 0.1,
        "l1_reg": 1,
        "T": 1,
        "hidden_dim": 64,
        "num_coupling_blocks": 32,
        "num_layers_mlp": 2
    },
    "feat_opt": {
        "lr": 1e-05,
        "n_iter": 5000,
        "early_stop": 0
    }
}


/mnt/home/jcervino/Github/CoraCiteseer/PieClam/experiments/../clamiter_directed.py:440:::  
staring fit_feats for 5000 iterations


/mnt/home/jcervino/Github/CoraCiteseer/PieClam/experiments/../trainer_directed.py:444:::  



FINISHED train 
 last accuracies:
test
key='auc': 0.60963577605031
val
auc: None




/mnt/home/jcervino/Github/CoraCiteseer/PieClam/experiments/../trainer_directed.py:460:::  

train_model_on_params on bigclam citeseer 
took 62.716166496276855 seconds


/mnt/home/jcervino/Github/CoraCiteseer/PieClam/experiments/optimization_utils_directed.py:663:::  
Repetition no. 1


/mnt/home/jcervino/Github/CoraCiteseer/PieClam/experiments/../trainer_directed.py:158:::  

Using dataset specific configuration and not global 




/mnt/home/jcervino/Github/CoraCiteseer/PieClam/experiments/../trainer_directed.py:337:::  

In function train. 
2025-12-20 22:34:45 starting optimization of bigclam on citeseer (DIRECTED) on device cuda

 configs_dict: 
{
    "clamiter_init": {
        "dim_feat": 48,
        "dim_attr": 100,
        "s_reg": 0.1,
        "l1_reg": 1,
        "T": 1,
        "hidden_dim": 64,
        "num_coupling_blocks": 32,
        "num_layers_mlp": 2
    },
    "feat_opt": {
        "lr": 1e-05,
        "n_iter": 5000,
        "early_stop": 0
    }
}


/mnt/home/jcervino/Github/CoraCiteseer/PieClam/experiments/../clamiter_directed.py:440:::  
staring fit_feats for 5000 iterations


/mnt/home/jcervino/Github/CoraCiteseer/PieClam/experiments/../trainer_directed.py:444:::  



FINISHED train 
 last accuracies:
test
key='auc': 0.5946545549829679
val
auc: None




/mnt/home/jcervino/Github/CoraCiteseer/PieClam/experiments/../trainer_directed.py:460:::  

train_model_on_params on bigclam citeseer 
took 63.391793966293335 seconds


/mnt/home/jcervino/Github/CoraCiteseer/PieClam/experiments/optimization_utils_directed.py:663:::  
Repetition no. 2


/mnt/home/jcervino/Github/CoraCiteseer/PieClam/experiments/../trainer_directed.py:158:::  

Using dataset specific configuration and not global 




/mnt/home/jcervino/Github/CoraCiteseer/PieClam/experiments/../trainer_directed.py:337:::  

In function train. 
2025-12-20 22:35:49 starting optimization of bigclam on citeseer (DIRECTED) on device cuda

 configs_dict: 
{
    "clamiter_init": {
        "dim_feat": 48,
        "dim_attr": 100,
        "s_reg": 0.1,
        "l1_reg": 1,
        "T": 1,
        "hidden_dim": 64,
        "num_coupling_blocks": 32,
        "num_layers_mlp": 2
    },
    "feat_opt": {
        "lr": 1e-05,
        "n_iter": 5000,
        "early_stop": 0
    }
}


/mnt/home/jcervino/Github/CoraCiteseer/PieClam/experiments/../clamiter_directed.py:440:::  
staring fit_feats for 5000 iterations


/mnt/home/jcervino/Github/CoraCiteseer/PieClam/experiments/../trainer_directed.py:444:::  



FINISHED train 
 last accuracies:
test
key='auc': 0.6015721897108919
val
auc: None




/mnt/home/jcervino/Github/CoraCiteseer/PieClam/experiments/../trainer_directed.py:460:::  

train_model_on_params on bigclam citeseer 
took 63.880794525146484 seconds


/mnt/home/jcervino/Github/CoraCiteseer/PieClam/experiments/optimization_utils_directed.py:663:::  
Repetition no. 0


/mnt/home/jcervino/Github/CoraCiteseer/PieClam/experiments/../trainer_directed.py:158:::  

Using dataset specific configuration and not global 




/mnt/home/jcervino/Github/CoraCiteseer/PieClam/experiments/../trainer_directed.py:337:::  

In function train. 
2025-12-20 22:36:53 starting optimization of bigclam on citeseer (DIRECTED) on device cuda

 configs_dict: 
{
    "clamiter_init": {
        "dim_feat": 48,
        "dim_attr": 100,
        "s_reg": 0.1,
        "l1_reg": 1,
        "T": 1,
        "hidden_dim": 64,
        "num_coupling_blocks": 32,
        "num_layers_mlp": 2
    },
    "feat_opt": {
        "lr": 1e-05,
        "n_iter": 2000,
        "early_stop": 0
    }
}


/mnt/home/jcervino/Github/CoraCiteseer/PieClam/experiments/../clamiter_directed.py:440:::  
staring fit_feats for 2000 iterations


/mnt/home/jcervino/Github/CoraCiteseer/PieClam/experiments/../trainer_directed.py:444:::  



FINISHED train 
 last accuracies:
test
key='auc': 0.621409730107433
val
auc: None




/mnt/home/jcervino/Github/CoraCiteseer/PieClam/experiments/../trainer_directed.py:460:::  

train_model_on_params on bigclam citeseer 
took 27.54998278617859 seconds


/mnt/home/jcervino/Github/CoraCiteseer/PieClam/experiments/optimization_utils_directed.py:663:::  
Repetition no. 1


/mnt/home/jcervino/Github/CoraCiteseer/PieClam/experiments/../trainer_directed.py:158:::  

Using dataset specific configuration and not global 




/mnt/home/jcervino/Github/CoraCiteseer/PieClam/experiments/../trainer_directed.py:337:::  

In function train. 
2025-12-20 22:37:21 starting optimization of bigclam on citeseer (DIRECTED) on device cuda

 configs_dict: 
{
    "clamiter_init": {
        "dim_feat": 48,
        "dim_attr": 100,
        "s_reg": 0.1,
        "l1_reg": 1,
        "T": 1,
        "hidden_dim": 64,
        "num_coupling_blocks": 32,
        "num_layers_mlp": 2
    },
    "feat_opt": {
        "lr": 1e-05,
        "n_iter": 2000,
        "early_stop": 0
    }
}


/mnt/home/jcervino/Github/CoraCiteseer/PieClam/experiments/../clamiter_directed.py:440:::  
staring fit_feats for 2000 iterations


/mnt/home/jcervino/Github/CoraCiteseer/PieClam/experiments/../trainer_directed.py:444:::  



FINISHED train 
 last accuracies:
test
key='auc': 0.6303921739889946
val
auc: None




/mnt/home/jcervino/Github/CoraCiteseer/PieClam/experiments/../trainer_directed.py:460:::  

train_model_on_params on bigclam citeseer 
took 26.817636966705322 seconds


/mnt/home/jcervino/Github/CoraCiteseer/PieClam/experiments/optimization_utils_directed.py:663:::  
Repetition no. 2


/mnt/home/jcervino/Github/CoraCiteseer/PieClam/experiments/../trainer_directed.py:158:::  

Using dataset specific configuration and not global 




/mnt/home/jcervino/Github/CoraCiteseer/PieClam/experiments/../trainer_directed.py:337:::  

In function train. 
2025-12-20 22:37:48 starting optimization of bigclam on citeseer (DIRECTED) on device cuda

 configs_dict: 
{
    "clamiter_init": {
        "dim_feat": 48,
        "dim_attr": 100,
        "s_reg": 0.1,
        "l1_reg": 1,
        "T": 1,
        "hidden_dim": 64,
        "num_coupling_blocks": 32,
        "num_layers_mlp": 2
    },
    "feat_opt": {
        "lr": 1e-05,
        "n_iter": 2000,
        "early_stop": 0
    }
}


/mnt/home/jcervino/Github/CoraCiteseer/PieClam/experiments/../clamiter_directed.py:440:::  
staring fit_feats for 2000 iterations


/mnt/home/jcervino/Github/CoraCiteseer/PieClam/experiments/../trainer_directed.py:444:::  



FINISHED train 
 last accuracies:
test
key='auc': 0.6144257140361603
val
auc: None




/mnt/home/jcervino/Github/CoraCiteseer/PieClam/experiments/../trainer_directed.py:460:::  

train_model_on_params on bigclam citeseer 
took 26.292085886001587 seconds


/mnt/home/jcervino/Github/CoraCiteseer/PieClam/experiments/optimization_utils_directed.py:663:::  
Repetition no. 0


/mnt/home/jcervino/Github/CoraCiteseer/PieClam/experiments/../trainer_directed.py:158:::  

Using dataset specific configuration and not global 




/mnt/home/jcervino/Github/CoraCiteseer/PieClam/experiments/../trainer_directed.py:337:::  

In function train. 
2025-12-20 22:38:15 starting optimization of bigclam on citeseer (DIRECTED) on device cuda

 configs_dict: 
{
    "clamiter_init": {
        "dim_feat": 100,
        "dim_attr": 100,
        "s_reg": 0.0,
        "l1_reg": 1,
        "T": 1,
        "hidden_dim": 64,
        "num_coupling_blocks": 32,
        "num_layers_mlp": 2
    },
    "feat_opt": {
        "lr": 0.001,
        "n_iter": 2000,
        "early_stop": 0
    }
}


/mnt/home/jcervino/Github/CoraCiteseer/PieClam/experiments/../clamiter_directed.py:440:::  
staring fit_feats for 2000 iterations


/mnt/home/jcervino/Github/CoraCiteseer/PieClam/experiments/../trainer_directed.py:444:::  



FINISHED train 
 last accuracies:
test
key='auc': 0.5
val
auc: None




/mnt/home/jcervino/Github/CoraCiteseer/PieClam/experiments/../trainer_directed.py:460:::  

train_model_on_params on bigclam citeseer 
took 24.785950422286987 seconds


/mnt/home/jcervino/Github/CoraCiteseer/PieClam/experiments/optimization_utils_directed.py:663:::  
Repetition no. 1


/mnt/home/jcervino/Github/CoraCiteseer/PieClam/experiments/../trainer_directed.py:158:::  

Using dataset specific configuration and not global 




/mnt/home/jcervino/Github/CoraCiteseer/PieClam/experiments/../trainer_directed.py:337:::  

In function train. 
2025-12-20 22:38:40 starting optimization of bigclam on citeseer (DIRECTED) on device cuda

 configs_dict: 
{
    "clamiter_init": {
        "dim_feat": 100,
        "dim_attr": 100,
        "s_reg": 0.0,
        "l1_reg": 1,
        "T": 1,
        "hidden_dim": 64,
        "num_coupling_blocks": 32,
        "num_layers_mlp": 2
    },
    "feat_opt": {
        "lr": 0.001,
        "n_iter": 2000,
        "early_stop": 0
    }
}


/mnt/home/jcervino/Github/CoraCiteseer/PieClam/experiments/../clamiter_directed.py:440:::  
staring fit_feats for 2000 iterations


/mnt/home/jcervino/Github/CoraCiteseer/PieClam/experiments/../trainer_directed.py:444:::  



FINISHED train 
 last accuracies:
test
key='auc': 0.5
val
auc: None




/mnt/home/jcervino/Github/CoraCiteseer/PieClam/experiments/../trainer_directed.py:460:::  

train_model_on_params on bigclam citeseer 
took 30.396008014678955 seconds


/mnt/home/jcervino/Github/CoraCiteseer/PieClam/experiments/optimization_utils_directed.py:663:::  
Repetition no. 2


/mnt/home/jcervino/Github/CoraCiteseer/PieClam/experiments/../trainer_directed.py:158:::  

Using dataset specific configuration and not global 




/mnt/home/jcervino/Github/CoraCiteseer/PieClam/experiments/../trainer_directed.py:337:::  

In function train. 
2025-12-20 22:39:10 starting optimization of bigclam on citeseer (DIRECTED) on device cuda

 configs_dict: 
{
    "clamiter_init": {
        "dim_feat": 100,
        "dim_attr": 100,
        "s_reg": 0.0,
        "l1_reg": 1,
        "T": 1,
        "hidden_dim": 64,
        "num_coupling_blocks": 32,
        "num_layers_mlp": 2
    },
    "feat_opt": {
        "lr": 0.001,
        "n_iter": 2000,
        "early_stop": 0
    }
}


/mnt/home/jcervino/Github/CoraCiteseer/PieClam/experiments/../clamiter_directed.py:440:::  
staring fit_feats for 2000 iterations


/mnt/home/jcervino/Github/CoraCiteseer/PieClam/experiments/../trainer_directed.py:444:::  



FINISHED train 
 last accuracies:
test
key='auc': 0.5
val
auc: None




/mnt/home/jcervino/Github/CoraCiteseer/PieClam/experiments/../trainer_directed.py:460:::  

train_model_on_params on bigclam citeseer 
took 35.79565906524658 seconds


/mnt/home/jcervino/Github/CoraCiteseer/PieClam/experiments/optimization_utils_directed.py:663:::  
Repetition no. 0


/mnt/home/jcervino/Github/CoraCiteseer/PieClam/experiments/../trainer_directed.py:158:::  

Using dataset specific configuration and not global 




/mnt/home/jcervino/Github/CoraCiteseer/PieClam/experiments/../trainer_directed.py:337:::  

In function train. 
2025-12-20 22:39:47 starting optimization of bigclam on citeseer (DIRECTED) on device cuda

 configs_dict: 
{
    "clamiter_init": {
        "dim_feat": 100,
        "dim_attr": 100,
        "s_reg": 0.0,
        "l1_reg": 1,
        "T": 1,
        "hidden_dim": 64,
        "num_coupling_blocks": 32,
        "num_layers_mlp": 2
    },
    "feat_opt": {
        "lr": 0.0001,
        "n_iter": 2000,
        "early_stop": 0
    }
}


/mnt/home/jcervino/Github/CoraCiteseer/PieClam/experiments/../clamiter_directed.py:440:::  
staring fit_feats for 2000 iterations


/mnt/home/jcervino/Github/CoraCiteseer/PieClam/experiments/../trainer_directed.py:444:::  



FINISHED train 
 last accuracies:
test
key='auc': 0.5850100445453752
val
auc: None




/mnt/home/jcervino/Github/CoraCiteseer/PieClam/experiments/../trainer_directed.py:460:::  

train_model_on_params on bigclam citeseer 
took 35.522156715393066 seconds


/mnt/home/jcervino/Github/CoraCiteseer/PieClam/experiments/optimization_utils_directed.py:663:::  
Repetition no. 1


/mnt/home/jcervino/Github/CoraCiteseer/PieClam/experiments/../trainer_directed.py:158:::  

Using dataset specific configuration and not global 




/mnt/home/jcervino/Github/CoraCiteseer/PieClam/experiments/../trainer_directed.py:337:::  

In function train. 
2025-12-20 22:40:22 starting optimization of bigclam on citeseer (DIRECTED) on device cuda

 configs_dict: 
{
    "clamiter_init": {
        "dim_feat": 100,
        "dim_attr": 100,
        "s_reg": 0.0,
        "l1_reg": 1,
        "T": 1,
        "hidden_dim": 64,
        "num_coupling_blocks": 32,
        "num_layers_mlp": 2
    },
    "feat_opt": {
        "lr": 0.0001,
        "n_iter": 2000,
        "early_stop": 0
    }
}


/mnt/home/jcervino/Github/CoraCiteseer/PieClam/experiments/../clamiter_directed.py:440:::  
staring fit_feats for 2000 iterations


/mnt/home/jcervino/Github/CoraCiteseer/PieClam/experiments/../trainer_directed.py:444:::  



FINISHED train 
 last accuracies:
test
key='auc': 0.5941636824176784
val
auc: None




/mnt/home/jcervino/Github/CoraCiteseer/PieClam/experiments/../trainer_directed.py:460:::  

train_model_on_params on bigclam citeseer 
took 35.54791593551636 seconds


/mnt/home/jcervino/Github/CoraCiteseer/PieClam/experiments/optimization_utils_directed.py:663:::  
Repetition no. 2


/mnt/home/jcervino/Github/CoraCiteseer/PieClam/experiments/../trainer_directed.py:158:::  

Using dataset specific configuration and not global 




/mnt/home/jcervino/Github/CoraCiteseer/PieClam/experiments/../trainer_directed.py:337:::  

In function train. 
2025-12-20 22:40:58 starting optimization of bigclam on citeseer (DIRECTED) on device cuda

 configs_dict: 
{
    "clamiter_init": {
        "dim_feat": 100,
        "dim_attr": 100,
        "s_reg": 0.0,
        "l1_reg": 1,
        "T": 1,
        "hidden_dim": 64,
        "num_coupling_blocks": 32,
        "num_layers_mlp": 2
    },
    "feat_opt": {
        "lr": 0.0001,
        "n_iter": 2000,
        "early_stop": 0
    }
}


/mnt/home/jcervino/Github/CoraCiteseer/PieClam/experiments/../clamiter_directed.py:440:::  
staring fit_feats for 2000 iterations


/mnt/home/jcervino/Github/CoraCiteseer/PieClam/experiments/../trainer_directed.py:444:::  



FINISHED train 
 last accuracies:
test
key='auc': 0.5929496025853787
val
auc: None




/mnt/home/jcervino/Github/CoraCiteseer/PieClam/experiments/../trainer_directed.py:460:::  

train_model_on_params on bigclam citeseer 
took 35.536518812179565 seconds


/mnt/home/jcervino/Github/CoraCiteseer/PieClam/experiments/optimization_utils_directed.py:663:::  
Repetition no. 0


/mnt/home/jcervino/Github/CoraCiteseer/PieClam/experiments/../trainer_directed.py:158:::  

Using dataset specific configuration and not global 




/mnt/home/jcervino/Github/CoraCiteseer/PieClam/experiments/../trainer_directed.py:337:::  

In function train. 
2025-12-20 22:41:34 starting optimization of bigclam on citeseer (DIRECTED) on device cuda

 configs_dict: 
{
    "clamiter_init": {
        "dim_feat": 200,
        "dim_attr": 100,
        "s_reg": 0.0,
        "l1_reg": 1,
        "T": 1,
        "hidden_dim": 64,
        "num_coupling_blocks": 32,
        "num_layers_mlp": 2
    },
    "feat_opt": {
        "lr": 0.0001,
        "n_iter": 5000,
        "early_stop": 0
    }
}


/mnt/home/jcervino/Github/CoraCiteseer/PieClam/experiments/../clamiter_directed.py:440:::  
staring fit_feats for 5000 iterations


/mnt/home/jcervino/Github/CoraCiteseer/PieClam/experiments/../trainer_directed.py:444:::  



FINISHED train 
 last accuracies:
test
key='auc': 0.5959647130753778
val
auc: None




/mnt/home/jcervino/Github/CoraCiteseer/PieClam/experiments/../trainer_directed.py:460:::  

train_model_on_params on bigclam citeseer 
took 89.0467574596405 seconds


/mnt/home/jcervino/Github/CoraCiteseer/PieClam/experiments/optimization_utils_directed.py:663:::  
Repetition no. 1


/mnt/home/jcervino/Github/CoraCiteseer/PieClam/experiments/../trainer_directed.py:158:::  

Using dataset specific configuration and not global 




/mnt/home/jcervino/Github/CoraCiteseer/PieClam/experiments/../trainer_directed.py:337:::  

In function train. 
2025-12-20 22:43:04 starting optimization of bigclam on citeseer (DIRECTED) on device cuda

 configs_dict: 
{
    "clamiter_init": {
        "dim_feat": 200,
        "dim_attr": 100,
        "s_reg": 0.0,
        "l1_reg": 1,
        "T": 1,
        "hidden_dim": 64,
        "num_coupling_blocks": 32,
        "num_layers_mlp": 2
    },
    "feat_opt": {
        "lr": 0.0001,
        "n_iter": 5000,
        "early_stop": 0
    }
}


/mnt/home/jcervino/Github/CoraCiteseer/PieClam/experiments/../clamiter_directed.py:440:::  
staring fit_feats for 5000 iterations


/mnt/home/jcervino/Github/CoraCiteseer/PieClam/experiments/../trainer_directed.py:444:::  



FINISHED train 
 last accuracies:
test
key='auc': 0.5845873002008908
val
auc: None




/mnt/home/jcervino/Github/CoraCiteseer/PieClam/experiments/../trainer_directed.py:460:::  

train_model_on_params on bigclam citeseer 
took 89.28532886505127 seconds


/mnt/home/jcervino/Github/CoraCiteseer/PieClam/experiments/optimization_utils_directed.py:663:::  
Repetition no. 2


/mnt/home/jcervino/Github/CoraCiteseer/PieClam/experiments/../trainer_directed.py:158:::  

Using dataset specific configuration and not global 




/mnt/home/jcervino/Github/CoraCiteseer/PieClam/experiments/../trainer_directed.py:337:::  

In function train. 
2025-12-20 22:44:33 starting optimization of bigclam on citeseer (DIRECTED) on device cuda

 configs_dict: 
{
    "clamiter_init": {
        "dim_feat": 200,
        "dim_attr": 100,
        "s_reg": 0.0,
        "l1_reg": 1,
        "T": 1,
        "hidden_dim": 64,
        "num_coupling_blocks": 32,
        "num_layers_mlp": 2
    },
    "feat_opt": {
        "lr": 0.0001,
        "n_iter": 5000,
        "early_stop": 0
    }
}


/mnt/home/jcervino/Github/CoraCiteseer/PieClam/experiments/../clamiter_directed.py:440:::  
staring fit_feats for 5000 iterations


/mnt/home/jcervino/Github/CoraCiteseer/PieClam/experiments/../trainer_directed.py:444:::  



FINISHED train 
 last accuracies:
test
key='auc': 0.5833452703292864
val
auc: None




/mnt/home/jcervino/Github/CoraCiteseer/PieClam/experiments/../trainer_directed.py:460:::  

train_model_on_params on bigclam citeseer 
took 52.737833976745605 seconds


/mnt/home/jcervino/Github/CoraCiteseer/PieClam/experiments/optimization_utils_directed.py:663:::  
Repetition no. 0


/mnt/home/jcervino/Github/CoraCiteseer/PieClam/experiments/../trainer_directed.py:158:::  

Using dataset specific configuration and not global 




/mnt/home/jcervino/Github/CoraCiteseer/PieClam/experiments/../trainer_directed.py:337:::  

In function train. 
2025-12-20 22:45:26 starting optimization of bigclam on citeseer (DIRECTED) on device cuda

 configs_dict: 
{
    "clamiter_init": {
        "dim_feat": 48,
        "dim_attr": 100,
        "s_reg": 0.1,
        "l1_reg": 1,
        "T": 1,
        "hidden_dim": 64,
        "num_coupling_blocks": 32,
        "num_layers_mlp": 2
    },
    "feat_opt": {
        "lr": 0.0001,
        "n_iter": 2000,
        "early_stop": 0
    }
}


/mnt/home/jcervino/Github/CoraCiteseer/PieClam/experiments/../clamiter_directed.py:440:::  
staring fit_feats for 2000 iterations


/mnt/home/jcervino/Github/CoraCiteseer/PieClam/experiments/../trainer_directed.py:444:::  



FINISHED train 
 last accuracies:
test
key='auc': 0.595444143593327
val
auc: None




/mnt/home/jcervino/Github/CoraCiteseer/PieClam/experiments/../trainer_directed.py:460:::  

train_model_on_params on bigclam citeseer 
took 35.61137866973877 seconds


/mnt/home/jcervino/Github/CoraCiteseer/PieClam/experiments/optimization_utils_directed.py:663:::  
Repetition no. 1


/mnt/home/jcervino/Github/CoraCiteseer/PieClam/experiments/../trainer_directed.py:158:::  

Using dataset specific configuration and not global 




/mnt/home/jcervino/Github/CoraCiteseer/PieClam/experiments/../trainer_directed.py:337:::  

In function train. 
2025-12-20 22:46:02 starting optimization of bigclam on citeseer (DIRECTED) on device cuda

 configs_dict: 
{
    "clamiter_init": {
        "dim_feat": 48,
        "dim_attr": 100,
        "s_reg": 0.1,
        "l1_reg": 1,
        "T": 1,
        "hidden_dim": 64,
        "num_coupling_blocks": 32,
        "num_layers_mlp": 2
    },
    "feat_opt": {
        "lr": 0.0001,
        "n_iter": 2000,
        "early_stop": 0
    }
}


/mnt/home/jcervino/Github/CoraCiteseer/PieClam/experiments/../clamiter_directed.py:440:::  
staring fit_feats for 2000 iterations


/mnt/home/jcervino/Github/CoraCiteseer/PieClam/experiments/../trainer_directed.py:444:::  



FINISHED train 
 last accuracies:
test
key='auc': 0.5845820595685213
val
auc: None




/mnt/home/jcervino/Github/CoraCiteseer/PieClam/experiments/../trainer_directed.py:460:::  

train_model_on_params on bigclam citeseer 
took 35.52682065963745 seconds


/mnt/home/jcervino/Github/CoraCiteseer/PieClam/experiments/optimization_utils_directed.py:663:::  
Repetition no. 2


/mnt/home/jcervino/Github/CoraCiteseer/PieClam/experiments/../trainer_directed.py:158:::  

Using dataset specific configuration and not global 




/mnt/home/jcervino/Github/CoraCiteseer/PieClam/experiments/../trainer_directed.py:337:::  

In function train. 
2025-12-20 22:46:38 starting optimization of bigclam on citeseer (DIRECTED) on device cuda

 configs_dict: 
{
    "clamiter_init": {
        "dim_feat": 48,
        "dim_attr": 100,
        "s_reg": 0.1,
        "l1_reg": 1,
        "T": 1,
        "hidden_dim": 64,
        "num_coupling_blocks": 32,
        "num_layers_mlp": 2
    },
    "feat_opt": {
        "lr": 0.0001,
        "n_iter": 2000,
        "early_stop": 0
    }
}


/mnt/home/jcervino/Github/CoraCiteseer/PieClam/experiments/../clamiter_directed.py:440:::  
staring fit_feats for 2000 iterations


/mnt/home/jcervino/Github/CoraCiteseer/PieClam/experiments/../trainer_directed.py:444:::  



FINISHED train 
 last accuracies:
test
key='auc': 0.5893510350248929
val
auc: None




/mnt/home/jcervino/Github/CoraCiteseer/PieClam/experiments/../trainer_directed.py:460:::  

train_model_on_params on bigclam citeseer 
took 34.96546769142151 seconds


/mnt/home/jcervino/Github/CoraCiteseer/PieClam/experiments/optimization_utils_directed.py:663:::  
Repetition no. 0


/mnt/home/jcervino/Github/CoraCiteseer/PieClam/experiments/../trainer_directed.py:158:::  

Using dataset specific configuration and not global 




/mnt/home/jcervino/Github/CoraCiteseer/PieClam/experiments/../trainer_directed.py:337:::  

In function train. 
2025-12-20 22:47:14 starting optimization of bigclam on citeseer (DIRECTED) on device cuda

 configs_dict: 
{
    "clamiter_init": {
        "dim_feat": 200,
        "dim_attr": 100,
        "s_reg": 0.1,
        "l1_reg": 1,
        "T": 1,
        "hidden_dim": 64,
        "num_coupling_blocks": 32,
        "num_layers_mlp": 2
    },
    "feat_opt": {
        "lr": 1e-05,
        "n_iter": 5000,
        "early_stop": 0
    }
}


/mnt/home/jcervino/Github/CoraCiteseer/PieClam/experiments/../clamiter_directed.py:440:::  
staring fit_feats for 5000 iterations


/mnt/home/jcervino/Github/CoraCiteseer/PieClam/experiments/../trainer_directed.py:444:::  



FINISHED train 
 last accuracies:
test
key='auc': 0.602075290418377
val
auc: None




/mnt/home/jcervino/Github/CoraCiteseer/PieClam/experiments/../trainer_directed.py:460:::  

train_model_on_params on bigclam citeseer 
took 83.97145509719849 seconds


/mnt/home/jcervino/Github/CoraCiteseer/PieClam/experiments/optimization_utils_directed.py:663:::  
Repetition no. 1


/mnt/home/jcervino/Github/CoraCiteseer/PieClam/experiments/../trainer_directed.py:158:::  

Using dataset specific configuration and not global 




/mnt/home/jcervino/Github/CoraCiteseer/PieClam/experiments/../trainer_directed.py:337:::  

In function train. 
2025-12-20 22:48:38 starting optimization of bigclam on citeseer (DIRECTED) on device cuda

 configs_dict: 
{
    "clamiter_init": {
        "dim_feat": 200,
        "dim_attr": 100,
        "s_reg": 0.1,
        "l1_reg": 1,
        "T": 1,
        "hidden_dim": 64,
        "num_coupling_blocks": 32,
        "num_layers_mlp": 2
    },
    "feat_opt": {
        "lr": 1e-05,
        "n_iter": 5000,
        "early_stop": 0
    }
}


/mnt/home/jcervino/Github/CoraCiteseer/PieClam/experiments/../clamiter_directed.py:440:::  
staring fit_feats for 5000 iterations


/mnt/home/jcervino/Github/CoraCiteseer/PieClam/experiments/../trainer_directed.py:444:::  



FINISHED train 
 last accuracies:
test
key='auc': 0.5907660057646956
val
auc: None




/mnt/home/jcervino/Github/CoraCiteseer/PieClam/experiments/../trainer_directed.py:460:::  

train_model_on_params on bigclam citeseer 
took 66.34102821350098 seconds


/mnt/home/jcervino/Github/CoraCiteseer/PieClam/experiments/optimization_utils_directed.py:663:::  
Repetition no. 2


/mnt/home/jcervino/Github/CoraCiteseer/PieClam/experiments/../trainer_directed.py:158:::  

Using dataset specific configuration and not global 




/mnt/home/jcervino/Github/CoraCiteseer/PieClam/experiments/../trainer_directed.py:337:::  

In function train. 
2025-12-20 22:49:45 starting optimization of bigclam on citeseer (DIRECTED) on device cuda

 configs_dict: 
{
    "clamiter_init": {
        "dim_feat": 200,
        "dim_attr": 100,
        "s_reg": 0.1,
        "l1_reg": 1,
        "T": 1,
        "hidden_dim": 64,
        "num_coupling_blocks": 32,
        "num_layers_mlp": 2
    },
    "feat_opt": {
        "lr": 1e-05,
        "n_iter": 5000,
        "early_stop": 0
    }
}


/mnt/home/jcervino/Github/CoraCiteseer/PieClam/experiments/../clamiter_directed.py:440:::  
staring fit_feats for 5000 iterations


/mnt/home/jcervino/Github/CoraCiteseer/PieClam/experiments/../trainer_directed.py:444:::  



FINISHED train 
 last accuracies:
test
key='auc': 0.5973237837365709
val
auc: None




/mnt/home/jcervino/Github/CoraCiteseer/PieClam/experiments/../trainer_directed.py:460:::  

train_model_on_params on bigclam citeseer 
took 60.73106837272644 seconds


/mnt/home/jcervino/Github/CoraCiteseer/PieClam/experiments/optimization_utils_directed.py:663:::  
Repetition no. 0


/mnt/home/jcervino/Github/CoraCiteseer/PieClam/experiments/../trainer_directed.py:158:::  

Using dataset specific configuration and not global 




/mnt/home/jcervino/Github/CoraCiteseer/PieClam/experiments/../trainer_directed.py:337:::  

In function train. 
2025-12-20 22:50:45 starting optimization of bigclam on citeseer (DIRECTED) on device cuda

 configs_dict: 
{
    "clamiter_init": {
        "dim_feat": 48,
        "dim_attr": 100,
        "s_reg": 0.1,
        "l1_reg": 1,
        "T": 1,
        "hidden_dim": 64,
        "num_coupling_blocks": 32,
        "num_layers_mlp": 2
    },
    "feat_opt": {
        "lr": 0.001,
        "n_iter": 7000,
        "early_stop": 0
    }
}


/mnt/home/jcervino/Github/CoraCiteseer/PieClam/experiments/../clamiter_directed.py:440:::  
staring fit_feats for 7000 iterations


/mnt/home/jcervino/Github/CoraCiteseer/PieClam/experiments/../trainer_directed.py:444:::  



FINISHED train 
 last accuracies:
test
key='auc': 0.5
val
auc: None




/mnt/home/jcervino/Github/CoraCiteseer/PieClam/experiments/../trainer_directed.py:460:::  

train_model_on_params on bigclam citeseer 
took 50.47484469413757 seconds


/mnt/home/jcervino/Github/CoraCiteseer/PieClam/experiments/optimization_utils_directed.py:663:::  
Repetition no. 1


/mnt/home/jcervino/Github/CoraCiteseer/PieClam/experiments/../trainer_directed.py:158:::  

Using dataset specific configuration and not global 




/mnt/home/jcervino/Github/CoraCiteseer/PieClam/experiments/../trainer_directed.py:337:::  

In function train. 
2025-12-20 22:51:36 starting optimization of bigclam on citeseer (DIRECTED) on device cuda

 configs_dict: 
{
    "clamiter_init": {
        "dim_feat": 48,
        "dim_attr": 100,
        "s_reg": 0.1,
        "l1_reg": 1,
        "T": 1,
        "hidden_dim": 64,
        "num_coupling_blocks": 32,
        "num_layers_mlp": 2
    },
    "feat_opt": {
        "lr": 0.001,
        "n_iter": 7000,
        "early_stop": 0
    }
}


/mnt/home/jcervino/Github/CoraCiteseer/PieClam/experiments/../clamiter_directed.py:440:::  
staring fit_feats for 7000 iterations


/mnt/home/jcervino/Github/CoraCiteseer/PieClam/experiments/../trainer_directed.py:444:::  



FINISHED train 
 last accuracies:
test
key='auc': 0.5
val
auc: None




/mnt/home/jcervino/Github/CoraCiteseer/PieClam/experiments/../trainer_directed.py:460:::  

train_model_on_params on bigclam citeseer 
took 53.68589997291565 seconds


/mnt/home/jcervino/Github/CoraCiteseer/PieClam/experiments/optimization_utils_directed.py:663:::  
Repetition no. 2


/mnt/home/jcervino/Github/CoraCiteseer/PieClam/experiments/../trainer_directed.py:158:::  

Using dataset specific configuration and not global 




/mnt/home/jcervino/Github/CoraCiteseer/PieClam/experiments/../trainer_directed.py:337:::  

In function train. 
2025-12-20 22:52:30 starting optimization of bigclam on citeseer (DIRECTED) on device cuda

 configs_dict: 
{
    "clamiter_init": {
        "dim_feat": 48,
        "dim_attr": 100,
        "s_reg": 0.1,
        "l1_reg": 1,
        "T": 1,
        "hidden_dim": 64,
        "num_coupling_blocks": 32,
        "num_layers_mlp": 2
    },
    "feat_opt": {
        "lr": 0.001,
        "n_iter": 7000,
        "early_stop": 0
    }
}


/mnt/home/jcervino/Github/CoraCiteseer/PieClam/experiments/../clamiter_directed.py:440:::  
staring fit_feats for 7000 iterations


/mnt/home/jcervino/Github/CoraCiteseer/PieClam/experiments/../trainer_directed.py:444:::  



FINISHED train 
 last accuracies:
test
key='auc': 0.5
val
auc: None




/mnt/home/jcervino/Github/CoraCiteseer/PieClam/experiments/../trainer_directed.py:460:::  

train_model_on_params on bigclam citeseer 
took 67.69562864303589 seconds


/mnt/home/jcervino/Github/CoraCiteseer/PieClam/experiments/optimization_utils_directed.py:663:::  
Repetition no. 0


/mnt/home/jcervino/Github/CoraCiteseer/PieClam/experiments/../trainer_directed.py:158:::  

Using dataset specific configuration and not global 




/mnt/home/jcervino/Github/CoraCiteseer/PieClam/experiments/../trainer_directed.py:337:::  

In function train. 
2025-12-20 22:53:38 starting optimization of bigclam on citeseer (DIRECTED) on device cuda

 configs_dict: 
{
    "clamiter_init": {
        "dim_feat": 48,
        "dim_attr": 100,
        "s_reg": 0.0,
        "l1_reg": 1,
        "T": 1,
        "hidden_dim": 64,
        "num_coupling_blocks": 32,
        "num_layers_mlp": 2
    },
    "feat_opt": {
        "lr": 0.001,
        "n_iter": 5000,
        "early_stop": 0
    }
}


/mnt/home/jcervino/Github/CoraCiteseer/PieClam/experiments/../clamiter_directed.py:440:::  
staring fit_feats for 5000 iterations


/mnt/home/jcervino/Github/CoraCiteseer/PieClam/experiments/../trainer_directed.py:444:::  



FINISHED train 
 last accuracies:
test
key='auc': 0.5
val
auc: None




/mnt/home/jcervino/Github/CoraCiteseer/PieClam/experiments/../trainer_directed.py:460:::  

train_model_on_params on bigclam citeseer 
took 56.51689624786377 seconds


/mnt/home/jcervino/Github/CoraCiteseer/PieClam/experiments/optimization_utils_directed.py:663:::  
Repetition no. 1


/mnt/home/jcervino/Github/CoraCiteseer/PieClam/experiments/../trainer_directed.py:158:::  

Using dataset specific configuration and not global 




/mnt/home/jcervino/Github/CoraCiteseer/PieClam/experiments/../trainer_directed.py:337:::  

In function train. 
2025-12-20 22:54:34 starting optimization of bigclam on citeseer (DIRECTED) on device cuda

 configs_dict: 
{
    "clamiter_init": {
        "dim_feat": 48,
        "dim_attr": 100,
        "s_reg": 0.0,
        "l1_reg": 1,
        "T": 1,
        "hidden_dim": 64,
        "num_coupling_blocks": 32,
        "num_layers_mlp": 2
    },
    "feat_opt": {
        "lr": 0.001,
        "n_iter": 5000,
        "early_stop": 0
    }
}


/mnt/home/jcervino/Github/CoraCiteseer/PieClam/experiments/../clamiter_directed.py:440:::  
staring fit_feats for 5000 iterations


/mnt/home/jcervino/Github/CoraCiteseer/PieClam/experiments/../trainer_directed.py:444:::  



FINISHED train 
 last accuracies:
test
key='auc': 0.5
val
auc: None




/mnt/home/jcervino/Github/CoraCiteseer/PieClam/experiments/../trainer_directed.py:460:::  

train_model_on_params on bigclam citeseer 
took 41.792011976242065 seconds


/mnt/home/jcervino/Github/CoraCiteseer/PieClam/experiments/optimization_utils_directed.py:663:::  
Repetition no. 2


/mnt/home/jcervino/Github/CoraCiteseer/PieClam/experiments/../trainer_directed.py:158:::  

Using dataset specific configuration and not global 




/mnt/home/jcervino/Github/CoraCiteseer/PieClam/experiments/../trainer_directed.py:337:::  

In function train. 
2025-12-20 22:55:16 starting optimization of bigclam on citeseer (DIRECTED) on device cuda

 configs_dict: 
{
    "clamiter_init": {
        "dim_feat": 48,
        "dim_attr": 100,
        "s_reg": 0.0,
        "l1_reg": 1,
        "T": 1,
        "hidden_dim": 64,
        "num_coupling_blocks": 32,
        "num_layers_mlp": 2
    },
    "feat_opt": {
        "lr": 0.001,
        "n_iter": 5000,
        "early_stop": 0
    }
}


/mnt/home/jcervino/Github/CoraCiteseer/PieClam/experiments/../clamiter_directed.py:440:::  
staring fit_feats for 5000 iterations


/mnt/home/jcervino/Github/CoraCiteseer/PieClam/experiments/../trainer_directed.py:444:::  



FINISHED train 
 last accuracies:
test
key='auc': 0.5
val
auc: None




/mnt/home/jcervino/Github/CoraCiteseer/PieClam/experiments/../trainer_directed.py:460:::  

train_model_on_params on bigclam citeseer 
took 34.91695547103882 seconds


/mnt/home/jcervino/Github/CoraCiteseer/PieClam/experiments/optimization_utils_directed.py:663:::  
Repetition no. 0


/mnt/home/jcervino/Github/CoraCiteseer/PieClam/experiments/../trainer_directed.py:158:::  

Using dataset specific configuration and not global 




/mnt/home/jcervino/Github/CoraCiteseer/PieClam/experiments/../trainer_directed.py:337:::  

In function train. 
2025-12-20 22:55:51 starting optimization of bigclam on citeseer (DIRECTED) on device cuda

 configs_dict: 
{
    "clamiter_init": {
        "dim_feat": 200,
        "dim_attr": 100,
        "s_reg": 0.0,
        "l1_reg": 1,
        "T": 1,
        "hidden_dim": 64,
        "num_coupling_blocks": 32,
        "num_layers_mlp": 2
    },
    "feat_opt": {
        "lr": 0.0001,
        "n_iter": 2000,
        "early_stop": 0
    }
}


/mnt/home/jcervino/Github/CoraCiteseer/PieClam/experiments/../clamiter_directed.py:440:::  
staring fit_feats for 2000 iterations


/mnt/home/jcervino/Github/CoraCiteseer/PieClam/experiments/../trainer_directed.py:444:::  



FINISHED train 
 last accuracies:
test
key='auc': 0.5859306489649752
val
auc: None




/mnt/home/jcervino/Github/CoraCiteseer/PieClam/experiments/../trainer_directed.py:460:::  

train_model_on_params on bigclam citeseer 
took 16.638994216918945 seconds


/mnt/home/jcervino/Github/CoraCiteseer/PieClam/experiments/optimization_utils_directed.py:663:::  
Repetition no. 1


/mnt/home/jcervino/Github/CoraCiteseer/PieClam/experiments/../trainer_directed.py:158:::  

Using dataset specific configuration and not global 




/mnt/home/jcervino/Github/CoraCiteseer/PieClam/experiments/../trainer_directed.py:337:::  

In function train. 
2025-12-20 22:56:08 starting optimization of bigclam on citeseer (DIRECTED) on device cuda

 configs_dict: 
{
    "clamiter_init": {
        "dim_feat": 200,
        "dim_attr": 100,
        "s_reg": 0.0,
        "l1_reg": 1,
        "T": 1,
        "hidden_dim": 64,
        "num_coupling_blocks": 32,
        "num_layers_mlp": 2
    },
    "feat_opt": {
        "lr": 0.0001,
        "n_iter": 2000,
        "early_stop": 0
    }
}


/mnt/home/jcervino/Github/CoraCiteseer/PieClam/experiments/../clamiter_directed.py:440:::  
staring fit_feats for 2000 iterations


/mnt/home/jcervino/Github/CoraCiteseer/PieClam/experiments/../trainer_directed.py:444:::  



FINISHED train 
 last accuracies:
test
key='auc': 0.5911014062363525
val
auc: None




/mnt/home/jcervino/Github/CoraCiteseer/PieClam/experiments/../trainer_directed.py:460:::  

train_model_on_params on bigclam citeseer 
took 21.29294514656067 seconds


/mnt/home/jcervino/Github/CoraCiteseer/PieClam/experiments/optimization_utils_directed.py:663:::  
Repetition no. 2


/mnt/home/jcervino/Github/CoraCiteseer/PieClam/experiments/../trainer_directed.py:158:::  

Using dataset specific configuration and not global 




/mnt/home/jcervino/Github/CoraCiteseer/PieClam/experiments/../trainer_directed.py:337:::  

In function train. 
2025-12-20 22:56:29 starting optimization of bigclam on citeseer (DIRECTED) on device cuda

 configs_dict: 
{
    "clamiter_init": {
        "dim_feat": 200,
        "dim_attr": 100,
        "s_reg": 0.0,
        "l1_reg": 1,
        "T": 1,
        "hidden_dim": 64,
        "num_coupling_blocks": 32,
        "num_layers_mlp": 2
    },
    "feat_opt": {
        "lr": 0.0001,
        "n_iter": 2000,
        "early_stop": 0
    }
}


/mnt/home/jcervino/Github/CoraCiteseer/PieClam/experiments/../clamiter_directed.py:440:::  
staring fit_feats for 2000 iterations


/mnt/home/jcervino/Github/CoraCiteseer/PieClam/experiments/../trainer_directed.py:444:::  



FINISHED train 
 last accuracies:
test
key='auc': 0.5805310507467901
val
auc: None




/mnt/home/jcervino/Github/CoraCiteseer/PieClam/experiments/../trainer_directed.py:460:::  

train_model_on_params on bigclam citeseer 
took 23.000479221343994 seconds


/mnt/home/jcervino/Github/CoraCiteseer/PieClam/experiments/optimization_utils_directed.py:663:::  
Repetition no. 0


/mnt/home/jcervino/Github/CoraCiteseer/PieClam/experiments/../trainer_directed.py:158:::  

Using dataset specific configuration and not global 




/mnt/home/jcervino/Github/CoraCiteseer/PieClam/experiments/../trainer_directed.py:337:::  

In function train. 
2025-12-20 22:56:53 starting optimization of bigclam on citeseer (DIRECTED) on device cuda

 configs_dict: 
{
    "clamiter_init": {
        "dim_feat": 200,
        "dim_attr": 100,
        "s_reg": 0.1,
        "l1_reg": 1,
        "T": 1,
        "hidden_dim": 64,
        "num_coupling_blocks": 32,
        "num_layers_mlp": 2
    },
    "feat_opt": {
        "lr": 0.001,
        "n_iter": 2000,
        "early_stop": 0
    }
}


/mnt/home/jcervino/Github/CoraCiteseer/PieClam/experiments/../clamiter_directed.py:440:::  
staring fit_feats for 2000 iterations


/mnt/home/jcervino/Github/CoraCiteseer/PieClam/experiments/../trainer_directed.py:444:::  



FINISHED train 
 last accuracies:
test
key='auc': 0.5
val
auc: None




/mnt/home/jcervino/Github/CoraCiteseer/PieClam/experiments/../trainer_directed.py:460:::  

train_model_on_params on bigclam citeseer 
took 20.849541425704956 seconds


/mnt/home/jcervino/Github/CoraCiteseer/PieClam/experiments/optimization_utils_directed.py:663:::  
Repetition no. 1


/mnt/home/jcervino/Github/CoraCiteseer/PieClam/experiments/../trainer_directed.py:158:::  

Using dataset specific configuration and not global 




/mnt/home/jcervino/Github/CoraCiteseer/PieClam/experiments/../trainer_directed.py:337:::  

In function train. 
2025-12-20 22:57:14 starting optimization of bigclam on citeseer (DIRECTED) on device cuda

 configs_dict: 
{
    "clamiter_init": {
        "dim_feat": 200,
        "dim_attr": 100,
        "s_reg": 0.1,
        "l1_reg": 1,
        "T": 1,
        "hidden_dim": 64,
        "num_coupling_blocks": 32,
        "num_layers_mlp": 2
    },
    "feat_opt": {
        "lr": 0.001,
        "n_iter": 2000,
        "early_stop": 0
    }
}


/mnt/home/jcervino/Github/CoraCiteseer/PieClam/experiments/../clamiter_directed.py:440:::  
staring fit_feats for 2000 iterations


/mnt/home/jcervino/Github/CoraCiteseer/PieClam/experiments/../trainer_directed.py:444:::  



FINISHED train 
 last accuracies:
test
key='auc': 0.5
val
auc: None




/mnt/home/jcervino/Github/CoraCiteseer/PieClam/experiments/../trainer_directed.py:460:::  

train_model_on_params on bigclam citeseer 
took 25.4511456489563 seconds


/mnt/home/jcervino/Github/CoraCiteseer/PieClam/experiments/optimization_utils_directed.py:663:::  
Repetition no. 2


/mnt/home/jcervino/Github/CoraCiteseer/PieClam/experiments/../trainer_directed.py:158:::  

Using dataset specific configuration and not global 




/mnt/home/jcervino/Github/CoraCiteseer/PieClam/experiments/../trainer_directed.py:337:::  

In function train. 
2025-12-20 22:57:39 starting optimization of bigclam on citeseer (DIRECTED) on device cuda

 configs_dict: 
{
    "clamiter_init": {
        "dim_feat": 200,
        "dim_attr": 100,
        "s_reg": 0.1,
        "l1_reg": 1,
        "T": 1,
        "hidden_dim": 64,
        "num_coupling_blocks": 32,
        "num_layers_mlp": 2
    },
    "feat_opt": {
        "lr": 0.001,
        "n_iter": 2000,
        "early_stop": 0
    }
}


/mnt/home/jcervino/Github/CoraCiteseer/PieClam/experiments/../clamiter_directed.py:440:::  
staring fit_feats for 2000 iterations


/mnt/home/jcervino/Github/CoraCiteseer/PieClam/experiments/../trainer_directed.py:444:::  



FINISHED train 
 last accuracies:
test
key='auc': 0.5
val
auc: None




/mnt/home/jcervino/Github/CoraCiteseer/PieClam/experiments/../trainer_directed.py:460:::  

train_model_on_params on bigclam citeseer 
took 31.509266138076782 seconds


/mnt/home/jcervino/Github/CoraCiteseer/PieClam/experiments/optimization_utils_directed.py:663:::  
Repetition no. 0


/mnt/home/jcervino/Github/CoraCiteseer/PieClam/experiments/../trainer_directed.py:158:::  

Using dataset specific configuration and not global 




/mnt/home/jcervino/Github/CoraCiteseer/PieClam/experiments/../trainer_directed.py:337:::  

In function train. 
2025-12-20 22:58:11 starting optimization of bigclam on citeseer (DIRECTED) on device cuda

 configs_dict: 
{
    "clamiter_init": {
        "dim_feat": 48,
        "dim_attr": 100,
        "s_reg": 0.0,
        "l1_reg": 1,
        "T": 1,
        "hidden_dim": 64,
        "num_coupling_blocks": 32,
        "num_layers_mlp": 2
    },
    "feat_opt": {
        "lr": 1e-05,
        "n_iter": 5000,
        "early_stop": 0
    }
}


/mnt/home/jcervino/Github/CoraCiteseer/PieClam/experiments/../clamiter_directed.py:440:::  
staring fit_feats for 5000 iterations


/mnt/home/jcervino/Github/CoraCiteseer/PieClam/experiments/../trainer_directed.py:444:::  



FINISHED train 
 last accuracies:
test
key='auc': 0.6093038693335663
val
auc: None




/mnt/home/jcervino/Github/CoraCiteseer/PieClam/experiments/../trainer_directed.py:460:::  

train_model_on_params on bigclam citeseer 
took 88.65477752685547 seconds


/mnt/home/jcervino/Github/CoraCiteseer/PieClam/experiments/optimization_utils_directed.py:663:::  
Repetition no. 1


/mnt/home/jcervino/Github/CoraCiteseer/PieClam/experiments/../trainer_directed.py:158:::  

Using dataset specific configuration and not global 




/mnt/home/jcervino/Github/CoraCiteseer/PieClam/experiments/../trainer_directed.py:337:::  

In function train. 
2025-12-20 22:59:40 starting optimization of bigclam on citeseer (DIRECTED) on device cuda

 configs_dict: 
{
    "clamiter_init": {
        "dim_feat": 48,
        "dim_attr": 100,
        "s_reg": 0.0,
        "l1_reg": 1,
        "T": 1,
        "hidden_dim": 64,
        "num_coupling_blocks": 32,
        "num_layers_mlp": 2
    },
    "feat_opt": {
        "lr": 1e-05,
        "n_iter": 5000,
        "early_stop": 0
    }
}


/mnt/home/jcervino/Github/CoraCiteseer/PieClam/experiments/../clamiter_directed.py:440:::  
staring fit_feats for 5000 iterations


/mnt/home/jcervino/Github/CoraCiteseer/PieClam/experiments/../trainer_directed.py:444:::  



FINISHED train 
 last accuracies:
test
key='auc': 0.59055638046991
val
auc: None




/mnt/home/jcervino/Github/CoraCiteseer/PieClam/experiments/../trainer_directed.py:460:::  

train_model_on_params on bigclam citeseer 
took 88.08733415603638 seconds


/mnt/home/jcervino/Github/CoraCiteseer/PieClam/experiments/optimization_utils_directed.py:663:::  
Repetition no. 2


/mnt/home/jcervino/Github/CoraCiteseer/PieClam/experiments/../trainer_directed.py:158:::  

Using dataset specific configuration and not global 




/mnt/home/jcervino/Github/CoraCiteseer/PieClam/experiments/../trainer_directed.py:337:::  

In function train. 
2025-12-20 23:01:09 starting optimization of bigclam on citeseer (DIRECTED) on device cuda

 configs_dict: 
{
    "clamiter_init": {
        "dim_feat": 48,
        "dim_attr": 100,
        "s_reg": 0.0,
        "l1_reg": 1,
        "T": 1,
        "hidden_dim": 64,
        "num_coupling_blocks": 32,
        "num_layers_mlp": 2
    },
    "feat_opt": {
        "lr": 1e-05,
        "n_iter": 5000,
        "early_stop": 0
    }
}


/mnt/home/jcervino/Github/CoraCiteseer/PieClam/experiments/../clamiter_directed.py:440:::  
staring fit_feats for 5000 iterations


/mnt/home/jcervino/Github/CoraCiteseer/PieClam/experiments/../trainer_directed.py:444:::  



FINISHED train 
 last accuracies:
test
key='auc': 0.6066660843741812
val
auc: None




/mnt/home/jcervino/Github/CoraCiteseer/PieClam/experiments/../trainer_directed.py:460:::  

train_model_on_params on bigclam citeseer 
took 88.80077075958252 seconds


/mnt/home/jcervino/Github/CoraCiteseer/PieClam/experiments/optimization_utils_directed.py:663:::  
Repetition no. 0


/mnt/home/jcervino/Github/CoraCiteseer/PieClam/experiments/../trainer_directed.py:158:::  

Using dataset specific configuration and not global 




/mnt/home/jcervino/Github/CoraCiteseer/PieClam/experiments/../trainer_directed.py:337:::  

In function train. 
2025-12-20 23:02:38 starting optimization of bigclam on citeseer (DIRECTED) on device cuda

 configs_dict: 
{
    "clamiter_init": {
        "dim_feat": 200,
        "dim_attr": 100,
        "s_reg": 0.1,
        "l1_reg": 1,
        "T": 1,
        "hidden_dim": 64,
        "num_coupling_blocks": 32,
        "num_layers_mlp": 2
    },
    "feat_opt": {
        "lr": 0.0001,
        "n_iter": 7000,
        "early_stop": 0
    }
}


/mnt/home/jcervino/Github/CoraCiteseer/PieClam/experiments/../clamiter_directed.py:440:::  
staring fit_feats for 7000 iterations


/mnt/home/jcervino/Github/CoraCiteseer/PieClam/experiments/../trainer_directed.py:444:::  



FINISHED train 
 last accuracies:
test
key='auc': 0.5790234955017906
val
auc: None




/mnt/home/jcervino/Github/CoraCiteseer/PieClam/experiments/../trainer_directed.py:460:::  

train_model_on_params on bigclam citeseer 
took 121.76514267921448 seconds


/mnt/home/jcervino/Github/CoraCiteseer/PieClam/experiments/optimization_utils_directed.py:663:::  
Repetition no. 1


/mnt/home/jcervino/Github/CoraCiteseer/PieClam/experiments/../trainer_directed.py:158:::  

Using dataset specific configuration and not global 




/mnt/home/jcervino/Github/CoraCiteseer/PieClam/experiments/../trainer_directed.py:337:::  

In function train. 
2025-12-20 23:04:40 starting optimization of bigclam on citeseer (DIRECTED) on device cuda

 configs_dict: 
{
    "clamiter_init": {
        "dim_feat": 200,
        "dim_attr": 100,
        "s_reg": 0.1,
        "l1_reg": 1,
        "T": 1,
        "hidden_dim": 64,
        "num_coupling_blocks": 32,
        "num_layers_mlp": 2
    },
    "feat_opt": {
        "lr": 0.0001,
        "n_iter": 7000,
        "early_stop": 0
    }
}


/mnt/home/jcervino/Github/CoraCiteseer/PieClam/experiments/../clamiter_directed.py:440:::  
staring fit_feats for 7000 iterations


/mnt/home/jcervino/Github/CoraCiteseer/PieClam/experiments/../trainer_directed.py:444:::  



FINISHED train 
 last accuracies:
test
key='auc': 0.5684234430954668
val
auc: None




/mnt/home/jcervino/Github/CoraCiteseer/PieClam/experiments/../trainer_directed.py:460:::  

train_model_on_params on bigclam citeseer 
took 124.409677028656 seconds


/mnt/home/jcervino/Github/CoraCiteseer/PieClam/experiments/optimization_utils_directed.py:663:::  
Repetition no. 2


/mnt/home/jcervino/Github/CoraCiteseer/PieClam/experiments/../trainer_directed.py:158:::  

Using dataset specific configuration and not global 




/mnt/home/jcervino/Github/CoraCiteseer/PieClam/experiments/../trainer_directed.py:337:::  

In function train. 
2025-12-20 23:06:45 starting optimization of bigclam on citeseer (DIRECTED) on device cuda

 configs_dict: 
{
    "clamiter_init": {
        "dim_feat": 200,
        "dim_attr": 100,
        "s_reg": 0.1,
        "l1_reg": 1,
        "T": 1,
        "hidden_dim": 64,
        "num_coupling_blocks": 32,
        "num_layers_mlp": 2
    },
    "feat_opt": {
        "lr": 0.0001,
        "n_iter": 7000,
        "early_stop": 0
    }
}


/mnt/home/jcervino/Github/CoraCiteseer/PieClam/experiments/../clamiter_directed.py:440:::  
staring fit_feats for 7000 iterations


/mnt/home/jcervino/Github/CoraCiteseer/PieClam/experiments/../trainer_directed.py:444:::  



FINISHED train 
 last accuracies:
test
key='auc': 0.5703380207878417
val
auc: None




/mnt/home/jcervino/Github/CoraCiteseer/PieClam/experiments/../trainer_directed.py:460:::  

train_model_on_params on bigclam citeseer 
took 123.99013161659241 seconds


/mnt/home/jcervino/Github/CoraCiteseer/PieClam/experiments/optimization_utils_directed.py:663:::  
Repetition no. 0


/mnt/home/jcervino/Github/CoraCiteseer/PieClam/experiments/../trainer_directed.py:158:::  

Using dataset specific configuration and not global 




/mnt/home/jcervino/Github/CoraCiteseer/PieClam/experiments/../trainer_directed.py:337:::  

In function train. 
2025-12-20 23:08:49 starting optimization of bigclam on citeseer (DIRECTED) on device cuda

 configs_dict: 
{
    "clamiter_init": {
        "dim_feat": 100,
        "dim_attr": 100,
        "s_reg": 0.0,
        "l1_reg": 1,
        "T": 1,
        "hidden_dim": 64,
        "num_coupling_blocks": 32,
        "num_layers_mlp": 2
    },
    "feat_opt": {
        "lr": 1e-05,
        "n_iter": 2000,
        "early_stop": 0
    }
}


/mnt/home/jcervino/Github/CoraCiteseer/PieClam/experiments/../clamiter_directed.py:440:::  
staring fit_feats for 2000 iterations


/mnt/home/jcervino/Github/CoraCiteseer/PieClam/experiments/../trainer_directed.py:444:::  



FINISHED train 
 last accuracies:
test
key='auc': 0.5995982181849944
val
auc: None




/mnt/home/jcervino/Github/CoraCiteseer/PieClam/experiments/../trainer_directed.py:460:::  

train_model_on_params on bigclam citeseer 
took 35.37367296218872 seconds


/mnt/home/jcervino/Github/CoraCiteseer/PieClam/experiments/optimization_utils_directed.py:663:::  
Repetition no. 1


/mnt/home/jcervino/Github/CoraCiteseer/PieClam/experiments/../trainer_directed.py:158:::  

Using dataset specific configuration and not global 




/mnt/home/jcervino/Github/CoraCiteseer/PieClam/experiments/../trainer_directed.py:337:::  

In function train. 
2025-12-20 23:09:25 starting optimization of bigclam on citeseer (DIRECTED) on device cuda

 configs_dict: 
{
    "clamiter_init": {
        "dim_feat": 100,
        "dim_attr": 100,
        "s_reg": 0.0,
        "l1_reg": 1,
        "T": 1,
        "hidden_dim": 64,
        "num_coupling_blocks": 32,
        "num_layers_mlp": 2
    },
    "feat_opt": {
        "lr": 1e-05,
        "n_iter": 2000,
        "early_stop": 0
    }
}


/mnt/home/jcervino/Github/CoraCiteseer/PieClam/experiments/../clamiter_directed.py:440:::  
staring fit_feats for 2000 iterations


/mnt/home/jcervino/Github/CoraCiteseer/PieClam/experiments/../trainer_directed.py:444:::  



FINISHED train 
 last accuracies:
test
key='auc': 0.607106297493231
val
auc: None




/mnt/home/jcervino/Github/CoraCiteseer/PieClam/experiments/../trainer_directed.py:460:::  

train_model_on_params on bigclam citeseer 
took 35.74737095832825 seconds


/mnt/home/jcervino/Github/CoraCiteseer/PieClam/experiments/optimization_utils_directed.py:663:::  
Repetition no. 2


/mnt/home/jcervino/Github/CoraCiteseer/PieClam/experiments/../trainer_directed.py:158:::  

Using dataset specific configuration and not global 




/mnt/home/jcervino/Github/CoraCiteseer/PieClam/experiments/../trainer_directed.py:337:::  

In function train. 
2025-12-20 23:10:01 starting optimization of bigclam on citeseer (DIRECTED) on device cuda

 configs_dict: 
{
    "clamiter_init": {
        "dim_feat": 100,
        "dim_attr": 100,
        "s_reg": 0.0,
        "l1_reg": 1,
        "T": 1,
        "hidden_dim": 64,
        "num_coupling_blocks": 32,
        "num_layers_mlp": 2
    },
    "feat_opt": {
        "lr": 1e-05,
        "n_iter": 2000,
        "early_stop": 0
    }
}


/mnt/home/jcervino/Github/CoraCiteseer/PieClam/experiments/../clamiter_directed.py:440:::  
staring fit_feats for 2000 iterations


/mnt/home/jcervino/Github/CoraCiteseer/PieClam/experiments/../trainer_directed.py:444:::  



FINISHED train 
 last accuracies:
test
key='auc': 0.6202969691676129
val
auc: None




/mnt/home/jcervino/Github/CoraCiteseer/PieClam/experiments/../trainer_directed.py:460:::  

train_model_on_params on bigclam citeseer 
took 35.46490120887756 seconds


/mnt/home/jcervino/Github/CoraCiteseer/PieClam/experiments/optimization_utils_directed.py:663:::  
Repetition no. 0


/mnt/home/jcervino/Github/CoraCiteseer/PieClam/experiments/../trainer_directed.py:158:::  

Using dataset specific configuration and not global 




/mnt/home/jcervino/Github/CoraCiteseer/PieClam/experiments/../trainer_directed.py:337:::  

In function train. 
2025-12-20 23:10:37 starting optimization of bigclam on citeseer (DIRECTED) on device cuda

 configs_dict: 
{
    "clamiter_init": {
        "dim_feat": 100,
        "dim_attr": 100,
        "s_reg": 0.1,
        "l1_reg": 1,
        "T": 1,
        "hidden_dim": 64,
        "num_coupling_blocks": 32,
        "num_layers_mlp": 2
    },
    "feat_opt": {
        "lr": 0.001,
        "n_iter": 2000,
        "early_stop": 0
    }
}


/mnt/home/jcervino/Github/CoraCiteseer/PieClam/experiments/../clamiter_directed.py:440:::  
staring fit_feats for 2000 iterations


/mnt/home/jcervino/Github/CoraCiteseer/PieClam/experiments/../trainer_directed.py:444:::  



FINISHED train 
 last accuracies:
test
key='auc': 0.5
val
auc: None




/mnt/home/jcervino/Github/CoraCiteseer/PieClam/experiments/../trainer_directed.py:460:::  

train_model_on_params on bigclam citeseer 
took 35.76697826385498 seconds


/mnt/home/jcervino/Github/CoraCiteseer/PieClam/experiments/optimization_utils_directed.py:663:::  
Repetition no. 1


/mnt/home/jcervino/Github/CoraCiteseer/PieClam/experiments/../trainer_directed.py:158:::  

Using dataset specific configuration and not global 




/mnt/home/jcervino/Github/CoraCiteseer/PieClam/experiments/../trainer_directed.py:337:::  

In function train. 
2025-12-20 23:11:13 starting optimization of bigclam on citeseer (DIRECTED) on device cuda

 configs_dict: 
{
    "clamiter_init": {
        "dim_feat": 100,
        "dim_attr": 100,
        "s_reg": 0.1,
        "l1_reg": 1,
        "T": 1,
        "hidden_dim": 64,
        "num_coupling_blocks": 32,
        "num_layers_mlp": 2
    },
    "feat_opt": {
        "lr": 0.001,
        "n_iter": 2000,
        "early_stop": 0
    }
}


/mnt/home/jcervino/Github/CoraCiteseer/PieClam/experiments/../clamiter_directed.py:440:::  
staring fit_feats for 2000 iterations


/mnt/home/jcervino/Github/CoraCiteseer/PieClam/experiments/../trainer_directed.py:444:::  



FINISHED train 
 last accuracies:
test
key='auc': 0.5
val
auc: None




/mnt/home/jcervino/Github/CoraCiteseer/PieClam/experiments/../trainer_directed.py:460:::  

train_model_on_params on bigclam citeseer 
took 35.56054615974426 seconds


/mnt/home/jcervino/Github/CoraCiteseer/PieClam/experiments/optimization_utils_directed.py:663:::  
Repetition no. 2


/mnt/home/jcervino/Github/CoraCiteseer/PieClam/experiments/../trainer_directed.py:158:::  

Using dataset specific configuration and not global 




/mnt/home/jcervino/Github/CoraCiteseer/PieClam/experiments/../trainer_directed.py:337:::  

In function train. 
2025-12-20 23:11:49 starting optimization of bigclam on citeseer (DIRECTED) on device cuda

 configs_dict: 
{
    "clamiter_init": {
        "dim_feat": 100,
        "dim_attr": 100,
        "s_reg": 0.1,
        "l1_reg": 1,
        "T": 1,
        "hidden_dim": 64,
        "num_coupling_blocks": 32,
        "num_layers_mlp": 2
    },
    "feat_opt": {
        "lr": 0.001,
        "n_iter": 2000,
        "early_stop": 0
    }
}


/mnt/home/jcervino/Github/CoraCiteseer/PieClam/experiments/../clamiter_directed.py:440:::  
staring fit_feats for 2000 iterations


/mnt/home/jcervino/Github/CoraCiteseer/PieClam/experiments/../trainer_directed.py:444:::  



FINISHED train 
 last accuracies:
test
key='auc': 0.5
val
auc: None




/mnt/home/jcervino/Github/CoraCiteseer/PieClam/experiments/../trainer_directed.py:460:::  

train_model_on_params on bigclam citeseer 
took 35.48783278465271 seconds


/mnt/home/jcervino/Github/CoraCiteseer/PieClam/experiments/optimization_utils_directed.py:663:::  
Repetition no. 0


/mnt/home/jcervino/Github/CoraCiteseer/PieClam/experiments/../trainer_directed.py:158:::  

Using dataset specific configuration and not global 




/mnt/home/jcervino/Github/CoraCiteseer/PieClam/experiments/../trainer_directed.py:337:::  

In function train. 
2025-12-20 23:12:25 starting optimization of bigclam on citeseer (DIRECTED) on device cuda

 configs_dict: 
{
    "clamiter_init": {
        "dim_feat": 200,
        "dim_attr": 100,
        "s_reg": 0.0,
        "l1_reg": 1,
        "T": 1,
        "hidden_dim": 64,
        "num_coupling_blocks": 32,
        "num_layers_mlp": 2
    },
    "feat_opt": {
        "lr": 1e-05,
        "n_iter": 5000,
        "early_stop": 0
    }
}


/mnt/home/jcervino/Github/CoraCiteseer/PieClam/experiments/../clamiter_directed.py:440:::  
staring fit_feats for 5000 iterations


/mnt/home/jcervino/Github/CoraCiteseer/PieClam/experiments/../trainer_directed.py:444:::  



FINISHED train 
 last accuracies:
test
key='auc': 0.5880513581972224
val
auc: None




/mnt/home/jcervino/Github/CoraCiteseer/PieClam/experiments/../trainer_directed.py:460:::  

train_model_on_params on bigclam citeseer 
took 81.5098774433136 seconds


/mnt/home/jcervino/Github/CoraCiteseer/PieClam/experiments/optimization_utils_directed.py:663:::  
Repetition no. 1


/mnt/home/jcervino/Github/CoraCiteseer/PieClam/experiments/../trainer_directed.py:158:::  

Using dataset specific configuration and not global 




/mnt/home/jcervino/Github/CoraCiteseer/PieClam/experiments/../trainer_directed.py:337:::  

In function train. 
2025-12-20 23:13:46 starting optimization of bigclam on citeseer (DIRECTED) on device cuda

 configs_dict: 
{
    "clamiter_init": {
        "dim_feat": 200,
        "dim_attr": 100,
        "s_reg": 0.0,
        "l1_reg": 1,
        "T": 1,
        "hidden_dim": 64,
        "num_coupling_blocks": 32,
        "num_layers_mlp": 2
    },
    "feat_opt": {
        "lr": 1e-05,
        "n_iter": 5000,
        "early_stop": 0
    }
}


/mnt/home/jcervino/Github/CoraCiteseer/PieClam/experiments/../clamiter_directed.py:440:::  
staring fit_feats for 5000 iterations


/mnt/home/jcervino/Github/CoraCiteseer/PieClam/experiments/../trainer_directed.py:444:::  



FINISHED train 
 last accuracies:
test
key='auc': 0.5829958948379772
val
auc: None




/mnt/home/jcervino/Github/CoraCiteseer/PieClam/experiments/../trainer_directed.py:460:::  

train_model_on_params on bigclam citeseer 
took 37.58391571044922 seconds


/mnt/home/jcervino/Github/CoraCiteseer/PieClam/experiments/optimization_utils_directed.py:663:::  
Repetition no. 2


/mnt/home/jcervino/Github/CoraCiteseer/PieClam/experiments/../trainer_directed.py:158:::  

Using dataset specific configuration and not global 




/mnt/home/jcervino/Github/CoraCiteseer/PieClam/experiments/../trainer_directed.py:337:::  

In function train. 
2025-12-20 23:14:24 starting optimization of bigclam on citeseer (DIRECTED) on device cuda

 configs_dict: 
{
    "clamiter_init": {
        "dim_feat": 200,
        "dim_attr": 100,
        "s_reg": 0.0,
        "l1_reg": 1,
        "T": 1,
        "hidden_dim": 64,
        "num_coupling_blocks": 32,
        "num_layers_mlp": 2
    },
    "feat_opt": {
        "lr": 1e-05,
        "n_iter": 5000,
        "early_stop": 0
    }
}


/mnt/home/jcervino/Github/CoraCiteseer/PieClam/experiments/../clamiter_directed.py:440:::  
staring fit_feats for 5000 iterations


/mnt/home/jcervino/Github/CoraCiteseer/PieClam/experiments/../trainer_directed.py:444:::  



FINISHED train 
 last accuracies:
test
key='auc': 0.5984417853087606
val
auc: None




/mnt/home/jcervino/Github/CoraCiteseer/PieClam/experiments/../trainer_directed.py:460:::  

train_model_on_params on bigclam citeseer 
took 61.48254203796387 seconds


/mnt/home/jcervino/Github/CoraCiteseer/PieClam/experiments/optimization_utils_directed.py:663:::  
Repetition no. 0


/mnt/home/jcervino/Github/CoraCiteseer/PieClam/experiments/../trainer_directed.py:158:::  

Using dataset specific configuration and not global 




/mnt/home/jcervino/Github/CoraCiteseer/PieClam/experiments/../trainer_directed.py:337:::  

In function train. 
2025-12-20 23:15:26 starting optimization of bigclam on citeseer (DIRECTED) on device cuda

 configs_dict: 
{
    "clamiter_init": {
        "dim_feat": 100,
        "dim_attr": 100,
        "s_reg": 0.1,
        "l1_reg": 1,
        "T": 1,
        "hidden_dim": 64,
        "num_coupling_blocks": 32,
        "num_layers_mlp": 2
    },
    "feat_opt": {
        "lr": 0.0001,
        "n_iter": 5000,
        "early_stop": 0
    }
}


/mnt/home/jcervino/Github/CoraCiteseer/PieClam/experiments/../clamiter_directed.py:440:::  
staring fit_feats for 5000 iterations


/mnt/home/jcervino/Github/CoraCiteseer/PieClam/experiments/../trainer_directed.py:444:::  



FINISHED train 
 last accuracies:
test
key='auc': 0.5968556205782165
val
auc: None




/mnt/home/jcervino/Github/CoraCiteseer/PieClam/experiments/../trainer_directed.py:460:::  

train_model_on_params on bigclam citeseer 
took 42.812995195388794 seconds


/mnt/home/jcervino/Github/CoraCiteseer/PieClam/experiments/optimization_utils_directed.py:663:::  
Repetition no. 1


/mnt/home/jcervino/Github/CoraCiteseer/PieClam/experiments/../trainer_directed.py:158:::  

Using dataset specific configuration and not global 




/mnt/home/jcervino/Github/CoraCiteseer/PieClam/experiments/../trainer_directed.py:337:::  

In function train. 
2025-12-20 23:16:09 starting optimization of bigclam on citeseer (DIRECTED) on device cuda

 configs_dict: 
{
    "clamiter_init": {
        "dim_feat": 100,
        "dim_attr": 100,
        "s_reg": 0.1,
        "l1_reg": 1,
        "T": 1,
        "hidden_dim": 64,
        "num_coupling_blocks": 32,
        "num_layers_mlp": 2
    },
    "feat_opt": {
        "lr": 0.0001,
        "n_iter": 5000,
        "early_stop": 0
    }
}


/mnt/home/jcervino/Github/CoraCiteseer/PieClam/experiments/../clamiter_directed.py:440:::  
staring fit_feats for 5000 iterations


/mnt/home/jcervino/Github/CoraCiteseer/PieClam/experiments/../trainer_directed.py:444:::  



FINISHED train 
 last accuracies:
test
key='auc': 0.5893545287798061
val
auc: None




/mnt/home/jcervino/Github/CoraCiteseer/PieClam/experiments/../trainer_directed.py:460:::  

train_model_on_params on bigclam citeseer 
took 83.90143251419067 seconds


/mnt/home/jcervino/Github/CoraCiteseer/PieClam/experiments/optimization_utils_directed.py:663:::  
Repetition no. 2


/mnt/home/jcervino/Github/CoraCiteseer/PieClam/experiments/../trainer_directed.py:158:::  

Using dataset specific configuration and not global 




/mnt/home/jcervino/Github/CoraCiteseer/PieClam/experiments/../trainer_directed.py:337:::  

In function train. 
2025-12-20 23:17:33 starting optimization of bigclam on citeseer (DIRECTED) on device cuda

 configs_dict: 
{
    "clamiter_init": {
        "dim_feat": 100,
        "dim_attr": 100,
        "s_reg": 0.1,
        "l1_reg": 1,
        "T": 1,
        "hidden_dim": 64,
        "num_coupling_blocks": 32,
        "num_layers_mlp": 2
    },
    "feat_opt": {
        "lr": 0.0001,
        "n_iter": 5000,
        "early_stop": 0
    }
}


/mnt/home/jcervino/Github/CoraCiteseer/PieClam/experiments/../clamiter_directed.py:440:::  
staring fit_feats for 5000 iterations


/mnt/home/jcervino/Github/CoraCiteseer/PieClam/experiments/../trainer_directed.py:444:::  



FINISHED train 
 last accuracies:
test
key='auc': 0.595879116080007
val
auc: None




/mnt/home/jcervino/Github/CoraCiteseer/PieClam/experiments/../trainer_directed.py:460:::  

train_model_on_params on bigclam citeseer 
took 52.05426621437073 seconds


/mnt/home/jcervino/Github/CoraCiteseer/PieClam/experiments/optimization_utils_directed.py:663:::  
Repetition no. 0


/mnt/home/jcervino/Github/CoraCiteseer/PieClam/experiments/../trainer_directed.py:158:::  

Using dataset specific configuration and not global 




/mnt/home/jcervino/Github/CoraCiteseer/PieClam/experiments/../trainer_directed.py:337:::  

In function train. 
2025-12-20 23:18:25 starting optimization of bigclam on citeseer (DIRECTED) on device cuda

 configs_dict: 
{
    "clamiter_init": {
        "dim_feat": 200,
        "dim_attr": 100,
        "s_reg": 0.0,
        "l1_reg": 1,
        "T": 1,
        "hidden_dim": 64,
        "num_coupling_blocks": 32,
        "num_layers_mlp": 2
    },
    "feat_opt": {
        "lr": 0.001,
        "n_iter": 7000,
        "early_stop": 0
    }
}


/mnt/home/jcervino/Github/CoraCiteseer/PieClam/experiments/../clamiter_directed.py:440:::  
staring fit_feats for 7000 iterations


/mnt/home/jcervino/Github/CoraCiteseer/PieClam/experiments/../trainer_directed.py:444:::  



FINISHED train 
 last accuracies:
test
key='auc': 0.5
val
auc: None




/mnt/home/jcervino/Github/CoraCiteseer/PieClam/experiments/../trainer_directed.py:460:::  

train_model_on_params on bigclam citeseer 
took 63.306143283843994 seconds


/mnt/home/jcervino/Github/CoraCiteseer/PieClam/experiments/optimization_utils_directed.py:663:::  
Repetition no. 1


/mnt/home/jcervino/Github/CoraCiteseer/PieClam/experiments/../trainer_directed.py:158:::  

Using dataset specific configuration and not global 




/mnt/home/jcervino/Github/CoraCiteseer/PieClam/experiments/../trainer_directed.py:337:::  

In function train. 
2025-12-20 23:19:29 starting optimization of bigclam on citeseer (DIRECTED) on device cuda

 configs_dict: 
{
    "clamiter_init": {
        "dim_feat": 200,
        "dim_attr": 100,
        "s_reg": 0.0,
        "l1_reg": 1,
        "T": 1,
        "hidden_dim": 64,
        "num_coupling_blocks": 32,
        "num_layers_mlp": 2
    },
    "feat_opt": {
        "lr": 0.001,
        "n_iter": 7000,
        "early_stop": 0
    }
}


/mnt/home/jcervino/Github/CoraCiteseer/PieClam/experiments/../clamiter_directed.py:440:::  
staring fit_feats for 7000 iterations


/mnt/home/jcervino/Github/CoraCiteseer/PieClam/experiments/../trainer_directed.py:444:::  



FINISHED train 
 last accuracies:
test
key='auc': 0.5
val
auc: None




/mnt/home/jcervino/Github/CoraCiteseer/PieClam/experiments/../trainer_directed.py:460:::  

train_model_on_params on bigclam citeseer 
took 52.0732216835022 seconds


/mnt/home/jcervino/Github/CoraCiteseer/PieClam/experiments/optimization_utils_directed.py:663:::  
Repetition no. 2


/mnt/home/jcervino/Github/CoraCiteseer/PieClam/experiments/../trainer_directed.py:158:::  

Using dataset specific configuration and not global 




/mnt/home/jcervino/Github/CoraCiteseer/PieClam/experiments/../trainer_directed.py:337:::  

In function train. 
2025-12-20 23:20:21 starting optimization of bigclam on citeseer (DIRECTED) on device cuda

 configs_dict: 
{
    "clamiter_init": {
        "dim_feat": 200,
        "dim_attr": 100,
        "s_reg": 0.0,
        "l1_reg": 1,
        "T": 1,
        "hidden_dim": 64,
        "num_coupling_blocks": 32,
        "num_layers_mlp": 2
    },
    "feat_opt": {
        "lr": 0.001,
        "n_iter": 7000,
        "early_stop": 0
    }
}


/mnt/home/jcervino/Github/CoraCiteseer/PieClam/experiments/../clamiter_directed.py:440:::  
staring fit_feats for 7000 iterations


/mnt/home/jcervino/Github/CoraCiteseer/PieClam/experiments/../trainer_directed.py:444:::  



FINISHED train 
 last accuracies:
test
key='auc': 0.5
val
auc: None




/mnt/home/jcervino/Github/CoraCiteseer/PieClam/experiments/../trainer_directed.py:460:::  

train_model_on_params on bigclam citeseer 
took 66.992995262146 seconds


/mnt/home/jcervino/Github/CoraCiteseer/PieClam/experiments/optimization_utils_directed.py:663:::  
Repetition no. 0


/mnt/home/jcervino/Github/CoraCiteseer/PieClam/experiments/../trainer_directed.py:158:::  

Using dataset specific configuration and not global 




/mnt/home/jcervino/Github/CoraCiteseer/PieClam/experiments/../trainer_directed.py:337:::  

In function train. 
2025-12-20 23:21:28 starting optimization of bigclam on citeseer (DIRECTED) on device cuda

 configs_dict: 
{
    "clamiter_init": {
        "dim_feat": 48,
        "dim_attr": 100,
        "s_reg": 0.0,
        "l1_reg": 1,
        "T": 1,
        "hidden_dim": 64,
        "num_coupling_blocks": 32,
        "num_layers_mlp": 2
    },
    "feat_opt": {
        "lr": 0.001,
        "n_iter": 2000,
        "early_stop": 0
    }
}


/mnt/home/jcervino/Github/CoraCiteseer/PieClam/experiments/../clamiter_directed.py:440:::  
staring fit_feats for 2000 iterations


/mnt/home/jcervino/Github/CoraCiteseer/PieClam/experiments/../trainer_directed.py:444:::  



FINISHED train 
 last accuracies:
test
key='auc': 0.5
val
auc: None




/mnt/home/jcervino/Github/CoraCiteseer/PieClam/experiments/../trainer_directed.py:460:::  

train_model_on_params on bigclam citeseer 
took 35.406259536743164 seconds


/mnt/home/jcervino/Github/CoraCiteseer/PieClam/experiments/optimization_utils_directed.py:663:::  
Repetition no. 1


/mnt/home/jcervino/Github/CoraCiteseer/PieClam/experiments/../trainer_directed.py:158:::  

Using dataset specific configuration and not global 




/mnt/home/jcervino/Github/CoraCiteseer/PieClam/experiments/../trainer_directed.py:337:::  

In function train. 
2025-12-20 23:22:04 starting optimization of bigclam on citeseer (DIRECTED) on device cuda

 configs_dict: 
{
    "clamiter_init": {
        "dim_feat": 48,
        "dim_attr": 100,
        "s_reg": 0.0,
        "l1_reg": 1,
        "T": 1,
        "hidden_dim": 64,
        "num_coupling_blocks": 32,
        "num_layers_mlp": 2
    },
    "feat_opt": {
        "lr": 0.001,
        "n_iter": 2000,
        "early_stop": 0
    }
}


/mnt/home/jcervino/Github/CoraCiteseer/PieClam/experiments/../clamiter_directed.py:440:::  
staring fit_feats for 2000 iterations


/mnt/home/jcervino/Github/CoraCiteseer/PieClam/experiments/../trainer_directed.py:444:::  



FINISHED train 
 last accuracies:
test
key='auc': 0.5
val
auc: None




/mnt/home/jcervino/Github/CoraCiteseer/PieClam/experiments/../trainer_directed.py:460:::  

train_model_on_params on bigclam citeseer 
took 35.35981321334839 seconds


/mnt/home/jcervino/Github/CoraCiteseer/PieClam/experiments/optimization_utils_directed.py:663:::  
Repetition no. 2


/mnt/home/jcervino/Github/CoraCiteseer/PieClam/experiments/../trainer_directed.py:158:::  

Using dataset specific configuration and not global 




/mnt/home/jcervino/Github/CoraCiteseer/PieClam/experiments/../trainer_directed.py:337:::  

In function train. 
2025-12-20 23:22:39 starting optimization of bigclam on citeseer (DIRECTED) on device cuda

 configs_dict: 
{
    "clamiter_init": {
        "dim_feat": 48,
        "dim_attr": 100,
        "s_reg": 0.0,
        "l1_reg": 1,
        "T": 1,
        "hidden_dim": 64,
        "num_coupling_blocks": 32,
        "num_layers_mlp": 2
    },
    "feat_opt": {
        "lr": 0.001,
        "n_iter": 2000,
        "early_stop": 0
    }
}


/mnt/home/jcervino/Github/CoraCiteseer/PieClam/experiments/../clamiter_directed.py:440:::  
staring fit_feats for 2000 iterations


/mnt/home/jcervino/Github/CoraCiteseer/PieClam/experiments/../trainer_directed.py:444:::  



FINISHED train 
 last accuracies:
test
key='auc': 0.5
val
auc: None




/mnt/home/jcervino/Github/CoraCiteseer/PieClam/experiments/../trainer_directed.py:460:::  

train_model_on_params on bigclam citeseer 
took 33.457923889160156 seconds


/mnt/home/jcervino/Github/CoraCiteseer/PieClam/experiments/optimization_utils_directed.py:663:::  
Repetition no. 0


/mnt/home/jcervino/Github/CoraCiteseer/PieClam/experiments/../trainer_directed.py:158:::  

Using dataset specific configuration and not global 




/mnt/home/jcervino/Github/CoraCiteseer/PieClam/experiments/../trainer_directed.py:337:::  

In function train. 
2025-12-20 23:23:13 starting optimization of bigclam on citeseer (DIRECTED) on device cuda

 configs_dict: 
{
    "clamiter_init": {
        "dim_feat": 200,
        "dim_attr": 100,
        "s_reg": 0.0,
        "l1_reg": 1,
        "T": 1,
        "hidden_dim": 64,
        "num_coupling_blocks": 32,
        "num_layers_mlp": 2
    },
    "feat_opt": {
        "lr": 1e-05,
        "n_iter": 7000,
        "early_stop": 0
    }
}


/mnt/home/jcervino/Github/CoraCiteseer/PieClam/experiments/../clamiter_directed.py:440:::  
staring fit_feats for 7000 iterations


/mnt/home/jcervino/Github/CoraCiteseer/PieClam/experiments/../trainer_directed.py:444:::  



FINISHED train 
 last accuracies:
test
key='auc': 0.5857315049349289
val
auc: None




/mnt/home/jcervino/Github/CoraCiteseer/PieClam/experiments/../trainer_directed.py:460:::  

train_model_on_params on bigclam citeseer 
took 123.27047491073608 seconds


/mnt/home/jcervino/Github/CoraCiteseer/PieClam/experiments/optimization_utils_directed.py:663:::  
Repetition no. 1


/mnt/home/jcervino/Github/CoraCiteseer/PieClam/experiments/../trainer_directed.py:158:::  

Using dataset specific configuration and not global 




/mnt/home/jcervino/Github/CoraCiteseer/PieClam/experiments/../trainer_directed.py:337:::  

In function train. 
2025-12-20 23:25:17 starting optimization of bigclam on citeseer (DIRECTED) on device cuda

 configs_dict: 
{
    "clamiter_init": {
        "dim_feat": 200,
        "dim_attr": 100,
        "s_reg": 0.0,
        "l1_reg": 1,
        "T": 1,
        "hidden_dim": 64,
        "num_coupling_blocks": 32,
        "num_layers_mlp": 2
    },
    "feat_opt": {
        "lr": 1e-05,
        "n_iter": 7000,
        "early_stop": 0
    }
}


/mnt/home/jcervino/Github/CoraCiteseer/PieClam/experiments/../clamiter_directed.py:440:::  
staring fit_feats for 7000 iterations


/mnt/home/jcervino/Github/CoraCiteseer/PieClam/experiments/../trainer_directed.py:444:::  



FINISHED train 
 last accuracies:
test
key='auc': 0.575409206044196
val
auc: None




/mnt/home/jcervino/Github/CoraCiteseer/PieClam/experiments/../trainer_directed.py:460:::  

train_model_on_params on bigclam citeseer 
took 123.56578040122986 seconds


/mnt/home/jcervino/Github/CoraCiteseer/PieClam/experiments/optimization_utils_directed.py:663:::  
Repetition no. 2


/mnt/home/jcervino/Github/CoraCiteseer/PieClam/experiments/../trainer_directed.py:158:::  

Using dataset specific configuration and not global 




/mnt/home/jcervino/Github/CoraCiteseer/PieClam/experiments/../trainer_directed.py:337:::  

In function train. 
2025-12-20 23:27:21 starting optimization of bigclam on citeseer (DIRECTED) on device cuda

 configs_dict: 
{
    "clamiter_init": {
        "dim_feat": 200,
        "dim_attr": 100,
        "s_reg": 0.0,
        "l1_reg": 1,
        "T": 1,
        "hidden_dim": 64,
        "num_coupling_blocks": 32,
        "num_layers_mlp": 2
    },
    "feat_opt": {
        "lr": 1e-05,
        "n_iter": 7000,
        "early_stop": 0
    }
}


/mnt/home/jcervino/Github/CoraCiteseer/PieClam/experiments/../clamiter_directed.py:440:::  
staring fit_feats for 7000 iterations


/mnt/home/jcervino/Github/CoraCiteseer/PieClam/experiments/../trainer_directed.py:444:::  



FINISHED train 
 last accuracies:
test
key='auc': 0.5923783736570879
val
auc: None




/mnt/home/jcervino/Github/CoraCiteseer/PieClam/experiments/../trainer_directed.py:460:::  

train_model_on_params on bigclam citeseer 
took 124.62965655326843 seconds


/mnt/home/jcervino/Github/CoraCiteseer/PieClam/experiments/optimization_utils_directed.py:663:::  
Repetition no. 0


/mnt/home/jcervino/Github/CoraCiteseer/PieClam/experiments/../trainer_directed.py:158:::  

Using dataset specific configuration and not global 




/mnt/home/jcervino/Github/CoraCiteseer/PieClam/experiments/../trainer_directed.py:337:::  

In function train. 
2025-12-20 23:29:26 starting optimization of bigclam on citeseer (DIRECTED) on device cuda

 configs_dict: 
{
    "clamiter_init": {
        "dim_feat": 200,
        "dim_attr": 100,
        "s_reg": 0.1,
        "l1_reg": 1,
        "T": 1,
        "hidden_dim": 64,
        "num_coupling_blocks": 32,
        "num_layers_mlp": 2
    },
    "feat_opt": {
        "lr": 1e-05,
        "n_iter": 2000,
        "early_stop": 0
    }
}


/mnt/home/jcervino/Github/CoraCiteseer/PieClam/experiments/../clamiter_directed.py:440:::  
staring fit_feats for 2000 iterations


/mnt/home/jcervino/Github/CoraCiteseer/PieClam/experiments/../trainer_directed.py:444:::  



FINISHED train 
 last accuracies:
test
key='auc': 0.6041296183072757
val
auc: None




/mnt/home/jcervino/Github/CoraCiteseer/PieClam/experiments/../trainer_directed.py:460:::  

train_model_on_params on bigclam citeseer 
took 35.58021640777588 seconds


/mnt/home/jcervino/Github/CoraCiteseer/PieClam/experiments/optimization_utils_directed.py:663:::  
Repetition no. 1


/mnt/home/jcervino/Github/CoraCiteseer/PieClam/experiments/../trainer_directed.py:158:::  

Using dataset specific configuration and not global 




/mnt/home/jcervino/Github/CoraCiteseer/PieClam/experiments/../trainer_directed.py:337:::  

In function train. 
2025-12-20 23:30:02 starting optimization of bigclam on citeseer (DIRECTED) on device cuda

 configs_dict: 
{
    "clamiter_init": {
        "dim_feat": 200,
        "dim_attr": 100,
        "s_reg": 0.1,
        "l1_reg": 1,
        "T": 1,
        "hidden_dim": 64,
        "num_coupling_blocks": 32,
        "num_layers_mlp": 2
    },
    "feat_opt": {
        "lr": 1e-05,
        "n_iter": 2000,
        "early_stop": 0
    }
}


/mnt/home/jcervino/Github/CoraCiteseer/PieClam/experiments/../clamiter_directed.py:440:::  
staring fit_feats for 2000 iterations


/mnt/home/jcervino/Github/CoraCiteseer/PieClam/experiments/../trainer_directed.py:444:::  



FINISHED train 
 last accuracies:
test
key='auc': 0.6115398724779457
val
auc: None




/mnt/home/jcervino/Github/CoraCiteseer/PieClam/experiments/../trainer_directed.py:460:::  

train_model_on_params on bigclam citeseer 
took 35.465941190719604 seconds


/mnt/home/jcervino/Github/CoraCiteseer/PieClam/experiments/optimization_utils_directed.py:663:::  
Repetition no. 2


/mnt/home/jcervino/Github/CoraCiteseer/PieClam/experiments/../trainer_directed.py:158:::  

Using dataset specific configuration and not global 




/mnt/home/jcervino/Github/CoraCiteseer/PieClam/experiments/../trainer_directed.py:337:::  

In function train. 
2025-12-20 23:30:38 starting optimization of bigclam on citeseer (DIRECTED) on device cuda

 configs_dict: 
{
    "clamiter_init": {
        "dim_feat": 200,
        "dim_attr": 100,
        "s_reg": 0.1,
        "l1_reg": 1,
        "T": 1,
        "hidden_dim": 64,
        "num_coupling_blocks": 32,
        "num_layers_mlp": 2
    },
    "feat_opt": {
        "lr": 1e-05,
        "n_iter": 2000,
        "early_stop": 0
    }
}


/mnt/home/jcervino/Github/CoraCiteseer/PieClam/experiments/../clamiter_directed.py:440:::  
staring fit_feats for 2000 iterations


/mnt/home/jcervino/Github/CoraCiteseer/PieClam/experiments/../trainer_directed.py:444:::  



FINISHED train 
 last accuracies:
test
key='auc': 0.6315416193554022
val
auc: None




/mnt/home/jcervino/Github/CoraCiteseer/PieClam/experiments/../trainer_directed.py:460:::  

train_model_on_params on bigclam citeseer 
took 15.26328444480896 seconds


/mnt/home/jcervino/Github/CoraCiteseer/PieClam/experiments/optimization_utils_directed.py:663:::  
Repetition no. 0


/mnt/home/jcervino/Github/CoraCiteseer/PieClam/experiments/../trainer_directed.py:158:::  

Using dataset specific configuration and not global 




/mnt/home/jcervino/Github/CoraCiteseer/PieClam/experiments/../trainer_directed.py:337:::  

In function train. 
2025-12-20 23:30:53 starting optimization of bigclam on citeseer (DIRECTED) on device cuda

 configs_dict: 
{
    "clamiter_init": {
        "dim_feat": 200,
        "dim_attr": 100,
        "s_reg": 0.0,
        "l1_reg": 1,
        "T": 1,
        "hidden_dim": 64,
        "num_coupling_blocks": 32,
        "num_layers_mlp": 2
    },
    "feat_opt": {
        "lr": 0.001,
        "n_iter": 2000,
        "early_stop": 0
    }
}


/mnt/home/jcervino/Github/CoraCiteseer/PieClam/experiments/../clamiter_directed.py:440:::  
staring fit_feats for 2000 iterations


/mnt/home/jcervino/Github/CoraCiteseer/PieClam/experiments/../trainer_directed.py:444:::  



FINISHED train 
 last accuracies:
test
key='auc': 0.5
val
auc: None




/mnt/home/jcervino/Github/CoraCiteseer/PieClam/experiments/../trainer_directed.py:460:::  

train_model_on_params on bigclam citeseer 
took 35.312785387039185 seconds


/mnt/home/jcervino/Github/CoraCiteseer/PieClam/experiments/optimization_utils_directed.py:663:::  
Repetition no. 1


/mnt/home/jcervino/Github/CoraCiteseer/PieClam/experiments/../trainer_directed.py:158:::  

Using dataset specific configuration and not global 




/mnt/home/jcervino/Github/CoraCiteseer/PieClam/experiments/../trainer_directed.py:337:::  

In function train. 
2025-12-20 23:31:29 starting optimization of bigclam on citeseer (DIRECTED) on device cuda

 configs_dict: 
{
    "clamiter_init": {
        "dim_feat": 200,
        "dim_attr": 100,
        "s_reg": 0.0,
        "l1_reg": 1,
        "T": 1,
        "hidden_dim": 64,
        "num_coupling_blocks": 32,
        "num_layers_mlp": 2
    },
    "feat_opt": {
        "lr": 0.001,
        "n_iter": 2000,
        "early_stop": 0
    }
}


/mnt/home/jcervino/Github/CoraCiteseer/PieClam/experiments/../clamiter_directed.py:440:::  
staring fit_feats for 2000 iterations


/mnt/home/jcervino/Github/CoraCiteseer/PieClam/experiments/../trainer_directed.py:444:::  



FINISHED train 
 last accuracies:
test
key='auc': 0.5
val
auc: None




/mnt/home/jcervino/Github/CoraCiteseer/PieClam/experiments/../trainer_directed.py:460:::  

train_model_on_params on bigclam citeseer 
took 35.34371519088745 seconds


/mnt/home/jcervino/Github/CoraCiteseer/PieClam/experiments/optimization_utils_directed.py:663:::  
Repetition no. 2


/mnt/home/jcervino/Github/CoraCiteseer/PieClam/experiments/../trainer_directed.py:158:::  

Using dataset specific configuration and not global 




/mnt/home/jcervino/Github/CoraCiteseer/PieClam/experiments/../trainer_directed.py:337:::  

In function train. 
2025-12-20 23:32:05 starting optimization of bigclam on citeseer (DIRECTED) on device cuda

 configs_dict: 
{
    "clamiter_init": {
        "dim_feat": 200,
        "dim_attr": 100,
        "s_reg": 0.0,
        "l1_reg": 1,
        "T": 1,
        "hidden_dim": 64,
        "num_coupling_blocks": 32,
        "num_layers_mlp": 2
    },
    "feat_opt": {
        "lr": 0.001,
        "n_iter": 2000,
        "early_stop": 0
    }
}


/mnt/home/jcervino/Github/CoraCiteseer/PieClam/experiments/../clamiter_directed.py:440:::  
staring fit_feats for 2000 iterations


/mnt/home/jcervino/Github/CoraCiteseer/PieClam/experiments/../trainer_directed.py:444:::  



FINISHED train 
 last accuracies:
test
key='auc': 0.5
val
auc: None




/mnt/home/jcervino/Github/CoraCiteseer/PieClam/experiments/../trainer_directed.py:460:::  

train_model_on_params on bigclam citeseer 
took 35.289369344711304 seconds


/mnt/home/jcervino/Github/CoraCiteseer/PieClam/experiments/optimization_utils_directed.py:663:::  
Repetition no. 0


/mnt/home/jcervino/Github/CoraCiteseer/PieClam/experiments/../trainer_directed.py:158:::  

Using dataset specific configuration and not global 




/mnt/home/jcervino/Github/CoraCiteseer/PieClam/experiments/../trainer_directed.py:337:::  

In function train. 
2025-12-20 23:32:40 starting optimization of bigclam on citeseer (DIRECTED) on device cuda

 configs_dict: 
{
    "clamiter_init": {
        "dim_feat": 48,
        "dim_attr": 100,
        "s_reg": 0.1,
        "l1_reg": 1,
        "T": 1,
        "hidden_dim": 64,
        "num_coupling_blocks": 32,
        "num_layers_mlp": 2
    },
    "feat_opt": {
        "lr": 0.0001,
        "n_iter": 7000,
        "early_stop": 0
    }
}


/mnt/home/jcervino/Github/CoraCiteseer/PieClam/experiments/../clamiter_directed.py:440:::  
staring fit_feats for 7000 iterations


/mnt/home/jcervino/Github/CoraCiteseer/PieClam/experiments/../trainer_directed.py:444:::  



FINISHED train 
 last accuracies:
test
key='auc': 0.589389466328937
val
auc: None




/mnt/home/jcervino/Github/CoraCiteseer/PieClam/experiments/../trainer_directed.py:460:::  

train_model_on_params on bigclam citeseer 
took 98.29289078712463 seconds


/mnt/home/jcervino/Github/CoraCiteseer/PieClam/experiments/optimization_utils_directed.py:663:::  
Repetition no. 1


/mnt/home/jcervino/Github/CoraCiteseer/PieClam/experiments/../trainer_directed.py:158:::  

Using dataset specific configuration and not global 




/mnt/home/jcervino/Github/CoraCiteseer/PieClam/experiments/../trainer_directed.py:337:::  

In function train. 
2025-12-20 23:34:19 starting optimization of bigclam on citeseer (DIRECTED) on device cuda

 configs_dict: 
{
    "clamiter_init": {
        "dim_feat": 48,
        "dim_attr": 100,
        "s_reg": 0.1,
        "l1_reg": 1,
        "T": 1,
        "hidden_dim": 64,
        "num_coupling_blocks": 32,
        "num_layers_mlp": 2
    },
    "feat_opt": {
        "lr": 0.0001,
        "n_iter": 7000,
        "early_stop": 0
    }
}


/mnt/home/jcervino/Github/CoraCiteseer/PieClam/experiments/../clamiter_directed.py:440:::  
staring fit_feats for 7000 iterations


/mnt/home/jcervino/Github/CoraCiteseer/PieClam/experiments/../trainer_directed.py:444:::  



FINISHED train 
 last accuracies:
test
key='auc': 0.5965219669840162
val
auc: None




/mnt/home/jcervino/Github/CoraCiteseer/PieClam/experiments/../trainer_directed.py:460:::  

train_model_on_params on bigclam citeseer 
took 57.41495609283447 seconds


/mnt/home/jcervino/Github/CoraCiteseer/PieClam/experiments/optimization_utils_directed.py:663:::  
Repetition no. 2


/mnt/home/jcervino/Github/CoraCiteseer/PieClam/experiments/../trainer_directed.py:158:::  

Using dataset specific configuration and not global 




/mnt/home/jcervino/Github/CoraCiteseer/PieClam/experiments/../trainer_directed.py:337:::  

In function train. 
2025-12-20 23:35:16 starting optimization of bigclam on citeseer (DIRECTED) on device cuda

 configs_dict: 
{
    "clamiter_init": {
        "dim_feat": 48,
        "dim_attr": 100,
        "s_reg": 0.1,
        "l1_reg": 1,
        "T": 1,
        "hidden_dim": 64,
        "num_coupling_blocks": 32,
        "num_layers_mlp": 2
    },
    "feat_opt": {
        "lr": 0.0001,
        "n_iter": 7000,
        "early_stop": 0
    }
}


/mnt/home/jcervino/Github/CoraCiteseer/PieClam/experiments/../clamiter_directed.py:440:::  
staring fit_feats for 7000 iterations


/mnt/home/jcervino/Github/CoraCiteseer/PieClam/experiments/../trainer_directed.py:444:::  



FINISHED train 
 last accuracies:
test
key='auc': 0.5911974844964625
val
auc: None




/mnt/home/jcervino/Github/CoraCiteseer/PieClam/experiments/../trainer_directed.py:460:::  

train_model_on_params on bigclam citeseer 
took 100.19101309776306 seconds


/mnt/home/jcervino/Github/CoraCiteseer/PieClam/experiments/optimization_utils_directed.py:663:::  
Repetition no. 0


/mnt/home/jcervino/Github/CoraCiteseer/PieClam/experiments/../trainer_directed.py:158:::  

Using dataset specific configuration and not global 




/mnt/home/jcervino/Github/CoraCiteseer/PieClam/experiments/../trainer_directed.py:337:::  

In function train. 
2025-12-20 23:36:57 starting optimization of bigclam on citeseer (DIRECTED) on device cuda

 configs_dict: 
{
    "clamiter_init": {
        "dim_feat": 200,
        "dim_attr": 100,
        "s_reg": 0.1,
        "l1_reg": 1,
        "T": 1,
        "hidden_dim": 64,
        "num_coupling_blocks": 32,
        "num_layers_mlp": 2
    },
    "feat_opt": {
        "lr": 1e-05,
        "n_iter": 7000,
        "early_stop": 0
    }
}


/mnt/home/jcervino/Github/CoraCiteseer/PieClam/experiments/../clamiter_directed.py:440:::  
staring fit_feats for 7000 iterations


/mnt/home/jcervino/Github/CoraCiteseer/PieClam/experiments/../trainer_directed.py:444:::  



FINISHED train 
 last accuracies:
test
key='auc': 0.5974914839723993
val
auc: None




/mnt/home/jcervino/Github/CoraCiteseer/PieClam/experiments/../trainer_directed.py:460:::  

train_model_on_params on bigclam citeseer 
took 66.0082778930664 seconds


/mnt/home/jcervino/Github/CoraCiteseer/PieClam/experiments/optimization_utils_directed.py:663:::  
Repetition no. 1


/mnt/home/jcervino/Github/CoraCiteseer/PieClam/experiments/../trainer_directed.py:158:::  

Using dataset specific configuration and not global 




/mnt/home/jcervino/Github/CoraCiteseer/PieClam/experiments/../trainer_directed.py:337:::  

In function train. 
2025-12-20 23:38:03 starting optimization of bigclam on citeseer (DIRECTED) on device cuda

 configs_dict: 
{
    "clamiter_init": {
        "dim_feat": 200,
        "dim_attr": 100,
        "s_reg": 0.1,
        "l1_reg": 1,
        "T": 1,
        "hidden_dim": 64,
        "num_coupling_blocks": 32,
        "num_layers_mlp": 2
    },
    "feat_opt": {
        "lr": 1e-05,
        "n_iter": 7000,
        "early_stop": 0
    }
}


/mnt/home/jcervino/Github/CoraCiteseer/PieClam/experiments/../clamiter_directed.py:440:::  
staring fit_feats for 7000 iterations


/mnt/home/jcervino/Github/CoraCiteseer/PieClam/experiments/../trainer_directed.py:444:::  



FINISHED train 
 last accuracies:
test
key='auc': 0.5967141235042361
val
auc: None




/mnt/home/jcervino/Github/CoraCiteseer/PieClam/experiments/../trainer_directed.py:460:::  

train_model_on_params on bigclam citeseer 
took 82.17908024787903 seconds


/mnt/home/jcervino/Github/CoraCiteseer/PieClam/experiments/optimization_utils_directed.py:663:::  
Repetition no. 2


/mnt/home/jcervino/Github/CoraCiteseer/PieClam/experiments/../trainer_directed.py:158:::  

Using dataset specific configuration and not global 




/mnt/home/jcervino/Github/CoraCiteseer/PieClam/experiments/../trainer_directed.py:337:::  

In function train. 
2025-12-20 23:39:25 starting optimization of bigclam on citeseer (DIRECTED) on device cuda

 configs_dict: 
{
    "clamiter_init": {
        "dim_feat": 200,
        "dim_attr": 100,
        "s_reg": 0.1,
        "l1_reg": 1,
        "T": 1,
        "hidden_dim": 64,
        "num_coupling_blocks": 32,
        "num_layers_mlp": 2
    },
    "feat_opt": {
        "lr": 1e-05,
        "n_iter": 7000,
        "early_stop": 0
    }
}


/mnt/home/jcervino/Github/CoraCiteseer/PieClam/experiments/../clamiter_directed.py:440:::  
staring fit_feats for 7000 iterations


/mnt/home/jcervino/Github/CoraCiteseer/PieClam/experiments/../trainer_directed.py:444:::  



FINISHED train 
 last accuracies:
test
key='auc': 0.6016892305004804
val
auc: None




/mnt/home/jcervino/Github/CoraCiteseer/PieClam/experiments/../trainer_directed.py:460:::  

train_model_on_params on bigclam citeseer 
took 62.60355854034424 seconds


/mnt/home/jcervino/Github/CoraCiteseer/PieClam/experiments/optimization_utils_directed.py:663:::  
Repetition no. 0


/mnt/home/jcervino/Github/CoraCiteseer/PieClam/experiments/../trainer_directed.py:158:::  

Using dataset specific configuration and not global 




/mnt/home/jcervino/Github/CoraCiteseer/PieClam/experiments/../trainer_directed.py:337:::  

In function train. 
2025-12-20 23:40:28 starting optimization of bigclam on citeseer (DIRECTED) on device cuda

 configs_dict: 
{
    "clamiter_init": {
        "dim_feat": 200,
        "dim_attr": 100,
        "s_reg": 0.0,
        "l1_reg": 1,
        "T": 1,
        "hidden_dim": 64,
        "num_coupling_blocks": 32,
        "num_layers_mlp": 2
    },
    "feat_opt": {
        "lr": 0.0001,
        "n_iter": 7000,
        "early_stop": 0
    }
}


/mnt/home/jcervino/Github/CoraCiteseer/PieClam/experiments/../clamiter_directed.py:440:::  
staring fit_feats for 7000 iterations


/mnt/home/jcervino/Github/CoraCiteseer/PieClam/experiments/../trainer_directed.py:444:::  



FINISHED train 
 last accuracies:
test
key='auc': 0.5901336361254258
val
auc: None




/mnt/home/jcervino/Github/CoraCiteseer/PieClam/experiments/../trainer_directed.py:460:::  

train_model_on_params on bigclam citeseer 
took 79.45223021507263 seconds


/mnt/home/jcervino/Github/CoraCiteseer/PieClam/experiments/optimization_utils_directed.py:663:::  
Repetition no. 1


/mnt/home/jcervino/Github/CoraCiteseer/PieClam/experiments/../trainer_directed.py:158:::  

Using dataset specific configuration and not global 




/mnt/home/jcervino/Github/CoraCiteseer/PieClam/experiments/../trainer_directed.py:337:::  

In function train. 
2025-12-20 23:41:48 starting optimization of bigclam on citeseer (DIRECTED) on device cuda

 configs_dict: 
{
    "clamiter_init": {
        "dim_feat": 200,
        "dim_attr": 100,
        "s_reg": 0.0,
        "l1_reg": 1,
        "T": 1,
        "hidden_dim": 64,
        "num_coupling_blocks": 32,
        "num_layers_mlp": 2
    },
    "feat_opt": {
        "lr": 0.0001,
        "n_iter": 7000,
        "early_stop": 0
    }
}


/mnt/home/jcervino/Github/CoraCiteseer/PieClam/experiments/../clamiter_directed.py:440:::  
staring fit_feats for 7000 iterations


/mnt/home/jcervino/Github/CoraCiteseer/PieClam/experiments/../trainer_directed.py:444:::  



FINISHED train 
 last accuracies:
test
key='auc': 0.5938859289020875
val
auc: None




/mnt/home/jcervino/Github/CoraCiteseer/PieClam/experiments/../trainer_directed.py:460:::  

train_model_on_params on bigclam citeseer 
took 121.47520422935486 seconds


/mnt/home/jcervino/Github/CoraCiteseer/PieClam/experiments/optimization_utils_directed.py:663:::  
Repetition no. 2


/mnt/home/jcervino/Github/CoraCiteseer/PieClam/experiments/../trainer_directed.py:158:::  

Using dataset specific configuration and not global 




/mnt/home/jcervino/Github/CoraCiteseer/PieClam/experiments/../trainer_directed.py:337:::  

In function train. 
2025-12-20 23:43:49 starting optimization of bigclam on citeseer (DIRECTED) on device cuda

 configs_dict: 
{
    "clamiter_init": {
        "dim_feat": 200,
        "dim_attr": 100,
        "s_reg": 0.0,
        "l1_reg": 1,
        "T": 1,
        "hidden_dim": 64,
        "num_coupling_blocks": 32,
        "num_layers_mlp": 2
    },
    "feat_opt": {
        "lr": 0.0001,
        "n_iter": 7000,
        "early_stop": 0
    }
}


/mnt/home/jcervino/Github/CoraCiteseer/PieClam/experiments/../clamiter_directed.py:440:::  
staring fit_feats for 7000 iterations


/mnt/home/jcervino/Github/CoraCiteseer/PieClam/experiments/../trainer_directed.py:444:::  



FINISHED train 
 last accuracies:
test
key='auc': 0.5778216438116865
val
auc: None




/mnt/home/jcervino/Github/CoraCiteseer/PieClam/experiments/../trainer_directed.py:460:::  

train_model_on_params on bigclam citeseer 
took 121.96408581733704 seconds


/mnt/home/jcervino/Github/CoraCiteseer/PieClam/experiments/optimization_utils_directed.py:663:::  
Repetition no. 0


/mnt/home/jcervino/Github/CoraCiteseer/PieClam/experiments/../trainer_directed.py:158:::  

Using dataset specific configuration and not global 




/mnt/home/jcervino/Github/CoraCiteseer/PieClam/experiments/../trainer_directed.py:337:::  

In function train. 
2025-12-20 23:45:52 starting optimization of bigclam on citeseer (DIRECTED) on device cuda

 configs_dict: 
{
    "clamiter_init": {
        "dim_feat": 100,
        "dim_attr": 100,
        "s_reg": 0.0,
        "l1_reg": 1,
        "T": 1,
        "hidden_dim": 64,
        "num_coupling_blocks": 32,
        "num_layers_mlp": 2
    },
    "feat_opt": {
        "lr": 0.001,
        "n_iter": 5000,
        "early_stop": 0
    }
}


/mnt/home/jcervino/Github/CoraCiteseer/PieClam/experiments/../clamiter_directed.py:440:::  
staring fit_feats for 5000 iterations


/mnt/home/jcervino/Github/CoraCiteseer/PieClam/experiments/../trainer_directed.py:444:::  



FINISHED train 
 last accuracies:
test
key='auc': 0.5
val
auc: None




/mnt/home/jcervino/Github/CoraCiteseer/PieClam/experiments/../trainer_directed.py:460:::  

train_model_on_params on bigclam citeseer 
took 89.17017269134521 seconds


/mnt/home/jcervino/Github/CoraCiteseer/PieClam/experiments/optimization_utils_directed.py:663:::  
Repetition no. 1


/mnt/home/jcervino/Github/CoraCiteseer/PieClam/experiments/../trainer_directed.py:158:::  

Using dataset specific configuration and not global 




/mnt/home/jcervino/Github/CoraCiteseer/PieClam/experiments/../trainer_directed.py:337:::  

In function train. 
2025-12-20 23:47:21 starting optimization of bigclam on citeseer (DIRECTED) on device cuda

 configs_dict: 
{
    "clamiter_init": {
        "dim_feat": 100,
        "dim_attr": 100,
        "s_reg": 0.0,
        "l1_reg": 1,
        "T": 1,
        "hidden_dim": 64,
        "num_coupling_blocks": 32,
        "num_layers_mlp": 2
    },
    "feat_opt": {
        "lr": 0.001,
        "n_iter": 5000,
        "early_stop": 0
    }
}


/mnt/home/jcervino/Github/CoraCiteseer/PieClam/experiments/../clamiter_directed.py:440:::  
staring fit_feats for 5000 iterations


/mnt/home/jcervino/Github/CoraCiteseer/PieClam/experiments/../trainer_directed.py:444:::  



FINISHED train 
 last accuracies:
test
key='auc': 0.5
val
auc: None




/mnt/home/jcervino/Github/CoraCiteseer/PieClam/experiments/../trainer_directed.py:460:::  

train_model_on_params on bigclam citeseer 
took 89.36891078948975 seconds


/mnt/home/jcervino/Github/CoraCiteseer/PieClam/experiments/optimization_utils_directed.py:663:::  
Repetition no. 2


/mnt/home/jcervino/Github/CoraCiteseer/PieClam/experiments/../trainer_directed.py:158:::  

Using dataset specific configuration and not global 




/mnt/home/jcervino/Github/CoraCiteseer/PieClam/experiments/../trainer_directed.py:337:::  

In function train. 
2025-12-20 23:48:51 starting optimization of bigclam on citeseer (DIRECTED) on device cuda

 configs_dict: 
{
    "clamiter_init": {
        "dim_feat": 100,
        "dim_attr": 100,
        "s_reg": 0.0,
        "l1_reg": 1,
        "T": 1,
        "hidden_dim": 64,
        "num_coupling_blocks": 32,
        "num_layers_mlp": 2
    },
    "feat_opt": {
        "lr": 0.001,
        "n_iter": 5000,
        "early_stop": 0
    }
}


/mnt/home/jcervino/Github/CoraCiteseer/PieClam/experiments/../clamiter_directed.py:440:::  
staring fit_feats for 5000 iterations


/mnt/home/jcervino/Github/CoraCiteseer/PieClam/experiments/../trainer_directed.py:444:::  



FINISHED train 
 last accuracies:
test
key='auc': 0.5
val
auc: None




/mnt/home/jcervino/Github/CoraCiteseer/PieClam/experiments/../trainer_directed.py:460:::  

train_model_on_params on bigclam citeseer 
took 87.82768082618713 seconds


/mnt/home/jcervino/Github/CoraCiteseer/PieClam/experiments/optimization_utils_directed.py:663:::  
Repetition no. 0


/mnt/home/jcervino/Github/CoraCiteseer/PieClam/experiments/../trainer_directed.py:158:::  

Using dataset specific configuration and not global 




/mnt/home/jcervino/Github/CoraCiteseer/PieClam/experiments/../trainer_directed.py:337:::  

In function train. 
2025-12-20 23:50:19 starting optimization of bigclam on citeseer (DIRECTED) on device cuda

 configs_dict: 
{
    "clamiter_init": {
        "dim_feat": 100,
        "dim_attr": 100,
        "s_reg": 0.1,
        "l1_reg": 1,
        "T": 1,
        "hidden_dim": 64,
        "num_coupling_blocks": 32,
        "num_layers_mlp": 2
    },
    "feat_opt": {
        "lr": 0.0001,
        "n_iter": 2000,
        "early_stop": 0
    }
}


/mnt/home/jcervino/Github/CoraCiteseer/PieClam/experiments/../clamiter_directed.py:440:::  
staring fit_feats for 2000 iterations


/mnt/home/jcervino/Github/CoraCiteseer/PieClam/experiments/../trainer_directed.py:444:::  



FINISHED train 
 last accuracies:
test
key='auc': 0.5901703205520133
val
auc: None




/mnt/home/jcervino/Github/CoraCiteseer/PieClam/experiments/../trainer_directed.py:460:::  

train_model_on_params on bigclam citeseer 
took 35.16255736351013 seconds


/mnt/home/jcervino/Github/CoraCiteseer/PieClam/experiments/optimization_utils_directed.py:663:::  
Repetition no. 1


/mnt/home/jcervino/Github/CoraCiteseer/PieClam/experiments/../trainer_directed.py:158:::  

Using dataset specific configuration and not global 




/mnt/home/jcervino/Github/CoraCiteseer/PieClam/experiments/../trainer_directed.py:337:::  

In function train. 
2025-12-20 23:50:55 starting optimization of bigclam on citeseer (DIRECTED) on device cuda

 configs_dict: 
{
    "clamiter_init": {
        "dim_feat": 100,
        "dim_attr": 100,
        "s_reg": 0.1,
        "l1_reg": 1,
        "T": 1,
        "hidden_dim": 64,
        "num_coupling_blocks": 32,
        "num_layers_mlp": 2
    },
    "feat_opt": {
        "lr": 0.0001,
        "n_iter": 2000,
        "early_stop": 0
    }
}


/mnt/home/jcervino/Github/CoraCiteseer/PieClam/experiments/../clamiter_directed.py:440:::  
staring fit_feats for 2000 iterations


/mnt/home/jcervino/Github/CoraCiteseer/PieClam/experiments/../trainer_directed.py:444:::  



FINISHED train 
 last accuracies:
test
key='auc': 0.5890820158965848
val
auc: None




/mnt/home/jcervino/Github/CoraCiteseer/PieClam/experiments/../trainer_directed.py:460:::  

train_model_on_params on bigclam citeseer 
took 35.27529287338257 seconds


/mnt/home/jcervino/Github/CoraCiteseer/PieClam/experiments/optimization_utils_directed.py:663:::  
Repetition no. 2


/mnt/home/jcervino/Github/CoraCiteseer/PieClam/experiments/../trainer_directed.py:158:::  

Using dataset specific configuration and not global 




/mnt/home/jcervino/Github/CoraCiteseer/PieClam/experiments/../trainer_directed.py:337:::  

In function train. 
2025-12-20 23:51:30 starting optimization of bigclam on citeseer (DIRECTED) on device cuda

 configs_dict: 
{
    "clamiter_init": {
        "dim_feat": 100,
        "dim_attr": 100,
        "s_reg": 0.1,
        "l1_reg": 1,
        "T": 1,
        "hidden_dim": 64,
        "num_coupling_blocks": 32,
        "num_layers_mlp": 2
    },
    "feat_opt": {
        "lr": 0.0001,
        "n_iter": 2000,
        "early_stop": 0
    }
}


/mnt/home/jcervino/Github/CoraCiteseer/PieClam/experiments/../clamiter_directed.py:440:::  
staring fit_feats for 2000 iterations


/mnt/home/jcervino/Github/CoraCiteseer/PieClam/experiments/../trainer_directed.py:444:::  



FINISHED train 
 last accuracies:
test
key='auc': 0.5853926107083588
val
auc: None




/mnt/home/jcervino/Github/CoraCiteseer/PieClam/experiments/../trainer_directed.py:460:::  

train_model_on_params on bigclam citeseer 
took 35.643548011779785 seconds


/mnt/home/jcervino/Github/CoraCiteseer/PieClam/experiments/optimization_utils_directed.py:663:::  
Repetition no. 0


/mnt/home/jcervino/Github/CoraCiteseer/PieClam/experiments/../trainer_directed.py:158:::  

Using dataset specific configuration and not global 




/mnt/home/jcervino/Github/CoraCiteseer/PieClam/experiments/../trainer_directed.py:337:::  

In function train. 
2025-12-20 23:52:07 starting optimization of bigclam on citeseer (DIRECTED) on device cuda

 configs_dict: 
{
    "clamiter_init": {
        "dim_feat": 48,
        "dim_attr": 100,
        "s_reg": 0.1,
        "l1_reg": 1,
        "T": 1,
        "hidden_dim": 64,
        "num_coupling_blocks": 32,
        "num_layers_mlp": 2
    },
    "feat_opt": {
        "lr": 0.0001,
        "n_iter": 5000,
        "early_stop": 0
    }
}


/mnt/home/jcervino/Github/CoraCiteseer/PieClam/experiments/../clamiter_directed.py:440:::  
staring fit_feats for 5000 iterations


/mnt/home/jcervino/Github/CoraCiteseer/PieClam/experiments/../trainer_directed.py:444:::  



FINISHED train 
 last accuracies:
test
key='auc': 0.5855777797187527
val
auc: None




/mnt/home/jcervino/Github/CoraCiteseer/PieClam/experiments/../trainer_directed.py:460:::  

train_model_on_params on bigclam citeseer 
took 88.29338550567627 seconds


/mnt/home/jcervino/Github/CoraCiteseer/PieClam/experiments/optimization_utils_directed.py:663:::  
Repetition no. 1


/mnt/home/jcervino/Github/CoraCiteseer/PieClam/experiments/../trainer_directed.py:158:::  

Using dataset specific configuration and not global 




/mnt/home/jcervino/Github/CoraCiteseer/PieClam/experiments/../trainer_directed.py:337:::  

In function train. 
2025-12-20 23:53:35 starting optimization of bigclam on citeseer (DIRECTED) on device cuda

 configs_dict: 
{
    "clamiter_init": {
        "dim_feat": 48,
        "dim_attr": 100,
        "s_reg": 0.1,
        "l1_reg": 1,
        "T": 1,
        "hidden_dim": 64,
        "num_coupling_blocks": 32,
        "num_layers_mlp": 2
    },
    "feat_opt": {
        "lr": 0.0001,
        "n_iter": 5000,
        "early_stop": 0
    }
}


/mnt/home/jcervino/Github/CoraCiteseer/PieClam/experiments/../clamiter_directed.py:440:::  
staring fit_feats for 5000 iterations


/mnt/home/jcervino/Github/CoraCiteseer/PieClam/experiments/../trainer_directed.py:444:::  



FINISHED train 
 last accuracies:
test
key='auc': 0.6028893353131277
val
auc: None




/mnt/home/jcervino/Github/CoraCiteseer/PieClam/experiments/../trainer_directed.py:460:::  

train_model_on_params on bigclam citeseer 
took 88.42550587654114 seconds


/mnt/home/jcervino/Github/CoraCiteseer/PieClam/experiments/optimization_utils_directed.py:663:::  
Repetition no. 2


/mnt/home/jcervino/Github/CoraCiteseer/PieClam/experiments/../trainer_directed.py:158:::  

Using dataset specific configuration and not global 




/mnt/home/jcervino/Github/CoraCiteseer/PieClam/experiments/../trainer_directed.py:337:::  

In function train. 
2025-12-20 23:55:04 starting optimization of bigclam on citeseer (DIRECTED) on device cuda

 configs_dict: 
{
    "clamiter_init": {
        "dim_feat": 48,
        "dim_attr": 100,
        "s_reg": 0.1,
        "l1_reg": 1,
        "T": 1,
        "hidden_dim": 64,
        "num_coupling_blocks": 32,
        "num_layers_mlp": 2
    },
    "feat_opt": {
        "lr": 0.0001,
        "n_iter": 5000,
        "early_stop": 0
    }
}


/mnt/home/jcervino/Github/CoraCiteseer/PieClam/experiments/../clamiter_directed.py:440:::  
staring fit_feats for 5000 iterations


/mnt/home/jcervino/Github/CoraCiteseer/PieClam/experiments/../trainer_directed.py:444:::  



FINISHED train 
 last accuracies:
test
key='auc': 0.6010655952484932
val
auc: None




/mnt/home/jcervino/Github/CoraCiteseer/PieClam/experiments/../trainer_directed.py:460:::  

train_model_on_params on bigclam citeseer 
took 58.331634521484375 seconds


/mnt/home/jcervino/Github/CoraCiteseer/PieClam/experiments/optimization_utils_directed.py:663:::  
Repetition no. 0


/mnt/home/jcervino/Github/CoraCiteseer/PieClam/experiments/../trainer_directed.py:158:::  

Using dataset specific configuration and not global 




/mnt/home/jcervino/Github/CoraCiteseer/PieClam/experiments/../trainer_directed.py:337:::  

In function train. 
2025-12-20 23:56:03 starting optimization of bigclam on citeseer (DIRECTED) on device cuda

 configs_dict: 
{
    "clamiter_init": {
        "dim_feat": 200,
        "dim_attr": 100,
        "s_reg": 0.1,
        "l1_reg": 1,
        "T": 1,
        "hidden_dim": 64,
        "num_coupling_blocks": 32,
        "num_layers_mlp": 2
    },
    "feat_opt": {
        "lr": 0.0001,
        "n_iter": 5000,
        "early_stop": 0
    }
}


/mnt/home/jcervino/Github/CoraCiteseer/PieClam/experiments/../clamiter_directed.py:440:::  
staring fit_feats for 5000 iterations


/mnt/home/jcervino/Github/CoraCiteseer/PieClam/experiments/../trainer_directed.py:444:::  



FINISHED train 
 last accuracies:
test
key='auc': 0.5862206306227619
val
auc: None




/mnt/home/jcervino/Github/CoraCiteseer/PieClam/experiments/../trainer_directed.py:460:::  

train_model_on_params on bigclam citeseer 
took 88.20534181594849 seconds


/mnt/home/jcervino/Github/CoraCiteseer/PieClam/experiments/optimization_utils_directed.py:663:::  
Repetition no. 1


/mnt/home/jcervino/Github/CoraCiteseer/PieClam/experiments/../trainer_directed.py:158:::  

Using dataset specific configuration and not global 




/mnt/home/jcervino/Github/CoraCiteseer/PieClam/experiments/../trainer_directed.py:337:::  

In function train. 
2025-12-20 23:57:31 starting optimization of bigclam on citeseer (DIRECTED) on device cuda

 configs_dict: 
{
    "clamiter_init": {
        "dim_feat": 200,
        "dim_attr": 100,
        "s_reg": 0.1,
        "l1_reg": 1,
        "T": 1,
        "hidden_dim": 64,
        "num_coupling_blocks": 32,
        "num_layers_mlp": 2
    },
    "feat_opt": {
        "lr": 0.0001,
        "n_iter": 5000,
        "early_stop": 0
    }
}


/mnt/home/jcervino/Github/CoraCiteseer/PieClam/experiments/../clamiter_directed.py:440:::  
staring fit_feats for 5000 iterations


/mnt/home/jcervino/Github/CoraCiteseer/PieClam/experiments/../trainer_directed.py:444:::  



FINISHED train 
 last accuracies:
test
key='auc': 0.5788715171630711
val
auc: None




/mnt/home/jcervino/Github/CoraCiteseer/PieClam/experiments/../trainer_directed.py:460:::  

train_model_on_params on bigclam citeseer 
took 54.46990466117859 seconds


/mnt/home/jcervino/Github/CoraCiteseer/PieClam/experiments/optimization_utils_directed.py:663:::  
Repetition no. 2


/mnt/home/jcervino/Github/CoraCiteseer/PieClam/experiments/../trainer_directed.py:158:::  

Using dataset specific configuration and not global 




/mnt/home/jcervino/Github/CoraCiteseer/PieClam/experiments/../trainer_directed.py:337:::  

In function train. 
2025-12-20 23:58:26 starting optimization of bigclam on citeseer (DIRECTED) on device cuda

 configs_dict: 
{
    "clamiter_init": {
        "dim_feat": 200,
        "dim_attr": 100,
        "s_reg": 0.1,
        "l1_reg": 1,
        "T": 1,
        "hidden_dim": 64,
        "num_coupling_blocks": 32,
        "num_layers_mlp": 2
    },
    "feat_opt": {
        "lr": 0.0001,
        "n_iter": 5000,
        "early_stop": 0
    }
}


/mnt/home/jcervino/Github/CoraCiteseer/PieClam/experiments/../clamiter_directed.py:440:::  
staring fit_feats for 5000 iterations


/mnt/home/jcervino/Github/CoraCiteseer/PieClam/experiments/../trainer_directed.py:444:::  



FINISHED train 
 last accuracies:
test
key='auc': 0.5907170931959124
val
auc: None




/mnt/home/jcervino/Github/CoraCiteseer/PieClam/experiments/../trainer_directed.py:460:::  

train_model_on_params on bigclam citeseer 
took 66.66804790496826 seconds


/mnt/home/jcervino/Github/CoraCiteseer/PieClam/experiments/optimization_utils_directed.py:663:::  
Repetition no. 0


/mnt/home/jcervino/Github/CoraCiteseer/PieClam/experiments/../trainer_directed.py:158:::  

Using dataset specific configuration and not global 




/mnt/home/jcervino/Github/CoraCiteseer/PieClam/experiments/../trainer_directed.py:337:::  

In function train. 
2025-12-20 23:59:33 starting optimization of bigclam on citeseer (DIRECTED) on device cuda

 configs_dict: 
{
    "clamiter_init": {
        "dim_feat": 100,
        "dim_attr": 100,
        "s_reg": 0.0,
        "l1_reg": 1,
        "T": 1,
        "hidden_dim": 64,
        "num_coupling_blocks": 32,
        "num_layers_mlp": 2
    },
    "feat_opt": {
        "lr": 1e-05,
        "n_iter": 5000,
        "early_stop": 0
    }
}


/mnt/home/jcervino/Github/CoraCiteseer/PieClam/experiments/../clamiter_directed.py:440:::  
staring fit_feats for 5000 iterations


/mnt/home/jcervino/Github/CoraCiteseer/PieClam/experiments/../trainer_directed.py:444:::  



FINISHED train 
 last accuracies:
test
key='auc': 0.588561446414534
val
auc: None




/mnt/home/jcervino/Github/CoraCiteseer/PieClam/experiments/../trainer_directed.py:460:::  

train_model_on_params on bigclam citeseer 
took 50.7954375743866 seconds


/mnt/home/jcervino/Github/CoraCiteseer/PieClam/experiments/optimization_utils_directed.py:663:::  
Repetition no. 1


/mnt/home/jcervino/Github/CoraCiteseer/PieClam/experiments/../trainer_directed.py:158:::  

Using dataset specific configuration and not global 




/mnt/home/jcervino/Github/CoraCiteseer/PieClam/experiments/../trainer_directed.py:337:::  

In function train. 
2025-12-21 00:00:24 starting optimization of bigclam on citeseer (DIRECTED) on device cuda

 configs_dict: 
{
    "clamiter_init": {
        "dim_feat": 100,
        "dim_attr": 100,
        "s_reg": 0.0,
        "l1_reg": 1,
        "T": 1,
        "hidden_dim": 64,
        "num_coupling_blocks": 32,
        "num_layers_mlp": 2
    },
    "feat_opt": {
        "lr": 1e-05,
        "n_iter": 5000,
        "early_stop": 0
    }
}


/mnt/home/jcervino/Github/CoraCiteseer/PieClam/experiments/../clamiter_directed.py:440:::  
staring fit_feats for 5000 iterations


/mnt/home/jcervino/Github/CoraCiteseer/PieClam/experiments/../trainer_directed.py:444:::  



FINISHED train 
 last accuracies:
test
key='auc': 0.597065245873002
val
auc: None




/mnt/home/jcervino/Github/CoraCiteseer/PieClam/experiments/../trainer_directed.py:460:::  

train_model_on_params on bigclam citeseer 
took 43.256508350372314 seconds


/mnt/home/jcervino/Github/CoraCiteseer/PieClam/experiments/optimization_utils_directed.py:663:::  
Repetition no. 2


/mnt/home/jcervino/Github/CoraCiteseer/PieClam/experiments/../trainer_directed.py:158:::  

Using dataset specific configuration and not global 




/mnt/home/jcervino/Github/CoraCiteseer/PieClam/experiments/../trainer_directed.py:337:::  

In function train. 
2025-12-21 00:01:07 starting optimization of bigclam on citeseer (DIRECTED) on device cuda

 configs_dict: 
{
    "clamiter_init": {
        "dim_feat": 100,
        "dim_attr": 100,
        "s_reg": 0.0,
        "l1_reg": 1,
        "T": 1,
        "hidden_dim": 64,
        "num_coupling_blocks": 32,
        "num_layers_mlp": 2
    },
    "feat_opt": {
        "lr": 1e-05,
        "n_iter": 5000,
        "early_stop": 0
    }
}


/mnt/home/jcervino/Github/CoraCiteseer/PieClam/experiments/../clamiter_directed.py:440:::  
staring fit_feats for 5000 iterations


/mnt/home/jcervino/Github/CoraCiteseer/PieClam/experiments/../trainer_directed.py:444:::  



FINISHED train 
 last accuracies:
test
key='auc': 0.599491658660145
val
auc: None




/mnt/home/jcervino/Github/CoraCiteseer/PieClam/experiments/../trainer_directed.py:460:::  

train_model_on_params on bigclam citeseer 
took 38.997182846069336 seconds


/mnt/home/jcervino/Github/CoraCiteseer/PieClam/experiments/optimization_utils_directed.py:663:::  
Repetition no. 0


/mnt/home/jcervino/Github/CoraCiteseer/PieClam/experiments/../trainer_directed.py:158:::  

Using dataset specific configuration and not global 




/mnt/home/jcervino/Github/CoraCiteseer/PieClam/experiments/../trainer_directed.py:337:::  

In function train. 
2025-12-21 00:01:46 starting optimization of bigclam on citeseer (DIRECTED) on device cuda

 configs_dict: 
{
    "clamiter_init": {
        "dim_feat": 100,
        "dim_attr": 100,
        "s_reg": 0.1,
        "l1_reg": 1,
        "T": 1,
        "hidden_dim": 64,
        "num_coupling_blocks": 32,
        "num_layers_mlp": 2
    },
    "feat_opt": {
        "lr": 0.001,
        "n_iter": 7000,
        "early_stop": 0
    }
}


/mnt/home/jcervino/Github/CoraCiteseer/PieClam/experiments/../clamiter_directed.py:440:::  
staring fit_feats for 7000 iterations


/mnt/home/jcervino/Github/CoraCiteseer/PieClam/experiments/../trainer_directed.py:444:::  



FINISHED train 
 last accuracies:
test
key='auc': 0.5
val
auc: None




/mnt/home/jcervino/Github/CoraCiteseer/PieClam/experiments/../trainer_directed.py:460:::  

train_model_on_params on bigclam citeseer 
took 93.84065842628479 seconds


/mnt/home/jcervino/Github/CoraCiteseer/PieClam/experiments/optimization_utils_directed.py:663:::  
Repetition no. 1


/mnt/home/jcervino/Github/CoraCiteseer/PieClam/experiments/../trainer_directed.py:158:::  

Using dataset specific configuration and not global 




/mnt/home/jcervino/Github/CoraCiteseer/PieClam/experiments/../trainer_directed.py:337:::  

In function train. 
2025-12-21 00:03:20 starting optimization of bigclam on citeseer (DIRECTED) on device cuda

 configs_dict: 
{
    "clamiter_init": {
        "dim_feat": 100,
        "dim_attr": 100,
        "s_reg": 0.1,
        "l1_reg": 1,
        "T": 1,
        "hidden_dim": 64,
        "num_coupling_blocks": 32,
        "num_layers_mlp": 2
    },
    "feat_opt": {
        "lr": 0.001,
        "n_iter": 7000,
        "early_stop": 0
    }
}


/mnt/home/jcervino/Github/CoraCiteseer/PieClam/experiments/../clamiter_directed.py:440:::  
staring fit_feats for 7000 iterations


/mnt/home/jcervino/Github/CoraCiteseer/PieClam/experiments/../trainer_directed.py:444:::  



FINISHED train 
 last accuracies:
test
key='auc': 0.5
val
auc: None




/mnt/home/jcervino/Github/CoraCiteseer/PieClam/experiments/../trainer_directed.py:460:::  

train_model_on_params on bigclam citeseer 
took 124.23707914352417 seconds


/mnt/home/jcervino/Github/CoraCiteseer/PieClam/experiments/optimization_utils_directed.py:663:::  
Repetition no. 2


/mnt/home/jcervino/Github/CoraCiteseer/PieClam/experiments/../trainer_directed.py:158:::  

Using dataset specific configuration and not global 




/mnt/home/jcervino/Github/CoraCiteseer/PieClam/experiments/../trainer_directed.py:337:::  

In function train. 
2025-12-21 00:05:25 starting optimization of bigclam on citeseer (DIRECTED) on device cuda

 configs_dict: 
{
    "clamiter_init": {
        "dim_feat": 100,
        "dim_attr": 100,
        "s_reg": 0.1,
        "l1_reg": 1,
        "T": 1,
        "hidden_dim": 64,
        "num_coupling_blocks": 32,
        "num_layers_mlp": 2
    },
    "feat_opt": {
        "lr": 0.001,
        "n_iter": 7000,
        "early_stop": 0
    }
}


/mnt/home/jcervino/Github/CoraCiteseer/PieClam/experiments/../clamiter_directed.py:440:::  
staring fit_feats for 7000 iterations


/mnt/home/jcervino/Github/CoraCiteseer/PieClam/experiments/../trainer_directed.py:444:::  



FINISHED train 
 last accuracies:
test
key='auc': 0.5
val
auc: None




/mnt/home/jcervino/Github/CoraCiteseer/PieClam/experiments/../trainer_directed.py:460:::  

train_model_on_params on bigclam citeseer 
took 84.83841180801392 seconds


/mnt/home/jcervino/Github/CoraCiteseer/PieClam/experiments/optimization_utils_directed.py:663:::  
Repetition no. 0


/mnt/home/jcervino/Github/CoraCiteseer/PieClam/experiments/../trainer_directed.py:158:::  

Using dataset specific configuration and not global 




/mnt/home/jcervino/Github/CoraCiteseer/PieClam/experiments/../trainer_directed.py:337:::  

In function train. 
2025-12-21 00:06:50 starting optimization of bigclam on citeseer (DIRECTED) on device cuda

 configs_dict: 
{
    "clamiter_init": {
        "dim_feat": 200,
        "dim_attr": 100,
        "s_reg": 0.1,
        "l1_reg": 1,
        "T": 1,
        "hidden_dim": 64,
        "num_coupling_blocks": 32,
        "num_layers_mlp": 2
    },
    "feat_opt": {
        "lr": 0.001,
        "n_iter": 7000,
        "early_stop": 0
    }
}


/mnt/home/jcervino/Github/CoraCiteseer/PieClam/experiments/../clamiter_directed.py:440:::  
staring fit_feats for 7000 iterations


/mnt/home/jcervino/Github/CoraCiteseer/PieClam/experiments/../trainer_directed.py:444:::  



FINISHED train 
 last accuracies:
test
key='auc': 0.5
val
auc: None




/mnt/home/jcervino/Github/CoraCiteseer/PieClam/experiments/../trainer_directed.py:460:::  

train_model_on_params on bigclam citeseer 
took 111.2809808254242 seconds


/mnt/home/jcervino/Github/CoraCiteseer/PieClam/experiments/optimization_utils_directed.py:663:::  
Repetition no. 1


/mnt/home/jcervino/Github/CoraCiteseer/PieClam/experiments/../trainer_directed.py:158:::  

Using dataset specific configuration and not global 




/mnt/home/jcervino/Github/CoraCiteseer/PieClam/experiments/../trainer_directed.py:337:::  

In function train. 
2025-12-21 00:08:42 starting optimization of bigclam on citeseer (DIRECTED) on device cuda

 configs_dict: 
{
    "clamiter_init": {
        "dim_feat": 200,
        "dim_attr": 100,
        "s_reg": 0.1,
        "l1_reg": 1,
        "T": 1,
        "hidden_dim": 64,
        "num_coupling_blocks": 32,
        "num_layers_mlp": 2
    },
    "feat_opt": {
        "lr": 0.001,
        "n_iter": 7000,
        "early_stop": 0
    }
}


/mnt/home/jcervino/Github/CoraCiteseer/PieClam/experiments/../clamiter_directed.py:440:::  
staring fit_feats for 7000 iterations


/mnt/home/jcervino/Github/CoraCiteseer/PieClam/experiments/../trainer_directed.py:444:::  



FINISHED train 
 last accuracies:
test
key='auc': 0.5
val
auc: None




/mnt/home/jcervino/Github/CoraCiteseer/PieClam/experiments/../trainer_directed.py:460:::  

train_model_on_params on bigclam citeseer 
took 53.153834104537964 seconds


/mnt/home/jcervino/Github/CoraCiteseer/PieClam/experiments/optimization_utils_directed.py:663:::  
Repetition no. 2


/mnt/home/jcervino/Github/CoraCiteseer/PieClam/experiments/../trainer_directed.py:158:::  

Using dataset specific configuration and not global 




/mnt/home/jcervino/Github/CoraCiteseer/PieClam/experiments/../trainer_directed.py:337:::  

In function train. 
2025-12-21 00:09:35 starting optimization of bigclam on citeseer (DIRECTED) on device cuda

 configs_dict: 
{
    "clamiter_init": {
        "dim_feat": 200,
        "dim_attr": 100,
        "s_reg": 0.1,
        "l1_reg": 1,
        "T": 1,
        "hidden_dim": 64,
        "num_coupling_blocks": 32,
        "num_layers_mlp": 2
    },
    "feat_opt": {
        "lr": 0.001,
        "n_iter": 7000,
        "early_stop": 0
    }
}


/mnt/home/jcervino/Github/CoraCiteseer/PieClam/experiments/../clamiter_directed.py:440:::  
staring fit_feats for 7000 iterations


/mnt/home/jcervino/Github/CoraCiteseer/PieClam/experiments/../trainer_directed.py:444:::  



FINISHED train 
 last accuracies:
test
key='auc': 0.5
val
auc: None




/mnt/home/jcervino/Github/CoraCiteseer/PieClam/experiments/../trainer_directed.py:460:::  

train_model_on_params on bigclam citeseer 
took 123.31756639480591 seconds


/mnt/home/jcervino/Github/CoraCiteseer/PieClam/experiments/optimization_utils_directed.py:663:::  
Repetition no. 0


/mnt/home/jcervino/Github/CoraCiteseer/PieClam/experiments/../trainer_directed.py:158:::  

Using dataset specific configuration and not global 




/mnt/home/jcervino/Github/CoraCiteseer/PieClam/experiments/../trainer_directed.py:337:::  

In function train. 
2025-12-21 00:11:39 starting optimization of bigclam on citeseer (DIRECTED) on device cuda

 configs_dict: 
{
    "clamiter_init": {
        "dim_feat": 48,
        "dim_attr": 100,
        "s_reg": 0.0,
        "l1_reg": 1,
        "T": 1,
        "hidden_dim": 64,
        "num_coupling_blocks": 32,
        "num_layers_mlp": 2
    },
    "feat_opt": {
        "lr": 0.0001,
        "n_iter": 2000,
        "early_stop": 0
    }
}


/mnt/home/jcervino/Github/CoraCiteseer/PieClam/experiments/../clamiter_directed.py:440:::  
staring fit_feats for 2000 iterations


/mnt/home/jcervino/Github/CoraCiteseer/PieClam/experiments/../trainer_directed.py:444:::  



FINISHED train 
 last accuracies:
test
key='auc': 0.6006952572277054
val
auc: None




/mnt/home/jcervino/Github/CoraCiteseer/PieClam/experiments/../trainer_directed.py:460:::  

train_model_on_params on bigclam citeseer 
took 12.650007009506226 seconds


/mnt/home/jcervino/Github/CoraCiteseer/PieClam/experiments/optimization_utils_directed.py:663:::  
Repetition no. 1


/mnt/home/jcervino/Github/CoraCiteseer/PieClam/experiments/../trainer_directed.py:158:::  

Using dataset specific configuration and not global 




/mnt/home/jcervino/Github/CoraCiteseer/PieClam/experiments/../trainer_directed.py:337:::  

In function train. 
2025-12-21 00:11:52 starting optimization of bigclam on citeseer (DIRECTED) on device cuda

 configs_dict: 
{
    "clamiter_init": {
        "dim_feat": 48,
        "dim_attr": 100,
        "s_reg": 0.0,
        "l1_reg": 1,
        "T": 1,
        "hidden_dim": 64,
        "num_coupling_blocks": 32,
        "num_layers_mlp": 2
    },
    "feat_opt": {
        "lr": 0.0001,
        "n_iter": 2000,
        "early_stop": 0
    }
}


/mnt/home/jcervino/Github/CoraCiteseer/PieClam/experiments/../clamiter_directed.py:440:::  
staring fit_feats for 2000 iterations


/mnt/home/jcervino/Github/CoraCiteseer/PieClam/experiments/../trainer_directed.py:444:::  



FINISHED train 
 last accuracies:
test
key='auc': 0.6134177657437332
val
auc: None




/mnt/home/jcervino/Github/CoraCiteseer/PieClam/experiments/../trainer_directed.py:460:::  

train_model_on_params on bigclam citeseer 
took 35.33736228942871 seconds


/mnt/home/jcervino/Github/CoraCiteseer/PieClam/experiments/optimization_utils_directed.py:663:::  
Repetition no. 2


/mnt/home/jcervino/Github/CoraCiteseer/PieClam/experiments/../trainer_directed.py:158:::  

Using dataset specific configuration and not global 




/mnt/home/jcervino/Github/CoraCiteseer/PieClam/experiments/../trainer_directed.py:337:::  

In function train. 
2025-12-21 00:12:27 starting optimization of bigclam on citeseer (DIRECTED) on device cuda

 configs_dict: 
{
    "clamiter_init": {
        "dim_feat": 48,
        "dim_attr": 100,
        "s_reg": 0.0,
        "l1_reg": 1,
        "T": 1,
        "hidden_dim": 64,
        "num_coupling_blocks": 32,
        "num_layers_mlp": 2
    },
    "feat_opt": {
        "lr": 0.0001,
        "n_iter": 2000,
        "early_stop": 0
    }
}


/mnt/home/jcervino/Github/CoraCiteseer/PieClam/experiments/../clamiter_directed.py:440:::  
staring fit_feats for 2000 iterations


/mnt/home/jcervino/Github/CoraCiteseer/PieClam/experiments/../trainer_directed.py:444:::  



FINISHED train 
 last accuracies:
test
key='auc': 0.5880164206480916
val
auc: None




/mnt/home/jcervino/Github/CoraCiteseer/PieClam/experiments/../trainer_directed.py:460:::  

train_model_on_params on bigclam citeseer 
took 35.25303411483765 seconds


/mnt/home/jcervino/Github/CoraCiteseer/PieClam/experiments/optimization_utils_directed.py:663:::  
Repetition no. 0


/mnt/home/jcervino/Github/CoraCiteseer/PieClam/experiments/../trainer_directed.py:158:::  

Using dataset specific configuration and not global 




/mnt/home/jcervino/Github/CoraCiteseer/PieClam/experiments/../trainer_directed.py:337:::  

In function train. 
2025-12-21 00:13:03 starting optimization of bigclam on citeseer (DIRECTED) on device cuda

 configs_dict: 
{
    "clamiter_init": {
        "dim_feat": 48,
        "dim_attr": 100,
        "s_reg": 0.1,
        "l1_reg": 1,
        "T": 1,
        "hidden_dim": 64,
        "num_coupling_blocks": 32,
        "num_layers_mlp": 2
    },
    "feat_opt": {
        "lr": 0.001,
        "n_iter": 2000,
        "early_stop": 0
    }
}


/mnt/home/jcervino/Github/CoraCiteseer/PieClam/experiments/../clamiter_directed.py:440:::  
staring fit_feats for 2000 iterations


/mnt/home/jcervino/Github/CoraCiteseer/PieClam/experiments/../trainer_directed.py:444:::  



FINISHED train 
 last accuracies:
test
key='auc': 0.5
val
auc: None




/mnt/home/jcervino/Github/CoraCiteseer/PieClam/experiments/../trainer_directed.py:460:::  

train_model_on_params on bigclam citeseer 
took 35.26876783370972 seconds


/mnt/home/jcervino/Github/CoraCiteseer/PieClam/experiments/optimization_utils_directed.py:663:::  
Repetition no. 1


/mnt/home/jcervino/Github/CoraCiteseer/PieClam/experiments/../trainer_directed.py:158:::  

Using dataset specific configuration and not global 




/mnt/home/jcervino/Github/CoraCiteseer/PieClam/experiments/../trainer_directed.py:337:::  

In function train. 
2025-12-21 00:13:39 starting optimization of bigclam on citeseer (DIRECTED) on device cuda

 configs_dict: 
{
    "clamiter_init": {
        "dim_feat": 48,
        "dim_attr": 100,
        "s_reg": 0.1,
        "l1_reg": 1,
        "T": 1,
        "hidden_dim": 64,
        "num_coupling_blocks": 32,
        "num_layers_mlp": 2
    },
    "feat_opt": {
        "lr": 0.001,
        "n_iter": 2000,
        "early_stop": 0
    }
}


/mnt/home/jcervino/Github/CoraCiteseer/PieClam/experiments/../clamiter_directed.py:440:::  
staring fit_feats for 2000 iterations


/mnt/home/jcervino/Github/CoraCiteseer/PieClam/experiments/../trainer_directed.py:444:::  



FINISHED train 
 last accuracies:
test
key='auc': 0.5
val
auc: None




/mnt/home/jcervino/Github/CoraCiteseer/PieClam/experiments/../trainer_directed.py:460:::  

train_model_on_params on bigclam citeseer 
took 35.178256034851074 seconds


/mnt/home/jcervino/Github/CoraCiteseer/PieClam/experiments/optimization_utils_directed.py:663:::  
Repetition no. 2


/mnt/home/jcervino/Github/CoraCiteseer/PieClam/experiments/../trainer_directed.py:158:::  

Using dataset specific configuration and not global 




/mnt/home/jcervino/Github/CoraCiteseer/PieClam/experiments/../trainer_directed.py:337:::  

In function train. 
2025-12-21 00:14:14 starting optimization of bigclam on citeseer (DIRECTED) on device cuda

 configs_dict: 
{
    "clamiter_init": {
        "dim_feat": 48,
        "dim_attr": 100,
        "s_reg": 0.1,
        "l1_reg": 1,
        "T": 1,
        "hidden_dim": 64,
        "num_coupling_blocks": 32,
        "num_layers_mlp": 2
    },
    "feat_opt": {
        "lr": 0.001,
        "n_iter": 2000,
        "early_stop": 0
    }
}


/mnt/home/jcervino/Github/CoraCiteseer/PieClam/experiments/../clamiter_directed.py:440:::  
staring fit_feats for 2000 iterations


/mnt/home/jcervino/Github/CoraCiteseer/PieClam/experiments/../trainer_directed.py:444:::  



FINISHED train 
 last accuracies:
test
key='auc': 0.5
val
auc: None




/mnt/home/jcervino/Github/CoraCiteseer/PieClam/experiments/../trainer_directed.py:460:::  

train_model_on_params on bigclam citeseer 
took 35.20670437812805 seconds


/mnt/home/jcervino/Github/CoraCiteseer/PieClam/experiments/optimization_utils_directed.py:663:::  
Repetition no. 0


/mnt/home/jcervino/Github/CoraCiteseer/PieClam/experiments/../trainer_directed.py:158:::  

Using dataset specific configuration and not global 




/mnt/home/jcervino/Github/CoraCiteseer/PieClam/experiments/../trainer_directed.py:337:::  

In function train. 
2025-12-21 00:14:50 starting optimization of bigclam on citeseer (DIRECTED) on device cuda

 configs_dict: 
{
    "clamiter_init": {
        "dim_feat": 100,
        "dim_attr": 100,
        "s_reg": 0.1,
        "l1_reg": 1,
        "T": 1,
        "hidden_dim": 64,
        "num_coupling_blocks": 32,
        "num_layers_mlp": 2
    },
    "feat_opt": {
        "lr": 1e-05,
        "n_iter": 2000,
        "early_stop": 0
    }
}


/mnt/home/jcervino/Github/CoraCiteseer/PieClam/experiments/../clamiter_directed.py:440:::  
staring fit_feats for 2000 iterations


/mnt/home/jcervino/Github/CoraCiteseer/PieClam/experiments/../trainer_directed.py:444:::  



FINISHED train 
 last accuracies:
test
key='auc': 0.6247025941130231
val
auc: None




/mnt/home/jcervino/Github/CoraCiteseer/PieClam/experiments/../trainer_directed.py:460:::  

train_model_on_params on bigclam citeseer 
took 35.257434129714966 seconds


/mnt/home/jcervino/Github/CoraCiteseer/PieClam/experiments/optimization_utils_directed.py:663:::  
Repetition no. 1


/mnt/home/jcervino/Github/CoraCiteseer/PieClam/experiments/../trainer_directed.py:158:::  

Using dataset specific configuration and not global 




/mnt/home/jcervino/Github/CoraCiteseer/PieClam/experiments/../trainer_directed.py:337:::  

In function train. 
2025-12-21 00:15:25 starting optimization of bigclam on citeseer (DIRECTED) on device cuda

 configs_dict: 
{
    "clamiter_init": {
        "dim_feat": 100,
        "dim_attr": 100,
        "s_reg": 0.1,
        "l1_reg": 1,
        "T": 1,
        "hidden_dim": 64,
        "num_coupling_blocks": 32,
        "num_layers_mlp": 2
    },
    "feat_opt": {
        "lr": 1e-05,
        "n_iter": 2000,
        "early_stop": 0
    }
}


/mnt/home/jcervino/Github/CoraCiteseer/PieClam/experiments/../clamiter_directed.py:440:::  
staring fit_feats for 2000 iterations


/mnt/home/jcervino/Github/CoraCiteseer/PieClam/experiments/../trainer_directed.py:444:::  



FINISHED train 
 last accuracies:
test
key='auc': 0.623670189536204
val
auc: None




/mnt/home/jcervino/Github/CoraCiteseer/PieClam/experiments/../trainer_directed.py:460:::  

train_model_on_params on bigclam citeseer 
took 35.241575479507446 seconds


/mnt/home/jcervino/Github/CoraCiteseer/PieClam/experiments/optimization_utils_directed.py:663:::  
Repetition no. 2


/mnt/home/jcervino/Github/CoraCiteseer/PieClam/experiments/../trainer_directed.py:158:::  

Using dataset specific configuration and not global 




/mnt/home/jcervino/Github/CoraCiteseer/PieClam/experiments/../trainer_directed.py:337:::  

In function train. 
2025-12-21 00:16:01 starting optimization of bigclam on citeseer (DIRECTED) on device cuda

 configs_dict: 
{
    "clamiter_init": {
        "dim_feat": 100,
        "dim_attr": 100,
        "s_reg": 0.1,
        "l1_reg": 1,
        "T": 1,
        "hidden_dim": 64,
        "num_coupling_blocks": 32,
        "num_layers_mlp": 2
    },
    "feat_opt": {
        "lr": 1e-05,
        "n_iter": 2000,
        "early_stop": 0
    }
}


/mnt/home/jcervino/Github/CoraCiteseer/PieClam/experiments/../clamiter_directed.py:440:::  
staring fit_feats for 2000 iterations


/mnt/home/jcervino/Github/CoraCiteseer/PieClam/experiments/../trainer_directed.py:444:::  



FINISHED train 
 last accuracies:
test
key='auc': 0.6230867324657176
val
auc: None




/mnt/home/jcervino/Github/CoraCiteseer/PieClam/experiments/../trainer_directed.py:460:::  

train_model_on_params on bigclam citeseer 
took 35.024686098098755 seconds


/mnt/home/jcervino/Github/CoraCiteseer/PieClam/experiments/optimization_utils_directed.py:663:::  
Repetition no. 0


/mnt/home/jcervino/Github/CoraCiteseer/PieClam/experiments/../trainer_directed.py:158:::  

Using dataset specific configuration and not global 




/mnt/home/jcervino/Github/CoraCiteseer/PieClam/experiments/../trainer_directed.py:337:::  

In function train. 
2025-12-21 00:16:36 starting optimization of bigclam on citeseer (DIRECTED) on device cuda

 configs_dict: 
{
    "clamiter_init": {
        "dim_feat": 48,
        "dim_attr": 100,
        "s_reg": 0.0,
        "l1_reg": 1,
        "T": 1,
        "hidden_dim": 64,
        "num_coupling_blocks": 32,
        "num_layers_mlp": 2
    },
    "feat_opt": {
        "lr": 0.0001,
        "n_iter": 5000,
        "early_stop": 0
    }
}


/mnt/home/jcervino/Github/CoraCiteseer/PieClam/experiments/../clamiter_directed.py:440:::  
staring fit_feats for 5000 iterations


/mnt/home/jcervino/Github/CoraCiteseer/PieClam/experiments/../trainer_directed.py:444:::  



FINISHED train 
 last accuracies:
test
key='auc': 0.601093545287798
val
auc: None




/mnt/home/jcervino/Github/CoraCiteseer/PieClam/experiments/../trainer_directed.py:460:::  

train_model_on_params on bigclam citeseer 
took 76.07131147384644 seconds


/mnt/home/jcervino/Github/CoraCiteseer/PieClam/experiments/optimization_utils_directed.py:663:::  
Repetition no. 1


/mnt/home/jcervino/Github/CoraCiteseer/PieClam/experiments/../trainer_directed.py:158:::  

Using dataset specific configuration and not global 




/mnt/home/jcervino/Github/CoraCiteseer/PieClam/experiments/../trainer_directed.py:337:::  

In function train. 
2025-12-21 00:17:53 starting optimization of bigclam on citeseer (DIRECTED) on device cuda

 configs_dict: 
{
    "clamiter_init": {
        "dim_feat": 48,
        "dim_attr": 100,
        "s_reg": 0.0,
        "l1_reg": 1,
        "T": 1,
        "hidden_dim": 64,
        "num_coupling_blocks": 32,
        "num_layers_mlp": 2
    },
    "feat_opt": {
        "lr": 0.0001,
        "n_iter": 5000,
        "early_stop": 0
    }
}


/mnt/home/jcervino/Github/CoraCiteseer/PieClam/experiments/../clamiter_directed.py:440:::  
staring fit_feats for 5000 iterations


/mnt/home/jcervino/Github/CoraCiteseer/PieClam/experiments/../trainer_directed.py:444:::  



FINISHED train 
 last accuracies:
test
key='auc': 0.5834570704865054
val
auc: None




/mnt/home/jcervino/Github/CoraCiteseer/PieClam/experiments/../trainer_directed.py:460:::  

train_model_on_params on bigclam citeseer 
took 88.16999244689941 seconds


/mnt/home/jcervino/Github/CoraCiteseer/PieClam/experiments/optimization_utils_directed.py:663:::  
Repetition no. 2


/mnt/home/jcervino/Github/CoraCiteseer/PieClam/experiments/../trainer_directed.py:158:::  

Using dataset specific configuration and not global 




/mnt/home/jcervino/Github/CoraCiteseer/PieClam/experiments/../trainer_directed.py:337:::  

In function train. 
2025-12-21 00:19:21 starting optimization of bigclam on citeseer (DIRECTED) on device cuda

 configs_dict: 
{
    "clamiter_init": {
        "dim_feat": 48,
        "dim_attr": 100,
        "s_reg": 0.0,
        "l1_reg": 1,
        "T": 1,
        "hidden_dim": 64,
        "num_coupling_blocks": 32,
        "num_layers_mlp": 2
    },
    "feat_opt": {
        "lr": 0.0001,
        "n_iter": 5000,
        "early_stop": 0
    }
}


/mnt/home/jcervino/Github/CoraCiteseer/PieClam/experiments/../clamiter_directed.py:440:::  
staring fit_feats for 5000 iterations


/mnt/home/jcervino/Github/CoraCiteseer/PieClam/experiments/../trainer_directed.py:444:::  



FINISHED train 
 last accuracies:
test
key='auc': 0.5875901825486942
val
auc: None




/mnt/home/jcervino/Github/CoraCiteseer/PieClam/experiments/../trainer_directed.py:460:::  

train_model_on_params on bigclam citeseer 
took 42.40777635574341 seconds


/mnt/home/jcervino/Github/CoraCiteseer/PieClam/experiments/optimization_utils_directed.py:663:::  
Repetition no. 0


/mnt/home/jcervino/Github/CoraCiteseer/PieClam/experiments/../trainer_directed.py:158:::  

Using dataset specific configuration and not global 




/mnt/home/jcervino/Github/CoraCiteseer/PieClam/experiments/../trainer_directed.py:337:::  

In function train. 
2025-12-21 00:20:04 starting optimization of bigclam on citeseer (DIRECTED) on device cuda

 configs_dict: 
{
    "clamiter_init": {
        "dim_feat": 48,
        "dim_attr": 100,
        "s_reg": 0.1,
        "l1_reg": 1,
        "T": 1,
        "hidden_dim": 64,
        "num_coupling_blocks": 32,
        "num_layers_mlp": 2
    },
    "feat_opt": {
        "lr": 1e-05,
        "n_iter": 7000,
        "early_stop": 0
    }
}


/mnt/home/jcervino/Github/CoraCiteseer/PieClam/experiments/../clamiter_directed.py:440:::  
staring fit_feats for 7000 iterations


/mnt/home/jcervino/Github/CoraCiteseer/PieClam/experiments/../trainer_directed.py:444:::  



FINISHED train 
 last accuracies:
test
key='auc': 0.6206515852912917
val
auc: None




/mnt/home/jcervino/Github/CoraCiteseer/PieClam/experiments/../trainer_directed.py:460:::  

train_model_on_params on bigclam citeseer 
took 65.25248789787292 seconds


/mnt/home/jcervino/Github/CoraCiteseer/PieClam/experiments/optimization_utils_directed.py:663:::  
Repetition no. 1


/mnt/home/jcervino/Github/CoraCiteseer/PieClam/experiments/../trainer_directed.py:158:::  

Using dataset specific configuration and not global 




/mnt/home/jcervino/Github/CoraCiteseer/PieClam/experiments/../trainer_directed.py:337:::  

In function train. 
2025-12-21 00:21:09 starting optimization of bigclam on citeseer (DIRECTED) on device cuda

 configs_dict: 
{
    "clamiter_init": {
        "dim_feat": 48,
        "dim_attr": 100,
        "s_reg": 0.1,
        "l1_reg": 1,
        "T": 1,
        "hidden_dim": 64,
        "num_coupling_blocks": 32,
        "num_layers_mlp": 2
    },
    "feat_opt": {
        "lr": 1e-05,
        "n_iter": 7000,
        "early_stop": 0
    }
}


/mnt/home/jcervino/Github/CoraCiteseer/PieClam/experiments/../clamiter_directed.py:440:::  
staring fit_feats for 7000 iterations


/mnt/home/jcervino/Github/CoraCiteseer/PieClam/experiments/../trainer_directed.py:444:::  



FINISHED train 
 last accuracies:
test
key='auc': 0.6069508253995982
val
auc: None




/mnt/home/jcervino/Github/CoraCiteseer/PieClam/experiments/../trainer_directed.py:460:::  

train_model_on_params on bigclam citeseer 
took 54.470940589904785 seconds


/mnt/home/jcervino/Github/CoraCiteseer/PieClam/experiments/optimization_utils_directed.py:663:::  
Repetition no. 2


/mnt/home/jcervino/Github/CoraCiteseer/PieClam/experiments/../trainer_directed.py:158:::  

Using dataset specific configuration and not global 




/mnt/home/jcervino/Github/CoraCiteseer/PieClam/experiments/../trainer_directed.py:337:::  

In function train. 
2025-12-21 00:22:04 starting optimization of bigclam on citeseer (DIRECTED) on device cuda

 configs_dict: 
{
    "clamiter_init": {
        "dim_feat": 48,
        "dim_attr": 100,
        "s_reg": 0.1,
        "l1_reg": 1,
        "T": 1,
        "hidden_dim": 64,
        "num_coupling_blocks": 32,
        "num_layers_mlp": 2
    },
    "feat_opt": {
        "lr": 1e-05,
        "n_iter": 7000,
        "early_stop": 0
    }
}


/mnt/home/jcervino/Github/CoraCiteseer/PieClam/experiments/../clamiter_directed.py:440:::  
staring fit_feats for 7000 iterations


/mnt/home/jcervino/Github/CoraCiteseer/PieClam/experiments/../trainer_directed.py:444:::  



FINISHED train 
 last accuracies:
test
key='auc': 0.5988435671237663
val
auc: None




/mnt/home/jcervino/Github/CoraCiteseer/PieClam/experiments/../trainer_directed.py:460:::  

train_model_on_params on bigclam citeseer 
took 58.09814715385437 seconds


/mnt/home/jcervino/Github/CoraCiteseer/PieClam/experiments/optimization_utils_directed.py:663:::  
Repetition no. 0


/mnt/home/jcervino/Github/CoraCiteseer/PieClam/experiments/../trainer_directed.py:158:::  

Using dataset specific configuration and not global 




/mnt/home/jcervino/Github/CoraCiteseer/PieClam/experiments/../trainer_directed.py:337:::  

In function train. 
2025-12-21 00:23:02 starting optimization of bigclam on citeseer (DIRECTED) on device cuda

 configs_dict: 
{
    "clamiter_init": {
        "dim_feat": 100,
        "dim_attr": 100,
        "s_reg": 0.1,
        "l1_reg": 1,
        "T": 1,
        "hidden_dim": 64,
        "num_coupling_blocks": 32,
        "num_layers_mlp": 2
    },
    "feat_opt": {
        "lr": 1e-05,
        "n_iter": 7000,
        "early_stop": 0
    }
}


/mnt/home/jcervino/Github/CoraCiteseer/PieClam/experiments/../clamiter_directed.py:440:::  
staring fit_feats for 7000 iterations


/mnt/home/jcervino/Github/CoraCiteseer/PieClam/experiments/../trainer_directed.py:444:::  



FINISHED train 
 last accuracies:
test
key='auc': 0.5930055026639882
val
auc: None




/mnt/home/jcervino/Github/CoraCiteseer/PieClam/experiments/../trainer_directed.py:460:::  

train_model_on_params on bigclam citeseer 
took 102.29141545295715 seconds


/mnt/home/jcervino/Github/CoraCiteseer/PieClam/experiments/optimization_utils_directed.py:663:::  
Repetition no. 1


/mnt/home/jcervino/Github/CoraCiteseer/PieClam/experiments/../trainer_directed.py:158:::  

Using dataset specific configuration and not global 




/mnt/home/jcervino/Github/CoraCiteseer/PieClam/experiments/../trainer_directed.py:337:::  

In function train. 
2025-12-21 00:24:45 starting optimization of bigclam on citeseer (DIRECTED) on device cuda

 configs_dict: 
{
    "clamiter_init": {
        "dim_feat": 100,
        "dim_attr": 100,
        "s_reg": 0.1,
        "l1_reg": 1,
        "T": 1,
        "hidden_dim": 64,
        "num_coupling_blocks": 32,
        "num_layers_mlp": 2
    },
    "feat_opt": {
        "lr": 1e-05,
        "n_iter": 7000,
        "early_stop": 0
    }
}


/mnt/home/jcervino/Github/CoraCiteseer/PieClam/experiments/../clamiter_directed.py:440:::  
staring fit_feats for 7000 iterations


/mnt/home/jcervino/Github/CoraCiteseer/PieClam/experiments/../trainer_directed.py:444:::  



FINISHED train 
 last accuracies:
test
key='auc': 0.5999161498820859
val
auc: None




/mnt/home/jcervino/Github/CoraCiteseer/PieClam/experiments/../trainer_directed.py:460:::  

train_model_on_params on bigclam citeseer 
took 121.35660696029663 seconds


/mnt/home/jcervino/Github/CoraCiteseer/PieClam/experiments/optimization_utils_directed.py:663:::  
Repetition no. 2


/mnt/home/jcervino/Github/CoraCiteseer/PieClam/experiments/../trainer_directed.py:158:::  

Using dataset specific configuration and not global 




/mnt/home/jcervino/Github/CoraCiteseer/PieClam/experiments/../trainer_directed.py:337:::  

In function train. 
2025-12-21 00:26:47 starting optimization of bigclam on citeseer (DIRECTED) on device cuda

 configs_dict: 
{
    "clamiter_init": {
        "dim_feat": 100,
        "dim_attr": 100,
        "s_reg": 0.1,
        "l1_reg": 1,
        "T": 1,
        "hidden_dim": 64,
        "num_coupling_blocks": 32,
        "num_layers_mlp": 2
    },
    "feat_opt": {
        "lr": 1e-05,
        "n_iter": 7000,
        "early_stop": 0
    }
}


/mnt/home/jcervino/Github/CoraCiteseer/PieClam/experiments/../clamiter_directed.py:440:::  
staring fit_feats for 7000 iterations


/mnt/home/jcervino/Github/CoraCiteseer/PieClam/experiments/../trainer_directed.py:444:::  



FINISHED train 
 last accuracies:
test
key='auc': 0.5984505196960433
val
auc: None




/mnt/home/jcervino/Github/CoraCiteseer/PieClam/experiments/../trainer_directed.py:460:::  

train_model_on_params on bigclam citeseer 
took 123.54884147644043 seconds


/mnt/home/jcervino/Github/CoraCiteseer/PieClam/experiments/optimization_utils_directed.py:663:::  
Repetition no. 0


/mnt/home/jcervino/Github/CoraCiteseer/PieClam/experiments/../trainer_directed.py:158:::  

Using dataset specific configuration and not global 




/mnt/home/jcervino/Github/CoraCiteseer/PieClam/experiments/../trainer_directed.py:337:::  

In function train. 
2025-12-21 00:28:51 starting optimization of bigclam on citeseer (DIRECTED) on device cuda

 configs_dict: 
{
    "clamiter_init": {
        "dim_feat": 48,
        "dim_attr": 100,
        "s_reg": 0.0,
        "l1_reg": 1,
        "T": 1,
        "hidden_dim": 64,
        "num_coupling_blocks": 32,
        "num_layers_mlp": 2
    },
    "feat_opt": {
        "lr": 0.001,
        "n_iter": 7000,
        "early_stop": 0
    }
}


/mnt/home/jcervino/Github/CoraCiteseer/PieClam/experiments/../clamiter_directed.py:440:::  
staring fit_feats for 7000 iterations


/mnt/home/jcervino/Github/CoraCiteseer/PieClam/experiments/../trainer_directed.py:444:::  



FINISHED train 
 last accuracies:
test
key='auc': 0.5
val
auc: None




/mnt/home/jcervino/Github/CoraCiteseer/PieClam/experiments/../trainer_directed.py:460:::  

train_model_on_params on bigclam citeseer 
took 121.73537492752075 seconds


/mnt/home/jcervino/Github/CoraCiteseer/PieClam/experiments/optimization_utils_directed.py:663:::  
Repetition no. 1


/mnt/home/jcervino/Github/CoraCiteseer/PieClam/experiments/../trainer_directed.py:158:::  

Using dataset specific configuration and not global 




/mnt/home/jcervino/Github/CoraCiteseer/PieClam/experiments/../trainer_directed.py:337:::  

In function train. 
2025-12-21 00:30:53 starting optimization of bigclam on citeseer (DIRECTED) on device cuda

 configs_dict: 
{
    "clamiter_init": {
        "dim_feat": 48,
        "dim_attr": 100,
        "s_reg": 0.0,
        "l1_reg": 1,
        "T": 1,
        "hidden_dim": 64,
        "num_coupling_blocks": 32,
        "num_layers_mlp": 2
    },
    "feat_opt": {
        "lr": 0.001,
        "n_iter": 7000,
        "early_stop": 0
    }
}


/mnt/home/jcervino/Github/CoraCiteseer/PieClam/experiments/../clamiter_directed.py:440:::  
staring fit_feats for 7000 iterations


/mnt/home/jcervino/Github/CoraCiteseer/PieClam/experiments/../trainer_directed.py:444:::  



FINISHED train 
 last accuracies:
test
key='auc': 0.5
val
auc: None




/mnt/home/jcervino/Github/CoraCiteseer/PieClam/experiments/../trainer_directed.py:460:::  

train_model_on_params on bigclam citeseer 
took 110.96320509910583 seconds


/mnt/home/jcervino/Github/CoraCiteseer/PieClam/experiments/optimization_utils_directed.py:663:::  
Repetition no. 2


/mnt/home/jcervino/Github/CoraCiteseer/PieClam/experiments/../trainer_directed.py:158:::  

Using dataset specific configuration and not global 




/mnt/home/jcervino/Github/CoraCiteseer/PieClam/experiments/../trainer_directed.py:337:::  

In function train. 
2025-12-21 00:32:44 starting optimization of bigclam on citeseer (DIRECTED) on device cuda

 configs_dict: 
{
    "clamiter_init": {
        "dim_feat": 48,
        "dim_attr": 100,
        "s_reg": 0.0,
        "l1_reg": 1,
        "T": 1,
        "hidden_dim": 64,
        "num_coupling_blocks": 32,
        "num_layers_mlp": 2
    },
    "feat_opt": {
        "lr": 0.001,
        "n_iter": 7000,
        "early_stop": 0
    }
}


/mnt/home/jcervino/Github/CoraCiteseer/PieClam/experiments/../clamiter_directed.py:440:::  
staring fit_feats for 7000 iterations


/mnt/home/jcervino/Github/CoraCiteseer/PieClam/experiments/../trainer_directed.py:444:::  



FINISHED train 
 last accuracies:
test
key='auc': 0.5
val
auc: None




/mnt/home/jcervino/Github/CoraCiteseer/PieClam/experiments/../trainer_directed.py:460:::  

train_model_on_params on bigclam citeseer 
took 124.19506001472473 seconds


/mnt/home/jcervino/Github/CoraCiteseer/PieClam/experiments/optimization_utils_directed.py:663:::  
Repetition no. 0


/mnt/home/jcervino/Github/CoraCiteseer/PieClam/experiments/../trainer_directed.py:158:::  

Using dataset specific configuration and not global 




/mnt/home/jcervino/Github/CoraCiteseer/PieClam/experiments/../trainer_directed.py:337:::  

In function train. 
2025-12-21 00:34:49 starting optimization of bigclam on citeseer (DIRECTED) on device cuda

 configs_dict: 
{
    "clamiter_init": {
        "dim_feat": 48,
        "dim_attr": 100,
        "s_reg": 0.0,
        "l1_reg": 1,
        "T": 1,
        "hidden_dim": 64,
        "num_coupling_blocks": 32,
        "num_layers_mlp": 2
    },
    "feat_opt": {
        "lr": 0.0001,
        "n_iter": 7000,
        "early_stop": 0
    }
}


/mnt/home/jcervino/Github/CoraCiteseer/PieClam/experiments/../clamiter_directed.py:440:::  
staring fit_feats for 7000 iterations


/mnt/home/jcervino/Github/CoraCiteseer/PieClam/experiments/../trainer_directed.py:444:::  



FINISHED train 
 last accuracies:
test
key='auc': 0.6074574198619968
val
auc: None




/mnt/home/jcervino/Github/CoraCiteseer/PieClam/experiments/../trainer_directed.py:460:::  

train_model_on_params on bigclam citeseer 
took 122.56888723373413 seconds


/mnt/home/jcervino/Github/CoraCiteseer/PieClam/experiments/optimization_utils_directed.py:663:::  
Repetition no. 1


/mnt/home/jcervino/Github/CoraCiteseer/PieClam/experiments/../trainer_directed.py:158:::  

Using dataset specific configuration and not global 




/mnt/home/jcervino/Github/CoraCiteseer/PieClam/experiments/../trainer_directed.py:337:::  

In function train. 
2025-12-21 00:36:52 starting optimization of bigclam on citeseer (DIRECTED) on device cuda

 configs_dict: 
{
    "clamiter_init": {
        "dim_feat": 48,
        "dim_attr": 100,
        "s_reg": 0.0,
        "l1_reg": 1,
        "T": 1,
        "hidden_dim": 64,
        "num_coupling_blocks": 32,
        "num_layers_mlp": 2
    },
    "feat_opt": {
        "lr": 0.0001,
        "n_iter": 7000,
        "early_stop": 0
    }
}


/mnt/home/jcervino/Github/CoraCiteseer/PieClam/experiments/../clamiter_directed.py:440:::  
staring fit_feats for 7000 iterations


/mnt/home/jcervino/Github/CoraCiteseer/PieClam/experiments/../trainer_directed.py:444:::  



FINISHED train 
 last accuracies:
test
key='auc': 0.6142091012315486
val
auc: None




/mnt/home/jcervino/Github/CoraCiteseer/PieClam/experiments/../trainer_directed.py:460:::  

train_model_on_params on bigclam citeseer 
took 124.43592143058777 seconds


/mnt/home/jcervino/Github/CoraCiteseer/PieClam/experiments/optimization_utils_directed.py:663:::  
Repetition no. 2


/mnt/home/jcervino/Github/CoraCiteseer/PieClam/experiments/../trainer_directed.py:158:::  

Using dataset specific configuration and not global 




/mnt/home/jcervino/Github/CoraCiteseer/PieClam/experiments/../trainer_directed.py:337:::  

In function train. 
2025-12-21 00:38:57 starting optimization of bigclam on citeseer (DIRECTED) on device cuda

 configs_dict: 
{
    "clamiter_init": {
        "dim_feat": 48,
        "dim_attr": 100,
        "s_reg": 0.0,
        "l1_reg": 1,
        "T": 1,
        "hidden_dim": 64,
        "num_coupling_blocks": 32,
        "num_layers_mlp": 2
    },
    "feat_opt": {
        "lr": 0.0001,
        "n_iter": 7000,
        "early_stop": 0
    }
}


/mnt/home/jcervino/Github/CoraCiteseer/PieClam/experiments/../clamiter_directed.py:440:::  
staring fit_feats for 7000 iterations


/mnt/home/jcervino/Github/CoraCiteseer/PieClam/experiments/../trainer_directed.py:444:::  



FINISHED train 
 last accuracies:
test
key='auc': 0.5877788453140012
val
auc: None




/mnt/home/jcervino/Github/CoraCiteseer/PieClam/experiments/../trainer_directed.py:460:::  

train_model_on_params on bigclam citeseer 
took 59.86591839790344 seconds


/mnt/home/jcervino/Github/CoraCiteseer/PieClam/experiments/optimization_utils_directed.py:663:::  
Repetition no. 0


/mnt/home/jcervino/Github/CoraCiteseer/PieClam/experiments/../trainer_directed.py:158:::  

Using dataset specific configuration and not global 




/mnt/home/jcervino/Github/CoraCiteseer/PieClam/experiments/../trainer_directed.py:337:::  

In function train. 
2025-12-21 00:39:57 starting optimization of bigclam on citeseer (DIRECTED) on device cuda

 configs_dict: 
{
    "clamiter_init": {
        "dim_feat": 100,
        "dim_attr": 100,
        "s_reg": 0.0,
        "l1_reg": 1,
        "T": 1,
        "hidden_dim": 64,
        "num_coupling_blocks": 32,
        "num_layers_mlp": 2
    },
    "feat_opt": {
        "lr": 0.0001,
        "n_iter": 5000,
        "early_stop": 0
    }
}


/mnt/home/jcervino/Github/CoraCiteseer/PieClam/experiments/../clamiter_directed.py:440:::  
staring fit_feats for 5000 iterations


/mnt/home/jcervino/Github/CoraCiteseer/PieClam/experiments/../trainer_directed.py:444:::  



FINISHED train 
 last accuracies:
test
key='auc': 0.5793361865665123
val
auc: None




/mnt/home/jcervino/Github/CoraCiteseer/PieClam/experiments/../trainer_directed.py:460:::  

train_model_on_params on bigclam citeseer 
took 51.12143111228943 seconds


/mnt/home/jcervino/Github/CoraCiteseer/PieClam/experiments/optimization_utils_directed.py:663:::  
Repetition no. 1


/mnt/home/jcervino/Github/CoraCiteseer/PieClam/experiments/../trainer_directed.py:158:::  

Using dataset specific configuration and not global 




/mnt/home/jcervino/Github/CoraCiteseer/PieClam/experiments/../trainer_directed.py:337:::  

In function train. 
2025-12-21 00:40:48 starting optimization of bigclam on citeseer (DIRECTED) on device cuda

 configs_dict: 
{
    "clamiter_init": {
        "dim_feat": 100,
        "dim_attr": 100,
        "s_reg": 0.0,
        "l1_reg": 1,
        "T": 1,
        "hidden_dim": 64,
        "num_coupling_blocks": 32,
        "num_layers_mlp": 2
    },
    "feat_opt": {
        "lr": 0.0001,
        "n_iter": 5000,
        "early_stop": 0
    }
}


/mnt/home/jcervino/Github/CoraCiteseer/PieClam/experiments/../clamiter_directed.py:440:::  
staring fit_feats for 5000 iterations


/mnt/home/jcervino/Github/CoraCiteseer/PieClam/experiments/../trainer_directed.py:444:::  



FINISHED train 
 last accuracies:
test
key='auc': 0.5798794654554983
val
auc: None




/mnt/home/jcervino/Github/CoraCiteseer/PieClam/experiments/../trainer_directed.py:460:::  

train_model_on_params on bigclam citeseer 
took 40.18221998214722 seconds


/mnt/home/jcervino/Github/CoraCiteseer/PieClam/experiments/optimization_utils_directed.py:663:::  
Repetition no. 2


/mnt/home/jcervino/Github/CoraCiteseer/PieClam/experiments/../trainer_directed.py:158:::  

Using dataset specific configuration and not global 




/mnt/home/jcervino/Github/CoraCiteseer/PieClam/experiments/../trainer_directed.py:337:::  

In function train. 
2025-12-21 00:41:28 starting optimization of bigclam on citeseer (DIRECTED) on device cuda

 configs_dict: 
{
    "clamiter_init": {
        "dim_feat": 100,
        "dim_attr": 100,
        "s_reg": 0.0,
        "l1_reg": 1,
        "T": 1,
        "hidden_dim": 64,
        "num_coupling_blocks": 32,
        "num_layers_mlp": 2
    },
    "feat_opt": {
        "lr": 0.0001,
        "n_iter": 5000,
        "early_stop": 0
    }
}


/mnt/home/jcervino/Github/CoraCiteseer/PieClam/experiments/../clamiter_directed.py:440:::  
staring fit_feats for 5000 iterations


/mnt/home/jcervino/Github/CoraCiteseer/PieClam/experiments/../trainer_directed.py:444:::  



FINISHED train 
 last accuracies:
test
key='auc': 0.5898646169971178
val
auc: None




/mnt/home/jcervino/Github/CoraCiteseer/PieClam/experiments/../trainer_directed.py:460:::  

train_model_on_params on bigclam citeseer 
took 63.42460823059082 seconds


/mnt/home/jcervino/Github/CoraCiteseer/PieClam/experiments/optimization_utils_directed.py:663:::  
Repetition no. 0


/mnt/home/jcervino/Github/CoraCiteseer/PieClam/experiments/../trainer_directed.py:158:::  

Using dataset specific configuration and not global 




/mnt/home/jcervino/Github/CoraCiteseer/PieClam/experiments/../trainer_directed.py:337:::  

In function train. 
2025-12-21 00:42:32 starting optimization of bigclam on citeseer (DIRECTED) on device cuda

 configs_dict: 
{
    "clamiter_init": {
        "dim_feat": 100,
        "dim_attr": 100,
        "s_reg": 0.0,
        "l1_reg": 1,
        "T": 1,
        "hidden_dim": 64,
        "num_coupling_blocks": 32,
        "num_layers_mlp": 2
    },
    "feat_opt": {
        "lr": 0.001,
        "n_iter": 7000,
        "early_stop": 0
    }
}


/mnt/home/jcervino/Github/CoraCiteseer/PieClam/experiments/../clamiter_directed.py:440:::  
staring fit_feats for 7000 iterations


/mnt/home/jcervino/Github/CoraCiteseer/PieClam/experiments/../trainer_directed.py:444:::  



FINISHED train 
 last accuracies:
test
key='auc': 0.5
val
auc: None




/mnt/home/jcervino/Github/CoraCiteseer/PieClam/experiments/../trainer_directed.py:460:::  

train_model_on_params on bigclam citeseer 
took 123.226571559906 seconds


/mnt/home/jcervino/Github/CoraCiteseer/PieClam/experiments/optimization_utils_directed.py:663:::  
Repetition no. 1


/mnt/home/jcervino/Github/CoraCiteseer/PieClam/experiments/../trainer_directed.py:158:::  

Using dataset specific configuration and not global 




/mnt/home/jcervino/Github/CoraCiteseer/PieClam/experiments/../trainer_directed.py:337:::  

In function train. 
2025-12-21 00:44:35 starting optimization of bigclam on citeseer (DIRECTED) on device cuda

 configs_dict: 
{
    "clamiter_init": {
        "dim_feat": 100,
        "dim_attr": 100,
        "s_reg": 0.0,
        "l1_reg": 1,
        "T": 1,
        "hidden_dim": 64,
        "num_coupling_blocks": 32,
        "num_layers_mlp": 2
    },
    "feat_opt": {
        "lr": 0.001,
        "n_iter": 7000,
        "early_stop": 0
    }
}


/mnt/home/jcervino/Github/CoraCiteseer/PieClam/experiments/../clamiter_directed.py:440:::  
staring fit_feats for 7000 iterations


/mnt/home/jcervino/Github/CoraCiteseer/PieClam/experiments/../trainer_directed.py:444:::  



FINISHED train 
 last accuracies:
test
key='auc': 0.5
val
auc: None




/mnt/home/jcervino/Github/CoraCiteseer/PieClam/experiments/../trainer_directed.py:460:::  

train_model_on_params on bigclam citeseer 
took 123.1858069896698 seconds


/mnt/home/jcervino/Github/CoraCiteseer/PieClam/experiments/optimization_utils_directed.py:663:::  
Repetition no. 2


/mnt/home/jcervino/Github/CoraCiteseer/PieClam/experiments/../trainer_directed.py:158:::  

Using dataset specific configuration and not global 




/mnt/home/jcervino/Github/CoraCiteseer/PieClam/experiments/../trainer_directed.py:337:::  

In function train. 
2025-12-21 00:46:39 starting optimization of bigclam on citeseer (DIRECTED) on device cuda

 configs_dict: 
{
    "clamiter_init": {
        "dim_feat": 100,
        "dim_attr": 100,
        "s_reg": 0.0,
        "l1_reg": 1,
        "T": 1,
        "hidden_dim": 64,
        "num_coupling_blocks": 32,
        "num_layers_mlp": 2
    },
    "feat_opt": {
        "lr": 0.001,
        "n_iter": 7000,
        "early_stop": 0
    }
}


/mnt/home/jcervino/Github/CoraCiteseer/PieClam/experiments/../clamiter_directed.py:440:::  
staring fit_feats for 7000 iterations


/mnt/home/jcervino/Github/CoraCiteseer/PieClam/experiments/../trainer_directed.py:444:::  



FINISHED train 
 last accuracies:
test
key='auc': 0.5
val
auc: None




/mnt/home/jcervino/Github/CoraCiteseer/PieClam/experiments/../trainer_directed.py:460:::  

train_model_on_params on bigclam citeseer 
took 123.19407248497009 seconds


/mnt/home/jcervino/Github/CoraCiteseer/PieClam/experiments/optimization_utils_directed.py:663:::  
Repetition no. 0


/mnt/home/jcervino/Github/CoraCiteseer/PieClam/experiments/../trainer_directed.py:158:::  

Using dataset specific configuration and not global 




/mnt/home/jcervino/Github/CoraCiteseer/PieClam/experiments/../trainer_directed.py:337:::  

In function train. 
2025-12-21 00:48:42 starting optimization of bigclam on citeseer (DIRECTED) on device cuda

 configs_dict: 
{
    "clamiter_init": {
        "dim_feat": 100,
        "dim_attr": 100,
        "s_reg": 0.0,
        "l1_reg": 1,
        "T": 1,
        "hidden_dim": 64,
        "num_coupling_blocks": 32,
        "num_layers_mlp": 2
    },
    "feat_opt": {
        "lr": 0.0001,
        "n_iter": 7000,
        "early_stop": 0
    }
}


/mnt/home/jcervino/Github/CoraCiteseer/PieClam/experiments/../clamiter_directed.py:440:::  
staring fit_feats for 7000 iterations


/mnt/home/jcervino/Github/CoraCiteseer/PieClam/experiments/../trainer_directed.py:444:::  



FINISHED train 
 last accuracies:
test
key='auc': 0.5827618132587998
val
auc: None




/mnt/home/jcervino/Github/CoraCiteseer/PieClam/experiments/../trainer_directed.py:460:::  

train_model_on_params on bigclam citeseer 
took 119.57943439483643 seconds


/mnt/home/jcervino/Github/CoraCiteseer/PieClam/experiments/optimization_utils_directed.py:663:::  
Repetition no. 1


/mnt/home/jcervino/Github/CoraCiteseer/PieClam/experiments/../trainer_directed.py:158:::  

Using dataset specific configuration and not global 




/mnt/home/jcervino/Github/CoraCiteseer/PieClam/experiments/../trainer_directed.py:337:::  

In function train. 
2025-12-21 00:50:42 starting optimization of bigclam on citeseer (DIRECTED) on device cuda

 configs_dict: 
{
    "clamiter_init": {
        "dim_feat": 100,
        "dim_attr": 100,
        "s_reg": 0.0,
        "l1_reg": 1,
        "T": 1,
        "hidden_dim": 64,
        "num_coupling_blocks": 32,
        "num_layers_mlp": 2
    },
    "feat_opt": {
        "lr": 0.0001,
        "n_iter": 7000,
        "early_stop": 0
    }
}


/mnt/home/jcervino/Github/CoraCiteseer/PieClam/experiments/../clamiter_directed.py:440:::  
staring fit_feats for 7000 iterations


/mnt/home/jcervino/Github/CoraCiteseer/PieClam/experiments/../trainer_directed.py:444:::  



FINISHED train 
 last accuracies:
test
key='auc': 0.5866416280897896
val
auc: None




/mnt/home/jcervino/Github/CoraCiteseer/PieClam/experiments/../trainer_directed.py:460:::  

train_model_on_params on bigclam citeseer 
took 116.57712888717651 seconds


/mnt/home/jcervino/Github/CoraCiteseer/PieClam/experiments/optimization_utils_directed.py:663:::  
Repetition no. 2


/mnt/home/jcervino/Github/CoraCiteseer/PieClam/experiments/../trainer_directed.py:158:::  

Using dataset specific configuration and not global 




/mnt/home/jcervino/Github/CoraCiteseer/PieClam/experiments/../trainer_directed.py:337:::  

In function train. 
2025-12-21 00:52:39 starting optimization of bigclam on citeseer (DIRECTED) on device cuda

 configs_dict: 
{
    "clamiter_init": {
        "dim_feat": 100,
        "dim_attr": 100,
        "s_reg": 0.0,
        "l1_reg": 1,
        "T": 1,
        "hidden_dim": 64,
        "num_coupling_blocks": 32,
        "num_layers_mlp": 2
    },
    "feat_opt": {
        "lr": 0.0001,
        "n_iter": 7000,
        "early_stop": 0
    }
}


/mnt/home/jcervino/Github/CoraCiteseer/PieClam/experiments/../clamiter_directed.py:440:::  
staring fit_feats for 7000 iterations


/mnt/home/jcervino/Github/CoraCiteseer/PieClam/experiments/../trainer_directed.py:444:::  



FINISHED train 
 last accuracies:
test
key='auc': 0.5873281509302123
val
auc: None




/mnt/home/jcervino/Github/CoraCiteseer/PieClam/experiments/../trainer_directed.py:460:::  

train_model_on_params on bigclam citeseer 
took 123.39781045913696 seconds


/mnt/home/jcervino/Github/CoraCiteseer/PieClam/experiments/optimization_utils_directed.py:738:::  


Finished CrossVal!




/mnt/home/jcervino/Github/CoraCiteseer/PieClam/experiments/optimization_utils_directed.py:514:::  
On test set split_23-13_22-11-25 of citeseer,bigclam
 ======================


/mnt/home/jcervino/Github/CoraCiteseer/PieClam/experiments/../datasets/import_dataset.py:258:::  
end of import_dataset
citeseer 
has 4230 nodes 
and 5358 edges. 
Graph is directed
Graph has NO self loops


/mnt/home/jcervino/Github/CoraCiteseer/PieClam/experiments/optimization_utils_directed.py:638:::  
RunSaver defined to acc_configs path /mnt/home/jcervino/Github/CoraCiteseer/PieClam/experiments/results/directed/link_prediction/auc/citeseer/bigclam/split_23-13_22-11-25/test/acc_configs00-54_21-12-25.json


/mnt/home/jcervino/Github/CoraCiteseer/PieClam/experiments/optimization_utils_directed.py:663:::  
Repetition no. 0


/mnt/home/jcervino/Github/CoraCiteseer/PieClam/experiments/../trainer_directed.py:158:::  

Using dataset specific configuration and not global 




/mnt/home/jcervino/Github/CoraCiteseer/PieClam/experiments/../trainer_directed.py:337:::  

In function train. 
2025-12-21 00:54:43 starting optimization of bigclam on citeseer (DIRECTED) on device cuda

 configs_dict: 
{
    "clamiter_init": {
        "dim_feat": 100,
        "dim_attr": 100,
        "s_reg": 0.1,
        "l1_reg": 1,
        "T": 1,
        "hidden_dim": 64,
        "num_coupling_blocks": 32,
        "num_layers_mlp": 2
    },
    "feat_opt": {
        "lr": 0.001,
        "n_iter": 5000,
        "early_stop": 0
    }
}


/mnt/home/jcervino/Github/CoraCiteseer/PieClam/experiments/../clamiter_directed.py:440:::  
staring fit_feats for 5000 iterations


/mnt/home/jcervino/Github/CoraCiteseer/PieClam/experiments/../trainer_directed.py:444:::  



FINISHED train 
 last accuracies:
test
key='auc': 0.5
val
auc: None




/mnt/home/jcervino/Github/CoraCiteseer/PieClam/experiments/../trainer_directed.py:460:::  

train_model_on_params on bigclam citeseer 
took 87.77349829673767 seconds


/mnt/home/jcervino/Github/CoraCiteseer/PieClam/experiments/optimization_utils_directed.py:663:::  
Repetition no. 1


/mnt/home/jcervino/Github/CoraCiteseer/PieClam/experiments/../trainer_directed.py:158:::  

Using dataset specific configuration and not global 




/mnt/home/jcervino/Github/CoraCiteseer/PieClam/experiments/../trainer_directed.py:337:::  

In function train. 
2025-12-21 00:56:12 starting optimization of bigclam on citeseer (DIRECTED) on device cuda

 configs_dict: 
{
    "clamiter_init": {
        "dim_feat": 100,
        "dim_attr": 100,
        "s_reg": 0.1,
        "l1_reg": 1,
        "T": 1,
        "hidden_dim": 64,
        "num_coupling_blocks": 32,
        "num_layers_mlp": 2
    },
    "feat_opt": {
        "lr": 0.001,
        "n_iter": 5000,
        "early_stop": 0
    }
}


/mnt/home/jcervino/Github/CoraCiteseer/PieClam/experiments/../clamiter_directed.py:440:::  
staring fit_feats for 5000 iterations


/mnt/home/jcervino/Github/CoraCiteseer/PieClam/experiments/../trainer_directed.py:444:::  



FINISHED train 
 last accuracies:
test
key='auc': 0.5
val
auc: None




/mnt/home/jcervino/Github/CoraCiteseer/PieClam/experiments/../trainer_directed.py:460:::  

train_model_on_params on bigclam citeseer 
took 88.63179802894592 seconds


/mnt/home/jcervino/Github/CoraCiteseer/PieClam/experiments/optimization_utils_directed.py:663:::  
Repetition no. 2


/mnt/home/jcervino/Github/CoraCiteseer/PieClam/experiments/../trainer_directed.py:158:::  

Using dataset specific configuration and not global 




/mnt/home/jcervino/Github/CoraCiteseer/PieClam/experiments/../trainer_directed.py:337:::  

In function train. 
2025-12-21 00:57:41 starting optimization of bigclam on citeseer (DIRECTED) on device cuda

 configs_dict: 
{
    "clamiter_init": {
        "dim_feat": 100,
        "dim_attr": 100,
        "s_reg": 0.1,
        "l1_reg": 1,
        "T": 1,
        "hidden_dim": 64,
        "num_coupling_blocks": 32,
        "num_layers_mlp": 2
    },
    "feat_opt": {
        "lr": 0.001,
        "n_iter": 5000,
        "early_stop": 0
    }
}


/mnt/home/jcervino/Github/CoraCiteseer/PieClam/experiments/../clamiter_directed.py:440:::  
staring fit_feats for 5000 iterations


/mnt/home/jcervino/Github/CoraCiteseer/PieClam/experiments/../trainer_directed.py:444:::  



FINISHED train 
 last accuracies:
test
key='auc': 0.5
val
auc: None




/mnt/home/jcervino/Github/CoraCiteseer/PieClam/experiments/../trainer_directed.py:460:::  

train_model_on_params on bigclam citeseer 
took 87.95181775093079 seconds


/mnt/home/jcervino/Github/CoraCiteseer/PieClam/experiments/optimization_utils_directed.py:663:::  
Repetition no. 0


/mnt/home/jcervino/Github/CoraCiteseer/PieClam/experiments/../trainer_directed.py:158:::  

Using dataset specific configuration and not global 




/mnt/home/jcervino/Github/CoraCiteseer/PieClam/experiments/../trainer_directed.py:337:::  

In function train. 
2025-12-21 00:59:09 starting optimization of bigclam on citeseer (DIRECTED) on device cuda

 configs_dict: 
{
    "clamiter_init": {
        "dim_feat": 200,
        "dim_attr": 100,
        "s_reg": 0.0,
        "l1_reg": 1,
        "T": 1,
        "hidden_dim": 64,
        "num_coupling_blocks": 32,
        "num_layers_mlp": 2
    },
    "feat_opt": {
        "lr": 0.001,
        "n_iter": 5000,
        "early_stop": 0
    }
}


/mnt/home/jcervino/Github/CoraCiteseer/PieClam/experiments/../clamiter_directed.py:440:::  
staring fit_feats for 5000 iterations


/mnt/home/jcervino/Github/CoraCiteseer/PieClam/experiments/../trainer_directed.py:444:::  



FINISHED train 
 last accuracies:
test
key='auc': 0.5
val
auc: None




/mnt/home/jcervino/Github/CoraCiteseer/PieClam/experiments/../trainer_directed.py:460:::  

train_model_on_params on bigclam citeseer 
took 64.43858981132507 seconds


/mnt/home/jcervino/Github/CoraCiteseer/PieClam/experiments/optimization_utils_directed.py:663:::  
Repetition no. 1


/mnt/home/jcervino/Github/CoraCiteseer/PieClam/experiments/../trainer_directed.py:158:::  

Using dataset specific configuration and not global 




/mnt/home/jcervino/Github/CoraCiteseer/PieClam/experiments/../trainer_directed.py:337:::  

In function train. 
2025-12-21 01:00:14 starting optimization of bigclam on citeseer (DIRECTED) on device cuda

 configs_dict: 
{
    "clamiter_init": {
        "dim_feat": 200,
        "dim_attr": 100,
        "s_reg": 0.0,
        "l1_reg": 1,
        "T": 1,
        "hidden_dim": 64,
        "num_coupling_blocks": 32,
        "num_layers_mlp": 2
    },
    "feat_opt": {
        "lr": 0.001,
        "n_iter": 5000,
        "early_stop": 0
    }
}


/mnt/home/jcervino/Github/CoraCiteseer/PieClam/experiments/../clamiter_directed.py:440:::  
staring fit_feats for 5000 iterations


/mnt/home/jcervino/Github/CoraCiteseer/PieClam/experiments/../trainer_directed.py:444:::  



FINISHED train 
 last accuracies:
test
key='auc': 0.5
val
auc: None




/mnt/home/jcervino/Github/CoraCiteseer/PieClam/experiments/../trainer_directed.py:460:::  

train_model_on_params on bigclam citeseer 
took 70.24311900138855 seconds


/mnt/home/jcervino/Github/CoraCiteseer/PieClam/experiments/optimization_utils_directed.py:663:::  
Repetition no. 2


/mnt/home/jcervino/Github/CoraCiteseer/PieClam/experiments/../trainer_directed.py:158:::  

Using dataset specific configuration and not global 




/mnt/home/jcervino/Github/CoraCiteseer/PieClam/experiments/../trainer_directed.py:337:::  

In function train. 
2025-12-21 01:01:24 starting optimization of bigclam on citeseer (DIRECTED) on device cuda

 configs_dict: 
{
    "clamiter_init": {
        "dim_feat": 200,
        "dim_attr": 100,
        "s_reg": 0.0,
        "l1_reg": 1,
        "T": 1,
        "hidden_dim": 64,
        "num_coupling_blocks": 32,
        "num_layers_mlp": 2
    },
    "feat_opt": {
        "lr": 0.001,
        "n_iter": 5000,
        "early_stop": 0
    }
}


/mnt/home/jcervino/Github/CoraCiteseer/PieClam/experiments/../clamiter_directed.py:440:::  
staring fit_feats for 5000 iterations


/mnt/home/jcervino/Github/CoraCiteseer/PieClam/experiments/../trainer_directed.py:444:::  



FINISHED train 
 last accuracies:
test
key='auc': 0.5
val
auc: None




/mnt/home/jcervino/Github/CoraCiteseer/PieClam/experiments/../trainer_directed.py:460:::  

train_model_on_params on bigclam citeseer 
took 46.526506185531616 seconds


/mnt/home/jcervino/Github/CoraCiteseer/PieClam/experiments/optimization_utils_directed.py:663:::  
Repetition no. 0


/mnt/home/jcervino/Github/CoraCiteseer/PieClam/experiments/../trainer_directed.py:158:::  

Using dataset specific configuration and not global 




/mnt/home/jcervino/Github/CoraCiteseer/PieClam/experiments/../trainer_directed.py:337:::  

In function train. 
2025-12-21 01:02:11 starting optimization of bigclam on citeseer (DIRECTED) on device cuda

 configs_dict: 
{
    "clamiter_init": {
        "dim_feat": 100,
        "dim_attr": 100,
        "s_reg": 0.1,
        "l1_reg": 1,
        "T": 1,
        "hidden_dim": 64,
        "num_coupling_blocks": 32,
        "num_layers_mlp": 2
    },
    "feat_opt": {
        "lr": 0.0001,
        "n_iter": 7000,
        "early_stop": 0
    }
}


/mnt/home/jcervino/Github/CoraCiteseer/PieClam/experiments/../clamiter_directed.py:440:::  
staring fit_feats for 7000 iterations


/mnt/home/jcervino/Github/CoraCiteseer/PieClam/experiments/../trainer_directed.py:444:::  



FINISHED train 
 last accuracies:
test
key='auc': 0.5744606515852914
val
auc: None




/mnt/home/jcervino/Github/CoraCiteseer/PieClam/experiments/../trainer_directed.py:460:::  

train_model_on_params on bigclam citeseer 
took 51.509111404418945 seconds


/mnt/home/jcervino/Github/CoraCiteseer/PieClam/experiments/optimization_utils_directed.py:663:::  
Repetition no. 1


/mnt/home/jcervino/Github/CoraCiteseer/PieClam/experiments/../trainer_directed.py:158:::  

Using dataset specific configuration and not global 




/mnt/home/jcervino/Github/CoraCiteseer/PieClam/experiments/../trainer_directed.py:337:::  

In function train. 
2025-12-21 01:03:03 starting optimization of bigclam on citeseer (DIRECTED) on device cuda

 configs_dict: 
{
    "clamiter_init": {
        "dim_feat": 100,
        "dim_attr": 100,
        "s_reg": 0.1,
        "l1_reg": 1,
        "T": 1,
        "hidden_dim": 64,
        "num_coupling_blocks": 32,
        "num_layers_mlp": 2
    },
    "feat_opt": {
        "lr": 0.0001,
        "n_iter": 7000,
        "early_stop": 0
    }
}


/mnt/home/jcervino/Github/CoraCiteseer/PieClam/experiments/../clamiter_directed.py:440:::  
staring fit_feats for 7000 iterations


/mnt/home/jcervino/Github/CoraCiteseer/PieClam/experiments/../trainer_directed.py:444:::  



FINISHED train 
 last accuracies:
test
key='auc': 0.5925355926281772
val
auc: None




/mnt/home/jcervino/Github/CoraCiteseer/PieClam/experiments/../trainer_directed.py:460:::  

train_model_on_params on bigclam citeseer 
took 63.576364517211914 seconds


/mnt/home/jcervino/Github/CoraCiteseer/PieClam/experiments/optimization_utils_directed.py:663:::  
Repetition no. 2


/mnt/home/jcervino/Github/CoraCiteseer/PieClam/experiments/../trainer_directed.py:158:::  

Using dataset specific configuration and not global 




/mnt/home/jcervino/Github/CoraCiteseer/PieClam/experiments/../trainer_directed.py:337:::  

In function train. 
2025-12-21 01:04:06 starting optimization of bigclam on citeseer (DIRECTED) on device cuda

 configs_dict: 
{
    "clamiter_init": {
        "dim_feat": 100,
        "dim_attr": 100,
        "s_reg": 0.1,
        "l1_reg": 1,
        "T": 1,
        "hidden_dim": 64,
        "num_coupling_blocks": 32,
        "num_layers_mlp": 2
    },
    "feat_opt": {
        "lr": 0.0001,
        "n_iter": 7000,
        "early_stop": 0
    }
}


/mnt/home/jcervino/Github/CoraCiteseer/PieClam/experiments/../clamiter_directed.py:440:::  
staring fit_feats for 7000 iterations


/mnt/home/jcervino/Github/CoraCiteseer/PieClam/experiments/../trainer_directed.py:444:::  



FINISHED train 
 last accuracies:
test
key='auc': 0.5716149882085771
val
auc: None




/mnt/home/jcervino/Github/CoraCiteseer/PieClam/experiments/../trainer_directed.py:460:::  

train_model_on_params on bigclam citeseer 
took 62.61179542541504 seconds


/mnt/home/jcervino/Github/CoraCiteseer/PieClam/experiments/optimization_utils_directed.py:663:::  
Repetition no. 0


/mnt/home/jcervino/Github/CoraCiteseer/PieClam/experiments/../trainer_directed.py:158:::  

Using dataset specific configuration and not global 




/mnt/home/jcervino/Github/CoraCiteseer/PieClam/experiments/../trainer_directed.py:337:::  

In function train. 
2025-12-21 01:05:09 starting optimization of bigclam on citeseer (DIRECTED) on device cuda

 configs_dict: 
{
    "clamiter_init": {
        "dim_feat": 48,
        "dim_attr": 100,
        "s_reg": 0.1,
        "l1_reg": 1,
        "T": 1,
        "hidden_dim": 64,
        "num_coupling_blocks": 32,
        "num_layers_mlp": 2
    },
    "feat_opt": {
        "lr": 0.001,
        "n_iter": 5000,
        "early_stop": 0
    }
}


/mnt/home/jcervino/Github/CoraCiteseer/PieClam/experiments/../clamiter_directed.py:440:::  
staring fit_feats for 5000 iterations


/mnt/home/jcervino/Github/CoraCiteseer/PieClam/experiments/../trainer_directed.py:444:::  



FINISHED train 
 last accuracies:
test
key='auc': 0.5
val
auc: None




/mnt/home/jcervino/Github/CoraCiteseer/PieClam/experiments/../trainer_directed.py:460:::  

train_model_on_params on bigclam citeseer 
took 87.19534707069397 seconds


/mnt/home/jcervino/Github/CoraCiteseer/PieClam/experiments/optimization_utils_directed.py:663:::  
Repetition no. 1


/mnt/home/jcervino/Github/CoraCiteseer/PieClam/experiments/../trainer_directed.py:158:::  

Using dataset specific configuration and not global 




/mnt/home/jcervino/Github/CoraCiteseer/PieClam/experiments/../trainer_directed.py:337:::  

In function train. 
2025-12-21 01:06:37 starting optimization of bigclam on citeseer (DIRECTED) on device cuda

 configs_dict: 
{
    "clamiter_init": {
        "dim_feat": 48,
        "dim_attr": 100,
        "s_reg": 0.1,
        "l1_reg": 1,
        "T": 1,
        "hidden_dim": 64,
        "num_coupling_blocks": 32,
        "num_layers_mlp": 2
    },
    "feat_opt": {
        "lr": 0.001,
        "n_iter": 5000,
        "early_stop": 0
    }
}


/mnt/home/jcervino/Github/CoraCiteseer/PieClam/experiments/../clamiter_directed.py:440:::  
staring fit_feats for 5000 iterations


/mnt/home/jcervino/Github/CoraCiteseer/PieClam/experiments/../trainer_directed.py:444:::  



FINISHED train 
 last accuracies:
test
key='auc': 0.5
val
auc: None




/mnt/home/jcervino/Github/CoraCiteseer/PieClam/experiments/../trainer_directed.py:460:::  

train_model_on_params on bigclam citeseer 
took 88.73860931396484 seconds


/mnt/home/jcervino/Github/CoraCiteseer/PieClam/experiments/optimization_utils_directed.py:663:::  
Repetition no. 2


/mnt/home/jcervino/Github/CoraCiteseer/PieClam/experiments/../trainer_directed.py:158:::  

Using dataset specific configuration and not global 




/mnt/home/jcervino/Github/CoraCiteseer/PieClam/experiments/../trainer_directed.py:337:::  

In function train. 
2025-12-21 01:08:06 starting optimization of bigclam on citeseer (DIRECTED) on device cuda

 configs_dict: 
{
    "clamiter_init": {
        "dim_feat": 48,
        "dim_attr": 100,
        "s_reg": 0.1,
        "l1_reg": 1,
        "T": 1,
        "hidden_dim": 64,
        "num_coupling_blocks": 32,
        "num_layers_mlp": 2
    },
    "feat_opt": {
        "lr": 0.001,
        "n_iter": 5000,
        "early_stop": 0
    }
}


/mnt/home/jcervino/Github/CoraCiteseer/PieClam/experiments/../clamiter_directed.py:440:::  
staring fit_feats for 5000 iterations


/mnt/home/jcervino/Github/CoraCiteseer/PieClam/experiments/../trainer_directed.py:444:::  



FINISHED train 
 last accuracies:
test
key='auc': 0.5
val
auc: None




/mnt/home/jcervino/Github/CoraCiteseer/PieClam/experiments/../trainer_directed.py:460:::  

train_model_on_params on bigclam citeseer 
took 88.62201857566833 seconds


/mnt/home/jcervino/Github/CoraCiteseer/PieClam/experiments/optimization_utils_directed.py:663:::  
Repetition no. 0


/mnt/home/jcervino/Github/CoraCiteseer/PieClam/experiments/../trainer_directed.py:158:::  

Using dataset specific configuration and not global 




/mnt/home/jcervino/Github/CoraCiteseer/PieClam/experiments/../trainer_directed.py:337:::  

In function train. 
2025-12-21 01:09:35 starting optimization of bigclam on citeseer (DIRECTED) on device cuda

 configs_dict: 
{
    "clamiter_init": {
        "dim_feat": 200,
        "dim_attr": 100,
        "s_reg": 0.0,
        "l1_reg": 1,
        "T": 1,
        "hidden_dim": 64,
        "num_coupling_blocks": 32,
        "num_layers_mlp": 2
    },
    "feat_opt": {
        "lr": 1e-05,
        "n_iter": 2000,
        "early_stop": 0
    }
}


/mnt/home/jcervino/Github/CoraCiteseer/PieClam/experiments/../clamiter_directed.py:440:::  
staring fit_feats for 2000 iterations


/mnt/home/jcervino/Github/CoraCiteseer/PieClam/experiments/../trainer_directed.py:444:::  



FINISHED train 
 last accuracies:
test
key='auc': 0.6264547122019389
val
auc: None




/mnt/home/jcervino/Github/CoraCiteseer/PieClam/experiments/../trainer_directed.py:460:::  

train_model_on_params on bigclam citeseer 
took 34.83701968193054 seconds


/mnt/home/jcervino/Github/CoraCiteseer/PieClam/experiments/optimization_utils_directed.py:663:::  
Repetition no. 1


/mnt/home/jcervino/Github/CoraCiteseer/PieClam/experiments/../trainer_directed.py:158:::  

Using dataset specific configuration and not global 




/mnt/home/jcervino/Github/CoraCiteseer/PieClam/experiments/../trainer_directed.py:337:::  

In function train. 
2025-12-21 01:10:10 starting optimization of bigclam on citeseer (DIRECTED) on device cuda

 configs_dict: 
{
    "clamiter_init": {
        "dim_feat": 200,
        "dim_attr": 100,
        "s_reg": 0.0,
        "l1_reg": 1,
        "T": 1,
        "hidden_dim": 64,
        "num_coupling_blocks": 32,
        "num_layers_mlp": 2
    },
    "feat_opt": {
        "lr": 1e-05,
        "n_iter": 2000,
        "early_stop": 0
    }
}


/mnt/home/jcervino/Github/CoraCiteseer/PieClam/experiments/../clamiter_directed.py:440:::  
staring fit_feats for 2000 iterations


/mnt/home/jcervino/Github/CoraCiteseer/PieClam/experiments/../trainer_directed.py:444:::  



FINISHED train 
 last accuracies:
test
key='auc': 0.6152554808280198
val
auc: None




/mnt/home/jcervino/Github/CoraCiteseer/PieClam/experiments/../trainer_directed.py:460:::  

train_model_on_params on bigclam citeseer 
took 27.447739124298096 seconds


/mnt/home/jcervino/Github/CoraCiteseer/PieClam/experiments/optimization_utils_directed.py:663:::  
Repetition no. 2


/mnt/home/jcervino/Github/CoraCiteseer/PieClam/experiments/../trainer_directed.py:158:::  

Using dataset specific configuration and not global 




/mnt/home/jcervino/Github/CoraCiteseer/PieClam/experiments/../trainer_directed.py:337:::  

In function train. 
2025-12-21 01:10:38 starting optimization of bigclam on citeseer (DIRECTED) on device cuda

 configs_dict: 
{
    "clamiter_init": {
        "dim_feat": 200,
        "dim_attr": 100,
        "s_reg": 0.0,
        "l1_reg": 1,
        "T": 1,
        "hidden_dim": 64,
        "num_coupling_blocks": 32,
        "num_layers_mlp": 2
    },
    "feat_opt": {
        "lr": 1e-05,
        "n_iter": 2000,
        "early_stop": 0
    }
}


/mnt/home/jcervino/Github/CoraCiteseer/PieClam/experiments/../clamiter_directed.py:440:::  
staring fit_feats for 2000 iterations


/mnt/home/jcervino/Github/CoraCiteseer/PieClam/experiments/../trainer_directed.py:444:::  



FINISHED train 
 last accuracies:
test
key='auc': 0.6215005677351734
val
auc: None




/mnt/home/jcervino/Github/CoraCiteseer/PieClam/experiments/../trainer_directed.py:460:::  

train_model_on_params on bigclam citeseer 
took 35.46684980392456 seconds


/mnt/home/jcervino/Github/CoraCiteseer/PieClam/experiments/optimization_utils_directed.py:663:::  
Repetition no. 0


/mnt/home/jcervino/Github/CoraCiteseer/PieClam/experiments/../trainer_directed.py:158:::  

Using dataset specific configuration and not global 




/mnt/home/jcervino/Github/CoraCiteseer/PieClam/experiments/../trainer_directed.py:337:::  

In function train. 
2025-12-21 01:11:14 starting optimization of bigclam on citeseer (DIRECTED) on device cuda

 configs_dict: 
{
    "clamiter_init": {
        "dim_feat": 200,
        "dim_attr": 100,
        "s_reg": 0.1,
        "l1_reg": 1,
        "T": 1,
        "hidden_dim": 64,
        "num_coupling_blocks": 32,
        "num_layers_mlp": 2
    },
    "feat_opt": {
        "lr": 0.001,
        "n_iter": 5000,
        "early_stop": 0
    }
}


/mnt/home/jcervino/Github/CoraCiteseer/PieClam/experiments/../clamiter_directed.py:440:::  
staring fit_feats for 5000 iterations


/mnt/home/jcervino/Github/CoraCiteseer/PieClam/experiments/../trainer_directed.py:444:::  



FINISHED train 
 last accuracies:
test
key='auc': 0.5
val
auc: None




/mnt/home/jcervino/Github/CoraCiteseer/PieClam/experiments/../trainer_directed.py:460:::  

train_model_on_params on bigclam citeseer 
took 88.59942507743835 seconds


/mnt/home/jcervino/Github/CoraCiteseer/PieClam/experiments/optimization_utils_directed.py:663:::  
Repetition no. 1


/mnt/home/jcervino/Github/CoraCiteseer/PieClam/experiments/../trainer_directed.py:158:::  

Using dataset specific configuration and not global 




/mnt/home/jcervino/Github/CoraCiteseer/PieClam/experiments/../trainer_directed.py:337:::  

In function train. 
2025-12-21 01:12:42 starting optimization of bigclam on citeseer (DIRECTED) on device cuda

 configs_dict: 
{
    "clamiter_init": {
        "dim_feat": 200,
        "dim_attr": 100,
        "s_reg": 0.1,
        "l1_reg": 1,
        "T": 1,
        "hidden_dim": 64,
        "num_coupling_blocks": 32,
        "num_layers_mlp": 2
    },
    "feat_opt": {
        "lr": 0.001,
        "n_iter": 5000,
        "early_stop": 0
    }
}


/mnt/home/jcervino/Github/CoraCiteseer/PieClam/experiments/../clamiter_directed.py:440:::  
staring fit_feats for 5000 iterations


/mnt/home/jcervino/Github/CoraCiteseer/PieClam/experiments/../trainer_directed.py:444:::  



FINISHED train 
 last accuracies:
test
key='auc': 0.5
val
auc: None




/mnt/home/jcervino/Github/CoraCiteseer/PieClam/experiments/../trainer_directed.py:460:::  

train_model_on_params on bigclam citeseer 
took 87.9719398021698 seconds


/mnt/home/jcervino/Github/CoraCiteseer/PieClam/experiments/optimization_utils_directed.py:663:::  
Repetition no. 2


/mnt/home/jcervino/Github/CoraCiteseer/PieClam/experiments/../trainer_directed.py:158:::  

Using dataset specific configuration and not global 




/mnt/home/jcervino/Github/CoraCiteseer/PieClam/experiments/../trainer_directed.py:337:::  

In function train. 
2025-12-21 01:14:11 starting optimization of bigclam on citeseer (DIRECTED) on device cuda

 configs_dict: 
{
    "clamiter_init": {
        "dim_feat": 200,
        "dim_attr": 100,
        "s_reg": 0.1,
        "l1_reg": 1,
        "T": 1,
        "hidden_dim": 64,
        "num_coupling_blocks": 32,
        "num_layers_mlp": 2
    },
    "feat_opt": {
        "lr": 0.001,
        "n_iter": 5000,
        "early_stop": 0
    }
}


/mnt/home/jcervino/Github/CoraCiteseer/PieClam/experiments/../clamiter_directed.py:440:::  
staring fit_feats for 5000 iterations


/mnt/home/jcervino/Github/CoraCiteseer/PieClam/experiments/../trainer_directed.py:444:::  



FINISHED train 
 last accuracies:
test
key='auc': 0.5
val
auc: None




/mnt/home/jcervino/Github/CoraCiteseer/PieClam/experiments/../trainer_directed.py:460:::  

train_model_on_params on bigclam citeseer 
took 88.31775784492493 seconds


/mnt/home/jcervino/Github/CoraCiteseer/PieClam/experiments/optimization_utils_directed.py:663:::  
Repetition no. 0


/mnt/home/jcervino/Github/CoraCiteseer/PieClam/experiments/../trainer_directed.py:158:::  

Using dataset specific configuration and not global 




/mnt/home/jcervino/Github/CoraCiteseer/PieClam/experiments/../trainer_directed.py:337:::  

In function train. 
2025-12-21 01:15:40 starting optimization of bigclam on citeseer (DIRECTED) on device cuda

 configs_dict: 
{
    "clamiter_init": {
        "dim_feat": 100,
        "dim_attr": 100,
        "s_reg": 0.0,
        "l1_reg": 1,
        "T": 1,
        "hidden_dim": 64,
        "num_coupling_blocks": 32,
        "num_layers_mlp": 2
    },
    "feat_opt": {
        "lr": 1e-05,
        "n_iter": 7000,
        "early_stop": 0
    }
}


/mnt/home/jcervino/Github/CoraCiteseer/PieClam/experiments/../clamiter_directed.py:440:::  
staring fit_feats for 7000 iterations


/mnt/home/jcervino/Github/CoraCiteseer/PieClam/experiments/../trainer_directed.py:444:::  



FINISHED train 
 last accuracies:
test
key='auc': 0.5856371735522754
val
auc: None




/mnt/home/jcervino/Github/CoraCiteseer/PieClam/experiments/../trainer_directed.py:460:::  

train_model_on_params on bigclam citeseer 
took 113.33314037322998 seconds


/mnt/home/jcervino/Github/CoraCiteseer/PieClam/experiments/optimization_utils_directed.py:663:::  
Repetition no. 1


/mnt/home/jcervino/Github/CoraCiteseer/PieClam/experiments/../trainer_directed.py:158:::  

Using dataset specific configuration and not global 




/mnt/home/jcervino/Github/CoraCiteseer/PieClam/experiments/../trainer_directed.py:337:::  

In function train. 
2025-12-21 01:17:34 starting optimization of bigclam on citeseer (DIRECTED) on device cuda

 configs_dict: 
{
    "clamiter_init": {
        "dim_feat": 100,
        "dim_attr": 100,
        "s_reg": 0.0,
        "l1_reg": 1,
        "T": 1,
        "hidden_dim": 64,
        "num_coupling_blocks": 32,
        "num_layers_mlp": 2
    },
    "feat_opt": {
        "lr": 1e-05,
        "n_iter": 7000,
        "early_stop": 0
    }
}


/mnt/home/jcervino/Github/CoraCiteseer/PieClam/experiments/../clamiter_directed.py:440:::  
staring fit_feats for 7000 iterations


/mnt/home/jcervino/Github/CoraCiteseer/PieClam/experiments/../trainer_directed.py:444:::  



FINISHED train 
 last accuracies:
test
key='auc': 0.60852301511049
val
auc: None




/mnt/home/jcervino/Github/CoraCiteseer/PieClam/experiments/../trainer_directed.py:460:::  

train_model_on_params on bigclam citeseer 
took 113.4211175441742 seconds


/mnt/home/jcervino/Github/CoraCiteseer/PieClam/experiments/optimization_utils_directed.py:663:::  
Repetition no. 2


/mnt/home/jcervino/Github/CoraCiteseer/PieClam/experiments/../trainer_directed.py:158:::  

Using dataset specific configuration and not global 




/mnt/home/jcervino/Github/CoraCiteseer/PieClam/experiments/../trainer_directed.py:337:::  

In function train. 
2025-12-21 01:19:27 starting optimization of bigclam on citeseer (DIRECTED) on device cuda

 configs_dict: 
{
    "clamiter_init": {
        "dim_feat": 100,
        "dim_attr": 100,
        "s_reg": 0.0,
        "l1_reg": 1,
        "T": 1,
        "hidden_dim": 64,
        "num_coupling_blocks": 32,
        "num_layers_mlp": 2
    },
    "feat_opt": {
        "lr": 1e-05,
        "n_iter": 7000,
        "early_stop": 0
    }
}


/mnt/home/jcervino/Github/CoraCiteseer/PieClam/experiments/../clamiter_directed.py:440:::  
staring fit_feats for 7000 iterations


/mnt/home/jcervino/Github/CoraCiteseer/PieClam/experiments/../trainer_directed.py:444:::  



FINISHED train 
 last accuracies:
test
key='auc': 0.5923906017992838
val
auc: None




/mnt/home/jcervino/Github/CoraCiteseer/PieClam/experiments/../trainer_directed.py:460:::  

train_model_on_params on bigclam citeseer 
took 83.07178401947021 seconds


/mnt/home/jcervino/Github/CoraCiteseer/PieClam/experiments/optimization_utils_directed.py:663:::  
Repetition no. 0


/mnt/home/jcervino/Github/CoraCiteseer/PieClam/experiments/../trainer_directed.py:158:::  

Using dataset specific configuration and not global 




/mnt/home/jcervino/Github/CoraCiteseer/PieClam/experiments/../trainer_directed.py:337:::  

In function train. 
2025-12-21 01:20:51 starting optimization of bigclam on citeseer (DIRECTED) on device cuda

 configs_dict: 
{
    "clamiter_init": {
        "dim_feat": 48,
        "dim_attr": 100,
        "s_reg": 0.1,
        "l1_reg": 1,
        "T": 1,
        "hidden_dim": 64,
        "num_coupling_blocks": 32,
        "num_layers_mlp": 2
    },
    "feat_opt": {
        "lr": 1e-05,
        "n_iter": 5000,
        "early_stop": 0
    }
}


/mnt/home/jcervino/Github/CoraCiteseer/PieClam/experiments/../clamiter_directed.py:440:::  
staring fit_feats for 5000 iterations


/mnt/home/jcervino/Github/CoraCiteseer/PieClam/experiments/../trainer_directed.py:444:::  



FINISHED train 
 last accuracies:
test
key='auc': 0.594315660756398
val
auc: None




/mnt/home/jcervino/Github/CoraCiteseer/PieClam/experiments/../trainer_directed.py:460:::  

train_model_on_params on bigclam citeseer 
took 58.49288201332092 seconds


/mnt/home/jcervino/Github/CoraCiteseer/PieClam/experiments/optimization_utils_directed.py:663:::  
Repetition no. 1


/mnt/home/jcervino/Github/CoraCiteseer/PieClam/experiments/../trainer_directed.py:158:::  

Using dataset specific configuration and not global 




/mnt/home/jcervino/Github/CoraCiteseer/PieClam/experiments/../trainer_directed.py:337:::  

In function train. 
2025-12-21 01:21:49 starting optimization of bigclam on citeseer (DIRECTED) on device cuda

 configs_dict: 
{
    "clamiter_init": {
        "dim_feat": 48,
        "dim_attr": 100,
        "s_reg": 0.1,
        "l1_reg": 1,
        "T": 1,
        "hidden_dim": 64,
        "num_coupling_blocks": 32,
        "num_layers_mlp": 2
    },
    "feat_opt": {
        "lr": 1e-05,
        "n_iter": 5000,
        "early_stop": 0
    }
}


/mnt/home/jcervino/Github/CoraCiteseer/PieClam/experiments/../clamiter_directed.py:440:::  
staring fit_feats for 5000 iterations


/mnt/home/jcervino/Github/CoraCiteseer/PieClam/experiments/../trainer_directed.py:444:::  



FINISHED train 
 last accuracies:
test
key='auc': 0.5909546685300027
val
auc: None




/mnt/home/jcervino/Github/CoraCiteseer/PieClam/experiments/../trainer_directed.py:460:::  

train_model_on_params on bigclam citeseer 
took 51.05686116218567 seconds


/mnt/home/jcervino/Github/CoraCiteseer/PieClam/experiments/optimization_utils_directed.py:663:::  
Repetition no. 2


/mnt/home/jcervino/Github/CoraCiteseer/PieClam/experiments/../trainer_directed.py:158:::  

Using dataset specific configuration and not global 




/mnt/home/jcervino/Github/CoraCiteseer/PieClam/experiments/../trainer_directed.py:337:::  

In function train. 
2025-12-21 01:22:40 starting optimization of bigclam on citeseer (DIRECTED) on device cuda

 configs_dict: 
{
    "clamiter_init": {
        "dim_feat": 48,
        "dim_attr": 100,
        "s_reg": 0.1,
        "l1_reg": 1,
        "T": 1,
        "hidden_dim": 64,
        "num_coupling_blocks": 32,
        "num_layers_mlp": 2
    },
    "feat_opt": {
        "lr": 1e-05,
        "n_iter": 5000,
        "early_stop": 0
    }
}


/mnt/home/jcervino/Github/CoraCiteseer/PieClam/experiments/../clamiter_directed.py:440:::  
staring fit_feats for 5000 iterations


/mnt/home/jcervino/Github/CoraCiteseer/PieClam/experiments/../trainer_directed.py:444:::  



FINISHED train 
 last accuracies:
test
key='auc': 0.593868460127522
val
auc: None




/mnt/home/jcervino/Github/CoraCiteseer/PieClam/experiments/../trainer_directed.py:460:::  

train_model_on_params on bigclam citeseer 
took 34.088154554367065 seconds


/mnt/home/jcervino/Github/CoraCiteseer/PieClam/experiments/optimization_utils_directed.py:663:::  
Repetition no. 0


/mnt/home/jcervino/Github/CoraCiteseer/PieClam/experiments/../trainer_directed.py:158:::  

Using dataset specific configuration and not global 




/mnt/home/jcervino/Github/CoraCiteseer/PieClam/experiments/../trainer_directed.py:337:::  

In function train. 
2025-12-21 01:23:15 starting optimization of bigclam on citeseer (DIRECTED) on device cuda

 configs_dict: 
{
    "clamiter_init": {
        "dim_feat": 48,
        "dim_attr": 100,
        "s_reg": 0.1,
        "l1_reg": 1,
        "T": 1,
        "hidden_dim": 64,
        "num_coupling_blocks": 32,
        "num_layers_mlp": 2
    },
    "feat_opt": {
        "lr": 1e-05,
        "n_iter": 2000,
        "early_stop": 0
    }
}


/mnt/home/jcervino/Github/CoraCiteseer/PieClam/experiments/../clamiter_directed.py:440:::  
staring fit_feats for 2000 iterations


/mnt/home/jcervino/Github/CoraCiteseer/PieClam/experiments/../trainer_directed.py:444:::  



FINISHED train 
 last accuracies:
test
key='auc': 0.6003493754913093
val
auc: None




/mnt/home/jcervino/Github/CoraCiteseer/PieClam/experiments/../trainer_directed.py:460:::  

train_model_on_params on bigclam citeseer 
took 35.22563076019287 seconds


/mnt/home/jcervino/Github/CoraCiteseer/PieClam/experiments/optimization_utils_directed.py:663:::  
Repetition no. 1


/mnt/home/jcervino/Github/CoraCiteseer/PieClam/experiments/../trainer_directed.py:158:::  

Using dataset specific configuration and not global 




/mnt/home/jcervino/Github/CoraCiteseer/PieClam/experiments/../trainer_directed.py:337:::  

In function train. 
2025-12-21 01:23:50 starting optimization of bigclam on citeseer (DIRECTED) on device cuda

 configs_dict: 
{
    "clamiter_init": {
        "dim_feat": 48,
        "dim_attr": 100,
        "s_reg": 0.1,
        "l1_reg": 1,
        "T": 1,
        "hidden_dim": 64,
        "num_coupling_blocks": 32,
        "num_layers_mlp": 2
    },
    "feat_opt": {
        "lr": 1e-05,
        "n_iter": 2000,
        "early_stop": 0
    }
}


/mnt/home/jcervino/Github/CoraCiteseer/PieClam/experiments/../clamiter_directed.py:440:::  
staring fit_feats for 2000 iterations


/mnt/home/jcervino/Github/CoraCiteseer/PieClam/experiments/../trainer_directed.py:444:::  



FINISHED train 
 last accuracies:
test
key='auc': 0.5989903048301162
val
auc: None




/mnt/home/jcervino/Github/CoraCiteseer/PieClam/experiments/../trainer_directed.py:460:::  

train_model_on_params on bigclam citeseer 
took 24.402811765670776 seconds


/mnt/home/jcervino/Github/CoraCiteseer/PieClam/experiments/optimization_utils_directed.py:663:::  
Repetition no. 2


/mnt/home/jcervino/Github/CoraCiteseer/PieClam/experiments/../trainer_directed.py:158:::  

Using dataset specific configuration and not global 




/mnt/home/jcervino/Github/CoraCiteseer/PieClam/experiments/../trainer_directed.py:337:::  

In function train. 
2025-12-21 01:24:15 starting optimization of bigclam on citeseer (DIRECTED) on device cuda

 configs_dict: 
{
    "clamiter_init": {
        "dim_feat": 48,
        "dim_attr": 100,
        "s_reg": 0.1,
        "l1_reg": 1,
        "T": 1,
        "hidden_dim": 64,
        "num_coupling_blocks": 32,
        "num_layers_mlp": 2
    },
    "feat_opt": {
        "lr": 1e-05,
        "n_iter": 2000,
        "early_stop": 0
    }
}


/mnt/home/jcervino/Github/CoraCiteseer/PieClam/experiments/../clamiter_directed.py:440:::  
staring fit_feats for 2000 iterations


/mnt/home/jcervino/Github/CoraCiteseer/PieClam/experiments/../trainer_directed.py:444:::  



FINISHED train 
 last accuracies:
test
key='auc': 0.6307450432352171
val
auc: None




/mnt/home/jcervino/Github/CoraCiteseer/PieClam/experiments/../trainer_directed.py:460:::  

train_model_on_params on bigclam citeseer 
took 23.37611985206604 seconds


/mnt/home/jcervino/Github/CoraCiteseer/PieClam/experiments/optimization_utils_directed.py:663:::  
Repetition no. 0


/mnt/home/jcervino/Github/CoraCiteseer/PieClam/experiments/../trainer_directed.py:158:::  

Using dataset specific configuration and not global 




/mnt/home/jcervino/Github/CoraCiteseer/PieClam/experiments/../trainer_directed.py:337:::  

In function train. 
2025-12-21 01:24:38 starting optimization of bigclam on citeseer (DIRECTED) on device cuda

 configs_dict: 
{
    "clamiter_init": {
        "dim_feat": 100,
        "dim_attr": 100,
        "s_reg": 0.0,
        "l1_reg": 1,
        "T": 1,
        "hidden_dim": 64,
        "num_coupling_blocks": 32,
        "num_layers_mlp": 2
    },
    "feat_opt": {
        "lr": 0.001,
        "n_iter": 2000,
        "early_stop": 0
    }
}


/mnt/home/jcervino/Github/CoraCiteseer/PieClam/experiments/../clamiter_directed.py:440:::  
staring fit_feats for 2000 iterations


/mnt/home/jcervino/Github/CoraCiteseer/PieClam/experiments/../trainer_directed.py:444:::  



FINISHED train 
 last accuracies:
test
key='auc': 0.5
val
auc: None




/mnt/home/jcervino/Github/CoraCiteseer/PieClam/experiments/../trainer_directed.py:460:::  

train_model_on_params on bigclam citeseer 
took 15.93471360206604 seconds


/mnt/home/jcervino/Github/CoraCiteseer/PieClam/experiments/optimization_utils_directed.py:663:::  
Repetition no. 1


/mnt/home/jcervino/Github/CoraCiteseer/PieClam/experiments/../trainer_directed.py:158:::  

Using dataset specific configuration and not global 




/mnt/home/jcervino/Github/CoraCiteseer/PieClam/experiments/../trainer_directed.py:337:::  

In function train. 
2025-12-21 01:24:54 starting optimization of bigclam on citeseer (DIRECTED) on device cuda

 configs_dict: 
{
    "clamiter_init": {
        "dim_feat": 100,
        "dim_attr": 100,
        "s_reg": 0.0,
        "l1_reg": 1,
        "T": 1,
        "hidden_dim": 64,
        "num_coupling_blocks": 32,
        "num_layers_mlp": 2
    },
    "feat_opt": {
        "lr": 0.001,
        "n_iter": 2000,
        "early_stop": 0
    }
}


/mnt/home/jcervino/Github/CoraCiteseer/PieClam/experiments/../clamiter_directed.py:440:::  
staring fit_feats for 2000 iterations


/mnt/home/jcervino/Github/CoraCiteseer/PieClam/experiments/../trainer_directed.py:444:::  



FINISHED train 
 last accuracies:
test
key='auc': 0.5
val
auc: None




/mnt/home/jcervino/Github/CoraCiteseer/PieClam/experiments/../trainer_directed.py:460:::  

train_model_on_params on bigclam citeseer 
took 35.56675314903259 seconds


/mnt/home/jcervino/Github/CoraCiteseer/PieClam/experiments/optimization_utils_directed.py:663:::  
Repetition no. 2


/mnt/home/jcervino/Github/CoraCiteseer/PieClam/experiments/../trainer_directed.py:158:::  

Using dataset specific configuration and not global 




/mnt/home/jcervino/Github/CoraCiteseer/PieClam/experiments/../trainer_directed.py:337:::  

In function train. 
2025-12-21 01:25:30 starting optimization of bigclam on citeseer (DIRECTED) on device cuda

 configs_dict: 
{
    "clamiter_init": {
        "dim_feat": 100,
        "dim_attr": 100,
        "s_reg": 0.0,
        "l1_reg": 1,
        "T": 1,
        "hidden_dim": 64,
        "num_coupling_blocks": 32,
        "num_layers_mlp": 2
    },
    "feat_opt": {
        "lr": 0.001,
        "n_iter": 2000,
        "early_stop": 0
    }
}


/mnt/home/jcervino/Github/CoraCiteseer/PieClam/experiments/../clamiter_directed.py:440:::  
staring fit_feats for 2000 iterations


/mnt/home/jcervino/Github/CoraCiteseer/PieClam/experiments/../trainer_directed.py:444:::  



FINISHED train 
 last accuracies:
test
key='auc': 0.5
val
auc: None




/mnt/home/jcervino/Github/CoraCiteseer/PieClam/experiments/../trainer_directed.py:460:::  

train_model_on_params on bigclam citeseer 
took 30.185957193374634 seconds


/mnt/home/jcervino/Github/CoraCiteseer/PieClam/experiments/optimization_utils_directed.py:663:::  
Repetition no. 0


/mnt/home/jcervino/Github/CoraCiteseer/PieClam/experiments/../trainer_directed.py:158:::  

Using dataset specific configuration and not global 




/mnt/home/jcervino/Github/CoraCiteseer/PieClam/experiments/../trainer_directed.py:337:::  

In function train. 
2025-12-21 01:26:01 starting optimization of bigclam on citeseer (DIRECTED) on device cuda

 configs_dict: 
{
    "clamiter_init": {
        "dim_feat": 100,
        "dim_attr": 100,
        "s_reg": 0.0,
        "l1_reg": 1,
        "T": 1,
        "hidden_dim": 64,
        "num_coupling_blocks": 32,
        "num_layers_mlp": 2
    },
    "feat_opt": {
        "lr": 0.0001,
        "n_iter": 2000,
        "early_stop": 0
    }
}


/mnt/home/jcervino/Github/CoraCiteseer/PieClam/experiments/../clamiter_directed.py:440:::  
staring fit_feats for 2000 iterations


/mnt/home/jcervino/Github/CoraCiteseer/PieClam/experiments/../trainer_directed.py:444:::  



FINISHED train 
 last accuracies:
test
key='auc': 0.5613660581710194
val
auc: None




/mnt/home/jcervino/Github/CoraCiteseer/PieClam/experiments/../trainer_directed.py:460:::  

train_model_on_params on bigclam citeseer 
took 33.181798696517944 seconds


/mnt/home/jcervino/Github/CoraCiteseer/PieClam/experiments/optimization_utils_directed.py:663:::  
Repetition no. 1


/mnt/home/jcervino/Github/CoraCiteseer/PieClam/experiments/../trainer_directed.py:158:::  

Using dataset specific configuration and not global 




/mnt/home/jcervino/Github/CoraCiteseer/PieClam/experiments/../trainer_directed.py:337:::  

In function train. 
2025-12-21 01:26:34 starting optimization of bigclam on citeseer (DIRECTED) on device cuda

 configs_dict: 
{
    "clamiter_init": {
        "dim_feat": 100,
        "dim_attr": 100,
        "s_reg": 0.0,
        "l1_reg": 1,
        "T": 1,
        "hidden_dim": 64,
        "num_coupling_blocks": 32,
        "num_layers_mlp": 2
    },
    "feat_opt": {
        "lr": 0.0001,
        "n_iter": 2000,
        "early_stop": 0
    }
}


/mnt/home/jcervino/Github/CoraCiteseer/PieClam/experiments/../clamiter_directed.py:440:::  
staring fit_feats for 2000 iterations


/mnt/home/jcervino/Github/CoraCiteseer/PieClam/experiments/../trainer_directed.py:444:::  



FINISHED train 
 last accuracies:
test
key='auc': 0.5606114071097912
val
auc: None




/mnt/home/jcervino/Github/CoraCiteseer/PieClam/experiments/../trainer_directed.py:460:::  

train_model_on_params on bigclam citeseer 
took 35.55414295196533 seconds


/mnt/home/jcervino/Github/CoraCiteseer/PieClam/experiments/optimization_utils_directed.py:663:::  
Repetition no. 2


/mnt/home/jcervino/Github/CoraCiteseer/PieClam/experiments/../trainer_directed.py:158:::  

Using dataset specific configuration and not global 




/mnt/home/jcervino/Github/CoraCiteseer/PieClam/experiments/../trainer_directed.py:337:::  

In function train. 
2025-12-21 01:27:10 starting optimization of bigclam on citeseer (DIRECTED) on device cuda

 configs_dict: 
{
    "clamiter_init": {
        "dim_feat": 100,
        "dim_attr": 100,
        "s_reg": 0.0,
        "l1_reg": 1,
        "T": 1,
        "hidden_dim": 64,
        "num_coupling_blocks": 32,
        "num_layers_mlp": 2
    },
    "feat_opt": {
        "lr": 0.0001,
        "n_iter": 2000,
        "early_stop": 0
    }
}


/mnt/home/jcervino/Github/CoraCiteseer/PieClam/experiments/../clamiter_directed.py:440:::  
staring fit_feats for 2000 iterations


/mnt/home/jcervino/Github/CoraCiteseer/PieClam/experiments/../trainer_directed.py:444:::  



FINISHED train 
 last accuracies:
test
key='auc': 0.5650240195650275
val
auc: None




/mnt/home/jcervino/Github/CoraCiteseer/PieClam/experiments/../trainer_directed.py:460:::  

train_model_on_params on bigclam citeseer 
took 35.74186825752258 seconds


/mnt/home/jcervino/Github/CoraCiteseer/PieClam/experiments/optimization_utils_directed.py:663:::  
Repetition no. 0


/mnt/home/jcervino/Github/CoraCiteseer/PieClam/experiments/../trainer_directed.py:158:::  

Using dataset specific configuration and not global 




/mnt/home/jcervino/Github/CoraCiteseer/PieClam/experiments/../trainer_directed.py:337:::  

In function train. 
2025-12-21 01:27:46 starting optimization of bigclam on citeseer (DIRECTED) on device cuda

 configs_dict: 
{
    "clamiter_init": {
        "dim_feat": 200,
        "dim_attr": 100,
        "s_reg": 0.0,
        "l1_reg": 1,
        "T": 1,
        "hidden_dim": 64,
        "num_coupling_blocks": 32,
        "num_layers_mlp": 2
    },
    "feat_opt": {
        "lr": 0.0001,
        "n_iter": 5000,
        "early_stop": 0
    }
}


/mnt/home/jcervino/Github/CoraCiteseer/PieClam/experiments/../clamiter_directed.py:440:::  
staring fit_feats for 5000 iterations


/mnt/home/jcervino/Github/CoraCiteseer/PieClam/experiments/../trainer_directed.py:444:::  



FINISHED train 
 last accuracies:
test
key='auc': 0.5658834832736482
val
auc: None




/mnt/home/jcervino/Github/CoraCiteseer/PieClam/experiments/../trainer_directed.py:460:::  

train_model_on_params on bigclam citeseer 
took 88.9281358718872 seconds


/mnt/home/jcervino/Github/CoraCiteseer/PieClam/experiments/optimization_utils_directed.py:663:::  
Repetition no. 1


/mnt/home/jcervino/Github/CoraCiteseer/PieClam/experiments/../trainer_directed.py:158:::  

Using dataset specific configuration and not global 




/mnt/home/jcervino/Github/CoraCiteseer/PieClam/experiments/../trainer_directed.py:337:::  

In function train. 
2025-12-21 01:29:15 starting optimization of bigclam on citeseer (DIRECTED) on device cuda

 configs_dict: 
{
    "clamiter_init": {
        "dim_feat": 200,
        "dim_attr": 100,
        "s_reg": 0.0,
        "l1_reg": 1,
        "T": 1,
        "hidden_dim": 64,
        "num_coupling_blocks": 32,
        "num_layers_mlp": 2
    },
    "feat_opt": {
        "lr": 0.0001,
        "n_iter": 5000,
        "early_stop": 0
    }
}


/mnt/home/jcervino/Github/CoraCiteseer/PieClam/experiments/../clamiter_directed.py:440:::  
staring fit_feats for 5000 iterations


/mnt/home/jcervino/Github/CoraCiteseer/PieClam/experiments/../trainer_directed.py:444:::  



FINISHED train 
 last accuracies:
test
key='auc': 0.5564381168661019
val
auc: None




/mnt/home/jcervino/Github/CoraCiteseer/PieClam/experiments/../trainer_directed.py:460:::  

train_model_on_params on bigclam citeseer 
took 88.93648886680603 seconds


/mnt/home/jcervino/Github/CoraCiteseer/PieClam/experiments/optimization_utils_directed.py:663:::  
Repetition no. 2


/mnt/home/jcervino/Github/CoraCiteseer/PieClam/experiments/../trainer_directed.py:158:::  

Using dataset specific configuration and not global 




/mnt/home/jcervino/Github/CoraCiteseer/PieClam/experiments/../trainer_directed.py:337:::  

In function train. 
2025-12-21 01:30:45 starting optimization of bigclam on citeseer (DIRECTED) on device cuda

 configs_dict: 
{
    "clamiter_init": {
        "dim_feat": 200,
        "dim_attr": 100,
        "s_reg": 0.0,
        "l1_reg": 1,
        "T": 1,
        "hidden_dim": 64,
        "num_coupling_blocks": 32,
        "num_layers_mlp": 2
    },
    "feat_opt": {
        "lr": 0.0001,
        "n_iter": 5000,
        "early_stop": 0
    }
}


/mnt/home/jcervino/Github/CoraCiteseer/PieClam/experiments/../clamiter_directed.py:440:::  
staring fit_feats for 5000 iterations


/mnt/home/jcervino/Github/CoraCiteseer/PieClam/experiments/../trainer_directed.py:444:::  



FINISHED train 
 last accuracies:
test
key='auc': 0.5777063498995546
val
auc: None




/mnt/home/jcervino/Github/CoraCiteseer/PieClam/experiments/../trainer_directed.py:460:::  

train_model_on_params on bigclam citeseer 
took 89.21129012107849 seconds


/mnt/home/jcervino/Github/CoraCiteseer/PieClam/experiments/optimization_utils_directed.py:663:::  
Repetition no. 0


/mnt/home/jcervino/Github/CoraCiteseer/PieClam/experiments/../trainer_directed.py:158:::  

Using dataset specific configuration and not global 




/mnt/home/jcervino/Github/CoraCiteseer/PieClam/experiments/../trainer_directed.py:337:::  

In function train. 
2025-12-21 01:32:14 starting optimization of bigclam on citeseer (DIRECTED) on device cuda

 configs_dict: 
{
    "clamiter_init": {
        "dim_feat": 48,
        "dim_attr": 100,
        "s_reg": 0.1,
        "l1_reg": 1,
        "T": 1,
        "hidden_dim": 64,
        "num_coupling_blocks": 32,
        "num_layers_mlp": 2
    },
    "feat_opt": {
        "lr": 0.0001,
        "n_iter": 2000,
        "early_stop": 0
    }
}


/mnt/home/jcervino/Github/CoraCiteseer/PieClam/experiments/../clamiter_directed.py:440:::  
staring fit_feats for 2000 iterations


/mnt/home/jcervino/Github/CoraCiteseer/PieClam/experiments/../trainer_directed.py:444:::  



FINISHED train 
 last accuracies:
test
key='auc': 0.5798060966023233
val
auc: None




/mnt/home/jcervino/Github/CoraCiteseer/PieClam/experiments/../trainer_directed.py:460:::  

train_model_on_params on bigclam citeseer 
took 35.10357046127319 seconds


/mnt/home/jcervino/Github/CoraCiteseer/PieClam/experiments/optimization_utils_directed.py:663:::  
Repetition no. 1


/mnt/home/jcervino/Github/CoraCiteseer/PieClam/experiments/../trainer_directed.py:158:::  

Using dataset specific configuration and not global 




/mnt/home/jcervino/Github/CoraCiteseer/PieClam/experiments/../trainer_directed.py:337:::  

In function train. 
2025-12-21 01:32:50 starting optimization of bigclam on citeseer (DIRECTED) on device cuda

 configs_dict: 
{
    "clamiter_init": {
        "dim_feat": 48,
        "dim_attr": 100,
        "s_reg": 0.1,
        "l1_reg": 1,
        "T": 1,
        "hidden_dim": 64,
        "num_coupling_blocks": 32,
        "num_layers_mlp": 2
    },
    "feat_opt": {
        "lr": 0.0001,
        "n_iter": 2000,
        "early_stop": 0
    }
}


/mnt/home/jcervino/Github/CoraCiteseer/PieClam/experiments/../clamiter_directed.py:440:::  
staring fit_feats for 2000 iterations


/mnt/home/jcervino/Github/CoraCiteseer/PieClam/experiments/../trainer_directed.py:444:::  



FINISHED train 
 last accuracies:
test
key='auc': 0.5828212070923225
val
auc: None




/mnt/home/jcervino/Github/CoraCiteseer/PieClam/experiments/../trainer_directed.py:460:::  

train_model_on_params on bigclam citeseer 
took 34.96336531639099 seconds


/mnt/home/jcervino/Github/CoraCiteseer/PieClam/experiments/optimization_utils_directed.py:663:::  
Repetition no. 2


/mnt/home/jcervino/Github/CoraCiteseer/PieClam/experiments/../trainer_directed.py:158:::  

Using dataset specific configuration and not global 




/mnt/home/jcervino/Github/CoraCiteseer/PieClam/experiments/../trainer_directed.py:337:::  

In function train. 
2025-12-21 01:33:25 starting optimization of bigclam on citeseer (DIRECTED) on device cuda

 configs_dict: 
{
    "clamiter_init": {
        "dim_feat": 48,
        "dim_attr": 100,
        "s_reg": 0.1,
        "l1_reg": 1,
        "T": 1,
        "hidden_dim": 64,
        "num_coupling_blocks": 32,
        "num_layers_mlp": 2
    },
    "feat_opt": {
        "lr": 0.0001,
        "n_iter": 2000,
        "early_stop": 0
    }
}


/mnt/home/jcervino/Github/CoraCiteseer/PieClam/experiments/../clamiter_directed.py:440:::  
staring fit_feats for 2000 iterations


/mnt/home/jcervino/Github/CoraCiteseer/PieClam/experiments/../trainer_directed.py:444:::  



FINISHED train 
 last accuracies:
test
key='auc': 0.5754057122892828
val
auc: None




/mnt/home/jcervino/Github/CoraCiteseer/PieClam/experiments/../trainer_directed.py:460:::  

train_model_on_params on bigclam citeseer 
took 35.155641078948975 seconds


/mnt/home/jcervino/Github/CoraCiteseer/PieClam/experiments/optimization_utils_directed.py:663:::  
Repetition no. 0


/mnt/home/jcervino/Github/CoraCiteseer/PieClam/experiments/../trainer_directed.py:158:::  

Using dataset specific configuration and not global 




/mnt/home/jcervino/Github/CoraCiteseer/PieClam/experiments/../trainer_directed.py:337:::  

In function train. 
2025-12-21 01:34:01 starting optimization of bigclam on citeseer (DIRECTED) on device cuda

 configs_dict: 
{
    "clamiter_init": {
        "dim_feat": 200,
        "dim_attr": 100,
        "s_reg": 0.1,
        "l1_reg": 1,
        "T": 1,
        "hidden_dim": 64,
        "num_coupling_blocks": 32,
        "num_layers_mlp": 2
    },
    "feat_opt": {
        "lr": 1e-05,
        "n_iter": 5000,
        "early_stop": 0
    }
}


/mnt/home/jcervino/Github/CoraCiteseer/PieClam/experiments/../clamiter_directed.py:440:::  
staring fit_feats for 5000 iterations


/mnt/home/jcervino/Github/CoraCiteseer/PieClam/experiments/../trainer_directed.py:444:::  



FINISHED train 
 last accuracies:
test
key='auc': 0.5882400209625295
val
auc: None




/mnt/home/jcervino/Github/CoraCiteseer/PieClam/experiments/../trainer_directed.py:460:::  

train_model_on_params on bigclam citeseer 
took 88.63967037200928 seconds


/mnt/home/jcervino/Github/CoraCiteseer/PieClam/experiments/optimization_utils_directed.py:663:::  
Repetition no. 1


/mnt/home/jcervino/Github/CoraCiteseer/PieClam/experiments/../trainer_directed.py:158:::  

Using dataset specific configuration and not global 




/mnt/home/jcervino/Github/CoraCiteseer/PieClam/experiments/../trainer_directed.py:337:::  

In function train. 
2025-12-21 01:35:30 starting optimization of bigclam on citeseer (DIRECTED) on device cuda

 configs_dict: 
{
    "clamiter_init": {
        "dim_feat": 200,
        "dim_attr": 100,
        "s_reg": 0.1,
        "l1_reg": 1,
        "T": 1,
        "hidden_dim": 64,
        "num_coupling_blocks": 32,
        "num_layers_mlp": 2
    },
    "feat_opt": {
        "lr": 1e-05,
        "n_iter": 5000,
        "early_stop": 0
    }
}


/mnt/home/jcervino/Github/CoraCiteseer/PieClam/experiments/../clamiter_directed.py:440:::  
staring fit_feats for 5000 iterations


/mnt/home/jcervino/Github/CoraCiteseer/PieClam/experiments/../trainer_directed.py:444:::  



FINISHED train 
 last accuracies:
test
key='auc': 0.5748536990130141
val
auc: None




/mnt/home/jcervino/Github/CoraCiteseer/PieClam/experiments/../trainer_directed.py:460:::  

train_model_on_params on bigclam citeseer 
took 52.28361892700195 seconds


/mnt/home/jcervino/Github/CoraCiteseer/PieClam/experiments/optimization_utils_directed.py:663:::  
Repetition no. 2


/mnt/home/jcervino/Github/CoraCiteseer/PieClam/experiments/../trainer_directed.py:158:::  

Using dataset specific configuration and not global 




/mnt/home/jcervino/Github/CoraCiteseer/PieClam/experiments/../trainer_directed.py:337:::  

In function train. 
2025-12-21 01:36:22 starting optimization of bigclam on citeseer (DIRECTED) on device cuda

 configs_dict: 
{
    "clamiter_init": {
        "dim_feat": 200,
        "dim_attr": 100,
        "s_reg": 0.1,
        "l1_reg": 1,
        "T": 1,
        "hidden_dim": 64,
        "num_coupling_blocks": 32,
        "num_layers_mlp": 2
    },
    "feat_opt": {
        "lr": 1e-05,
        "n_iter": 5000,
        "early_stop": 0
    }
}


/mnt/home/jcervino/Github/CoraCiteseer/PieClam/experiments/../clamiter_directed.py:440:::  
staring fit_feats for 5000 iterations


/mnt/home/jcervino/Github/CoraCiteseer/PieClam/experiments/../trainer_directed.py:444:::  



FINISHED train 
 last accuracies:
test
key='auc': 0.5935120971263865
val
auc: None




/mnt/home/jcervino/Github/CoraCiteseer/PieClam/experiments/../trainer_directed.py:460:::  

train_model_on_params on bigclam citeseer 
took 44.05693602561951 seconds


/mnt/home/jcervino/Github/CoraCiteseer/PieClam/experiments/optimization_utils_directed.py:663:::  
Repetition no. 0


/mnt/home/jcervino/Github/CoraCiteseer/PieClam/experiments/../trainer_directed.py:158:::  

Using dataset specific configuration and not global 




/mnt/home/jcervino/Github/CoraCiteseer/PieClam/experiments/../trainer_directed.py:337:::  

In function train. 
2025-12-21 01:37:06 starting optimization of bigclam on citeseer (DIRECTED) on device cuda

 configs_dict: 
{
    "clamiter_init": {
        "dim_feat": 48,
        "dim_attr": 100,
        "s_reg": 0.1,
        "l1_reg": 1,
        "T": 1,
        "hidden_dim": 64,
        "num_coupling_blocks": 32,
        "num_layers_mlp": 2
    },
    "feat_opt": {
        "lr": 0.001,
        "n_iter": 7000,
        "early_stop": 0
    }
}


/mnt/home/jcervino/Github/CoraCiteseer/PieClam/experiments/../clamiter_directed.py:440:::  
staring fit_feats for 7000 iterations


/mnt/home/jcervino/Github/CoraCiteseer/PieClam/experiments/../trainer_directed.py:444:::  



FINISHED train 
 last accuracies:
test
key='auc': 0.5
val
auc: None




/mnt/home/jcervino/Github/CoraCiteseer/PieClam/experiments/../trainer_directed.py:460:::  

train_model_on_params on bigclam citeseer 
took 48.25833749771118 seconds


/mnt/home/jcervino/Github/CoraCiteseer/PieClam/experiments/optimization_utils_directed.py:663:::  
Repetition no. 1


/mnt/home/jcervino/Github/CoraCiteseer/PieClam/experiments/../trainer_directed.py:158:::  

Using dataset specific configuration and not global 




/mnt/home/jcervino/Github/CoraCiteseer/PieClam/experiments/../trainer_directed.py:337:::  

In function train. 
2025-12-21 01:37:55 starting optimization of bigclam on citeseer (DIRECTED) on device cuda

 configs_dict: 
{
    "clamiter_init": {
        "dim_feat": 48,
        "dim_attr": 100,
        "s_reg": 0.1,
        "l1_reg": 1,
        "T": 1,
        "hidden_dim": 64,
        "num_coupling_blocks": 32,
        "num_layers_mlp": 2
    },
    "feat_opt": {
        "lr": 0.001,
        "n_iter": 7000,
        "early_stop": 0
    }
}


/mnt/home/jcervino/Github/CoraCiteseer/PieClam/experiments/../clamiter_directed.py:440:::  
staring fit_feats for 7000 iterations


/mnt/home/jcervino/Github/CoraCiteseer/PieClam/experiments/../trainer_directed.py:444:::  



FINISHED train 
 last accuracies:
test
key='auc': 0.5
val
auc: None




/mnt/home/jcervino/Github/CoraCiteseer/PieClam/experiments/../trainer_directed.py:460:::  

train_model_on_params on bigclam citeseer 
took 109.58423781394958 seconds


/mnt/home/jcervino/Github/CoraCiteseer/PieClam/experiments/optimization_utils_directed.py:663:::  
Repetition no. 2


/mnt/home/jcervino/Github/CoraCiteseer/PieClam/experiments/../trainer_directed.py:158:::  

Using dataset specific configuration and not global 




/mnt/home/jcervino/Github/CoraCiteseer/PieClam/experiments/../trainer_directed.py:337:::  

In function train. 
2025-12-21 01:39:44 starting optimization of bigclam on citeseer (DIRECTED) on device cuda

 configs_dict: 
{
    "clamiter_init": {
        "dim_feat": 48,
        "dim_attr": 100,
        "s_reg": 0.1,
        "l1_reg": 1,
        "T": 1,
        "hidden_dim": 64,
        "num_coupling_blocks": 32,
        "num_layers_mlp": 2
    },
    "feat_opt": {
        "lr": 0.001,
        "n_iter": 7000,
        "early_stop": 0
    }
}


/mnt/home/jcervino/Github/CoraCiteseer/PieClam/experiments/../clamiter_directed.py:440:::  
staring fit_feats for 7000 iterations


/mnt/home/jcervino/Github/CoraCiteseer/PieClam/experiments/../trainer_directed.py:444:::  



FINISHED train 
 last accuracies:
test
key='auc': 0.5
val
auc: None




/mnt/home/jcervino/Github/CoraCiteseer/PieClam/experiments/../trainer_directed.py:460:::  

train_model_on_params on bigclam citeseer 
took 73.8564043045044 seconds


/mnt/home/jcervino/Github/CoraCiteseer/PieClam/experiments/optimization_utils_directed.py:663:::  
Repetition no. 0


/mnt/home/jcervino/Github/CoraCiteseer/PieClam/experiments/../trainer_directed.py:158:::  

Using dataset specific configuration and not global 




/mnt/home/jcervino/Github/CoraCiteseer/PieClam/experiments/../trainer_directed.py:337:::  

In function train. 
2025-12-21 01:40:58 starting optimization of bigclam on citeseer (DIRECTED) on device cuda

 configs_dict: 
{
    "clamiter_init": {
        "dim_feat": 48,
        "dim_attr": 100,
        "s_reg": 0.0,
        "l1_reg": 1,
        "T": 1,
        "hidden_dim": 64,
        "num_coupling_blocks": 32,
        "num_layers_mlp": 2
    },
    "feat_opt": {
        "lr": 0.001,
        "n_iter": 5000,
        "early_stop": 0
    }
}


/mnt/home/jcervino/Github/CoraCiteseer/PieClam/experiments/../clamiter_directed.py:440:::  
staring fit_feats for 5000 iterations


/mnt/home/jcervino/Github/CoraCiteseer/PieClam/experiments/../trainer_directed.py:444:::  



FINISHED train 
 last accuracies:
test
key='auc': 0.5
val
auc: None




/mnt/home/jcervino/Github/CoraCiteseer/PieClam/experiments/../trainer_directed.py:460:::  

train_model_on_params on bigclam citeseer 
took 88.31551027297974 seconds


/mnt/home/jcervino/Github/CoraCiteseer/PieClam/experiments/optimization_utils_directed.py:663:::  
Repetition no. 1


/mnt/home/jcervino/Github/CoraCiteseer/PieClam/experiments/../trainer_directed.py:158:::  

Using dataset specific configuration and not global 




/mnt/home/jcervino/Github/CoraCiteseer/PieClam/experiments/../trainer_directed.py:337:::  

In function train. 
2025-12-21 01:42:27 starting optimization of bigclam on citeseer (DIRECTED) on device cuda

 configs_dict: 
{
    "clamiter_init": {
        "dim_feat": 48,
        "dim_attr": 100,
        "s_reg": 0.0,
        "l1_reg": 1,
        "T": 1,
        "hidden_dim": 64,
        "num_coupling_blocks": 32,
        "num_layers_mlp": 2
    },
    "feat_opt": {
        "lr": 0.001,
        "n_iter": 5000,
        "early_stop": 0
    }
}


/mnt/home/jcervino/Github/CoraCiteseer/PieClam/experiments/../clamiter_directed.py:440:::  
staring fit_feats for 5000 iterations


/mnt/home/jcervino/Github/CoraCiteseer/PieClam/experiments/../trainer_directed.py:444:::  



FINISHED train 
 last accuracies:
test
key='auc': 0.5
val
auc: None




/mnt/home/jcervino/Github/CoraCiteseer/PieClam/experiments/../trainer_directed.py:460:::  

train_model_on_params on bigclam citeseer 
took 84.07171702384949 seconds


/mnt/home/jcervino/Github/CoraCiteseer/PieClam/experiments/optimization_utils_directed.py:663:::  
Repetition no. 2


/mnt/home/jcervino/Github/CoraCiteseer/PieClam/experiments/../trainer_directed.py:158:::  

Using dataset specific configuration and not global 




/mnt/home/jcervino/Github/CoraCiteseer/PieClam/experiments/../trainer_directed.py:337:::  

In function train. 
2025-12-21 01:43:51 starting optimization of bigclam on citeseer (DIRECTED) on device cuda

 configs_dict: 
{
    "clamiter_init": {
        "dim_feat": 48,
        "dim_attr": 100,
        "s_reg": 0.0,
        "l1_reg": 1,
        "T": 1,
        "hidden_dim": 64,
        "num_coupling_blocks": 32,
        "num_layers_mlp": 2
    },
    "feat_opt": {
        "lr": 0.001,
        "n_iter": 5000,
        "early_stop": 0
    }
}


/mnt/home/jcervino/Github/CoraCiteseer/PieClam/experiments/../clamiter_directed.py:440:::  
staring fit_feats for 5000 iterations


/mnt/home/jcervino/Github/CoraCiteseer/PieClam/experiments/../trainer_directed.py:444:::  



FINISHED train 
 last accuracies:
test
key='auc': 0.5
val
auc: None




/mnt/home/jcervino/Github/CoraCiteseer/PieClam/experiments/../trainer_directed.py:460:::  

train_model_on_params on bigclam citeseer 
took 75.21220302581787 seconds


/mnt/home/jcervino/Github/CoraCiteseer/PieClam/experiments/optimization_utils_directed.py:663:::  
Repetition no. 0


/mnt/home/jcervino/Github/CoraCiteseer/PieClam/experiments/../trainer_directed.py:158:::  

Using dataset specific configuration and not global 




/mnt/home/jcervino/Github/CoraCiteseer/PieClam/experiments/../trainer_directed.py:337:::  

In function train. 
2025-12-21 01:45:06 starting optimization of bigclam on citeseer (DIRECTED) on device cuda

 configs_dict: 
{
    "clamiter_init": {
        "dim_feat": 200,
        "dim_attr": 100,
        "s_reg": 0.0,
        "l1_reg": 1,
        "T": 1,
        "hidden_dim": 64,
        "num_coupling_blocks": 32,
        "num_layers_mlp": 2
    },
    "feat_opt": {
        "lr": 0.0001,
        "n_iter": 2000,
        "early_stop": 0
    }
}


/mnt/home/jcervino/Github/CoraCiteseer/PieClam/experiments/../clamiter_directed.py:440:::  
staring fit_feats for 2000 iterations


/mnt/home/jcervino/Github/CoraCiteseer/PieClam/experiments/../trainer_directed.py:444:::  



FINISHED train 
 last accuracies:
test
key='auc': 0.5712830814918333
val
auc: None




/mnt/home/jcervino/Github/CoraCiteseer/PieClam/experiments/../trainer_directed.py:460:::  

train_model_on_params on bigclam citeseer 
took 15.46498417854309 seconds


/mnt/home/jcervino/Github/CoraCiteseer/PieClam/experiments/optimization_utils_directed.py:663:::  
Repetition no. 1


/mnt/home/jcervino/Github/CoraCiteseer/PieClam/experiments/../trainer_directed.py:158:::  

Using dataset specific configuration and not global 




/mnt/home/jcervino/Github/CoraCiteseer/PieClam/experiments/../trainer_directed.py:337:::  

In function train. 
2025-12-21 01:45:22 starting optimization of bigclam on citeseer (DIRECTED) on device cuda

 configs_dict: 
{
    "clamiter_init": {
        "dim_feat": 200,
        "dim_attr": 100,
        "s_reg": 0.0,
        "l1_reg": 1,
        "T": 1,
        "hidden_dim": 64,
        "num_coupling_blocks": 32,
        "num_layers_mlp": 2
    },
    "feat_opt": {
        "lr": 0.0001,
        "n_iter": 2000,
        "early_stop": 0
    }
}


/mnt/home/jcervino/Github/CoraCiteseer/PieClam/experiments/../clamiter_directed.py:440:::  
staring fit_feats for 2000 iterations


/mnt/home/jcervino/Github/CoraCiteseer/PieClam/experiments/../trainer_directed.py:444:::  



FINISHED train 
 last accuracies:
test
key='auc': 0.5649995632806358
val
auc: None




/mnt/home/jcervino/Github/CoraCiteseer/PieClam/experiments/../trainer_directed.py:460:::  

train_model_on_params on bigclam citeseer 
took 17.463367700576782 seconds


/mnt/home/jcervino/Github/CoraCiteseer/PieClam/experiments/optimization_utils_directed.py:663:::  
Repetition no. 2


/mnt/home/jcervino/Github/CoraCiteseer/PieClam/experiments/../trainer_directed.py:158:::  

Using dataset specific configuration and not global 




/mnt/home/jcervino/Github/CoraCiteseer/PieClam/experiments/../trainer_directed.py:337:::  

In function train. 
2025-12-21 01:45:40 starting optimization of bigclam on citeseer (DIRECTED) on device cuda

 configs_dict: 
{
    "clamiter_init": {
        "dim_feat": 200,
        "dim_attr": 100,
        "s_reg": 0.0,
        "l1_reg": 1,
        "T": 1,
        "hidden_dim": 64,
        "num_coupling_blocks": 32,
        "num_layers_mlp": 2
    },
    "feat_opt": {
        "lr": 0.0001,
        "n_iter": 2000,
        "early_stop": 0
    }
}


/mnt/home/jcervino/Github/CoraCiteseer/PieClam/experiments/../clamiter_directed.py:440:::  
staring fit_feats for 2000 iterations


/mnt/home/jcervino/Github/CoraCiteseer/PieClam/experiments/../trainer_directed.py:444:::  



FINISHED train 
 last accuracies:
test
key='auc': 0.553714734911346
val
auc: None




/mnt/home/jcervino/Github/CoraCiteseer/PieClam/experiments/../trainer_directed.py:460:::  

train_model_on_params on bigclam citeseer 
took 35.05125856399536 seconds


/mnt/home/jcervino/Github/CoraCiteseer/PieClam/experiments/optimization_utils_directed.py:663:::  
Repetition no. 0


/mnt/home/jcervino/Github/CoraCiteseer/PieClam/experiments/../trainer_directed.py:158:::  

Using dataset specific configuration and not global 




/mnt/home/jcervino/Github/CoraCiteseer/PieClam/experiments/../trainer_directed.py:337:::  

In function train. 
2025-12-21 01:46:15 starting optimization of bigclam on citeseer (DIRECTED) on device cuda

 configs_dict: 
{
    "clamiter_init": {
        "dim_feat": 200,
        "dim_attr": 100,
        "s_reg": 0.1,
        "l1_reg": 1,
        "T": 1,
        "hidden_dim": 64,
        "num_coupling_blocks": 32,
        "num_layers_mlp": 2
    },
    "feat_opt": {
        "lr": 0.001,
        "n_iter": 2000,
        "early_stop": 0
    }
}


/mnt/home/jcervino/Github/CoraCiteseer/PieClam/experiments/../clamiter_directed.py:440:::  
staring fit_feats for 2000 iterations


/mnt/home/jcervino/Github/CoraCiteseer/PieClam/experiments/../trainer_directed.py:444:::  



FINISHED train 
 last accuracies:
test
key='auc': 0.5
val
auc: None




/mnt/home/jcervino/Github/CoraCiteseer/PieClam/experiments/../trainer_directed.py:460:::  

train_model_on_params on bigclam citeseer 
took 22.943466663360596 seconds


/mnt/home/jcervino/Github/CoraCiteseer/PieClam/experiments/optimization_utils_directed.py:663:::  
Repetition no. 1


/mnt/home/jcervino/Github/CoraCiteseer/PieClam/experiments/../trainer_directed.py:158:::  

Using dataset specific configuration and not global 




/mnt/home/jcervino/Github/CoraCiteseer/PieClam/experiments/../trainer_directed.py:337:::  

In function train. 
2025-12-21 01:46:38 starting optimization of bigclam on citeseer (DIRECTED) on device cuda

 configs_dict: 
{
    "clamiter_init": {
        "dim_feat": 200,
        "dim_attr": 100,
        "s_reg": 0.1,
        "l1_reg": 1,
        "T": 1,
        "hidden_dim": 64,
        "num_coupling_blocks": 32,
        "num_layers_mlp": 2
    },
    "feat_opt": {
        "lr": 0.001,
        "n_iter": 2000,
        "early_stop": 0
    }
}


/mnt/home/jcervino/Github/CoraCiteseer/PieClam/experiments/../clamiter_directed.py:440:::  
staring fit_feats for 2000 iterations


/mnt/home/jcervino/Github/CoraCiteseer/PieClam/experiments/../trainer_directed.py:444:::  



FINISHED train 
 last accuracies:
test
key='auc': 0.5
val
auc: None




/mnt/home/jcervino/Github/CoraCiteseer/PieClam/experiments/../trainer_directed.py:460:::  

train_model_on_params on bigclam citeseer 
took 22.908194303512573 seconds


/mnt/home/jcervino/Github/CoraCiteseer/PieClam/experiments/optimization_utils_directed.py:663:::  
Repetition no. 2


/mnt/home/jcervino/Github/CoraCiteseer/PieClam/experiments/../trainer_directed.py:158:::  

Using dataset specific configuration and not global 




/mnt/home/jcervino/Github/CoraCiteseer/PieClam/experiments/../trainer_directed.py:337:::  

In function train. 
2025-12-21 01:47:01 starting optimization of bigclam on citeseer (DIRECTED) on device cuda

 configs_dict: 
{
    "clamiter_init": {
        "dim_feat": 200,
        "dim_attr": 100,
        "s_reg": 0.1,
        "l1_reg": 1,
        "T": 1,
        "hidden_dim": 64,
        "num_coupling_blocks": 32,
        "num_layers_mlp": 2
    },
    "feat_opt": {
        "lr": 0.001,
        "n_iter": 2000,
        "early_stop": 0
    }
}


/mnt/home/jcervino/Github/CoraCiteseer/PieClam/experiments/../clamiter_directed.py:440:::  
staring fit_feats for 2000 iterations


/mnt/home/jcervino/Github/CoraCiteseer/PieClam/experiments/../trainer_directed.py:444:::  



FINISHED train 
 last accuracies:
test
key='auc': 0.5
val
auc: None




/mnt/home/jcervino/Github/CoraCiteseer/PieClam/experiments/../trainer_directed.py:460:::  

train_model_on_params on bigclam citeseer 
took 20.550355911254883 seconds


/mnt/home/jcervino/Github/CoraCiteseer/PieClam/experiments/optimization_utils_directed.py:663:::  
Repetition no. 0


/mnt/home/jcervino/Github/CoraCiteseer/PieClam/experiments/../trainer_directed.py:158:::  

Using dataset specific configuration and not global 




/mnt/home/jcervino/Github/CoraCiteseer/PieClam/experiments/../trainer_directed.py:337:::  

In function train. 
2025-12-21 01:47:22 starting optimization of bigclam on citeseer (DIRECTED) on device cuda

 configs_dict: 
{
    "clamiter_init": {
        "dim_feat": 48,
        "dim_attr": 100,
        "s_reg": 0.0,
        "l1_reg": 1,
        "T": 1,
        "hidden_dim": 64,
        "num_coupling_blocks": 32,
        "num_layers_mlp": 2
    },
    "feat_opt": {
        "lr": 1e-05,
        "n_iter": 5000,
        "early_stop": 0
    }
}


/mnt/home/jcervino/Github/CoraCiteseer/PieClam/experiments/../clamiter_directed.py:440:::  
staring fit_feats for 5000 iterations


/mnt/home/jcervino/Github/CoraCiteseer/PieClam/experiments/../trainer_directed.py:444:::  



FINISHED train 
 last accuracies:
test
key='auc': 0.5845244126124551
val
auc: None




/mnt/home/jcervino/Github/CoraCiteseer/PieClam/experiments/../trainer_directed.py:460:::  

train_model_on_params on bigclam citeseer 
took 88.19903254508972 seconds


/mnt/home/jcervino/Github/CoraCiteseer/PieClam/experiments/optimization_utils_directed.py:663:::  
Repetition no. 1


/mnt/home/jcervino/Github/CoraCiteseer/PieClam/experiments/../trainer_directed.py:158:::  

Using dataset specific configuration and not global 




/mnt/home/jcervino/Github/CoraCiteseer/PieClam/experiments/../trainer_directed.py:337:::  

In function train. 
2025-12-21 01:48:50 starting optimization of bigclam on citeseer (DIRECTED) on device cuda

 configs_dict: 
{
    "clamiter_init": {
        "dim_feat": 48,
        "dim_attr": 100,
        "s_reg": 0.0,
        "l1_reg": 1,
        "T": 1,
        "hidden_dim": 64,
        "num_coupling_blocks": 32,
        "num_layers_mlp": 2
    },
    "feat_opt": {
        "lr": 1e-05,
        "n_iter": 5000,
        "early_stop": 0
    }
}


/mnt/home/jcervino/Github/CoraCiteseer/PieClam/experiments/../clamiter_directed.py:440:::  
staring fit_feats for 5000 iterations


/mnt/home/jcervino/Github/CoraCiteseer/PieClam/experiments/../trainer_directed.py:444:::  



FINISHED train 
 last accuracies:
test
key='auc': 0.5924150580836754
val
auc: None




/mnt/home/jcervino/Github/CoraCiteseer/PieClam/experiments/../trainer_directed.py:460:::  

train_model_on_params on bigclam citeseer 
took 86.82534503936768 seconds


/mnt/home/jcervino/Github/CoraCiteseer/PieClam/experiments/optimization_utils_directed.py:663:::  
Repetition no. 2


/mnt/home/jcervino/Github/CoraCiteseer/PieClam/experiments/../trainer_directed.py:158:::  

Using dataset specific configuration and not global 




/mnt/home/jcervino/Github/CoraCiteseer/PieClam/experiments/../trainer_directed.py:337:::  

In function train. 
2025-12-21 01:50:17 starting optimization of bigclam on citeseer (DIRECTED) on device cuda

 configs_dict: 
{
    "clamiter_init": {
        "dim_feat": 48,
        "dim_attr": 100,
        "s_reg": 0.0,
        "l1_reg": 1,
        "T": 1,
        "hidden_dim": 64,
        "num_coupling_blocks": 32,
        "num_layers_mlp": 2
    },
    "feat_opt": {
        "lr": 1e-05,
        "n_iter": 5000,
        "early_stop": 0
    }
}


/mnt/home/jcervino/Github/CoraCiteseer/PieClam/experiments/../clamiter_directed.py:440:::  
staring fit_feats for 5000 iterations


/mnt/home/jcervino/Github/CoraCiteseer/PieClam/experiments/../trainer_directed.py:444:::  



FINISHED train 
 last accuracies:
test
key='auc': 0.5957376190060268
val
auc: None




/mnt/home/jcervino/Github/CoraCiteseer/PieClam/experiments/../trainer_directed.py:460:::  

train_model_on_params on bigclam citeseer 
took 88.24691772460938 seconds


/mnt/home/jcervino/Github/CoraCiteseer/PieClam/experiments/optimization_utils_directed.py:663:::  
Repetition no. 0


/mnt/home/jcervino/Github/CoraCiteseer/PieClam/experiments/../trainer_directed.py:158:::  

Using dataset specific configuration and not global 




/mnt/home/jcervino/Github/CoraCiteseer/PieClam/experiments/../trainer_directed.py:337:::  

In function train. 
2025-12-21 01:51:46 starting optimization of bigclam on citeseer (DIRECTED) on device cuda

 configs_dict: 
{
    "clamiter_init": {
        "dim_feat": 200,
        "dim_attr": 100,
        "s_reg": 0.1,
        "l1_reg": 1,
        "T": 1,
        "hidden_dim": 64,
        "num_coupling_blocks": 32,
        "num_layers_mlp": 2
    },
    "feat_opt": {
        "lr": 0.0001,
        "n_iter": 7000,
        "early_stop": 0
    }
}


/mnt/home/jcervino/Github/CoraCiteseer/PieClam/experiments/../clamiter_directed.py:440:::  
staring fit_feats for 7000 iterations


/mnt/home/jcervino/Github/CoraCiteseer/PieClam/experiments/../trainer_directed.py:444:::  



FINISHED train 
 last accuracies:
test
key='auc': 0.560211372172242
val
auc: None




/mnt/home/jcervino/Github/CoraCiteseer/PieClam/experiments/../trainer_directed.py:460:::  

train_model_on_params on bigclam citeseer 
took 67.6280837059021 seconds


/mnt/home/jcervino/Github/CoraCiteseer/PieClam/experiments/optimization_utils_directed.py:663:::  
Repetition no. 1


/mnt/home/jcervino/Github/CoraCiteseer/PieClam/experiments/../trainer_directed.py:158:::  

Using dataset specific configuration and not global 




/mnt/home/jcervino/Github/CoraCiteseer/PieClam/experiments/../trainer_directed.py:337:::  

In function train. 
2025-12-21 01:52:54 starting optimization of bigclam on citeseer (DIRECTED) on device cuda

 configs_dict: 
{
    "clamiter_init": {
        "dim_feat": 200,
        "dim_attr": 100,
        "s_reg": 0.1,
        "l1_reg": 1,
        "T": 1,
        "hidden_dim": 64,
        "num_coupling_blocks": 32,
        "num_layers_mlp": 2
    },
    "feat_opt": {
        "lr": 0.0001,
        "n_iter": 7000,
        "early_stop": 0
    }
}


/mnt/home/jcervino/Github/CoraCiteseer/PieClam/experiments/../clamiter_directed.py:440:::  
staring fit_feats for 7000 iterations


/mnt/home/jcervino/Github/CoraCiteseer/PieClam/experiments/../trainer_directed.py:444:::  



FINISHED train 
 last accuracies:
test
key='auc': 0.5638990304830116
val
auc: None




/mnt/home/jcervino/Github/CoraCiteseer/PieClam/experiments/../trainer_directed.py:460:::  

train_model_on_params on bigclam citeseer 
took 123.4865095615387 seconds


/mnt/home/jcervino/Github/CoraCiteseer/PieClam/experiments/optimization_utils_directed.py:663:::  
Repetition no. 2


/mnt/home/jcervino/Github/CoraCiteseer/PieClam/experiments/../trainer_directed.py:158:::  

Using dataset specific configuration and not global 




/mnt/home/jcervino/Github/CoraCiteseer/PieClam/experiments/../trainer_directed.py:337:::  

In function train. 
2025-12-21 01:54:58 starting optimization of bigclam on citeseer (DIRECTED) on device cuda

 configs_dict: 
{
    "clamiter_init": {
        "dim_feat": 200,
        "dim_attr": 100,
        "s_reg": 0.1,
        "l1_reg": 1,
        "T": 1,
        "hidden_dim": 64,
        "num_coupling_blocks": 32,
        "num_layers_mlp": 2
    },
    "feat_opt": {
        "lr": 0.0001,
        "n_iter": 7000,
        "early_stop": 0
    }
}


/mnt/home/jcervino/Github/CoraCiteseer/PieClam/experiments/../clamiter_directed.py:440:::  
staring fit_feats for 7000 iterations


/mnt/home/jcervino/Github/CoraCiteseer/PieClam/experiments/../trainer_directed.py:444:::  



FINISHED train 
 last accuracies:
test
key='auc': 0.5680513581972224
val
auc: None




/mnt/home/jcervino/Github/CoraCiteseer/PieClam/experiments/../trainer_directed.py:460:::  

train_model_on_params on bigclam citeseer 
took 87.57069563865662 seconds


/mnt/home/jcervino/Github/CoraCiteseer/PieClam/experiments/optimization_utils_directed.py:663:::  
Repetition no. 0


/mnt/home/jcervino/Github/CoraCiteseer/PieClam/experiments/../trainer_directed.py:158:::  

Using dataset specific configuration and not global 




/mnt/home/jcervino/Github/CoraCiteseer/PieClam/experiments/../trainer_directed.py:337:::  

In function train. 
2025-12-21 01:56:26 starting optimization of bigclam on citeseer (DIRECTED) on device cuda

 configs_dict: 
{
    "clamiter_init": {
        "dim_feat": 100,
        "dim_attr": 100,
        "s_reg": 0.0,
        "l1_reg": 1,
        "T": 1,
        "hidden_dim": 64,
        "num_coupling_blocks": 32,
        "num_layers_mlp": 2
    },
    "feat_opt": {
        "lr": 1e-05,
        "n_iter": 2000,
        "early_stop": 0
    }
}


/mnt/home/jcervino/Github/CoraCiteseer/PieClam/experiments/../clamiter_directed.py:440:::  
staring fit_feats for 2000 iterations


/mnt/home/jcervino/Github/CoraCiteseer/PieClam/experiments/../trainer_directed.py:444:::  



FINISHED train 
 last accuracies:
test
key='auc': 0.6055463359245349
val
auc: None




/mnt/home/jcervino/Github/CoraCiteseer/PieClam/experiments/../trainer_directed.py:460:::  

train_model_on_params on bigclam citeseer 
took 35.550520181655884 seconds


/mnt/home/jcervino/Github/CoraCiteseer/PieClam/experiments/optimization_utils_directed.py:663:::  
Repetition no. 1


/mnt/home/jcervino/Github/CoraCiteseer/PieClam/experiments/../trainer_directed.py:158:::  

Using dataset specific configuration and not global 




/mnt/home/jcervino/Github/CoraCiteseer/PieClam/experiments/../trainer_directed.py:337:::  

In function train. 
2025-12-21 01:57:02 starting optimization of bigclam on citeseer (DIRECTED) on device cuda

 configs_dict: 
{
    "clamiter_init": {
        "dim_feat": 100,
        "dim_attr": 100,
        "s_reg": 0.0,
        "l1_reg": 1,
        "T": 1,
        "hidden_dim": 64,
        "num_coupling_blocks": 32,
        "num_layers_mlp": 2
    },
    "feat_opt": {
        "lr": 1e-05,
        "n_iter": 2000,
        "early_stop": 0
    }
}


/mnt/home/jcervino/Github/CoraCiteseer/PieClam/experiments/../clamiter_directed.py:440:::  
staring fit_feats for 2000 iterations


/mnt/home/jcervino/Github/CoraCiteseer/PieClam/experiments/../trainer_directed.py:444:::  



FINISHED train 
 last accuracies:
test
key='auc': 0.6063551401869158
val
auc: None




/mnt/home/jcervino/Github/CoraCiteseer/PieClam/experiments/../trainer_directed.py:460:::  

train_model_on_params on bigclam citeseer 
took 35.355292320251465 seconds


/mnt/home/jcervino/Github/CoraCiteseer/PieClam/experiments/optimization_utils_directed.py:663:::  
Repetition no. 2


/mnt/home/jcervino/Github/CoraCiteseer/PieClam/experiments/../trainer_directed.py:158:::  

Using dataset specific configuration and not global 




/mnt/home/jcervino/Github/CoraCiteseer/PieClam/experiments/../trainer_directed.py:337:::  

In function train. 
2025-12-21 01:57:38 starting optimization of bigclam on citeseer (DIRECTED) on device cuda

 configs_dict: 
{
    "clamiter_init": {
        "dim_feat": 100,
        "dim_attr": 100,
        "s_reg": 0.0,
        "l1_reg": 1,
        "T": 1,
        "hidden_dim": 64,
        "num_coupling_blocks": 32,
        "num_layers_mlp": 2
    },
    "feat_opt": {
        "lr": 1e-05,
        "n_iter": 2000,
        "early_stop": 0
    }
}


/mnt/home/jcervino/Github/CoraCiteseer/PieClam/experiments/../clamiter_directed.py:440:::  
staring fit_feats for 2000 iterations


/mnt/home/jcervino/Github/CoraCiteseer/PieClam/experiments/../trainer_directed.py:444:::  



FINISHED train 
 last accuracies:
test
key='auc': 0.6169412175735872
val
auc: None




/mnt/home/jcervino/Github/CoraCiteseer/PieClam/experiments/../trainer_directed.py:460:::  

train_model_on_params on bigclam citeseer 
took 35.37909817695618 seconds


/mnt/home/jcervino/Github/CoraCiteseer/PieClam/experiments/optimization_utils_directed.py:663:::  
Repetition no. 0


/mnt/home/jcervino/Github/CoraCiteseer/PieClam/experiments/../trainer_directed.py:158:::  

Using dataset specific configuration and not global 




/mnt/home/jcervino/Github/CoraCiteseer/PieClam/experiments/../trainer_directed.py:337:::  

In function train. 
2025-12-21 01:58:13 starting optimization of bigclam on citeseer (DIRECTED) on device cuda

 configs_dict: 
{
    "clamiter_init": {
        "dim_feat": 100,
        "dim_attr": 100,
        "s_reg": 0.1,
        "l1_reg": 1,
        "T": 1,
        "hidden_dim": 64,
        "num_coupling_blocks": 32,
        "num_layers_mlp": 2
    },
    "feat_opt": {
        "lr": 0.001,
        "n_iter": 2000,
        "early_stop": 0
    }
}


/mnt/home/jcervino/Github/CoraCiteseer/PieClam/experiments/../clamiter_directed.py:440:::  
staring fit_feats for 2000 iterations


/mnt/home/jcervino/Github/CoraCiteseer/PieClam/experiments/../trainer_directed.py:444:::  



FINISHED train 
 last accuracies:
test
key='auc': 0.5
val
auc: None




/mnt/home/jcervino/Github/CoraCiteseer/PieClam/experiments/../trainer_directed.py:460:::  

train_model_on_params on bigclam citeseer 
took 34.4160578250885 seconds


/mnt/home/jcervino/Github/CoraCiteseer/PieClam/experiments/optimization_utils_directed.py:663:::  
Repetition no. 1


/mnt/home/jcervino/Github/CoraCiteseer/PieClam/experiments/../trainer_directed.py:158:::  

Using dataset specific configuration and not global 




/mnt/home/jcervino/Github/CoraCiteseer/PieClam/experiments/../trainer_directed.py:337:::  

In function train. 
2025-12-21 01:58:48 starting optimization of bigclam on citeseer (DIRECTED) on device cuda

 configs_dict: 
{
    "clamiter_init": {
        "dim_feat": 100,
        "dim_attr": 100,
        "s_reg": 0.1,
        "l1_reg": 1,
        "T": 1,
        "hidden_dim": 64,
        "num_coupling_blocks": 32,
        "num_layers_mlp": 2
    },
    "feat_opt": {
        "lr": 0.001,
        "n_iter": 2000,
        "early_stop": 0
    }
}


/mnt/home/jcervino/Github/CoraCiteseer/PieClam/experiments/../clamiter_directed.py:440:::  
staring fit_feats for 2000 iterations


/mnt/home/jcervino/Github/CoraCiteseer/PieClam/experiments/../trainer_directed.py:444:::  



FINISHED train 
 last accuracies:
test
key='auc': 0.5
val
auc: None




/mnt/home/jcervino/Github/CoraCiteseer/PieClam/experiments/../trainer_directed.py:460:::  

train_model_on_params on bigclam citeseer 
took 35.38038492202759 seconds


/mnt/home/jcervino/Github/CoraCiteseer/PieClam/experiments/optimization_utils_directed.py:663:::  
Repetition no. 2


/mnt/home/jcervino/Github/CoraCiteseer/PieClam/experiments/../trainer_directed.py:158:::  

Using dataset specific configuration and not global 




/mnt/home/jcervino/Github/CoraCiteseer/PieClam/experiments/../trainer_directed.py:337:::  

In function train. 
2025-12-21 01:59:24 starting optimization of bigclam on citeseer (DIRECTED) on device cuda

 configs_dict: 
{
    "clamiter_init": {
        "dim_feat": 100,
        "dim_attr": 100,
        "s_reg": 0.1,
        "l1_reg": 1,
        "T": 1,
        "hidden_dim": 64,
        "num_coupling_blocks": 32,
        "num_layers_mlp": 2
    },
    "feat_opt": {
        "lr": 0.001,
        "n_iter": 2000,
        "early_stop": 0
    }
}


/mnt/home/jcervino/Github/CoraCiteseer/PieClam/experiments/../clamiter_directed.py:440:::  
staring fit_feats for 2000 iterations


/mnt/home/jcervino/Github/CoraCiteseer/PieClam/experiments/../trainer_directed.py:444:::  



FINISHED train 
 last accuracies:
test
key='auc': 0.5
val
auc: None




/mnt/home/jcervino/Github/CoraCiteseer/PieClam/experiments/../trainer_directed.py:460:::  

train_model_on_params on bigclam citeseer 
took 35.01424312591553 seconds


/mnt/home/jcervino/Github/CoraCiteseer/PieClam/experiments/optimization_utils_directed.py:663:::  
Repetition no. 0


/mnt/home/jcervino/Github/CoraCiteseer/PieClam/experiments/../trainer_directed.py:158:::  

Using dataset specific configuration and not global 




/mnt/home/jcervino/Github/CoraCiteseer/PieClam/experiments/../trainer_directed.py:337:::  

In function train. 
2025-12-21 01:59:59 starting optimization of bigclam on citeseer (DIRECTED) on device cuda

 configs_dict: 
{
    "clamiter_init": {
        "dim_feat": 200,
        "dim_attr": 100,
        "s_reg": 0.0,
        "l1_reg": 1,
        "T": 1,
        "hidden_dim": 64,
        "num_coupling_blocks": 32,
        "num_layers_mlp": 2
    },
    "feat_opt": {
        "lr": 1e-05,
        "n_iter": 5000,
        "early_stop": 0
    }
}


/mnt/home/jcervino/Github/CoraCiteseer/PieClam/experiments/../clamiter_directed.py:440:::  
staring fit_feats for 5000 iterations


/mnt/home/jcervino/Github/CoraCiteseer/PieClam/experiments/../trainer_directed.py:444:::  



FINISHED train 
 last accuracies:
test
key='auc': 0.575370774740152
val
auc: None




/mnt/home/jcervino/Github/CoraCiteseer/PieClam/experiments/../trainer_directed.py:460:::  

train_model_on_params on bigclam citeseer 
took 53.57450532913208 seconds


/mnt/home/jcervino/Github/CoraCiteseer/PieClam/experiments/optimization_utils_directed.py:663:::  
Repetition no. 1


/mnt/home/jcervino/Github/CoraCiteseer/PieClam/experiments/../trainer_directed.py:158:::  

Using dataset specific configuration and not global 




/mnt/home/jcervino/Github/CoraCiteseer/PieClam/experiments/../trainer_directed.py:337:::  

In function train. 
2025-12-21 02:00:53 starting optimization of bigclam on citeseer (DIRECTED) on device cuda

 configs_dict: 
{
    "clamiter_init": {
        "dim_feat": 200,
        "dim_attr": 100,
        "s_reg": 0.0,
        "l1_reg": 1,
        "T": 1,
        "hidden_dim": 64,
        "num_coupling_blocks": 32,
        "num_layers_mlp": 2
    },
    "feat_opt": {
        "lr": 1e-05,
        "n_iter": 5000,
        "early_stop": 0
    }
}


/mnt/home/jcervino/Github/CoraCiteseer/PieClam/experiments/../clamiter_directed.py:440:::  
staring fit_feats for 5000 iterations


/mnt/home/jcervino/Github/CoraCiteseer/PieClam/experiments/../trainer_directed.py:444:::  



FINISHED train 
 last accuracies:
test
key='auc': 0.584417853087606
val
auc: None




/mnt/home/jcervino/Github/CoraCiteseer/PieClam/experiments/../trainer_directed.py:460:::  

train_model_on_params on bigclam citeseer 
took 46.70822215080261 seconds


/mnt/home/jcervino/Github/CoraCiteseer/PieClam/experiments/optimization_utils_directed.py:663:::  
Repetition no. 2


/mnt/home/jcervino/Github/CoraCiteseer/PieClam/experiments/../trainer_directed.py:158:::  

Using dataset specific configuration and not global 




/mnt/home/jcervino/Github/CoraCiteseer/PieClam/experiments/../trainer_directed.py:337:::  

In function train. 
2025-12-21 02:01:40 starting optimization of bigclam on citeseer (DIRECTED) on device cuda

 configs_dict: 
{
    "clamiter_init": {
        "dim_feat": 200,
        "dim_attr": 100,
        "s_reg": 0.0,
        "l1_reg": 1,
        "T": 1,
        "hidden_dim": 64,
        "num_coupling_blocks": 32,
        "num_layers_mlp": 2
    },
    "feat_opt": {
        "lr": 1e-05,
        "n_iter": 5000,
        "early_stop": 0
    }
}


/mnt/home/jcervino/Github/CoraCiteseer/PieClam/experiments/../clamiter_directed.py:440:::  
staring fit_feats for 5000 iterations


/mnt/home/jcervino/Github/CoraCiteseer/PieClam/experiments/../trainer_directed.py:444:::  



FINISHED train 
 last accuracies:
test
key='auc': 0.5831566075639795
val
auc: None




/mnt/home/jcervino/Github/CoraCiteseer/PieClam/experiments/../trainer_directed.py:460:::  

train_model_on_params on bigclam citeseer 
took 45.45860290527344 seconds


/mnt/home/jcervino/Github/CoraCiteseer/PieClam/experiments/optimization_utils_directed.py:663:::  
Repetition no. 0


/mnt/home/jcervino/Github/CoraCiteseer/PieClam/experiments/../trainer_directed.py:158:::  

Using dataset specific configuration and not global 




/mnt/home/jcervino/Github/CoraCiteseer/PieClam/experiments/../trainer_directed.py:337:::  

In function train. 
2025-12-21 02:02:25 starting optimization of bigclam on citeseer (DIRECTED) on device cuda

 configs_dict: 
{
    "clamiter_init": {
        "dim_feat": 100,
        "dim_attr": 100,
        "s_reg": 0.1,
        "l1_reg": 1,
        "T": 1,
        "hidden_dim": 64,
        "num_coupling_blocks": 32,
        "num_layers_mlp": 2
    },
    "feat_opt": {
        "lr": 0.0001,
        "n_iter": 5000,
        "early_stop": 0
    }
}


/mnt/home/jcervino/Github/CoraCiteseer/PieClam/experiments/../clamiter_directed.py:440:::  
staring fit_feats for 5000 iterations


/mnt/home/jcervino/Github/CoraCiteseer/PieClam/experiments/../trainer_directed.py:444:::  



FINISHED train 
 last accuracies:
test
key='auc': 0.5668093283256179
val
auc: None




/mnt/home/jcervino/Github/CoraCiteseer/PieClam/experiments/../trainer_directed.py:460:::  

train_model_on_params on bigclam citeseer 
took 51.42356061935425 seconds


/mnt/home/jcervino/Github/CoraCiteseer/PieClam/experiments/optimization_utils_directed.py:663:::  
Repetition no. 1


/mnt/home/jcervino/Github/CoraCiteseer/PieClam/experiments/../trainer_directed.py:158:::  

Using dataset specific configuration and not global 




/mnt/home/jcervino/Github/CoraCiteseer/PieClam/experiments/../trainer_directed.py:337:::  

In function train. 
2025-12-21 02:03:17 starting optimization of bigclam on citeseer (DIRECTED) on device cuda

 configs_dict: 
{
    "clamiter_init": {
        "dim_feat": 100,
        "dim_attr": 100,
        "s_reg": 0.1,
        "l1_reg": 1,
        "T": 1,
        "hidden_dim": 64,
        "num_coupling_blocks": 32,
        "num_layers_mlp": 2
    },
    "feat_opt": {
        "lr": 0.0001,
        "n_iter": 5000,
        "early_stop": 0
    }
}


/mnt/home/jcervino/Github/CoraCiteseer/PieClam/experiments/../clamiter_directed.py:440:::  
staring fit_feats for 5000 iterations


/mnt/home/jcervino/Github/CoraCiteseer/PieClam/experiments/../trainer_directed.py:444:::  



FINISHED train 
 last accuracies:
test
key='auc': 0.5816822429906543
val
auc: None




/mnt/home/jcervino/Github/CoraCiteseer/PieClam/experiments/../trainer_directed.py:460:::  

train_model_on_params on bigclam citeseer 
took 46.06722807884216 seconds


/mnt/home/jcervino/Github/CoraCiteseer/PieClam/experiments/optimization_utils_directed.py:663:::  
Repetition no. 2


/mnt/home/jcervino/Github/CoraCiteseer/PieClam/experiments/../trainer_directed.py:158:::  

Using dataset specific configuration and not global 




/mnt/home/jcervino/Github/CoraCiteseer/PieClam/experiments/../trainer_directed.py:337:::  

In function train. 
2025-12-21 02:04:03 starting optimization of bigclam on citeseer (DIRECTED) on device cuda

 configs_dict: 
{
    "clamiter_init": {
        "dim_feat": 100,
        "dim_attr": 100,
        "s_reg": 0.1,
        "l1_reg": 1,
        "T": 1,
        "hidden_dim": 64,
        "num_coupling_blocks": 32,
        "num_layers_mlp": 2
    },
    "feat_opt": {
        "lr": 0.0001,
        "n_iter": 5000,
        "early_stop": 0
    }
}


/mnt/home/jcervino/Github/CoraCiteseer/PieClam/experiments/../clamiter_directed.py:440:::  
staring fit_feats for 5000 iterations


/mnt/home/jcervino/Github/CoraCiteseer/PieClam/experiments/../trainer_directed.py:444:::  



FINISHED train 
 last accuracies:
test
key='auc': 0.5744571578303782
val
auc: None




/mnt/home/jcervino/Github/CoraCiteseer/PieClam/experiments/../trainer_directed.py:460:::  

train_model_on_params on bigclam citeseer 
took 45.55397629737854 seconds


/mnt/home/jcervino/Github/CoraCiteseer/PieClam/experiments/optimization_utils_directed.py:663:::  
Repetition no. 0


/mnt/home/jcervino/Github/CoraCiteseer/PieClam/experiments/../trainer_directed.py:158:::  

Using dataset specific configuration and not global 




/mnt/home/jcervino/Github/CoraCiteseer/PieClam/experiments/../trainer_directed.py:337:::  

In function train. 
2025-12-21 02:04:49 starting optimization of bigclam on citeseer (DIRECTED) on device cuda

 configs_dict: 
{
    "clamiter_init": {
        "dim_feat": 200,
        "dim_attr": 100,
        "s_reg": 0.0,
        "l1_reg": 1,
        "T": 1,
        "hidden_dim": 64,
        "num_coupling_blocks": 32,
        "num_layers_mlp": 2
    },
    "feat_opt": {
        "lr": 0.001,
        "n_iter": 7000,
        "early_stop": 0
    }
}


/mnt/home/jcervino/Github/CoraCiteseer/PieClam/experiments/../clamiter_directed.py:440:::  
staring fit_feats for 7000 iterations


/mnt/home/jcervino/Github/CoraCiteseer/PieClam/experiments/../trainer_directed.py:444:::  



FINISHED train 
 last accuracies:
test
key='auc': 0.5
val
auc: None




/mnt/home/jcervino/Github/CoraCiteseer/PieClam/experiments/../trainer_directed.py:460:::  

train_model_on_params on bigclam citeseer 
took 74.1877875328064 seconds


/mnt/home/jcervino/Github/CoraCiteseer/PieClam/experiments/optimization_utils_directed.py:663:::  
Repetition no. 1


/mnt/home/jcervino/Github/CoraCiteseer/PieClam/experiments/../trainer_directed.py:158:::  

Using dataset specific configuration and not global 




/mnt/home/jcervino/Github/CoraCiteseer/PieClam/experiments/../trainer_directed.py:337:::  

In function train. 
2025-12-21 02:06:03 starting optimization of bigclam on citeseer (DIRECTED) on device cuda

 configs_dict: 
{
    "clamiter_init": {
        "dim_feat": 200,
        "dim_attr": 100,
        "s_reg": 0.0,
        "l1_reg": 1,
        "T": 1,
        "hidden_dim": 64,
        "num_coupling_blocks": 32,
        "num_layers_mlp": 2
    },
    "feat_opt": {
        "lr": 0.001,
        "n_iter": 7000,
        "early_stop": 0
    }
}


/mnt/home/jcervino/Github/CoraCiteseer/PieClam/experiments/../clamiter_directed.py:440:::  
staring fit_feats for 7000 iterations


/mnt/home/jcervino/Github/CoraCiteseer/PieClam/experiments/../trainer_directed.py:444:::  



FINISHED train 
 last accuracies:
test
key='auc': 0.5
val
auc: None




/mnt/home/jcervino/Github/CoraCiteseer/PieClam/experiments/../trainer_directed.py:460:::  

train_model_on_params on bigclam citeseer 
took 58.03513026237488 seconds


/mnt/home/jcervino/Github/CoraCiteseer/PieClam/experiments/optimization_utils_directed.py:663:::  
Repetition no. 2


/mnt/home/jcervino/Github/CoraCiteseer/PieClam/experiments/../trainer_directed.py:158:::  

Using dataset specific configuration and not global 




/mnt/home/jcervino/Github/CoraCiteseer/PieClam/experiments/../trainer_directed.py:337:::  

In function train. 
2025-12-21 02:07:01 starting optimization of bigclam on citeseer (DIRECTED) on device cuda

 configs_dict: 
{
    "clamiter_init": {
        "dim_feat": 200,
        "dim_attr": 100,
        "s_reg": 0.0,
        "l1_reg": 1,
        "T": 1,
        "hidden_dim": 64,
        "num_coupling_blocks": 32,
        "num_layers_mlp": 2
    },
    "feat_opt": {
        "lr": 0.001,
        "n_iter": 7000,
        "early_stop": 0
    }
}


/mnt/home/jcervino/Github/CoraCiteseer/PieClam/experiments/../clamiter_directed.py:440:::  
staring fit_feats for 7000 iterations


/mnt/home/jcervino/Github/CoraCiteseer/PieClam/experiments/../trainer_directed.py:444:::  



FINISHED train 
 last accuracies:
test
key='auc': 0.5
val
auc: None




/mnt/home/jcervino/Github/CoraCiteseer/PieClam/experiments/../trainer_directed.py:460:::  

train_model_on_params on bigclam citeseer 
took 124.8483510017395 seconds


/mnt/home/jcervino/Github/CoraCiteseer/PieClam/experiments/optimization_utils_directed.py:663:::  
Repetition no. 0


/mnt/home/jcervino/Github/CoraCiteseer/PieClam/experiments/../trainer_directed.py:158:::  

Using dataset specific configuration and not global 




/mnt/home/jcervino/Github/CoraCiteseer/PieClam/experiments/../trainer_directed.py:337:::  

In function train. 
2025-12-21 02:09:07 starting optimization of bigclam on citeseer (DIRECTED) on device cuda

 configs_dict: 
{
    "clamiter_init": {
        "dim_feat": 48,
        "dim_attr": 100,
        "s_reg": 0.0,
        "l1_reg": 1,
        "T": 1,
        "hidden_dim": 64,
        "num_coupling_blocks": 32,
        "num_layers_mlp": 2
    },
    "feat_opt": {
        "lr": 0.001,
        "n_iter": 2000,
        "early_stop": 0
    }
}


/mnt/home/jcervino/Github/CoraCiteseer/PieClam/experiments/../clamiter_directed.py:440:::  
staring fit_feats for 2000 iterations


/mnt/home/jcervino/Github/CoraCiteseer/PieClam/experiments/../trainer_directed.py:444:::  



FINISHED train 
 last accuracies:
test
key='auc': 0.5
val
auc: None




/mnt/home/jcervino/Github/CoraCiteseer/PieClam/experiments/../trainer_directed.py:460:::  

train_model_on_params on bigclam citeseer 
took 35.66307973861694 seconds


/mnt/home/jcervino/Github/CoraCiteseer/PieClam/experiments/optimization_utils_directed.py:663:::  
Repetition no. 1


/mnt/home/jcervino/Github/CoraCiteseer/PieClam/experiments/../trainer_directed.py:158:::  

Using dataset specific configuration and not global 




/mnt/home/jcervino/Github/CoraCiteseer/PieClam/experiments/../trainer_directed.py:337:::  

In function train. 
2025-12-21 02:09:43 starting optimization of bigclam on citeseer (DIRECTED) on device cuda

 configs_dict: 
{
    "clamiter_init": {
        "dim_feat": 48,
        "dim_attr": 100,
        "s_reg": 0.0,
        "l1_reg": 1,
        "T": 1,
        "hidden_dim": 64,
        "num_coupling_blocks": 32,
        "num_layers_mlp": 2
    },
    "feat_opt": {
        "lr": 0.001,
        "n_iter": 2000,
        "early_stop": 0
    }
}


/mnt/home/jcervino/Github/CoraCiteseer/PieClam/experiments/../clamiter_directed.py:440:::  
staring fit_feats for 2000 iterations


/mnt/home/jcervino/Github/CoraCiteseer/PieClam/experiments/../trainer_directed.py:444:::  



FINISHED train 
 last accuracies:
test
key='auc': 0.5
val
auc: None




/mnt/home/jcervino/Github/CoraCiteseer/PieClam/experiments/../trainer_directed.py:460:::  

train_model_on_params on bigclam citeseer 
took 35.36546564102173 seconds


/mnt/home/jcervino/Github/CoraCiteseer/PieClam/experiments/optimization_utils_directed.py:663:::  
Repetition no. 2


/mnt/home/jcervino/Github/CoraCiteseer/PieClam/experiments/../trainer_directed.py:158:::  

Using dataset specific configuration and not global 




/mnt/home/jcervino/Github/CoraCiteseer/PieClam/experiments/../trainer_directed.py:337:::  

In function train. 
2025-12-21 02:10:18 starting optimization of bigclam on citeseer (DIRECTED) on device cuda

 configs_dict: 
{
    "clamiter_init": {
        "dim_feat": 48,
        "dim_attr": 100,
        "s_reg": 0.0,
        "l1_reg": 1,
        "T": 1,
        "hidden_dim": 64,
        "num_coupling_blocks": 32,
        "num_layers_mlp": 2
    },
    "feat_opt": {
        "lr": 0.001,
        "n_iter": 2000,
        "early_stop": 0
    }
}


/mnt/home/jcervino/Github/CoraCiteseer/PieClam/experiments/../clamiter_directed.py:440:::  
staring fit_feats for 2000 iterations


/mnt/home/jcervino/Github/CoraCiteseer/PieClam/experiments/../trainer_directed.py:444:::  



FINISHED train 
 last accuracies:
test
key='auc': 0.5
val
auc: None




/mnt/home/jcervino/Github/CoraCiteseer/PieClam/experiments/../trainer_directed.py:460:::  

train_model_on_params on bigclam citeseer 
took 34.94146919250488 seconds


/mnt/home/jcervino/Github/CoraCiteseer/PieClam/experiments/optimization_utils_directed.py:663:::  
Repetition no. 0


/mnt/home/jcervino/Github/CoraCiteseer/PieClam/experiments/../trainer_directed.py:158:::  

Using dataset specific configuration and not global 




/mnt/home/jcervino/Github/CoraCiteseer/PieClam/experiments/../trainer_directed.py:337:::  

In function train. 
2025-12-21 02:10:54 starting optimization of bigclam on citeseer (DIRECTED) on device cuda

 configs_dict: 
{
    "clamiter_init": {
        "dim_feat": 200,
        "dim_attr": 100,
        "s_reg": 0.0,
        "l1_reg": 1,
        "T": 1,
        "hidden_dim": 64,
        "num_coupling_blocks": 32,
        "num_layers_mlp": 2
    },
    "feat_opt": {
        "lr": 1e-05,
        "n_iter": 7000,
        "early_stop": 0
    }
}


/mnt/home/jcervino/Github/CoraCiteseer/PieClam/experiments/../clamiter_directed.py:440:::  
staring fit_feats for 7000 iterations


/mnt/home/jcervino/Github/CoraCiteseer/PieClam/experiments/../trainer_directed.py:444:::  



FINISHED train 
 last accuracies:
test
key='auc': 0.5752502401956502
val
auc: None




/mnt/home/jcervino/Github/CoraCiteseer/PieClam/experiments/../trainer_directed.py:460:::  

train_model_on_params on bigclam citeseer 
took 123.6137113571167 seconds


/mnt/home/jcervino/Github/CoraCiteseer/PieClam/experiments/optimization_utils_directed.py:663:::  
Repetition no. 1


/mnt/home/jcervino/Github/CoraCiteseer/PieClam/experiments/../trainer_directed.py:158:::  

Using dataset specific configuration and not global 




/mnt/home/jcervino/Github/CoraCiteseer/PieClam/experiments/../trainer_directed.py:337:::  

In function train. 
2025-12-21 02:12:58 starting optimization of bigclam on citeseer (DIRECTED) on device cuda

 configs_dict: 
{
    "clamiter_init": {
        "dim_feat": 200,
        "dim_attr": 100,
        "s_reg": 0.0,
        "l1_reg": 1,
        "T": 1,
        "hidden_dim": 64,
        "num_coupling_blocks": 32,
        "num_layers_mlp": 2
    },
    "feat_opt": {
        "lr": 1e-05,
        "n_iter": 7000,
        "early_stop": 0
    }
}


/mnt/home/jcervino/Github/CoraCiteseer/PieClam/experiments/../clamiter_directed.py:440:::  
staring fit_feats for 7000 iterations


/mnt/home/jcervino/Github/CoraCiteseer/PieClam/experiments/../trainer_directed.py:444:::  



FINISHED train 
 last accuracies:
test
key='auc': 0.5920097825137567
val
auc: None




/mnt/home/jcervino/Github/CoraCiteseer/PieClam/experiments/../trainer_directed.py:460:::  

train_model_on_params on bigclam citeseer 
took 124.1519033908844 seconds


/mnt/home/jcervino/Github/CoraCiteseer/PieClam/experiments/optimization_utils_directed.py:663:::  
Repetition no. 2


/mnt/home/jcervino/Github/CoraCiteseer/PieClam/experiments/../trainer_directed.py:158:::  

Using dataset specific configuration and not global 




/mnt/home/jcervino/Github/CoraCiteseer/PieClam/experiments/../trainer_directed.py:337:::  

In function train. 
2025-12-21 02:15:02 starting optimization of bigclam on citeseer (DIRECTED) on device cuda

 configs_dict: 
{
    "clamiter_init": {
        "dim_feat": 200,
        "dim_attr": 100,
        "s_reg": 0.0,
        "l1_reg": 1,
        "T": 1,
        "hidden_dim": 64,
        "num_coupling_blocks": 32,
        "num_layers_mlp": 2
    },
    "feat_opt": {
        "lr": 1e-05,
        "n_iter": 7000,
        "early_stop": 0
    }
}


/mnt/home/jcervino/Github/CoraCiteseer/PieClam/experiments/../clamiter_directed.py:440:::  
staring fit_feats for 7000 iterations


/mnt/home/jcervino/Github/CoraCiteseer/PieClam/experiments/../trainer_directed.py:444:::  



FINISHED train 
 last accuracies:
test
key='auc': 0.5799790374705214
val
auc: None




/mnt/home/jcervino/Github/CoraCiteseer/PieClam/experiments/../trainer_directed.py:460:::  

train_model_on_params on bigclam citeseer 
took 123.74819016456604 seconds


/mnt/home/jcervino/Github/CoraCiteseer/PieClam/experiments/optimization_utils_directed.py:663:::  
Repetition no. 0


/mnt/home/jcervino/Github/CoraCiteseer/PieClam/experiments/../trainer_directed.py:158:::  

Using dataset specific configuration and not global 




/mnt/home/jcervino/Github/CoraCiteseer/PieClam/experiments/../trainer_directed.py:337:::  

In function train. 
2025-12-21 02:17:06 starting optimization of bigclam on citeseer (DIRECTED) on device cuda

 configs_dict: 
{
    "clamiter_init": {
        "dim_feat": 200,
        "dim_attr": 100,
        "s_reg": 0.1,
        "l1_reg": 1,
        "T": 1,
        "hidden_dim": 64,
        "num_coupling_blocks": 32,
        "num_layers_mlp": 2
    },
    "feat_opt": {
        "lr": 1e-05,
        "n_iter": 2000,
        "early_stop": 0
    }
}


/mnt/home/jcervino/Github/CoraCiteseer/PieClam/experiments/../clamiter_directed.py:440:::  
staring fit_feats for 2000 iterations


/mnt/home/jcervino/Github/CoraCiteseer/PieClam/experiments/../trainer_directed.py:444:::  



FINISHED train 
 last accuracies:
test
key='auc': 0.6014219582496287
val
auc: None




/mnt/home/jcervino/Github/CoraCiteseer/PieClam/experiments/../trainer_directed.py:460:::  

train_model_on_params on bigclam citeseer 
took 35.77527904510498 seconds


/mnt/home/jcervino/Github/CoraCiteseer/PieClam/experiments/optimization_utils_directed.py:663:::  
Repetition no. 1


/mnt/home/jcervino/Github/CoraCiteseer/PieClam/experiments/../trainer_directed.py:158:::  

Using dataset specific configuration and not global 




/mnt/home/jcervino/Github/CoraCiteseer/PieClam/experiments/../trainer_directed.py:337:::  

In function train. 
2025-12-21 02:17:42 starting optimization of bigclam on citeseer (DIRECTED) on device cuda

 configs_dict: 
{
    "clamiter_init": {
        "dim_feat": 200,
        "dim_attr": 100,
        "s_reg": 0.1,
        "l1_reg": 1,
        "T": 1,
        "hidden_dim": 64,
        "num_coupling_blocks": 32,
        "num_layers_mlp": 2
    },
    "feat_opt": {
        "lr": 1e-05,
        "n_iter": 2000,
        "early_stop": 0
    }
}


/mnt/home/jcervino/Github/CoraCiteseer/PieClam/experiments/../clamiter_directed.py:440:::  
staring fit_feats for 2000 iterations


/mnt/home/jcervino/Github/CoraCiteseer/PieClam/experiments/../trainer_directed.py:444:::  



FINISHED train 
 last accuracies:
test
key='auc': 0.6211651672635163
val
auc: None




/mnt/home/jcervino/Github/CoraCiteseer/PieClam/experiments/../trainer_directed.py:460:::  

train_model_on_params on bigclam citeseer 
took 34.69780111312866 seconds


/mnt/home/jcervino/Github/CoraCiteseer/PieClam/experiments/optimization_utils_directed.py:663:::  
Repetition no. 2


/mnt/home/jcervino/Github/CoraCiteseer/PieClam/experiments/../trainer_directed.py:158:::  

Using dataset specific configuration and not global 




/mnt/home/jcervino/Github/CoraCiteseer/PieClam/experiments/../trainer_directed.py:337:::  

In function train. 
2025-12-21 02:18:18 starting optimization of bigclam on citeseer (DIRECTED) on device cuda

 configs_dict: 
{
    "clamiter_init": {
        "dim_feat": 200,
        "dim_attr": 100,
        "s_reg": 0.1,
        "l1_reg": 1,
        "T": 1,
        "hidden_dim": 64,
        "num_coupling_blocks": 32,
        "num_layers_mlp": 2
    },
    "feat_opt": {
        "lr": 1e-05,
        "n_iter": 2000,
        "early_stop": 0
    }
}


/mnt/home/jcervino/Github/CoraCiteseer/PieClam/experiments/../clamiter_directed.py:440:::  
staring fit_feats for 2000 iterations


/mnt/home/jcervino/Github/CoraCiteseer/PieClam/experiments/../trainer_directed.py:444:::  



FINISHED train 
 last accuracies:
test
key='auc': 0.5974076338544851
val
auc: None




/mnt/home/jcervino/Github/CoraCiteseer/PieClam/experiments/../trainer_directed.py:460:::  

train_model_on_params on bigclam citeseer 
took 35.67922925949097 seconds


/mnt/home/jcervino/Github/CoraCiteseer/PieClam/experiments/optimization_utils_directed.py:663:::  
Repetition no. 0


/mnt/home/jcervino/Github/CoraCiteseer/PieClam/experiments/../trainer_directed.py:158:::  

Using dataset specific configuration and not global 




/mnt/home/jcervino/Github/CoraCiteseer/PieClam/experiments/../trainer_directed.py:337:::  

In function train. 
2025-12-21 02:18:54 starting optimization of bigclam on citeseer (DIRECTED) on device cuda

 configs_dict: 
{
    "clamiter_init": {
        "dim_feat": 200,
        "dim_attr": 100,
        "s_reg": 0.0,
        "l1_reg": 1,
        "T": 1,
        "hidden_dim": 64,
        "num_coupling_blocks": 32,
        "num_layers_mlp": 2
    },
    "feat_opt": {
        "lr": 0.001,
        "n_iter": 2000,
        "early_stop": 0
    }
}


/mnt/home/jcervino/Github/CoraCiteseer/PieClam/experiments/../clamiter_directed.py:440:::  
staring fit_feats for 2000 iterations


/mnt/home/jcervino/Github/CoraCiteseer/PieClam/experiments/../trainer_directed.py:444:::  



FINISHED train 
 last accuracies:
test
key='auc': 0.5
val
auc: None




/mnt/home/jcervino/Github/CoraCiteseer/PieClam/experiments/../trainer_directed.py:460:::  

train_model_on_params on bigclam citeseer 
took 35.80571269989014 seconds


/mnt/home/jcervino/Github/CoraCiteseer/PieClam/experiments/optimization_utils_directed.py:663:::  
Repetition no. 1


/mnt/home/jcervino/Github/CoraCiteseer/PieClam/experiments/../trainer_directed.py:158:::  

Using dataset specific configuration and not global 




/mnt/home/jcervino/Github/CoraCiteseer/PieClam/experiments/../trainer_directed.py:337:::  

In function train. 
2025-12-21 02:19:30 starting optimization of bigclam on citeseer (DIRECTED) on device cuda

 configs_dict: 
{
    "clamiter_init": {
        "dim_feat": 200,
        "dim_attr": 100,
        "s_reg": 0.0,
        "l1_reg": 1,
        "T": 1,
        "hidden_dim": 64,
        "num_coupling_blocks": 32,
        "num_layers_mlp": 2
    },
    "feat_opt": {
        "lr": 0.001,
        "n_iter": 2000,
        "early_stop": 0
    }
}


/mnt/home/jcervino/Github/CoraCiteseer/PieClam/experiments/../clamiter_directed.py:440:::  
staring fit_feats for 2000 iterations


/mnt/home/jcervino/Github/CoraCiteseer/PieClam/experiments/../trainer_directed.py:444:::  



FINISHED train 
 last accuracies:
test
key='auc': 0.5
val
auc: None




/mnt/home/jcervino/Github/CoraCiteseer/PieClam/experiments/../trainer_directed.py:460:::  

train_model_on_params on bigclam citeseer 
took 34.86545515060425 seconds


/mnt/home/jcervino/Github/CoraCiteseer/PieClam/experiments/optimization_utils_directed.py:663:::  
Repetition no. 2


/mnt/home/jcervino/Github/CoraCiteseer/PieClam/experiments/../trainer_directed.py:158:::  

Using dataset specific configuration and not global 




/mnt/home/jcervino/Github/CoraCiteseer/PieClam/experiments/../trainer_directed.py:337:::  

In function train. 
2025-12-21 02:20:05 starting optimization of bigclam on citeseer (DIRECTED) on device cuda

 configs_dict: 
{
    "clamiter_init": {
        "dim_feat": 200,
        "dim_attr": 100,
        "s_reg": 0.0,
        "l1_reg": 1,
        "T": 1,
        "hidden_dim": 64,
        "num_coupling_blocks": 32,
        "num_layers_mlp": 2
    },
    "feat_opt": {
        "lr": 0.001,
        "n_iter": 2000,
        "early_stop": 0
    }
}


/mnt/home/jcervino/Github/CoraCiteseer/PieClam/experiments/../clamiter_directed.py:440:::  
staring fit_feats for 2000 iterations


/mnt/home/jcervino/Github/CoraCiteseer/PieClam/experiments/../trainer_directed.py:444:::  



FINISHED train 
 last accuracies:
test
key='auc': 0.5
val
auc: None




/mnt/home/jcervino/Github/CoraCiteseer/PieClam/experiments/../trainer_directed.py:460:::  

train_model_on_params on bigclam citeseer 
took 35.39712572097778 seconds


/mnt/home/jcervino/Github/CoraCiteseer/PieClam/experiments/optimization_utils_directed.py:663:::  
Repetition no. 0


/mnt/home/jcervino/Github/CoraCiteseer/PieClam/experiments/../trainer_directed.py:158:::  

Using dataset specific configuration and not global 




/mnt/home/jcervino/Github/CoraCiteseer/PieClam/experiments/../trainer_directed.py:337:::  

In function train. 
2025-12-21 02:20:41 starting optimization of bigclam on citeseer (DIRECTED) on device cuda

 configs_dict: 
{
    "clamiter_init": {
        "dim_feat": 48,
        "dim_attr": 100,
        "s_reg": 0.1,
        "l1_reg": 1,
        "T": 1,
        "hidden_dim": 64,
        "num_coupling_blocks": 32,
        "num_layers_mlp": 2
    },
    "feat_opt": {
        "lr": 0.0001,
        "n_iter": 7000,
        "early_stop": 0
    }
}


/mnt/home/jcervino/Github/CoraCiteseer/PieClam/experiments/../clamiter_directed.py:440:::  
staring fit_feats for 7000 iterations


/mnt/home/jcervino/Github/CoraCiteseer/PieClam/experiments/../trainer_directed.py:444:::  



FINISHED train 
 last accuracies:
test
key='auc': 0.5776556904533147
val
auc: None




/mnt/home/jcervino/Github/CoraCiteseer/PieClam/experiments/../trainer_directed.py:460:::  

train_model_on_params on bigclam citeseer 
took 75.71203517913818 seconds


/mnt/home/jcervino/Github/CoraCiteseer/PieClam/experiments/optimization_utils_directed.py:663:::  
Repetition no. 1


/mnt/home/jcervino/Github/CoraCiteseer/PieClam/experiments/../trainer_directed.py:158:::  

Using dataset specific configuration and not global 




/mnt/home/jcervino/Github/CoraCiteseer/PieClam/experiments/../trainer_directed.py:337:::  

In function train. 
2025-12-21 02:21:57 starting optimization of bigclam on citeseer (DIRECTED) on device cuda

 configs_dict: 
{
    "clamiter_init": {
        "dim_feat": 48,
        "dim_attr": 100,
        "s_reg": 0.1,
        "l1_reg": 1,
        "T": 1,
        "hidden_dim": 64,
        "num_coupling_blocks": 32,
        "num_layers_mlp": 2
    },
    "feat_opt": {
        "lr": 0.0001,
        "n_iter": 7000,
        "early_stop": 0
    }
}


/mnt/home/jcervino/Github/CoraCiteseer/PieClam/experiments/../clamiter_directed.py:440:::  
staring fit_feats for 7000 iterations


/mnt/home/jcervino/Github/CoraCiteseer/PieClam/experiments/../trainer_directed.py:444:::  



FINISHED train 
 last accuracies:
test
key='auc': 0.5950912743471045
val
auc: None




/mnt/home/jcervino/Github/CoraCiteseer/PieClam/experiments/../trainer_directed.py:460:::  

train_model_on_params on bigclam citeseer 
took 45.75098156929016 seconds


/mnt/home/jcervino/Github/CoraCiteseer/PieClam/experiments/optimization_utils_directed.py:663:::  
Repetition no. 2


/mnt/home/jcervino/Github/CoraCiteseer/PieClam/experiments/../trainer_directed.py:158:::  

Using dataset specific configuration and not global 




/mnt/home/jcervino/Github/CoraCiteseer/PieClam/experiments/../trainer_directed.py:337:::  

In function train. 
2025-12-21 02:22:42 starting optimization of bigclam on citeseer (DIRECTED) on device cuda

 configs_dict: 
{
    "clamiter_init": {
        "dim_feat": 48,
        "dim_attr": 100,
        "s_reg": 0.1,
        "l1_reg": 1,
        "T": 1,
        "hidden_dim": 64,
        "num_coupling_blocks": 32,
        "num_layers_mlp": 2
    },
    "feat_opt": {
        "lr": 0.0001,
        "n_iter": 7000,
        "early_stop": 0
    }
}


/mnt/home/jcervino/Github/CoraCiteseer/PieClam/experiments/../clamiter_directed.py:440:::  
staring fit_feats for 7000 iterations


/mnt/home/jcervino/Github/CoraCiteseer/PieClam/experiments/../trainer_directed.py:444:::  



FINISHED train 
 last accuracies:
test
key='auc': 0.5750196523713861
val
auc: None




/mnt/home/jcervino/Github/CoraCiteseer/PieClam/experiments/../trainer_directed.py:460:::  

train_model_on_params on bigclam citeseer 
took 113.76017928123474 seconds


/mnt/home/jcervino/Github/CoraCiteseer/PieClam/experiments/optimization_utils_directed.py:663:::  
Repetition no. 0


/mnt/home/jcervino/Github/CoraCiteseer/PieClam/experiments/../trainer_directed.py:158:::  

Using dataset specific configuration and not global 




/mnt/home/jcervino/Github/CoraCiteseer/PieClam/experiments/../trainer_directed.py:337:::  

In function train. 
2025-12-21 02:24:36 starting optimization of bigclam on citeseer (DIRECTED) on device cuda

 configs_dict: 
{
    "clamiter_init": {
        "dim_feat": 200,
        "dim_attr": 100,
        "s_reg": 0.1,
        "l1_reg": 1,
        "T": 1,
        "hidden_dim": 64,
        "num_coupling_blocks": 32,
        "num_layers_mlp": 2
    },
    "feat_opt": {
        "lr": 1e-05,
        "n_iter": 7000,
        "early_stop": 0
    }
}


/mnt/home/jcervino/Github/CoraCiteseer/PieClam/experiments/../clamiter_directed.py:440:::  
staring fit_feats for 7000 iterations


/mnt/home/jcervino/Github/CoraCiteseer/PieClam/experiments/../trainer_directed.py:444:::  



FINISHED train 
 last accuracies:
test
key='auc': 0.5849925757708097
val
auc: None




/mnt/home/jcervino/Github/CoraCiteseer/PieClam/experiments/../trainer_directed.py:460:::  

train_model_on_params on bigclam citeseer 
took 79.50130486488342 seconds


/mnt/home/jcervino/Github/CoraCiteseer/PieClam/experiments/optimization_utils_directed.py:663:::  
Repetition no. 1


/mnt/home/jcervino/Github/CoraCiteseer/PieClam/experiments/../trainer_directed.py:158:::  

Using dataset specific configuration and not global 




/mnt/home/jcervino/Github/CoraCiteseer/PieClam/experiments/../trainer_directed.py:337:::  

In function train. 
2025-12-21 02:25:56 starting optimization of bigclam on citeseer (DIRECTED) on device cuda

 configs_dict: 
{
    "clamiter_init": {
        "dim_feat": 200,
        "dim_attr": 100,
        "s_reg": 0.1,
        "l1_reg": 1,
        "T": 1,
        "hidden_dim": 64,
        "num_coupling_blocks": 32,
        "num_layers_mlp": 2
    },
    "feat_opt": {
        "lr": 1e-05,
        "n_iter": 7000,
        "early_stop": 0
    }
}


/mnt/home/jcervino/Github/CoraCiteseer/PieClam/experiments/../clamiter_directed.py:440:::  
staring fit_feats for 7000 iterations


/mnt/home/jcervino/Github/CoraCiteseer/PieClam/experiments/../trainer_directed.py:444:::  



FINISHED train 
 last accuracies:
test
key='auc': 0.5597484496462573
val
auc: None




/mnt/home/jcervino/Github/CoraCiteseer/PieClam/experiments/../trainer_directed.py:460:::  

train_model_on_params on bigclam citeseer 
took 55.058871269226074 seconds


/mnt/home/jcervino/Github/CoraCiteseer/PieClam/experiments/optimization_utils_directed.py:663:::  
Repetition no. 2


/mnt/home/jcervino/Github/CoraCiteseer/PieClam/experiments/../trainer_directed.py:158:::  

Using dataset specific configuration and not global 




/mnt/home/jcervino/Github/CoraCiteseer/PieClam/experiments/../trainer_directed.py:337:::  

In function train. 
2025-12-21 02:26:51 starting optimization of bigclam on citeseer (DIRECTED) on device cuda

 configs_dict: 
{
    "clamiter_init": {
        "dim_feat": 200,
        "dim_attr": 100,
        "s_reg": 0.1,
        "l1_reg": 1,
        "T": 1,
        "hidden_dim": 64,
        "num_coupling_blocks": 32,
        "num_layers_mlp": 2
    },
    "feat_opt": {
        "lr": 1e-05,
        "n_iter": 7000,
        "early_stop": 0
    }
}


/mnt/home/jcervino/Github/CoraCiteseer/PieClam/experiments/../clamiter_directed.py:440:::  
staring fit_feats for 7000 iterations


/mnt/home/jcervino/Github/CoraCiteseer/PieClam/experiments/../trainer_directed.py:444:::  



FINISHED train 
 last accuracies:
test
key='auc': 0.5729967682767053
val
auc: None




/mnt/home/jcervino/Github/CoraCiteseer/PieClam/experiments/../trainer_directed.py:460:::  

train_model_on_params on bigclam citeseer 
took 64.64674615859985 seconds


/mnt/home/jcervino/Github/CoraCiteseer/PieClam/experiments/optimization_utils_directed.py:663:::  
Repetition no. 0


/mnt/home/jcervino/Github/CoraCiteseer/PieClam/experiments/../trainer_directed.py:158:::  

Using dataset specific configuration and not global 




/mnt/home/jcervino/Github/CoraCiteseer/PieClam/experiments/../trainer_directed.py:337:::  

In function train. 
2025-12-21 02:27:56 starting optimization of bigclam on citeseer (DIRECTED) on device cuda

 configs_dict: 
{
    "clamiter_init": {
        "dim_feat": 200,
        "dim_attr": 100,
        "s_reg": 0.0,
        "l1_reg": 1,
        "T": 1,
        "hidden_dim": 64,
        "num_coupling_blocks": 32,
        "num_layers_mlp": 2
    },
    "feat_opt": {
        "lr": 0.0001,
        "n_iter": 7000,
        "early_stop": 0
    }
}


/mnt/home/jcervino/Github/CoraCiteseer/PieClam/experiments/../clamiter_directed.py:440:::  
staring fit_feats for 7000 iterations


/mnt/home/jcervino/Github/CoraCiteseer/PieClam/experiments/../trainer_directed.py:444:::  



FINISHED train 
 last accuracies:
test
key='auc': 0.5711433312953096
val
auc: None




/mnt/home/jcervino/Github/CoraCiteseer/PieClam/experiments/../trainer_directed.py:460:::  

train_model_on_params on bigclam citeseer 
took 116.13887119293213 seconds


/mnt/home/jcervino/Github/CoraCiteseer/PieClam/experiments/optimization_utils_directed.py:663:::  
Repetition no. 1


/mnt/home/jcervino/Github/CoraCiteseer/PieClam/experiments/../trainer_directed.py:158:::  

Using dataset specific configuration and not global 




/mnt/home/jcervino/Github/CoraCiteseer/PieClam/experiments/../trainer_directed.py:337:::  

In function train. 
2025-12-21 02:29:53 starting optimization of bigclam on citeseer (DIRECTED) on device cuda

 configs_dict: 
{
    "clamiter_init": {
        "dim_feat": 200,
        "dim_attr": 100,
        "s_reg": 0.0,
        "l1_reg": 1,
        "T": 1,
        "hidden_dim": 64,
        "num_coupling_blocks": 32,
        "num_layers_mlp": 2
    },
    "feat_opt": {
        "lr": 0.0001,
        "n_iter": 7000,
        "early_stop": 0
    }
}


/mnt/home/jcervino/Github/CoraCiteseer/PieClam/experiments/../clamiter_directed.py:440:::  
staring fit_feats for 7000 iterations


/mnt/home/jcervino/Github/CoraCiteseer/PieClam/experiments/../trainer_directed.py:444:::  



FINISHED train 
 last accuracies:
test
key='auc': 0.5627775351559089
val
auc: None




/mnt/home/jcervino/Github/CoraCiteseer/PieClam/experiments/../trainer_directed.py:460:::  

train_model_on_params on bigclam citeseer 
took 96.81841039657593 seconds


/mnt/home/jcervino/Github/CoraCiteseer/PieClam/experiments/optimization_utils_directed.py:663:::  
Repetition no. 2


/mnt/home/jcervino/Github/CoraCiteseer/PieClam/experiments/../trainer_directed.py:158:::  

Using dataset specific configuration and not global 




/mnt/home/jcervino/Github/CoraCiteseer/PieClam/experiments/../trainer_directed.py:337:::  

In function train. 
2025-12-21 02:31:30 starting optimization of bigclam on citeseer (DIRECTED) on device cuda

 configs_dict: 
{
    "clamiter_init": {
        "dim_feat": 200,
        "dim_attr": 100,
        "s_reg": 0.0,
        "l1_reg": 1,
        "T": 1,
        "hidden_dim": 64,
        "num_coupling_blocks": 32,
        "num_layers_mlp": 2
    },
    "feat_opt": {
        "lr": 0.0001,
        "n_iter": 7000,
        "early_stop": 0
    }
}


/mnt/home/jcervino/Github/CoraCiteseer/PieClam/experiments/../clamiter_directed.py:440:::  
staring fit_feats for 7000 iterations


/mnt/home/jcervino/Github/CoraCiteseer/PieClam/experiments/../trainer_directed.py:444:::  



FINISHED train 
 last accuracies:
test
key='auc': 0.5728971962616822
val
auc: None




/mnt/home/jcervino/Github/CoraCiteseer/PieClam/experiments/../trainer_directed.py:460:::  

train_model_on_params on bigclam citeseer 
took 123.65608072280884 seconds


/mnt/home/jcervino/Github/CoraCiteseer/PieClam/experiments/optimization_utils_directed.py:663:::  
Repetition no. 0


/mnt/home/jcervino/Github/CoraCiteseer/PieClam/experiments/../trainer_directed.py:158:::  

Using dataset specific configuration and not global 




/mnt/home/jcervino/Github/CoraCiteseer/PieClam/experiments/../trainer_directed.py:337:::  

In function train. 
2025-12-21 02:33:34 starting optimization of bigclam on citeseer (DIRECTED) on device cuda

 configs_dict: 
{
    "clamiter_init": {
        "dim_feat": 100,
        "dim_attr": 100,
        "s_reg": 0.0,
        "l1_reg": 1,
        "T": 1,
        "hidden_dim": 64,
        "num_coupling_blocks": 32,
        "num_layers_mlp": 2
    },
    "feat_opt": {
        "lr": 0.001,
        "n_iter": 5000,
        "early_stop": 0
    }
}


/mnt/home/jcervino/Github/CoraCiteseer/PieClam/experiments/../clamiter_directed.py:440:::  
staring fit_feats for 5000 iterations


/mnt/home/jcervino/Github/CoraCiteseer/PieClam/experiments/../trainer_directed.py:444:::  



FINISHED train 
 last accuracies:
test
key='auc': 0.5
val
auc: None




/mnt/home/jcervino/Github/CoraCiteseer/PieClam/experiments/../trainer_directed.py:460:::  

train_model_on_params on bigclam citeseer 
took 73.318284034729 seconds


/mnt/home/jcervino/Github/CoraCiteseer/PieClam/experiments/optimization_utils_directed.py:663:::  
Repetition no. 1


/mnt/home/jcervino/Github/CoraCiteseer/PieClam/experiments/../trainer_directed.py:158:::  

Using dataset specific configuration and not global 




/mnt/home/jcervino/Github/CoraCiteseer/PieClam/experiments/../trainer_directed.py:337:::  

In function train. 
2025-12-21 02:34:48 starting optimization of bigclam on citeseer (DIRECTED) on device cuda

 configs_dict: 
{
    "clamiter_init": {
        "dim_feat": 100,
        "dim_attr": 100,
        "s_reg": 0.0,
        "l1_reg": 1,
        "T": 1,
        "hidden_dim": 64,
        "num_coupling_blocks": 32,
        "num_layers_mlp": 2
    },
    "feat_opt": {
        "lr": 0.001,
        "n_iter": 5000,
        "early_stop": 0
    }
}


/mnt/home/jcervino/Github/CoraCiteseer/PieClam/experiments/../clamiter_directed.py:440:::  
staring fit_feats for 5000 iterations


/mnt/home/jcervino/Github/CoraCiteseer/PieClam/experiments/../trainer_directed.py:444:::  



FINISHED train 
 last accuracies:
test
key='auc': 0.5
val
auc: None




/mnt/home/jcervino/Github/CoraCiteseer/PieClam/experiments/../trainer_directed.py:460:::  

train_model_on_params on bigclam citeseer 
took 87.9848985671997 seconds


/mnt/home/jcervino/Github/CoraCiteseer/PieClam/experiments/optimization_utils_directed.py:663:::  
Repetition no. 2


/mnt/home/jcervino/Github/CoraCiteseer/PieClam/experiments/../trainer_directed.py:158:::  

Using dataset specific configuration and not global 




/mnt/home/jcervino/Github/CoraCiteseer/PieClam/experiments/../trainer_directed.py:337:::  

In function train. 
2025-12-21 02:36:16 starting optimization of bigclam on citeseer (DIRECTED) on device cuda

 configs_dict: 
{
    "clamiter_init": {
        "dim_feat": 100,
        "dim_attr": 100,
        "s_reg": 0.0,
        "l1_reg": 1,
        "T": 1,
        "hidden_dim": 64,
        "num_coupling_blocks": 32,
        "num_layers_mlp": 2
    },
    "feat_opt": {
        "lr": 0.001,
        "n_iter": 5000,
        "early_stop": 0
    }
}


/mnt/home/jcervino/Github/CoraCiteseer/PieClam/experiments/../clamiter_directed.py:440:::  
staring fit_feats for 5000 iterations


/mnt/home/jcervino/Github/CoraCiteseer/PieClam/experiments/../trainer_directed.py:444:::  



FINISHED train 
 last accuracies:
test
key='auc': 0.5
val
auc: None




/mnt/home/jcervino/Github/CoraCiteseer/PieClam/experiments/../trainer_directed.py:460:::  

train_model_on_params on bigclam citeseer 
took 86.6953809261322 seconds


/mnt/home/jcervino/Github/CoraCiteseer/PieClam/experiments/optimization_utils_directed.py:663:::  
Repetition no. 0


/mnt/home/jcervino/Github/CoraCiteseer/PieClam/experiments/../trainer_directed.py:158:::  

Using dataset specific configuration and not global 




/mnt/home/jcervino/Github/CoraCiteseer/PieClam/experiments/../trainer_directed.py:337:::  

In function train. 
2025-12-21 02:37:43 starting optimization of bigclam on citeseer (DIRECTED) on device cuda

 configs_dict: 
{
    "clamiter_init": {
        "dim_feat": 100,
        "dim_attr": 100,
        "s_reg": 0.1,
        "l1_reg": 1,
        "T": 1,
        "hidden_dim": 64,
        "num_coupling_blocks": 32,
        "num_layers_mlp": 2
    },
    "feat_opt": {
        "lr": 0.0001,
        "n_iter": 2000,
        "early_stop": 0
    }
}


/mnt/home/jcervino/Github/CoraCiteseer/PieClam/experiments/../clamiter_directed.py:440:::  
staring fit_feats for 2000 iterations


/mnt/home/jcervino/Github/CoraCiteseer/PieClam/experiments/../trainer_directed.py:444:::  



FINISHED train 
 last accuracies:
test
key='auc': 0.5900707485369902
val
auc: None




/mnt/home/jcervino/Github/CoraCiteseer/PieClam/experiments/../trainer_directed.py:460:::  

train_model_on_params on bigclam citeseer 
took 35.45505094528198 seconds


/mnt/home/jcervino/Github/CoraCiteseer/PieClam/experiments/optimization_utils_directed.py:663:::  
Repetition no. 1


/mnt/home/jcervino/Github/CoraCiteseer/PieClam/experiments/../trainer_directed.py:158:::  

Using dataset specific configuration and not global 




/mnt/home/jcervino/Github/CoraCiteseer/PieClam/experiments/../trainer_directed.py:337:::  

In function train. 
2025-12-21 02:38:19 starting optimization of bigclam on citeseer (DIRECTED) on device cuda

 configs_dict: 
{
    "clamiter_init": {
        "dim_feat": 100,
        "dim_attr": 100,
        "s_reg": 0.1,
        "l1_reg": 1,
        "T": 1,
        "hidden_dim": 64,
        "num_coupling_blocks": 32,
        "num_layers_mlp": 2
    },
    "feat_opt": {
        "lr": 0.0001,
        "n_iter": 2000,
        "early_stop": 0
    }
}


/mnt/home/jcervino/Github/CoraCiteseer/PieClam/experiments/../clamiter_directed.py:440:::  
staring fit_feats for 2000 iterations


/mnt/home/jcervino/Github/CoraCiteseer/PieClam/experiments/../trainer_directed.py:444:::  



FINISHED train 
 last accuracies:
test
key='auc': 0.5806725478207704
val
auc: None




/mnt/home/jcervino/Github/CoraCiteseer/PieClam/experiments/../trainer_directed.py:460:::  

train_model_on_params on bigclam citeseer 
took 35.0654513835907 seconds


/mnt/home/jcervino/Github/CoraCiteseer/PieClam/experiments/optimization_utils_directed.py:663:::  
Repetition no. 2


/mnt/home/jcervino/Github/CoraCiteseer/PieClam/experiments/../trainer_directed.py:158:::  

Using dataset specific configuration and not global 




/mnt/home/jcervino/Github/CoraCiteseer/PieClam/experiments/../trainer_directed.py:337:::  

In function train. 
2025-12-21 02:38:54 starting optimization of bigclam on citeseer (DIRECTED) on device cuda

 configs_dict: 
{
    "clamiter_init": {
        "dim_feat": 100,
        "dim_attr": 100,
        "s_reg": 0.1,
        "l1_reg": 1,
        "T": 1,
        "hidden_dim": 64,
        "num_coupling_blocks": 32,
        "num_layers_mlp": 2
    },
    "feat_opt": {
        "lr": 0.0001,
        "n_iter": 2000,
        "early_stop": 0
    }
}


/mnt/home/jcervino/Github/CoraCiteseer/PieClam/experiments/../clamiter_directed.py:440:::  
staring fit_feats for 2000 iterations


/mnt/home/jcervino/Github/CoraCiteseer/PieClam/experiments/../trainer_directed.py:444:::  



FINISHED train 
 last accuracies:
test
key='auc': 0.5760223600314439
val
auc: None




/mnt/home/jcervino/Github/CoraCiteseer/PieClam/experiments/../trainer_directed.py:460:::  

train_model_on_params on bigclam citeseer 
took 32.72541260719299 seconds


/mnt/home/jcervino/Github/CoraCiteseer/PieClam/experiments/optimization_utils_directed.py:663:::  
Repetition no. 0


/mnt/home/jcervino/Github/CoraCiteseer/PieClam/experiments/../trainer_directed.py:158:::  

Using dataset specific configuration and not global 




/mnt/home/jcervino/Github/CoraCiteseer/PieClam/experiments/../trainer_directed.py:337:::  

In function train. 
2025-12-21 02:39:27 starting optimization of bigclam on citeseer (DIRECTED) on device cuda

 configs_dict: 
{
    "clamiter_init": {
        "dim_feat": 48,
        "dim_attr": 100,
        "s_reg": 0.1,
        "l1_reg": 1,
        "T": 1,
        "hidden_dim": 64,
        "num_coupling_blocks": 32,
        "num_layers_mlp": 2
    },
    "feat_opt": {
        "lr": 0.0001,
        "n_iter": 5000,
        "early_stop": 0
    }
}


/mnt/home/jcervino/Github/CoraCiteseer/PieClam/experiments/../clamiter_directed.py:440:::  
staring fit_feats for 5000 iterations


/mnt/home/jcervino/Github/CoraCiteseer/PieClam/experiments/../trainer_directed.py:444:::  



FINISHED train 
 last accuracies:
test
key='auc': 0.5695868634815268
val
auc: None




/mnt/home/jcervino/Github/CoraCiteseer/PieClam/experiments/../trainer_directed.py:460:::  

train_model_on_params on bigclam citeseer 
took 77.93614101409912 seconds


/mnt/home/jcervino/Github/CoraCiteseer/PieClam/experiments/optimization_utils_directed.py:663:::  
Repetition no. 1


/mnt/home/jcervino/Github/CoraCiteseer/PieClam/experiments/../trainer_directed.py:158:::  

Using dataset specific configuration and not global 




/mnt/home/jcervino/Github/CoraCiteseer/PieClam/experiments/../trainer_directed.py:337:::  

In function train. 
2025-12-21 02:40:45 starting optimization of bigclam on citeseer (DIRECTED) on device cuda

 configs_dict: 
{
    "clamiter_init": {
        "dim_feat": 48,
        "dim_attr": 100,
        "s_reg": 0.1,
        "l1_reg": 1,
        "T": 1,
        "hidden_dim": 64,
        "num_coupling_blocks": 32,
        "num_layers_mlp": 2
    },
    "feat_opt": {
        "lr": 0.0001,
        "n_iter": 5000,
        "early_stop": 0
    }
}


/mnt/home/jcervino/Github/CoraCiteseer/PieClam/experiments/../clamiter_directed.py:440:::  
staring fit_feats for 5000 iterations


/mnt/home/jcervino/Github/CoraCiteseer/PieClam/experiments/../trainer_directed.py:444:::  



FINISHED train 
 last accuracies:
test
key='auc': 0.5882330334527033
val
auc: None




/mnt/home/jcervino/Github/CoraCiteseer/PieClam/experiments/../trainer_directed.py:460:::  

train_model_on_params on bigclam citeseer 
took 41.42487668991089 seconds


/mnt/home/jcervino/Github/CoraCiteseer/PieClam/experiments/optimization_utils_directed.py:663:::  
Repetition no. 2


/mnt/home/jcervino/Github/CoraCiteseer/PieClam/experiments/../trainer_directed.py:158:::  

Using dataset specific configuration and not global 




/mnt/home/jcervino/Github/CoraCiteseer/PieClam/experiments/../trainer_directed.py:337:::  

In function train. 
2025-12-21 02:41:27 starting optimization of bigclam on citeseer (DIRECTED) on device cuda

 configs_dict: 
{
    "clamiter_init": {
        "dim_feat": 48,
        "dim_attr": 100,
        "s_reg": 0.1,
        "l1_reg": 1,
        "T": 1,
        "hidden_dim": 64,
        "num_coupling_blocks": 32,
        "num_layers_mlp": 2
    },
    "feat_opt": {
        "lr": 0.0001,
        "n_iter": 5000,
        "early_stop": 0
    }
}


/mnt/home/jcervino/Github/CoraCiteseer/PieClam/experiments/../clamiter_directed.py:440:::  
staring fit_feats for 5000 iterations


/mnt/home/jcervino/Github/CoraCiteseer/PieClam/experiments/../trainer_directed.py:444:::  



FINISHED train 
 last accuracies:
test
key='auc': 0.5888112498908202
val
auc: None




/mnt/home/jcervino/Github/CoraCiteseer/PieClam/experiments/../trainer_directed.py:460:::  

train_model_on_params on bigclam citeseer 
took 74.99488067626953 seconds


/mnt/home/jcervino/Github/CoraCiteseer/PieClam/experiments/optimization_utils_directed.py:663:::  
Repetition no. 0


/mnt/home/jcervino/Github/CoraCiteseer/PieClam/experiments/../trainer_directed.py:158:::  

Using dataset specific configuration and not global 




/mnt/home/jcervino/Github/CoraCiteseer/PieClam/experiments/../trainer_directed.py:337:::  

In function train. 
2025-12-21 02:42:42 starting optimization of bigclam on citeseer (DIRECTED) on device cuda

 configs_dict: 
{
    "clamiter_init": {
        "dim_feat": 200,
        "dim_attr": 100,
        "s_reg": 0.1,
        "l1_reg": 1,
        "T": 1,
        "hidden_dim": 64,
        "num_coupling_blocks": 32,
        "num_layers_mlp": 2
    },
    "feat_opt": {
        "lr": 0.0001,
        "n_iter": 5000,
        "early_stop": 0
    }
}


/mnt/home/jcervino/Github/CoraCiteseer/PieClam/experiments/../clamiter_directed.py:440:::  
staring fit_feats for 5000 iterations


/mnt/home/jcervino/Github/CoraCiteseer/PieClam/experiments/../trainer_directed.py:444:::  



FINISHED train 
 last accuracies:
test
key='auc': 0.5691588785046728
val
auc: None




/mnt/home/jcervino/Github/CoraCiteseer/PieClam/experiments/../trainer_directed.py:460:::  

train_model_on_params on bigclam citeseer 
took 45.001444578170776 seconds


/mnt/home/jcervino/Github/CoraCiteseer/PieClam/experiments/optimization_utils_directed.py:663:::  
Repetition no. 1


/mnt/home/jcervino/Github/CoraCiteseer/PieClam/experiments/../trainer_directed.py:158:::  

Using dataset specific configuration and not global 




/mnt/home/jcervino/Github/CoraCiteseer/PieClam/experiments/../trainer_directed.py:337:::  

In function train. 
2025-12-21 02:43:27 starting optimization of bigclam on citeseer (DIRECTED) on device cuda

 configs_dict: 
{
    "clamiter_init": {
        "dim_feat": 200,
        "dim_attr": 100,
        "s_reg": 0.1,
        "l1_reg": 1,
        "T": 1,
        "hidden_dim": 64,
        "num_coupling_blocks": 32,
        "num_layers_mlp": 2
    },
    "feat_opt": {
        "lr": 0.0001,
        "n_iter": 5000,
        "early_stop": 0
    }
}


/mnt/home/jcervino/Github/CoraCiteseer/PieClam/experiments/../clamiter_directed.py:440:::  
staring fit_feats for 5000 iterations


/mnt/home/jcervino/Github/CoraCiteseer/PieClam/experiments/../trainer_directed.py:444:::  



FINISHED train 
 last accuracies:
test
key='auc': 0.5619215652022012
val
auc: None




/mnt/home/jcervino/Github/CoraCiteseer/PieClam/experiments/../trainer_directed.py:460:::  

train_model_on_params on bigclam citeseer 
took 42.00010967254639 seconds


/mnt/home/jcervino/Github/CoraCiteseer/PieClam/experiments/optimization_utils_directed.py:663:::  
Repetition no. 2


/mnt/home/jcervino/Github/CoraCiteseer/PieClam/experiments/../trainer_directed.py:158:::  

Using dataset specific configuration and not global 




/mnt/home/jcervino/Github/CoraCiteseer/PieClam/experiments/../trainer_directed.py:337:::  

In function train. 
2025-12-21 02:44:09 starting optimization of bigclam on citeseer (DIRECTED) on device cuda

 configs_dict: 
{
    "clamiter_init": {
        "dim_feat": 200,
        "dim_attr": 100,
        "s_reg": 0.1,
        "l1_reg": 1,
        "T": 1,
        "hidden_dim": 64,
        "num_coupling_blocks": 32,
        "num_layers_mlp": 2
    },
    "feat_opt": {
        "lr": 0.0001,
        "n_iter": 5000,
        "early_stop": 0
    }
}


/mnt/home/jcervino/Github/CoraCiteseer/PieClam/experiments/../clamiter_directed.py:440:::  
staring fit_feats for 5000 iterations


/mnt/home/jcervino/Github/CoraCiteseer/PieClam/experiments/../trainer_directed.py:444:::  



FINISHED train 
 last accuracies:
test
key='auc': 0.5702821207092322
val
auc: None




/mnt/home/jcervino/Github/CoraCiteseer/PieClam/experiments/../trainer_directed.py:460:::  

train_model_on_params on bigclam citeseer 
took 72.34506750106812 seconds


/mnt/home/jcervino/Github/CoraCiteseer/PieClam/experiments/optimization_utils_directed.py:663:::  
Repetition no. 0


/mnt/home/jcervino/Github/CoraCiteseer/PieClam/experiments/../trainer_directed.py:158:::  

Using dataset specific configuration and not global 




/mnt/home/jcervino/Github/CoraCiteseer/PieClam/experiments/../trainer_directed.py:337:::  

In function train. 
2025-12-21 02:45:22 starting optimization of bigclam on citeseer (DIRECTED) on device cuda

 configs_dict: 
{
    "clamiter_init": {
        "dim_feat": 100,
        "dim_attr": 100,
        "s_reg": 0.0,
        "l1_reg": 1,
        "T": 1,
        "hidden_dim": 64,
        "num_coupling_blocks": 32,
        "num_layers_mlp": 2
    },
    "feat_opt": {
        "lr": 1e-05,
        "n_iter": 5000,
        "early_stop": 0
    }
}


/mnt/home/jcervino/Github/CoraCiteseer/PieClam/experiments/../clamiter_directed.py:440:::  
staring fit_feats for 5000 iterations


/mnt/home/jcervino/Github/CoraCiteseer/PieClam/experiments/../trainer_directed.py:444:::  



FINISHED train 
 last accuracies:
test
key='auc': 0.5971770460302209
val
auc: None




/mnt/home/jcervino/Github/CoraCiteseer/PieClam/experiments/../trainer_directed.py:460:::  

train_model_on_params on bigclam citeseer 
took 56.25609540939331 seconds


/mnt/home/jcervino/Github/CoraCiteseer/PieClam/experiments/optimization_utils_directed.py:663:::  
Repetition no. 1


/mnt/home/jcervino/Github/CoraCiteseer/PieClam/experiments/../trainer_directed.py:158:::  

Using dataset specific configuration and not global 




/mnt/home/jcervino/Github/CoraCiteseer/PieClam/experiments/../trainer_directed.py:337:::  

In function train. 
2025-12-21 02:46:18 starting optimization of bigclam on citeseer (DIRECTED) on device cuda

 configs_dict: 
{
    "clamiter_init": {
        "dim_feat": 100,
        "dim_attr": 100,
        "s_reg": 0.0,
        "l1_reg": 1,
        "T": 1,
        "hidden_dim": 64,
        "num_coupling_blocks": 32,
        "num_layers_mlp": 2
    },
    "feat_opt": {
        "lr": 1e-05,
        "n_iter": 5000,
        "early_stop": 0
    }
}


/mnt/home/jcervino/Github/CoraCiteseer/PieClam/experiments/../clamiter_directed.py:440:::  
staring fit_feats for 5000 iterations


/mnt/home/jcervino/Github/CoraCiteseer/PieClam/experiments/../trainer_directed.py:444:::  



FINISHED train 
 last accuracies:
test
key='auc': 0.579453227356101
val
auc: None




/mnt/home/jcervino/Github/CoraCiteseer/PieClam/experiments/../trainer_directed.py:460:::  

train_model_on_params on bigclam citeseer 
took 51.17159700393677 seconds


/mnt/home/jcervino/Github/CoraCiteseer/PieClam/experiments/optimization_utils_directed.py:663:::  
Repetition no. 2


/mnt/home/jcervino/Github/CoraCiteseer/PieClam/experiments/../trainer_directed.py:158:::  

Using dataset specific configuration and not global 




/mnt/home/jcervino/Github/CoraCiteseer/PieClam/experiments/../trainer_directed.py:337:::  

In function train. 
2025-12-21 02:47:09 starting optimization of bigclam on citeseer (DIRECTED) on device cuda

 configs_dict: 
{
    "clamiter_init": {
        "dim_feat": 100,
        "dim_attr": 100,
        "s_reg": 0.0,
        "l1_reg": 1,
        "T": 1,
        "hidden_dim": 64,
        "num_coupling_blocks": 32,
        "num_layers_mlp": 2
    },
    "feat_opt": {
        "lr": 1e-05,
        "n_iter": 5000,
        "early_stop": 0
    }
}


/mnt/home/jcervino/Github/CoraCiteseer/PieClam/experiments/../clamiter_directed.py:440:::  
staring fit_feats for 5000 iterations


/mnt/home/jcervino/Github/CoraCiteseer/PieClam/experiments/../trainer_directed.py:444:::  



FINISHED train 
 last accuracies:
test
key='auc': 0.5864267621626343
val
auc: None




/mnt/home/jcervino/Github/CoraCiteseer/PieClam/experiments/../trainer_directed.py:460:::  

train_model_on_params on bigclam citeseer 
took 87.96162700653076 seconds


/mnt/home/jcervino/Github/CoraCiteseer/PieClam/experiments/optimization_utils_directed.py:663:::  
Repetition no. 0


/mnt/home/jcervino/Github/CoraCiteseer/PieClam/experiments/../trainer_directed.py:158:::  

Using dataset specific configuration and not global 




/mnt/home/jcervino/Github/CoraCiteseer/PieClam/experiments/../trainer_directed.py:337:::  

In function train. 
2025-12-21 02:48:38 starting optimization of bigclam on citeseer (DIRECTED) on device cuda

 configs_dict: 
{
    "clamiter_init": {
        "dim_feat": 100,
        "dim_attr": 100,
        "s_reg": 0.1,
        "l1_reg": 1,
        "T": 1,
        "hidden_dim": 64,
        "num_coupling_blocks": 32,
        "num_layers_mlp": 2
    },
    "feat_opt": {
        "lr": 0.001,
        "n_iter": 7000,
        "early_stop": 0
    }
}


/mnt/home/jcervino/Github/CoraCiteseer/PieClam/experiments/../clamiter_directed.py:440:::  
staring fit_feats for 7000 iterations


/mnt/home/jcervino/Github/CoraCiteseer/PieClam/experiments/../trainer_directed.py:444:::  



FINISHED train 
 last accuracies:
test
key='auc': 0.5
val
auc: None




/mnt/home/jcervino/Github/CoraCiteseer/PieClam/experiments/../trainer_directed.py:460:::  

train_model_on_params on bigclam citeseer 
took 122.98133730888367 seconds


/mnt/home/jcervino/Github/CoraCiteseer/PieClam/experiments/optimization_utils_directed.py:663:::  
Repetition no. 1


/mnt/home/jcervino/Github/CoraCiteseer/PieClam/experiments/../trainer_directed.py:158:::  

Using dataset specific configuration and not global 




/mnt/home/jcervino/Github/CoraCiteseer/PieClam/experiments/../trainer_directed.py:337:::  

In function train. 
2025-12-21 02:50:41 starting optimization of bigclam on citeseer (DIRECTED) on device cuda

 configs_dict: 
{
    "clamiter_init": {
        "dim_feat": 100,
        "dim_attr": 100,
        "s_reg": 0.1,
        "l1_reg": 1,
        "T": 1,
        "hidden_dim": 64,
        "num_coupling_blocks": 32,
        "num_layers_mlp": 2
    },
    "feat_opt": {
        "lr": 0.001,
        "n_iter": 7000,
        "early_stop": 0
    }
}


/mnt/home/jcervino/Github/CoraCiteseer/PieClam/experiments/../clamiter_directed.py:440:::  
staring fit_feats for 7000 iterations


/mnt/home/jcervino/Github/CoraCiteseer/PieClam/experiments/../trainer_directed.py:444:::  



FINISHED train 
 last accuracies:
test
key='auc': 0.5
val
auc: None




/mnt/home/jcervino/Github/CoraCiteseer/PieClam/experiments/../trainer_directed.py:460:::  

train_model_on_params on bigclam citeseer 
took 124.59916615486145 seconds


/mnt/home/jcervino/Github/CoraCiteseer/PieClam/experiments/optimization_utils_directed.py:663:::  
Repetition no. 2


/mnt/home/jcervino/Github/CoraCiteseer/PieClam/experiments/../trainer_directed.py:158:::  

Using dataset specific configuration and not global 




/mnt/home/jcervino/Github/CoraCiteseer/PieClam/experiments/../trainer_directed.py:337:::  

In function train. 
2025-12-21 02:52:46 starting optimization of bigclam on citeseer (DIRECTED) on device cuda

 configs_dict: 
{
    "clamiter_init": {
        "dim_feat": 100,
        "dim_attr": 100,
        "s_reg": 0.1,
        "l1_reg": 1,
        "T": 1,
        "hidden_dim": 64,
        "num_coupling_blocks": 32,
        "num_layers_mlp": 2
    },
    "feat_opt": {
        "lr": 0.001,
        "n_iter": 7000,
        "early_stop": 0
    }
}


/mnt/home/jcervino/Github/CoraCiteseer/PieClam/experiments/../clamiter_directed.py:440:::  
staring fit_feats for 7000 iterations


/mnt/home/jcervino/Github/CoraCiteseer/PieClam/experiments/../trainer_directed.py:444:::  



FINISHED train 
 last accuracies:
test
key='auc': 0.5
val
auc: None




/mnt/home/jcervino/Github/CoraCiteseer/PieClam/experiments/../trainer_directed.py:460:::  

train_model_on_params on bigclam citeseer 
took 124.24977469444275 seconds


/mnt/home/jcervino/Github/CoraCiteseer/PieClam/experiments/optimization_utils_directed.py:663:::  
Repetition no. 0


/mnt/home/jcervino/Github/CoraCiteseer/PieClam/experiments/../trainer_directed.py:158:::  

Using dataset specific configuration and not global 




/mnt/home/jcervino/Github/CoraCiteseer/PieClam/experiments/../trainer_directed.py:337:::  

In function train. 
2025-12-21 02:54:51 starting optimization of bigclam on citeseer (DIRECTED) on device cuda

 configs_dict: 
{
    "clamiter_init": {
        "dim_feat": 200,
        "dim_attr": 100,
        "s_reg": 0.1,
        "l1_reg": 1,
        "T": 1,
        "hidden_dim": 64,
        "num_coupling_blocks": 32,
        "num_layers_mlp": 2
    },
    "feat_opt": {
        "lr": 0.001,
        "n_iter": 7000,
        "early_stop": 0
    }
}


/mnt/home/jcervino/Github/CoraCiteseer/PieClam/experiments/../clamiter_directed.py:440:::  
staring fit_feats for 7000 iterations


/mnt/home/jcervino/Github/CoraCiteseer/PieClam/experiments/../trainer_directed.py:444:::  



FINISHED train 
 last accuracies:
test
key='auc': 0.5
val
auc: None




/mnt/home/jcervino/Github/CoraCiteseer/PieClam/experiments/../trainer_directed.py:460:::  

train_model_on_params on bigclam citeseer 
took 123.46506786346436 seconds


/mnt/home/jcervino/Github/CoraCiteseer/PieClam/experiments/optimization_utils_directed.py:663:::  
Repetition no. 1


/mnt/home/jcervino/Github/CoraCiteseer/PieClam/experiments/../trainer_directed.py:158:::  

Using dataset specific configuration and not global 




/mnt/home/jcervino/Github/CoraCiteseer/PieClam/experiments/../trainer_directed.py:337:::  

In function train. 
2025-12-21 02:56:55 starting optimization of bigclam on citeseer (DIRECTED) on device cuda

 configs_dict: 
{
    "clamiter_init": {
        "dim_feat": 200,
        "dim_attr": 100,
        "s_reg": 0.1,
        "l1_reg": 1,
        "T": 1,
        "hidden_dim": 64,
        "num_coupling_blocks": 32,
        "num_layers_mlp": 2
    },
    "feat_opt": {
        "lr": 0.001,
        "n_iter": 7000,
        "early_stop": 0
    }
}


/mnt/home/jcervino/Github/CoraCiteseer/PieClam/experiments/../clamiter_directed.py:440:::  
staring fit_feats for 7000 iterations


/mnt/home/jcervino/Github/CoraCiteseer/PieClam/experiments/../trainer_directed.py:444:::  



FINISHED train 
 last accuracies:
test
key='auc': 0.5
val
auc: None




/mnt/home/jcervino/Github/CoraCiteseer/PieClam/experiments/../trainer_directed.py:460:::  

train_model_on_params on bigclam citeseer 
took 124.0746910572052 seconds


/mnt/home/jcervino/Github/CoraCiteseer/PieClam/experiments/optimization_utils_directed.py:663:::  
Repetition no. 2


/mnt/home/jcervino/Github/CoraCiteseer/PieClam/experiments/../trainer_directed.py:158:::  

Using dataset specific configuration and not global 




/mnt/home/jcervino/Github/CoraCiteseer/PieClam/experiments/../trainer_directed.py:337:::  

In function train. 
2025-12-21 02:58:59 starting optimization of bigclam on citeseer (DIRECTED) on device cuda

 configs_dict: 
{
    "clamiter_init": {
        "dim_feat": 200,
        "dim_attr": 100,
        "s_reg": 0.1,
        "l1_reg": 1,
        "T": 1,
        "hidden_dim": 64,
        "num_coupling_blocks": 32,
        "num_layers_mlp": 2
    },
    "feat_opt": {
        "lr": 0.001,
        "n_iter": 7000,
        "early_stop": 0
    }
}


/mnt/home/jcervino/Github/CoraCiteseer/PieClam/experiments/../clamiter_directed.py:440:::  
staring fit_feats for 7000 iterations


/mnt/home/jcervino/Github/CoraCiteseer/PieClam/experiments/../trainer_directed.py:444:::  



FINISHED train 
 last accuracies:
test
key='auc': 0.5
val
auc: None




/mnt/home/jcervino/Github/CoraCiteseer/PieClam/experiments/../trainer_directed.py:460:::  

train_model_on_params on bigclam citeseer 
took 93.05937647819519 seconds


/mnt/home/jcervino/Github/CoraCiteseer/PieClam/experiments/optimization_utils_directed.py:663:::  
Repetition no. 0


/mnt/home/jcervino/Github/CoraCiteseer/PieClam/experiments/../trainer_directed.py:158:::  

Using dataset specific configuration and not global 




/mnt/home/jcervino/Github/CoraCiteseer/PieClam/experiments/../trainer_directed.py:337:::  

In function train. 
2025-12-21 03:00:32 starting optimization of bigclam on citeseer (DIRECTED) on device cuda

 configs_dict: 
{
    "clamiter_init": {
        "dim_feat": 48,
        "dim_attr": 100,
        "s_reg": 0.0,
        "l1_reg": 1,
        "T": 1,
        "hidden_dim": 64,
        "num_coupling_blocks": 32,
        "num_layers_mlp": 2
    },
    "feat_opt": {
        "lr": 0.0001,
        "n_iter": 2000,
        "early_stop": 0
    }
}


/mnt/home/jcervino/Github/CoraCiteseer/PieClam/experiments/../clamiter_directed.py:440:::  
staring fit_feats for 2000 iterations


/mnt/home/jcervino/Github/CoraCiteseer/PieClam/experiments/../trainer_directed.py:444:::  



FINISHED train 
 last accuracies:
test
key='auc': 0.5664669403441349
val
auc: None




/mnt/home/jcervino/Github/CoraCiteseer/PieClam/experiments/../trainer_directed.py:460:::  

train_model_on_params on bigclam citeseer 
took 21.7368905544281 seconds


/mnt/home/jcervino/Github/CoraCiteseer/PieClam/experiments/optimization_utils_directed.py:663:::  
Repetition no. 1


/mnt/home/jcervino/Github/CoraCiteseer/PieClam/experiments/../trainer_directed.py:158:::  

Using dataset specific configuration and not global 




/mnt/home/jcervino/Github/CoraCiteseer/PieClam/experiments/../trainer_directed.py:337:::  

In function train. 
2025-12-21 03:00:54 starting optimization of bigclam on citeseer (DIRECTED) on device cuda

 configs_dict: 
{
    "clamiter_init": {
        "dim_feat": 48,
        "dim_attr": 100,
        "s_reg": 0.0,
        "l1_reg": 1,
        "T": 1,
        "hidden_dim": 64,
        "num_coupling_blocks": 32,
        "num_layers_mlp": 2
    },
    "feat_opt": {
        "lr": 0.0001,
        "n_iter": 2000,
        "early_stop": 0
    }
}


/mnt/home/jcervino/Github/CoraCiteseer/PieClam/experiments/../clamiter_directed.py:440:::  
staring fit_feats for 2000 iterations


/mnt/home/jcervino/Github/CoraCiteseer/PieClam/experiments/../trainer_directed.py:444:::  



FINISHED train 
 last accuracies:
test
key='auc': 0.5856511485719276
val
auc: None




/mnt/home/jcervino/Github/CoraCiteseer/PieClam/experiments/../trainer_directed.py:460:::  

train_model_on_params on bigclam citeseer 
took 16.052361726760864 seconds


/mnt/home/jcervino/Github/CoraCiteseer/PieClam/experiments/optimization_utils_directed.py:663:::  
Repetition no. 2


/mnt/home/jcervino/Github/CoraCiteseer/PieClam/experiments/../trainer_directed.py:158:::  

Using dataset specific configuration and not global 




/mnt/home/jcervino/Github/CoraCiteseer/PieClam/experiments/../trainer_directed.py:337:::  

In function train. 
2025-12-21 03:01:10 starting optimization of bigclam on citeseer (DIRECTED) on device cuda

 configs_dict: 
{
    "clamiter_init": {
        "dim_feat": 48,
        "dim_attr": 100,
        "s_reg": 0.0,
        "l1_reg": 1,
        "T": 1,
        "hidden_dim": 64,
        "num_coupling_blocks": 32,
        "num_layers_mlp": 2
    },
    "feat_opt": {
        "lr": 0.0001,
        "n_iter": 2000,
        "early_stop": 0
    }
}


/mnt/home/jcervino/Github/CoraCiteseer/PieClam/experiments/../clamiter_directed.py:440:::  
staring fit_feats for 2000 iterations


/mnt/home/jcervino/Github/CoraCiteseer/PieClam/experiments/../trainer_directed.py:444:::  



FINISHED train 
 last accuracies:
test
key='auc': 0.601991440300463
val
auc: None




/mnt/home/jcervino/Github/CoraCiteseer/PieClam/experiments/../trainer_directed.py:460:::  

train_model_on_params on bigclam citeseer 
took 20.801549196243286 seconds


/mnt/home/jcervino/Github/CoraCiteseer/PieClam/experiments/optimization_utils_directed.py:663:::  
Repetition no. 0


/mnt/home/jcervino/Github/CoraCiteseer/PieClam/experiments/../trainer_directed.py:158:::  

Using dataset specific configuration and not global 




/mnt/home/jcervino/Github/CoraCiteseer/PieClam/experiments/../trainer_directed.py:337:::  

In function train. 
2025-12-21 03:01:31 starting optimization of bigclam on citeseer (DIRECTED) on device cuda

 configs_dict: 
{
    "clamiter_init": {
        "dim_feat": 48,
        "dim_attr": 100,
        "s_reg": 0.1,
        "l1_reg": 1,
        "T": 1,
        "hidden_dim": 64,
        "num_coupling_blocks": 32,
        "num_layers_mlp": 2
    },
    "feat_opt": {
        "lr": 0.001,
        "n_iter": 2000,
        "early_stop": 0
    }
}


/mnt/home/jcervino/Github/CoraCiteseer/PieClam/experiments/../clamiter_directed.py:440:::  
staring fit_feats for 2000 iterations


/mnt/home/jcervino/Github/CoraCiteseer/PieClam/experiments/../trainer_directed.py:444:::  



FINISHED train 
 last accuracies:
test
key='auc': 0.5
val
auc: None




/mnt/home/jcervino/Github/CoraCiteseer/PieClam/experiments/../trainer_directed.py:460:::  

train_model_on_params on bigclam citeseer 
took 35.47834253311157 seconds


/mnt/home/jcervino/Github/CoraCiteseer/PieClam/experiments/optimization_utils_directed.py:663:::  
Repetition no. 1


/mnt/home/jcervino/Github/CoraCiteseer/PieClam/experiments/../trainer_directed.py:158:::  

Using dataset specific configuration and not global 




/mnt/home/jcervino/Github/CoraCiteseer/PieClam/experiments/../trainer_directed.py:337:::  

In function train. 
2025-12-21 03:02:07 starting optimization of bigclam on citeseer (DIRECTED) on device cuda

 configs_dict: 
{
    "clamiter_init": {
        "dim_feat": 48,
        "dim_attr": 100,
        "s_reg": 0.1,
        "l1_reg": 1,
        "T": 1,
        "hidden_dim": 64,
        "num_coupling_blocks": 32,
        "num_layers_mlp": 2
    },
    "feat_opt": {
        "lr": 0.001,
        "n_iter": 2000,
        "early_stop": 0
    }
}


/mnt/home/jcervino/Github/CoraCiteseer/PieClam/experiments/../clamiter_directed.py:440:::  
staring fit_feats for 2000 iterations


/mnt/home/jcervino/Github/CoraCiteseer/PieClam/experiments/../trainer_directed.py:444:::  



FINISHED train 
 last accuracies:
test
key='auc': 0.5
val
auc: None




/mnt/home/jcervino/Github/CoraCiteseer/PieClam/experiments/../trainer_directed.py:460:::  

train_model_on_params on bigclam citeseer 
took 35.10530972480774 seconds


/mnt/home/jcervino/Github/CoraCiteseer/PieClam/experiments/optimization_utils_directed.py:663:::  
Repetition no. 2


/mnt/home/jcervino/Github/CoraCiteseer/PieClam/experiments/../trainer_directed.py:158:::  

Using dataset specific configuration and not global 




/mnt/home/jcervino/Github/CoraCiteseer/PieClam/experiments/../trainer_directed.py:337:::  

In function train. 
2025-12-21 03:02:43 starting optimization of bigclam on citeseer (DIRECTED) on device cuda

 configs_dict: 
{
    "clamiter_init": {
        "dim_feat": 48,
        "dim_attr": 100,
        "s_reg": 0.1,
        "l1_reg": 1,
        "T": 1,
        "hidden_dim": 64,
        "num_coupling_blocks": 32,
        "num_layers_mlp": 2
    },
    "feat_opt": {
        "lr": 0.001,
        "n_iter": 2000,
        "early_stop": 0
    }
}


/mnt/home/jcervino/Github/CoraCiteseer/PieClam/experiments/../clamiter_directed.py:440:::  
staring fit_feats for 2000 iterations


/mnt/home/jcervino/Github/CoraCiteseer/PieClam/experiments/../trainer_directed.py:444:::  



FINISHED train 
 last accuracies:
test
key='auc': 0.5
val
auc: None




/mnt/home/jcervino/Github/CoraCiteseer/PieClam/experiments/../trainer_directed.py:460:::  

train_model_on_params on bigclam citeseer 
took 20.914550304412842 seconds


/mnt/home/jcervino/Github/CoraCiteseer/PieClam/experiments/optimization_utils_directed.py:663:::  
Repetition no. 0


/mnt/home/jcervino/Github/CoraCiteseer/PieClam/experiments/../trainer_directed.py:158:::  

Using dataset specific configuration and not global 




/mnt/home/jcervino/Github/CoraCiteseer/PieClam/experiments/../trainer_directed.py:337:::  

In function train. 
2025-12-21 03:03:04 starting optimization of bigclam on citeseer (DIRECTED) on device cuda

 configs_dict: 
{
    "clamiter_init": {
        "dim_feat": 100,
        "dim_attr": 100,
        "s_reg": 0.1,
        "l1_reg": 1,
        "T": 1,
        "hidden_dim": 64,
        "num_coupling_blocks": 32,
        "num_layers_mlp": 2
    },
    "feat_opt": {
        "lr": 1e-05,
        "n_iter": 2000,
        "early_stop": 0
    }
}


/mnt/home/jcervino/Github/CoraCiteseer/PieClam/experiments/../clamiter_directed.py:440:::  
staring fit_feats for 2000 iterations


/mnt/home/jcervino/Github/CoraCiteseer/PieClam/experiments/../trainer_directed.py:444:::  



FINISHED train 
 last accuracies:
test
key='auc': 0.6055760328412962
val
auc: None




/mnt/home/jcervino/Github/CoraCiteseer/PieClam/experiments/../trainer_directed.py:460:::  

train_model_on_params on bigclam citeseer 
took 16.567262172698975 seconds


/mnt/home/jcervino/Github/CoraCiteseer/PieClam/experiments/optimization_utils_directed.py:663:::  
Repetition no. 1


/mnt/home/jcervino/Github/CoraCiteseer/PieClam/experiments/../trainer_directed.py:158:::  

Using dataset specific configuration and not global 




/mnt/home/jcervino/Github/CoraCiteseer/PieClam/experiments/../trainer_directed.py:337:::  

In function train. 
2025-12-21 03:03:20 starting optimization of bigclam on citeseer (DIRECTED) on device cuda

 configs_dict: 
{
    "clamiter_init": {
        "dim_feat": 100,
        "dim_attr": 100,
        "s_reg": 0.1,
        "l1_reg": 1,
        "T": 1,
        "hidden_dim": 64,
        "num_coupling_blocks": 32,
        "num_layers_mlp": 2
    },
    "feat_opt": {
        "lr": 1e-05,
        "n_iter": 2000,
        "early_stop": 0
    }
}


/mnt/home/jcervino/Github/CoraCiteseer/PieClam/experiments/../clamiter_directed.py:440:::  
staring fit_feats for 2000 iterations


/mnt/home/jcervino/Github/CoraCiteseer/PieClam/experiments/../trainer_directed.py:444:::  



FINISHED train 
 last accuracies:
test
key='auc': 0.6161009695169885
val
auc: None




/mnt/home/jcervino/Github/CoraCiteseer/PieClam/experiments/../trainer_directed.py:460:::  

train_model_on_params on bigclam citeseer 
took 26.02202534675598 seconds


/mnt/home/jcervino/Github/CoraCiteseer/PieClam/experiments/optimization_utils_directed.py:663:::  
Repetition no. 2


/mnt/home/jcervino/Github/CoraCiteseer/PieClam/experiments/../trainer_directed.py:158:::  

Using dataset specific configuration and not global 




/mnt/home/jcervino/Github/CoraCiteseer/PieClam/experiments/../trainer_directed.py:337:::  

In function train. 
2025-12-21 03:03:47 starting optimization of bigclam on citeseer (DIRECTED) on device cuda

 configs_dict: 
{
    "clamiter_init": {
        "dim_feat": 100,
        "dim_attr": 100,
        "s_reg": 0.1,
        "l1_reg": 1,
        "T": 1,
        "hidden_dim": 64,
        "num_coupling_blocks": 32,
        "num_layers_mlp": 2
    },
    "feat_opt": {
        "lr": 1e-05,
        "n_iter": 2000,
        "early_stop": 0
    }
}


/mnt/home/jcervino/Github/CoraCiteseer/PieClam/experiments/../clamiter_directed.py:440:::  
staring fit_feats for 2000 iterations


/mnt/home/jcervino/Github/CoraCiteseer/PieClam/experiments/../trainer_directed.py:444:::  



FINISHED train 
 last accuracies:
test
key='auc': 0.6318560572975805
val
auc: None




/mnt/home/jcervino/Github/CoraCiteseer/PieClam/experiments/../trainer_directed.py:460:::  

train_model_on_params on bigclam citeseer 
took 18.44107484817505 seconds


/mnt/home/jcervino/Github/CoraCiteseer/PieClam/experiments/optimization_utils_directed.py:663:::  
Repetition no. 0


/mnt/home/jcervino/Github/CoraCiteseer/PieClam/experiments/../trainer_directed.py:158:::  

Using dataset specific configuration and not global 




/mnt/home/jcervino/Github/CoraCiteseer/PieClam/experiments/../trainer_directed.py:337:::  

In function train. 
2025-12-21 03:04:05 starting optimization of bigclam on citeseer (DIRECTED) on device cuda

 configs_dict: 
{
    "clamiter_init": {
        "dim_feat": 48,
        "dim_attr": 100,
        "s_reg": 0.0,
        "l1_reg": 1,
        "T": 1,
        "hidden_dim": 64,
        "num_coupling_blocks": 32,
        "num_layers_mlp": 2
    },
    "feat_opt": {
        "lr": 0.0001,
        "n_iter": 5000,
        "early_stop": 0
    }
}


/mnt/home/jcervino/Github/CoraCiteseer/PieClam/experiments/../clamiter_directed.py:440:::  
staring fit_feats for 5000 iterations


/mnt/home/jcervino/Github/CoraCiteseer/PieClam/experiments/../trainer_directed.py:444:::  



FINISHED train 
 last accuracies:
test
key='auc': 0.594411739016508
val
auc: None




/mnt/home/jcervino/Github/CoraCiteseer/PieClam/experiments/../trainer_directed.py:460:::  

train_model_on_params on bigclam citeseer 
took 87.33859658241272 seconds


/mnt/home/jcervino/Github/CoraCiteseer/PieClam/experiments/optimization_utils_directed.py:663:::  
Repetition no. 1


/mnt/home/jcervino/Github/CoraCiteseer/PieClam/experiments/../trainer_directed.py:158:::  

Using dataset specific configuration and not global 




/mnt/home/jcervino/Github/CoraCiteseer/PieClam/experiments/../trainer_directed.py:337:::  

In function train. 
2025-12-21 03:05:33 starting optimization of bigclam on citeseer (DIRECTED) on device cuda

 configs_dict: 
{
    "clamiter_init": {
        "dim_feat": 48,
        "dim_attr": 100,
        "s_reg": 0.0,
        "l1_reg": 1,
        "T": 1,
        "hidden_dim": 64,
        "num_coupling_blocks": 32,
        "num_layers_mlp": 2
    },
    "feat_opt": {
        "lr": 0.0001,
        "n_iter": 5000,
        "early_stop": 0
    }
}


/mnt/home/jcervino/Github/CoraCiteseer/PieClam/experiments/../clamiter_directed.py:440:::  
staring fit_feats for 5000 iterations


/mnt/home/jcervino/Github/CoraCiteseer/PieClam/experiments/../trainer_directed.py:444:::  



FINISHED train 
 last accuracies:
test
key='auc': 0.5891466503624772
val
auc: None




/mnt/home/jcervino/Github/CoraCiteseer/PieClam/experiments/../trainer_directed.py:460:::  

train_model_on_params on bigclam citeseer 
took 82.71827363967896 seconds


/mnt/home/jcervino/Github/CoraCiteseer/PieClam/experiments/optimization_utils_directed.py:663:::  
Repetition no. 2


/mnt/home/jcervino/Github/CoraCiteseer/PieClam/experiments/../trainer_directed.py:158:::  

Using dataset specific configuration and not global 




/mnt/home/jcervino/Github/CoraCiteseer/PieClam/experiments/../trainer_directed.py:337:::  

In function train. 
2025-12-21 03:06:56 starting optimization of bigclam on citeseer (DIRECTED) on device cuda

 configs_dict: 
{
    "clamiter_init": {
        "dim_feat": 48,
        "dim_attr": 100,
        "s_reg": 0.0,
        "l1_reg": 1,
        "T": 1,
        "hidden_dim": 64,
        "num_coupling_blocks": 32,
        "num_layers_mlp": 2
    },
    "feat_opt": {
        "lr": 0.0001,
        "n_iter": 5000,
        "early_stop": 0
    }
}


/mnt/home/jcervino/Github/CoraCiteseer/PieClam/experiments/../clamiter_directed.py:440:::  
staring fit_feats for 5000 iterations


/mnt/home/jcervino/Github/CoraCiteseer/PieClam/experiments/../trainer_directed.py:444:::  



FINISHED train 
 last accuracies:
test
key='auc': 0.5844615250240195
val
auc: None




/mnt/home/jcervino/Github/CoraCiteseer/PieClam/experiments/../trainer_directed.py:460:::  

train_model_on_params on bigclam citeseer 
took 88.02350354194641 seconds


/mnt/home/jcervino/Github/CoraCiteseer/PieClam/experiments/optimization_utils_directed.py:663:::  
Repetition no. 0


/mnt/home/jcervino/Github/CoraCiteseer/PieClam/experiments/../trainer_directed.py:158:::  

Using dataset specific configuration and not global 




/mnt/home/jcervino/Github/CoraCiteseer/PieClam/experiments/../trainer_directed.py:337:::  

In function train. 
2025-12-21 03:08:24 starting optimization of bigclam on citeseer (DIRECTED) on device cuda

 configs_dict: 
{
    "clamiter_init": {
        "dim_feat": 48,
        "dim_attr": 100,
        "s_reg": 0.1,
        "l1_reg": 1,
        "T": 1,
        "hidden_dim": 64,
        "num_coupling_blocks": 32,
        "num_layers_mlp": 2
    },
    "feat_opt": {
        "lr": 1e-05,
        "n_iter": 7000,
        "early_stop": 0
    }
}


/mnt/home/jcervino/Github/CoraCiteseer/PieClam/experiments/../clamiter_directed.py:440:::  
staring fit_feats for 7000 iterations


/mnt/home/jcervino/Github/CoraCiteseer/PieClam/experiments/../trainer_directed.py:444:::  



FINISHED train 
 last accuracies:
test
key='auc': 0.579152764433575
val
auc: None




/mnt/home/jcervino/Github/CoraCiteseer/PieClam/experiments/../trainer_directed.py:460:::  

train_model_on_params on bigclam citeseer 
took 118.66549372673035 seconds


/mnt/home/jcervino/Github/CoraCiteseer/PieClam/experiments/optimization_utils_directed.py:663:::  
Repetition no. 1


/mnt/home/jcervino/Github/CoraCiteseer/PieClam/experiments/../trainer_directed.py:158:::  

Using dataset specific configuration and not global 




/mnt/home/jcervino/Github/CoraCiteseer/PieClam/experiments/../trainer_directed.py:337:::  

In function train. 
2025-12-21 03:10:23 starting optimization of bigclam on citeseer (DIRECTED) on device cuda

 configs_dict: 
{
    "clamiter_init": {
        "dim_feat": 48,
        "dim_attr": 100,
        "s_reg": 0.1,
        "l1_reg": 1,
        "T": 1,
        "hidden_dim": 64,
        "num_coupling_blocks": 32,
        "num_layers_mlp": 2
    },
    "feat_opt": {
        "lr": 1e-05,
        "n_iter": 7000,
        "early_stop": 0
    }
}


/mnt/home/jcervino/Github/CoraCiteseer/PieClam/experiments/../clamiter_directed.py:440:::  
staring fit_feats for 7000 iterations


/mnt/home/jcervino/Github/CoraCiteseer/PieClam/experiments/../trainer_directed.py:444:::  



FINISHED train 
 last accuracies:
test
key='auc': 0.5865682592366146
val
auc: None




/mnt/home/jcervino/Github/CoraCiteseer/PieClam/experiments/../trainer_directed.py:460:::  

train_model_on_params on bigclam citeseer 
took 123.56250429153442 seconds


/mnt/home/jcervino/Github/CoraCiteseer/PieClam/experiments/optimization_utils_directed.py:663:::  
Repetition no. 2


/mnt/home/jcervino/Github/CoraCiteseer/PieClam/experiments/../trainer_directed.py:158:::  

Using dataset specific configuration and not global 




/mnt/home/jcervino/Github/CoraCiteseer/PieClam/experiments/../trainer_directed.py:337:::  

In function train. 
2025-12-21 03:12:27 starting optimization of bigclam on citeseer (DIRECTED) on device cuda

 configs_dict: 
{
    "clamiter_init": {
        "dim_feat": 48,
        "dim_attr": 100,
        "s_reg": 0.1,
        "l1_reg": 1,
        "T": 1,
        "hidden_dim": 64,
        "num_coupling_blocks": 32,
        "num_layers_mlp": 2
    },
    "feat_opt": {
        "lr": 1e-05,
        "n_iter": 7000,
        "early_stop": 0
    }
}


/mnt/home/jcervino/Github/CoraCiteseer/PieClam/experiments/../clamiter_directed.py:440:::  
staring fit_feats for 7000 iterations


/mnt/home/jcervino/Github/CoraCiteseer/PieClam/experiments/../trainer_directed.py:444:::  



FINISHED train 
 last accuracies:
test
key='auc': 0.5719503886802341
val
auc: None




/mnt/home/jcervino/Github/CoraCiteseer/PieClam/experiments/../trainer_directed.py:460:::  

train_model_on_params on bigclam citeseer 
took 119.83387160301208 seconds


/mnt/home/jcervino/Github/CoraCiteseer/PieClam/experiments/optimization_utils_directed.py:663:::  
Repetition no. 0


/mnt/home/jcervino/Github/CoraCiteseer/PieClam/experiments/../trainer_directed.py:158:::  

Using dataset specific configuration and not global 




/mnt/home/jcervino/Github/CoraCiteseer/PieClam/experiments/../trainer_directed.py:337:::  

In function train. 
2025-12-21 03:14:27 starting optimization of bigclam on citeseer (DIRECTED) on device cuda

 configs_dict: 
{
    "clamiter_init": {
        "dim_feat": 100,
        "dim_attr": 100,
        "s_reg": 0.1,
        "l1_reg": 1,
        "T": 1,
        "hidden_dim": 64,
        "num_coupling_blocks": 32,
        "num_layers_mlp": 2
    },
    "feat_opt": {
        "lr": 1e-05,
        "n_iter": 7000,
        "early_stop": 0
    }
}


/mnt/home/jcervino/Github/CoraCiteseer/PieClam/experiments/../clamiter_directed.py:440:::  
staring fit_feats for 7000 iterations


/mnt/home/jcervino/Github/CoraCiteseer/PieClam/experiments/../trainer_directed.py:444:::  



FINISHED train 
 last accuracies:
test
key='auc': 0.5907188400733687
val
auc: None




/mnt/home/jcervino/Github/CoraCiteseer/PieClam/experiments/../trainer_directed.py:460:::  

train_model_on_params on bigclam citeseer 
took 124.10759091377258 seconds


/mnt/home/jcervino/Github/CoraCiteseer/PieClam/experiments/optimization_utils_directed.py:663:::  
Repetition no. 1


/mnt/home/jcervino/Github/CoraCiteseer/PieClam/experiments/../trainer_directed.py:158:::  

Using dataset specific configuration and not global 




/mnt/home/jcervino/Github/CoraCiteseer/PieClam/experiments/../trainer_directed.py:337:::  

In function train. 
2025-12-21 03:16:32 starting optimization of bigclam on citeseer (DIRECTED) on device cuda

 configs_dict: 
{
    "clamiter_init": {
        "dim_feat": 100,
        "dim_attr": 100,
        "s_reg": 0.1,
        "l1_reg": 1,
        "T": 1,
        "hidden_dim": 64,
        "num_coupling_blocks": 32,
        "num_layers_mlp": 2
    },
    "feat_opt": {
        "lr": 1e-05,
        "n_iter": 7000,
        "early_stop": 0
    }
}


/mnt/home/jcervino/Github/CoraCiteseer/PieClam/experiments/../clamiter_directed.py:440:::  
staring fit_feats for 7000 iterations


/mnt/home/jcervino/Github/CoraCiteseer/PieClam/experiments/../trainer_directed.py:444:::  



FINISHED train 
 last accuracies:
test
key='auc': 0.5742091012315486
val
auc: None




/mnt/home/jcervino/Github/CoraCiteseer/PieClam/experiments/../trainer_directed.py:460:::  

train_model_on_params on bigclam citeseer 
took 123.88262438774109 seconds


/mnt/home/jcervino/Github/CoraCiteseer/PieClam/experiments/optimization_utils_directed.py:663:::  
Repetition no. 2


/mnt/home/jcervino/Github/CoraCiteseer/PieClam/experiments/../trainer_directed.py:158:::  

Using dataset specific configuration and not global 




/mnt/home/jcervino/Github/CoraCiteseer/PieClam/experiments/../trainer_directed.py:337:::  

In function train. 
2025-12-21 03:18:36 starting optimization of bigclam on citeseer (DIRECTED) on device cuda

 configs_dict: 
{
    "clamiter_init": {
        "dim_feat": 100,
        "dim_attr": 100,
        "s_reg": 0.1,
        "l1_reg": 1,
        "T": 1,
        "hidden_dim": 64,
        "num_coupling_blocks": 32,
        "num_layers_mlp": 2
    },
    "feat_opt": {
        "lr": 1e-05,
        "n_iter": 7000,
        "early_stop": 0
    }
}


/mnt/home/jcervino/Github/CoraCiteseer/PieClam/experiments/../clamiter_directed.py:440:::  
staring fit_feats for 7000 iterations


/mnt/home/jcervino/Github/CoraCiteseer/PieClam/experiments/../trainer_directed.py:444:::  



FINISHED train 
 last accuracies:
test
key='auc': 0.5929076775264216
val
auc: None




/mnt/home/jcervino/Github/CoraCiteseer/PieClam/experiments/../trainer_directed.py:460:::  

train_model_on_params on bigclam citeseer 
took 123.03024053573608 seconds


/mnt/home/jcervino/Github/CoraCiteseer/PieClam/experiments/optimization_utils_directed.py:663:::  
Repetition no. 0


/mnt/home/jcervino/Github/CoraCiteseer/PieClam/experiments/../trainer_directed.py:158:::  

Using dataset specific configuration and not global 




/mnt/home/jcervino/Github/CoraCiteseer/PieClam/experiments/../trainer_directed.py:337:::  

In function train. 
2025-12-21 03:20:39 starting optimization of bigclam on citeseer (DIRECTED) on device cuda

 configs_dict: 
{
    "clamiter_init": {
        "dim_feat": 48,
        "dim_attr": 100,
        "s_reg": 0.0,
        "l1_reg": 1,
        "T": 1,
        "hidden_dim": 64,
        "num_coupling_blocks": 32,
        "num_layers_mlp": 2
    },
    "feat_opt": {
        "lr": 0.001,
        "n_iter": 7000,
        "early_stop": 0
    }
}


/mnt/home/jcervino/Github/CoraCiteseer/PieClam/experiments/../clamiter_directed.py:440:::  
staring fit_feats for 7000 iterations


/mnt/home/jcervino/Github/CoraCiteseer/PieClam/experiments/../trainer_directed.py:444:::  



FINISHED train 
 last accuracies:
test
key='auc': 0.5
val
auc: None




/mnt/home/jcervino/Github/CoraCiteseer/PieClam/experiments/../trainer_directed.py:460:::  

train_model_on_params on bigclam citeseer 
took 97.75091648101807 seconds


/mnt/home/jcervino/Github/CoraCiteseer/PieClam/experiments/optimization_utils_directed.py:663:::  
Repetition no. 1


/mnt/home/jcervino/Github/CoraCiteseer/PieClam/experiments/../trainer_directed.py:158:::  

Using dataset specific configuration and not global 




/mnt/home/jcervino/Github/CoraCiteseer/PieClam/experiments/../trainer_directed.py:337:::  

In function train. 
2025-12-21 03:22:18 starting optimization of bigclam on citeseer (DIRECTED) on device cuda

 configs_dict: 
{
    "clamiter_init": {
        "dim_feat": 48,
        "dim_attr": 100,
        "s_reg": 0.0,
        "l1_reg": 1,
        "T": 1,
        "hidden_dim": 64,
        "num_coupling_blocks": 32,
        "num_layers_mlp": 2
    },
    "feat_opt": {
        "lr": 0.001,
        "n_iter": 7000,
        "early_stop": 0
    }
}


/mnt/home/jcervino/Github/CoraCiteseer/PieClam/experiments/../clamiter_directed.py:440:::  
staring fit_feats for 7000 iterations


/mnt/home/jcervino/Github/CoraCiteseer/PieClam/experiments/../trainer_directed.py:444:::  



FINISHED train 
 last accuracies:
test
key='auc': 0.5
val
auc: None




/mnt/home/jcervino/Github/CoraCiteseer/PieClam/experiments/../trainer_directed.py:460:::  

train_model_on_params on bigclam citeseer 
took 123.23109722137451 seconds


/mnt/home/jcervino/Github/CoraCiteseer/PieClam/experiments/optimization_utils_directed.py:663:::  
Repetition no. 2


/mnt/home/jcervino/Github/CoraCiteseer/PieClam/experiments/../trainer_directed.py:158:::  

Using dataset specific configuration and not global 




/mnt/home/jcervino/Github/CoraCiteseer/PieClam/experiments/../trainer_directed.py:337:::  

In function train. 
2025-12-21 03:24:21 starting optimization of bigclam on citeseer (DIRECTED) on device cuda

 configs_dict: 
{
    "clamiter_init": {
        "dim_feat": 48,
        "dim_attr": 100,
        "s_reg": 0.0,
        "l1_reg": 1,
        "T": 1,
        "hidden_dim": 64,
        "num_coupling_blocks": 32,
        "num_layers_mlp": 2
    },
    "feat_opt": {
        "lr": 0.001,
        "n_iter": 7000,
        "early_stop": 0
    }
}


/mnt/home/jcervino/Github/CoraCiteseer/PieClam/experiments/../clamiter_directed.py:440:::  
staring fit_feats for 7000 iterations


/mnt/home/jcervino/Github/CoraCiteseer/PieClam/experiments/../trainer_directed.py:444:::  



FINISHED train 
 last accuracies:
test
key='auc': 0.5
val
auc: None




/mnt/home/jcervino/Github/CoraCiteseer/PieClam/experiments/../trainer_directed.py:460:::  

train_model_on_params on bigclam citeseer 
took 82.60956358909607 seconds


/mnt/home/jcervino/Github/CoraCiteseer/PieClam/experiments/optimization_utils_directed.py:663:::  
Repetition no. 0


/mnt/home/jcervino/Github/CoraCiteseer/PieClam/experiments/../trainer_directed.py:158:::  

Using dataset specific configuration and not global 




/mnt/home/jcervino/Github/CoraCiteseer/PieClam/experiments/../trainer_directed.py:337:::  

In function train. 
2025-12-21 03:25:44 starting optimization of bigclam on citeseer (DIRECTED) on device cuda

 configs_dict: 
{
    "clamiter_init": {
        "dim_feat": 48,
        "dim_attr": 100,
        "s_reg": 0.0,
        "l1_reg": 1,
        "T": 1,
        "hidden_dim": 64,
        "num_coupling_blocks": 32,
        "num_layers_mlp": 2
    },
    "feat_opt": {
        "lr": 0.0001,
        "n_iter": 7000,
        "early_stop": 0
    }
}


/mnt/home/jcervino/Github/CoraCiteseer/PieClam/experiments/../clamiter_directed.py:440:::  
staring fit_feats for 7000 iterations


/mnt/home/jcervino/Github/CoraCiteseer/PieClam/experiments/../trainer_directed.py:444:::  



FINISHED train 
 last accuracies:
test
key='auc': 0.5885596995370774
val
auc: None




/mnt/home/jcervino/Github/CoraCiteseer/PieClam/experiments/../trainer_directed.py:460:::  

train_model_on_params on bigclam citeseer 
took 102.04830431938171 seconds


/mnt/home/jcervino/Github/CoraCiteseer/PieClam/experiments/optimization_utils_directed.py:663:::  
Repetition no. 1


/mnt/home/jcervino/Github/CoraCiteseer/PieClam/experiments/../trainer_directed.py:158:::  

Using dataset specific configuration and not global 




/mnt/home/jcervino/Github/CoraCiteseer/PieClam/experiments/../trainer_directed.py:337:::  

In function train. 
2025-12-21 03:27:27 starting optimization of bigclam on citeseer (DIRECTED) on device cuda

 configs_dict: 
{
    "clamiter_init": {
        "dim_feat": 48,
        "dim_attr": 100,
        "s_reg": 0.0,
        "l1_reg": 1,
        "T": 1,
        "hidden_dim": 64,
        "num_coupling_blocks": 32,
        "num_layers_mlp": 2
    },
    "feat_opt": {
        "lr": 0.0001,
        "n_iter": 7000,
        "early_stop": 0
    }
}


/mnt/home/jcervino/Github/CoraCiteseer/PieClam/experiments/../clamiter_directed.py:440:::  
staring fit_feats for 7000 iterations


/mnt/home/jcervino/Github/CoraCiteseer/PieClam/experiments/../trainer_directed.py:444:::  



FINISHED train 
 last accuracies:
test
key='auc': 0.5743278888985938
val
auc: None




/mnt/home/jcervino/Github/CoraCiteseer/PieClam/experiments/../trainer_directed.py:460:::  

train_model_on_params on bigclam citeseer 
took 123.45726609230042 seconds


/mnt/home/jcervino/Github/CoraCiteseer/PieClam/experiments/optimization_utils_directed.py:663:::  
Repetition no. 2


/mnt/home/jcervino/Github/CoraCiteseer/PieClam/experiments/../trainer_directed.py:158:::  

Using dataset specific configuration and not global 




/mnt/home/jcervino/Github/CoraCiteseer/PieClam/experiments/../trainer_directed.py:337:::  

In function train. 
2025-12-21 03:29:30 starting optimization of bigclam on citeseer (DIRECTED) on device cuda

 configs_dict: 
{
    "clamiter_init": {
        "dim_feat": 48,
        "dim_attr": 100,
        "s_reg": 0.0,
        "l1_reg": 1,
        "T": 1,
        "hidden_dim": 64,
        "num_coupling_blocks": 32,
        "num_layers_mlp": 2
    },
    "feat_opt": {
        "lr": 0.0001,
        "n_iter": 7000,
        "early_stop": 0
    }
}


/mnt/home/jcervino/Github/CoraCiteseer/PieClam/experiments/../clamiter_directed.py:440:::  
staring fit_feats for 7000 iterations


/mnt/home/jcervino/Github/CoraCiteseer/PieClam/experiments/../trainer_directed.py:444:::  



FINISHED train 
 last accuracies:
test
key='auc': 0.5830797449558913
val
auc: None




/mnt/home/jcervino/Github/CoraCiteseer/PieClam/experiments/../trainer_directed.py:460:::  

train_model_on_params on bigclam citeseer 
took 122.6961305141449 seconds


/mnt/home/jcervino/Github/CoraCiteseer/PieClam/experiments/optimization_utils_directed.py:663:::  
Repetition no. 0


/mnt/home/jcervino/Github/CoraCiteseer/PieClam/experiments/../trainer_directed.py:158:::  

Using dataset specific configuration and not global 




/mnt/home/jcervino/Github/CoraCiteseer/PieClam/experiments/../trainer_directed.py:337:::  

In function train. 
2025-12-21 03:31:34 starting optimization of bigclam on citeseer (DIRECTED) on device cuda

 configs_dict: 
{
    "clamiter_init": {
        "dim_feat": 100,
        "dim_attr": 100,
        "s_reg": 0.0,
        "l1_reg": 1,
        "T": 1,
        "hidden_dim": 64,
        "num_coupling_blocks": 32,
        "num_layers_mlp": 2
    },
    "feat_opt": {
        "lr": 0.0001,
        "n_iter": 5000,
        "early_stop": 0
    }
}


/mnt/home/jcervino/Github/CoraCiteseer/PieClam/experiments/../clamiter_directed.py:440:::  
staring fit_feats for 5000 iterations


/mnt/home/jcervino/Github/CoraCiteseer/PieClam/experiments/../trainer_directed.py:444:::  



FINISHED train 
 last accuracies:
test
key='auc': 0.5694768102017643
val
auc: None




/mnt/home/jcervino/Github/CoraCiteseer/PieClam/experiments/../trainer_directed.py:460:::  

train_model_on_params on bigclam citeseer 
took 89.44962644577026 seconds


/mnt/home/jcervino/Github/CoraCiteseer/PieClam/experiments/optimization_utils_directed.py:663:::  
Repetition no. 1


/mnt/home/jcervino/Github/CoraCiteseer/PieClam/experiments/../trainer_directed.py:158:::  

Using dataset specific configuration and not global 




/mnt/home/jcervino/Github/CoraCiteseer/PieClam/experiments/../trainer_directed.py:337:::  

In function train. 
2025-12-21 03:33:03 starting optimization of bigclam on citeseer (DIRECTED) on device cuda

 configs_dict: 
{
    "clamiter_init": {
        "dim_feat": 100,
        "dim_attr": 100,
        "s_reg": 0.0,
        "l1_reg": 1,
        "T": 1,
        "hidden_dim": 64,
        "num_coupling_blocks": 32,
        "num_layers_mlp": 2
    },
    "feat_opt": {
        "lr": 0.0001,
        "n_iter": 5000,
        "early_stop": 0
    }
}


/mnt/home/jcervino/Github/CoraCiteseer/PieClam/experiments/../clamiter_directed.py:440:::  
staring fit_feats for 5000 iterations


/mnt/home/jcervino/Github/CoraCiteseer/PieClam/experiments/../trainer_directed.py:444:::  



FINISHED train 
 last accuracies:
test
key='auc': 0.5856336797973622
val
auc: None




/mnt/home/jcervino/Github/CoraCiteseer/PieClam/experiments/../trainer_directed.py:460:::  

train_model_on_params on bigclam citeseer 
took 88.86557793617249 seconds


/mnt/home/jcervino/Github/CoraCiteseer/PieClam/experiments/optimization_utils_directed.py:663:::  
Repetition no. 2


/mnt/home/jcervino/Github/CoraCiteseer/PieClam/experiments/../trainer_directed.py:158:::  

Using dataset specific configuration and not global 




/mnt/home/jcervino/Github/CoraCiteseer/PieClam/experiments/../trainer_directed.py:337:::  

In function train. 
2025-12-21 03:34:33 starting optimization of bigclam on citeseer (DIRECTED) on device cuda

 configs_dict: 
{
    "clamiter_init": {
        "dim_feat": 100,
        "dim_attr": 100,
        "s_reg": 0.0,
        "l1_reg": 1,
        "T": 1,
        "hidden_dim": 64,
        "num_coupling_blocks": 32,
        "num_layers_mlp": 2
    },
    "feat_opt": {
        "lr": 0.0001,
        "n_iter": 5000,
        "early_stop": 0
    }
}


/mnt/home/jcervino/Github/CoraCiteseer/PieClam/experiments/../clamiter_directed.py:440:::  
staring fit_feats for 5000 iterations


/mnt/home/jcervino/Github/CoraCiteseer/PieClam/experiments/../trainer_directed.py:444:::  



FINISHED train 
 last accuracies:
test
key='auc': 0.5720569482050833
val
auc: None




/mnt/home/jcervino/Github/CoraCiteseer/PieClam/experiments/../trainer_directed.py:460:::  

train_model_on_params on bigclam citeseer 
took 88.700510263443 seconds


/mnt/home/jcervino/Github/CoraCiteseer/PieClam/experiments/optimization_utils_directed.py:663:::  
Repetition no. 0


/mnt/home/jcervino/Github/CoraCiteseer/PieClam/experiments/../trainer_directed.py:158:::  

Using dataset specific configuration and not global 




/mnt/home/jcervino/Github/CoraCiteseer/PieClam/experiments/../trainer_directed.py:337:::  

In function train. 
2025-12-21 03:36:02 starting optimization of bigclam on citeseer (DIRECTED) on device cuda

 configs_dict: 
{
    "clamiter_init": {
        "dim_feat": 100,
        "dim_attr": 100,
        "s_reg": 0.0,
        "l1_reg": 1,
        "T": 1,
        "hidden_dim": 64,
        "num_coupling_blocks": 32,
        "num_layers_mlp": 2
    },
    "feat_opt": {
        "lr": 0.001,
        "n_iter": 7000,
        "early_stop": 0
    }
}


/mnt/home/jcervino/Github/CoraCiteseer/PieClam/experiments/../clamiter_directed.py:440:::  
staring fit_feats for 7000 iterations


/mnt/home/jcervino/Github/CoraCiteseer/PieClam/experiments/../trainer_directed.py:444:::  



FINISHED train 
 last accuracies:
test
key='auc': 0.5
val
auc: None




/mnt/home/jcervino/Github/CoraCiteseer/PieClam/experiments/../trainer_directed.py:460:::  

train_model_on_params on bigclam citeseer 
took 124.56786465644836 seconds


/mnt/home/jcervino/Github/CoraCiteseer/PieClam/experiments/optimization_utils_directed.py:663:::  
Repetition no. 1


/mnt/home/jcervino/Github/CoraCiteseer/PieClam/experiments/../trainer_directed.py:158:::  

Using dataset specific configuration and not global 




/mnt/home/jcervino/Github/CoraCiteseer/PieClam/experiments/../trainer_directed.py:337:::  

In function train. 
2025-12-21 03:38:07 starting optimization of bigclam on citeseer (DIRECTED) on device cuda

 configs_dict: 
{
    "clamiter_init": {
        "dim_feat": 100,
        "dim_attr": 100,
        "s_reg": 0.0,
        "l1_reg": 1,
        "T": 1,
        "hidden_dim": 64,
        "num_coupling_blocks": 32,
        "num_layers_mlp": 2
    },
    "feat_opt": {
        "lr": 0.001,
        "n_iter": 7000,
        "early_stop": 0
    }
}


/mnt/home/jcervino/Github/CoraCiteseer/PieClam/experiments/../clamiter_directed.py:440:::  
staring fit_feats for 7000 iterations


/mnt/home/jcervino/Github/CoraCiteseer/PieClam/experiments/../trainer_directed.py:444:::  



FINISHED train 
 last accuracies:
test
key='auc': 0.5
val
auc: None




/mnt/home/jcervino/Github/CoraCiteseer/PieClam/experiments/../trainer_directed.py:460:::  

train_model_on_params on bigclam citeseer 
took 121.23326778411865 seconds


/mnt/home/jcervino/Github/CoraCiteseer/PieClam/experiments/optimization_utils_directed.py:663:::  
Repetition no. 2


/mnt/home/jcervino/Github/CoraCiteseer/PieClam/experiments/../trainer_directed.py:158:::  

Using dataset specific configuration and not global 




/mnt/home/jcervino/Github/CoraCiteseer/PieClam/experiments/../trainer_directed.py:337:::  

In function train. 
2025-12-21 03:40:08 starting optimization of bigclam on citeseer (DIRECTED) on device cuda

 configs_dict: 
{
    "clamiter_init": {
        "dim_feat": 100,
        "dim_attr": 100,
        "s_reg": 0.0,
        "l1_reg": 1,
        "T": 1,
        "hidden_dim": 64,
        "num_coupling_blocks": 32,
        "num_layers_mlp": 2
    },
    "feat_opt": {
        "lr": 0.001,
        "n_iter": 7000,
        "early_stop": 0
    }
}


/mnt/home/jcervino/Github/CoraCiteseer/PieClam/experiments/../clamiter_directed.py:440:::  
staring fit_feats for 7000 iterations


/mnt/home/jcervino/Github/CoraCiteseer/PieClam/experiments/../trainer_directed.py:444:::  



FINISHED train 
 last accuracies:
test
key='auc': 0.5
val
auc: None




/mnt/home/jcervino/Github/CoraCiteseer/PieClam/experiments/../trainer_directed.py:460:::  

train_model_on_params on bigclam citeseer 
took 67.87345218658447 seconds


/mnt/home/jcervino/Github/CoraCiteseer/PieClam/experiments/optimization_utils_directed.py:663:::  
Repetition no. 0


/mnt/home/jcervino/Github/CoraCiteseer/PieClam/experiments/../trainer_directed.py:158:::  

Using dataset specific configuration and not global 




/mnt/home/jcervino/Github/CoraCiteseer/PieClam/experiments/../trainer_directed.py:337:::  

In function train. 
2025-12-21 03:41:16 starting optimization of bigclam on citeseer (DIRECTED) on device cuda

 configs_dict: 
{
    "clamiter_init": {
        "dim_feat": 100,
        "dim_attr": 100,
        "s_reg": 0.0,
        "l1_reg": 1,
        "T": 1,
        "hidden_dim": 64,
        "num_coupling_blocks": 32,
        "num_layers_mlp": 2
    },
    "feat_opt": {
        "lr": 0.0001,
        "n_iter": 7000,
        "early_stop": 0
    }
}


/mnt/home/jcervino/Github/CoraCiteseer/PieClam/experiments/../clamiter_directed.py:440:::  
staring fit_feats for 7000 iterations


/mnt/home/jcervino/Github/CoraCiteseer/PieClam/experiments/../trainer_directed.py:444:::  



FINISHED train 
 last accuracies:
test
key='auc': 0.569520482138178
val
auc: None




/mnt/home/jcervino/Github/CoraCiteseer/PieClam/experiments/../trainer_directed.py:460:::  

train_model_on_params on bigclam citeseer 
took 74.4796130657196 seconds


/mnt/home/jcervino/Github/CoraCiteseer/PieClam/experiments/optimization_utils_directed.py:663:::  
Repetition no. 1


/mnt/home/jcervino/Github/CoraCiteseer/PieClam/experiments/../trainer_directed.py:158:::  

Using dataset specific configuration and not global 




/mnt/home/jcervino/Github/CoraCiteseer/PieClam/experiments/../trainer_directed.py:337:::  

In function train. 
2025-12-21 03:42:31 starting optimization of bigclam on citeseer (DIRECTED) on device cuda

 configs_dict: 
{
    "clamiter_init": {
        "dim_feat": 100,
        "dim_attr": 100,
        "s_reg": 0.0,
        "l1_reg": 1,
        "T": 1,
        "hidden_dim": 64,
        "num_coupling_blocks": 32,
        "num_layers_mlp": 2
    },
    "feat_opt": {
        "lr": 0.0001,
        "n_iter": 7000,
        "early_stop": 0
    }
}


/mnt/home/jcervino/Github/CoraCiteseer/PieClam/experiments/../clamiter_directed.py:440:::  
staring fit_feats for 7000 iterations


/mnt/home/jcervino/Github/CoraCiteseer/PieClam/experiments/../trainer_directed.py:444:::  



FINISHED train 
 last accuracies:
test
key='auc': 0.5825993536553411
val
auc: None




/mnt/home/jcervino/Github/CoraCiteseer/PieClam/experiments/../trainer_directed.py:460:::  

train_model_on_params on bigclam citeseer 
took 63.68665170669556 seconds


/mnt/home/jcervino/Github/CoraCiteseer/PieClam/experiments/optimization_utils_directed.py:663:::  
Repetition no. 2


/mnt/home/jcervino/Github/CoraCiteseer/PieClam/experiments/../trainer_directed.py:158:::  

Using dataset specific configuration and not global 




/mnt/home/jcervino/Github/CoraCiteseer/PieClam/experiments/../trainer_directed.py:337:::  

In function train. 
2025-12-21 03:43:35 starting optimization of bigclam on citeseer (DIRECTED) on device cuda

 configs_dict: 
{
    "clamiter_init": {
        "dim_feat": 100,
        "dim_attr": 100,
        "s_reg": 0.0,
        "l1_reg": 1,
        "T": 1,
        "hidden_dim": 64,
        "num_coupling_blocks": 32,
        "num_layers_mlp": 2
    },
    "feat_opt": {
        "lr": 0.0001,
        "n_iter": 7000,
        "early_stop": 0
    }
}


/mnt/home/jcervino/Github/CoraCiteseer/PieClam/experiments/../clamiter_directed.py:440:::  
staring fit_feats for 7000 iterations


/mnt/home/jcervino/Github/CoraCiteseer/PieClam/experiments/../trainer_directed.py:444:::  



FINISHED train 
 last accuracies:
test
key='auc': 0.5602288409468076
val
auc: None




/mnt/home/jcervino/Github/CoraCiteseer/PieClam/experiments/../trainer_directed.py:460:::  

train_model_on_params on bigclam citeseer 
took 67.98007440567017 seconds


/mnt/home/jcervino/Github/CoraCiteseer/PieClam/experiments/optimization_utils_directed.py:738:::  


Finished CrossVal!




/mnt/home/jcervino/Github/CoraCiteseer/PieClam/experiments/optimization_utils_directed.py:514:::  
On test set split_23-12_22-11-25 of citeseer,bigclam
 ======================


/mnt/home/jcervino/Github/CoraCiteseer/PieClam/experiments/../datasets/import_dataset.py:258:::  
end of import_dataset
citeseer 
has 4230 nodes 
and 5358 edges. 
Graph is directed
Graph has NO self loops


/mnt/home/jcervino/Github/CoraCiteseer/PieClam/experiments/optimization_utils_directed.py:638:::  
RunSaver defined to acc_configs path /mnt/home/jcervino/Github/CoraCiteseer/PieClam/experiments/results/directed/link_prediction/auc/citeseer/bigclam/split_23-12_22-11-25/test/acc_configs03-44_21-12-25.json


/mnt/home/jcervino/Github/CoraCiteseer/PieClam/experiments/optimization_utils_directed.py:663:::  
Repetition no. 0


/mnt/home/jcervino/Github/CoraCiteseer/PieClam/experiments/../trainer_directed.py:158:::  

Using dataset specific configuration and not global 




/mnt/home/jcervino/Github/CoraCiteseer/PieClam/experiments/../trainer_directed.py:337:::  

In function train. 
2025-12-21 03:44:43 starting optimization of bigclam on citeseer (DIRECTED) on device cuda

 configs_dict: 
{
    "clamiter_init": {
        "dim_feat": 100,
        "dim_attr": 100,
        "s_reg": 0.1,
        "l1_reg": 1,
        "T": 1,
        "hidden_dim": 64,
        "num_coupling_blocks": 32,
        "num_layers_mlp": 2
    },
    "feat_opt": {
        "lr": 0.001,
        "n_iter": 5000,
        "early_stop": 0
    }
}


/mnt/home/jcervino/Github/CoraCiteseer/PieClam/experiments/../clamiter_directed.py:440:::  
staring fit_feats for 5000 iterations


/mnt/home/jcervino/Github/CoraCiteseer/PieClam/experiments/../trainer_directed.py:444:::  



FINISHED train 
 last accuracies:
test
key='auc': 0.5
val
auc: None




/mnt/home/jcervino/Github/CoraCiteseer/PieClam/experiments/../trainer_directed.py:460:::  

train_model_on_params on bigclam citeseer 
took 56.35311985015869 seconds


/mnt/home/jcervino/Github/CoraCiteseer/PieClam/experiments/optimization_utils_directed.py:663:::  
Repetition no. 1


/mnt/home/jcervino/Github/CoraCiteseer/PieClam/experiments/../trainer_directed.py:158:::  

Using dataset specific configuration and not global 




/mnt/home/jcervino/Github/CoraCiteseer/PieClam/experiments/../trainer_directed.py:337:::  

In function train. 
2025-12-21 03:45:40 starting optimization of bigclam on citeseer (DIRECTED) on device cuda

 configs_dict: 
{
    "clamiter_init": {
        "dim_feat": 100,
        "dim_attr": 100,
        "s_reg": 0.1,
        "l1_reg": 1,
        "T": 1,
        "hidden_dim": 64,
        "num_coupling_blocks": 32,
        "num_layers_mlp": 2
    },
    "feat_opt": {
        "lr": 0.001,
        "n_iter": 5000,
        "early_stop": 0
    }
}


/mnt/home/jcervino/Github/CoraCiteseer/PieClam/experiments/../clamiter_directed.py:440:::  
staring fit_feats for 5000 iterations


/mnt/home/jcervino/Github/CoraCiteseer/PieClam/experiments/../trainer_directed.py:444:::  



FINISHED train 
 last accuracies:
test
key='auc': 0.5
val
auc: None




/mnt/home/jcervino/Github/CoraCiteseer/PieClam/experiments/../trainer_directed.py:460:::  

train_model_on_params on bigclam citeseer 
took 88.4553575515747 seconds


/mnt/home/jcervino/Github/CoraCiteseer/PieClam/experiments/optimization_utils_directed.py:663:::  
Repetition no. 2


/mnt/home/jcervino/Github/CoraCiteseer/PieClam/experiments/../trainer_directed.py:158:::  

Using dataset specific configuration and not global 




/mnt/home/jcervino/Github/CoraCiteseer/PieClam/experiments/../trainer_directed.py:337:::  

In function train. 
2025-12-21 03:47:08 starting optimization of bigclam on citeseer (DIRECTED) on device cuda

 configs_dict: 
{
    "clamiter_init": {
        "dim_feat": 100,
        "dim_attr": 100,
        "s_reg": 0.1,
        "l1_reg": 1,
        "T": 1,
        "hidden_dim": 64,
        "num_coupling_blocks": 32,
        "num_layers_mlp": 2
    },
    "feat_opt": {
        "lr": 0.001,
        "n_iter": 5000,
        "early_stop": 0
    }
}


/mnt/home/jcervino/Github/CoraCiteseer/PieClam/experiments/../clamiter_directed.py:440:::  
staring fit_feats for 5000 iterations


/mnt/home/jcervino/Github/CoraCiteseer/PieClam/experiments/../trainer_directed.py:444:::  



FINISHED train 
 last accuracies:
test
key='auc': 0.5
val
auc: None




/mnt/home/jcervino/Github/CoraCiteseer/PieClam/experiments/../trainer_directed.py:460:::  

train_model_on_params on bigclam citeseer 
took 78.35306000709534 seconds


/mnt/home/jcervino/Github/CoraCiteseer/PieClam/experiments/optimization_utils_directed.py:663:::  
Repetition no. 0


/mnt/home/jcervino/Github/CoraCiteseer/PieClam/experiments/../trainer_directed.py:158:::  

Using dataset specific configuration and not global 




/mnt/home/jcervino/Github/CoraCiteseer/PieClam/experiments/../trainer_directed.py:337:::  

In function train. 
2025-12-21 03:48:27 starting optimization of bigclam on citeseer (DIRECTED) on device cuda

 configs_dict: 
{
    "clamiter_init": {
        "dim_feat": 200,
        "dim_attr": 100,
        "s_reg": 0.0,
        "l1_reg": 1,
        "T": 1,
        "hidden_dim": 64,
        "num_coupling_blocks": 32,
        "num_layers_mlp": 2
    },
    "feat_opt": {
        "lr": 0.001,
        "n_iter": 5000,
        "early_stop": 0
    }
}


/mnt/home/jcervino/Github/CoraCiteseer/PieClam/experiments/../clamiter_directed.py:440:::  
staring fit_feats for 5000 iterations


/mnt/home/jcervino/Github/CoraCiteseer/PieClam/experiments/../trainer_directed.py:444:::  



FINISHED train 
 last accuracies:
test
key='auc': 0.5
val
auc: None




/mnt/home/jcervino/Github/CoraCiteseer/PieClam/experiments/../trainer_directed.py:460:::  

train_model_on_params on bigclam citeseer 
took 56.652060747146606 seconds


/mnt/home/jcervino/Github/CoraCiteseer/PieClam/experiments/optimization_utils_directed.py:663:::  
Repetition no. 1


/mnt/home/jcervino/Github/CoraCiteseer/PieClam/experiments/../trainer_directed.py:158:::  

Using dataset specific configuration and not global 




/mnt/home/jcervino/Github/CoraCiteseer/PieClam/experiments/../trainer_directed.py:337:::  

In function train. 
2025-12-21 03:49:24 starting optimization of bigclam on citeseer (DIRECTED) on device cuda

 configs_dict: 
{
    "clamiter_init": {
        "dim_feat": 200,
        "dim_attr": 100,
        "s_reg": 0.0,
        "l1_reg": 1,
        "T": 1,
        "hidden_dim": 64,
        "num_coupling_blocks": 32,
        "num_layers_mlp": 2
    },
    "feat_opt": {
        "lr": 0.001,
        "n_iter": 5000,
        "early_stop": 0
    }
}


/mnt/home/jcervino/Github/CoraCiteseer/PieClam/experiments/../clamiter_directed.py:440:::  
staring fit_feats for 5000 iterations


/mnt/home/jcervino/Github/CoraCiteseer/PieClam/experiments/../trainer_directed.py:444:::  



FINISHED train 
 last accuracies:
test
key='auc': 0.5
val
auc: None




/mnt/home/jcervino/Github/CoraCiteseer/PieClam/experiments/../trainer_directed.py:460:::  

train_model_on_params on bigclam citeseer 
took 74.23712062835693 seconds


/mnt/home/jcervino/Github/CoraCiteseer/PieClam/experiments/optimization_utils_directed.py:663:::  
Repetition no. 2


/mnt/home/jcervino/Github/CoraCiteseer/PieClam/experiments/../trainer_directed.py:158:::  

Using dataset specific configuration and not global 




/mnt/home/jcervino/Github/CoraCiteseer/PieClam/experiments/../trainer_directed.py:337:::  

In function train. 
2025-12-21 03:50:39 starting optimization of bigclam on citeseer (DIRECTED) on device cuda

 configs_dict: 
{
    "clamiter_init": {
        "dim_feat": 200,
        "dim_attr": 100,
        "s_reg": 0.0,
        "l1_reg": 1,
        "T": 1,
        "hidden_dim": 64,
        "num_coupling_blocks": 32,
        "num_layers_mlp": 2
    },
    "feat_opt": {
        "lr": 0.001,
        "n_iter": 5000,
        "early_stop": 0
    }
}


/mnt/home/jcervino/Github/CoraCiteseer/PieClam/experiments/../clamiter_directed.py:440:::  
staring fit_feats for 5000 iterations


/mnt/home/jcervino/Github/CoraCiteseer/PieClam/experiments/../trainer_directed.py:444:::  



FINISHED train 
 last accuracies:
test
key='auc': 0.5
val
auc: None




/mnt/home/jcervino/Github/CoraCiteseer/PieClam/experiments/../trainer_directed.py:460:::  

train_model_on_params on bigclam citeseer 
took 89.15673899650574 seconds


/mnt/home/jcervino/Github/CoraCiteseer/PieClam/experiments/optimization_utils_directed.py:663:::  
Repetition no. 0


/mnt/home/jcervino/Github/CoraCiteseer/PieClam/experiments/../trainer_directed.py:158:::  

Using dataset specific configuration and not global 




/mnt/home/jcervino/Github/CoraCiteseer/PieClam/experiments/../trainer_directed.py:337:::  

In function train. 
2025-12-21 03:52:09 starting optimization of bigclam on citeseer (DIRECTED) on device cuda

 configs_dict: 
{
    "clamiter_init": {
        "dim_feat": 100,
        "dim_attr": 100,
        "s_reg": 0.1,
        "l1_reg": 1,
        "T": 1,
        "hidden_dim": 64,
        "num_coupling_blocks": 32,
        "num_layers_mlp": 2
    },
    "feat_opt": {
        "lr": 0.0001,
        "n_iter": 7000,
        "early_stop": 0
    }
}


/mnt/home/jcervino/Github/CoraCiteseer/PieClam/experiments/../clamiter_directed.py:440:::  
staring fit_feats for 7000 iterations


/mnt/home/jcervino/Github/CoraCiteseer/PieClam/experiments/../trainer_directed.py:444:::  



FINISHED train 
 last accuracies:
test
key='auc': 0.609034850205258
val
auc: None




/mnt/home/jcervino/Github/CoraCiteseer/PieClam/experiments/../trainer_directed.py:460:::  

train_model_on_params on bigclam citeseer 
took 124.22997665405273 seconds


/mnt/home/jcervino/Github/CoraCiteseer/PieClam/experiments/optimization_utils_directed.py:663:::  
Repetition no. 1


/mnt/home/jcervino/Github/CoraCiteseer/PieClam/experiments/../trainer_directed.py:158:::  

Using dataset specific configuration and not global 




/mnt/home/jcervino/Github/CoraCiteseer/PieClam/experiments/../trainer_directed.py:337:::  

In function train. 
2025-12-21 03:54:13 starting optimization of bigclam on citeseer (DIRECTED) on device cuda

 configs_dict: 
{
    "clamiter_init": {
        "dim_feat": 100,
        "dim_attr": 100,
        "s_reg": 0.1,
        "l1_reg": 1,
        "T": 1,
        "hidden_dim": 64,
        "num_coupling_blocks": 32,
        "num_layers_mlp": 2
    },
    "feat_opt": {
        "lr": 0.0001,
        "n_iter": 7000,
        "early_stop": 0
    }
}


/mnt/home/jcervino/Github/CoraCiteseer/PieClam/experiments/../clamiter_directed.py:440:::  
staring fit_feats for 7000 iterations


/mnt/home/jcervino/Github/CoraCiteseer/PieClam/experiments/../trainer_directed.py:444:::  



FINISHED train 
 last accuracies:
test
key='auc': 0.6034640579963315
val
auc: None




/mnt/home/jcervino/Github/CoraCiteseer/PieClam/experiments/../trainer_directed.py:460:::  

train_model_on_params on bigclam citeseer 
took 123.12393975257874 seconds


/mnt/home/jcervino/Github/CoraCiteseer/PieClam/experiments/optimization_utils_directed.py:663:::  
Repetition no. 2


/mnt/home/jcervino/Github/CoraCiteseer/PieClam/experiments/../trainer_directed.py:158:::  

Using dataset specific configuration and not global 




/mnt/home/jcervino/Github/CoraCiteseer/PieClam/experiments/../trainer_directed.py:337:::  

In function train. 
2025-12-21 03:56:17 starting optimization of bigclam on citeseer (DIRECTED) on device cuda

 configs_dict: 
{
    "clamiter_init": {
        "dim_feat": 100,
        "dim_attr": 100,
        "s_reg": 0.1,
        "l1_reg": 1,
        "T": 1,
        "hidden_dim": 64,
        "num_coupling_blocks": 32,
        "num_layers_mlp": 2
    },
    "feat_opt": {
        "lr": 0.0001,
        "n_iter": 7000,
        "early_stop": 0
    }
}


/mnt/home/jcervino/Github/CoraCiteseer/PieClam/experiments/../clamiter_directed.py:440:::  
staring fit_feats for 7000 iterations


/mnt/home/jcervino/Github/CoraCiteseer/PieClam/experiments/../trainer_directed.py:444:::  



FINISHED train 
 last accuracies:
test
key='auc': 0.5842484059743209
val
auc: None




/mnt/home/jcervino/Github/CoraCiteseer/PieClam/experiments/../trainer_directed.py:460:::  

train_model_on_params on bigclam citeseer 
took 116.6675922870636 seconds


/mnt/home/jcervino/Github/CoraCiteseer/PieClam/experiments/optimization_utils_directed.py:663:::  
Repetition no. 0


/mnt/home/jcervino/Github/CoraCiteseer/PieClam/experiments/../trainer_directed.py:158:::  

Using dataset specific configuration and not global 




/mnt/home/jcervino/Github/CoraCiteseer/PieClam/experiments/../trainer_directed.py:337:::  

In function train. 
2025-12-21 03:58:13 starting optimization of bigclam on citeseer (DIRECTED) on device cuda

 configs_dict: 
{
    "clamiter_init": {
        "dim_feat": 48,
        "dim_attr": 100,
        "s_reg": 0.1,
        "l1_reg": 1,
        "T": 1,
        "hidden_dim": 64,
        "num_coupling_blocks": 32,
        "num_layers_mlp": 2
    },
    "feat_opt": {
        "lr": 0.001,
        "n_iter": 5000,
        "early_stop": 0
    }
}


/mnt/home/jcervino/Github/CoraCiteseer/PieClam/experiments/../clamiter_directed.py:440:::  
staring fit_feats for 5000 iterations


/mnt/home/jcervino/Github/CoraCiteseer/PieClam/experiments/../trainer_directed.py:444:::  



FINISHED train 
 last accuracies:
test
key='auc': 0.5
val
auc: None




/mnt/home/jcervino/Github/CoraCiteseer/PieClam/experiments/../trainer_directed.py:460:::  

train_model_on_params on bigclam citeseer 
took 71.28582954406738 seconds


/mnt/home/jcervino/Github/CoraCiteseer/PieClam/experiments/optimization_utils_directed.py:663:::  
Repetition no. 1


/mnt/home/jcervino/Github/CoraCiteseer/PieClam/experiments/../trainer_directed.py:158:::  

Using dataset specific configuration and not global 




/mnt/home/jcervino/Github/CoraCiteseer/PieClam/experiments/../trainer_directed.py:337:::  

In function train. 
2025-12-21 03:59:25 starting optimization of bigclam on citeseer (DIRECTED) on device cuda

 configs_dict: 
{
    "clamiter_init": {
        "dim_feat": 48,
        "dim_attr": 100,
        "s_reg": 0.1,
        "l1_reg": 1,
        "T": 1,
        "hidden_dim": 64,
        "num_coupling_blocks": 32,
        "num_layers_mlp": 2
    },
    "feat_opt": {
        "lr": 0.001,
        "n_iter": 5000,
        "early_stop": 0
    }
}


/mnt/home/jcervino/Github/CoraCiteseer/PieClam/experiments/../clamiter_directed.py:440:::  
staring fit_feats for 5000 iterations


/mnt/home/jcervino/Github/CoraCiteseer/PieClam/experiments/../trainer_directed.py:444:::  



FINISHED train 
 last accuracies:
test
key='auc': 0.5
val
auc: None




/mnt/home/jcervino/Github/CoraCiteseer/PieClam/experiments/../trainer_directed.py:460:::  

train_model_on_params on bigclam citeseer 
took 55.45823884010315 seconds


/mnt/home/jcervino/Github/CoraCiteseer/PieClam/experiments/optimization_utils_directed.py:663:::  
Repetition no. 2


/mnt/home/jcervino/Github/CoraCiteseer/PieClam/experiments/../trainer_directed.py:158:::  

Using dataset specific configuration and not global 




/mnt/home/jcervino/Github/CoraCiteseer/PieClam/experiments/../trainer_directed.py:337:::  

In function train. 
2025-12-21 04:00:21 starting optimization of bigclam on citeseer (DIRECTED) on device cuda

 configs_dict: 
{
    "clamiter_init": {
        "dim_feat": 48,
        "dim_attr": 100,
        "s_reg": 0.1,
        "l1_reg": 1,
        "T": 1,
        "hidden_dim": 64,
        "num_coupling_blocks": 32,
        "num_layers_mlp": 2
    },
    "feat_opt": {
        "lr": 0.001,
        "n_iter": 5000,
        "early_stop": 0
    }
}


/mnt/home/jcervino/Github/CoraCiteseer/PieClam/experiments/../clamiter_directed.py:440:::  
staring fit_feats for 5000 iterations


/mnt/home/jcervino/Github/CoraCiteseer/PieClam/experiments/../trainer_directed.py:444:::  



FINISHED train 
 last accuracies:
test
key='auc': 0.5
val
auc: None




/mnt/home/jcervino/Github/CoraCiteseer/PieClam/experiments/../trainer_directed.py:460:::  

train_model_on_params on bigclam citeseer 
took 47.19255328178406 seconds


/mnt/home/jcervino/Github/CoraCiteseer/PieClam/experiments/optimization_utils_directed.py:663:::  
Repetition no. 0


/mnt/home/jcervino/Github/CoraCiteseer/PieClam/experiments/../trainer_directed.py:158:::  

Using dataset specific configuration and not global 




/mnt/home/jcervino/Github/CoraCiteseer/PieClam/experiments/../trainer_directed.py:337:::  

In function train. 
2025-12-21 04:01:08 starting optimization of bigclam on citeseer (DIRECTED) on device cuda

 configs_dict: 
{
    "clamiter_init": {
        "dim_feat": 200,
        "dim_attr": 100,
        "s_reg": 0.0,
        "l1_reg": 1,
        "T": 1,
        "hidden_dim": 64,
        "num_coupling_blocks": 32,
        "num_layers_mlp": 2
    },
    "feat_opt": {
        "lr": 1e-05,
        "n_iter": 2000,
        "early_stop": 0
    }
}


/mnt/home/jcervino/Github/CoraCiteseer/PieClam/experiments/../clamiter_directed.py:440:::  
staring fit_feats for 2000 iterations


/mnt/home/jcervino/Github/CoraCiteseer/PieClam/experiments/../trainer_directed.py:444:::  



FINISHED train 
 last accuracies:
test
key='auc': 0.6128500305703556
val
auc: None




/mnt/home/jcervino/Github/CoraCiteseer/PieClam/experiments/../trainer_directed.py:460:::  

train_model_on_params on bigclam citeseer 
took 35.41033697128296 seconds


/mnt/home/jcervino/Github/CoraCiteseer/PieClam/experiments/optimization_utils_directed.py:663:::  
Repetition no. 1


/mnt/home/jcervino/Github/CoraCiteseer/PieClam/experiments/../trainer_directed.py:158:::  

Using dataset specific configuration and not global 




/mnt/home/jcervino/Github/CoraCiteseer/PieClam/experiments/../trainer_directed.py:337:::  

In function train. 
2025-12-21 04:01:44 starting optimization of bigclam on citeseer (DIRECTED) on device cuda

 configs_dict: 
{
    "clamiter_init": {
        "dim_feat": 200,
        "dim_attr": 100,
        "s_reg": 0.0,
        "l1_reg": 1,
        "T": 1,
        "hidden_dim": 64,
        "num_coupling_blocks": 32,
        "num_layers_mlp": 2
    },
    "feat_opt": {
        "lr": 1e-05,
        "n_iter": 2000,
        "early_stop": 0
    }
}


/mnt/home/jcervino/Github/CoraCiteseer/PieClam/experiments/../clamiter_directed.py:440:::  
staring fit_feats for 2000 iterations


/mnt/home/jcervino/Github/CoraCiteseer/PieClam/experiments/../trainer_directed.py:444:::  



FINISHED train 
 last accuracies:
test
key='auc': 0.6027600663813434
val
auc: None




/mnt/home/jcervino/Github/CoraCiteseer/PieClam/experiments/../trainer_directed.py:460:::  

train_model_on_params on bigclam citeseer 
took 23.85747194290161 seconds


/mnt/home/jcervino/Github/CoraCiteseer/PieClam/experiments/optimization_utils_directed.py:663:::  
Repetition no. 2


/mnt/home/jcervino/Github/CoraCiteseer/PieClam/experiments/../trainer_directed.py:158:::  

Using dataset specific configuration and not global 




/mnt/home/jcervino/Github/CoraCiteseer/PieClam/experiments/../trainer_directed.py:337:::  

In function train. 
2025-12-21 04:02:08 starting optimization of bigclam on citeseer (DIRECTED) on device cuda

 configs_dict: 
{
    "clamiter_init": {
        "dim_feat": 200,
        "dim_attr": 100,
        "s_reg": 0.0,
        "l1_reg": 1,
        "T": 1,
        "hidden_dim": 64,
        "num_coupling_blocks": 32,
        "num_layers_mlp": 2
    },
    "feat_opt": {
        "lr": 1e-05,
        "n_iter": 2000,
        "early_stop": 0
    }
}


/mnt/home/jcervino/Github/CoraCiteseer/PieClam/experiments/../clamiter_directed.py:440:::  
staring fit_feats for 2000 iterations


/mnt/home/jcervino/Github/CoraCiteseer/PieClam/experiments/../trainer_directed.py:444:::  



FINISHED train 
 last accuracies:
test
key='auc': 0.6230168573674557
val
auc: None




/mnt/home/jcervino/Github/CoraCiteseer/PieClam/experiments/../trainer_directed.py:460:::  

train_model_on_params on bigclam citeseer 
took 13.069370031356812 seconds


/mnt/home/jcervino/Github/CoraCiteseer/PieClam/experiments/optimization_utils_directed.py:663:::  
Repetition no. 0


/mnt/home/jcervino/Github/CoraCiteseer/PieClam/experiments/../trainer_directed.py:158:::  

Using dataset specific configuration and not global 




/mnt/home/jcervino/Github/CoraCiteseer/PieClam/experiments/../trainer_directed.py:337:::  

In function train. 
2025-12-21 04:02:21 starting optimization of bigclam on citeseer (DIRECTED) on device cuda

 configs_dict: 
{
    "clamiter_init": {
        "dim_feat": 200,
        "dim_attr": 100,
        "s_reg": 0.1,
        "l1_reg": 1,
        "T": 1,
        "hidden_dim": 64,
        "num_coupling_blocks": 32,
        "num_layers_mlp": 2
    },
    "feat_opt": {
        "lr": 0.001,
        "n_iter": 5000,
        "early_stop": 0
    }
}


/mnt/home/jcervino/Github/CoraCiteseer/PieClam/experiments/../clamiter_directed.py:440:::  
staring fit_feats for 5000 iterations


/mnt/home/jcervino/Github/CoraCiteseer/PieClam/experiments/../trainer_directed.py:444:::  



FINISHED train 
 last accuracies:
test
key='auc': 0.5
val
auc: None




/mnt/home/jcervino/Github/CoraCiteseer/PieClam/experiments/../trainer_directed.py:460:::  

train_model_on_params on bigclam citeseer 
took 37.68344974517822 seconds


/mnt/home/jcervino/Github/CoraCiteseer/PieClam/experiments/optimization_utils_directed.py:663:::  
Repetition no. 1


/mnt/home/jcervino/Github/CoraCiteseer/PieClam/experiments/../trainer_directed.py:158:::  

Using dataset specific configuration and not global 




/mnt/home/jcervino/Github/CoraCiteseer/PieClam/experiments/../trainer_directed.py:337:::  

In function train. 
2025-12-21 04:02:59 starting optimization of bigclam on citeseer (DIRECTED) on device cuda

 configs_dict: 
{
    "clamiter_init": {
        "dim_feat": 200,
        "dim_attr": 100,
        "s_reg": 0.1,
        "l1_reg": 1,
        "T": 1,
        "hidden_dim": 64,
        "num_coupling_blocks": 32,
        "num_layers_mlp": 2
    },
    "feat_opt": {
        "lr": 0.001,
        "n_iter": 5000,
        "early_stop": 0
    }
}


/mnt/home/jcervino/Github/CoraCiteseer/PieClam/experiments/../clamiter_directed.py:440:::  
staring fit_feats for 5000 iterations


/mnt/home/jcervino/Github/CoraCiteseer/PieClam/experiments/../trainer_directed.py:444:::  



FINISHED train 
 last accuracies:
test
key='auc': 0.5
val
auc: None




/mnt/home/jcervino/Github/CoraCiteseer/PieClam/experiments/../trainer_directed.py:460:::  

train_model_on_params on bigclam citeseer 
took 45.12428545951843 seconds


/mnt/home/jcervino/Github/CoraCiteseer/PieClam/experiments/optimization_utils_directed.py:663:::  
Repetition no. 2


/mnt/home/jcervino/Github/CoraCiteseer/PieClam/experiments/../trainer_directed.py:158:::  

Using dataset specific configuration and not global 




/mnt/home/jcervino/Github/CoraCiteseer/PieClam/experiments/../trainer_directed.py:337:::  

In function train. 
2025-12-21 04:03:44 starting optimization of bigclam on citeseer (DIRECTED) on device cuda

 configs_dict: 
{
    "clamiter_init": {
        "dim_feat": 200,
        "dim_attr": 100,
        "s_reg": 0.1,
        "l1_reg": 1,
        "T": 1,
        "hidden_dim": 64,
        "num_coupling_blocks": 32,
        "num_layers_mlp": 2
    },
    "feat_opt": {
        "lr": 0.001,
        "n_iter": 5000,
        "early_stop": 0
    }
}


/mnt/home/jcervino/Github/CoraCiteseer/PieClam/experiments/../clamiter_directed.py:440:::  
staring fit_feats for 5000 iterations


/mnt/home/jcervino/Github/CoraCiteseer/PieClam/experiments/../trainer_directed.py:444:::  



FINISHED train 
 last accuracies:
test
key='auc': 0.5
val
auc: None




/mnt/home/jcervino/Github/CoraCiteseer/PieClam/experiments/../trainer_directed.py:460:::  

train_model_on_params on bigclam citeseer 
took 55.4842574596405 seconds


/mnt/home/jcervino/Github/CoraCiteseer/PieClam/experiments/optimization_utils_directed.py:663:::  
Repetition no. 0


/mnt/home/jcervino/Github/CoraCiteseer/PieClam/experiments/../trainer_directed.py:158:::  

Using dataset specific configuration and not global 




/mnt/home/jcervino/Github/CoraCiteseer/PieClam/experiments/../trainer_directed.py:337:::  

In function train. 
2025-12-21 04:04:40 starting optimization of bigclam on citeseer (DIRECTED) on device cuda

 configs_dict: 
{
    "clamiter_init": {
        "dim_feat": 100,
        "dim_attr": 100,
        "s_reg": 0.0,
        "l1_reg": 1,
        "T": 1,
        "hidden_dim": 64,
        "num_coupling_blocks": 32,
        "num_layers_mlp": 2
    },
    "feat_opt": {
        "lr": 1e-05,
        "n_iter": 7000,
        "early_stop": 0
    }
}


/mnt/home/jcervino/Github/CoraCiteseer/PieClam/experiments/../clamiter_directed.py:440:::  
staring fit_feats for 7000 iterations


/mnt/home/jcervino/Github/CoraCiteseer/PieClam/experiments/../trainer_directed.py:444:::  



FINISHED train 
 last accuracies:
test
key='auc': 0.6050537164817887
val
auc: None




/mnt/home/jcervino/Github/CoraCiteseer/PieClam/experiments/../trainer_directed.py:460:::  

train_model_on_params on bigclam citeseer 
took 123.24010562896729 seconds


/mnt/home/jcervino/Github/CoraCiteseer/PieClam/experiments/optimization_utils_directed.py:663:::  
Repetition no. 1


/mnt/home/jcervino/Github/CoraCiteseer/PieClam/experiments/../trainer_directed.py:158:::  

Using dataset specific configuration and not global 




/mnt/home/jcervino/Github/CoraCiteseer/PieClam/experiments/../trainer_directed.py:337:::  

In function train. 
2025-12-21 04:06:44 starting optimization of bigclam on citeseer (DIRECTED) on device cuda

 configs_dict: 
{
    "clamiter_init": {
        "dim_feat": 100,
        "dim_attr": 100,
        "s_reg": 0.0,
        "l1_reg": 1,
        "T": 1,
        "hidden_dim": 64,
        "num_coupling_blocks": 32,
        "num_layers_mlp": 2
    },
    "feat_opt": {
        "lr": 1e-05,
        "n_iter": 7000,
        "early_stop": 0
    }
}


/mnt/home/jcervino/Github/CoraCiteseer/PieClam/experiments/../clamiter_directed.py:440:::  
staring fit_feats for 7000 iterations


/mnt/home/jcervino/Github/CoraCiteseer/PieClam/experiments/../trainer_directed.py:444:::  



FINISHED train 
 last accuracies:
test
key='auc': 0.5902139924884269
val
auc: None




/mnt/home/jcervino/Github/CoraCiteseer/PieClam/experiments/../trainer_directed.py:460:::  

train_model_on_params on bigclam citeseer 
took 119.97032690048218 seconds


/mnt/home/jcervino/Github/CoraCiteseer/PieClam/experiments/optimization_utils_directed.py:663:::  
Repetition no. 2


/mnt/home/jcervino/Github/CoraCiteseer/PieClam/experiments/../trainer_directed.py:158:::  

Using dataset specific configuration and not global 




/mnt/home/jcervino/Github/CoraCiteseer/PieClam/experiments/../trainer_directed.py:337:::  

In function train. 
2025-12-21 04:08:44 starting optimization of bigclam on citeseer (DIRECTED) on device cuda

 configs_dict: 
{
    "clamiter_init": {
        "dim_feat": 100,
        "dim_attr": 100,
        "s_reg": 0.0,
        "l1_reg": 1,
        "T": 1,
        "hidden_dim": 64,
        "num_coupling_blocks": 32,
        "num_layers_mlp": 2
    },
    "feat_opt": {
        "lr": 1e-05,
        "n_iter": 7000,
        "early_stop": 0
    }
}


/mnt/home/jcervino/Github/CoraCiteseer/PieClam/experiments/../clamiter_directed.py:440:::  
staring fit_feats for 7000 iterations


/mnt/home/jcervino/Github/CoraCiteseer/PieClam/experiments/../trainer_directed.py:444:::  



FINISHED train 
 last accuracies:
test
key='auc': 0.6024630972137305
val
auc: None




/mnt/home/jcervino/Github/CoraCiteseer/PieClam/experiments/../trainer_directed.py:460:::  

train_model_on_params on bigclam citeseer 
took 123.42453479766846 seconds


/mnt/home/jcervino/Github/CoraCiteseer/PieClam/experiments/optimization_utils_directed.py:663:::  
Repetition no. 0


/mnt/home/jcervino/Github/CoraCiteseer/PieClam/experiments/../trainer_directed.py:158:::  

Using dataset specific configuration and not global 




/mnt/home/jcervino/Github/CoraCiteseer/PieClam/experiments/../trainer_directed.py:337:::  

In function train. 
2025-12-21 04:10:48 starting optimization of bigclam on citeseer (DIRECTED) on device cuda

 configs_dict: 
{
    "clamiter_init": {
        "dim_feat": 48,
        "dim_attr": 100,
        "s_reg": 0.1,
        "l1_reg": 1,
        "T": 1,
        "hidden_dim": 64,
        "num_coupling_blocks": 32,
        "num_layers_mlp": 2
    },
    "feat_opt": {
        "lr": 1e-05,
        "n_iter": 5000,
        "early_stop": 0
    }
}


/mnt/home/jcervino/Github/CoraCiteseer/PieClam/experiments/../clamiter_directed.py:440:::  
staring fit_feats for 5000 iterations


/mnt/home/jcervino/Github/CoraCiteseer/PieClam/experiments/../trainer_directed.py:444:::  



FINISHED train 
 last accuracies:
test
key='auc': 0.603743558389379
val
auc: None




/mnt/home/jcervino/Github/CoraCiteseer/PieClam/experiments/../trainer_directed.py:460:::  

train_model_on_params on bigclam citeseer 
took 88.70157814025879 seconds


/mnt/home/jcervino/Github/CoraCiteseer/PieClam/experiments/optimization_utils_directed.py:663:::  
Repetition no. 1


/mnt/home/jcervino/Github/CoraCiteseer/PieClam/experiments/../trainer_directed.py:158:::  

Using dataset specific configuration and not global 




/mnt/home/jcervino/Github/CoraCiteseer/PieClam/experiments/../trainer_directed.py:337:::  

In function train. 
2025-12-21 04:12:17 starting optimization of bigclam on citeseer (DIRECTED) on device cuda

 configs_dict: 
{
    "clamiter_init": {
        "dim_feat": 48,
        "dim_attr": 100,
        "s_reg": 0.1,
        "l1_reg": 1,
        "T": 1,
        "hidden_dim": 64,
        "num_coupling_blocks": 32,
        "num_layers_mlp": 2
    },
    "feat_opt": {
        "lr": 1e-05,
        "n_iter": 5000,
        "early_stop": 0
    }
}


/mnt/home/jcervino/Github/CoraCiteseer/PieClam/experiments/../clamiter_directed.py:440:::  
staring fit_feats for 5000 iterations


/mnt/home/jcervino/Github/CoraCiteseer/PieClam/experiments/../trainer_directed.py:444:::  



FINISHED train 
 last accuracies:
test
key='auc': 0.5955856406673071
val
auc: None




/mnt/home/jcervino/Github/CoraCiteseer/PieClam/experiments/../trainer_directed.py:460:::  

train_model_on_params on bigclam citeseer 
took 87.99291038513184 seconds


/mnt/home/jcervino/Github/CoraCiteseer/PieClam/experiments/optimization_utils_directed.py:663:::  
Repetition no. 2


/mnt/home/jcervino/Github/CoraCiteseer/PieClam/experiments/../trainer_directed.py:158:::  

Using dataset specific configuration and not global 




/mnt/home/jcervino/Github/CoraCiteseer/PieClam/experiments/../trainer_directed.py:337:::  

In function train. 
2025-12-21 04:13:45 starting optimization of bigclam on citeseer (DIRECTED) on device cuda

 configs_dict: 
{
    "clamiter_init": {
        "dim_feat": 48,
        "dim_attr": 100,
        "s_reg": 0.1,
        "l1_reg": 1,
        "T": 1,
        "hidden_dim": 64,
        "num_coupling_blocks": 32,
        "num_layers_mlp": 2
    },
    "feat_opt": {
        "lr": 1e-05,
        "n_iter": 5000,
        "early_stop": 0
    }
}


/mnt/home/jcervino/Github/CoraCiteseer/PieClam/experiments/../clamiter_directed.py:440:::  
staring fit_feats for 5000 iterations


/mnt/home/jcervino/Github/CoraCiteseer/PieClam/experiments/../trainer_directed.py:444:::  



FINISHED train 
 last accuracies:
test
key='auc': 0.594654554982968
val
auc: None




/mnt/home/jcervino/Github/CoraCiteseer/PieClam/experiments/../trainer_directed.py:460:::  

train_model_on_params on bigclam citeseer 
took 88.34729433059692 seconds


/mnt/home/jcervino/Github/CoraCiteseer/PieClam/experiments/optimization_utils_directed.py:663:::  
Repetition no. 0


/mnt/home/jcervino/Github/CoraCiteseer/PieClam/experiments/../trainer_directed.py:158:::  

Using dataset specific configuration and not global 




/mnt/home/jcervino/Github/CoraCiteseer/PieClam/experiments/../trainer_directed.py:337:::  

In function train. 
2025-12-21 04:15:14 starting optimization of bigclam on citeseer (DIRECTED) on device cuda

 configs_dict: 
{
    "clamiter_init": {
        "dim_feat": 48,
        "dim_attr": 100,
        "s_reg": 0.1,
        "l1_reg": 1,
        "T": 1,
        "hidden_dim": 64,
        "num_coupling_blocks": 32,
        "num_layers_mlp": 2
    },
    "feat_opt": {
        "lr": 1e-05,
        "n_iter": 2000,
        "early_stop": 0
    }
}


/mnt/home/jcervino/Github/CoraCiteseer/PieClam/experiments/../clamiter_directed.py:440:::  
staring fit_feats for 2000 iterations


/mnt/home/jcervino/Github/CoraCiteseer/PieClam/experiments/../trainer_directed.py:444:::  



FINISHED train 
 last accuracies:
test
key='auc': 0.6166337671412351
val
auc: None




/mnt/home/jcervino/Github/CoraCiteseer/PieClam/experiments/../trainer_directed.py:460:::  

train_model_on_params on bigclam citeseer 
took 34.24722194671631 seconds


/mnt/home/jcervino/Github/CoraCiteseer/PieClam/experiments/optimization_utils_directed.py:663:::  
Repetition no. 1


/mnt/home/jcervino/Github/CoraCiteseer/PieClam/experiments/../trainer_directed.py:158:::  

Using dataset specific configuration and not global 




/mnt/home/jcervino/Github/CoraCiteseer/PieClam/experiments/../trainer_directed.py:337:::  

In function train. 
2025-12-21 04:15:49 starting optimization of bigclam on citeseer (DIRECTED) on device cuda

 configs_dict: 
{
    "clamiter_init": {
        "dim_feat": 48,
        "dim_attr": 100,
        "s_reg": 0.1,
        "l1_reg": 1,
        "T": 1,
        "hidden_dim": 64,
        "num_coupling_blocks": 32,
        "num_layers_mlp": 2
    },
    "feat_opt": {
        "lr": 1e-05,
        "n_iter": 2000,
        "early_stop": 0
    }
}


/mnt/home/jcervino/Github/CoraCiteseer/PieClam/experiments/../clamiter_directed.py:440:::  
staring fit_feats for 2000 iterations


/mnt/home/jcervino/Github/CoraCiteseer/PieClam/experiments/../trainer_directed.py:444:::  



FINISHED train 
 last accuracies:
test
key='auc': 0.627190147611145
val
auc: None




/mnt/home/jcervino/Github/CoraCiteseer/PieClam/experiments/../trainer_directed.py:460:::  

train_model_on_params on bigclam citeseer 
took 35.47458338737488 seconds


/mnt/home/jcervino/Github/CoraCiteseer/PieClam/experiments/optimization_utils_directed.py:663:::  
Repetition no. 2


/mnt/home/jcervino/Github/CoraCiteseer/PieClam/experiments/../trainer_directed.py:158:::  

Using dataset specific configuration and not global 




/mnt/home/jcervino/Github/CoraCiteseer/PieClam/experiments/../trainer_directed.py:337:::  

In function train. 
2025-12-21 04:16:24 starting optimization of bigclam on citeseer (DIRECTED) on device cuda

 configs_dict: 
{
    "clamiter_init": {
        "dim_feat": 48,
        "dim_attr": 100,
        "s_reg": 0.1,
        "l1_reg": 1,
        "T": 1,
        "hidden_dim": 64,
        "num_coupling_blocks": 32,
        "num_layers_mlp": 2
    },
    "feat_opt": {
        "lr": 1e-05,
        "n_iter": 2000,
        "early_stop": 0
    }
}


/mnt/home/jcervino/Github/CoraCiteseer/PieClam/experiments/../clamiter_directed.py:440:::  
staring fit_feats for 2000 iterations


/mnt/home/jcervino/Github/CoraCiteseer/PieClam/experiments/../trainer_directed.py:444:::  



FINISHED train 
 last accuracies:
test
key='auc': 0.6175211808891606
val
auc: None




/mnt/home/jcervino/Github/CoraCiteseer/PieClam/experiments/../trainer_directed.py:460:::  

train_model_on_params on bigclam citeseer 
took 35.41877794265747 seconds


/mnt/home/jcervino/Github/CoraCiteseer/PieClam/experiments/optimization_utils_directed.py:663:::  
Repetition no. 0


/mnt/home/jcervino/Github/CoraCiteseer/PieClam/experiments/../trainer_directed.py:158:::  

Using dataset specific configuration and not global 




/mnt/home/jcervino/Github/CoraCiteseer/PieClam/experiments/../trainer_directed.py:337:::  

In function train. 
2025-12-21 04:17:00 starting optimization of bigclam on citeseer (DIRECTED) on device cuda

 configs_dict: 
{
    "clamiter_init": {
        "dim_feat": 100,
        "dim_attr": 100,
        "s_reg": 0.0,
        "l1_reg": 1,
        "T": 1,
        "hidden_dim": 64,
        "num_coupling_blocks": 32,
        "num_layers_mlp": 2
    },
    "feat_opt": {
        "lr": 0.001,
        "n_iter": 2000,
        "early_stop": 0
    }
}


/mnt/home/jcervino/Github/CoraCiteseer/PieClam/experiments/../clamiter_directed.py:440:::  
staring fit_feats for 2000 iterations


/mnt/home/jcervino/Github/CoraCiteseer/PieClam/experiments/../trainer_directed.py:444:::  



FINISHED train 
 last accuracies:
test
key='auc': 0.5
val
auc: None




/mnt/home/jcervino/Github/CoraCiteseer/PieClam/experiments/../trainer_directed.py:460:::  

train_model_on_params on bigclam citeseer 
took 17.381518840789795 seconds


/mnt/home/jcervino/Github/CoraCiteseer/PieClam/experiments/optimization_utils_directed.py:663:::  
Repetition no. 1


/mnt/home/jcervino/Github/CoraCiteseer/PieClam/experiments/../trainer_directed.py:158:::  

Using dataset specific configuration and not global 




/mnt/home/jcervino/Github/CoraCiteseer/PieClam/experiments/../trainer_directed.py:337:::  

In function train. 
2025-12-21 04:17:18 starting optimization of bigclam on citeseer (DIRECTED) on device cuda

 configs_dict: 
{
    "clamiter_init": {
        "dim_feat": 100,
        "dim_attr": 100,
        "s_reg": 0.0,
        "l1_reg": 1,
        "T": 1,
        "hidden_dim": 64,
        "num_coupling_blocks": 32,
        "num_layers_mlp": 2
    },
    "feat_opt": {
        "lr": 0.001,
        "n_iter": 2000,
        "early_stop": 0
    }
}


/mnt/home/jcervino/Github/CoraCiteseer/PieClam/experiments/../clamiter_directed.py:440:::  
staring fit_feats for 2000 iterations


/mnt/home/jcervino/Github/CoraCiteseer/PieClam/experiments/../trainer_directed.py:444:::  



FINISHED train 
 last accuracies:
test
key='auc': 0.5
val
auc: None




/mnt/home/jcervino/Github/CoraCiteseer/PieClam/experiments/../trainer_directed.py:460:::  

train_model_on_params on bigclam citeseer 
took 32.46797227859497 seconds


/mnt/home/jcervino/Github/CoraCiteseer/PieClam/experiments/optimization_utils_directed.py:663:::  
Repetition no. 2


/mnt/home/jcervino/Github/CoraCiteseer/PieClam/experiments/../trainer_directed.py:158:::  

Using dataset specific configuration and not global 




/mnt/home/jcervino/Github/CoraCiteseer/PieClam/experiments/../trainer_directed.py:337:::  

In function train. 
2025-12-21 04:17:50 starting optimization of bigclam on citeseer (DIRECTED) on device cuda

 configs_dict: 
{
    "clamiter_init": {
        "dim_feat": 100,
        "dim_attr": 100,
        "s_reg": 0.0,
        "l1_reg": 1,
        "T": 1,
        "hidden_dim": 64,
        "num_coupling_blocks": 32,
        "num_layers_mlp": 2
    },
    "feat_opt": {
        "lr": 0.001,
        "n_iter": 2000,
        "early_stop": 0
    }
}


/mnt/home/jcervino/Github/CoraCiteseer/PieClam/experiments/../clamiter_directed.py:440:::  
staring fit_feats for 2000 iterations


/mnt/home/jcervino/Github/CoraCiteseer/PieClam/experiments/../trainer_directed.py:444:::  



FINISHED train 
 last accuracies:
test
key='auc': 0.5
val
auc: None




/mnt/home/jcervino/Github/CoraCiteseer/PieClam/experiments/../trainer_directed.py:460:::  

train_model_on_params on bigclam citeseer 
took 27.615525484085083 seconds


/mnt/home/jcervino/Github/CoraCiteseer/PieClam/experiments/optimization_utils_directed.py:663:::  
Repetition no. 0


/mnt/home/jcervino/Github/CoraCiteseer/PieClam/experiments/../trainer_directed.py:158:::  

Using dataset specific configuration and not global 




/mnt/home/jcervino/Github/CoraCiteseer/PieClam/experiments/../trainer_directed.py:337:::  

In function train. 
2025-12-21 04:18:18 starting optimization of bigclam on citeseer (DIRECTED) on device cuda

 configs_dict: 
{
    "clamiter_init": {
        "dim_feat": 100,
        "dim_attr": 100,
        "s_reg": 0.0,
        "l1_reg": 1,
        "T": 1,
        "hidden_dim": 64,
        "num_coupling_blocks": 32,
        "num_layers_mlp": 2
    },
    "feat_opt": {
        "lr": 0.0001,
        "n_iter": 2000,
        "early_stop": 0
    }
}


/mnt/home/jcervino/Github/CoraCiteseer/PieClam/experiments/../clamiter_directed.py:440:::  
staring fit_feats for 2000 iterations


/mnt/home/jcervino/Github/CoraCiteseer/PieClam/experiments/../trainer_directed.py:444:::  



FINISHED train 
 last accuracies:
test
key='auc': 0.5858572801118
val
auc: None




/mnt/home/jcervino/Github/CoraCiteseer/PieClam/experiments/../trainer_directed.py:460:::  

train_model_on_params on bigclam citeseer 
took 21.991774320602417 seconds


/mnt/home/jcervino/Github/CoraCiteseer/PieClam/experiments/optimization_utils_directed.py:663:::  
Repetition no. 1


/mnt/home/jcervino/Github/CoraCiteseer/PieClam/experiments/../trainer_directed.py:158:::  

Using dataset specific configuration and not global 




/mnt/home/jcervino/Github/CoraCiteseer/PieClam/experiments/../trainer_directed.py:337:::  

In function train. 
2025-12-21 04:18:40 starting optimization of bigclam on citeseer (DIRECTED) on device cuda

 configs_dict: 
{
    "clamiter_init": {
        "dim_feat": 100,
        "dim_attr": 100,
        "s_reg": 0.0,
        "l1_reg": 1,
        "T": 1,
        "hidden_dim": 64,
        "num_coupling_blocks": 32,
        "num_layers_mlp": 2
    },
    "feat_opt": {
        "lr": 0.0001,
        "n_iter": 2000,
        "early_stop": 0
    }
}


/mnt/home/jcervino/Github/CoraCiteseer/PieClam/experiments/../clamiter_directed.py:440:::  
staring fit_feats for 2000 iterations


/mnt/home/jcervino/Github/CoraCiteseer/PieClam/experiments/../trainer_directed.py:444:::  



FINISHED train 
 last accuracies:
test
key='auc': 0.5831129356275657
val
auc: None




/mnt/home/jcervino/Github/CoraCiteseer/PieClam/experiments/../trainer_directed.py:460:::  

train_model_on_params on bigclam citeseer 
took 14.879746913909912 seconds


/mnt/home/jcervino/Github/CoraCiteseer/PieClam/experiments/optimization_utils_directed.py:663:::  
Repetition no. 2


/mnt/home/jcervino/Github/CoraCiteseer/PieClam/experiments/../trainer_directed.py:158:::  

Using dataset specific configuration and not global 




/mnt/home/jcervino/Github/CoraCiteseer/PieClam/experiments/../trainer_directed.py:337:::  

In function train. 
2025-12-21 04:18:55 starting optimization of bigclam on citeseer (DIRECTED) on device cuda

 configs_dict: 
{
    "clamiter_init": {
        "dim_feat": 100,
        "dim_attr": 100,
        "s_reg": 0.0,
        "l1_reg": 1,
        "T": 1,
        "hidden_dim": 64,
        "num_coupling_blocks": 32,
        "num_layers_mlp": 2
    },
    "feat_opt": {
        "lr": 0.0001,
        "n_iter": 2000,
        "early_stop": 0
    }
}


/mnt/home/jcervino/Github/CoraCiteseer/PieClam/experiments/../clamiter_directed.py:440:::  
staring fit_feats for 2000 iterations


/mnt/home/jcervino/Github/CoraCiteseer/PieClam/experiments/../trainer_directed.py:444:::  



FINISHED train 
 last accuracies:
test
key='auc': 0.5802742597606777
val
auc: None




/mnt/home/jcervino/Github/CoraCiteseer/PieClam/experiments/../trainer_directed.py:460:::  

train_model_on_params on bigclam citeseer 
took 35.51933765411377 seconds


/mnt/home/jcervino/Github/CoraCiteseer/PieClam/experiments/optimization_utils_directed.py:663:::  
Repetition no. 0


/mnt/home/jcervino/Github/CoraCiteseer/PieClam/experiments/../trainer_directed.py:158:::  

Using dataset specific configuration and not global 




/mnt/home/jcervino/Github/CoraCiteseer/PieClam/experiments/../trainer_directed.py:337:::  

In function train. 
2025-12-21 04:19:31 starting optimization of bigclam on citeseer (DIRECTED) on device cuda

 configs_dict: 
{
    "clamiter_init": {
        "dim_feat": 200,
        "dim_attr": 100,
        "s_reg": 0.0,
        "l1_reg": 1,
        "T": 1,
        "hidden_dim": 64,
        "num_coupling_blocks": 32,
        "num_layers_mlp": 2
    },
    "feat_opt": {
        "lr": 0.0001,
        "n_iter": 5000,
        "early_stop": 0
    }
}


/mnt/home/jcervino/Github/CoraCiteseer/PieClam/experiments/../clamiter_directed.py:440:::  
staring fit_feats for 5000 iterations


/mnt/home/jcervino/Github/CoraCiteseer/PieClam/experiments/../trainer_directed.py:444:::  



FINISHED train 
 last accuracies:
test
key='auc': 0.5674783823914752
val
auc: None




/mnt/home/jcervino/Github/CoraCiteseer/PieClam/experiments/../trainer_directed.py:460:::  

train_model_on_params on bigclam citeseer 
took 83.45137143135071 seconds


/mnt/home/jcervino/Github/CoraCiteseer/PieClam/experiments/optimization_utils_directed.py:663:::  
Repetition no. 1


/mnt/home/jcervino/Github/CoraCiteseer/PieClam/experiments/../trainer_directed.py:158:::  

Using dataset specific configuration and not global 




/mnt/home/jcervino/Github/CoraCiteseer/PieClam/experiments/../trainer_directed.py:337:::  

In function train. 
2025-12-21 04:20:55 starting optimization of bigclam on citeseer (DIRECTED) on device cuda

 configs_dict: 
{
    "clamiter_init": {
        "dim_feat": 200,
        "dim_attr": 100,
        "s_reg": 0.0,
        "l1_reg": 1,
        "T": 1,
        "hidden_dim": 64,
        "num_coupling_blocks": 32,
        "num_layers_mlp": 2
    },
    "feat_opt": {
        "lr": 0.0001,
        "n_iter": 5000,
        "early_stop": 0
    }
}


/mnt/home/jcervino/Github/CoraCiteseer/PieClam/experiments/../clamiter_directed.py:440:::  
staring fit_feats for 5000 iterations


/mnt/home/jcervino/Github/CoraCiteseer/PieClam/experiments/../trainer_directed.py:444:::  



FINISHED train 
 last accuracies:
test
key='auc': 0.5761621102279675
val
auc: None




/mnt/home/jcervino/Github/CoraCiteseer/PieClam/experiments/../trainer_directed.py:460:::  

train_model_on_params on bigclam citeseer 
took 43.295708656311035 seconds


/mnt/home/jcervino/Github/CoraCiteseer/PieClam/experiments/optimization_utils_directed.py:663:::  
Repetition no. 2


/mnt/home/jcervino/Github/CoraCiteseer/PieClam/experiments/../trainer_directed.py:158:::  

Using dataset specific configuration and not global 




/mnt/home/jcervino/Github/CoraCiteseer/PieClam/experiments/../trainer_directed.py:337:::  

In function train. 
2025-12-21 04:21:39 starting optimization of bigclam on citeseer (DIRECTED) on device cuda

 configs_dict: 
{
    "clamiter_init": {
        "dim_feat": 200,
        "dim_attr": 100,
        "s_reg": 0.0,
        "l1_reg": 1,
        "T": 1,
        "hidden_dim": 64,
        "num_coupling_blocks": 32,
        "num_layers_mlp": 2
    },
    "feat_opt": {
        "lr": 0.0001,
        "n_iter": 5000,
        "early_stop": 0
    }
}


/mnt/home/jcervino/Github/CoraCiteseer/PieClam/experiments/../clamiter_directed.py:440:::  
staring fit_feats for 5000 iterations


/mnt/home/jcervino/Github/CoraCiteseer/PieClam/experiments/../trainer_directed.py:444:::  



FINISHED train 
 last accuracies:
test
key='auc': 0.568584155821469
val
auc: None




/mnt/home/jcervino/Github/CoraCiteseer/PieClam/experiments/../trainer_directed.py:460:::  

train_model_on_params on bigclam citeseer 
took 87.90830087661743 seconds


/mnt/home/jcervino/Github/CoraCiteseer/PieClam/experiments/optimization_utils_directed.py:663:::  
Repetition no. 0


/mnt/home/jcervino/Github/CoraCiteseer/PieClam/experiments/../trainer_directed.py:158:::  

Using dataset specific configuration and not global 




/mnt/home/jcervino/Github/CoraCiteseer/PieClam/experiments/../trainer_directed.py:337:::  

In function train. 
2025-12-21 04:23:07 starting optimization of bigclam on citeseer (DIRECTED) on device cuda

 configs_dict: 
{
    "clamiter_init": {
        "dim_feat": 48,
        "dim_attr": 100,
        "s_reg": 0.1,
        "l1_reg": 1,
        "T": 1,
        "hidden_dim": 64,
        "num_coupling_blocks": 32,
        "num_layers_mlp": 2
    },
    "feat_opt": {
        "lr": 0.0001,
        "n_iter": 2000,
        "early_stop": 0
    }
}


/mnt/home/jcervino/Github/CoraCiteseer/PieClam/experiments/../clamiter_directed.py:440:::  
staring fit_feats for 2000 iterations


/mnt/home/jcervino/Github/CoraCiteseer/PieClam/experiments/../trainer_directed.py:444:::  



FINISHED train 
 last accuracies:
test
key='auc': 0.60237225958599
val
auc: None




/mnt/home/jcervino/Github/CoraCiteseer/PieClam/experiments/../trainer_directed.py:460:::  

train_model_on_params on bigclam citeseer 
took 35.369539737701416 seconds


/mnt/home/jcervino/Github/CoraCiteseer/PieClam/experiments/optimization_utils_directed.py:663:::  
Repetition no. 1


/mnt/home/jcervino/Github/CoraCiteseer/PieClam/experiments/../trainer_directed.py:158:::  

Using dataset specific configuration and not global 




/mnt/home/jcervino/Github/CoraCiteseer/PieClam/experiments/../trainer_directed.py:337:::  

In function train. 
2025-12-21 04:23:43 starting optimization of bigclam on citeseer (DIRECTED) on device cuda

 configs_dict: 
{
    "clamiter_init": {
        "dim_feat": 48,
        "dim_attr": 100,
        "s_reg": 0.1,
        "l1_reg": 1,
        "T": 1,
        "hidden_dim": 64,
        "num_coupling_blocks": 32,
        "num_layers_mlp": 2
    },
    "feat_opt": {
        "lr": 0.0001,
        "n_iter": 2000,
        "early_stop": 0
    }
}


/mnt/home/jcervino/Github/CoraCiteseer/PieClam/experiments/../clamiter_directed.py:440:::  
staring fit_feats for 2000 iterations


/mnt/home/jcervino/Github/CoraCiteseer/PieClam/experiments/../trainer_directed.py:444:::  



FINISHED train 
 last accuracies:
test
key='auc': 0.584344484234431
val
auc: None




/mnt/home/jcervino/Github/CoraCiteseer/PieClam/experiments/../trainer_directed.py:460:::  

train_model_on_params on bigclam citeseer 
took 35.34496808052063 seconds


/mnt/home/jcervino/Github/CoraCiteseer/PieClam/experiments/optimization_utils_directed.py:663:::  
Repetition no. 2


/mnt/home/jcervino/Github/CoraCiteseer/PieClam/experiments/../trainer_directed.py:158:::  

Using dataset specific configuration and not global 




/mnt/home/jcervino/Github/CoraCiteseer/PieClam/experiments/../trainer_directed.py:337:::  

In function train. 
2025-12-21 04:24:18 starting optimization of bigclam on citeseer (DIRECTED) on device cuda

 configs_dict: 
{
    "clamiter_init": {
        "dim_feat": 48,
        "dim_attr": 100,
        "s_reg": 0.1,
        "l1_reg": 1,
        "T": 1,
        "hidden_dim": 64,
        "num_coupling_blocks": 32,
        "num_layers_mlp": 2
    },
    "feat_opt": {
        "lr": 0.0001,
        "n_iter": 2000,
        "early_stop": 0
    }
}


/mnt/home/jcervino/Github/CoraCiteseer/PieClam/experiments/../clamiter_directed.py:440:::  
staring fit_feats for 2000 iterations


/mnt/home/jcervino/Github/CoraCiteseer/PieClam/experiments/../trainer_directed.py:444:::  



FINISHED train 
 last accuracies:
test
key='auc': 0.5960765132325968
val
auc: None




/mnt/home/jcervino/Github/CoraCiteseer/PieClam/experiments/../trainer_directed.py:460:::  

train_model_on_params on bigclam citeseer 
took 35.37615394592285 seconds


/mnt/home/jcervino/Github/CoraCiteseer/PieClam/experiments/optimization_utils_directed.py:663:::  
Repetition no. 0


/mnt/home/jcervino/Github/CoraCiteseer/PieClam/experiments/../trainer_directed.py:158:::  

Using dataset specific configuration and not global 




/mnt/home/jcervino/Github/CoraCiteseer/PieClam/experiments/../trainer_directed.py:337:::  

In function train. 
2025-12-21 04:24:54 starting optimization of bigclam on citeseer (DIRECTED) on device cuda

 configs_dict: 
{
    "clamiter_init": {
        "dim_feat": 200,
        "dim_attr": 100,
        "s_reg": 0.1,
        "l1_reg": 1,
        "T": 1,
        "hidden_dim": 64,
        "num_coupling_blocks": 32,
        "num_layers_mlp": 2
    },
    "feat_opt": {
        "lr": 1e-05,
        "n_iter": 5000,
        "early_stop": 0
    }
}


/mnt/home/jcervino/Github/CoraCiteseer/PieClam/experiments/../clamiter_directed.py:440:::  
staring fit_feats for 5000 iterations


/mnt/home/jcervino/Github/CoraCiteseer/PieClam/experiments/../trainer_directed.py:444:::  



FINISHED train 
 last accuracies:
test
key='auc': 0.5861717180539785
val
auc: None




/mnt/home/jcervino/Github/CoraCiteseer/PieClam/experiments/../trainer_directed.py:460:::  

train_model_on_params on bigclam citeseer 
took 87.6631407737732 seconds


/mnt/home/jcervino/Github/CoraCiteseer/PieClam/experiments/optimization_utils_directed.py:663:::  
Repetition no. 1


/mnt/home/jcervino/Github/CoraCiteseer/PieClam/experiments/../trainer_directed.py:158:::  

Using dataset specific configuration and not global 




/mnt/home/jcervino/Github/CoraCiteseer/PieClam/experiments/../trainer_directed.py:337:::  

In function train. 
2025-12-21 04:26:22 starting optimization of bigclam on citeseer (DIRECTED) on device cuda

 configs_dict: 
{
    "clamiter_init": {
        "dim_feat": 200,
        "dim_attr": 100,
        "s_reg": 0.1,
        "l1_reg": 1,
        "T": 1,
        "hidden_dim": 64,
        "num_coupling_blocks": 32,
        "num_layers_mlp": 2
    },
    "feat_opt": {
        "lr": 1e-05,
        "n_iter": 5000,
        "early_stop": 0
    }
}


/mnt/home/jcervino/Github/CoraCiteseer/PieClam/experiments/../clamiter_directed.py:440:::  
staring fit_feats for 5000 iterations


/mnt/home/jcervino/Github/CoraCiteseer/PieClam/experiments/../trainer_directed.py:444:::  



FINISHED train 
 last accuracies:
test
key='auc': 0.6015302646519346
val
auc: None




/mnt/home/jcervino/Github/CoraCiteseer/PieClam/experiments/../trainer_directed.py:460:::  

train_model_on_params on bigclam citeseer 
took 88.51138758659363 seconds


/mnt/home/jcervino/Github/CoraCiteseer/PieClam/experiments/optimization_utils_directed.py:663:::  
Repetition no. 2


/mnt/home/jcervino/Github/CoraCiteseer/PieClam/experiments/../trainer_directed.py:158:::  

Using dataset specific configuration and not global 




/mnt/home/jcervino/Github/CoraCiteseer/PieClam/experiments/../trainer_directed.py:337:::  

In function train. 
2025-12-21 04:27:51 starting optimization of bigclam on citeseer (DIRECTED) on device cuda

 configs_dict: 
{
    "clamiter_init": {
        "dim_feat": 200,
        "dim_attr": 100,
        "s_reg": 0.1,
        "l1_reg": 1,
        "T": 1,
        "hidden_dim": 64,
        "num_coupling_blocks": 32,
        "num_layers_mlp": 2
    },
    "feat_opt": {
        "lr": 1e-05,
        "n_iter": 5000,
        "early_stop": 0
    }
}


/mnt/home/jcervino/Github/CoraCiteseer/PieClam/experiments/../clamiter_directed.py:440:::  
staring fit_feats for 5000 iterations


/mnt/home/jcervino/Github/CoraCiteseer/PieClam/experiments/../trainer_directed.py:444:::  



FINISHED train 
 last accuracies:
test
key='auc': 0.5813782863132151
val
auc: None




/mnt/home/jcervino/Github/CoraCiteseer/PieClam/experiments/../trainer_directed.py:460:::  

train_model_on_params on bigclam citeseer 
took 88.67084217071533 seconds


/mnt/home/jcervino/Github/CoraCiteseer/PieClam/experiments/optimization_utils_directed.py:663:::  
Repetition no. 0


/mnt/home/jcervino/Github/CoraCiteseer/PieClam/experiments/../trainer_directed.py:158:::  

Using dataset specific configuration and not global 




/mnt/home/jcervino/Github/CoraCiteseer/PieClam/experiments/../trainer_directed.py:337:::  

In function train. 
2025-12-21 04:29:20 starting optimization of bigclam on citeseer (DIRECTED) on device cuda

 configs_dict: 
{
    "clamiter_init": {
        "dim_feat": 48,
        "dim_attr": 100,
        "s_reg": 0.1,
        "l1_reg": 1,
        "T": 1,
        "hidden_dim": 64,
        "num_coupling_blocks": 32,
        "num_layers_mlp": 2
    },
    "feat_opt": {
        "lr": 0.001,
        "n_iter": 7000,
        "early_stop": 0
    }
}


/mnt/home/jcervino/Github/CoraCiteseer/PieClam/experiments/../clamiter_directed.py:440:::  
staring fit_feats for 7000 iterations


/mnt/home/jcervino/Github/CoraCiteseer/PieClam/experiments/../trainer_directed.py:444:::  



FINISHED train 
 last accuracies:
test
key='auc': 0.5
val
auc: None




/mnt/home/jcervino/Github/CoraCiteseer/PieClam/experiments/../trainer_directed.py:460:::  

train_model_on_params on bigclam citeseer 
took 121.9148211479187 seconds


/mnt/home/jcervino/Github/CoraCiteseer/PieClam/experiments/optimization_utils_directed.py:663:::  
Repetition no. 1


/mnt/home/jcervino/Github/CoraCiteseer/PieClam/experiments/../trainer_directed.py:158:::  

Using dataset specific configuration and not global 




/mnt/home/jcervino/Github/CoraCiteseer/PieClam/experiments/../trainer_directed.py:337:::  

In function train. 
2025-12-21 04:31:22 starting optimization of bigclam on citeseer (DIRECTED) on device cuda

 configs_dict: 
{
    "clamiter_init": {
        "dim_feat": 48,
        "dim_attr": 100,
        "s_reg": 0.1,
        "l1_reg": 1,
        "T": 1,
        "hidden_dim": 64,
        "num_coupling_blocks": 32,
        "num_layers_mlp": 2
    },
    "feat_opt": {
        "lr": 0.001,
        "n_iter": 7000,
        "early_stop": 0
    }
}


/mnt/home/jcervino/Github/CoraCiteseer/PieClam/experiments/../clamiter_directed.py:440:::  
staring fit_feats for 7000 iterations


/mnt/home/jcervino/Github/CoraCiteseer/PieClam/experiments/../trainer_directed.py:444:::  



FINISHED train 
 last accuracies:
test
key='auc': 0.5
val
auc: None




/mnt/home/jcervino/Github/CoraCiteseer/PieClam/experiments/../trainer_directed.py:460:::  

train_model_on_params on bigclam citeseer 
took 107.38288640975952 seconds


/mnt/home/jcervino/Github/CoraCiteseer/PieClam/experiments/optimization_utils_directed.py:663:::  
Repetition no. 2


/mnt/home/jcervino/Github/CoraCiteseer/PieClam/experiments/../trainer_directed.py:158:::  

Using dataset specific configuration and not global 




/mnt/home/jcervino/Github/CoraCiteseer/PieClam/experiments/../trainer_directed.py:337:::  

In function train. 
2025-12-21 04:33:09 starting optimization of bigclam on citeseer (DIRECTED) on device cuda

 configs_dict: 
{
    "clamiter_init": {
        "dim_feat": 48,
        "dim_attr": 100,
        "s_reg": 0.1,
        "l1_reg": 1,
        "T": 1,
        "hidden_dim": 64,
        "num_coupling_blocks": 32,
        "num_layers_mlp": 2
    },
    "feat_opt": {
        "lr": 0.001,
        "n_iter": 7000,
        "early_stop": 0
    }
}


/mnt/home/jcervino/Github/CoraCiteseer/PieClam/experiments/../clamiter_directed.py:440:::  
staring fit_feats for 7000 iterations


/mnt/home/jcervino/Github/CoraCiteseer/PieClam/experiments/../trainer_directed.py:444:::  



FINISHED train 
 last accuracies:
test
key='auc': 0.5
val
auc: None




/mnt/home/jcervino/Github/CoraCiteseer/PieClam/experiments/../trainer_directed.py:460:::  

train_model_on_params on bigclam citeseer 
took 65.34264397621155 seconds


/mnt/home/jcervino/Github/CoraCiteseer/PieClam/experiments/optimization_utils_directed.py:663:::  
Repetition no. 0


/mnt/home/jcervino/Github/CoraCiteseer/PieClam/experiments/../trainer_directed.py:158:::  

Using dataset specific configuration and not global 




/mnt/home/jcervino/Github/CoraCiteseer/PieClam/experiments/../trainer_directed.py:337:::  

In function train. 
2025-12-21 04:34:15 starting optimization of bigclam on citeseer (DIRECTED) on device cuda

 configs_dict: 
{
    "clamiter_init": {
        "dim_feat": 48,
        "dim_attr": 100,
        "s_reg": 0.0,
        "l1_reg": 1,
        "T": 1,
        "hidden_dim": 64,
        "num_coupling_blocks": 32,
        "num_layers_mlp": 2
    },
    "feat_opt": {
        "lr": 0.001,
        "n_iter": 5000,
        "early_stop": 0
    }
}


/mnt/home/jcervino/Github/CoraCiteseer/PieClam/experiments/../clamiter_directed.py:440:::  
staring fit_feats for 5000 iterations


/mnt/home/jcervino/Github/CoraCiteseer/PieClam/experiments/../trainer_directed.py:444:::  



FINISHED train 
 last accuracies:
test
key='auc': 0.5
val
auc: None




/mnt/home/jcervino/Github/CoraCiteseer/PieClam/experiments/../trainer_directed.py:460:::  

train_model_on_params on bigclam citeseer 
took 57.6564564704895 seconds


/mnt/home/jcervino/Github/CoraCiteseer/PieClam/experiments/optimization_utils_directed.py:663:::  
Repetition no. 1


/mnt/home/jcervino/Github/CoraCiteseer/PieClam/experiments/../trainer_directed.py:158:::  

Using dataset specific configuration and not global 




/mnt/home/jcervino/Github/CoraCiteseer/PieClam/experiments/../trainer_directed.py:337:::  

In function train. 
2025-12-21 04:35:13 starting optimization of bigclam on citeseer (DIRECTED) on device cuda

 configs_dict: 
{
    "clamiter_init": {
        "dim_feat": 48,
        "dim_attr": 100,
        "s_reg": 0.0,
        "l1_reg": 1,
        "T": 1,
        "hidden_dim": 64,
        "num_coupling_blocks": 32,
        "num_layers_mlp": 2
    },
    "feat_opt": {
        "lr": 0.001,
        "n_iter": 5000,
        "early_stop": 0
    }
}


/mnt/home/jcervino/Github/CoraCiteseer/PieClam/experiments/../clamiter_directed.py:440:::  
staring fit_feats for 5000 iterations


/mnt/home/jcervino/Github/CoraCiteseer/PieClam/experiments/../trainer_directed.py:444:::  



FINISHED train 
 last accuracies:
test
key='auc': 0.5
val
auc: None




/mnt/home/jcervino/Github/CoraCiteseer/PieClam/experiments/../trainer_directed.py:460:::  

train_model_on_params on bigclam citeseer 
took 33.2006950378418 seconds


/mnt/home/jcervino/Github/CoraCiteseer/PieClam/experiments/optimization_utils_directed.py:663:::  
Repetition no. 2


/mnt/home/jcervino/Github/CoraCiteseer/PieClam/experiments/../trainer_directed.py:158:::  

Using dataset specific configuration and not global 




/mnt/home/jcervino/Github/CoraCiteseer/PieClam/experiments/../trainer_directed.py:337:::  

In function train. 
2025-12-21 04:35:47 starting optimization of bigclam on citeseer (DIRECTED) on device cuda

 configs_dict: 
{
    "clamiter_init": {
        "dim_feat": 48,
        "dim_attr": 100,
        "s_reg": 0.0,
        "l1_reg": 1,
        "T": 1,
        "hidden_dim": 64,
        "num_coupling_blocks": 32,
        "num_layers_mlp": 2
    },
    "feat_opt": {
        "lr": 0.001,
        "n_iter": 5000,
        "early_stop": 0
    }
}


/mnt/home/jcervino/Github/CoraCiteseer/PieClam/experiments/../clamiter_directed.py:440:::  
staring fit_feats for 5000 iterations


/mnt/home/jcervino/Github/CoraCiteseer/PieClam/experiments/../trainer_directed.py:444:::  



FINISHED train 
 last accuracies:
test
key='auc': 0.5
val
auc: None




/mnt/home/jcervino/Github/CoraCiteseer/PieClam/experiments/../trainer_directed.py:460:::  

train_model_on_params on bigclam citeseer 
took 68.10340571403503 seconds


/mnt/home/jcervino/Github/CoraCiteseer/PieClam/experiments/optimization_utils_directed.py:663:::  
Repetition no. 0


/mnt/home/jcervino/Github/CoraCiteseer/PieClam/experiments/../trainer_directed.py:158:::  

Using dataset specific configuration and not global 




/mnt/home/jcervino/Github/CoraCiteseer/PieClam/experiments/../trainer_directed.py:337:::  

In function train. 
2025-12-21 04:36:55 starting optimization of bigclam on citeseer (DIRECTED) on device cuda

 configs_dict: 
{
    "clamiter_init": {
        "dim_feat": 200,
        "dim_attr": 100,
        "s_reg": 0.0,
        "l1_reg": 1,
        "T": 1,
        "hidden_dim": 64,
        "num_coupling_blocks": 32,
        "num_layers_mlp": 2
    },
    "feat_opt": {
        "lr": 0.0001,
        "n_iter": 2000,
        "early_stop": 0
    }
}


/mnt/home/jcervino/Github/CoraCiteseer/PieClam/experiments/../clamiter_directed.py:440:::  
staring fit_feats for 2000 iterations


/mnt/home/jcervino/Github/CoraCiteseer/PieClam/experiments/../trainer_directed.py:444:::  



FINISHED train 
 last accuracies:
test
key='auc': 0.5755996156869595
val
auc: None




/mnt/home/jcervino/Github/CoraCiteseer/PieClam/experiments/../trainer_directed.py:460:::  

train_model_on_params on bigclam citeseer 
took 35.44619369506836 seconds


/mnt/home/jcervino/Github/CoraCiteseer/PieClam/experiments/optimization_utils_directed.py:663:::  
Repetition no. 1


/mnt/home/jcervino/Github/CoraCiteseer/PieClam/experiments/../trainer_directed.py:158:::  

Using dataset specific configuration and not global 




/mnt/home/jcervino/Github/CoraCiteseer/PieClam/experiments/../trainer_directed.py:337:::  

In function train. 
2025-12-21 04:37:31 starting optimization of bigclam on citeseer (DIRECTED) on device cuda

 configs_dict: 
{
    "clamiter_init": {
        "dim_feat": 200,
        "dim_attr": 100,
        "s_reg": 0.0,
        "l1_reg": 1,
        "T": 1,
        "hidden_dim": 64,
        "num_coupling_blocks": 32,
        "num_layers_mlp": 2
    },
    "feat_opt": {
        "lr": 0.0001,
        "n_iter": 2000,
        "early_stop": 0
    }
}


/mnt/home/jcervino/Github/CoraCiteseer/PieClam/experiments/../clamiter_directed.py:440:::  
staring fit_feats for 2000 iterations


/mnt/home/jcervino/Github/CoraCiteseer/PieClam/experiments/../trainer_directed.py:444:::  



FINISHED train 
 last accuracies:
test
key='auc': 0.5772556555157654
val
auc: None




/mnt/home/jcervino/Github/CoraCiteseer/PieClam/experiments/../trainer_directed.py:460:::  

train_model_on_params on bigclam citeseer 
took 35.20459771156311 seconds


/mnt/home/jcervino/Github/CoraCiteseer/PieClam/experiments/optimization_utils_directed.py:663:::  
Repetition no. 2


/mnt/home/jcervino/Github/CoraCiteseer/PieClam/experiments/../trainer_directed.py:158:::  

Using dataset specific configuration and not global 




/mnt/home/jcervino/Github/CoraCiteseer/PieClam/experiments/../trainer_directed.py:337:::  

In function train. 
2025-12-21 04:38:06 starting optimization of bigclam on citeseer (DIRECTED) on device cuda

 configs_dict: 
{
    "clamiter_init": {
        "dim_feat": 200,
        "dim_attr": 100,
        "s_reg": 0.0,
        "l1_reg": 1,
        "T": 1,
        "hidden_dim": 64,
        "num_coupling_blocks": 32,
        "num_layers_mlp": 2
    },
    "feat_opt": {
        "lr": 0.0001,
        "n_iter": 2000,
        "early_stop": 0
    }
}


/mnt/home/jcervino/Github/CoraCiteseer/PieClam/experiments/../clamiter_directed.py:440:::  
staring fit_feats for 2000 iterations


/mnt/home/jcervino/Github/CoraCiteseer/PieClam/experiments/../trainer_directed.py:444:::  



FINISHED train 
 last accuracies:
test
key='auc': 0.5730526683553149
val
auc: None




/mnt/home/jcervino/Github/CoraCiteseer/PieClam/experiments/../trainer_directed.py:460:::  

train_model_on_params on bigclam citeseer 
took 35.43552279472351 seconds


/mnt/home/jcervino/Github/CoraCiteseer/PieClam/experiments/optimization_utils_directed.py:663:::  
Repetition no. 0


/mnt/home/jcervino/Github/CoraCiteseer/PieClam/experiments/../trainer_directed.py:158:::  

Using dataset specific configuration and not global 




/mnt/home/jcervino/Github/CoraCiteseer/PieClam/experiments/../trainer_directed.py:337:::  

In function train. 
2025-12-21 04:38:42 starting optimization of bigclam on citeseer (DIRECTED) on device cuda

 configs_dict: 
{
    "clamiter_init": {
        "dim_feat": 200,
        "dim_attr": 100,
        "s_reg": 0.1,
        "l1_reg": 1,
        "T": 1,
        "hidden_dim": 64,
        "num_coupling_blocks": 32,
        "num_layers_mlp": 2
    },
    "feat_opt": {
        "lr": 0.001,
        "n_iter": 2000,
        "early_stop": 0
    }
}


/mnt/home/jcervino/Github/CoraCiteseer/PieClam/experiments/../clamiter_directed.py:440:::  
staring fit_feats for 2000 iterations


/mnt/home/jcervino/Github/CoraCiteseer/PieClam/experiments/../trainer_directed.py:444:::  



FINISHED train 
 last accuracies:
test
key='auc': 0.5
val
auc: None




/mnt/home/jcervino/Github/CoraCiteseer/PieClam/experiments/../trainer_directed.py:460:::  

train_model_on_params on bigclam citeseer 
took 35.552223443984985 seconds


/mnt/home/jcervino/Github/CoraCiteseer/PieClam/experiments/optimization_utils_directed.py:663:::  
Repetition no. 1


/mnt/home/jcervino/Github/CoraCiteseer/PieClam/experiments/../trainer_directed.py:158:::  

Using dataset specific configuration and not global 




/mnt/home/jcervino/Github/CoraCiteseer/PieClam/experiments/../trainer_directed.py:337:::  

In function train. 
2025-12-21 04:39:18 starting optimization of bigclam on citeseer (DIRECTED) on device cuda

 configs_dict: 
{
    "clamiter_init": {
        "dim_feat": 200,
        "dim_attr": 100,
        "s_reg": 0.1,
        "l1_reg": 1,
        "T": 1,
        "hidden_dim": 64,
        "num_coupling_blocks": 32,
        "num_layers_mlp": 2
    },
    "feat_opt": {
        "lr": 0.001,
        "n_iter": 2000,
        "early_stop": 0
    }
}


/mnt/home/jcervino/Github/CoraCiteseer/PieClam/experiments/../clamiter_directed.py:440:::  
staring fit_feats for 2000 iterations


/mnt/home/jcervino/Github/CoraCiteseer/PieClam/experiments/../trainer_directed.py:444:::  



FINISHED train 
 last accuracies:
test
key='auc': 0.5
val
auc: None




/mnt/home/jcervino/Github/CoraCiteseer/PieClam/experiments/../trainer_directed.py:460:::  

train_model_on_params on bigclam citeseer 
took 35.39771246910095 seconds


/mnt/home/jcervino/Github/CoraCiteseer/PieClam/experiments/optimization_utils_directed.py:663:::  
Repetition no. 2


/mnt/home/jcervino/Github/CoraCiteseer/PieClam/experiments/../trainer_directed.py:158:::  

Using dataset specific configuration and not global 




/mnt/home/jcervino/Github/CoraCiteseer/PieClam/experiments/../trainer_directed.py:337:::  

In function train. 
2025-12-21 04:39:54 starting optimization of bigclam on citeseer (DIRECTED) on device cuda

 configs_dict: 
{
    "clamiter_init": {
        "dim_feat": 200,
        "dim_attr": 100,
        "s_reg": 0.1,
        "l1_reg": 1,
        "T": 1,
        "hidden_dim": 64,
        "num_coupling_blocks": 32,
        "num_layers_mlp": 2
    },
    "feat_opt": {
        "lr": 0.001,
        "n_iter": 2000,
        "early_stop": 0
    }
}


/mnt/home/jcervino/Github/CoraCiteseer/PieClam/experiments/../clamiter_directed.py:440:::  
staring fit_feats for 2000 iterations


/mnt/home/jcervino/Github/CoraCiteseer/PieClam/experiments/../trainer_directed.py:444:::  



FINISHED train 
 last accuracies:
test
key='auc': 0.5
val
auc: None




/mnt/home/jcervino/Github/CoraCiteseer/PieClam/experiments/../trainer_directed.py:460:::  

train_model_on_params on bigclam citeseer 
took 34.518763065338135 seconds


/mnt/home/jcervino/Github/CoraCiteseer/PieClam/experiments/optimization_utils_directed.py:663:::  
Repetition no. 0


/mnt/home/jcervino/Github/CoraCiteseer/PieClam/experiments/../trainer_directed.py:158:::  

Using dataset specific configuration and not global 




/mnt/home/jcervino/Github/CoraCiteseer/PieClam/experiments/../trainer_directed.py:337:::  

In function train. 
2025-12-21 04:40:29 starting optimization of bigclam on citeseer (DIRECTED) on device cuda

 configs_dict: 
{
    "clamiter_init": {
        "dim_feat": 48,
        "dim_attr": 100,
        "s_reg": 0.0,
        "l1_reg": 1,
        "T": 1,
        "hidden_dim": 64,
        "num_coupling_blocks": 32,
        "num_layers_mlp": 2
    },
    "feat_opt": {
        "lr": 1e-05,
        "n_iter": 5000,
        "early_stop": 0
    }
}


/mnt/home/jcervino/Github/CoraCiteseer/PieClam/experiments/../clamiter_directed.py:440:::  
staring fit_feats for 5000 iterations


/mnt/home/jcervino/Github/CoraCiteseer/PieClam/experiments/../trainer_directed.py:444:::  



FINISHED train 
 last accuracies:
test
key='auc': 0.5941374792558302
val
auc: None




/mnt/home/jcervino/Github/CoraCiteseer/PieClam/experiments/../trainer_directed.py:460:::  

train_model_on_params on bigclam citeseer 
took 88.54000473022461 seconds


/mnt/home/jcervino/Github/CoraCiteseer/PieClam/experiments/optimization_utils_directed.py:663:::  
Repetition no. 1


/mnt/home/jcervino/Github/CoraCiteseer/PieClam/experiments/../trainer_directed.py:158:::  

Using dataset specific configuration and not global 




/mnt/home/jcervino/Github/CoraCiteseer/PieClam/experiments/../trainer_directed.py:337:::  

In function train. 
2025-12-21 04:41:57 starting optimization of bigclam on citeseer (DIRECTED) on device cuda

 configs_dict: 
{
    "clamiter_init": {
        "dim_feat": 48,
        "dim_attr": 100,
        "s_reg": 0.0,
        "l1_reg": 1,
        "T": 1,
        "hidden_dim": 64,
        "num_coupling_blocks": 32,
        "num_layers_mlp": 2
    },
    "feat_opt": {
        "lr": 1e-05,
        "n_iter": 5000,
        "early_stop": 0
    }
}


/mnt/home/jcervino/Github/CoraCiteseer/PieClam/experiments/../clamiter_directed.py:440:::  
staring fit_feats for 5000 iterations


/mnt/home/jcervino/Github/CoraCiteseer/PieClam/experiments/../trainer_directed.py:444:::  



FINISHED train 
 last accuracies:
test
key='auc': 0.5812996768276705
val
auc: None




/mnt/home/jcervino/Github/CoraCiteseer/PieClam/experiments/../trainer_directed.py:460:::  

train_model_on_params on bigclam citeseer 
took 88.27034831047058 seconds


/mnt/home/jcervino/Github/CoraCiteseer/PieClam/experiments/optimization_utils_directed.py:663:::  
Repetition no. 2


/mnt/home/jcervino/Github/CoraCiteseer/PieClam/experiments/../trainer_directed.py:158:::  

Using dataset specific configuration and not global 




/mnt/home/jcervino/Github/CoraCiteseer/PieClam/experiments/../trainer_directed.py:337:::  

In function train. 
2025-12-21 04:43:26 starting optimization of bigclam on citeseer (DIRECTED) on device cuda

 configs_dict: 
{
    "clamiter_init": {
        "dim_feat": 48,
        "dim_attr": 100,
        "s_reg": 0.0,
        "l1_reg": 1,
        "T": 1,
        "hidden_dim": 64,
        "num_coupling_blocks": 32,
        "num_layers_mlp": 2
    },
    "feat_opt": {
        "lr": 1e-05,
        "n_iter": 5000,
        "early_stop": 0
    }
}


/mnt/home/jcervino/Github/CoraCiteseer/PieClam/experiments/../clamiter_directed.py:440:::  
staring fit_feats for 5000 iterations


/mnt/home/jcervino/Github/CoraCiteseer/PieClam/experiments/../trainer_directed.py:444:::  



FINISHED train 
 last accuracies:
test
key='auc': 0.5867202375753341
val
auc: None




/mnt/home/jcervino/Github/CoraCiteseer/PieClam/experiments/../trainer_directed.py:460:::  

train_model_on_params on bigclam citeseer 
took 87.77617502212524 seconds


/mnt/home/jcervino/Github/CoraCiteseer/PieClam/experiments/optimization_utils_directed.py:663:::  
Repetition no. 0


/mnt/home/jcervino/Github/CoraCiteseer/PieClam/experiments/../trainer_directed.py:158:::  

Using dataset specific configuration and not global 




/mnt/home/jcervino/Github/CoraCiteseer/PieClam/experiments/../trainer_directed.py:337:::  

In function train. 
2025-12-21 04:44:54 starting optimization of bigclam on citeseer (DIRECTED) on device cuda

 configs_dict: 
{
    "clamiter_init": {
        "dim_feat": 200,
        "dim_attr": 100,
        "s_reg": 0.1,
        "l1_reg": 1,
        "T": 1,
        "hidden_dim": 64,
        "num_coupling_blocks": 32,
        "num_layers_mlp": 2
    },
    "feat_opt": {
        "lr": 0.0001,
        "n_iter": 7000,
        "early_stop": 0
    }
}


/mnt/home/jcervino/Github/CoraCiteseer/PieClam/experiments/../clamiter_directed.py:440:::  
staring fit_feats for 7000 iterations


/mnt/home/jcervino/Github/CoraCiteseer/PieClam/experiments/../trainer_directed.py:444:::  



FINISHED train 
 last accuracies:
test
key='auc': 0.5859970303083238
val
auc: None




/mnt/home/jcervino/Github/CoraCiteseer/PieClam/experiments/../trainer_directed.py:460:::  

train_model_on_params on bigclam citeseer 
took 117.83908224105835 seconds


/mnt/home/jcervino/Github/CoraCiteseer/PieClam/experiments/optimization_utils_directed.py:663:::  
Repetition no. 1


/mnt/home/jcervino/Github/CoraCiteseer/PieClam/experiments/../trainer_directed.py:158:::  

Using dataset specific configuration and not global 




/mnt/home/jcervino/Github/CoraCiteseer/PieClam/experiments/../trainer_directed.py:337:::  

In function train. 
2025-12-21 04:46:52 starting optimization of bigclam on citeseer (DIRECTED) on device cuda

 configs_dict: 
{
    "clamiter_init": {
        "dim_feat": 200,
        "dim_attr": 100,
        "s_reg": 0.1,
        "l1_reg": 1,
        "T": 1,
        "hidden_dim": 64,
        "num_coupling_blocks": 32,
        "num_layers_mlp": 2
    },
    "feat_opt": {
        "lr": 0.0001,
        "n_iter": 7000,
        "early_stop": 0
    }
}


/mnt/home/jcervino/Github/CoraCiteseer/PieClam/experiments/../clamiter_directed.py:440:::  
staring fit_feats for 7000 iterations


/mnt/home/jcervino/Github/CoraCiteseer/PieClam/experiments/../trainer_directed.py:444:::  



FINISHED train 
 last accuracies:
test
key='auc': 0.5910944187265263
val
auc: None




/mnt/home/jcervino/Github/CoraCiteseer/PieClam/experiments/../trainer_directed.py:460:::  

train_model_on_params on bigclam citeseer 
took 83.29563236236572 seconds


/mnt/home/jcervino/Github/CoraCiteseer/PieClam/experiments/optimization_utils_directed.py:663:::  
Repetition no. 2


/mnt/home/jcervino/Github/CoraCiteseer/PieClam/experiments/../trainer_directed.py:158:::  

Using dataset specific configuration and not global 




/mnt/home/jcervino/Github/CoraCiteseer/PieClam/experiments/../trainer_directed.py:337:::  

In function train. 
2025-12-21 04:48:15 starting optimization of bigclam on citeseer (DIRECTED) on device cuda

 configs_dict: 
{
    "clamiter_init": {
        "dim_feat": 200,
        "dim_attr": 100,
        "s_reg": 0.1,
        "l1_reg": 1,
        "T": 1,
        "hidden_dim": 64,
        "num_coupling_blocks": 32,
        "num_layers_mlp": 2
    },
    "feat_opt": {
        "lr": 0.0001,
        "n_iter": 7000,
        "early_stop": 0
    }
}


/mnt/home/jcervino/Github/CoraCiteseer/PieClam/experiments/../clamiter_directed.py:440:::  
staring fit_feats for 7000 iterations


/mnt/home/jcervino/Github/CoraCiteseer/PieClam/experiments/../trainer_directed.py:444:::  



FINISHED train 
 last accuracies:
test
key='auc': 0.6003738317757009
val
auc: None




/mnt/home/jcervino/Github/CoraCiteseer/PieClam/experiments/../trainer_directed.py:460:::  

train_model_on_params on bigclam citeseer 
took 58.365965127944946 seconds


/mnt/home/jcervino/Github/CoraCiteseer/PieClam/experiments/optimization_utils_directed.py:663:::  
Repetition no. 0


/mnt/home/jcervino/Github/CoraCiteseer/PieClam/experiments/../trainer_directed.py:158:::  

Using dataset specific configuration and not global 




/mnt/home/jcervino/Github/CoraCiteseer/PieClam/experiments/../trainer_directed.py:337:::  

In function train. 
2025-12-21 04:49:14 starting optimization of bigclam on citeseer (DIRECTED) on device cuda

 configs_dict: 
{
    "clamiter_init": {
        "dim_feat": 100,
        "dim_attr": 100,
        "s_reg": 0.0,
        "l1_reg": 1,
        "T": 1,
        "hidden_dim": 64,
        "num_coupling_blocks": 32,
        "num_layers_mlp": 2
    },
    "feat_opt": {
        "lr": 1e-05,
        "n_iter": 2000,
        "early_stop": 0
    }
}


/mnt/home/jcervino/Github/CoraCiteseer/PieClam/experiments/../clamiter_directed.py:440:::  
staring fit_feats for 2000 iterations


/mnt/home/jcervino/Github/CoraCiteseer/PieClam/experiments/../trainer_directed.py:444:::  



FINISHED train 
 last accuracies:
test
key='auc': 0.6256913267534283
val
auc: None




/mnt/home/jcervino/Github/CoraCiteseer/PieClam/experiments/../trainer_directed.py:460:::  

train_model_on_params on bigclam citeseer 
took 27.298922538757324 seconds


/mnt/home/jcervino/Github/CoraCiteseer/PieClam/experiments/optimization_utils_directed.py:663:::  
Repetition no. 1


/mnt/home/jcervino/Github/CoraCiteseer/PieClam/experiments/../trainer_directed.py:158:::  

Using dataset specific configuration and not global 




/mnt/home/jcervino/Github/CoraCiteseer/PieClam/experiments/../trainer_directed.py:337:::  

In function train. 
2025-12-21 04:49:41 starting optimization of bigclam on citeseer (DIRECTED) on device cuda

 configs_dict: 
{
    "clamiter_init": {
        "dim_feat": 100,
        "dim_attr": 100,
        "s_reg": 0.0,
        "l1_reg": 1,
        "T": 1,
        "hidden_dim": 64,
        "num_coupling_blocks": 32,
        "num_layers_mlp": 2
    },
    "feat_opt": {
        "lr": 1e-05,
        "n_iter": 2000,
        "early_stop": 0
    }
}


/mnt/home/jcervino/Github/CoraCiteseer/PieClam/experiments/../clamiter_directed.py:440:::  
staring fit_feats for 2000 iterations


/mnt/home/jcervino/Github/CoraCiteseer/PieClam/experiments/../trainer_directed.py:444:::  



FINISHED train 
 last accuracies:
test
key='auc': 0.6206323696392698
val
auc: None




/mnt/home/jcervino/Github/CoraCiteseer/PieClam/experiments/../trainer_directed.py:460:::  

train_model_on_params on bigclam citeseer 
took 17.98532223701477 seconds


/mnt/home/jcervino/Github/CoraCiteseer/PieClam/experiments/optimization_utils_directed.py:663:::  
Repetition no. 2


/mnt/home/jcervino/Github/CoraCiteseer/PieClam/experiments/../trainer_directed.py:158:::  

Using dataset specific configuration and not global 




/mnt/home/jcervino/Github/CoraCiteseer/PieClam/experiments/../trainer_directed.py:337:::  

In function train. 
2025-12-21 04:49:59 starting optimization of bigclam on citeseer (DIRECTED) on device cuda

 configs_dict: 
{
    "clamiter_init": {
        "dim_feat": 100,
        "dim_attr": 100,
        "s_reg": 0.0,
        "l1_reg": 1,
        "T": 1,
        "hidden_dim": 64,
        "num_coupling_blocks": 32,
        "num_layers_mlp": 2
    },
    "feat_opt": {
        "lr": 1e-05,
        "n_iter": 2000,
        "early_stop": 0
    }
}


/mnt/home/jcervino/Github/CoraCiteseer/PieClam/experiments/../clamiter_directed.py:440:::  
staring fit_feats for 2000 iterations


/mnt/home/jcervino/Github/CoraCiteseer/PieClam/experiments/../trainer_directed.py:444:::  



FINISHED train 
 last accuracies:
test
key='auc': 0.6211861297929953
val
auc: None




/mnt/home/jcervino/Github/CoraCiteseer/PieClam/experiments/../trainer_directed.py:460:::  

train_model_on_params on bigclam citeseer 
took 22.855204343795776 seconds


/mnt/home/jcervino/Github/CoraCiteseer/PieClam/experiments/optimization_utils_directed.py:663:::  
Repetition no. 0


/mnt/home/jcervino/Github/CoraCiteseer/PieClam/experiments/../trainer_directed.py:158:::  

Using dataset specific configuration and not global 




/mnt/home/jcervino/Github/CoraCiteseer/PieClam/experiments/../trainer_directed.py:337:::  

In function train. 
2025-12-21 04:50:22 starting optimization of bigclam on citeseer (DIRECTED) on device cuda

 configs_dict: 
{
    "clamiter_init": {
        "dim_feat": 100,
        "dim_attr": 100,
        "s_reg": 0.1,
        "l1_reg": 1,
        "T": 1,
        "hidden_dim": 64,
        "num_coupling_blocks": 32,
        "num_layers_mlp": 2
    },
    "feat_opt": {
        "lr": 0.001,
        "n_iter": 2000,
        "early_stop": 0
    }
}


/mnt/home/jcervino/Github/CoraCiteseer/PieClam/experiments/../clamiter_directed.py:440:::  
staring fit_feats for 2000 iterations


/mnt/home/jcervino/Github/CoraCiteseer/PieClam/experiments/../trainer_directed.py:444:::  



FINISHED train 
 last accuracies:
test
key='auc': 0.5
val
auc: None




/mnt/home/jcervino/Github/CoraCiteseer/PieClam/experiments/../trainer_directed.py:460:::  

train_model_on_params on bigclam citeseer 
took 28.809524297714233 seconds


/mnt/home/jcervino/Github/CoraCiteseer/PieClam/experiments/optimization_utils_directed.py:663:::  
Repetition no. 1


/mnt/home/jcervino/Github/CoraCiteseer/PieClam/experiments/../trainer_directed.py:158:::  

Using dataset specific configuration and not global 




/mnt/home/jcervino/Github/CoraCiteseer/PieClam/experiments/../trainer_directed.py:337:::  

In function train. 
2025-12-21 04:50:51 starting optimization of bigclam on citeseer (DIRECTED) on device cuda

 configs_dict: 
{
    "clamiter_init": {
        "dim_feat": 100,
        "dim_attr": 100,
        "s_reg": 0.1,
        "l1_reg": 1,
        "T": 1,
        "hidden_dim": 64,
        "num_coupling_blocks": 32,
        "num_layers_mlp": 2
    },
    "feat_opt": {
        "lr": 0.001,
        "n_iter": 2000,
        "early_stop": 0
    }
}


/mnt/home/jcervino/Github/CoraCiteseer/PieClam/experiments/../clamiter_directed.py:440:::  
staring fit_feats for 2000 iterations


/mnt/home/jcervino/Github/CoraCiteseer/PieClam/experiments/../trainer_directed.py:444:::  



FINISHED train 
 last accuracies:
test
key='auc': 0.5
val
auc: None




/mnt/home/jcervino/Github/CoraCiteseer/PieClam/experiments/../trainer_directed.py:460:::  

train_model_on_params on bigclam citeseer 
took 14.447947263717651 seconds


/mnt/home/jcervino/Github/CoraCiteseer/PieClam/experiments/optimization_utils_directed.py:663:::  
Repetition no. 2


/mnt/home/jcervino/Github/CoraCiteseer/PieClam/experiments/../trainer_directed.py:158:::  

Using dataset specific configuration and not global 




/mnt/home/jcervino/Github/CoraCiteseer/PieClam/experiments/../trainer_directed.py:337:::  

In function train. 
2025-12-21 04:51:06 starting optimization of bigclam on citeseer (DIRECTED) on device cuda

 configs_dict: 
{
    "clamiter_init": {
        "dim_feat": 100,
        "dim_attr": 100,
        "s_reg": 0.1,
        "l1_reg": 1,
        "T": 1,
        "hidden_dim": 64,
        "num_coupling_blocks": 32,
        "num_layers_mlp": 2
    },
    "feat_opt": {
        "lr": 0.001,
        "n_iter": 2000,
        "early_stop": 0
    }
}


/mnt/home/jcervino/Github/CoraCiteseer/PieClam/experiments/../clamiter_directed.py:440:::  
staring fit_feats for 2000 iterations


/mnt/home/jcervino/Github/CoraCiteseer/PieClam/experiments/../trainer_directed.py:444:::  



FINISHED train 
 last accuracies:
test
key='auc': 0.5
val
auc: None




/mnt/home/jcervino/Github/CoraCiteseer/PieClam/experiments/../trainer_directed.py:460:::  

train_model_on_params on bigclam citeseer 
took 15.002219676971436 seconds


/mnt/home/jcervino/Github/CoraCiteseer/PieClam/experiments/optimization_utils_directed.py:663:::  
Repetition no. 0


/mnt/home/jcervino/Github/CoraCiteseer/PieClam/experiments/../trainer_directed.py:158:::  

Using dataset specific configuration and not global 




/mnt/home/jcervino/Github/CoraCiteseer/PieClam/experiments/../trainer_directed.py:337:::  

In function train. 
2025-12-21 04:51:21 starting optimization of bigclam on citeseer (DIRECTED) on device cuda

 configs_dict: 
{
    "clamiter_init": {
        "dim_feat": 200,
        "dim_attr": 100,
        "s_reg": 0.0,
        "l1_reg": 1,
        "T": 1,
        "hidden_dim": 64,
        "num_coupling_blocks": 32,
        "num_layers_mlp": 2
    },
    "feat_opt": {
        "lr": 1e-05,
        "n_iter": 5000,
        "early_stop": 0
    }
}


/mnt/home/jcervino/Github/CoraCiteseer/PieClam/experiments/../clamiter_directed.py:440:::  
staring fit_feats for 5000 iterations


/mnt/home/jcervino/Github/CoraCiteseer/PieClam/experiments/../trainer_directed.py:444:::  



FINISHED train 
 last accuracies:
test
key='auc': 0.5935225783911259
val
auc: None




/mnt/home/jcervino/Github/CoraCiteseer/PieClam/experiments/../trainer_directed.py:460:::  

train_model_on_params on bigclam citeseer 
took 54.02228784561157 seconds


/mnt/home/jcervino/Github/CoraCiteseer/PieClam/experiments/optimization_utils_directed.py:663:::  
Repetition no. 1


/mnt/home/jcervino/Github/CoraCiteseer/PieClam/experiments/../trainer_directed.py:158:::  

Using dataset specific configuration and not global 




/mnt/home/jcervino/Github/CoraCiteseer/PieClam/experiments/../trainer_directed.py:337:::  

In function train. 
2025-12-21 04:52:15 starting optimization of bigclam on citeseer (DIRECTED) on device cuda

 configs_dict: 
{
    "clamiter_init": {
        "dim_feat": 200,
        "dim_attr": 100,
        "s_reg": 0.0,
        "l1_reg": 1,
        "T": 1,
        "hidden_dim": 64,
        "num_coupling_blocks": 32,
        "num_layers_mlp": 2
    },
    "feat_opt": {
        "lr": 1e-05,
        "n_iter": 5000,
        "early_stop": 0
    }
}


/mnt/home/jcervino/Github/CoraCiteseer/PieClam/experiments/../clamiter_directed.py:440:::  
staring fit_feats for 5000 iterations


/mnt/home/jcervino/Github/CoraCiteseer/PieClam/experiments/../trainer_directed.py:444:::  



FINISHED train 
 last accuracies:
test
key='auc': 0.5944134858939646
val
auc: None




/mnt/home/jcervino/Github/CoraCiteseer/PieClam/experiments/../trainer_directed.py:460:::  

train_model_on_params on bigclam citeseer 
took 87.87968349456787 seconds


/mnt/home/jcervino/Github/CoraCiteseer/PieClam/experiments/optimization_utils_directed.py:663:::  
Repetition no. 2


/mnt/home/jcervino/Github/CoraCiteseer/PieClam/experiments/../trainer_directed.py:158:::  

Using dataset specific configuration and not global 




/mnt/home/jcervino/Github/CoraCiteseer/PieClam/experiments/../trainer_directed.py:337:::  

In function train. 
2025-12-21 04:53:44 starting optimization of bigclam on citeseer (DIRECTED) on device cuda

 configs_dict: 
{
    "clamiter_init": {
        "dim_feat": 200,
        "dim_attr": 100,
        "s_reg": 0.0,
        "l1_reg": 1,
        "T": 1,
        "hidden_dim": 64,
        "num_coupling_blocks": 32,
        "num_layers_mlp": 2
    },
    "feat_opt": {
        "lr": 1e-05,
        "n_iter": 5000,
        "early_stop": 0
    }
}


/mnt/home/jcervino/Github/CoraCiteseer/PieClam/experiments/../clamiter_directed.py:440:::  
staring fit_feats for 5000 iterations


/mnt/home/jcervino/Github/CoraCiteseer/PieClam/experiments/../trainer_directed.py:444:::  



FINISHED train 
 last accuracies:
test
key='auc': 0.5978897720324918
val
auc: None




/mnt/home/jcervino/Github/CoraCiteseer/PieClam/experiments/../trainer_directed.py:460:::  

train_model_on_params on bigclam citeseer 
took 87.97755217552185 seconds


/mnt/home/jcervino/Github/CoraCiteseer/PieClam/experiments/optimization_utils_directed.py:663:::  
Repetition no. 0


/mnt/home/jcervino/Github/CoraCiteseer/PieClam/experiments/../trainer_directed.py:158:::  

Using dataset specific configuration and not global 




/mnt/home/jcervino/Github/CoraCiteseer/PieClam/experiments/../trainer_directed.py:337:::  

In function train. 
2025-12-21 04:55:12 starting optimization of bigclam on citeseer (DIRECTED) on device cuda

 configs_dict: 
{
    "clamiter_init": {
        "dim_feat": 100,
        "dim_attr": 100,
        "s_reg": 0.1,
        "l1_reg": 1,
        "T": 1,
        "hidden_dim": 64,
        "num_coupling_blocks": 32,
        "num_layers_mlp": 2
    },
    "feat_opt": {
        "lr": 0.0001,
        "n_iter": 5000,
        "early_stop": 0
    }
}


/mnt/home/jcervino/Github/CoraCiteseer/PieClam/experiments/../clamiter_directed.py:440:::  
staring fit_feats for 5000 iterations


/mnt/home/jcervino/Github/CoraCiteseer/PieClam/experiments/../trainer_directed.py:444:::  



FINISHED train 
 last accuracies:
test
key='auc': 0.5878487204122631
val
auc: None




/mnt/home/jcervino/Github/CoraCiteseer/PieClam/experiments/../trainer_directed.py:460:::  

train_model_on_params on bigclam citeseer 
took 73.40218949317932 seconds


/mnt/home/jcervino/Github/CoraCiteseer/PieClam/experiments/optimization_utils_directed.py:663:::  
Repetition no. 1


/mnt/home/jcervino/Github/CoraCiteseer/PieClam/experiments/../trainer_directed.py:158:::  

Using dataset specific configuration and not global 




/mnt/home/jcervino/Github/CoraCiteseer/PieClam/experiments/../trainer_directed.py:337:::  

In function train. 
2025-12-21 04:56:26 starting optimization of bigclam on citeseer (DIRECTED) on device cuda

 configs_dict: 
{
    "clamiter_init": {
        "dim_feat": 100,
        "dim_attr": 100,
        "s_reg": 0.1,
        "l1_reg": 1,
        "T": 1,
        "hidden_dim": 64,
        "num_coupling_blocks": 32,
        "num_layers_mlp": 2
    },
    "feat_opt": {
        "lr": 0.0001,
        "n_iter": 5000,
        "early_stop": 0
    }
}


/mnt/home/jcervino/Github/CoraCiteseer/PieClam/experiments/../clamiter_directed.py:440:::  
staring fit_feats for 5000 iterations


/mnt/home/jcervino/Github/CoraCiteseer/PieClam/experiments/../trainer_directed.py:444:::  



FINISHED train 
 last accuracies:
test
key='auc': 0.5959350161586165
val
auc: None




/mnt/home/jcervino/Github/CoraCiteseer/PieClam/experiments/../trainer_directed.py:460:::  

train_model_on_params on bigclam citeseer 
took 83.56236696243286 seconds


/mnt/home/jcervino/Github/CoraCiteseer/PieClam/experiments/optimization_utils_directed.py:663:::  
Repetition no. 2


/mnt/home/jcervino/Github/CoraCiteseer/PieClam/experiments/../trainer_directed.py:158:::  

Using dataset specific configuration and not global 




/mnt/home/jcervino/Github/CoraCiteseer/PieClam/experiments/../trainer_directed.py:337:::  

In function train. 
2025-12-21 04:57:50 starting optimization of bigclam on citeseer (DIRECTED) on device cuda

 configs_dict: 
{
    "clamiter_init": {
        "dim_feat": 100,
        "dim_attr": 100,
        "s_reg": 0.1,
        "l1_reg": 1,
        "T": 1,
        "hidden_dim": 64,
        "num_coupling_blocks": 32,
        "num_layers_mlp": 2
    },
    "feat_opt": {
        "lr": 0.0001,
        "n_iter": 5000,
        "early_stop": 0
    }
}


/mnt/home/jcervino/Github/CoraCiteseer/PieClam/experiments/../clamiter_directed.py:440:::  
staring fit_feats for 5000 iterations


/mnt/home/jcervino/Github/CoraCiteseer/PieClam/experiments/../trainer_directed.py:444:::  



FINISHED train 
 last accuracies:
test
key='auc': 0.5827408507293215
val
auc: None




/mnt/home/jcervino/Github/CoraCiteseer/PieClam/experiments/../trainer_directed.py:460:::  

train_model_on_params on bigclam citeseer 
took 88.34468865394592 seconds


/mnt/home/jcervino/Github/CoraCiteseer/PieClam/experiments/optimization_utils_directed.py:663:::  
Repetition no. 0


/mnt/home/jcervino/Github/CoraCiteseer/PieClam/experiments/../trainer_directed.py:158:::  

Using dataset specific configuration and not global 




/mnt/home/jcervino/Github/CoraCiteseer/PieClam/experiments/../trainer_directed.py:337:::  

In function train. 
2025-12-21 04:59:18 starting optimization of bigclam on citeseer (DIRECTED) on device cuda

 configs_dict: 
{
    "clamiter_init": {
        "dim_feat": 200,
        "dim_attr": 100,
        "s_reg": 0.0,
        "l1_reg": 1,
        "T": 1,
        "hidden_dim": 64,
        "num_coupling_blocks": 32,
        "num_layers_mlp": 2
    },
    "feat_opt": {
        "lr": 0.001,
        "n_iter": 7000,
        "early_stop": 0
    }
}


/mnt/home/jcervino/Github/CoraCiteseer/PieClam/experiments/../clamiter_directed.py:440:::  
staring fit_feats for 7000 iterations


/mnt/home/jcervino/Github/CoraCiteseer/PieClam/experiments/../trainer_directed.py:444:::  



FINISHED train 
 last accuracies:
test
key='auc': 0.5
val
auc: None




/mnt/home/jcervino/Github/CoraCiteseer/PieClam/experiments/../trainer_directed.py:460:::  

train_model_on_params on bigclam citeseer 
took 121.95396089553833 seconds


/mnt/home/jcervino/Github/CoraCiteseer/PieClam/experiments/optimization_utils_directed.py:663:::  
Repetition no. 1


/mnt/home/jcervino/Github/CoraCiteseer/PieClam/experiments/../trainer_directed.py:158:::  

Using dataset specific configuration and not global 




/mnt/home/jcervino/Github/CoraCiteseer/PieClam/experiments/../trainer_directed.py:337:::  

In function train. 
2025-12-21 05:01:21 starting optimization of bigclam on citeseer (DIRECTED) on device cuda

 configs_dict: 
{
    "clamiter_init": {
        "dim_feat": 200,
        "dim_attr": 100,
        "s_reg": 0.0,
        "l1_reg": 1,
        "T": 1,
        "hidden_dim": 64,
        "num_coupling_blocks": 32,
        "num_layers_mlp": 2
    },
    "feat_opt": {
        "lr": 0.001,
        "n_iter": 7000,
        "early_stop": 0
    }
}


/mnt/home/jcervino/Github/CoraCiteseer/PieClam/experiments/../clamiter_directed.py:440:::  
staring fit_feats for 7000 iterations


/mnt/home/jcervino/Github/CoraCiteseer/PieClam/experiments/../trainer_directed.py:444:::  



FINISHED train 
 last accuracies:
test
key='auc': 0.5
val
auc: None




/mnt/home/jcervino/Github/CoraCiteseer/PieClam/experiments/../trainer_directed.py:460:::  

train_model_on_params on bigclam citeseer 
took 123.48401975631714 seconds


/mnt/home/jcervino/Github/CoraCiteseer/PieClam/experiments/optimization_utils_directed.py:663:::  
Repetition no. 2


/mnt/home/jcervino/Github/CoraCiteseer/PieClam/experiments/../trainer_directed.py:158:::  

Using dataset specific configuration and not global 




/mnt/home/jcervino/Github/CoraCiteseer/PieClam/experiments/../trainer_directed.py:337:::  

In function train. 
2025-12-21 05:03:24 starting optimization of bigclam on citeseer (DIRECTED) on device cuda

 configs_dict: 
{
    "clamiter_init": {
        "dim_feat": 200,
        "dim_attr": 100,
        "s_reg": 0.0,
        "l1_reg": 1,
        "T": 1,
        "hidden_dim": 64,
        "num_coupling_blocks": 32,
        "num_layers_mlp": 2
    },
    "feat_opt": {
        "lr": 0.001,
        "n_iter": 7000,
        "early_stop": 0
    }
}


/mnt/home/jcervino/Github/CoraCiteseer/PieClam/experiments/../clamiter_directed.py:440:::  
staring fit_feats for 7000 iterations


/mnt/home/jcervino/Github/CoraCiteseer/PieClam/experiments/../trainer_directed.py:444:::  



FINISHED train 
 last accuracies:
test
key='auc': 0.5
val
auc: None




/mnt/home/jcervino/Github/CoraCiteseer/PieClam/experiments/../trainer_directed.py:460:::  

train_model_on_params on bigclam citeseer 
took 91.2274580001831 seconds


/mnt/home/jcervino/Github/CoraCiteseer/PieClam/experiments/optimization_utils_directed.py:663:::  
Repetition no. 0


/mnt/home/jcervino/Github/CoraCiteseer/PieClam/experiments/../trainer_directed.py:158:::  

Using dataset specific configuration and not global 




/mnt/home/jcervino/Github/CoraCiteseer/PieClam/experiments/../trainer_directed.py:337:::  

In function train. 
2025-12-21 05:04:56 starting optimization of bigclam on citeseer (DIRECTED) on device cuda

 configs_dict: 
{
    "clamiter_init": {
        "dim_feat": 48,
        "dim_attr": 100,
        "s_reg": 0.0,
        "l1_reg": 1,
        "T": 1,
        "hidden_dim": 64,
        "num_coupling_blocks": 32,
        "num_layers_mlp": 2
    },
    "feat_opt": {
        "lr": 0.001,
        "n_iter": 2000,
        "early_stop": 0
    }
}


/mnt/home/jcervino/Github/CoraCiteseer/PieClam/experiments/../clamiter_directed.py:440:::  
staring fit_feats for 2000 iterations


/mnt/home/jcervino/Github/CoraCiteseer/PieClam/experiments/../trainer_directed.py:444:::  



FINISHED train 
 last accuracies:
test
key='auc': 0.5
val
auc: None




/mnt/home/jcervino/Github/CoraCiteseer/PieClam/experiments/../trainer_directed.py:460:::  

train_model_on_params on bigclam citeseer 
took 21.512035369873047 seconds


/mnt/home/jcervino/Github/CoraCiteseer/PieClam/experiments/optimization_utils_directed.py:663:::  
Repetition no. 1


/mnt/home/jcervino/Github/CoraCiteseer/PieClam/experiments/../trainer_directed.py:158:::  

Using dataset specific configuration and not global 




/mnt/home/jcervino/Github/CoraCiteseer/PieClam/experiments/../trainer_directed.py:337:::  

In function train. 
2025-12-21 05:05:17 starting optimization of bigclam on citeseer (DIRECTED) on device cuda

 configs_dict: 
{
    "clamiter_init": {
        "dim_feat": 48,
        "dim_attr": 100,
        "s_reg": 0.0,
        "l1_reg": 1,
        "T": 1,
        "hidden_dim": 64,
        "num_coupling_blocks": 32,
        "num_layers_mlp": 2
    },
    "feat_opt": {
        "lr": 0.001,
        "n_iter": 2000,
        "early_stop": 0
    }
}


/mnt/home/jcervino/Github/CoraCiteseer/PieClam/experiments/../clamiter_directed.py:440:::  
staring fit_feats for 2000 iterations


/mnt/home/jcervino/Github/CoraCiteseer/PieClam/experiments/../trainer_directed.py:444:::  



FINISHED train 
 last accuracies:
test
key='auc': 0.5
val
auc: None




/mnt/home/jcervino/Github/CoraCiteseer/PieClam/experiments/../trainer_directed.py:460:::  

train_model_on_params on bigclam citeseer 
took 14.258430480957031 seconds


/mnt/home/jcervino/Github/CoraCiteseer/PieClam/experiments/optimization_utils_directed.py:663:::  
Repetition no. 2


/mnt/home/jcervino/Github/CoraCiteseer/PieClam/experiments/../trainer_directed.py:158:::  

Using dataset specific configuration and not global 




/mnt/home/jcervino/Github/CoraCiteseer/PieClam/experiments/../trainer_directed.py:337:::  

In function train. 
2025-12-21 05:05:32 starting optimization of bigclam on citeseer (DIRECTED) on device cuda

 configs_dict: 
{
    "clamiter_init": {
        "dim_feat": 48,
        "dim_attr": 100,
        "s_reg": 0.0,
        "l1_reg": 1,
        "T": 1,
        "hidden_dim": 64,
        "num_coupling_blocks": 32,
        "num_layers_mlp": 2
    },
    "feat_opt": {
        "lr": 0.001,
        "n_iter": 2000,
        "early_stop": 0
    }
}


/mnt/home/jcervino/Github/CoraCiteseer/PieClam/experiments/../clamiter_directed.py:440:::  
staring fit_feats for 2000 iterations


/mnt/home/jcervino/Github/CoraCiteseer/PieClam/experiments/../trainer_directed.py:444:::  



FINISHED train 
 last accuracies:
test
key='auc': 0.5
val
auc: None




/mnt/home/jcervino/Github/CoraCiteseer/PieClam/experiments/../trainer_directed.py:460:::  

train_model_on_params on bigclam citeseer 
took 35.41365170478821 seconds


/mnt/home/jcervino/Github/CoraCiteseer/PieClam/experiments/optimization_utils_directed.py:663:::  
Repetition no. 0


/mnt/home/jcervino/Github/CoraCiteseer/PieClam/experiments/../trainer_directed.py:158:::  

Using dataset specific configuration and not global 




/mnt/home/jcervino/Github/CoraCiteseer/PieClam/experiments/../trainer_directed.py:337:::  

In function train. 
2025-12-21 05:06:08 starting optimization of bigclam on citeseer (DIRECTED) on device cuda

 configs_dict: 
{
    "clamiter_init": {
        "dim_feat": 200,
        "dim_attr": 100,
        "s_reg": 0.0,
        "l1_reg": 1,
        "T": 1,
        "hidden_dim": 64,
        "num_coupling_blocks": 32,
        "num_layers_mlp": 2
    },
    "feat_opt": {
        "lr": 1e-05,
        "n_iter": 7000,
        "early_stop": 0
    }
}


/mnt/home/jcervino/Github/CoraCiteseer/PieClam/experiments/../clamiter_directed.py:440:::  
staring fit_feats for 7000 iterations


/mnt/home/jcervino/Github/CoraCiteseer/PieClam/experiments/../trainer_directed.py:444:::  



FINISHED train 
 last accuracies:
test
key='auc': 0.5772661367805048
val
auc: None




/mnt/home/jcervino/Github/CoraCiteseer/PieClam/experiments/../trainer_directed.py:460:::  

train_model_on_params on bigclam citeseer 
took 75.36716914176941 seconds


/mnt/home/jcervino/Github/CoraCiteseer/PieClam/experiments/optimization_utils_directed.py:663:::  
Repetition no. 1


/mnt/home/jcervino/Github/CoraCiteseer/PieClam/experiments/../trainer_directed.py:158:::  

Using dataset specific configuration and not global 




/mnt/home/jcervino/Github/CoraCiteseer/PieClam/experiments/../trainer_directed.py:337:::  

In function train. 
2025-12-21 05:07:24 starting optimization of bigclam on citeseer (DIRECTED) on device cuda

 configs_dict: 
{
    "clamiter_init": {
        "dim_feat": 200,
        "dim_attr": 100,
        "s_reg": 0.0,
        "l1_reg": 1,
        "T": 1,
        "hidden_dim": 64,
        "num_coupling_blocks": 32,
        "num_layers_mlp": 2
    },
    "feat_opt": {
        "lr": 1e-05,
        "n_iter": 7000,
        "early_stop": 0
    }
}


/mnt/home/jcervino/Github/CoraCiteseer/PieClam/experiments/../clamiter_directed.py:440:::  
staring fit_feats for 7000 iterations


/mnt/home/jcervino/Github/CoraCiteseer/PieClam/experiments/../trainer_directed.py:444:::  



FINISHED train 
 last accuracies:
test
key='auc': 0.5913232596733339
val
auc: None




/mnt/home/jcervino/Github/CoraCiteseer/PieClam/experiments/../trainer_directed.py:460:::  

train_model_on_params on bigclam citeseer 
took 73.64891600608826 seconds


/mnt/home/jcervino/Github/CoraCiteseer/PieClam/experiments/optimization_utils_directed.py:663:::  
Repetition no. 2


/mnt/home/jcervino/Github/CoraCiteseer/PieClam/experiments/../trainer_directed.py:158:::  

Using dataset specific configuration and not global 




/mnt/home/jcervino/Github/CoraCiteseer/PieClam/experiments/../trainer_directed.py:337:::  

In function train. 
2025-12-21 05:08:37 starting optimization of bigclam on citeseer (DIRECTED) on device cuda

 configs_dict: 
{
    "clamiter_init": {
        "dim_feat": 200,
        "dim_attr": 100,
        "s_reg": 0.0,
        "l1_reg": 1,
        "T": 1,
        "hidden_dim": 64,
        "num_coupling_blocks": 32,
        "num_layers_mlp": 2
    },
    "feat_opt": {
        "lr": 1e-05,
        "n_iter": 7000,
        "early_stop": 0
    }
}


/mnt/home/jcervino/Github/CoraCiteseer/PieClam/experiments/../clamiter_directed.py:440:::  
staring fit_feats for 7000 iterations


/mnt/home/jcervino/Github/CoraCiteseer/PieClam/experiments/../trainer_directed.py:444:::  



FINISHED train 
 last accuracies:
test
key='auc': 0.5823233470172069
val
auc: None




/mnt/home/jcervino/Github/CoraCiteseer/PieClam/experiments/../trainer_directed.py:460:::  

train_model_on_params on bigclam citeseer 
took 49.10656785964966 seconds


/mnt/home/jcervino/Github/CoraCiteseer/PieClam/experiments/optimization_utils_directed.py:663:::  
Repetition no. 0


/mnt/home/jcervino/Github/CoraCiteseer/PieClam/experiments/../trainer_directed.py:158:::  

Using dataset specific configuration and not global 




/mnt/home/jcervino/Github/CoraCiteseer/PieClam/experiments/../trainer_directed.py:337:::  

In function train. 
2025-12-21 05:09:27 starting optimization of bigclam on citeseer (DIRECTED) on device cuda

 configs_dict: 
{
    "clamiter_init": {
        "dim_feat": 200,
        "dim_attr": 100,
        "s_reg": 0.1,
        "l1_reg": 1,
        "T": 1,
        "hidden_dim": 64,
        "num_coupling_blocks": 32,
        "num_layers_mlp": 2
    },
    "feat_opt": {
        "lr": 1e-05,
        "n_iter": 2000,
        "early_stop": 0
    }
}


/mnt/home/jcervino/Github/CoraCiteseer/PieClam/experiments/../clamiter_directed.py:440:::  
staring fit_feats for 2000 iterations


/mnt/home/jcervino/Github/CoraCiteseer/PieClam/experiments/../trainer_directed.py:444:::  



FINISHED train 
 last accuracies:
test
key='auc': 0.6182601100532797
val
auc: None




/mnt/home/jcervino/Github/CoraCiteseer/PieClam/experiments/../trainer_directed.py:460:::  

train_model_on_params on bigclam citeseer 
took 28.76181983947754 seconds


/mnt/home/jcervino/Github/CoraCiteseer/PieClam/experiments/optimization_utils_directed.py:663:::  
Repetition no. 1


/mnt/home/jcervino/Github/CoraCiteseer/PieClam/experiments/../trainer_directed.py:158:::  

Using dataset specific configuration and not global 




/mnt/home/jcervino/Github/CoraCiteseer/PieClam/experiments/../trainer_directed.py:337:::  

In function train. 
2025-12-21 05:09:55 starting optimization of bigclam on citeseer (DIRECTED) on device cuda

 configs_dict: 
{
    "clamiter_init": {
        "dim_feat": 200,
        "dim_attr": 100,
        "s_reg": 0.1,
        "l1_reg": 1,
        "T": 1,
        "hidden_dim": 64,
        "num_coupling_blocks": 32,
        "num_layers_mlp": 2
    },
    "feat_opt": {
        "lr": 1e-05,
        "n_iter": 2000,
        "early_stop": 0
    }
}


/mnt/home/jcervino/Github/CoraCiteseer/PieClam/experiments/../clamiter_directed.py:440:::  
staring fit_feats for 2000 iterations


/mnt/home/jcervino/Github/CoraCiteseer/PieClam/experiments/../trainer_directed.py:444:::  



FINISHED train 
 last accuracies:
test
key='auc': 0.6125984802166128
val
auc: None




/mnt/home/jcervino/Github/CoraCiteseer/PieClam/experiments/../trainer_directed.py:460:::  

train_model_on_params on bigclam citeseer 
took 33.40415406227112 seconds


/mnt/home/jcervino/Github/CoraCiteseer/PieClam/experiments/optimization_utils_directed.py:663:::  
Repetition no. 2


/mnt/home/jcervino/Github/CoraCiteseer/PieClam/experiments/../trainer_directed.py:158:::  

Using dataset specific configuration and not global 




/mnt/home/jcervino/Github/CoraCiteseer/PieClam/experiments/../trainer_directed.py:337:::  

In function train. 
2025-12-21 05:10:29 starting optimization of bigclam on citeseer (DIRECTED) on device cuda

 configs_dict: 
{
    "clamiter_init": {
        "dim_feat": 200,
        "dim_attr": 100,
        "s_reg": 0.1,
        "l1_reg": 1,
        "T": 1,
        "hidden_dim": 64,
        "num_coupling_blocks": 32,
        "num_layers_mlp": 2
    },
    "feat_opt": {
        "lr": 1e-05,
        "n_iter": 2000,
        "early_stop": 0
    }
}


/mnt/home/jcervino/Github/CoraCiteseer/PieClam/experiments/../clamiter_directed.py:440:::  
staring fit_feats for 2000 iterations


/mnt/home/jcervino/Github/CoraCiteseer/PieClam/experiments/../trainer_directed.py:444:::  



FINISHED train 
 last accuracies:
test
key='auc': 0.6266259061926804
val
auc: None




/mnt/home/jcervino/Github/CoraCiteseer/PieClam/experiments/../trainer_directed.py:460:::  

train_model_on_params on bigclam citeseer 
took 34.66388726234436 seconds


/mnt/home/jcervino/Github/CoraCiteseer/PieClam/experiments/optimization_utils_directed.py:663:::  
Repetition no. 0


/mnt/home/jcervino/Github/CoraCiteseer/PieClam/experiments/../trainer_directed.py:158:::  

Using dataset specific configuration and not global 




/mnt/home/jcervino/Github/CoraCiteseer/PieClam/experiments/../trainer_directed.py:337:::  

In function train. 
2025-12-21 05:11:04 starting optimization of bigclam on citeseer (DIRECTED) on device cuda

 configs_dict: 
{
    "clamiter_init": {
        "dim_feat": 200,
        "dim_attr": 100,
        "s_reg": 0.0,
        "l1_reg": 1,
        "T": 1,
        "hidden_dim": 64,
        "num_coupling_blocks": 32,
        "num_layers_mlp": 2
    },
    "feat_opt": {
        "lr": 0.001,
        "n_iter": 2000,
        "early_stop": 0
    }
}


/mnt/home/jcervino/Github/CoraCiteseer/PieClam/experiments/../clamiter_directed.py:440:::  
staring fit_feats for 2000 iterations


/mnt/home/jcervino/Github/CoraCiteseer/PieClam/experiments/../trainer_directed.py:444:::  



FINISHED train 
 last accuracies:
test
key='auc': 0.5
val
auc: None




/mnt/home/jcervino/Github/CoraCiteseer/PieClam/experiments/../trainer_directed.py:460:::  

train_model_on_params on bigclam citeseer 
took 26.8928644657135 seconds


/mnt/home/jcervino/Github/CoraCiteseer/PieClam/experiments/optimization_utils_directed.py:663:::  
Repetition no. 1


/mnt/home/jcervino/Github/CoraCiteseer/PieClam/experiments/../trainer_directed.py:158:::  

Using dataset specific configuration and not global 




/mnt/home/jcervino/Github/CoraCiteseer/PieClam/experiments/../trainer_directed.py:337:::  

In function train. 
2025-12-21 05:11:31 starting optimization of bigclam on citeseer (DIRECTED) on device cuda

 configs_dict: 
{
    "clamiter_init": {
        "dim_feat": 200,
        "dim_attr": 100,
        "s_reg": 0.0,
        "l1_reg": 1,
        "T": 1,
        "hidden_dim": 64,
        "num_coupling_blocks": 32,
        "num_layers_mlp": 2
    },
    "feat_opt": {
        "lr": 0.001,
        "n_iter": 2000,
        "early_stop": 0
    }
}


/mnt/home/jcervino/Github/CoraCiteseer/PieClam/experiments/../clamiter_directed.py:440:::  
staring fit_feats for 2000 iterations


/mnt/home/jcervino/Github/CoraCiteseer/PieClam/experiments/../trainer_directed.py:444:::  



FINISHED train 
 last accuracies:
test
key='auc': 0.5
val
auc: None




/mnt/home/jcervino/Github/CoraCiteseer/PieClam/experiments/../trainer_directed.py:460:::  

train_model_on_params on bigclam citeseer 
took 24.124390125274658 seconds


/mnt/home/jcervino/Github/CoraCiteseer/PieClam/experiments/optimization_utils_directed.py:663:::  
Repetition no. 2


/mnt/home/jcervino/Github/CoraCiteseer/PieClam/experiments/../trainer_directed.py:158:::  

Using dataset specific configuration and not global 




/mnt/home/jcervino/Github/CoraCiteseer/PieClam/experiments/../trainer_directed.py:337:::  

In function train. 
2025-12-21 05:11:56 starting optimization of bigclam on citeseer (DIRECTED) on device cuda

 configs_dict: 
{
    "clamiter_init": {
        "dim_feat": 200,
        "dim_attr": 100,
        "s_reg": 0.0,
        "l1_reg": 1,
        "T": 1,
        "hidden_dim": 64,
        "num_coupling_blocks": 32,
        "num_layers_mlp": 2
    },
    "feat_opt": {
        "lr": 0.001,
        "n_iter": 2000,
        "early_stop": 0
    }
}


/mnt/home/jcervino/Github/CoraCiteseer/PieClam/experiments/../clamiter_directed.py:440:::  
staring fit_feats for 2000 iterations


/mnt/home/jcervino/Github/CoraCiteseer/PieClam/experiments/../trainer_directed.py:444:::  



FINISHED train 
 last accuracies:
test
key='auc': 0.5
val
auc: None




/mnt/home/jcervino/Github/CoraCiteseer/PieClam/experiments/../trainer_directed.py:460:::  

train_model_on_params on bigclam citeseer 
took 34.741257667541504 seconds


/mnt/home/jcervino/Github/CoraCiteseer/PieClam/experiments/optimization_utils_directed.py:663:::  
Repetition no. 0


/mnt/home/jcervino/Github/CoraCiteseer/PieClam/experiments/../trainer_directed.py:158:::  

Using dataset specific configuration and not global 




/mnt/home/jcervino/Github/CoraCiteseer/PieClam/experiments/../trainer_directed.py:337:::  

In function train. 
2025-12-21 05:12:31 starting optimization of bigclam on citeseer (DIRECTED) on device cuda

 configs_dict: 
{
    "clamiter_init": {
        "dim_feat": 48,
        "dim_attr": 100,
        "s_reg": 0.1,
        "l1_reg": 1,
        "T": 1,
        "hidden_dim": 64,
        "num_coupling_blocks": 32,
        "num_layers_mlp": 2
    },
    "feat_opt": {
        "lr": 0.0001,
        "n_iter": 7000,
        "early_stop": 0
    }
}


/mnt/home/jcervino/Github/CoraCiteseer/PieClam/experiments/../clamiter_directed.py:440:::  
staring fit_feats for 7000 iterations


/mnt/home/jcervino/Github/CoraCiteseer/PieClam/experiments/../trainer_directed.py:444:::  



FINISHED train 
 last accuracies:
test
key='auc': 0.5924692112848283
val
auc: None




/mnt/home/jcervino/Github/CoraCiteseer/PieClam/experiments/../trainer_directed.py:460:::  

train_model_on_params on bigclam citeseer 
took 117.57318758964539 seconds


/mnt/home/jcervino/Github/CoraCiteseer/PieClam/experiments/optimization_utils_directed.py:663:::  
Repetition no. 1


/mnt/home/jcervino/Github/CoraCiteseer/PieClam/experiments/../trainer_directed.py:158:::  

Using dataset specific configuration and not global 




/mnt/home/jcervino/Github/CoraCiteseer/PieClam/experiments/../trainer_directed.py:337:::  

In function train. 
2025-12-21 05:14:29 starting optimization of bigclam on citeseer (DIRECTED) on device cuda

 configs_dict: 
{
    "clamiter_init": {
        "dim_feat": 48,
        "dim_attr": 100,
        "s_reg": 0.1,
        "l1_reg": 1,
        "T": 1,
        "hidden_dim": 64,
        "num_coupling_blocks": 32,
        "num_layers_mlp": 2
    },
    "feat_opt": {
        "lr": 0.0001,
        "n_iter": 7000,
        "early_stop": 0
    }
}


/mnt/home/jcervino/Github/CoraCiteseer/PieClam/experiments/../clamiter_directed.py:440:::  
staring fit_feats for 7000 iterations


/mnt/home/jcervino/Github/CoraCiteseer/PieClam/experiments/../trainer_directed.py:444:::  



FINISHED train 
 last accuracies:
test
key='auc': 0.5892147785832823
val
auc: None




/mnt/home/jcervino/Github/CoraCiteseer/PieClam/experiments/../trainer_directed.py:460:::  

train_model_on_params on bigclam citeseer 
took 119.89366436004639 seconds


/mnt/home/jcervino/Github/CoraCiteseer/PieClam/experiments/optimization_utils_directed.py:663:::  
Repetition no. 2


/mnt/home/jcervino/Github/CoraCiteseer/PieClam/experiments/../trainer_directed.py:158:::  

Using dataset specific configuration and not global 




/mnt/home/jcervino/Github/CoraCiteseer/PieClam/experiments/../trainer_directed.py:337:::  

In function train. 
2025-12-21 05:16:29 starting optimization of bigclam on citeseer (DIRECTED) on device cuda

 configs_dict: 
{
    "clamiter_init": {
        "dim_feat": 48,
        "dim_attr": 100,
        "s_reg": 0.1,
        "l1_reg": 1,
        "T": 1,
        "hidden_dim": 64,
        "num_coupling_blocks": 32,
        "num_layers_mlp": 2
    },
    "feat_opt": {
        "lr": 0.0001,
        "n_iter": 7000,
        "early_stop": 0
    }
}


/mnt/home/jcervino/Github/CoraCiteseer/PieClam/experiments/../clamiter_directed.py:440:::  
staring fit_feats for 7000 iterations


/mnt/home/jcervino/Github/CoraCiteseer/PieClam/experiments/../trainer_directed.py:444:::  



FINISHED train 
 last accuracies:
test
key='auc': 0.6081159926631147
val
auc: None




/mnt/home/jcervino/Github/CoraCiteseer/PieClam/experiments/../trainer_directed.py:460:::  

train_model_on_params on bigclam citeseer 
took 122.9277720451355 seconds


/mnt/home/jcervino/Github/CoraCiteseer/PieClam/experiments/optimization_utils_directed.py:663:::  
Repetition no. 0


/mnt/home/jcervino/Github/CoraCiteseer/PieClam/experiments/../trainer_directed.py:158:::  

Using dataset specific configuration and not global 




/mnt/home/jcervino/Github/CoraCiteseer/PieClam/experiments/../trainer_directed.py:337:::  

In function train. 
2025-12-21 05:18:32 starting optimization of bigclam on citeseer (DIRECTED) on device cuda

 configs_dict: 
{
    "clamiter_init": {
        "dim_feat": 200,
        "dim_attr": 100,
        "s_reg": 0.1,
        "l1_reg": 1,
        "T": 1,
        "hidden_dim": 64,
        "num_coupling_blocks": 32,
        "num_layers_mlp": 2
    },
    "feat_opt": {
        "lr": 1e-05,
        "n_iter": 7000,
        "early_stop": 0
    }
}


/mnt/home/jcervino/Github/CoraCiteseer/PieClam/experiments/../clamiter_directed.py:440:::  
staring fit_feats for 7000 iterations


/mnt/home/jcervino/Github/CoraCiteseer/PieClam/experiments/../trainer_directed.py:444:::  



FINISHED train 
 last accuracies:
test
key='auc': 0.6073194165429295
val
auc: None




/mnt/home/jcervino/Github/CoraCiteseer/PieClam/experiments/../trainer_directed.py:460:::  

train_model_on_params on bigclam citeseer 
took 121.15093755722046 seconds


/mnt/home/jcervino/Github/CoraCiteseer/PieClam/experiments/optimization_utils_directed.py:663:::  
Repetition no. 1


/mnt/home/jcervino/Github/CoraCiteseer/PieClam/experiments/../trainer_directed.py:158:::  

Using dataset specific configuration and not global 




/mnt/home/jcervino/Github/CoraCiteseer/PieClam/experiments/../trainer_directed.py:337:::  

In function train. 
2025-12-21 05:20:34 starting optimization of bigclam on citeseer (DIRECTED) on device cuda

 configs_dict: 
{
    "clamiter_init": {
        "dim_feat": 200,
        "dim_attr": 100,
        "s_reg": 0.1,
        "l1_reg": 1,
        "T": 1,
        "hidden_dim": 64,
        "num_coupling_blocks": 32,
        "num_layers_mlp": 2
    },
    "feat_opt": {
        "lr": 1e-05,
        "n_iter": 7000,
        "early_stop": 0
    }
}


/mnt/home/jcervino/Github/CoraCiteseer/PieClam/experiments/../clamiter_directed.py:440:::  
staring fit_feats for 7000 iterations


/mnt/home/jcervino/Github/CoraCiteseer/PieClam/experiments/../trainer_directed.py:444:::  



FINISHED train 
 last accuracies:
test
key='auc': 0.5977011092671849
val
auc: None




/mnt/home/jcervino/Github/CoraCiteseer/PieClam/experiments/../trainer_directed.py:460:::  

train_model_on_params on bigclam citeseer 
took 123.71265268325806 seconds


/mnt/home/jcervino/Github/CoraCiteseer/PieClam/experiments/optimization_utils_directed.py:663:::  
Repetition no. 2


/mnt/home/jcervino/Github/CoraCiteseer/PieClam/experiments/../trainer_directed.py:158:::  

Using dataset specific configuration and not global 




/mnt/home/jcervino/Github/CoraCiteseer/PieClam/experiments/../trainer_directed.py:337:::  

In function train. 
2025-12-21 05:22:38 starting optimization of bigclam on citeseer (DIRECTED) on device cuda

 configs_dict: 
{
    "clamiter_init": {
        "dim_feat": 200,
        "dim_attr": 100,
        "s_reg": 0.1,
        "l1_reg": 1,
        "T": 1,
        "hidden_dim": 64,
        "num_coupling_blocks": 32,
        "num_layers_mlp": 2
    },
    "feat_opt": {
        "lr": 1e-05,
        "n_iter": 7000,
        "early_stop": 0
    }
}


/mnt/home/jcervino/Github/CoraCiteseer/PieClam/experiments/../clamiter_directed.py:440:::  
staring fit_feats for 7000 iterations


/mnt/home/jcervino/Github/CoraCiteseer/PieClam/experiments/../trainer_directed.py:444:::  



FINISHED train 
 last accuracies:
test
key='auc': 0.598717791946895
val
auc: None




/mnt/home/jcervino/Github/CoraCiteseer/PieClam/experiments/../trainer_directed.py:460:::  

train_model_on_params on bigclam citeseer 
took 108.44198727607727 seconds


/mnt/home/jcervino/Github/CoraCiteseer/PieClam/experiments/optimization_utils_directed.py:663:::  
Repetition no. 0


/mnt/home/jcervino/Github/CoraCiteseer/PieClam/experiments/../trainer_directed.py:158:::  

Using dataset specific configuration and not global 




/mnt/home/jcervino/Github/CoraCiteseer/PieClam/experiments/../trainer_directed.py:337:::  

In function train. 
2025-12-21 05:24:27 starting optimization of bigclam on citeseer (DIRECTED) on device cuda

 configs_dict: 
{
    "clamiter_init": {
        "dim_feat": 200,
        "dim_attr": 100,
        "s_reg": 0.0,
        "l1_reg": 1,
        "T": 1,
        "hidden_dim": 64,
        "num_coupling_blocks": 32,
        "num_layers_mlp": 2
    },
    "feat_opt": {
        "lr": 0.0001,
        "n_iter": 7000,
        "early_stop": 0
    }
}


/mnt/home/jcervino/Github/CoraCiteseer/PieClam/experiments/../clamiter_directed.py:440:::  
staring fit_feats for 7000 iterations


/mnt/home/jcervino/Github/CoraCiteseer/PieClam/experiments/../trainer_directed.py:444:::  



FINISHED train 
 last accuracies:
test
key='auc': 0.5872058695082538
val
auc: None




/mnt/home/jcervino/Github/CoraCiteseer/PieClam/experiments/../trainer_directed.py:460:::  

train_model_on_params on bigclam citeseer 
took 82.56013941764832 seconds


/mnt/home/jcervino/Github/CoraCiteseer/PieClam/experiments/optimization_utils_directed.py:663:::  
Repetition no. 1


/mnt/home/jcervino/Github/CoraCiteseer/PieClam/experiments/../trainer_directed.py:158:::  

Using dataset specific configuration and not global 




/mnt/home/jcervino/Github/CoraCiteseer/PieClam/experiments/../trainer_directed.py:337:::  

In function train. 
2025-12-21 05:25:49 starting optimization of bigclam on citeseer (DIRECTED) on device cuda

 configs_dict: 
{
    "clamiter_init": {
        "dim_feat": 200,
        "dim_attr": 100,
        "s_reg": 0.0,
        "l1_reg": 1,
        "T": 1,
        "hidden_dim": 64,
        "num_coupling_blocks": 32,
        "num_layers_mlp": 2
    },
    "feat_opt": {
        "lr": 0.0001,
        "n_iter": 7000,
        "early_stop": 0
    }
}


/mnt/home/jcervino/Github/CoraCiteseer/PieClam/experiments/../clamiter_directed.py:440:::  
staring fit_feats for 7000 iterations


/mnt/home/jcervino/Github/CoraCiteseer/PieClam/experiments/../trainer_directed.py:444:::  



FINISHED train 
 last accuracies:
test
key='auc': 0.5885125338457508
val
auc: None




/mnt/home/jcervino/Github/CoraCiteseer/PieClam/experiments/../trainer_directed.py:460:::  

train_model_on_params on bigclam citeseer 
took 115.7160632610321 seconds


/mnt/home/jcervino/Github/CoraCiteseer/PieClam/experiments/optimization_utils_directed.py:663:::  
Repetition no. 2


/mnt/home/jcervino/Github/CoraCiteseer/PieClam/experiments/../trainer_directed.py:158:::  

Using dataset specific configuration and not global 




/mnt/home/jcervino/Github/CoraCiteseer/PieClam/experiments/../trainer_directed.py:337:::  

In function train. 
2025-12-21 05:27:45 starting optimization of bigclam on citeseer (DIRECTED) on device cuda

 configs_dict: 
{
    "clamiter_init": {
        "dim_feat": 200,
        "dim_attr": 100,
        "s_reg": 0.0,
        "l1_reg": 1,
        "T": 1,
        "hidden_dim": 64,
        "num_coupling_blocks": 32,
        "num_layers_mlp": 2
    },
    "feat_opt": {
        "lr": 0.0001,
        "n_iter": 7000,
        "early_stop": 0
    }
}


/mnt/home/jcervino/Github/CoraCiteseer/PieClam/experiments/../clamiter_directed.py:440:::  
staring fit_feats for 7000 iterations


/mnt/home/jcervino/Github/CoraCiteseer/PieClam/experiments/../trainer_directed.py:444:::  



FINISHED train 
 last accuracies:
test
key='auc': 0.577519434011704
val
auc: None




/mnt/home/jcervino/Github/CoraCiteseer/PieClam/experiments/../trainer_directed.py:460:::  

train_model_on_params on bigclam citeseer 
took 56.46281385421753 seconds


/mnt/home/jcervino/Github/CoraCiteseer/PieClam/experiments/optimization_utils_directed.py:663:::  
Repetition no. 0


/mnt/home/jcervino/Github/CoraCiteseer/PieClam/experiments/../trainer_directed.py:158:::  

Using dataset specific configuration and not global 




/mnt/home/jcervino/Github/CoraCiteseer/PieClam/experiments/../trainer_directed.py:337:::  

In function train. 
2025-12-21 05:28:42 starting optimization of bigclam on citeseer (DIRECTED) on device cuda

 configs_dict: 
{
    "clamiter_init": {
        "dim_feat": 100,
        "dim_attr": 100,
        "s_reg": 0.0,
        "l1_reg": 1,
        "T": 1,
        "hidden_dim": 64,
        "num_coupling_blocks": 32,
        "num_layers_mlp": 2
    },
    "feat_opt": {
        "lr": 0.001,
        "n_iter": 5000,
        "early_stop": 0
    }
}


/mnt/home/jcervino/Github/CoraCiteseer/PieClam/experiments/../clamiter_directed.py:440:::  
staring fit_feats for 5000 iterations


/mnt/home/jcervino/Github/CoraCiteseer/PieClam/experiments/../trainer_directed.py:444:::  



FINISHED train 
 last accuracies:
test
key='auc': 0.5
val
auc: None




/mnt/home/jcervino/Github/CoraCiteseer/PieClam/experiments/../trainer_directed.py:460:::  

train_model_on_params on bigclam citeseer 
took 53.6474769115448 seconds


/mnt/home/jcervino/Github/CoraCiteseer/PieClam/experiments/optimization_utils_directed.py:663:::  
Repetition no. 1


/mnt/home/jcervino/Github/CoraCiteseer/PieClam/experiments/../trainer_directed.py:158:::  

Using dataset specific configuration and not global 




/mnt/home/jcervino/Github/CoraCiteseer/PieClam/experiments/../trainer_directed.py:337:::  

In function train. 
2025-12-21 05:29:36 starting optimization of bigclam on citeseer (DIRECTED) on device cuda

 configs_dict: 
{
    "clamiter_init": {
        "dim_feat": 100,
        "dim_attr": 100,
        "s_reg": 0.0,
        "l1_reg": 1,
        "T": 1,
        "hidden_dim": 64,
        "num_coupling_blocks": 32,
        "num_layers_mlp": 2
    },
    "feat_opt": {
        "lr": 0.001,
        "n_iter": 5000,
        "early_stop": 0
    }
}


/mnt/home/jcervino/Github/CoraCiteseer/PieClam/experiments/../clamiter_directed.py:440:::  
staring fit_feats for 5000 iterations


/mnt/home/jcervino/Github/CoraCiteseer/PieClam/experiments/../trainer_directed.py:444:::  



FINISHED train 
 last accuracies:
test
key='auc': 0.5
val
auc: None




/mnt/home/jcervino/Github/CoraCiteseer/PieClam/experiments/../trainer_directed.py:460:::  

train_model_on_params on bigclam citeseer 
took 44.2147479057312 seconds


/mnt/home/jcervino/Github/CoraCiteseer/PieClam/experiments/optimization_utils_directed.py:663:::  
Repetition no. 2


/mnt/home/jcervino/Github/CoraCiteseer/PieClam/experiments/../trainer_directed.py:158:::  

Using dataset specific configuration and not global 




/mnt/home/jcervino/Github/CoraCiteseer/PieClam/experiments/../trainer_directed.py:337:::  

In function train. 
2025-12-21 05:30:20 starting optimization of bigclam on citeseer (DIRECTED) on device cuda

 configs_dict: 
{
    "clamiter_init": {
        "dim_feat": 100,
        "dim_attr": 100,
        "s_reg": 0.0,
        "l1_reg": 1,
        "T": 1,
        "hidden_dim": 64,
        "num_coupling_blocks": 32,
        "num_layers_mlp": 2
    },
    "feat_opt": {
        "lr": 0.001,
        "n_iter": 5000,
        "early_stop": 0
    }
}


/mnt/home/jcervino/Github/CoraCiteseer/PieClam/experiments/../clamiter_directed.py:440:::  
staring fit_feats for 5000 iterations


/mnt/home/jcervino/Github/CoraCiteseer/PieClam/experiments/../trainer_directed.py:444:::  



FINISHED train 
 last accuracies:
test
key='auc': 0.5
val
auc: None




/mnt/home/jcervino/Github/CoraCiteseer/PieClam/experiments/../trainer_directed.py:460:::  

train_model_on_params on bigclam citeseer 
took 48.46000385284424 seconds


/mnt/home/jcervino/Github/CoraCiteseer/PieClam/experiments/optimization_utils_directed.py:663:::  
Repetition no. 0


/mnt/home/jcervino/Github/CoraCiteseer/PieClam/experiments/../trainer_directed.py:158:::  

Using dataset specific configuration and not global 




/mnt/home/jcervino/Github/CoraCiteseer/PieClam/experiments/../trainer_directed.py:337:::  

In function train. 
2025-12-21 05:31:09 starting optimization of bigclam on citeseer (DIRECTED) on device cuda

 configs_dict: 
{
    "clamiter_init": {
        "dim_feat": 100,
        "dim_attr": 100,
        "s_reg": 0.1,
        "l1_reg": 1,
        "T": 1,
        "hidden_dim": 64,
        "num_coupling_blocks": 32,
        "num_layers_mlp": 2
    },
    "feat_opt": {
        "lr": 0.0001,
        "n_iter": 2000,
        "early_stop": 0
    }
}


/mnt/home/jcervino/Github/CoraCiteseer/PieClam/experiments/../clamiter_directed.py:440:::  
staring fit_feats for 2000 iterations


/mnt/home/jcervino/Github/CoraCiteseer/PieClam/experiments/../trainer_directed.py:444:::  



FINISHED train 
 last accuracies:
test
key='auc': 0.5933933094593414
val
auc: None




/mnt/home/jcervino/Github/CoraCiteseer/PieClam/experiments/../trainer_directed.py:460:::  

train_model_on_params on bigclam citeseer 
took 23.146119356155396 seconds


/mnt/home/jcervino/Github/CoraCiteseer/PieClam/experiments/optimization_utils_directed.py:663:::  
Repetition no. 1


/mnt/home/jcervino/Github/CoraCiteseer/PieClam/experiments/../trainer_directed.py:158:::  

Using dataset specific configuration and not global 




/mnt/home/jcervino/Github/CoraCiteseer/PieClam/experiments/../trainer_directed.py:337:::  

In function train. 
2025-12-21 05:31:32 starting optimization of bigclam on citeseer (DIRECTED) on device cuda

 configs_dict: 
{
    "clamiter_init": {
        "dim_feat": 100,
        "dim_attr": 100,
        "s_reg": 0.1,
        "l1_reg": 1,
        "T": 1,
        "hidden_dim": 64,
        "num_coupling_blocks": 32,
        "num_layers_mlp": 2
    },
    "feat_opt": {
        "lr": 0.0001,
        "n_iter": 2000,
        "early_stop": 0
    }
}


/mnt/home/jcervino/Github/CoraCiteseer/PieClam/experiments/../clamiter_directed.py:440:::  
staring fit_feats for 2000 iterations


/mnt/home/jcervino/Github/CoraCiteseer/PieClam/experiments/../trainer_directed.py:444:::  



FINISHED train 
 last accuracies:
test
key='auc': 0.5825399598218185
val
auc: None




/mnt/home/jcervino/Github/CoraCiteseer/PieClam/experiments/../trainer_directed.py:460:::  

train_model_on_params on bigclam citeseer 
took 18.58385396003723 seconds


/mnt/home/jcervino/Github/CoraCiteseer/PieClam/experiments/optimization_utils_directed.py:663:::  
Repetition no. 2


/mnt/home/jcervino/Github/CoraCiteseer/PieClam/experiments/../trainer_directed.py:158:::  

Using dataset specific configuration and not global 




/mnt/home/jcervino/Github/CoraCiteseer/PieClam/experiments/../trainer_directed.py:337:::  

In function train. 
2025-12-21 05:31:51 starting optimization of bigclam on citeseer (DIRECTED) on device cuda

 configs_dict: 
{
    "clamiter_init": {
        "dim_feat": 100,
        "dim_attr": 100,
        "s_reg": 0.1,
        "l1_reg": 1,
        "T": 1,
        "hidden_dim": 64,
        "num_coupling_blocks": 32,
        "num_layers_mlp": 2
    },
    "feat_opt": {
        "lr": 0.0001,
        "n_iter": 2000,
        "early_stop": 0
    }
}


/mnt/home/jcervino/Github/CoraCiteseer/PieClam/experiments/../clamiter_directed.py:440:::  
staring fit_feats for 2000 iterations


/mnt/home/jcervino/Github/CoraCiteseer/PieClam/experiments/../trainer_directed.py:444:::  



FINISHED train 
 last accuracies:
test
key='auc': 0.5867534282470085
val
auc: None




/mnt/home/jcervino/Github/CoraCiteseer/PieClam/experiments/../trainer_directed.py:460:::  

train_model_on_params on bigclam citeseer 
took 35.02207159996033 seconds


/mnt/home/jcervino/Github/CoraCiteseer/PieClam/experiments/optimization_utils_directed.py:663:::  
Repetition no. 0


/mnt/home/jcervino/Github/CoraCiteseer/PieClam/experiments/../trainer_directed.py:158:::  

Using dataset specific configuration and not global 




/mnt/home/jcervino/Github/CoraCiteseer/PieClam/experiments/../trainer_directed.py:337:::  

In function train. 
2025-12-21 05:32:27 starting optimization of bigclam on citeseer (DIRECTED) on device cuda

 configs_dict: 
{
    "clamiter_init": {
        "dim_feat": 48,
        "dim_attr": 100,
        "s_reg": 0.1,
        "l1_reg": 1,
        "T": 1,
        "hidden_dim": 64,
        "num_coupling_blocks": 32,
        "num_layers_mlp": 2
    },
    "feat_opt": {
        "lr": 0.0001,
        "n_iter": 5000,
        "early_stop": 0
    }
}


/mnt/home/jcervino/Github/CoraCiteseer/PieClam/experiments/../clamiter_directed.py:440:::  
staring fit_feats for 5000 iterations


/mnt/home/jcervino/Github/CoraCiteseer/PieClam/experiments/../trainer_directed.py:444:::  



FINISHED train 
 last accuracies:
test
key='auc': 0.6045873002008909
val
auc: None




/mnt/home/jcervino/Github/CoraCiteseer/PieClam/experiments/../trainer_directed.py:460:::  

train_model_on_params on bigclam citeseer 
took 88.41920924186707 seconds


/mnt/home/jcervino/Github/CoraCiteseer/PieClam/experiments/optimization_utils_directed.py:663:::  
Repetition no. 1


/mnt/home/jcervino/Github/CoraCiteseer/PieClam/experiments/../trainer_directed.py:158:::  

Using dataset specific configuration and not global 




/mnt/home/jcervino/Github/CoraCiteseer/PieClam/experiments/../trainer_directed.py:337:::  

In function train. 
2025-12-21 05:33:55 starting optimization of bigclam on citeseer (DIRECTED) on device cuda

 configs_dict: 
{
    "clamiter_init": {
        "dim_feat": 48,
        "dim_attr": 100,
        "s_reg": 0.1,
        "l1_reg": 1,
        "T": 1,
        "hidden_dim": 64,
        "num_coupling_blocks": 32,
        "num_layers_mlp": 2
    },
    "feat_opt": {
        "lr": 0.0001,
        "n_iter": 5000,
        "early_stop": 0
    }
}


/mnt/home/jcervino/Github/CoraCiteseer/PieClam/experiments/../clamiter_directed.py:440:::  
staring fit_feats for 5000 iterations


/mnt/home/jcervino/Github/CoraCiteseer/PieClam/experiments/../trainer_directed.py:444:::  



FINISHED train 
 last accuracies:
test
key='auc': 0.6062468337846101
val
auc: None




/mnt/home/jcervino/Github/CoraCiteseer/PieClam/experiments/../trainer_directed.py:460:::  

train_model_on_params on bigclam citeseer 
took 87.73936724662781 seconds


/mnt/home/jcervino/Github/CoraCiteseer/PieClam/experiments/optimization_utils_directed.py:663:::  
Repetition no. 2


/mnt/home/jcervino/Github/CoraCiteseer/PieClam/experiments/../trainer_directed.py:158:::  

Using dataset specific configuration and not global 




/mnt/home/jcervino/Github/CoraCiteseer/PieClam/experiments/../trainer_directed.py:337:::  

In function train. 
2025-12-21 05:35:23 starting optimization of bigclam on citeseer (DIRECTED) on device cuda

 configs_dict: 
{
    "clamiter_init": {
        "dim_feat": 48,
        "dim_attr": 100,
        "s_reg": 0.1,
        "l1_reg": 1,
        "T": 1,
        "hidden_dim": 64,
        "num_coupling_blocks": 32,
        "num_layers_mlp": 2
    },
    "feat_opt": {
        "lr": 0.0001,
        "n_iter": 5000,
        "early_stop": 0
    }
}


/mnt/home/jcervino/Github/CoraCiteseer/PieClam/experiments/../clamiter_directed.py:440:::  
staring fit_feats for 5000 iterations


/mnt/home/jcervino/Github/CoraCiteseer/PieClam/experiments/../trainer_directed.py:444:::  



FINISHED train 
 last accuracies:
test
key='auc': 0.5942632544327016
val
auc: None




/mnt/home/jcervino/Github/CoraCiteseer/PieClam/experiments/../trainer_directed.py:460:::  

train_model_on_params on bigclam citeseer 
took 88.13745546340942 seconds


/mnt/home/jcervino/Github/CoraCiteseer/PieClam/experiments/optimization_utils_directed.py:663:::  
Repetition no. 0


/mnt/home/jcervino/Github/CoraCiteseer/PieClam/experiments/../trainer_directed.py:158:::  

Using dataset specific configuration and not global 




/mnt/home/jcervino/Github/CoraCiteseer/PieClam/experiments/../trainer_directed.py:337:::  

In function train. 
2025-12-21 05:36:52 starting optimization of bigclam on citeseer (DIRECTED) on device cuda

 configs_dict: 
{
    "clamiter_init": {
        "dim_feat": 200,
        "dim_attr": 100,
        "s_reg": 0.1,
        "l1_reg": 1,
        "T": 1,
        "hidden_dim": 64,
        "num_coupling_blocks": 32,
        "num_layers_mlp": 2
    },
    "feat_opt": {
        "lr": 0.0001,
        "n_iter": 5000,
        "early_stop": 0
    }
}


/mnt/home/jcervino/Github/CoraCiteseer/PieClam/experiments/../clamiter_directed.py:440:::  
staring fit_feats for 5000 iterations


/mnt/home/jcervino/Github/CoraCiteseer/PieClam/experiments/../trainer_directed.py:444:::  



FINISHED train 
 last accuracies:
test
key='auc': 0.5770372958336972
val
auc: None




/mnt/home/jcervino/Github/CoraCiteseer/PieClam/experiments/../trainer_directed.py:460:::  

train_model_on_params on bigclam citeseer 
took 87.58798909187317 seconds


/mnt/home/jcervino/Github/CoraCiteseer/PieClam/experiments/optimization_utils_directed.py:663:::  
Repetition no. 1


/mnt/home/jcervino/Github/CoraCiteseer/PieClam/experiments/../trainer_directed.py:158:::  

Using dataset specific configuration and not global 




/mnt/home/jcervino/Github/CoraCiteseer/PieClam/experiments/../trainer_directed.py:337:::  

In function train. 
2025-12-21 05:38:20 starting optimization of bigclam on citeseer (DIRECTED) on device cuda

 configs_dict: 
{
    "clamiter_init": {
        "dim_feat": 200,
        "dim_attr": 100,
        "s_reg": 0.1,
        "l1_reg": 1,
        "T": 1,
        "hidden_dim": 64,
        "num_coupling_blocks": 32,
        "num_layers_mlp": 2
    },
    "feat_opt": {
        "lr": 0.0001,
        "n_iter": 5000,
        "early_stop": 0
    }
}


/mnt/home/jcervino/Github/CoraCiteseer/PieClam/experiments/../clamiter_directed.py:440:::  
staring fit_feats for 5000 iterations


/mnt/home/jcervino/Github/CoraCiteseer/PieClam/experiments/../trainer_directed.py:444:::  



FINISHED train 
 last accuracies:
test
key='auc': 0.5746213643112936
val
auc: None




/mnt/home/jcervino/Github/CoraCiteseer/PieClam/experiments/../trainer_directed.py:460:::  

train_model_on_params on bigclam citeseer 
took 87.84688258171082 seconds


/mnt/home/jcervino/Github/CoraCiteseer/PieClam/experiments/optimization_utils_directed.py:663:::  
Repetition no. 2


/mnt/home/jcervino/Github/CoraCiteseer/PieClam/experiments/../trainer_directed.py:158:::  

Using dataset specific configuration and not global 




/mnt/home/jcervino/Github/CoraCiteseer/PieClam/experiments/../trainer_directed.py:337:::  

In function train. 
2025-12-21 05:39:48 starting optimization of bigclam on citeseer (DIRECTED) on device cuda

 configs_dict: 
{
    "clamiter_init": {
        "dim_feat": 200,
        "dim_attr": 100,
        "s_reg": 0.1,
        "l1_reg": 1,
        "T": 1,
        "hidden_dim": 64,
        "num_coupling_blocks": 32,
        "num_layers_mlp": 2
    },
    "feat_opt": {
        "lr": 0.0001,
        "n_iter": 5000,
        "early_stop": 0
    }
}


/mnt/home/jcervino/Github/CoraCiteseer/PieClam/experiments/../clamiter_directed.py:440:::  
staring fit_feats for 5000 iterations


/mnt/home/jcervino/Github/CoraCiteseer/PieClam/experiments/../trainer_directed.py:444:::  



FINISHED train 
 last accuracies:
test
key='auc': 0.5900445453751418
val
auc: None




/mnt/home/jcervino/Github/CoraCiteseer/PieClam/experiments/../trainer_directed.py:460:::  

train_model_on_params on bigclam citeseer 
took 86.91956949234009 seconds


/mnt/home/jcervino/Github/CoraCiteseer/PieClam/experiments/optimization_utils_directed.py:663:::  
Repetition no. 0


/mnt/home/jcervino/Github/CoraCiteseer/PieClam/experiments/../trainer_directed.py:158:::  

Using dataset specific configuration and not global 




/mnt/home/jcervino/Github/CoraCiteseer/PieClam/experiments/../trainer_directed.py:337:::  

In function train. 
2025-12-21 05:41:15 starting optimization of bigclam on citeseer (DIRECTED) on device cuda

 configs_dict: 
{
    "clamiter_init": {
        "dim_feat": 100,
        "dim_attr": 100,
        "s_reg": 0.0,
        "l1_reg": 1,
        "T": 1,
        "hidden_dim": 64,
        "num_coupling_blocks": 32,
        "num_layers_mlp": 2
    },
    "feat_opt": {
        "lr": 1e-05,
        "n_iter": 5000,
        "early_stop": 0
    }
}


/mnt/home/jcervino/Github/CoraCiteseer/PieClam/experiments/../clamiter_directed.py:440:::  
staring fit_feats for 5000 iterations


/mnt/home/jcervino/Github/CoraCiteseer/PieClam/experiments/../trainer_directed.py:444:::  



FINISHED train 
 last accuracies:
test
key='auc': 0.6133618656651235
val
auc: None




/mnt/home/jcervino/Github/CoraCiteseer/PieClam/experiments/../trainer_directed.py:460:::  

train_model_on_params on bigclam citeseer 
took 87.94529938697815 seconds


/mnt/home/jcervino/Github/CoraCiteseer/PieClam/experiments/optimization_utils_directed.py:663:::  
Repetition no. 1


/mnt/home/jcervino/Github/CoraCiteseer/PieClam/experiments/../trainer_directed.py:158:::  

Using dataset specific configuration and not global 




/mnt/home/jcervino/Github/CoraCiteseer/PieClam/experiments/../trainer_directed.py:337:::  

In function train. 
2025-12-21 05:42:44 starting optimization of bigclam on citeseer (DIRECTED) on device cuda

 configs_dict: 
{
    "clamiter_init": {
        "dim_feat": 100,
        "dim_attr": 100,
        "s_reg": 0.0,
        "l1_reg": 1,
        "T": 1,
        "hidden_dim": 64,
        "num_coupling_blocks": 32,
        "num_layers_mlp": 2
    },
    "feat_opt": {
        "lr": 1e-05,
        "n_iter": 5000,
        "early_stop": 0
    }
}


/mnt/home/jcervino/Github/CoraCiteseer/PieClam/experiments/../clamiter_directed.py:440:::  
staring fit_feats for 5000 iterations


/mnt/home/jcervino/Github/CoraCiteseer/PieClam/experiments/../trainer_directed.py:444:::  



FINISHED train 
 last accuracies:
test
key='auc': 0.5953602934754126
val
auc: None




/mnt/home/jcervino/Github/CoraCiteseer/PieClam/experiments/../trainer_directed.py:460:::  

train_model_on_params on bigclam citeseer 
took 88.872074842453 seconds


/mnt/home/jcervino/Github/CoraCiteseer/PieClam/experiments/optimization_utils_directed.py:663:::  
Repetition no. 2


/mnt/home/jcervino/Github/CoraCiteseer/PieClam/experiments/../trainer_directed.py:158:::  

Using dataset specific configuration and not global 




/mnt/home/jcervino/Github/CoraCiteseer/PieClam/experiments/../trainer_directed.py:337:::  

In function train. 
2025-12-21 05:44:13 starting optimization of bigclam on citeseer (DIRECTED) on device cuda

 configs_dict: 
{
    "clamiter_init": {
        "dim_feat": 100,
        "dim_attr": 100,
        "s_reg": 0.0,
        "l1_reg": 1,
        "T": 1,
        "hidden_dim": 64,
        "num_coupling_blocks": 32,
        "num_layers_mlp": 2
    },
    "feat_opt": {
        "lr": 1e-05,
        "n_iter": 5000,
        "early_stop": 0
    }
}


/mnt/home/jcervino/Github/CoraCiteseer/PieClam/experiments/../clamiter_directed.py:440:::  
staring fit_feats for 5000 iterations


/mnt/home/jcervino/Github/CoraCiteseer/PieClam/experiments/../trainer_directed.py:444:::  



FINISHED train 
 last accuracies:
test
key='auc': 0.589405188226046
val
auc: None




/mnt/home/jcervino/Github/CoraCiteseer/PieClam/experiments/../trainer_directed.py:460:::  

train_model_on_params on bigclam citeseer 
took 76.32002019882202 seconds


/mnt/home/jcervino/Github/CoraCiteseer/PieClam/experiments/optimization_utils_directed.py:663:::  
Repetition no. 0


/mnt/home/jcervino/Github/CoraCiteseer/PieClam/experiments/../trainer_directed.py:158:::  

Using dataset specific configuration and not global 




/mnt/home/jcervino/Github/CoraCiteseer/PieClam/experiments/../trainer_directed.py:337:::  

In function train. 
2025-12-21 05:45:29 starting optimization of bigclam on citeseer (DIRECTED) on device cuda

 configs_dict: 
{
    "clamiter_init": {
        "dim_feat": 100,
        "dim_attr": 100,
        "s_reg": 0.1,
        "l1_reg": 1,
        "T": 1,
        "hidden_dim": 64,
        "num_coupling_blocks": 32,
        "num_layers_mlp": 2
    },
    "feat_opt": {
        "lr": 0.001,
        "n_iter": 7000,
        "early_stop": 0
    }
}


/mnt/home/jcervino/Github/CoraCiteseer/PieClam/experiments/../clamiter_directed.py:440:::  
staring fit_feats for 7000 iterations


/mnt/home/jcervino/Github/CoraCiteseer/PieClam/experiments/../trainer_directed.py:444:::  



FINISHED train 
 last accuracies:
test
key='auc': 0.5
val
auc: None




/mnt/home/jcervino/Github/CoraCiteseer/PieClam/experiments/../trainer_directed.py:460:::  

train_model_on_params on bigclam citeseer 
took 62.0546760559082 seconds


/mnt/home/jcervino/Github/CoraCiteseer/PieClam/experiments/optimization_utils_directed.py:663:::  
Repetition no. 1


/mnt/home/jcervino/Github/CoraCiteseer/PieClam/experiments/../trainer_directed.py:158:::  

Using dataset specific configuration and not global 




/mnt/home/jcervino/Github/CoraCiteseer/PieClam/experiments/../trainer_directed.py:337:::  

In function train. 
2025-12-21 05:46:32 starting optimization of bigclam on citeseer (DIRECTED) on device cuda

 configs_dict: 
{
    "clamiter_init": {
        "dim_feat": 100,
        "dim_attr": 100,
        "s_reg": 0.1,
        "l1_reg": 1,
        "T": 1,
        "hidden_dim": 64,
        "num_coupling_blocks": 32,
        "num_layers_mlp": 2
    },
    "feat_opt": {
        "lr": 0.001,
        "n_iter": 7000,
        "early_stop": 0
    }
}


/mnt/home/jcervino/Github/CoraCiteseer/PieClam/experiments/../clamiter_directed.py:440:::  
staring fit_feats for 7000 iterations


/mnt/home/jcervino/Github/CoraCiteseer/PieClam/experiments/../trainer_directed.py:444:::  



FINISHED train 
 last accuracies:
test
key='auc': 0.5
val
auc: None




/mnt/home/jcervino/Github/CoraCiteseer/PieClam/experiments/../trainer_directed.py:460:::  

train_model_on_params on bigclam citeseer 
took 57.77185845375061 seconds


/mnt/home/jcervino/Github/CoraCiteseer/PieClam/experiments/optimization_utils_directed.py:663:::  
Repetition no. 2


/mnt/home/jcervino/Github/CoraCiteseer/PieClam/experiments/../trainer_directed.py:158:::  

Using dataset specific configuration and not global 




/mnt/home/jcervino/Github/CoraCiteseer/PieClam/experiments/../trainer_directed.py:337:::  

In function train. 
2025-12-21 05:47:30 starting optimization of bigclam on citeseer (DIRECTED) on device cuda

 configs_dict: 
{
    "clamiter_init": {
        "dim_feat": 100,
        "dim_attr": 100,
        "s_reg": 0.1,
        "l1_reg": 1,
        "T": 1,
        "hidden_dim": 64,
        "num_coupling_blocks": 32,
        "num_layers_mlp": 2
    },
    "feat_opt": {
        "lr": 0.001,
        "n_iter": 7000,
        "early_stop": 0
    }
}


/mnt/home/jcervino/Github/CoraCiteseer/PieClam/experiments/../clamiter_directed.py:440:::  
staring fit_feats for 7000 iterations


/mnt/home/jcervino/Github/CoraCiteseer/PieClam/experiments/../trainer_directed.py:444:::  



FINISHED train 
 last accuracies:
test
key='auc': 0.5
val
auc: None




/mnt/home/jcervino/Github/CoraCiteseer/PieClam/experiments/../trainer_directed.py:460:::  

train_model_on_params on bigclam citeseer 
took 58.184287309646606 seconds


/mnt/home/jcervino/Github/CoraCiteseer/PieClam/experiments/optimization_utils_directed.py:663:::  
Repetition no. 0


/mnt/home/jcervino/Github/CoraCiteseer/PieClam/experiments/../trainer_directed.py:158:::  

Using dataset specific configuration and not global 




/mnt/home/jcervino/Github/CoraCiteseer/PieClam/experiments/../trainer_directed.py:337:::  

In function train. 
2025-12-21 05:48:28 starting optimization of bigclam on citeseer (DIRECTED) on device cuda

 configs_dict: 
{
    "clamiter_init": {
        "dim_feat": 200,
        "dim_attr": 100,
        "s_reg": 0.1,
        "l1_reg": 1,
        "T": 1,
        "hidden_dim": 64,
        "num_coupling_blocks": 32,
        "num_layers_mlp": 2
    },
    "feat_opt": {
        "lr": 0.001,
        "n_iter": 7000,
        "early_stop": 0
    }
}


/mnt/home/jcervino/Github/CoraCiteseer/PieClam/experiments/../clamiter_directed.py:440:::  
staring fit_feats for 7000 iterations


/mnt/home/jcervino/Github/CoraCiteseer/PieClam/experiments/../trainer_directed.py:444:::  



FINISHED train 
 last accuracies:
test
key='auc': 0.5
val
auc: None




/mnt/home/jcervino/Github/CoraCiteseer/PieClam/experiments/../trainer_directed.py:460:::  

train_model_on_params on bigclam citeseer 
took 66.42088961601257 seconds


/mnt/home/jcervino/Github/CoraCiteseer/PieClam/experiments/optimization_utils_directed.py:663:::  
Repetition no. 1


/mnt/home/jcervino/Github/CoraCiteseer/PieClam/experiments/../trainer_directed.py:158:::  

Using dataset specific configuration and not global 




/mnt/home/jcervino/Github/CoraCiteseer/PieClam/experiments/../trainer_directed.py:337:::  

In function train. 
2025-12-21 05:49:35 starting optimization of bigclam on citeseer (DIRECTED) on device cuda

 configs_dict: 
{
    "clamiter_init": {
        "dim_feat": 200,
        "dim_attr": 100,
        "s_reg": 0.1,
        "l1_reg": 1,
        "T": 1,
        "hidden_dim": 64,
        "num_coupling_blocks": 32,
        "num_layers_mlp": 2
    },
    "feat_opt": {
        "lr": 0.001,
        "n_iter": 7000,
        "early_stop": 0
    }
}


/mnt/home/jcervino/Github/CoraCiteseer/PieClam/experiments/../clamiter_directed.py:440:::  
staring fit_feats for 7000 iterations


/mnt/home/jcervino/Github/CoraCiteseer/PieClam/experiments/../trainer_directed.py:444:::  



FINISHED train 
 last accuracies:
test
key='auc': 0.5
val
auc: None




/mnt/home/jcervino/Github/CoraCiteseer/PieClam/experiments/../trainer_directed.py:460:::  

train_model_on_params on bigclam citeseer 
took 60.37390375137329 seconds


/mnt/home/jcervino/Github/CoraCiteseer/PieClam/experiments/optimization_utils_directed.py:663:::  
Repetition no. 2


/mnt/home/jcervino/Github/CoraCiteseer/PieClam/experiments/../trainer_directed.py:158:::  

Using dataset specific configuration and not global 




/mnt/home/jcervino/Github/CoraCiteseer/PieClam/experiments/../trainer_directed.py:337:::  

In function train. 
2025-12-21 05:50:35 starting optimization of bigclam on citeseer (DIRECTED) on device cuda

 configs_dict: 
{
    "clamiter_init": {
        "dim_feat": 200,
        "dim_attr": 100,
        "s_reg": 0.1,
        "l1_reg": 1,
        "T": 1,
        "hidden_dim": 64,
        "num_coupling_blocks": 32,
        "num_layers_mlp": 2
    },
    "feat_opt": {
        "lr": 0.001,
        "n_iter": 7000,
        "early_stop": 0
    }
}


/mnt/home/jcervino/Github/CoraCiteseer/PieClam/experiments/../clamiter_directed.py:440:::  
staring fit_feats for 7000 iterations


/mnt/home/jcervino/Github/CoraCiteseer/PieClam/experiments/../trainer_directed.py:444:::  



FINISHED train 
 last accuracies:
test
key='auc': 0.5
val
auc: None




/mnt/home/jcervino/Github/CoraCiteseer/PieClam/experiments/../trainer_directed.py:460:::  

train_model_on_params on bigclam citeseer 
took 82.28211903572083 seconds


/mnt/home/jcervino/Github/CoraCiteseer/PieClam/experiments/optimization_utils_directed.py:663:::  
Repetition no. 0


/mnt/home/jcervino/Github/CoraCiteseer/PieClam/experiments/../trainer_directed.py:158:::  

Using dataset specific configuration and not global 




/mnt/home/jcervino/Github/CoraCiteseer/PieClam/experiments/../trainer_directed.py:337:::  

In function train. 
2025-12-21 05:51:58 starting optimization of bigclam on citeseer (DIRECTED) on device cuda

 configs_dict: 
{
    "clamiter_init": {
        "dim_feat": 48,
        "dim_attr": 100,
        "s_reg": 0.0,
        "l1_reg": 1,
        "T": 1,
        "hidden_dim": 64,
        "num_coupling_blocks": 32,
        "num_layers_mlp": 2
    },
    "feat_opt": {
        "lr": 0.0001,
        "n_iter": 2000,
        "early_stop": 0
    }
}


/mnt/home/jcervino/Github/CoraCiteseer/PieClam/experiments/../clamiter_directed.py:440:::  
staring fit_feats for 2000 iterations


/mnt/home/jcervino/Github/CoraCiteseer/PieClam/experiments/../trainer_directed.py:444:::  



FINISHED train 
 last accuracies:
test
key='auc': 0.5934037907240808
val
auc: None




/mnt/home/jcervino/Github/CoraCiteseer/PieClam/experiments/../trainer_directed.py:460:::  

train_model_on_params on bigclam citeseer 
took 31.5922212600708 seconds


/mnt/home/jcervino/Github/CoraCiteseer/PieClam/experiments/optimization_utils_directed.py:663:::  
Repetition no. 1


/mnt/home/jcervino/Github/CoraCiteseer/PieClam/experiments/../trainer_directed.py:158:::  

Using dataset specific configuration and not global 




/mnt/home/jcervino/Github/CoraCiteseer/PieClam/experiments/../trainer_directed.py:337:::  

In function train. 
2025-12-21 05:52:30 starting optimization of bigclam on citeseer (DIRECTED) on device cuda

 configs_dict: 
{
    "clamiter_init": {
        "dim_feat": 48,
        "dim_attr": 100,
        "s_reg": 0.0,
        "l1_reg": 1,
        "T": 1,
        "hidden_dim": 64,
        "num_coupling_blocks": 32,
        "num_layers_mlp": 2
    },
    "feat_opt": {
        "lr": 0.0001,
        "n_iter": 2000,
        "early_stop": 0
    }
}


/mnt/home/jcervino/Github/CoraCiteseer/PieClam/experiments/../clamiter_directed.py:440:::  
staring fit_feats for 2000 iterations


/mnt/home/jcervino/Github/CoraCiteseer/PieClam/experiments/../trainer_directed.py:444:::  



FINISHED train 
 last accuracies:
test
key='auc': 0.5741252511136344
val
auc: None




/mnt/home/jcervino/Github/CoraCiteseer/PieClam/experiments/../trainer_directed.py:460:::  

train_model_on_params on bigclam citeseer 
took 35.00917148590088 seconds


/mnt/home/jcervino/Github/CoraCiteseer/PieClam/experiments/optimization_utils_directed.py:663:::  
Repetition no. 2


/mnt/home/jcervino/Github/CoraCiteseer/PieClam/experiments/../trainer_directed.py:158:::  

Using dataset specific configuration and not global 




/mnt/home/jcervino/Github/CoraCiteseer/PieClam/experiments/../trainer_directed.py:337:::  

In function train. 
2025-12-21 05:53:05 starting optimization of bigclam on citeseer (DIRECTED) on device cuda

 configs_dict: 
{
    "clamiter_init": {
        "dim_feat": 48,
        "dim_attr": 100,
        "s_reg": 0.0,
        "l1_reg": 1,
        "T": 1,
        "hidden_dim": 64,
        "num_coupling_blocks": 32,
        "num_layers_mlp": 2
    },
    "feat_opt": {
        "lr": 0.0001,
        "n_iter": 2000,
        "early_stop": 0
    }
}


/mnt/home/jcervino/Github/CoraCiteseer/PieClam/experiments/../clamiter_directed.py:440:::  
staring fit_feats for 2000 iterations


/mnt/home/jcervino/Github/CoraCiteseer/PieClam/experiments/../trainer_directed.py:444:::  



FINISHED train 
 last accuracies:
test
key='auc': 0.5851305790898769
val
auc: None




/mnt/home/jcervino/Github/CoraCiteseer/PieClam/experiments/../trainer_directed.py:460:::  

train_model_on_params on bigclam citeseer 
took 35.253684997558594 seconds


/mnt/home/jcervino/Github/CoraCiteseer/PieClam/experiments/optimization_utils_directed.py:663:::  
Repetition no. 0


/mnt/home/jcervino/Github/CoraCiteseer/PieClam/experiments/../trainer_directed.py:158:::  

Using dataset specific configuration and not global 




/mnt/home/jcervino/Github/CoraCiteseer/PieClam/experiments/../trainer_directed.py:337:::  

In function train. 
2025-12-21 05:53:41 starting optimization of bigclam on citeseer (DIRECTED) on device cuda

 configs_dict: 
{
    "clamiter_init": {
        "dim_feat": 48,
        "dim_attr": 100,
        "s_reg": 0.1,
        "l1_reg": 1,
        "T": 1,
        "hidden_dim": 64,
        "num_coupling_blocks": 32,
        "num_layers_mlp": 2
    },
    "feat_opt": {
        "lr": 0.001,
        "n_iter": 2000,
        "early_stop": 0
    }
}


/mnt/home/jcervino/Github/CoraCiteseer/PieClam/experiments/../clamiter_directed.py:440:::  
staring fit_feats for 2000 iterations


/mnt/home/jcervino/Github/CoraCiteseer/PieClam/experiments/../trainer_directed.py:444:::  



FINISHED train 
 last accuracies:
test
key='auc': 0.5
val
auc: None




/mnt/home/jcervino/Github/CoraCiteseer/PieClam/experiments/../trainer_directed.py:460:::  

train_model_on_params on bigclam citeseer 
took 35.22849774360657 seconds


/mnt/home/jcervino/Github/CoraCiteseer/PieClam/experiments/optimization_utils_directed.py:663:::  
Repetition no. 1


/mnt/home/jcervino/Github/CoraCiteseer/PieClam/experiments/../trainer_directed.py:158:::  

Using dataset specific configuration and not global 




/mnt/home/jcervino/Github/CoraCiteseer/PieClam/experiments/../trainer_directed.py:337:::  

In function train. 
2025-12-21 05:54:16 starting optimization of bigclam on citeseer (DIRECTED) on device cuda

 configs_dict: 
{
    "clamiter_init": {
        "dim_feat": 48,
        "dim_attr": 100,
        "s_reg": 0.1,
        "l1_reg": 1,
        "T": 1,
        "hidden_dim": 64,
        "num_coupling_blocks": 32,
        "num_layers_mlp": 2
    },
    "feat_opt": {
        "lr": 0.001,
        "n_iter": 2000,
        "early_stop": 0
    }
}


/mnt/home/jcervino/Github/CoraCiteseer/PieClam/experiments/../clamiter_directed.py:440:::  
staring fit_feats for 2000 iterations


/mnt/home/jcervino/Github/CoraCiteseer/PieClam/experiments/../trainer_directed.py:444:::  



FINISHED train 
 last accuracies:
test
key='auc': 0.5
val
auc: None




/mnt/home/jcervino/Github/CoraCiteseer/PieClam/experiments/../trainer_directed.py:460:::  

train_model_on_params on bigclam citeseer 
took 35.08577084541321 seconds


/mnt/home/jcervino/Github/CoraCiteseer/PieClam/experiments/optimization_utils_directed.py:663:::  
Repetition no. 2


/mnt/home/jcervino/Github/CoraCiteseer/PieClam/experiments/../trainer_directed.py:158:::  

Using dataset specific configuration and not global 




/mnt/home/jcervino/Github/CoraCiteseer/PieClam/experiments/../trainer_directed.py:337:::  

In function train. 
2025-12-21 05:54:52 starting optimization of bigclam on citeseer (DIRECTED) on device cuda

 configs_dict: 
{
    "clamiter_init": {
        "dim_feat": 48,
        "dim_attr": 100,
        "s_reg": 0.1,
        "l1_reg": 1,
        "T": 1,
        "hidden_dim": 64,
        "num_coupling_blocks": 32,
        "num_layers_mlp": 2
    },
    "feat_opt": {
        "lr": 0.001,
        "n_iter": 2000,
        "early_stop": 0
    }
}


/mnt/home/jcervino/Github/CoraCiteseer/PieClam/experiments/../clamiter_directed.py:440:::  
staring fit_feats for 2000 iterations


/mnt/home/jcervino/Github/CoraCiteseer/PieClam/experiments/../trainer_directed.py:444:::  



FINISHED train 
 last accuracies:
test
key='auc': 0.5
val
auc: None




/mnt/home/jcervino/Github/CoraCiteseer/PieClam/experiments/../trainer_directed.py:460:::  

train_model_on_params on bigclam citeseer 
took 34.92809319496155 seconds


/mnt/home/jcervino/Github/CoraCiteseer/PieClam/experiments/optimization_utils_directed.py:663:::  
Repetition no. 0


/mnt/home/jcervino/Github/CoraCiteseer/PieClam/experiments/../trainer_directed.py:158:::  

Using dataset specific configuration and not global 




/mnt/home/jcervino/Github/CoraCiteseer/PieClam/experiments/../trainer_directed.py:337:::  

In function train. 
2025-12-21 05:55:27 starting optimization of bigclam on citeseer (DIRECTED) on device cuda

 configs_dict: 
{
    "clamiter_init": {
        "dim_feat": 100,
        "dim_attr": 100,
        "s_reg": 0.1,
        "l1_reg": 1,
        "T": 1,
        "hidden_dim": 64,
        "num_coupling_blocks": 32,
        "num_layers_mlp": 2
    },
    "feat_opt": {
        "lr": 1e-05,
        "n_iter": 2000,
        "early_stop": 0
    }
}


/mnt/home/jcervino/Github/CoraCiteseer/PieClam/experiments/../clamiter_directed.py:440:::  
staring fit_feats for 2000 iterations


/mnt/home/jcervino/Github/CoraCiteseer/PieClam/experiments/../trainer_directed.py:444:::  



FINISHED train 
 last accuracies:
test
key='auc': 0.6112918158791161
val
auc: None




/mnt/home/jcervino/Github/CoraCiteseer/PieClam/experiments/../trainer_directed.py:460:::  

train_model_on_params on bigclam citeseer 
took 35.69215512275696 seconds


/mnt/home/jcervino/Github/CoraCiteseer/PieClam/experiments/optimization_utils_directed.py:663:::  
Repetition no. 1


/mnt/home/jcervino/Github/CoraCiteseer/PieClam/experiments/../trainer_directed.py:158:::  

Using dataset specific configuration and not global 




/mnt/home/jcervino/Github/CoraCiteseer/PieClam/experiments/../trainer_directed.py:337:::  

In function train. 
2025-12-21 05:56:03 starting optimization of bigclam on citeseer (DIRECTED) on device cuda

 configs_dict: 
{
    "clamiter_init": {
        "dim_feat": 100,
        "dim_attr": 100,
        "s_reg": 0.1,
        "l1_reg": 1,
        "T": 1,
        "hidden_dim": 64,
        "num_coupling_blocks": 32,
        "num_layers_mlp": 2
    },
    "feat_opt": {
        "lr": 1e-05,
        "n_iter": 2000,
        "early_stop": 0
    }
}


/mnt/home/jcervino/Github/CoraCiteseer/PieClam/experiments/../clamiter_directed.py:440:::  
staring fit_feats for 2000 iterations


/mnt/home/jcervino/Github/CoraCiteseer/PieClam/experiments/../trainer_directed.py:444:::  



FINISHED train 
 last accuracies:
test
key='auc': 0.6231880513581972
val
auc: None




/mnt/home/jcervino/Github/CoraCiteseer/PieClam/experiments/../trainer_directed.py:460:::  

train_model_on_params on bigclam citeseer 
took 35.65835452079773 seconds


/mnt/home/jcervino/Github/CoraCiteseer/PieClam/experiments/optimization_utils_directed.py:663:::  
Repetition no. 2


/mnt/home/jcervino/Github/CoraCiteseer/PieClam/experiments/../trainer_directed.py:158:::  

Using dataset specific configuration and not global 




/mnt/home/jcervino/Github/CoraCiteseer/PieClam/experiments/../trainer_directed.py:337:::  

In function train. 
2025-12-21 05:56:39 starting optimization of bigclam on citeseer (DIRECTED) on device cuda

 configs_dict: 
{
    "clamiter_init": {
        "dim_feat": 100,
        "dim_attr": 100,
        "s_reg": 0.1,
        "l1_reg": 1,
        "T": 1,
        "hidden_dim": 64,
        "num_coupling_blocks": 32,
        "num_layers_mlp": 2
    },
    "feat_opt": {
        "lr": 1e-05,
        "n_iter": 2000,
        "early_stop": 0
    }
}


/mnt/home/jcervino/Github/CoraCiteseer/PieClam/experiments/../clamiter_directed.py:440:::  
staring fit_feats for 2000 iterations


/mnt/home/jcervino/Github/CoraCiteseer/PieClam/experiments/../trainer_directed.py:444:::  



FINISHED train 
 last accuracies:
test
key='auc': 0.6158895973447462
val
auc: None




/mnt/home/jcervino/Github/CoraCiteseer/PieClam/experiments/../trainer_directed.py:460:::  

train_model_on_params on bigclam citeseer 
took 35.70670509338379 seconds


/mnt/home/jcervino/Github/CoraCiteseer/PieClam/experiments/optimization_utils_directed.py:663:::  
Repetition no. 0


/mnt/home/jcervino/Github/CoraCiteseer/PieClam/experiments/../trainer_directed.py:158:::  

Using dataset specific configuration and not global 




/mnt/home/jcervino/Github/CoraCiteseer/PieClam/experiments/../trainer_directed.py:337:::  

In function train. 
2025-12-21 05:57:15 starting optimization of bigclam on citeseer (DIRECTED) on device cuda

 configs_dict: 
{
    "clamiter_init": {
        "dim_feat": 48,
        "dim_attr": 100,
        "s_reg": 0.0,
        "l1_reg": 1,
        "T": 1,
        "hidden_dim": 64,
        "num_coupling_blocks": 32,
        "num_layers_mlp": 2
    },
    "feat_opt": {
        "lr": 0.0001,
        "n_iter": 5000,
        "early_stop": 0
    }
}


/mnt/home/jcervino/Github/CoraCiteseer/PieClam/experiments/../clamiter_directed.py:440:::  
staring fit_feats for 5000 iterations


/mnt/home/jcervino/Github/CoraCiteseer/PieClam/experiments/../trainer_directed.py:444:::  



FINISHED train 
 last accuracies:
test
key='auc': 0.5957411127609399
val
auc: None




/mnt/home/jcervino/Github/CoraCiteseer/PieClam/experiments/../trainer_directed.py:460:::  

train_model_on_params on bigclam citeseer 
took 87.96203756332397 seconds


/mnt/home/jcervino/Github/CoraCiteseer/PieClam/experiments/optimization_utils_directed.py:663:::  
Repetition no. 1


/mnt/home/jcervino/Github/CoraCiteseer/PieClam/experiments/../trainer_directed.py:158:::  

Using dataset specific configuration and not global 




/mnt/home/jcervino/Github/CoraCiteseer/PieClam/experiments/../trainer_directed.py:337:::  

In function train. 
2025-12-21 05:58:43 starting optimization of bigclam on citeseer (DIRECTED) on device cuda

 configs_dict: 
{
    "clamiter_init": {
        "dim_feat": 48,
        "dim_attr": 100,
        "s_reg": 0.0,
        "l1_reg": 1,
        "T": 1,
        "hidden_dim": 64,
        "num_coupling_blocks": 32,
        "num_layers_mlp": 2
    },
    "feat_opt": {
        "lr": 0.0001,
        "n_iter": 5000,
        "early_stop": 0
    }
}


/mnt/home/jcervino/Github/CoraCiteseer/PieClam/experiments/../clamiter_directed.py:440:::  
staring fit_feats for 5000 iterations


/mnt/home/jcervino/Github/CoraCiteseer/PieClam/experiments/../trainer_directed.py:444:::  



FINISHED train 
 last accuracies:
test
key='auc': 0.5877351733775875
val
auc: None




/mnt/home/jcervino/Github/CoraCiteseer/PieClam/experiments/../trainer_directed.py:460:::  

train_model_on_params on bigclam citeseer 
took 86.17498540878296 seconds


/mnt/home/jcervino/Github/CoraCiteseer/PieClam/experiments/optimization_utils_directed.py:663:::  
Repetition no. 2


/mnt/home/jcervino/Github/CoraCiteseer/PieClam/experiments/../trainer_directed.py:158:::  

Using dataset specific configuration and not global 




/mnt/home/jcervino/Github/CoraCiteseer/PieClam/experiments/../trainer_directed.py:337:::  

In function train. 
2025-12-21 06:00:10 starting optimization of bigclam on citeseer (DIRECTED) on device cuda

 configs_dict: 
{
    "clamiter_init": {
        "dim_feat": 48,
        "dim_attr": 100,
        "s_reg": 0.0,
        "l1_reg": 1,
        "T": 1,
        "hidden_dim": 64,
        "num_coupling_blocks": 32,
        "num_layers_mlp": 2
    },
    "feat_opt": {
        "lr": 0.0001,
        "n_iter": 5000,
        "early_stop": 0
    }
}


/mnt/home/jcervino/Github/CoraCiteseer/PieClam/experiments/../clamiter_directed.py:440:::  
staring fit_feats for 5000 iterations


/mnt/home/jcervino/Github/CoraCiteseer/PieClam/experiments/../trainer_directed.py:444:::  



FINISHED train 
 last accuracies:
test
key='auc': 0.5841138964101668
val
auc: None




/mnt/home/jcervino/Github/CoraCiteseer/PieClam/experiments/../trainer_directed.py:460:::  

train_model_on_params on bigclam citeseer 
took 86.37353134155273 seconds


/mnt/home/jcervino/Github/CoraCiteseer/PieClam/experiments/optimization_utils_directed.py:663:::  
Repetition no. 0


/mnt/home/jcervino/Github/CoraCiteseer/PieClam/experiments/../trainer_directed.py:158:::  

Using dataset specific configuration and not global 




/mnt/home/jcervino/Github/CoraCiteseer/PieClam/experiments/../trainer_directed.py:337:::  

In function train. 
2025-12-21 06:01:37 starting optimization of bigclam on citeseer (DIRECTED) on device cuda

 configs_dict: 
{
    "clamiter_init": {
        "dim_feat": 48,
        "dim_attr": 100,
        "s_reg": 0.1,
        "l1_reg": 1,
        "T": 1,
        "hidden_dim": 64,
        "num_coupling_blocks": 32,
        "num_layers_mlp": 2
    },
    "feat_opt": {
        "lr": 1e-05,
        "n_iter": 7000,
        "early_stop": 0
    }
}


/mnt/home/jcervino/Github/CoraCiteseer/PieClam/experiments/../clamiter_directed.py:440:::  
staring fit_feats for 7000 iterations


/mnt/home/jcervino/Github/CoraCiteseer/PieClam/experiments/../trainer_directed.py:444:::  



FINISHED train 
 last accuracies:
test
key='auc': 0.6178286313215128
val
auc: None




/mnt/home/jcervino/Github/CoraCiteseer/PieClam/experiments/../trainer_directed.py:460:::  

train_model_on_params on bigclam citeseer 
took 123.26520824432373 seconds


/mnt/home/jcervino/Github/CoraCiteseer/PieClam/experiments/optimization_utils_directed.py:663:::  
Repetition no. 1


/mnt/home/jcervino/Github/CoraCiteseer/PieClam/experiments/../trainer_directed.py:158:::  

Using dataset specific configuration and not global 




/mnt/home/jcervino/Github/CoraCiteseer/PieClam/experiments/../trainer_directed.py:337:::  

In function train. 
2025-12-21 06:03:40 starting optimization of bigclam on citeseer (DIRECTED) on device cuda

 configs_dict: 
{
    "clamiter_init": {
        "dim_feat": 48,
        "dim_attr": 100,
        "s_reg": 0.1,
        "l1_reg": 1,
        "T": 1,
        "hidden_dim": 64,
        "num_coupling_blocks": 32,
        "num_layers_mlp": 2
    },
    "feat_opt": {
        "lr": 1e-05,
        "n_iter": 7000,
        "early_stop": 0
    }
}


/mnt/home/jcervino/Github/CoraCiteseer/PieClam/experiments/../clamiter_directed.py:440:::  
staring fit_feats for 7000 iterations


/mnt/home/jcervino/Github/CoraCiteseer/PieClam/experiments/../trainer_directed.py:444:::  



FINISHED train 
 last accuracies:
test
key='auc': 0.6079622674469386
val
auc: None




/mnt/home/jcervino/Github/CoraCiteseer/PieClam/experiments/../trainer_directed.py:460:::  

train_model_on_params on bigclam citeseer 
took 105.3839635848999 seconds


/mnt/home/jcervino/Github/CoraCiteseer/PieClam/experiments/optimization_utils_directed.py:663:::  
Repetition no. 2


/mnt/home/jcervino/Github/CoraCiteseer/PieClam/experiments/../trainer_directed.py:158:::  

Using dataset specific configuration and not global 




/mnt/home/jcervino/Github/CoraCiteseer/PieClam/experiments/../trainer_directed.py:337:::  

In function train. 
2025-12-21 06:05:26 starting optimization of bigclam on citeseer (DIRECTED) on device cuda

 configs_dict: 
{
    "clamiter_init": {
        "dim_feat": 48,
        "dim_attr": 100,
        "s_reg": 0.1,
        "l1_reg": 1,
        "T": 1,
        "hidden_dim": 64,
        "num_coupling_blocks": 32,
        "num_layers_mlp": 2
    },
    "feat_opt": {
        "lr": 1e-05,
        "n_iter": 7000,
        "early_stop": 0
    }
}


/mnt/home/jcervino/Github/CoraCiteseer/PieClam/experiments/../clamiter_directed.py:440:::  
staring fit_feats for 7000 iterations


/mnt/home/jcervino/Github/CoraCiteseer/PieClam/experiments/../trainer_directed.py:444:::  



FINISHED train 
 last accuracies:
test
key='auc': 0.6209398200716221
val
auc: None




/mnt/home/jcervino/Github/CoraCiteseer/PieClam/experiments/../trainer_directed.py:460:::  

train_model_on_params on bigclam citeseer 
took 55.186931848526 seconds


/mnt/home/jcervino/Github/CoraCiteseer/PieClam/experiments/optimization_utils_directed.py:663:::  
Repetition no. 0


/mnt/home/jcervino/Github/CoraCiteseer/PieClam/experiments/../trainer_directed.py:158:::  

Using dataset specific configuration and not global 




/mnt/home/jcervino/Github/CoraCiteseer/PieClam/experiments/../trainer_directed.py:337:::  

In function train. 
2025-12-21 06:06:21 starting optimization of bigclam on citeseer (DIRECTED) on device cuda

 configs_dict: 
{
    "clamiter_init": {
        "dim_feat": 100,
        "dim_attr": 100,
        "s_reg": 0.1,
        "l1_reg": 1,
        "T": 1,
        "hidden_dim": 64,
        "num_coupling_blocks": 32,
        "num_layers_mlp": 2
    },
    "feat_opt": {
        "lr": 1e-05,
        "n_iter": 7000,
        "early_stop": 0
    }
}


/mnt/home/jcervino/Github/CoraCiteseer/PieClam/experiments/../clamiter_directed.py:440:::  
staring fit_feats for 7000 iterations


/mnt/home/jcervino/Github/CoraCiteseer/PieClam/experiments/../trainer_directed.py:444:::  



FINISHED train 
 last accuracies:
test
key='auc': 0.5822097999825312
val
auc: None




/mnt/home/jcervino/Github/CoraCiteseer/PieClam/experiments/../trainer_directed.py:460:::  

train_model_on_params on bigclam citeseer 
took 90.26653265953064 seconds


/mnt/home/jcervino/Github/CoraCiteseer/PieClam/experiments/optimization_utils_directed.py:663:::  
Repetition no. 1


/mnt/home/jcervino/Github/CoraCiteseer/PieClam/experiments/../trainer_directed.py:158:::  

Using dataset specific configuration and not global 




/mnt/home/jcervino/Github/CoraCiteseer/PieClam/experiments/../trainer_directed.py:337:::  

In function train. 
2025-12-21 06:07:52 starting optimization of bigclam on citeseer (DIRECTED) on device cuda

 configs_dict: 
{
    "clamiter_init": {
        "dim_feat": 100,
        "dim_attr": 100,
        "s_reg": 0.1,
        "l1_reg": 1,
        "T": 1,
        "hidden_dim": 64,
        "num_coupling_blocks": 32,
        "num_layers_mlp": 2
    },
    "feat_opt": {
        "lr": 1e-05,
        "n_iter": 7000,
        "early_stop": 0
    }
}


/mnt/home/jcervino/Github/CoraCiteseer/PieClam/experiments/../clamiter_directed.py:440:::  
staring fit_feats for 7000 iterations


/mnt/home/jcervino/Github/CoraCiteseer/PieClam/experiments/../trainer_directed.py:444:::  



FINISHED train 
 last accuracies:
test
key='auc': 0.5876967420735435
val
auc: None




/mnt/home/jcervino/Github/CoraCiteseer/PieClam/experiments/../trainer_directed.py:460:::  

train_model_on_params on bigclam citeseer 
took 50.06857943534851 seconds


/mnt/home/jcervino/Github/CoraCiteseer/PieClam/experiments/optimization_utils_directed.py:663:::  
Repetition no. 2


/mnt/home/jcervino/Github/CoraCiteseer/PieClam/experiments/../trainer_directed.py:158:::  

Using dataset specific configuration and not global 




/mnt/home/jcervino/Github/CoraCiteseer/PieClam/experiments/../trainer_directed.py:337:::  

In function train. 
2025-12-21 06:08:42 starting optimization of bigclam on citeseer (DIRECTED) on device cuda

 configs_dict: 
{
    "clamiter_init": {
        "dim_feat": 100,
        "dim_attr": 100,
        "s_reg": 0.1,
        "l1_reg": 1,
        "T": 1,
        "hidden_dim": 64,
        "num_coupling_blocks": 32,
        "num_layers_mlp": 2
    },
    "feat_opt": {
        "lr": 1e-05,
        "n_iter": 7000,
        "early_stop": 0
    }
}


/mnt/home/jcervino/Github/CoraCiteseer/PieClam/experiments/../clamiter_directed.py:440:::  
staring fit_feats for 7000 iterations


/mnt/home/jcervino/Github/CoraCiteseer/PieClam/experiments/../trainer_directed.py:444:::  



FINISHED train 
 last accuracies:
test
key='auc': 0.6091187003231723
val
auc: None




/mnt/home/jcervino/Github/CoraCiteseer/PieClam/experiments/../trainer_directed.py:460:::  

train_model_on_params on bigclam citeseer 
took 50.889033794403076 seconds


/mnt/home/jcervino/Github/CoraCiteseer/PieClam/experiments/optimization_utils_directed.py:663:::  
Repetition no. 0


/mnt/home/jcervino/Github/CoraCiteseer/PieClam/experiments/../trainer_directed.py:158:::  

Using dataset specific configuration and not global 




/mnt/home/jcervino/Github/CoraCiteseer/PieClam/experiments/../trainer_directed.py:337:::  

In function train. 
2025-12-21 06:09:33 starting optimization of bigclam on citeseer (DIRECTED) on device cuda

 configs_dict: 
{
    "clamiter_init": {
        "dim_feat": 48,
        "dim_attr": 100,
        "s_reg": 0.0,
        "l1_reg": 1,
        "T": 1,
        "hidden_dim": 64,
        "num_coupling_blocks": 32,
        "num_layers_mlp": 2
    },
    "feat_opt": {
        "lr": 0.001,
        "n_iter": 7000,
        "early_stop": 0
    }
}


/mnt/home/jcervino/Github/CoraCiteseer/PieClam/experiments/../clamiter_directed.py:440:::  
staring fit_feats for 7000 iterations


/mnt/home/jcervino/Github/CoraCiteseer/PieClam/experiments/../trainer_directed.py:444:::  



FINISHED train 
 last accuracies:
test
key='auc': 0.5
val
auc: None




/mnt/home/jcervino/Github/CoraCiteseer/PieClam/experiments/../trainer_directed.py:460:::  

train_model_on_params on bigclam citeseer 
took 85.33087086677551 seconds


/mnt/home/jcervino/Github/CoraCiteseer/PieClam/experiments/optimization_utils_directed.py:663:::  
Repetition no. 1


/mnt/home/jcervino/Github/CoraCiteseer/PieClam/experiments/../trainer_directed.py:158:::  

Using dataset specific configuration and not global 




/mnt/home/jcervino/Github/CoraCiteseer/PieClam/experiments/../trainer_directed.py:337:::  

In function train. 
2025-12-21 06:10:59 starting optimization of bigclam on citeseer (DIRECTED) on device cuda

 configs_dict: 
{
    "clamiter_init": {
        "dim_feat": 48,
        "dim_attr": 100,
        "s_reg": 0.0,
        "l1_reg": 1,
        "T": 1,
        "hidden_dim": 64,
        "num_coupling_blocks": 32,
        "num_layers_mlp": 2
    },
    "feat_opt": {
        "lr": 0.001,
        "n_iter": 7000,
        "early_stop": 0
    }
}


/mnt/home/jcervino/Github/CoraCiteseer/PieClam/experiments/../clamiter_directed.py:440:::  
staring fit_feats for 7000 iterations


/mnt/home/jcervino/Github/CoraCiteseer/PieClam/experiments/../trainer_directed.py:444:::  



FINISHED train 
 last accuracies:
test
key='auc': 0.5
val
auc: None




/mnt/home/jcervino/Github/CoraCiteseer/PieClam/experiments/../trainer_directed.py:460:::  

train_model_on_params on bigclam citeseer 
took 123.64081954956055 seconds


/mnt/home/jcervino/Github/CoraCiteseer/PieClam/experiments/optimization_utils_directed.py:663:::  
Repetition no. 2


/mnt/home/jcervino/Github/CoraCiteseer/PieClam/experiments/../trainer_directed.py:158:::  

Using dataset specific configuration and not global 




/mnt/home/jcervino/Github/CoraCiteseer/PieClam/experiments/../trainer_directed.py:337:::  

In function train. 
2025-12-21 06:13:02 starting optimization of bigclam on citeseer (DIRECTED) on device cuda

 configs_dict: 
{
    "clamiter_init": {
        "dim_feat": 48,
        "dim_attr": 100,
        "s_reg": 0.0,
        "l1_reg": 1,
        "T": 1,
        "hidden_dim": 64,
        "num_coupling_blocks": 32,
        "num_layers_mlp": 2
    },
    "feat_opt": {
        "lr": 0.001,
        "n_iter": 7000,
        "early_stop": 0
    }
}


/mnt/home/jcervino/Github/CoraCiteseer/PieClam/experiments/../clamiter_directed.py:440:::  
staring fit_feats for 7000 iterations


/mnt/home/jcervino/Github/CoraCiteseer/PieClam/experiments/../trainer_directed.py:444:::  



FINISHED train 
 last accuracies:
test
key='auc': 0.5
val
auc: None




/mnt/home/jcervino/Github/CoraCiteseer/PieClam/experiments/../trainer_directed.py:460:::  

train_model_on_params on bigclam citeseer 
took 123.08787655830383 seconds


/mnt/home/jcervino/Github/CoraCiteseer/PieClam/experiments/optimization_utils_directed.py:663:::  
Repetition no. 0


/mnt/home/jcervino/Github/CoraCiteseer/PieClam/experiments/../trainer_directed.py:158:::  

Using dataset specific configuration and not global 




/mnt/home/jcervino/Github/CoraCiteseer/PieClam/experiments/../trainer_directed.py:337:::  

In function train. 
2025-12-21 06:15:06 starting optimization of bigclam on citeseer (DIRECTED) on device cuda

 configs_dict: 
{
    "clamiter_init": {
        "dim_feat": 48,
        "dim_attr": 100,
        "s_reg": 0.0,
        "l1_reg": 1,
        "T": 1,
        "hidden_dim": 64,
        "num_coupling_blocks": 32,
        "num_layers_mlp": 2
    },
    "feat_opt": {
        "lr": 0.0001,
        "n_iter": 7000,
        "early_stop": 0
    }
}


/mnt/home/jcervino/Github/CoraCiteseer/PieClam/experiments/../clamiter_directed.py:440:::  
staring fit_feats for 7000 iterations


/mnt/home/jcervino/Github/CoraCiteseer/PieClam/experiments/../trainer_directed.py:444:::  



FINISHED train 
 last accuracies:
test
key='auc': 0.5906699275045857
val
auc: None




/mnt/home/jcervino/Github/CoraCiteseer/PieClam/experiments/../trainer_directed.py:460:::  

train_model_on_params on bigclam citeseer 
took 121.25070238113403 seconds


/mnt/home/jcervino/Github/CoraCiteseer/PieClam/experiments/optimization_utils_directed.py:663:::  
Repetition no. 1


/mnt/home/jcervino/Github/CoraCiteseer/PieClam/experiments/../trainer_directed.py:158:::  

Using dataset specific configuration and not global 




/mnt/home/jcervino/Github/CoraCiteseer/PieClam/experiments/../trainer_directed.py:337:::  

In function train. 
2025-12-21 06:17:07 starting optimization of bigclam on citeseer (DIRECTED) on device cuda

 configs_dict: 
{
    "clamiter_init": {
        "dim_feat": 48,
        "dim_attr": 100,
        "s_reg": 0.0,
        "l1_reg": 1,
        "T": 1,
        "hidden_dim": 64,
        "num_coupling_blocks": 32,
        "num_layers_mlp": 2
    },
    "feat_opt": {
        "lr": 0.0001,
        "n_iter": 7000,
        "early_stop": 0
    }
}


/mnt/home/jcervino/Github/CoraCiteseer/PieClam/experiments/../clamiter_directed.py:440:::  
staring fit_feats for 7000 iterations


/mnt/home/jcervino/Github/CoraCiteseer/PieClam/experiments/../trainer_directed.py:444:::  



FINISHED train 
 last accuracies:
test
key='auc': 0.5946964800419251
val
auc: None




/mnt/home/jcervino/Github/CoraCiteseer/PieClam/experiments/../trainer_directed.py:460:::  

train_model_on_params on bigclam citeseer 
took 82.80514645576477 seconds


/mnt/home/jcervino/Github/CoraCiteseer/PieClam/experiments/optimization_utils_directed.py:663:::  
Repetition no. 2


/mnt/home/jcervino/Github/CoraCiteseer/PieClam/experiments/../trainer_directed.py:158:::  

Using dataset specific configuration and not global 




/mnt/home/jcervino/Github/CoraCiteseer/PieClam/experiments/../trainer_directed.py:337:::  

In function train. 
2025-12-21 06:18:30 starting optimization of bigclam on citeseer (DIRECTED) on device cuda

 configs_dict: 
{
    "clamiter_init": {
        "dim_feat": 48,
        "dim_attr": 100,
        "s_reg": 0.0,
        "l1_reg": 1,
        "T": 1,
        "hidden_dim": 64,
        "num_coupling_blocks": 32,
        "num_layers_mlp": 2
    },
    "feat_opt": {
        "lr": 0.0001,
        "n_iter": 7000,
        "early_stop": 0
    }
}


/mnt/home/jcervino/Github/CoraCiteseer/PieClam/experiments/../clamiter_directed.py:440:::  
staring fit_feats for 7000 iterations


/mnt/home/jcervino/Github/CoraCiteseer/PieClam/experiments/../trainer_directed.py:444:::  



FINISHED train 
 last accuracies:
test
key='auc': 0.5878906454712203
val
auc: None




/mnt/home/jcervino/Github/CoraCiteseer/PieClam/experiments/../trainer_directed.py:460:::  

train_model_on_params on bigclam citeseer 
took 121.47291684150696 seconds


/mnt/home/jcervino/Github/CoraCiteseer/PieClam/experiments/optimization_utils_directed.py:663:::  
Repetition no. 0


/mnt/home/jcervino/Github/CoraCiteseer/PieClam/experiments/../trainer_directed.py:158:::  

Using dataset specific configuration and not global 




/mnt/home/jcervino/Github/CoraCiteseer/PieClam/experiments/../trainer_directed.py:337:::  

In function train. 
2025-12-21 06:20:32 starting optimization of bigclam on citeseer (DIRECTED) on device cuda

 configs_dict: 
{
    "clamiter_init": {
        "dim_feat": 100,
        "dim_attr": 100,
        "s_reg": 0.0,
        "l1_reg": 1,
        "T": 1,
        "hidden_dim": 64,
        "num_coupling_blocks": 32,
        "num_layers_mlp": 2
    },
    "feat_opt": {
        "lr": 0.0001,
        "n_iter": 5000,
        "early_stop": 0
    }
}


/mnt/home/jcervino/Github/CoraCiteseer/PieClam/experiments/../clamiter_directed.py:440:::  
staring fit_feats for 5000 iterations


/mnt/home/jcervino/Github/CoraCiteseer/PieClam/experiments/../trainer_directed.py:444:::  



FINISHED train 
 last accuracies:
test
key='auc': 0.5804629225259847
val
auc: None




/mnt/home/jcervino/Github/CoraCiteseer/PieClam/experiments/../trainer_directed.py:460:::  

train_model_on_params on bigclam citeseer 
took 89.0565357208252 seconds


/mnt/home/jcervino/Github/CoraCiteseer/PieClam/experiments/optimization_utils_directed.py:663:::  
Repetition no. 1


/mnt/home/jcervino/Github/CoraCiteseer/PieClam/experiments/../trainer_directed.py:158:::  

Using dataset specific configuration and not global 




/mnt/home/jcervino/Github/CoraCiteseer/PieClam/experiments/../trainer_directed.py:337:::  

In function train. 
2025-12-21 06:22:02 starting optimization of bigclam on citeseer (DIRECTED) on device cuda

 configs_dict: 
{
    "clamiter_init": {
        "dim_feat": 100,
        "dim_attr": 100,
        "s_reg": 0.0,
        "l1_reg": 1,
        "T": 1,
        "hidden_dim": 64,
        "num_coupling_blocks": 32,
        "num_layers_mlp": 2
    },
    "feat_opt": {
        "lr": 0.0001,
        "n_iter": 5000,
        "early_stop": 0
    }
}


/mnt/home/jcervino/Github/CoraCiteseer/PieClam/experiments/../clamiter_directed.py:440:::  
staring fit_feats for 5000 iterations


/mnt/home/jcervino/Github/CoraCiteseer/PieClam/experiments/../trainer_directed.py:444:::  



FINISHED train 
 last accuracies:
test
key='auc': 0.5950423617783214
val
auc: None




/mnt/home/jcervino/Github/CoraCiteseer/PieClam/experiments/../trainer_directed.py:460:::  

train_model_on_params on bigclam citeseer 
took 31.85805916786194 seconds


/mnt/home/jcervino/Github/CoraCiteseer/PieClam/experiments/optimization_utils_directed.py:663:::  
Repetition no. 2


/mnt/home/jcervino/Github/CoraCiteseer/PieClam/experiments/../trainer_directed.py:158:::  

Using dataset specific configuration and not global 




/mnt/home/jcervino/Github/CoraCiteseer/PieClam/experiments/../trainer_directed.py:337:::  

In function train. 
2025-12-21 06:22:34 starting optimization of bigclam on citeseer (DIRECTED) on device cuda

 configs_dict: 
{
    "clamiter_init": {
        "dim_feat": 100,
        "dim_attr": 100,
        "s_reg": 0.0,
        "l1_reg": 1,
        "T": 1,
        "hidden_dim": 64,
        "num_coupling_blocks": 32,
        "num_layers_mlp": 2
    },
    "feat_opt": {
        "lr": 0.0001,
        "n_iter": 5000,
        "early_stop": 0
    }
}


/mnt/home/jcervino/Github/CoraCiteseer/PieClam/experiments/../clamiter_directed.py:440:::  
staring fit_feats for 5000 iterations


/mnt/home/jcervino/Github/CoraCiteseer/PieClam/experiments/../trainer_directed.py:444:::  



FINISHED train 
 last accuracies:
test
key='auc': 0.6020438466241593
val
auc: None




/mnt/home/jcervino/Github/CoraCiteseer/PieClam/experiments/../trainer_directed.py:460:::  

train_model_on_params on bigclam citeseer 
took 80.21869683265686 seconds


/mnt/home/jcervino/Github/CoraCiteseer/PieClam/experiments/optimization_utils_directed.py:663:::  
Repetition no. 0


/mnt/home/jcervino/Github/CoraCiteseer/PieClam/experiments/../trainer_directed.py:158:::  

Using dataset specific configuration and not global 




/mnt/home/jcervino/Github/CoraCiteseer/PieClam/experiments/../trainer_directed.py:337:::  

In function train. 
2025-12-21 06:23:54 starting optimization of bigclam on citeseer (DIRECTED) on device cuda

 configs_dict: 
{
    "clamiter_init": {
        "dim_feat": 100,
        "dim_attr": 100,
        "s_reg": 0.0,
        "l1_reg": 1,
        "T": 1,
        "hidden_dim": 64,
        "num_coupling_blocks": 32,
        "num_layers_mlp": 2
    },
    "feat_opt": {
        "lr": 0.001,
        "n_iter": 7000,
        "early_stop": 0
    }
}


/mnt/home/jcervino/Github/CoraCiteseer/PieClam/experiments/../clamiter_directed.py:440:::  
staring fit_feats for 7000 iterations


/mnt/home/jcervino/Github/CoraCiteseer/PieClam/experiments/../trainer_directed.py:444:::  



FINISHED train 
 last accuracies:
test
key='auc': 0.5
val
auc: None




/mnt/home/jcervino/Github/CoraCiteseer/PieClam/experiments/../trainer_directed.py:460:::  

train_model_on_params on bigclam citeseer 
took 71.06175756454468 seconds


/mnt/home/jcervino/Github/CoraCiteseer/PieClam/experiments/optimization_utils_directed.py:663:::  
Repetition no. 1


/mnt/home/jcervino/Github/CoraCiteseer/PieClam/experiments/../trainer_directed.py:158:::  

Using dataset specific configuration and not global 




/mnt/home/jcervino/Github/CoraCiteseer/PieClam/experiments/../trainer_directed.py:337:::  

In function train. 
2025-12-21 06:25:05 starting optimization of bigclam on citeseer (DIRECTED) on device cuda

 configs_dict: 
{
    "clamiter_init": {
        "dim_feat": 100,
        "dim_attr": 100,
        "s_reg": 0.0,
        "l1_reg": 1,
        "T": 1,
        "hidden_dim": 64,
        "num_coupling_blocks": 32,
        "num_layers_mlp": 2
    },
    "feat_opt": {
        "lr": 0.001,
        "n_iter": 7000,
        "early_stop": 0
    }
}


/mnt/home/jcervino/Github/CoraCiteseer/PieClam/experiments/../clamiter_directed.py:440:::  
staring fit_feats for 7000 iterations


/mnt/home/jcervino/Github/CoraCiteseer/PieClam/experiments/../trainer_directed.py:444:::  



FINISHED train 
 last accuracies:
test
key='auc': 0.5
val
auc: None




/mnt/home/jcervino/Github/CoraCiteseer/PieClam/experiments/../trainer_directed.py:460:::  

train_model_on_params on bigclam citeseer 
took 60.17116379737854 seconds


/mnt/home/jcervino/Github/CoraCiteseer/PieClam/experiments/optimization_utils_directed.py:663:::  
Repetition no. 2


/mnt/home/jcervino/Github/CoraCiteseer/PieClam/experiments/../trainer_directed.py:158:::  

Using dataset specific configuration and not global 




/mnt/home/jcervino/Github/CoraCiteseer/PieClam/experiments/../trainer_directed.py:337:::  

In function train. 
2025-12-21 06:26:06 starting optimization of bigclam on citeseer (DIRECTED) on device cuda

 configs_dict: 
{
    "clamiter_init": {
        "dim_feat": 100,
        "dim_attr": 100,
        "s_reg": 0.0,
        "l1_reg": 1,
        "T": 1,
        "hidden_dim": 64,
        "num_coupling_blocks": 32,
        "num_layers_mlp": 2
    },
    "feat_opt": {
        "lr": 0.001,
        "n_iter": 7000,
        "early_stop": 0
    }
}


/mnt/home/jcervino/Github/CoraCiteseer/PieClam/experiments/../clamiter_directed.py:440:::  
staring fit_feats for 7000 iterations


/mnt/home/jcervino/Github/CoraCiteseer/PieClam/experiments/../trainer_directed.py:444:::  



FINISHED train 
 last accuracies:
test
key='auc': 0.5
val
auc: None




/mnt/home/jcervino/Github/CoraCiteseer/PieClam/experiments/../trainer_directed.py:460:::  

train_model_on_params on bigclam citeseer 
took 68.49749207496643 seconds


/mnt/home/jcervino/Github/CoraCiteseer/PieClam/experiments/optimization_utils_directed.py:663:::  
Repetition no. 0


/mnt/home/jcervino/Github/CoraCiteseer/PieClam/experiments/../trainer_directed.py:158:::  

Using dataset specific configuration and not global 




/mnt/home/jcervino/Github/CoraCiteseer/PieClam/experiments/../trainer_directed.py:337:::  

In function train. 
2025-12-21 06:27:14 starting optimization of bigclam on citeseer (DIRECTED) on device cuda

 configs_dict: 
{
    "clamiter_init": {
        "dim_feat": 100,
        "dim_attr": 100,
        "s_reg": 0.0,
        "l1_reg": 1,
        "T": 1,
        "hidden_dim": 64,
        "num_coupling_blocks": 32,
        "num_layers_mlp": 2
    },
    "feat_opt": {
        "lr": 0.0001,
        "n_iter": 7000,
        "early_stop": 0
    }
}


/mnt/home/jcervino/Github/CoraCiteseer/PieClam/experiments/../clamiter_directed.py:440:::  
staring fit_feats for 7000 iterations


/mnt/home/jcervino/Github/CoraCiteseer/PieClam/experiments/../trainer_directed.py:444:::  



FINISHED train 
 last accuracies:
test
key='auc': 0.5961743383701633
val
auc: None




/mnt/home/jcervino/Github/CoraCiteseer/PieClam/experiments/../trainer_directed.py:460:::  

train_model_on_params on bigclam citeseer 
took 53.52254772186279 seconds


/mnt/home/jcervino/Github/CoraCiteseer/PieClam/experiments/optimization_utils_directed.py:663:::  
Repetition no. 1


/mnt/home/jcervino/Github/CoraCiteseer/PieClam/experiments/../trainer_directed.py:158:::  

Using dataset specific configuration and not global 




/mnt/home/jcervino/Github/CoraCiteseer/PieClam/experiments/../trainer_directed.py:337:::  

In function train. 
2025-12-21 06:28:08 starting optimization of bigclam on citeseer (DIRECTED) on device cuda

 configs_dict: 
{
    "clamiter_init": {
        "dim_feat": 100,
        "dim_attr": 100,
        "s_reg": 0.0,
        "l1_reg": 1,
        "T": 1,
        "hidden_dim": 64,
        "num_coupling_blocks": 32,
        "num_layers_mlp": 2
    },
    "feat_opt": {
        "lr": 0.0001,
        "n_iter": 7000,
        "early_stop": 0
    }
}


/mnt/home/jcervino/Github/CoraCiteseer/PieClam/experiments/../clamiter_directed.py:440:::  
staring fit_feats for 7000 iterations


/mnt/home/jcervino/Github/CoraCiteseer/PieClam/experiments/../trainer_directed.py:444:::  



FINISHED train 
 last accuracies:
test
key='auc': 0.5855009171106647
val
auc: None




/mnt/home/jcervino/Github/CoraCiteseer/PieClam/experiments/../trainer_directed.py:460:::  

train_model_on_params on bigclam citeseer 
took 122.52248501777649 seconds


/mnt/home/jcervino/Github/CoraCiteseer/PieClam/experiments/optimization_utils_directed.py:663:::  
Repetition no. 2


/mnt/home/jcervino/Github/CoraCiteseer/PieClam/experiments/../trainer_directed.py:158:::  

Using dataset specific configuration and not global 




/mnt/home/jcervino/Github/CoraCiteseer/PieClam/experiments/../trainer_directed.py:337:::  

In function train. 
2025-12-21 06:30:11 starting optimization of bigclam on citeseer (DIRECTED) on device cuda

 configs_dict: 
{
    "clamiter_init": {
        "dim_feat": 100,
        "dim_attr": 100,
        "s_reg": 0.0,
        "l1_reg": 1,
        "T": 1,
        "hidden_dim": 64,
        "num_coupling_blocks": 32,
        "num_layers_mlp": 2
    },
    "feat_opt": {
        "lr": 0.0001,
        "n_iter": 7000,
        "early_stop": 0
    }
}


/mnt/home/jcervino/Github/CoraCiteseer/PieClam/experiments/../clamiter_directed.py:440:::  
staring fit_feats for 7000 iterations


/mnt/home/jcervino/Github/CoraCiteseer/PieClam/experiments/../trainer_directed.py:444:::  



FINISHED train 
 last accuracies:
test
key='auc': 0.5848440911870032
val
auc: None




/mnt/home/jcervino/Github/CoraCiteseer/PieClam/experiments/../trainer_directed.py:460:::  

train_model_on_params on bigclam citeseer 
took 124.48404884338379 seconds


/mnt/home/jcervino/Github/CoraCiteseer/PieClam/experiments/optimization_utils_directed.py:738:::  


Finished CrossVal!




/mnt/home/jcervino/Github/CoraCiteseer/PieClam/experiments/optimization_utils_directed.py:514:::  
On test set split_23-05_22-11-25 of citeseer,bigclam
 ======================


/mnt/home/jcervino/Github/CoraCiteseer/PieClam/experiments/../datasets/import_dataset.py:258:::  
end of import_dataset
citeseer 
has 4230 nodes 
and 5358 edges. 
Graph is directed
Graph has NO self loops


/mnt/home/jcervino/Github/CoraCiteseer/PieClam/experiments/optimization_utils_directed.py:638:::  
RunSaver defined to acc_configs path /mnt/home/jcervino/Github/CoraCiteseer/PieClam/experiments/results/directed/link_prediction/auc/citeseer/bigclam/split_23-05_22-11-25/test/acc_configs06-32_21-12-25.json


/mnt/home/jcervino/Github/CoraCiteseer/PieClam/experiments/optimization_utils_directed.py:663:::  
Repetition no. 0


/mnt/home/jcervino/Github/CoraCiteseer/PieClam/experiments/../trainer_directed.py:158:::  

Using dataset specific configuration and not global 




/mnt/home/jcervino/Github/CoraCiteseer/PieClam/experiments/../trainer_directed.py:337:::  

In function train. 
2025-12-21 06:32:16 starting optimization of bigclam on citeseer (DIRECTED) on device cuda

 configs_dict: 
{
    "clamiter_init": {
        "dim_feat": 100,
        "dim_attr": 100,
        "s_reg": 0.1,
        "l1_reg": 1,
        "T": 1,
        "hidden_dim": 64,
        "num_coupling_blocks": 32,
        "num_layers_mlp": 2
    },
    "feat_opt": {
        "lr": 0.001,
        "n_iter": 5000,
        "early_stop": 0
    }
}


/mnt/home/jcervino/Github/CoraCiteseer/PieClam/experiments/../clamiter_directed.py:440:::  
staring fit_feats for 5000 iterations


/mnt/home/jcervino/Github/CoraCiteseer/PieClam/experiments/../trainer_directed.py:444:::  



FINISHED train 
 last accuracies:
test
key='auc': 0.5
val
auc: None




/mnt/home/jcervino/Github/CoraCiteseer/PieClam/experiments/../trainer_directed.py:460:::  

train_model_on_params on bigclam citeseer 
took 88.19029808044434 seconds


/mnt/home/jcervino/Github/CoraCiteseer/PieClam/experiments/optimization_utils_directed.py:663:::  
Repetition no. 1


/mnt/home/jcervino/Github/CoraCiteseer/PieClam/experiments/../trainer_directed.py:158:::  

Using dataset specific configuration and not global 




/mnt/home/jcervino/Github/CoraCiteseer/PieClam/experiments/../trainer_directed.py:337:::  

In function train. 
2025-12-21 06:33:45 starting optimization of bigclam on citeseer (DIRECTED) on device cuda

 configs_dict: 
{
    "clamiter_init": {
        "dim_feat": 100,
        "dim_attr": 100,
        "s_reg": 0.1,
        "l1_reg": 1,
        "T": 1,
        "hidden_dim": 64,
        "num_coupling_blocks": 32,
        "num_layers_mlp": 2
    },
    "feat_opt": {
        "lr": 0.001,
        "n_iter": 5000,
        "early_stop": 0
    }
}


/mnt/home/jcervino/Github/CoraCiteseer/PieClam/experiments/../clamiter_directed.py:440:::  
staring fit_feats for 5000 iterations


/mnt/home/jcervino/Github/CoraCiteseer/PieClam/experiments/../trainer_directed.py:444:::  



FINISHED train 
 last accuracies:
test
key='auc': 0.5
val
auc: None




/mnt/home/jcervino/Github/CoraCiteseer/PieClam/experiments/../trainer_directed.py:460:::  

train_model_on_params on bigclam citeseer 
took 87.9164228439331 seconds


/mnt/home/jcervino/Github/CoraCiteseer/PieClam/experiments/optimization_utils_directed.py:663:::  
Repetition no. 2


/mnt/home/jcervino/Github/CoraCiteseer/PieClam/experiments/../trainer_directed.py:158:::  

Using dataset specific configuration and not global 




/mnt/home/jcervino/Github/CoraCiteseer/PieClam/experiments/../trainer_directed.py:337:::  

In function train. 
2025-12-21 06:35:13 starting optimization of bigclam on citeseer (DIRECTED) on device cuda

 configs_dict: 
{
    "clamiter_init": {
        "dim_feat": 100,
        "dim_attr": 100,
        "s_reg": 0.1,
        "l1_reg": 1,
        "T": 1,
        "hidden_dim": 64,
        "num_coupling_blocks": 32,
        "num_layers_mlp": 2
    },
    "feat_opt": {
        "lr": 0.001,
        "n_iter": 5000,
        "early_stop": 0
    }
}


/mnt/home/jcervino/Github/CoraCiteseer/PieClam/experiments/../clamiter_directed.py:440:::  
staring fit_feats for 5000 iterations


/mnt/home/jcervino/Github/CoraCiteseer/PieClam/experiments/../trainer_directed.py:444:::  



FINISHED train 
 last accuracies:
test
key='auc': 0.5
val
auc: None




/mnt/home/jcervino/Github/CoraCiteseer/PieClam/experiments/../trainer_directed.py:460:::  

train_model_on_params on bigclam citeseer 
took 87.70452332496643 seconds


/mnt/home/jcervino/Github/CoraCiteseer/PieClam/experiments/optimization_utils_directed.py:663:::  
Repetition no. 0


/mnt/home/jcervino/Github/CoraCiteseer/PieClam/experiments/../trainer_directed.py:158:::  

Using dataset specific configuration and not global 




/mnt/home/jcervino/Github/CoraCiteseer/PieClam/experiments/../trainer_directed.py:337:::  

In function train. 
2025-12-21 06:36:41 starting optimization of bigclam on citeseer (DIRECTED) on device cuda

 configs_dict: 
{
    "clamiter_init": {
        "dim_feat": 200,
        "dim_attr": 100,
        "s_reg": 0.0,
        "l1_reg": 1,
        "T": 1,
        "hidden_dim": 64,
        "num_coupling_blocks": 32,
        "num_layers_mlp": 2
    },
    "feat_opt": {
        "lr": 0.001,
        "n_iter": 5000,
        "early_stop": 0
    }
}


/mnt/home/jcervino/Github/CoraCiteseer/PieClam/experiments/../clamiter_directed.py:440:::  
staring fit_feats for 5000 iterations


/mnt/home/jcervino/Github/CoraCiteseer/PieClam/experiments/../trainer_directed.py:444:::  



FINISHED train 
 last accuracies:
test
key='auc': 0.5
val
auc: None




/mnt/home/jcervino/Github/CoraCiteseer/PieClam/experiments/../trainer_directed.py:460:::  

train_model_on_params on bigclam citeseer 
took 50.887104749679565 seconds


/mnt/home/jcervino/Github/CoraCiteseer/PieClam/experiments/optimization_utils_directed.py:663:::  
Repetition no. 1


/mnt/home/jcervino/Github/CoraCiteseer/PieClam/experiments/../trainer_directed.py:158:::  

Using dataset specific configuration and not global 




/mnt/home/jcervino/Github/CoraCiteseer/PieClam/experiments/../trainer_directed.py:337:::  

In function train. 
2025-12-21 06:37:33 starting optimization of bigclam on citeseer (DIRECTED) on device cuda

 configs_dict: 
{
    "clamiter_init": {
        "dim_feat": 200,
        "dim_attr": 100,
        "s_reg": 0.0,
        "l1_reg": 1,
        "T": 1,
        "hidden_dim": 64,
        "num_coupling_blocks": 32,
        "num_layers_mlp": 2
    },
    "feat_opt": {
        "lr": 0.001,
        "n_iter": 5000,
        "early_stop": 0
    }
}


/mnt/home/jcervino/Github/CoraCiteseer/PieClam/experiments/../clamiter_directed.py:440:::  
staring fit_feats for 5000 iterations


/mnt/home/jcervino/Github/CoraCiteseer/PieClam/experiments/../trainer_directed.py:444:::  



FINISHED train 
 last accuracies:
test
key='auc': 0.5
val
auc: None




/mnt/home/jcervino/Github/CoraCiteseer/PieClam/experiments/../trainer_directed.py:460:::  

train_model_on_params on bigclam citeseer 
took 42.542176485061646 seconds


/mnt/home/jcervino/Github/CoraCiteseer/PieClam/experiments/optimization_utils_directed.py:663:::  
Repetition no. 2


/mnt/home/jcervino/Github/CoraCiteseer/PieClam/experiments/../trainer_directed.py:158:::  

Using dataset specific configuration and not global 




/mnt/home/jcervino/Github/CoraCiteseer/PieClam/experiments/../trainer_directed.py:337:::  

In function train. 
2025-12-21 06:38:15 starting optimization of bigclam on citeseer (DIRECTED) on device cuda

 configs_dict: 
{
    "clamiter_init": {
        "dim_feat": 200,
        "dim_attr": 100,
        "s_reg": 0.0,
        "l1_reg": 1,
        "T": 1,
        "hidden_dim": 64,
        "num_coupling_blocks": 32,
        "num_layers_mlp": 2
    },
    "feat_opt": {
        "lr": 0.001,
        "n_iter": 5000,
        "early_stop": 0
    }
}


/mnt/home/jcervino/Github/CoraCiteseer/PieClam/experiments/../clamiter_directed.py:440:::  
staring fit_feats for 5000 iterations


/mnt/home/jcervino/Github/CoraCiteseer/PieClam/experiments/../trainer_directed.py:444:::  



FINISHED train 
 last accuracies:
test
key='auc': 0.5
val
auc: None




/mnt/home/jcervino/Github/CoraCiteseer/PieClam/experiments/../trainer_directed.py:460:::  

train_model_on_params on bigclam citeseer 
took 53.525315284729004 seconds


/mnt/home/jcervino/Github/CoraCiteseer/PieClam/experiments/optimization_utils_directed.py:663:::  
Repetition no. 0


/mnt/home/jcervino/Github/CoraCiteseer/PieClam/experiments/../trainer_directed.py:158:::  

Using dataset specific configuration and not global 




/mnt/home/jcervino/Github/CoraCiteseer/PieClam/experiments/../trainer_directed.py:337:::  

In function train. 
2025-12-21 06:39:09 starting optimization of bigclam on citeseer (DIRECTED) on device cuda

 configs_dict: 
{
    "clamiter_init": {
        "dim_feat": 100,
        "dim_attr": 100,
        "s_reg": 0.1,
        "l1_reg": 1,
        "T": 1,
        "hidden_dim": 64,
        "num_coupling_blocks": 32,
        "num_layers_mlp": 2
    },
    "feat_opt": {
        "lr": 0.0001,
        "n_iter": 7000,
        "early_stop": 0
    }
}


/mnt/home/jcervino/Github/CoraCiteseer/PieClam/experiments/../clamiter_directed.py:440:::  
staring fit_feats for 7000 iterations


/mnt/home/jcervino/Github/CoraCiteseer/PieClam/experiments/../trainer_directed.py:444:::  



FINISHED train 
 last accuracies:
test
key='auc': 0.5953393309459342
val
auc: None




/mnt/home/jcervino/Github/CoraCiteseer/PieClam/experiments/../trainer_directed.py:460:::  

train_model_on_params on bigclam citeseer 
took 69.05087566375732 seconds


/mnt/home/jcervino/Github/CoraCiteseer/PieClam/experiments/optimization_utils_directed.py:663:::  
Repetition no. 1


/mnt/home/jcervino/Github/CoraCiteseer/PieClam/experiments/../trainer_directed.py:158:::  

Using dataset specific configuration and not global 




/mnt/home/jcervino/Github/CoraCiteseer/PieClam/experiments/../trainer_directed.py:337:::  

In function train. 
2025-12-21 06:40:19 starting optimization of bigclam on citeseer (DIRECTED) on device cuda

 configs_dict: 
{
    "clamiter_init": {
        "dim_feat": 100,
        "dim_attr": 100,
        "s_reg": 0.1,
        "l1_reg": 1,
        "T": 1,
        "hidden_dim": 64,
        "num_coupling_blocks": 32,
        "num_layers_mlp": 2
    },
    "feat_opt": {
        "lr": 0.0001,
        "n_iter": 7000,
        "early_stop": 0
    }
}


/mnt/home/jcervino/Github/CoraCiteseer/PieClam/experiments/../clamiter_directed.py:440:::  
staring fit_feats for 7000 iterations


/mnt/home/jcervino/Github/CoraCiteseer/PieClam/experiments/../trainer_directed.py:444:::  



FINISHED train 
 last accuracies:
test
key='auc': 0.5807791073456197
val
auc: None




/mnt/home/jcervino/Github/CoraCiteseer/PieClam/experiments/../trainer_directed.py:460:::  

train_model_on_params on bigclam citeseer 
took 118.80868196487427 seconds


/mnt/home/jcervino/Github/CoraCiteseer/PieClam/experiments/optimization_utils_directed.py:663:::  
Repetition no. 2


/mnt/home/jcervino/Github/CoraCiteseer/PieClam/experiments/../trainer_directed.py:158:::  

Using dataset specific configuration and not global 




/mnt/home/jcervino/Github/CoraCiteseer/PieClam/experiments/../trainer_directed.py:337:::  

In function train. 
2025-12-21 06:42:18 starting optimization of bigclam on citeseer (DIRECTED) on device cuda

 configs_dict: 
{
    "clamiter_init": {
        "dim_feat": 100,
        "dim_attr": 100,
        "s_reg": 0.1,
        "l1_reg": 1,
        "T": 1,
        "hidden_dim": 64,
        "num_coupling_blocks": 32,
        "num_layers_mlp": 2
    },
    "feat_opt": {
        "lr": 0.0001,
        "n_iter": 7000,
        "early_stop": 0
    }
}


/mnt/home/jcervino/Github/CoraCiteseer/PieClam/experiments/../clamiter_directed.py:440:::  
staring fit_feats for 7000 iterations


/mnt/home/jcervino/Github/CoraCiteseer/PieClam/experiments/../trainer_directed.py:444:::  



FINISHED train 
 last accuracies:
test
key='auc': 0.5850187789326579
val
auc: None




/mnt/home/jcervino/Github/CoraCiteseer/PieClam/experiments/../trainer_directed.py:460:::  

train_model_on_params on bigclam citeseer 
took 110.14055895805359 seconds


/mnt/home/jcervino/Github/CoraCiteseer/PieClam/experiments/optimization_utils_directed.py:663:::  
Repetition no. 0


/mnt/home/jcervino/Github/CoraCiteseer/PieClam/experiments/../trainer_directed.py:158:::  

Using dataset specific configuration and not global 




/mnt/home/jcervino/Github/CoraCiteseer/PieClam/experiments/../trainer_directed.py:337:::  

In function train. 
2025-12-21 06:44:08 starting optimization of bigclam on citeseer (DIRECTED) on device cuda

 configs_dict: 
{
    "clamiter_init": {
        "dim_feat": 48,
        "dim_attr": 100,
        "s_reg": 0.1,
        "l1_reg": 1,
        "T": 1,
        "hidden_dim": 64,
        "num_coupling_blocks": 32,
        "num_layers_mlp": 2
    },
    "feat_opt": {
        "lr": 0.001,
        "n_iter": 5000,
        "early_stop": 0
    }
}


/mnt/home/jcervino/Github/CoraCiteseer/PieClam/experiments/../clamiter_directed.py:440:::  
staring fit_feats for 5000 iterations


/mnt/home/jcervino/Github/CoraCiteseer/PieClam/experiments/../trainer_directed.py:444:::  



FINISHED train 
 last accuracies:
test
key='auc': 0.5
val
auc: None




/mnt/home/jcervino/Github/CoraCiteseer/PieClam/experiments/../trainer_directed.py:460:::  

train_model_on_params on bigclam citeseer 
took 87.08150720596313 seconds


/mnt/home/jcervino/Github/CoraCiteseer/PieClam/experiments/optimization_utils_directed.py:663:::  
Repetition no. 1


/mnt/home/jcervino/Github/CoraCiteseer/PieClam/experiments/../trainer_directed.py:158:::  

Using dataset specific configuration and not global 




/mnt/home/jcervino/Github/CoraCiteseer/PieClam/experiments/../trainer_directed.py:337:::  

In function train. 
2025-12-21 06:45:36 starting optimization of bigclam on citeseer (DIRECTED) on device cuda

 configs_dict: 
{
    "clamiter_init": {
        "dim_feat": 48,
        "dim_attr": 100,
        "s_reg": 0.1,
        "l1_reg": 1,
        "T": 1,
        "hidden_dim": 64,
        "num_coupling_blocks": 32,
        "num_layers_mlp": 2
    },
    "feat_opt": {
        "lr": 0.001,
        "n_iter": 5000,
        "early_stop": 0
    }
}


/mnt/home/jcervino/Github/CoraCiteseer/PieClam/experiments/../clamiter_directed.py:440:::  
staring fit_feats for 5000 iterations


/mnt/home/jcervino/Github/CoraCiteseer/PieClam/experiments/../trainer_directed.py:444:::  



FINISHED train 
 last accuracies:
test
key='auc': 0.5
val
auc: None




/mnt/home/jcervino/Github/CoraCiteseer/PieClam/experiments/../trainer_directed.py:460:::  

train_model_on_params on bigclam citeseer 
took 87.9981198310852 seconds


/mnt/home/jcervino/Github/CoraCiteseer/PieClam/experiments/optimization_utils_directed.py:663:::  
Repetition no. 2


/mnt/home/jcervino/Github/CoraCiteseer/PieClam/experiments/../trainer_directed.py:158:::  

Using dataset specific configuration and not global 




/mnt/home/jcervino/Github/CoraCiteseer/PieClam/experiments/../trainer_directed.py:337:::  

In function train. 
2025-12-21 06:47:04 starting optimization of bigclam on citeseer (DIRECTED) on device cuda

 configs_dict: 
{
    "clamiter_init": {
        "dim_feat": 48,
        "dim_attr": 100,
        "s_reg": 0.1,
        "l1_reg": 1,
        "T": 1,
        "hidden_dim": 64,
        "num_coupling_blocks": 32,
        "num_layers_mlp": 2
    },
    "feat_opt": {
        "lr": 0.001,
        "n_iter": 5000,
        "early_stop": 0
    }
}


/mnt/home/jcervino/Github/CoraCiteseer/PieClam/experiments/../clamiter_directed.py:440:::  
staring fit_feats for 5000 iterations


/mnt/home/jcervino/Github/CoraCiteseer/PieClam/experiments/../trainer_directed.py:444:::  



FINISHED train 
 last accuracies:
test
key='auc': 0.5
val
auc: None




/mnt/home/jcervino/Github/CoraCiteseer/PieClam/experiments/../trainer_directed.py:460:::  

train_model_on_params on bigclam citeseer 
took 88.57224440574646 seconds


/mnt/home/jcervino/Github/CoraCiteseer/PieClam/experiments/optimization_utils_directed.py:663:::  
Repetition no. 0


/mnt/home/jcervino/Github/CoraCiteseer/PieClam/experiments/../trainer_directed.py:158:::  

Using dataset specific configuration and not global 




/mnt/home/jcervino/Github/CoraCiteseer/PieClam/experiments/../trainer_directed.py:337:::  

In function train. 
2025-12-21 06:48:33 starting optimization of bigclam on citeseer (DIRECTED) on device cuda

 configs_dict: 
{
    "clamiter_init": {
        "dim_feat": 200,
        "dim_attr": 100,
        "s_reg": 0.0,
        "l1_reg": 1,
        "T": 1,
        "hidden_dim": 64,
        "num_coupling_blocks": 32,
        "num_layers_mlp": 2
    },
    "feat_opt": {
        "lr": 1e-05,
        "n_iter": 2000,
        "early_stop": 0
    }
}


/mnt/home/jcervino/Github/CoraCiteseer/PieClam/experiments/../clamiter_directed.py:440:::  
staring fit_feats for 2000 iterations


/mnt/home/jcervino/Github/CoraCiteseer/PieClam/experiments/../trainer_directed.py:444:::  



FINISHED train 
 last accuracies:
test
key='auc': 0.6154161935540221
val
auc: None




/mnt/home/jcervino/Github/CoraCiteseer/PieClam/experiments/../trainer_directed.py:460:::  

train_model_on_params on bigclam citeseer 
took 28.21422791481018 seconds


/mnt/home/jcervino/Github/CoraCiteseer/PieClam/experiments/optimization_utils_directed.py:663:::  
Repetition no. 1


/mnt/home/jcervino/Github/CoraCiteseer/PieClam/experiments/../trainer_directed.py:158:::  

Using dataset specific configuration and not global 




/mnt/home/jcervino/Github/CoraCiteseer/PieClam/experiments/../trainer_directed.py:337:::  

In function train. 
2025-12-21 06:49:01 starting optimization of bigclam on citeseer (DIRECTED) on device cuda

 configs_dict: 
{
    "clamiter_init": {
        "dim_feat": 200,
        "dim_attr": 100,
        "s_reg": 0.0,
        "l1_reg": 1,
        "T": 1,
        "hidden_dim": 64,
        "num_coupling_blocks": 32,
        "num_layers_mlp": 2
    },
    "feat_opt": {
        "lr": 1e-05,
        "n_iter": 2000,
        "early_stop": 0
    }
}


/mnt/home/jcervino/Github/CoraCiteseer/PieClam/experiments/../clamiter_directed.py:440:::  
staring fit_feats for 2000 iterations


/mnt/home/jcervino/Github/CoraCiteseer/PieClam/experiments/../trainer_directed.py:444:::  



FINISHED train 
 last accuracies:
test
key='auc': 0.6080356363001136
val
auc: None




/mnt/home/jcervino/Github/CoraCiteseer/PieClam/experiments/../trainer_directed.py:460:::  

train_model_on_params on bigclam citeseer 
took 35.20426654815674 seconds


/mnt/home/jcervino/Github/CoraCiteseer/PieClam/experiments/optimization_utils_directed.py:663:::  
Repetition no. 2


/mnt/home/jcervino/Github/CoraCiteseer/PieClam/experiments/../trainer_directed.py:158:::  

Using dataset specific configuration and not global 




/mnt/home/jcervino/Github/CoraCiteseer/PieClam/experiments/../trainer_directed.py:337:::  

In function train. 
2025-12-21 06:49:37 starting optimization of bigclam on citeseer (DIRECTED) on device cuda

 configs_dict: 
{
    "clamiter_init": {
        "dim_feat": 200,
        "dim_attr": 100,
        "s_reg": 0.0,
        "l1_reg": 1,
        "T": 1,
        "hidden_dim": 64,
        "num_coupling_blocks": 32,
        "num_layers_mlp": 2
    },
    "feat_opt": {
        "lr": 1e-05,
        "n_iter": 2000,
        "early_stop": 0
    }
}


/mnt/home/jcervino/Github/CoraCiteseer/PieClam/experiments/../clamiter_directed.py:440:::  
staring fit_feats for 2000 iterations


/mnt/home/jcervino/Github/CoraCiteseer/PieClam/experiments/../trainer_directed.py:444:::  



FINISHED train 
 last accuracies:
test
key='auc': 0.6244091187003231
val
auc: None




/mnt/home/jcervino/Github/CoraCiteseer/PieClam/experiments/../trainer_directed.py:460:::  

train_model_on_params on bigclam citeseer 
took 34.31090569496155 seconds


/mnt/home/jcervino/Github/CoraCiteseer/PieClam/experiments/optimization_utils_directed.py:663:::  
Repetition no. 0


/mnt/home/jcervino/Github/CoraCiteseer/PieClam/experiments/../trainer_directed.py:158:::  

Using dataset specific configuration and not global 




/mnt/home/jcervino/Github/CoraCiteseer/PieClam/experiments/../trainer_directed.py:337:::  

In function train. 
2025-12-21 06:50:12 starting optimization of bigclam on citeseer (DIRECTED) on device cuda

 configs_dict: 
{
    "clamiter_init": {
        "dim_feat": 200,
        "dim_attr": 100,
        "s_reg": 0.1,
        "l1_reg": 1,
        "T": 1,
        "hidden_dim": 64,
        "num_coupling_blocks": 32,
        "num_layers_mlp": 2
    },
    "feat_opt": {
        "lr": 0.001,
        "n_iter": 5000,
        "early_stop": 0
    }
}


/mnt/home/jcervino/Github/CoraCiteseer/PieClam/experiments/../clamiter_directed.py:440:::  
staring fit_feats for 5000 iterations


/mnt/home/jcervino/Github/CoraCiteseer/PieClam/experiments/../trainer_directed.py:444:::  



FINISHED train 
 last accuracies:
test
key='auc': 0.5
val
auc: None




/mnt/home/jcervino/Github/CoraCiteseer/PieClam/experiments/../trainer_directed.py:460:::  

train_model_on_params on bigclam citeseer 
took 87.81465220451355 seconds


/mnt/home/jcervino/Github/CoraCiteseer/PieClam/experiments/optimization_utils_directed.py:663:::  
Repetition no. 1


/mnt/home/jcervino/Github/CoraCiteseer/PieClam/experiments/../trainer_directed.py:158:::  

Using dataset specific configuration and not global 




/mnt/home/jcervino/Github/CoraCiteseer/PieClam/experiments/../trainer_directed.py:337:::  

In function train. 
2025-12-21 06:51:40 starting optimization of bigclam on citeseer (DIRECTED) on device cuda

 configs_dict: 
{
    "clamiter_init": {
        "dim_feat": 200,
        "dim_attr": 100,
        "s_reg": 0.1,
        "l1_reg": 1,
        "T": 1,
        "hidden_dim": 64,
        "num_coupling_blocks": 32,
        "num_layers_mlp": 2
    },
    "feat_opt": {
        "lr": 0.001,
        "n_iter": 5000,
        "early_stop": 0
    }
}


/mnt/home/jcervino/Github/CoraCiteseer/PieClam/experiments/../clamiter_directed.py:440:::  
staring fit_feats for 5000 iterations


/mnt/home/jcervino/Github/CoraCiteseer/PieClam/experiments/../trainer_directed.py:444:::  



FINISHED train 
 last accuracies:
test
key='auc': 0.5
val
auc: None




/mnt/home/jcervino/Github/CoraCiteseer/PieClam/experiments/../trainer_directed.py:460:::  

train_model_on_params on bigclam citeseer 
took 84.46608591079712 seconds


/mnt/home/jcervino/Github/CoraCiteseer/PieClam/experiments/optimization_utils_directed.py:663:::  
Repetition no. 2


/mnt/home/jcervino/Github/CoraCiteseer/PieClam/experiments/../trainer_directed.py:158:::  

Using dataset specific configuration and not global 




/mnt/home/jcervino/Github/CoraCiteseer/PieClam/experiments/../trainer_directed.py:337:::  

In function train. 
2025-12-21 06:53:05 starting optimization of bigclam on citeseer (DIRECTED) on device cuda

 configs_dict: 
{
    "clamiter_init": {
        "dim_feat": 200,
        "dim_attr": 100,
        "s_reg": 0.1,
        "l1_reg": 1,
        "T": 1,
        "hidden_dim": 64,
        "num_coupling_blocks": 32,
        "num_layers_mlp": 2
    },
    "feat_opt": {
        "lr": 0.001,
        "n_iter": 5000,
        "early_stop": 0
    }
}


/mnt/home/jcervino/Github/CoraCiteseer/PieClam/experiments/../clamiter_directed.py:440:::  
staring fit_feats for 5000 iterations


/mnt/home/jcervino/Github/CoraCiteseer/PieClam/experiments/../trainer_directed.py:444:::  



FINISHED train 
 last accuracies:
test
key='auc': 0.5
val
auc: None




/mnt/home/jcervino/Github/CoraCiteseer/PieClam/experiments/../trainer_directed.py:460:::  

train_model_on_params on bigclam citeseer 
took 85.48685002326965 seconds


/mnt/home/jcervino/Github/CoraCiteseer/PieClam/experiments/optimization_utils_directed.py:663:::  
Repetition no. 0


/mnt/home/jcervino/Github/CoraCiteseer/PieClam/experiments/../trainer_directed.py:158:::  

Using dataset specific configuration and not global 




/mnt/home/jcervino/Github/CoraCiteseer/PieClam/experiments/../trainer_directed.py:337:::  

In function train. 
2025-12-21 06:54:30 starting optimization of bigclam on citeseer (DIRECTED) on device cuda

 configs_dict: 
{
    "clamiter_init": {
        "dim_feat": 100,
        "dim_attr": 100,
        "s_reg": 0.0,
        "l1_reg": 1,
        "T": 1,
        "hidden_dim": 64,
        "num_coupling_blocks": 32,
        "num_layers_mlp": 2
    },
    "feat_opt": {
        "lr": 1e-05,
        "n_iter": 7000,
        "early_stop": 0
    }
}


/mnt/home/jcervino/Github/CoraCiteseer/PieClam/experiments/../clamiter_directed.py:440:::  
staring fit_feats for 7000 iterations


/mnt/home/jcervino/Github/CoraCiteseer/PieClam/experiments/../trainer_directed.py:444:::  



FINISHED train 
 last accuracies:
test
key='auc': 0.5898541357323783
val
auc: None




/mnt/home/jcervino/Github/CoraCiteseer/PieClam/experiments/../trainer_directed.py:460:::  

train_model_on_params on bigclam citeseer 
took 90.85973119735718 seconds


/mnt/home/jcervino/Github/CoraCiteseer/PieClam/experiments/optimization_utils_directed.py:663:::  
Repetition no. 1


/mnt/home/jcervino/Github/CoraCiteseer/PieClam/experiments/../trainer_directed.py:158:::  

Using dataset specific configuration and not global 




/mnt/home/jcervino/Github/CoraCiteseer/PieClam/experiments/../trainer_directed.py:337:::  

In function train. 
2025-12-21 06:56:01 starting optimization of bigclam on citeseer (DIRECTED) on device cuda

 configs_dict: 
{
    "clamiter_init": {
        "dim_feat": 100,
        "dim_attr": 100,
        "s_reg": 0.0,
        "l1_reg": 1,
        "T": 1,
        "hidden_dim": 64,
        "num_coupling_blocks": 32,
        "num_layers_mlp": 2
    },
    "feat_opt": {
        "lr": 1e-05,
        "n_iter": 7000,
        "early_stop": 0
    }
}


/mnt/home/jcervino/Github/CoraCiteseer/PieClam/experiments/../clamiter_directed.py:440:::  
staring fit_feats for 7000 iterations


/mnt/home/jcervino/Github/CoraCiteseer/PieClam/experiments/../trainer_directed.py:444:::  



FINISHED train 
 last accuracies:
test
key='auc': 0.5861088304655429
val
auc: None




/mnt/home/jcervino/Github/CoraCiteseer/PieClam/experiments/../trainer_directed.py:460:::  

train_model_on_params on bigclam citeseer 
took 124.06171298027039 seconds


/mnt/home/jcervino/Github/CoraCiteseer/PieClam/experiments/optimization_utils_directed.py:663:::  
Repetition no. 2


/mnt/home/jcervino/Github/CoraCiteseer/PieClam/experiments/../trainer_directed.py:158:::  

Using dataset specific configuration and not global 




/mnt/home/jcervino/Github/CoraCiteseer/PieClam/experiments/../trainer_directed.py:337:::  

In function train. 
2025-12-21 06:58:06 starting optimization of bigclam on citeseer (DIRECTED) on device cuda

 configs_dict: 
{
    "clamiter_init": {
        "dim_feat": 100,
        "dim_attr": 100,
        "s_reg": 0.0,
        "l1_reg": 1,
        "T": 1,
        "hidden_dim": 64,
        "num_coupling_blocks": 32,
        "num_layers_mlp": 2
    },
    "feat_opt": {
        "lr": 1e-05,
        "n_iter": 7000,
        "early_stop": 0
    }
}


/mnt/home/jcervino/Github/CoraCiteseer/PieClam/experiments/../clamiter_directed.py:440:::  
staring fit_feats for 7000 iterations


/mnt/home/jcervino/Github/CoraCiteseer/PieClam/experiments/../trainer_directed.py:444:::  



FINISHED train 
 last accuracies:
test
key='auc': 0.5811267359594724
val
auc: None




/mnt/home/jcervino/Github/CoraCiteseer/PieClam/experiments/../trainer_directed.py:460:::  

train_model_on_params on bigclam citeseer 
took 92.79873394966125 seconds


/mnt/home/jcervino/Github/CoraCiteseer/PieClam/experiments/optimization_utils_directed.py:663:::  
Repetition no. 0


/mnt/home/jcervino/Github/CoraCiteseer/PieClam/experiments/../trainer_directed.py:158:::  

Using dataset specific configuration and not global 




/mnt/home/jcervino/Github/CoraCiteseer/PieClam/experiments/../trainer_directed.py:337:::  

In function train. 
2025-12-21 06:59:39 starting optimization of bigclam on citeseer (DIRECTED) on device cuda

 configs_dict: 
{
    "clamiter_init": {
        "dim_feat": 48,
        "dim_attr": 100,
        "s_reg": 0.1,
        "l1_reg": 1,
        "T": 1,
        "hidden_dim": 64,
        "num_coupling_blocks": 32,
        "num_layers_mlp": 2
    },
    "feat_opt": {
        "lr": 1e-05,
        "n_iter": 5000,
        "early_stop": 0
    }
}


/mnt/home/jcervino/Github/CoraCiteseer/PieClam/experiments/../clamiter_directed.py:440:::  
staring fit_feats for 5000 iterations


/mnt/home/jcervino/Github/CoraCiteseer/PieClam/experiments/../trainer_directed.py:444:::  



FINISHED train 
 last accuracies:
test
key='auc': 0.6174355838937898
val
auc: None




/mnt/home/jcervino/Github/CoraCiteseer/PieClam/experiments/../trainer_directed.py:460:::  

train_model_on_params on bigclam citeseer 
took 81.31276392936707 seconds


/mnt/home/jcervino/Github/CoraCiteseer/PieClam/experiments/optimization_utils_directed.py:663:::  
Repetition no. 1


/mnt/home/jcervino/Github/CoraCiteseer/PieClam/experiments/../trainer_directed.py:158:::  

Using dataset specific configuration and not global 




/mnt/home/jcervino/Github/CoraCiteseer/PieClam/experiments/../trainer_directed.py:337:::  

In function train. 
2025-12-21 07:01:01 starting optimization of bigclam on citeseer (DIRECTED) on device cuda

 configs_dict: 
{
    "clamiter_init": {
        "dim_feat": 48,
        "dim_attr": 100,
        "s_reg": 0.1,
        "l1_reg": 1,
        "T": 1,
        "hidden_dim": 64,
        "num_coupling_blocks": 32,
        "num_layers_mlp": 2
    },
    "feat_opt": {
        "lr": 1e-05,
        "n_iter": 5000,
        "early_stop": 0
    }
}


/mnt/home/jcervino/Github/CoraCiteseer/PieClam/experiments/../clamiter_directed.py:440:::  
staring fit_feats for 5000 iterations


/mnt/home/jcervino/Github/CoraCiteseer/PieClam/experiments/../trainer_directed.py:444:::  



FINISHED train 
 last accuracies:
test
key='auc': 0.6140274259760679
val
auc: None




/mnt/home/jcervino/Github/CoraCiteseer/PieClam/experiments/../trainer_directed.py:460:::  

train_model_on_params on bigclam citeseer 
took 87.10550451278687 seconds


/mnt/home/jcervino/Github/CoraCiteseer/PieClam/experiments/optimization_utils_directed.py:663:::  
Repetition no. 2


/mnt/home/jcervino/Github/CoraCiteseer/PieClam/experiments/../trainer_directed.py:158:::  

Using dataset specific configuration and not global 




/mnt/home/jcervino/Github/CoraCiteseer/PieClam/experiments/../trainer_directed.py:337:::  

In function train. 
2025-12-21 07:02:28 starting optimization of bigclam on citeseer (DIRECTED) on device cuda

 configs_dict: 
{
    "clamiter_init": {
        "dim_feat": 48,
        "dim_attr": 100,
        "s_reg": 0.1,
        "l1_reg": 1,
        "T": 1,
        "hidden_dim": 64,
        "num_coupling_blocks": 32,
        "num_layers_mlp": 2
    },
    "feat_opt": {
        "lr": 1e-05,
        "n_iter": 5000,
        "early_stop": 0
    }
}


/mnt/home/jcervino/Github/CoraCiteseer/PieClam/experiments/../clamiter_directed.py:440:::  
staring fit_feats for 5000 iterations


/mnt/home/jcervino/Github/CoraCiteseer/PieClam/experiments/../trainer_directed.py:444:::  



FINISHED train 
 last accuracies:
test
key='auc': 0.5931836841645559
val
auc: None




/mnt/home/jcervino/Github/CoraCiteseer/PieClam/experiments/../trainer_directed.py:460:::  

train_model_on_params on bigclam citeseer 
took 87.16351699829102 seconds


/mnt/home/jcervino/Github/CoraCiteseer/PieClam/experiments/optimization_utils_directed.py:663:::  
Repetition no. 0


/mnt/home/jcervino/Github/CoraCiteseer/PieClam/experiments/../trainer_directed.py:158:::  

Using dataset specific configuration and not global 




/mnt/home/jcervino/Github/CoraCiteseer/PieClam/experiments/../trainer_directed.py:337:::  

In function train. 
2025-12-21 07:03:56 starting optimization of bigclam on citeseer (DIRECTED) on device cuda

 configs_dict: 
{
    "clamiter_init": {
        "dim_feat": 48,
        "dim_attr": 100,
        "s_reg": 0.1,
        "l1_reg": 1,
        "T": 1,
        "hidden_dim": 64,
        "num_coupling_blocks": 32,
        "num_layers_mlp": 2
    },
    "feat_opt": {
        "lr": 1e-05,
        "n_iter": 2000,
        "early_stop": 0
    }
}


/mnt/home/jcervino/Github/CoraCiteseer/PieClam/experiments/../clamiter_directed.py:440:::  
staring fit_feats for 2000 iterations


/mnt/home/jcervino/Github/CoraCiteseer/PieClam/experiments/../trainer_directed.py:444:::  



FINISHED train 
 last accuracies:
test
key='auc': 0.6402760066381343
val
auc: None




/mnt/home/jcervino/Github/CoraCiteseer/PieClam/experiments/../trainer_directed.py:460:::  

train_model_on_params on bigclam citeseer 
took 35.483882665634155 seconds


/mnt/home/jcervino/Github/CoraCiteseer/PieClam/experiments/optimization_utils_directed.py:663:::  
Repetition no. 1


/mnt/home/jcervino/Github/CoraCiteseer/PieClam/experiments/../trainer_directed.py:158:::  

Using dataset specific configuration and not global 




/mnt/home/jcervino/Github/CoraCiteseer/PieClam/experiments/../trainer_directed.py:337:::  

In function train. 
2025-12-21 07:04:31 starting optimization of bigclam on citeseer (DIRECTED) on device cuda

 configs_dict: 
{
    "clamiter_init": {
        "dim_feat": 48,
        "dim_attr": 100,
        "s_reg": 0.1,
        "l1_reg": 1,
        "T": 1,
        "hidden_dim": 64,
        "num_coupling_blocks": 32,
        "num_layers_mlp": 2
    },
    "feat_opt": {
        "lr": 1e-05,
        "n_iter": 2000,
        "early_stop": 0
    }
}


/mnt/home/jcervino/Github/CoraCiteseer/PieClam/experiments/../clamiter_directed.py:440:::  
staring fit_feats for 2000 iterations


/mnt/home/jcervino/Github/CoraCiteseer/PieClam/experiments/../trainer_directed.py:444:::  



FINISHED train 
 last accuracies:
test
key='auc': 0.6288339592977552
val
auc: None




/mnt/home/jcervino/Github/CoraCiteseer/PieClam/experiments/../trainer_directed.py:460:::  

train_model_on_params on bigclam citeseer 
took 35.527735233306885 seconds


/mnt/home/jcervino/Github/CoraCiteseer/PieClam/experiments/optimization_utils_directed.py:663:::  
Repetition no. 2


/mnt/home/jcervino/Github/CoraCiteseer/PieClam/experiments/../trainer_directed.py:158:::  

Using dataset specific configuration and not global 




/mnt/home/jcervino/Github/CoraCiteseer/PieClam/experiments/../trainer_directed.py:337:::  

In function train. 
2025-12-21 07:05:07 starting optimization of bigclam on citeseer (DIRECTED) on device cuda

 configs_dict: 
{
    "clamiter_init": {
        "dim_feat": 48,
        "dim_attr": 100,
        "s_reg": 0.1,
        "l1_reg": 1,
        "T": 1,
        "hidden_dim": 64,
        "num_coupling_blocks": 32,
        "num_layers_mlp": 2
    },
    "feat_opt": {
        "lr": 1e-05,
        "n_iter": 2000,
        "early_stop": 0
    }
}


/mnt/home/jcervino/Github/CoraCiteseer/PieClam/experiments/../clamiter_directed.py:440:::  
staring fit_feats for 2000 iterations


/mnt/home/jcervino/Github/CoraCiteseer/PieClam/experiments/../trainer_directed.py:444:::  



FINISHED train 
 last accuracies:
test
key='auc': 0.6321879640143244
val
auc: None




/mnt/home/jcervino/Github/CoraCiteseer/PieClam/experiments/../trainer_directed.py:460:::  

train_model_on_params on bigclam citeseer 
took 31.504122734069824 seconds


/mnt/home/jcervino/Github/CoraCiteseer/PieClam/experiments/optimization_utils_directed.py:663:::  
Repetition no. 0


/mnt/home/jcervino/Github/CoraCiteseer/PieClam/experiments/../trainer_directed.py:158:::  

Using dataset specific configuration and not global 




/mnt/home/jcervino/Github/CoraCiteseer/PieClam/experiments/../trainer_directed.py:337:::  

In function train. 
2025-12-21 07:05:39 starting optimization of bigclam on citeseer (DIRECTED) on device cuda

 configs_dict: 
{
    "clamiter_init": {
        "dim_feat": 100,
        "dim_attr": 100,
        "s_reg": 0.0,
        "l1_reg": 1,
        "T": 1,
        "hidden_dim": 64,
        "num_coupling_blocks": 32,
        "num_layers_mlp": 2
    },
    "feat_opt": {
        "lr": 0.001,
        "n_iter": 2000,
        "early_stop": 0
    }
}


/mnt/home/jcervino/Github/CoraCiteseer/PieClam/experiments/../clamiter_directed.py:440:::  
staring fit_feats for 2000 iterations


/mnt/home/jcervino/Github/CoraCiteseer/PieClam/experiments/../trainer_directed.py:444:::  



FINISHED train 
 last accuracies:
test
key='auc': 0.5
val
auc: None




/mnt/home/jcervino/Github/CoraCiteseer/PieClam/experiments/../trainer_directed.py:460:::  

train_model_on_params on bigclam citeseer 
took 35.335702657699585 seconds


/mnt/home/jcervino/Github/CoraCiteseer/PieClam/experiments/optimization_utils_directed.py:663:::  
Repetition no. 1


/mnt/home/jcervino/Github/CoraCiteseer/PieClam/experiments/../trainer_directed.py:158:::  

Using dataset specific configuration and not global 




/mnt/home/jcervino/Github/CoraCiteseer/PieClam/experiments/../trainer_directed.py:337:::  

In function train. 
2025-12-21 07:06:15 starting optimization of bigclam on citeseer (DIRECTED) on device cuda

 configs_dict: 
{
    "clamiter_init": {
        "dim_feat": 100,
        "dim_attr": 100,
        "s_reg": 0.0,
        "l1_reg": 1,
        "T": 1,
        "hidden_dim": 64,
        "num_coupling_blocks": 32,
        "num_layers_mlp": 2
    },
    "feat_opt": {
        "lr": 0.001,
        "n_iter": 2000,
        "early_stop": 0
    }
}


/mnt/home/jcervino/Github/CoraCiteseer/PieClam/experiments/../clamiter_directed.py:440:::  
staring fit_feats for 2000 iterations


/mnt/home/jcervino/Github/CoraCiteseer/PieClam/experiments/../trainer_directed.py:444:::  



FINISHED train 
 last accuracies:
test
key='auc': 0.5
val
auc: None




/mnt/home/jcervino/Github/CoraCiteseer/PieClam/experiments/../trainer_directed.py:460:::  

train_model_on_params on bigclam citeseer 
took 35.52458882331848 seconds


/mnt/home/jcervino/Github/CoraCiteseer/PieClam/experiments/optimization_utils_directed.py:663:::  
Repetition no. 2


/mnt/home/jcervino/Github/CoraCiteseer/PieClam/experiments/../trainer_directed.py:158:::  

Using dataset specific configuration and not global 




/mnt/home/jcervino/Github/CoraCiteseer/PieClam/experiments/../trainer_directed.py:337:::  

In function train. 
2025-12-21 07:06:51 starting optimization of bigclam on citeseer (DIRECTED) on device cuda

 configs_dict: 
{
    "clamiter_init": {
        "dim_feat": 100,
        "dim_attr": 100,
        "s_reg": 0.0,
        "l1_reg": 1,
        "T": 1,
        "hidden_dim": 64,
        "num_coupling_blocks": 32,
        "num_layers_mlp": 2
    },
    "feat_opt": {
        "lr": 0.001,
        "n_iter": 2000,
        "early_stop": 0
    }
}


/mnt/home/jcervino/Github/CoraCiteseer/PieClam/experiments/../clamiter_directed.py:440:::  
staring fit_feats for 2000 iterations


/mnt/home/jcervino/Github/CoraCiteseer/PieClam/experiments/../trainer_directed.py:444:::  



FINISHED train 
 last accuracies:
test
key='auc': 0.5
val
auc: None




/mnt/home/jcervino/Github/CoraCiteseer/PieClam/experiments/../trainer_directed.py:460:::  

train_model_on_params on bigclam citeseer 
took 35.08249235153198 seconds


/mnt/home/jcervino/Github/CoraCiteseer/PieClam/experiments/optimization_utils_directed.py:663:::  
Repetition no. 0


/mnt/home/jcervino/Github/CoraCiteseer/PieClam/experiments/../trainer_directed.py:158:::  

Using dataset specific configuration and not global 




/mnt/home/jcervino/Github/CoraCiteseer/PieClam/experiments/../trainer_directed.py:337:::  

In function train. 
2025-12-21 07:07:26 starting optimization of bigclam on citeseer (DIRECTED) on device cuda

 configs_dict: 
{
    "clamiter_init": {
        "dim_feat": 100,
        "dim_attr": 100,
        "s_reg": 0.0,
        "l1_reg": 1,
        "T": 1,
        "hidden_dim": 64,
        "num_coupling_blocks": 32,
        "num_layers_mlp": 2
    },
    "feat_opt": {
        "lr": 0.0001,
        "n_iter": 2000,
        "early_stop": 0
    }
}


/mnt/home/jcervino/Github/CoraCiteseer/PieClam/experiments/../clamiter_directed.py:440:::  
staring fit_feats for 2000 iterations


/mnt/home/jcervino/Github/CoraCiteseer/PieClam/experiments/../trainer_directed.py:444:::  



FINISHED train 
 last accuracies:
test
key='auc': 0.5761201851690103
val
auc: None




/mnt/home/jcervino/Github/CoraCiteseer/PieClam/experiments/../trainer_directed.py:460:::  

train_model_on_params on bigclam citeseer 
took 35.720285415649414 seconds


/mnt/home/jcervino/Github/CoraCiteseer/PieClam/experiments/optimization_utils_directed.py:663:::  
Repetition no. 1


/mnt/home/jcervino/Github/CoraCiteseer/PieClam/experiments/../trainer_directed.py:158:::  

Using dataset specific configuration and not global 




/mnt/home/jcervino/Github/CoraCiteseer/PieClam/experiments/../trainer_directed.py:337:::  

In function train. 
2025-12-21 07:08:02 starting optimization of bigclam on citeseer (DIRECTED) on device cuda

 configs_dict: 
{
    "clamiter_init": {
        "dim_feat": 100,
        "dim_attr": 100,
        "s_reg": 0.0,
        "l1_reg": 1,
        "T": 1,
        "hidden_dim": 64,
        "num_coupling_blocks": 32,
        "num_layers_mlp": 2
    },
    "feat_opt": {
        "lr": 0.0001,
        "n_iter": 2000,
        "early_stop": 0
    }
}


/mnt/home/jcervino/Github/CoraCiteseer/PieClam/experiments/../clamiter_directed.py:440:::  
staring fit_feats for 2000 iterations


/mnt/home/jcervino/Github/CoraCiteseer/PieClam/experiments/../trainer_directed.py:444:::  



FINISHED train 
 last accuracies:
test
key='auc': 0.5893719975543716
val
auc: None




/mnt/home/jcervino/Github/CoraCiteseer/PieClam/experiments/../trainer_directed.py:460:::  

train_model_on_params on bigclam citeseer 
took 35.334338903427124 seconds


/mnt/home/jcervino/Github/CoraCiteseer/PieClam/experiments/optimization_utils_directed.py:663:::  
Repetition no. 2


/mnt/home/jcervino/Github/CoraCiteseer/PieClam/experiments/../trainer_directed.py:158:::  

Using dataset specific configuration and not global 




/mnt/home/jcervino/Github/CoraCiteseer/PieClam/experiments/../trainer_directed.py:337:::  

In function train. 
2025-12-21 07:08:38 starting optimization of bigclam on citeseer (DIRECTED) on device cuda

 configs_dict: 
{
    "clamiter_init": {
        "dim_feat": 100,
        "dim_attr": 100,
        "s_reg": 0.0,
        "l1_reg": 1,
        "T": 1,
        "hidden_dim": 64,
        "num_coupling_blocks": 32,
        "num_layers_mlp": 2
    },
    "feat_opt": {
        "lr": 0.0001,
        "n_iter": 2000,
        "early_stop": 0
    }
}


/mnt/home/jcervino/Github/CoraCiteseer/PieClam/experiments/../clamiter_directed.py:440:::  
staring fit_feats for 2000 iterations


/mnt/home/jcervino/Github/CoraCiteseer/PieClam/experiments/../trainer_directed.py:444:::  



FINISHED train 
 last accuracies:
test
key='auc': 0.5826098349200802
val
auc: None




/mnt/home/jcervino/Github/CoraCiteseer/PieClam/experiments/../trainer_directed.py:460:::  

train_model_on_params on bigclam citeseer 
took 35.2881395816803 seconds


/mnt/home/jcervino/Github/CoraCiteseer/PieClam/experiments/optimization_utils_directed.py:663:::  
Repetition no. 0


/mnt/home/jcervino/Github/CoraCiteseer/PieClam/experiments/../trainer_directed.py:158:::  

Using dataset specific configuration and not global 




/mnt/home/jcervino/Github/CoraCiteseer/PieClam/experiments/../trainer_directed.py:337:::  

In function train. 
2025-12-21 07:09:14 starting optimization of bigclam on citeseer (DIRECTED) on device cuda

 configs_dict: 
{
    "clamiter_init": {
        "dim_feat": 200,
        "dim_attr": 100,
        "s_reg": 0.0,
        "l1_reg": 1,
        "T": 1,
        "hidden_dim": 64,
        "num_coupling_blocks": 32,
        "num_layers_mlp": 2
    },
    "feat_opt": {
        "lr": 0.0001,
        "n_iter": 5000,
        "early_stop": 0
    }
}


/mnt/home/jcervino/Github/CoraCiteseer/PieClam/experiments/../clamiter_directed.py:440:::  
staring fit_feats for 5000 iterations


/mnt/home/jcervino/Github/CoraCiteseer/PieClam/experiments/../trainer_directed.py:444:::  



FINISHED train 
 last accuracies:
test
key='auc': 0.5778286313215129
val
auc: None




/mnt/home/jcervino/Github/CoraCiteseer/PieClam/experiments/../trainer_directed.py:460:::  

train_model_on_params on bigclam citeseer 
took 86.92491292953491 seconds


/mnt/home/jcervino/Github/CoraCiteseer/PieClam/experiments/optimization_utils_directed.py:663:::  
Repetition no. 1


/mnt/home/jcervino/Github/CoraCiteseer/PieClam/experiments/../trainer_directed.py:158:::  

Using dataset specific configuration and not global 




/mnt/home/jcervino/Github/CoraCiteseer/PieClam/experiments/../trainer_directed.py:337:::  

In function train. 
2025-12-21 07:10:41 starting optimization of bigclam on citeseer (DIRECTED) on device cuda

 configs_dict: 
{
    "clamiter_init": {
        "dim_feat": 200,
        "dim_attr": 100,
        "s_reg": 0.0,
        "l1_reg": 1,
        "T": 1,
        "hidden_dim": 64,
        "num_coupling_blocks": 32,
        "num_layers_mlp": 2
    },
    "feat_opt": {
        "lr": 0.0001,
        "n_iter": 5000,
        "early_stop": 0
    }
}


/mnt/home/jcervino/Github/CoraCiteseer/PieClam/experiments/../clamiter_directed.py:440:::  
staring fit_feats for 5000 iterations


/mnt/home/jcervino/Github/CoraCiteseer/PieClam/experiments/../trainer_directed.py:444:::  



FINISHED train 
 last accuracies:
test
key='auc': 0.5570966896672199
val
auc: None




/mnt/home/jcervino/Github/CoraCiteseer/PieClam/experiments/../trainer_directed.py:460:::  

train_model_on_params on bigclam citeseer 
took 88.1002094745636 seconds


/mnt/home/jcervino/Github/CoraCiteseer/PieClam/experiments/optimization_utils_directed.py:663:::  
Repetition no. 2


/mnt/home/jcervino/Github/CoraCiteseer/PieClam/experiments/../trainer_directed.py:158:::  

Using dataset specific configuration and not global 




/mnt/home/jcervino/Github/CoraCiteseer/PieClam/experiments/../trainer_directed.py:337:::  

In function train. 
2025-12-21 07:12:09 starting optimization of bigclam on citeseer (DIRECTED) on device cuda

 configs_dict: 
{
    "clamiter_init": {
        "dim_feat": 200,
        "dim_attr": 100,
        "s_reg": 0.0,
        "l1_reg": 1,
        "T": 1,
        "hidden_dim": 64,
        "num_coupling_blocks": 32,
        "num_layers_mlp": 2
    },
    "feat_opt": {
        "lr": 0.0001,
        "n_iter": 5000,
        "early_stop": 0
    }
}


/mnt/home/jcervino/Github/CoraCiteseer/PieClam/experiments/../clamiter_directed.py:440:::  
staring fit_feats for 5000 iterations


/mnt/home/jcervino/Github/CoraCiteseer/PieClam/experiments/../trainer_directed.py:444:::  



FINISHED train 
 last accuracies:
test
key='auc': 0.5816158616473055
val
auc: None




/mnt/home/jcervino/Github/CoraCiteseer/PieClam/experiments/../trainer_directed.py:460:::  

train_model_on_params on bigclam citeseer 
took 62.48177218437195 seconds


/mnt/home/jcervino/Github/CoraCiteseer/PieClam/experiments/optimization_utils_directed.py:663:::  
Repetition no. 0


/mnt/home/jcervino/Github/CoraCiteseer/PieClam/experiments/../trainer_directed.py:158:::  

Using dataset specific configuration and not global 




/mnt/home/jcervino/Github/CoraCiteseer/PieClam/experiments/../trainer_directed.py:337:::  

In function train. 
2025-12-21 07:13:12 starting optimization of bigclam on citeseer (DIRECTED) on device cuda

 configs_dict: 
{
    "clamiter_init": {
        "dim_feat": 48,
        "dim_attr": 100,
        "s_reg": 0.1,
        "l1_reg": 1,
        "T": 1,
        "hidden_dim": 64,
        "num_coupling_blocks": 32,
        "num_layers_mlp": 2
    },
    "feat_opt": {
        "lr": 0.0001,
        "n_iter": 2000,
        "early_stop": 0
    }
}


/mnt/home/jcervino/Github/CoraCiteseer/PieClam/experiments/../clamiter_directed.py:440:::  
staring fit_feats for 2000 iterations


/mnt/home/jcervino/Github/CoraCiteseer/PieClam/experiments/../trainer_directed.py:444:::  



FINISHED train 
 last accuracies:
test
key='auc': 0.5850048039130055
val
auc: None




/mnt/home/jcervino/Github/CoraCiteseer/PieClam/experiments/../trainer_directed.py:460:::  

train_model_on_params on bigclam citeseer 
took 16.671571254730225 seconds


/mnt/home/jcervino/Github/CoraCiteseer/PieClam/experiments/optimization_utils_directed.py:663:::  
Repetition no. 1


/mnt/home/jcervino/Github/CoraCiteseer/PieClam/experiments/../trainer_directed.py:158:::  

Using dataset specific configuration and not global 




/mnt/home/jcervino/Github/CoraCiteseer/PieClam/experiments/../trainer_directed.py:337:::  

In function train. 
2025-12-21 07:13:29 starting optimization of bigclam on citeseer (DIRECTED) on device cuda

 configs_dict: 
{
    "clamiter_init": {
        "dim_feat": 48,
        "dim_attr": 100,
        "s_reg": 0.1,
        "l1_reg": 1,
        "T": 1,
        "hidden_dim": 64,
        "num_coupling_blocks": 32,
        "num_layers_mlp": 2
    },
    "feat_opt": {
        "lr": 0.0001,
        "n_iter": 2000,
        "early_stop": 0
    }
}


/mnt/home/jcervino/Github/CoraCiteseer/PieClam/experiments/../clamiter_directed.py:440:::  
staring fit_feats for 2000 iterations


/mnt/home/jcervino/Github/CoraCiteseer/PieClam/experiments/../trainer_directed.py:444:::  



FINISHED train 
 last accuracies:
test
key='auc': 0.6028823478033016
val
auc: None




/mnt/home/jcervino/Github/CoraCiteseer/PieClam/experiments/../trainer_directed.py:460:::  

train_model_on_params on bigclam citeseer 
took 35.55316209793091 seconds


/mnt/home/jcervino/Github/CoraCiteseer/PieClam/experiments/optimization_utils_directed.py:663:::  
Repetition no. 2


/mnt/home/jcervino/Github/CoraCiteseer/PieClam/experiments/../trainer_directed.py:158:::  

Using dataset specific configuration and not global 




/mnt/home/jcervino/Github/CoraCiteseer/PieClam/experiments/../trainer_directed.py:337:::  

In function train. 
2025-12-21 07:14:05 starting optimization of bigclam on citeseer (DIRECTED) on device cuda

 configs_dict: 
{
    "clamiter_init": {
        "dim_feat": 48,
        "dim_attr": 100,
        "s_reg": 0.1,
        "l1_reg": 1,
        "T": 1,
        "hidden_dim": 64,
        "num_coupling_blocks": 32,
        "num_layers_mlp": 2
    },
    "feat_opt": {
        "lr": 0.0001,
        "n_iter": 2000,
        "early_stop": 0
    }
}


/mnt/home/jcervino/Github/CoraCiteseer/PieClam/experiments/../clamiter_directed.py:440:::  
staring fit_feats for 2000 iterations


/mnt/home/jcervino/Github/CoraCiteseer/PieClam/experiments/../trainer_directed.py:444:::  



FINISHED train 
 last accuracies:
test
key='auc': 0.6020193903397677
val
auc: None




/mnt/home/jcervino/Github/CoraCiteseer/PieClam/experiments/../trainer_directed.py:460:::  

train_model_on_params on bigclam citeseer 
took 22.676206588745117 seconds


/mnt/home/jcervino/Github/CoraCiteseer/PieClam/experiments/optimization_utils_directed.py:663:::  
Repetition no. 0


/mnt/home/jcervino/Github/CoraCiteseer/PieClam/experiments/../trainer_directed.py:158:::  

Using dataset specific configuration and not global 




/mnt/home/jcervino/Github/CoraCiteseer/PieClam/experiments/../trainer_directed.py:337:::  

In function train. 
2025-12-21 07:14:28 starting optimization of bigclam on citeseer (DIRECTED) on device cuda

 configs_dict: 
{
    "clamiter_init": {
        "dim_feat": 200,
        "dim_attr": 100,
        "s_reg": 0.1,
        "l1_reg": 1,
        "T": 1,
        "hidden_dim": 64,
        "num_coupling_blocks": 32,
        "num_layers_mlp": 2
    },
    "feat_opt": {
        "lr": 1e-05,
        "n_iter": 5000,
        "early_stop": 0
    }
}


/mnt/home/jcervino/Github/CoraCiteseer/PieClam/experiments/../clamiter_directed.py:440:::  
staring fit_feats for 5000 iterations


/mnt/home/jcervino/Github/CoraCiteseer/PieClam/experiments/../trainer_directed.py:444:::  



FINISHED train 
 last accuracies:
test
key='auc': 0.5861909337060005
val
auc: None




/mnt/home/jcervino/Github/CoraCiteseer/PieClam/experiments/../trainer_directed.py:460:::  

train_model_on_params on bigclam citeseer 
took 87.6025288105011 seconds


/mnt/home/jcervino/Github/CoraCiteseer/PieClam/experiments/optimization_utils_directed.py:663:::  
Repetition no. 1


/mnt/home/jcervino/Github/CoraCiteseer/PieClam/experiments/../trainer_directed.py:158:::  

Using dataset specific configuration and not global 




/mnt/home/jcervino/Github/CoraCiteseer/PieClam/experiments/../trainer_directed.py:337:::  

In function train. 
2025-12-21 07:15:56 starting optimization of bigclam on citeseer (DIRECTED) on device cuda

 configs_dict: 
{
    "clamiter_init": {
        "dim_feat": 200,
        "dim_attr": 100,
        "s_reg": 0.1,
        "l1_reg": 1,
        "T": 1,
        "hidden_dim": 64,
        "num_coupling_blocks": 32,
        "num_layers_mlp": 2
    },
    "feat_opt": {
        "lr": 1e-05,
        "n_iter": 5000,
        "early_stop": 0
    }
}


/mnt/home/jcervino/Github/CoraCiteseer/PieClam/experiments/../clamiter_directed.py:440:::  
staring fit_feats for 5000 iterations


/mnt/home/jcervino/Github/CoraCiteseer/PieClam/experiments/../trainer_directed.py:444:::  



FINISHED train 
 last accuracies:
test
key='auc': 0.5782880600925845
val
auc: None




/mnt/home/jcervino/Github/CoraCiteseer/PieClam/experiments/../trainer_directed.py:460:::  

train_model_on_params on bigclam citeseer 
took 40.02002143859863 seconds


/mnt/home/jcervino/Github/CoraCiteseer/PieClam/experiments/optimization_utils_directed.py:663:::  
Repetition no. 2


/mnt/home/jcervino/Github/CoraCiteseer/PieClam/experiments/../trainer_directed.py:158:::  

Using dataset specific configuration and not global 




/mnt/home/jcervino/Github/CoraCiteseer/PieClam/experiments/../trainer_directed.py:337:::  

In function train. 
2025-12-21 07:16:36 starting optimization of bigclam on citeseer (DIRECTED) on device cuda

 configs_dict: 
{
    "clamiter_init": {
        "dim_feat": 200,
        "dim_attr": 100,
        "s_reg": 0.1,
        "l1_reg": 1,
        "T": 1,
        "hidden_dim": 64,
        "num_coupling_blocks": 32,
        "num_layers_mlp": 2
    },
    "feat_opt": {
        "lr": 1e-05,
        "n_iter": 5000,
        "early_stop": 0
    }
}


/mnt/home/jcervino/Github/CoraCiteseer/PieClam/experiments/../clamiter_directed.py:440:::  
staring fit_feats for 5000 iterations


/mnt/home/jcervino/Github/CoraCiteseer/PieClam/experiments/../trainer_directed.py:444:::  



FINISHED train 
 last accuracies:
test
key='auc': 0.5668128220805311
val
auc: None




/mnt/home/jcervino/Github/CoraCiteseer/PieClam/experiments/../trainer_directed.py:460:::  

train_model_on_params on bigclam citeseer 
took 54.88784456253052 seconds


/mnt/home/jcervino/Github/CoraCiteseer/PieClam/experiments/optimization_utils_directed.py:663:::  
Repetition no. 0


/mnt/home/jcervino/Github/CoraCiteseer/PieClam/experiments/../trainer_directed.py:158:::  

Using dataset specific configuration and not global 




/mnt/home/jcervino/Github/CoraCiteseer/PieClam/experiments/../trainer_directed.py:337:::  

In function train. 
2025-12-21 07:17:31 starting optimization of bigclam on citeseer (DIRECTED) on device cuda

 configs_dict: 
{
    "clamiter_init": {
        "dim_feat": 48,
        "dim_attr": 100,
        "s_reg": 0.1,
        "l1_reg": 1,
        "T": 1,
        "hidden_dim": 64,
        "num_coupling_blocks": 32,
        "num_layers_mlp": 2
    },
    "feat_opt": {
        "lr": 0.001,
        "n_iter": 7000,
        "early_stop": 0
    }
}


/mnt/home/jcervino/Github/CoraCiteseer/PieClam/experiments/../clamiter_directed.py:440:::  
staring fit_feats for 7000 iterations


/mnt/home/jcervino/Github/CoraCiteseer/PieClam/experiments/../trainer_directed.py:444:::  



FINISHED train 
 last accuracies:
test
key='auc': 0.5
val
auc: None




/mnt/home/jcervino/Github/CoraCiteseer/PieClam/experiments/../trainer_directed.py:460:::  

train_model_on_params on bigclam citeseer 
took 117.95321989059448 seconds


/mnt/home/jcervino/Github/CoraCiteseer/PieClam/experiments/optimization_utils_directed.py:663:::  
Repetition no. 1


/mnt/home/jcervino/Github/CoraCiteseer/PieClam/experiments/../trainer_directed.py:158:::  

Using dataset specific configuration and not global 




/mnt/home/jcervino/Github/CoraCiteseer/PieClam/experiments/../trainer_directed.py:337:::  

In function train. 
2025-12-21 07:19:29 starting optimization of bigclam on citeseer (DIRECTED) on device cuda

 configs_dict: 
{
    "clamiter_init": {
        "dim_feat": 48,
        "dim_attr": 100,
        "s_reg": 0.1,
        "l1_reg": 1,
        "T": 1,
        "hidden_dim": 64,
        "num_coupling_blocks": 32,
        "num_layers_mlp": 2
    },
    "feat_opt": {
        "lr": 0.001,
        "n_iter": 7000,
        "early_stop": 0
    }
}


/mnt/home/jcervino/Github/CoraCiteseer/PieClam/experiments/../clamiter_directed.py:440:::  
staring fit_feats for 7000 iterations


/mnt/home/jcervino/Github/CoraCiteseer/PieClam/experiments/../trainer_directed.py:444:::  



FINISHED train 
 last accuracies:
test
key='auc': 0.5
val
auc: None




/mnt/home/jcervino/Github/CoraCiteseer/PieClam/experiments/../trainer_directed.py:460:::  

train_model_on_params on bigclam citeseer 
took 123.73531603813171 seconds


/mnt/home/jcervino/Github/CoraCiteseer/PieClam/experiments/optimization_utils_directed.py:663:::  
Repetition no. 2


/mnt/home/jcervino/Github/CoraCiteseer/PieClam/experiments/../trainer_directed.py:158:::  

Using dataset specific configuration and not global 




/mnt/home/jcervino/Github/CoraCiteseer/PieClam/experiments/../trainer_directed.py:337:::  

In function train. 
2025-12-21 07:21:33 starting optimization of bigclam on citeseer (DIRECTED) on device cuda

 configs_dict: 
{
    "clamiter_init": {
        "dim_feat": 48,
        "dim_attr": 100,
        "s_reg": 0.1,
        "l1_reg": 1,
        "T": 1,
        "hidden_dim": 64,
        "num_coupling_blocks": 32,
        "num_layers_mlp": 2
    },
    "feat_opt": {
        "lr": 0.001,
        "n_iter": 7000,
        "early_stop": 0
    }
}


/mnt/home/jcervino/Github/CoraCiteseer/PieClam/experiments/../clamiter_directed.py:440:::  
staring fit_feats for 7000 iterations


/mnt/home/jcervino/Github/CoraCiteseer/PieClam/experiments/../trainer_directed.py:444:::  



FINISHED train 
 last accuracies:
test
key='auc': 0.5
val
auc: None




/mnt/home/jcervino/Github/CoraCiteseer/PieClam/experiments/../trainer_directed.py:460:::  

train_model_on_params on bigclam citeseer 
took 122.99887800216675 seconds


/mnt/home/jcervino/Github/CoraCiteseer/PieClam/experiments/optimization_utils_directed.py:663:::  
Repetition no. 0


/mnt/home/jcervino/Github/CoraCiteseer/PieClam/experiments/../trainer_directed.py:158:::  

Using dataset specific configuration and not global 




/mnt/home/jcervino/Github/CoraCiteseer/PieClam/experiments/../trainer_directed.py:337:::  

In function train. 
2025-12-21 07:23:37 starting optimization of bigclam on citeseer (DIRECTED) on device cuda

 configs_dict: 
{
    "clamiter_init": {
        "dim_feat": 48,
        "dim_attr": 100,
        "s_reg": 0.0,
        "l1_reg": 1,
        "T": 1,
        "hidden_dim": 64,
        "num_coupling_blocks": 32,
        "num_layers_mlp": 2
    },
    "feat_opt": {
        "lr": 0.001,
        "n_iter": 5000,
        "early_stop": 0
    }
}


/mnt/home/jcervino/Github/CoraCiteseer/PieClam/experiments/../clamiter_directed.py:440:::  
staring fit_feats for 5000 iterations


/mnt/home/jcervino/Github/CoraCiteseer/PieClam/experiments/../trainer_directed.py:444:::  



FINISHED train 
 last accuracies:
test
key='auc': 0.5
val
auc: None




/mnt/home/jcervino/Github/CoraCiteseer/PieClam/experiments/../trainer_directed.py:460:::  

train_model_on_params on bigclam citeseer 
took 87.42890453338623 seconds


/mnt/home/jcervino/Github/CoraCiteseer/PieClam/experiments/optimization_utils_directed.py:663:::  
Repetition no. 1


/mnt/home/jcervino/Github/CoraCiteseer/PieClam/experiments/../trainer_directed.py:158:::  

Using dataset specific configuration and not global 




/mnt/home/jcervino/Github/CoraCiteseer/PieClam/experiments/../trainer_directed.py:337:::  

In function train. 
2025-12-21 07:25:04 starting optimization of bigclam on citeseer (DIRECTED) on device cuda

 configs_dict: 
{
    "clamiter_init": {
        "dim_feat": 48,
        "dim_attr": 100,
        "s_reg": 0.0,
        "l1_reg": 1,
        "T": 1,
        "hidden_dim": 64,
        "num_coupling_blocks": 32,
        "num_layers_mlp": 2
    },
    "feat_opt": {
        "lr": 0.001,
        "n_iter": 5000,
        "early_stop": 0
    }
}


/mnt/home/jcervino/Github/CoraCiteseer/PieClam/experiments/../clamiter_directed.py:440:::  
staring fit_feats for 5000 iterations


/mnt/home/jcervino/Github/CoraCiteseer/PieClam/experiments/../trainer_directed.py:444:::  



FINISHED train 
 last accuracies:
test
key='auc': 0.5
val
auc: None




/mnt/home/jcervino/Github/CoraCiteseer/PieClam/experiments/../trainer_directed.py:460:::  

train_model_on_params on bigclam citeseer 
took 87.09677767753601 seconds


/mnt/home/jcervino/Github/CoraCiteseer/PieClam/experiments/optimization_utils_directed.py:663:::  
Repetition no. 2


/mnt/home/jcervino/Github/CoraCiteseer/PieClam/experiments/../trainer_directed.py:158:::  

Using dataset specific configuration and not global 




/mnt/home/jcervino/Github/CoraCiteseer/PieClam/experiments/../trainer_directed.py:337:::  

In function train. 
2025-12-21 07:26:32 starting optimization of bigclam on citeseer (DIRECTED) on device cuda

 configs_dict: 
{
    "clamiter_init": {
        "dim_feat": 48,
        "dim_attr": 100,
        "s_reg": 0.0,
        "l1_reg": 1,
        "T": 1,
        "hidden_dim": 64,
        "num_coupling_blocks": 32,
        "num_layers_mlp": 2
    },
    "feat_opt": {
        "lr": 0.001,
        "n_iter": 5000,
        "early_stop": 0
    }
}


/mnt/home/jcervino/Github/CoraCiteseer/PieClam/experiments/../clamiter_directed.py:440:::  
staring fit_feats for 5000 iterations


/mnt/home/jcervino/Github/CoraCiteseer/PieClam/experiments/../trainer_directed.py:444:::  



FINISHED train 
 last accuracies:
test
key='auc': 0.5
val
auc: None




/mnt/home/jcervino/Github/CoraCiteseer/PieClam/experiments/../trainer_directed.py:460:::  

train_model_on_params on bigclam citeseer 
took 88.32675313949585 seconds


/mnt/home/jcervino/Github/CoraCiteseer/PieClam/experiments/optimization_utils_directed.py:663:::  
Repetition no. 0


/mnt/home/jcervino/Github/CoraCiteseer/PieClam/experiments/../trainer_directed.py:158:::  

Using dataset specific configuration and not global 




/mnt/home/jcervino/Github/CoraCiteseer/PieClam/experiments/../trainer_directed.py:337:::  

In function train. 
2025-12-21 07:28:01 starting optimization of bigclam on citeseer (DIRECTED) on device cuda

 configs_dict: 
{
    "clamiter_init": {
        "dim_feat": 200,
        "dim_attr": 100,
        "s_reg": 0.0,
        "l1_reg": 1,
        "T": 1,
        "hidden_dim": 64,
        "num_coupling_blocks": 32,
        "num_layers_mlp": 2
    },
    "feat_opt": {
        "lr": 0.0001,
        "n_iter": 2000,
        "early_stop": 0
    }
}


/mnt/home/jcervino/Github/CoraCiteseer/PieClam/experiments/../clamiter_directed.py:440:::  
staring fit_feats for 2000 iterations


/mnt/home/jcervino/Github/CoraCiteseer/PieClam/experiments/../trainer_directed.py:444:::  



FINISHED train 
 last accuracies:
test
key='auc': 0.5810184295571665
val
auc: None




/mnt/home/jcervino/Github/CoraCiteseer/PieClam/experiments/../trainer_directed.py:460:::  

train_model_on_params on bigclam citeseer 
took 35.638681173324585 seconds


/mnt/home/jcervino/Github/CoraCiteseer/PieClam/experiments/optimization_utils_directed.py:663:::  
Repetition no. 1


/mnt/home/jcervino/Github/CoraCiteseer/PieClam/experiments/../trainer_directed.py:158:::  

Using dataset specific configuration and not global 




/mnt/home/jcervino/Github/CoraCiteseer/PieClam/experiments/../trainer_directed.py:337:::  

In function train. 
2025-12-21 07:28:37 starting optimization of bigclam on citeseer (DIRECTED) on device cuda

 configs_dict: 
{
    "clamiter_init": {
        "dim_feat": 200,
        "dim_attr": 100,
        "s_reg": 0.0,
        "l1_reg": 1,
        "T": 1,
        "hidden_dim": 64,
        "num_coupling_blocks": 32,
        "num_layers_mlp": 2
    },
    "feat_opt": {
        "lr": 0.0001,
        "n_iter": 2000,
        "early_stop": 0
    }
}


/mnt/home/jcervino/Github/CoraCiteseer/PieClam/experiments/../clamiter_directed.py:440:::  
staring fit_feats for 2000 iterations


/mnt/home/jcervino/Github/CoraCiteseer/PieClam/experiments/../trainer_directed.py:444:::  



FINISHED train 
 last accuracies:
test
key='auc': 0.574958511660407
val
auc: None




/mnt/home/jcervino/Github/CoraCiteseer/PieClam/experiments/../trainer_directed.py:460:::  

train_model_on_params on bigclam citeseer 
took 35.69267153739929 seconds


/mnt/home/jcervino/Github/CoraCiteseer/PieClam/experiments/optimization_utils_directed.py:663:::  
Repetition no. 2


/mnt/home/jcervino/Github/CoraCiteseer/PieClam/experiments/../trainer_directed.py:158:::  

Using dataset specific configuration and not global 




/mnt/home/jcervino/Github/CoraCiteseer/PieClam/experiments/../trainer_directed.py:337:::  

In function train. 
2025-12-21 07:29:13 starting optimization of bigclam on citeseer (DIRECTED) on device cuda

 configs_dict: 
{
    "clamiter_init": {
        "dim_feat": 200,
        "dim_attr": 100,
        "s_reg": 0.0,
        "l1_reg": 1,
        "T": 1,
        "hidden_dim": 64,
        "num_coupling_blocks": 32,
        "num_layers_mlp": 2
    },
    "feat_opt": {
        "lr": 0.0001,
        "n_iter": 2000,
        "early_stop": 0
    }
}


/mnt/home/jcervino/Github/CoraCiteseer/PieClam/experiments/../clamiter_directed.py:440:::  
staring fit_feats for 2000 iterations


/mnt/home/jcervino/Github/CoraCiteseer/PieClam/experiments/../trainer_directed.py:444:::  



FINISHED train 
 last accuracies:
test
key='auc': 0.5850152851777447
val
auc: None




/mnt/home/jcervino/Github/CoraCiteseer/PieClam/experiments/../trainer_directed.py:460:::  

train_model_on_params on bigclam citeseer 
took 35.5780713558197 seconds


/mnt/home/jcervino/Github/CoraCiteseer/PieClam/experiments/optimization_utils_directed.py:663:::  
Repetition no. 0


/mnt/home/jcervino/Github/CoraCiteseer/PieClam/experiments/../trainer_directed.py:158:::  

Using dataset specific configuration and not global 




/mnt/home/jcervino/Github/CoraCiteseer/PieClam/experiments/../trainer_directed.py:337:::  

In function train. 
2025-12-21 07:29:49 starting optimization of bigclam on citeseer (DIRECTED) on device cuda

 configs_dict: 
{
    "clamiter_init": {
        "dim_feat": 200,
        "dim_attr": 100,
        "s_reg": 0.1,
        "l1_reg": 1,
        "T": 1,
        "hidden_dim": 64,
        "num_coupling_blocks": 32,
        "num_layers_mlp": 2
    },
    "feat_opt": {
        "lr": 0.001,
        "n_iter": 2000,
        "early_stop": 0
    }
}


/mnt/home/jcervino/Github/CoraCiteseer/PieClam/experiments/../clamiter_directed.py:440:::  
staring fit_feats for 2000 iterations


/mnt/home/jcervino/Github/CoraCiteseer/PieClam/experiments/../trainer_directed.py:444:::  



FINISHED train 
 last accuracies:
test
key='auc': 0.5
val
auc: None




/mnt/home/jcervino/Github/CoraCiteseer/PieClam/experiments/../trainer_directed.py:460:::  

train_model_on_params on bigclam citeseer 
took 31.719769954681396 seconds


/mnt/home/jcervino/Github/CoraCiteseer/PieClam/experiments/optimization_utils_directed.py:663:::  
Repetition no. 1


/mnt/home/jcervino/Github/CoraCiteseer/PieClam/experiments/../trainer_directed.py:158:::  

Using dataset specific configuration and not global 




/mnt/home/jcervino/Github/CoraCiteseer/PieClam/experiments/../trainer_directed.py:337:::  

In function train. 
2025-12-21 07:30:20 starting optimization of bigclam on citeseer (DIRECTED) on device cuda

 configs_dict: 
{
    "clamiter_init": {
        "dim_feat": 200,
        "dim_attr": 100,
        "s_reg": 0.1,
        "l1_reg": 1,
        "T": 1,
        "hidden_dim": 64,
        "num_coupling_blocks": 32,
        "num_layers_mlp": 2
    },
    "feat_opt": {
        "lr": 0.001,
        "n_iter": 2000,
        "early_stop": 0
    }
}


/mnt/home/jcervino/Github/CoraCiteseer/PieClam/experiments/../clamiter_directed.py:440:::  
staring fit_feats for 2000 iterations


/mnt/home/jcervino/Github/CoraCiteseer/PieClam/experiments/../trainer_directed.py:444:::  



FINISHED train 
 last accuracies:
test
key='auc': 0.5
val
auc: None




/mnt/home/jcervino/Github/CoraCiteseer/PieClam/experiments/../trainer_directed.py:460:::  

train_model_on_params on bigclam citeseer 
took 24.325556993484497 seconds


/mnt/home/jcervino/Github/CoraCiteseer/PieClam/experiments/optimization_utils_directed.py:663:::  
Repetition no. 2


/mnt/home/jcervino/Github/CoraCiteseer/PieClam/experiments/../trainer_directed.py:158:::  

Using dataset specific configuration and not global 




/mnt/home/jcervino/Github/CoraCiteseer/PieClam/experiments/../trainer_directed.py:337:::  

In function train. 
2025-12-21 07:30:45 starting optimization of bigclam on citeseer (DIRECTED) on device cuda

 configs_dict: 
{
    "clamiter_init": {
        "dim_feat": 200,
        "dim_attr": 100,
        "s_reg": 0.1,
        "l1_reg": 1,
        "T": 1,
        "hidden_dim": 64,
        "num_coupling_blocks": 32,
        "num_layers_mlp": 2
    },
    "feat_opt": {
        "lr": 0.001,
        "n_iter": 2000,
        "early_stop": 0
    }
}


/mnt/home/jcervino/Github/CoraCiteseer/PieClam/experiments/../clamiter_directed.py:440:::  
staring fit_feats for 2000 iterations


/mnt/home/jcervino/Github/CoraCiteseer/PieClam/experiments/../trainer_directed.py:444:::  



FINISHED train 
 last accuracies:
test
key='auc': 0.5
val
auc: None




/mnt/home/jcervino/Github/CoraCiteseer/PieClam/experiments/../trainer_directed.py:460:::  

train_model_on_params on bigclam citeseer 
took 14.423104286193848 seconds


/mnt/home/jcervino/Github/CoraCiteseer/PieClam/experiments/optimization_utils_directed.py:663:::  
Repetition no. 0


/mnt/home/jcervino/Github/CoraCiteseer/PieClam/experiments/../trainer_directed.py:158:::  

Using dataset specific configuration and not global 




/mnt/home/jcervino/Github/CoraCiteseer/PieClam/experiments/../trainer_directed.py:337:::  

In function train. 
2025-12-21 07:30:59 starting optimization of bigclam on citeseer (DIRECTED) on device cuda

 configs_dict: 
{
    "clamiter_init": {
        "dim_feat": 48,
        "dim_attr": 100,
        "s_reg": 0.0,
        "l1_reg": 1,
        "T": 1,
        "hidden_dim": 64,
        "num_coupling_blocks": 32,
        "num_layers_mlp": 2
    },
    "feat_opt": {
        "lr": 1e-05,
        "n_iter": 5000,
        "early_stop": 0
    }
}


/mnt/home/jcervino/Github/CoraCiteseer/PieClam/experiments/../clamiter_directed.py:440:::  
staring fit_feats for 5000 iterations


/mnt/home/jcervino/Github/CoraCiteseer/PieClam/experiments/../trainer_directed.py:444:::  



FINISHED train 
 last accuracies:
test
key='auc': 0.5871045506157742
val
auc: None




/mnt/home/jcervino/Github/CoraCiteseer/PieClam/experiments/../trainer_directed.py:460:::  

train_model_on_params on bigclam citeseer 
took 39.0577027797699 seconds


/mnt/home/jcervino/Github/CoraCiteseer/PieClam/experiments/optimization_utils_directed.py:663:::  
Repetition no. 1


/mnt/home/jcervino/Github/CoraCiteseer/PieClam/experiments/../trainer_directed.py:158:::  

Using dataset specific configuration and not global 




/mnt/home/jcervino/Github/CoraCiteseer/PieClam/experiments/../trainer_directed.py:337:::  

In function train. 
2025-12-21 07:31:39 starting optimization of bigclam on citeseer (DIRECTED) on device cuda

 configs_dict: 
{
    "clamiter_init": {
        "dim_feat": 48,
        "dim_attr": 100,
        "s_reg": 0.0,
        "l1_reg": 1,
        "T": 1,
        "hidden_dim": 64,
        "num_coupling_blocks": 32,
        "num_layers_mlp": 2
    },
    "feat_opt": {
        "lr": 1e-05,
        "n_iter": 5000,
        "early_stop": 0
    }
}


/mnt/home/jcervino/Github/CoraCiteseer/PieClam/experiments/../clamiter_directed.py:440:::  
staring fit_feats for 5000 iterations


/mnt/home/jcervino/Github/CoraCiteseer/PieClam/experiments/../trainer_directed.py:444:::  



FINISHED train 
 last accuracies:
test
key='auc': 0.6019040964276355
val
auc: None




/mnt/home/jcervino/Github/CoraCiteseer/PieClam/experiments/../trainer_directed.py:460:::  

train_model_on_params on bigclam citeseer 
took 77.12493228912354 seconds


/mnt/home/jcervino/Github/CoraCiteseer/PieClam/experiments/optimization_utils_directed.py:663:::  
Repetition no. 2


/mnt/home/jcervino/Github/CoraCiteseer/PieClam/experiments/../trainer_directed.py:158:::  

Using dataset specific configuration and not global 




/mnt/home/jcervino/Github/CoraCiteseer/PieClam/experiments/../trainer_directed.py:337:::  

In function train. 
2025-12-21 07:32:56 starting optimization of bigclam on citeseer (DIRECTED) on device cuda

 configs_dict: 
{
    "clamiter_init": {
        "dim_feat": 48,
        "dim_attr": 100,
        "s_reg": 0.0,
        "l1_reg": 1,
        "T": 1,
        "hidden_dim": 64,
        "num_coupling_blocks": 32,
        "num_layers_mlp": 2
    },
    "feat_opt": {
        "lr": 1e-05,
        "n_iter": 5000,
        "early_stop": 0
    }
}


/mnt/home/jcervino/Github/CoraCiteseer/PieClam/experiments/../clamiter_directed.py:440:::  
staring fit_feats for 5000 iterations


/mnt/home/jcervino/Github/CoraCiteseer/PieClam/experiments/../trainer_directed.py:444:::  



FINISHED train 
 last accuracies:
test
key='auc': 0.5902611581797538
val
auc: None




/mnt/home/jcervino/Github/CoraCiteseer/PieClam/experiments/../trainer_directed.py:460:::  

train_model_on_params on bigclam citeseer 
took 57.569923639297485 seconds


/mnt/home/jcervino/Github/CoraCiteseer/PieClam/experiments/optimization_utils_directed.py:663:::  
Repetition no. 0


/mnt/home/jcervino/Github/CoraCiteseer/PieClam/experiments/../trainer_directed.py:158:::  

Using dataset specific configuration and not global 




/mnt/home/jcervino/Github/CoraCiteseer/PieClam/experiments/../trainer_directed.py:337:::  

In function train. 
2025-12-21 07:33:54 starting optimization of bigclam on citeseer (DIRECTED) on device cuda

 configs_dict: 
{
    "clamiter_init": {
        "dim_feat": 200,
        "dim_attr": 100,
        "s_reg": 0.1,
        "l1_reg": 1,
        "T": 1,
        "hidden_dim": 64,
        "num_coupling_blocks": 32,
        "num_layers_mlp": 2
    },
    "feat_opt": {
        "lr": 0.0001,
        "n_iter": 7000,
        "early_stop": 0
    }
}


/mnt/home/jcervino/Github/CoraCiteseer/PieClam/experiments/../clamiter_directed.py:440:::  
staring fit_feats for 7000 iterations


/mnt/home/jcervino/Github/CoraCiteseer/PieClam/experiments/../trainer_directed.py:444:::  



FINISHED train 
 last accuracies:
test
key='auc': 0.5725984802166129
val
auc: None




/mnt/home/jcervino/Github/CoraCiteseer/PieClam/experiments/../trainer_directed.py:460:::  

train_model_on_params on bigclam citeseer 
took 70.94584012031555 seconds


/mnt/home/jcervino/Github/CoraCiteseer/PieClam/experiments/optimization_utils_directed.py:663:::  
Repetition no. 1


/mnt/home/jcervino/Github/CoraCiteseer/PieClam/experiments/../trainer_directed.py:158:::  

Using dataset specific configuration and not global 




/mnt/home/jcervino/Github/CoraCiteseer/PieClam/experiments/../trainer_directed.py:337:::  

In function train. 
2025-12-21 07:35:05 starting optimization of bigclam on citeseer (DIRECTED) on device cuda

 configs_dict: 
{
    "clamiter_init": {
        "dim_feat": 200,
        "dim_attr": 100,
        "s_reg": 0.1,
        "l1_reg": 1,
        "T": 1,
        "hidden_dim": 64,
        "num_coupling_blocks": 32,
        "num_layers_mlp": 2
    },
    "feat_opt": {
        "lr": 0.0001,
        "n_iter": 7000,
        "early_stop": 0
    }
}


/mnt/home/jcervino/Github/CoraCiteseer/PieClam/experiments/../clamiter_directed.py:440:::  
staring fit_feats for 7000 iterations


/mnt/home/jcervino/Github/CoraCiteseer/PieClam/experiments/../trainer_directed.py:444:::  



FINISHED train 
 last accuracies:
test
key='auc': 0.5854502576644248
val
auc: None




/mnt/home/jcervino/Github/CoraCiteseer/PieClam/experiments/../trainer_directed.py:460:::  

train_model_on_params on bigclam citeseer 
took 65.91442942619324 seconds


/mnt/home/jcervino/Github/CoraCiteseer/PieClam/experiments/optimization_utils_directed.py:663:::  
Repetition no. 2


/mnt/home/jcervino/Github/CoraCiteseer/PieClam/experiments/../trainer_directed.py:158:::  

Using dataset specific configuration and not global 




/mnt/home/jcervino/Github/CoraCiteseer/PieClam/experiments/../trainer_directed.py:337:::  

In function train. 
2025-12-21 07:36:11 starting optimization of bigclam on citeseer (DIRECTED) on device cuda

 configs_dict: 
{
    "clamiter_init": {
        "dim_feat": 200,
        "dim_attr": 100,
        "s_reg": 0.1,
        "l1_reg": 1,
        "T": 1,
        "hidden_dim": 64,
        "num_coupling_blocks": 32,
        "num_layers_mlp": 2
    },
    "feat_opt": {
        "lr": 0.0001,
        "n_iter": 7000,
        "early_stop": 0
    }
}


/mnt/home/jcervino/Github/CoraCiteseer/PieClam/experiments/../clamiter_directed.py:440:::  
staring fit_feats for 7000 iterations


/mnt/home/jcervino/Github/CoraCiteseer/PieClam/experiments/../trainer_directed.py:444:::  



FINISHED train 
 last accuracies:
test
key='auc': 0.5750825399598218
val
auc: None




/mnt/home/jcervino/Github/CoraCiteseer/PieClam/experiments/../trainer_directed.py:460:::  

train_model_on_params on bigclam citeseer 
took 92.18304562568665 seconds


/mnt/home/jcervino/Github/CoraCiteseer/PieClam/experiments/optimization_utils_directed.py:663:::  
Repetition no. 0


/mnt/home/jcervino/Github/CoraCiteseer/PieClam/experiments/../trainer_directed.py:158:::  

Using dataset specific configuration and not global 




/mnt/home/jcervino/Github/CoraCiteseer/PieClam/experiments/../trainer_directed.py:337:::  

In function train. 
2025-12-21 07:37:44 starting optimization of bigclam on citeseer (DIRECTED) on device cuda

 configs_dict: 
{
    "clamiter_init": {
        "dim_feat": 100,
        "dim_attr": 100,
        "s_reg": 0.0,
        "l1_reg": 1,
        "T": 1,
        "hidden_dim": 64,
        "num_coupling_blocks": 32,
        "num_layers_mlp": 2
    },
    "feat_opt": {
        "lr": 1e-05,
        "n_iter": 2000,
        "early_stop": 0
    }
}


/mnt/home/jcervino/Github/CoraCiteseer/PieClam/experiments/../clamiter_directed.py:440:::  
staring fit_feats for 2000 iterations


/mnt/home/jcervino/Github/CoraCiteseer/PieClam/experiments/../trainer_directed.py:444:::  



FINISHED train 
 last accuracies:
test
key='auc': 0.6146038955367281
val
auc: None




/mnt/home/jcervino/Github/CoraCiteseer/PieClam/experiments/../trainer_directed.py:460:::  

train_model_on_params on bigclam citeseer 
took 35.598103046417236 seconds


/mnt/home/jcervino/Github/CoraCiteseer/PieClam/experiments/optimization_utils_directed.py:663:::  
Repetition no. 1


/mnt/home/jcervino/Github/CoraCiteseer/PieClam/experiments/../trainer_directed.py:158:::  

Using dataset specific configuration and not global 




/mnt/home/jcervino/Github/CoraCiteseer/PieClam/experiments/../trainer_directed.py:337:::  

In function train. 
2025-12-21 07:38:20 starting optimization of bigclam on citeseer (DIRECTED) on device cuda

 configs_dict: 
{
    "clamiter_init": {
        "dim_feat": 100,
        "dim_attr": 100,
        "s_reg": 0.0,
        "l1_reg": 1,
        "T": 1,
        "hidden_dim": 64,
        "num_coupling_blocks": 32,
        "num_layers_mlp": 2
    },
    "feat_opt": {
        "lr": 1e-05,
        "n_iter": 2000,
        "early_stop": 0
    }
}


/mnt/home/jcervino/Github/CoraCiteseer/PieClam/experiments/../clamiter_directed.py:440:::  
staring fit_feats for 2000 iterations


/mnt/home/jcervino/Github/CoraCiteseer/PieClam/experiments/../trainer_directed.py:444:::  



FINISHED train 
 last accuracies:
test
key='auc': 0.629162372259586
val
auc: None




/mnt/home/jcervino/Github/CoraCiteseer/PieClam/experiments/../trainer_directed.py:460:::  

train_model_on_params on bigclam citeseer 
took 35.57050061225891 seconds


/mnt/home/jcervino/Github/CoraCiteseer/PieClam/experiments/optimization_utils_directed.py:663:::  
Repetition no. 2


/mnt/home/jcervino/Github/CoraCiteseer/PieClam/experiments/../trainer_directed.py:158:::  

Using dataset specific configuration and not global 




/mnt/home/jcervino/Github/CoraCiteseer/PieClam/experiments/../trainer_directed.py:337:::  

In function train. 
2025-12-21 07:38:56 starting optimization of bigclam on citeseer (DIRECTED) on device cuda

 configs_dict: 
{
    "clamiter_init": {
        "dim_feat": 100,
        "dim_attr": 100,
        "s_reg": 0.0,
        "l1_reg": 1,
        "T": 1,
        "hidden_dim": 64,
        "num_coupling_blocks": 32,
        "num_layers_mlp": 2
    },
    "feat_opt": {
        "lr": 1e-05,
        "n_iter": 2000,
        "early_stop": 0
    }
}


/mnt/home/jcervino/Github/CoraCiteseer/PieClam/experiments/../clamiter_directed.py:440:::  
staring fit_feats for 2000 iterations


/mnt/home/jcervino/Github/CoraCiteseer/PieClam/experiments/../trainer_directed.py:444:::  



FINISHED train 
 last accuracies:
test
key='auc': 0.6336623285876496
val
auc: None




/mnt/home/jcervino/Github/CoraCiteseer/PieClam/experiments/../trainer_directed.py:460:::  

train_model_on_params on bigclam citeseer 
took 35.707868576049805 seconds


/mnt/home/jcervino/Github/CoraCiteseer/PieClam/experiments/optimization_utils_directed.py:663:::  
Repetition no. 0


/mnt/home/jcervino/Github/CoraCiteseer/PieClam/experiments/../trainer_directed.py:158:::  

Using dataset specific configuration and not global 




/mnt/home/jcervino/Github/CoraCiteseer/PieClam/experiments/../trainer_directed.py:337:::  

In function train. 
2025-12-21 07:39:32 starting optimization of bigclam on citeseer (DIRECTED) on device cuda

 configs_dict: 
{
    "clamiter_init": {
        "dim_feat": 100,
        "dim_attr": 100,
        "s_reg": 0.1,
        "l1_reg": 1,
        "T": 1,
        "hidden_dim": 64,
        "num_coupling_blocks": 32,
        "num_layers_mlp": 2
    },
    "feat_opt": {
        "lr": 0.001,
        "n_iter": 2000,
        "early_stop": 0
    }
}


/mnt/home/jcervino/Github/CoraCiteseer/PieClam/experiments/../clamiter_directed.py:440:::  
staring fit_feats for 2000 iterations


/mnt/home/jcervino/Github/CoraCiteseer/PieClam/experiments/../trainer_directed.py:444:::  



FINISHED train 
 last accuracies:
test
key='auc': 0.5
val
auc: None




/mnt/home/jcervino/Github/CoraCiteseer/PieClam/experiments/../trainer_directed.py:460:::  

train_model_on_params on bigclam citeseer 
took 34.711870193481445 seconds


/mnt/home/jcervino/Github/CoraCiteseer/PieClam/experiments/optimization_utils_directed.py:663:::  
Repetition no. 1


/mnt/home/jcervino/Github/CoraCiteseer/PieClam/experiments/../trainer_directed.py:158:::  

Using dataset specific configuration and not global 




/mnt/home/jcervino/Github/CoraCiteseer/PieClam/experiments/../trainer_directed.py:337:::  

In function train. 
2025-12-21 07:40:07 starting optimization of bigclam on citeseer (DIRECTED) on device cuda

 configs_dict: 
{
    "clamiter_init": {
        "dim_feat": 100,
        "dim_attr": 100,
        "s_reg": 0.1,
        "l1_reg": 1,
        "T": 1,
        "hidden_dim": 64,
        "num_coupling_blocks": 32,
        "num_layers_mlp": 2
    },
    "feat_opt": {
        "lr": 0.001,
        "n_iter": 2000,
        "early_stop": 0
    }
}


/mnt/home/jcervino/Github/CoraCiteseer/PieClam/experiments/../clamiter_directed.py:440:::  
staring fit_feats for 2000 iterations


/mnt/home/jcervino/Github/CoraCiteseer/PieClam/experiments/../trainer_directed.py:444:::  



FINISHED train 
 last accuracies:
test
key='auc': 0.5
val
auc: None




/mnt/home/jcervino/Github/CoraCiteseer/PieClam/experiments/../trainer_directed.py:460:::  

train_model_on_params on bigclam citeseer 
took 35.33258819580078 seconds


/mnt/home/jcervino/Github/CoraCiteseer/PieClam/experiments/optimization_utils_directed.py:663:::  
Repetition no. 2


/mnt/home/jcervino/Github/CoraCiteseer/PieClam/experiments/../trainer_directed.py:158:::  

Using dataset specific configuration and not global 




/mnt/home/jcervino/Github/CoraCiteseer/PieClam/experiments/../trainer_directed.py:337:::  

In function train. 
2025-12-21 07:40:43 starting optimization of bigclam on citeseer (DIRECTED) on device cuda

 configs_dict: 
{
    "clamiter_init": {
        "dim_feat": 100,
        "dim_attr": 100,
        "s_reg": 0.1,
        "l1_reg": 1,
        "T": 1,
        "hidden_dim": 64,
        "num_coupling_blocks": 32,
        "num_layers_mlp": 2
    },
    "feat_opt": {
        "lr": 0.001,
        "n_iter": 2000,
        "early_stop": 0
    }
}


/mnt/home/jcervino/Github/CoraCiteseer/PieClam/experiments/../clamiter_directed.py:440:::  
staring fit_feats for 2000 iterations


/mnt/home/jcervino/Github/CoraCiteseer/PieClam/experiments/../trainer_directed.py:444:::  



FINISHED train 
 last accuracies:
test
key='auc': 0.5
val
auc: None




/mnt/home/jcervino/Github/CoraCiteseer/PieClam/experiments/../trainer_directed.py:460:::  

train_model_on_params on bigclam citeseer 
took 35.511210441589355 seconds


/mnt/home/jcervino/Github/CoraCiteseer/PieClam/experiments/optimization_utils_directed.py:663:::  
Repetition no. 0


/mnt/home/jcervino/Github/CoraCiteseer/PieClam/experiments/../trainer_directed.py:158:::  

Using dataset specific configuration and not global 




/mnt/home/jcervino/Github/CoraCiteseer/PieClam/experiments/../trainer_directed.py:337:::  

In function train. 
2025-12-21 07:41:19 starting optimization of bigclam on citeseer (DIRECTED) on device cuda

 configs_dict: 
{
    "clamiter_init": {
        "dim_feat": 200,
        "dim_attr": 100,
        "s_reg": 0.0,
        "l1_reg": 1,
        "T": 1,
        "hidden_dim": 64,
        "num_coupling_blocks": 32,
        "num_layers_mlp": 2
    },
    "feat_opt": {
        "lr": 1e-05,
        "n_iter": 5000,
        "early_stop": 0
    }
}


/mnt/home/jcervino/Github/CoraCiteseer/PieClam/experiments/../clamiter_directed.py:440:::  
staring fit_feats for 5000 iterations


/mnt/home/jcervino/Github/CoraCiteseer/PieClam/experiments/../trainer_directed.py:444:::  



FINISHED train 
 last accuracies:
test
key='auc': 0.5885509651497948
val
auc: None




/mnt/home/jcervino/Github/CoraCiteseer/PieClam/experiments/../trainer_directed.py:460:::  

train_model_on_params on bigclam citeseer 
took 88.01032900810242 seconds


/mnt/home/jcervino/Github/CoraCiteseer/PieClam/experiments/optimization_utils_directed.py:663:::  
Repetition no. 1


/mnt/home/jcervino/Github/CoraCiteseer/PieClam/experiments/../trainer_directed.py:158:::  

Using dataset specific configuration and not global 




/mnt/home/jcervino/Github/CoraCiteseer/PieClam/experiments/../trainer_directed.py:337:::  

In function train. 
2025-12-21 07:42:47 starting optimization of bigclam on citeseer (DIRECTED) on device cuda

 configs_dict: 
{
    "clamiter_init": {
        "dim_feat": 200,
        "dim_attr": 100,
        "s_reg": 0.0,
        "l1_reg": 1,
        "T": 1,
        "hidden_dim": 64,
        "num_coupling_blocks": 32,
        "num_layers_mlp": 2
    },
    "feat_opt": {
        "lr": 1e-05,
        "n_iter": 5000,
        "early_stop": 0
    }
}


/mnt/home/jcervino/Github/CoraCiteseer/PieClam/experiments/../clamiter_directed.py:440:::  
staring fit_feats for 5000 iterations


/mnt/home/jcervino/Github/CoraCiteseer/PieClam/experiments/../trainer_directed.py:444:::  



FINISHED train 
 last accuracies:
test
key='auc': 0.5883902524237925
val
auc: None




/mnt/home/jcervino/Github/CoraCiteseer/PieClam/experiments/../trainer_directed.py:460:::  

train_model_on_params on bigclam citeseer 
took 89.05126118659973 seconds


/mnt/home/jcervino/Github/CoraCiteseer/PieClam/experiments/optimization_utils_directed.py:663:::  
Repetition no. 2


/mnt/home/jcervino/Github/CoraCiteseer/PieClam/experiments/../trainer_directed.py:158:::  

Using dataset specific configuration and not global 




/mnt/home/jcervino/Github/CoraCiteseer/PieClam/experiments/../trainer_directed.py:337:::  

In function train. 
2025-12-21 07:44:17 starting optimization of bigclam on citeseer (DIRECTED) on device cuda

 configs_dict: 
{
    "clamiter_init": {
        "dim_feat": 200,
        "dim_attr": 100,
        "s_reg": 0.0,
        "l1_reg": 1,
        "T": 1,
        "hidden_dim": 64,
        "num_coupling_blocks": 32,
        "num_layers_mlp": 2
    },
    "feat_opt": {
        "lr": 1e-05,
        "n_iter": 5000,
        "early_stop": 0
    }
}


/mnt/home/jcervino/Github/CoraCiteseer/PieClam/experiments/../clamiter_directed.py:440:::  
staring fit_feats for 5000 iterations


/mnt/home/jcervino/Github/CoraCiteseer/PieClam/experiments/../trainer_directed.py:444:::  



FINISHED train 
 last accuracies:
test
key='auc': 0.5737269630535418
val
auc: None




/mnt/home/jcervino/Github/CoraCiteseer/PieClam/experiments/../trainer_directed.py:460:::  

train_model_on_params on bigclam citeseer 
took 88.10293221473694 seconds


/mnt/home/jcervino/Github/CoraCiteseer/PieClam/experiments/optimization_utils_directed.py:663:::  
Repetition no. 0


/mnt/home/jcervino/Github/CoraCiteseer/PieClam/experiments/../trainer_directed.py:158:::  

Using dataset specific configuration and not global 




/mnt/home/jcervino/Github/CoraCiteseer/PieClam/experiments/../trainer_directed.py:337:::  

In function train. 
2025-12-21 07:45:45 starting optimization of bigclam on citeseer (DIRECTED) on device cuda

 configs_dict: 
{
    "clamiter_init": {
        "dim_feat": 100,
        "dim_attr": 100,
        "s_reg": 0.1,
        "l1_reg": 1,
        "T": 1,
        "hidden_dim": 64,
        "num_coupling_blocks": 32,
        "num_layers_mlp": 2
    },
    "feat_opt": {
        "lr": 0.0001,
        "n_iter": 5000,
        "early_stop": 0
    }
}


/mnt/home/jcervino/Github/CoraCiteseer/PieClam/experiments/../clamiter_directed.py:440:::  
staring fit_feats for 5000 iterations


/mnt/home/jcervino/Github/CoraCiteseer/PieClam/experiments/../trainer_directed.py:444:::  



FINISHED train 
 last accuracies:
test
key='auc': 0.5816438116866103
val
auc: None




/mnt/home/jcervino/Github/CoraCiteseer/PieClam/experiments/../trainer_directed.py:460:::  

train_model_on_params on bigclam citeseer 
took 88.04717302322388 seconds


/mnt/home/jcervino/Github/CoraCiteseer/PieClam/experiments/optimization_utils_directed.py:663:::  
Repetition no. 1


/mnt/home/jcervino/Github/CoraCiteseer/PieClam/experiments/../trainer_directed.py:158:::  

Using dataset specific configuration and not global 




/mnt/home/jcervino/Github/CoraCiteseer/PieClam/experiments/../trainer_directed.py:337:::  

In function train. 
2025-12-21 07:47:14 starting optimization of bigclam on citeseer (DIRECTED) on device cuda

 configs_dict: 
{
    "clamiter_init": {
        "dim_feat": 100,
        "dim_attr": 100,
        "s_reg": 0.1,
        "l1_reg": 1,
        "T": 1,
        "hidden_dim": 64,
        "num_coupling_blocks": 32,
        "num_layers_mlp": 2
    },
    "feat_opt": {
        "lr": 0.0001,
        "n_iter": 5000,
        "early_stop": 0
    }
}


/mnt/home/jcervino/Github/CoraCiteseer/PieClam/experiments/../clamiter_directed.py:440:::  
staring fit_feats for 5000 iterations


/mnt/home/jcervino/Github/CoraCiteseer/PieClam/experiments/../trainer_directed.py:444:::  



FINISHED train 
 last accuracies:
test
key='auc': 0.5760852476198796
val
auc: None




/mnt/home/jcervino/Github/CoraCiteseer/PieClam/experiments/../trainer_directed.py:460:::  

train_model_on_params on bigclam citeseer 
took 88.74224019050598 seconds


/mnt/home/jcervino/Github/CoraCiteseer/PieClam/experiments/optimization_utils_directed.py:663:::  
Repetition no. 2


/mnt/home/jcervino/Github/CoraCiteseer/PieClam/experiments/../trainer_directed.py:158:::  

Using dataset specific configuration and not global 




/mnt/home/jcervino/Github/CoraCiteseer/PieClam/experiments/../trainer_directed.py:337:::  

In function train. 
2025-12-21 07:48:43 starting optimization of bigclam on citeseer (DIRECTED) on device cuda

 configs_dict: 
{
    "clamiter_init": {
        "dim_feat": 100,
        "dim_attr": 100,
        "s_reg": 0.1,
        "l1_reg": 1,
        "T": 1,
        "hidden_dim": 64,
        "num_coupling_blocks": 32,
        "num_layers_mlp": 2
    },
    "feat_opt": {
        "lr": 0.0001,
        "n_iter": 5000,
        "early_stop": 0
    }
}


/mnt/home/jcervino/Github/CoraCiteseer/PieClam/experiments/../clamiter_directed.py:440:::  
staring fit_feats for 5000 iterations


/mnt/home/jcervino/Github/CoraCiteseer/PieClam/experiments/../trainer_directed.py:444:::  



FINISHED train 
 last accuracies:
test
key='auc': 0.5899449733601188
val
auc: None




/mnt/home/jcervino/Github/CoraCiteseer/PieClam/experiments/../trainer_directed.py:460:::  

train_model_on_params on bigclam citeseer 
took 83.95161700248718 seconds


/mnt/home/jcervino/Github/CoraCiteseer/PieClam/experiments/optimization_utils_directed.py:663:::  
Repetition no. 0


/mnt/home/jcervino/Github/CoraCiteseer/PieClam/experiments/../trainer_directed.py:158:::  

Using dataset specific configuration and not global 




/mnt/home/jcervino/Github/CoraCiteseer/PieClam/experiments/../trainer_directed.py:337:::  

In function train. 
2025-12-21 07:50:07 starting optimization of bigclam on citeseer (DIRECTED) on device cuda

 configs_dict: 
{
    "clamiter_init": {
        "dim_feat": 200,
        "dim_attr": 100,
        "s_reg": 0.0,
        "l1_reg": 1,
        "T": 1,
        "hidden_dim": 64,
        "num_coupling_blocks": 32,
        "num_layers_mlp": 2
    },
    "feat_opt": {
        "lr": 0.001,
        "n_iter": 7000,
        "early_stop": 0
    }
}


/mnt/home/jcervino/Github/CoraCiteseer/PieClam/experiments/../clamiter_directed.py:440:::  
staring fit_feats for 7000 iterations


/mnt/home/jcervino/Github/CoraCiteseer/PieClam/experiments/../trainer_directed.py:444:::  



FINISHED train 
 last accuracies:
test
key='auc': 0.5
val
auc: None




/mnt/home/jcervino/Github/CoraCiteseer/PieClam/experiments/../trainer_directed.py:460:::  

train_model_on_params on bigclam citeseer 
took 105.86576676368713 seconds


/mnt/home/jcervino/Github/CoraCiteseer/PieClam/experiments/optimization_utils_directed.py:663:::  
Repetition no. 1


/mnt/home/jcervino/Github/CoraCiteseer/PieClam/experiments/../trainer_directed.py:158:::  

Using dataset specific configuration and not global 




/mnt/home/jcervino/Github/CoraCiteseer/PieClam/experiments/../trainer_directed.py:337:::  

In function train. 
2025-12-21 07:51:53 starting optimization of bigclam on citeseer (DIRECTED) on device cuda

 configs_dict: 
{
    "clamiter_init": {
        "dim_feat": 200,
        "dim_attr": 100,
        "s_reg": 0.0,
        "l1_reg": 1,
        "T": 1,
        "hidden_dim": 64,
        "num_coupling_blocks": 32,
        "num_layers_mlp": 2
    },
    "feat_opt": {
        "lr": 0.001,
        "n_iter": 7000,
        "early_stop": 0
    }
}


/mnt/home/jcervino/Github/CoraCiteseer/PieClam/experiments/../clamiter_directed.py:440:::  
staring fit_feats for 7000 iterations


/mnt/home/jcervino/Github/CoraCiteseer/PieClam/experiments/../trainer_directed.py:444:::  



FINISHED train 
 last accuracies:
test
key='auc': 0.5
val
auc: None




/mnt/home/jcervino/Github/CoraCiteseer/PieClam/experiments/../trainer_directed.py:460:::  

train_model_on_params on bigclam citeseer 
took 58.43621301651001 seconds


/mnt/home/jcervino/Github/CoraCiteseer/PieClam/experiments/optimization_utils_directed.py:663:::  
Repetition no. 2


/mnt/home/jcervino/Github/CoraCiteseer/PieClam/experiments/../trainer_directed.py:158:::  

Using dataset specific configuration and not global 




/mnt/home/jcervino/Github/CoraCiteseer/PieClam/experiments/../trainer_directed.py:337:::  

In function train. 
2025-12-21 07:52:52 starting optimization of bigclam on citeseer (DIRECTED) on device cuda

 configs_dict: 
{
    "clamiter_init": {
        "dim_feat": 200,
        "dim_attr": 100,
        "s_reg": 0.0,
        "l1_reg": 1,
        "T": 1,
        "hidden_dim": 64,
        "num_coupling_blocks": 32,
        "num_layers_mlp": 2
    },
    "feat_opt": {
        "lr": 0.001,
        "n_iter": 7000,
        "early_stop": 0
    }
}


/mnt/home/jcervino/Github/CoraCiteseer/PieClam/experiments/../clamiter_directed.py:440:::  
staring fit_feats for 7000 iterations


/mnt/home/jcervino/Github/CoraCiteseer/PieClam/experiments/../trainer_directed.py:444:::  



FINISHED train 
 last accuracies:
test
key='auc': 0.5
val
auc: None




/mnt/home/jcervino/Github/CoraCiteseer/PieClam/experiments/../trainer_directed.py:460:::  

train_model_on_params on bigclam citeseer 
took 57.059428453445435 seconds


/mnt/home/jcervino/Github/CoraCiteseer/PieClam/experiments/optimization_utils_directed.py:663:::  
Repetition no. 0


/mnt/home/jcervino/Github/CoraCiteseer/PieClam/experiments/../trainer_directed.py:158:::  

Using dataset specific configuration and not global 




/mnt/home/jcervino/Github/CoraCiteseer/PieClam/experiments/../trainer_directed.py:337:::  

In function train. 
2025-12-21 07:53:49 starting optimization of bigclam on citeseer (DIRECTED) on device cuda

 configs_dict: 
{
    "clamiter_init": {
        "dim_feat": 48,
        "dim_attr": 100,
        "s_reg": 0.0,
        "l1_reg": 1,
        "T": 1,
        "hidden_dim": 64,
        "num_coupling_blocks": 32,
        "num_layers_mlp": 2
    },
    "feat_opt": {
        "lr": 0.001,
        "n_iter": 2000,
        "early_stop": 0
    }
}


/mnt/home/jcervino/Github/CoraCiteseer/PieClam/experiments/../clamiter_directed.py:440:::  
staring fit_feats for 2000 iterations


/mnt/home/jcervino/Github/CoraCiteseer/PieClam/experiments/../trainer_directed.py:444:::  



FINISHED train 
 last accuracies:
test
key='auc': 0.5
val
auc: None




/mnt/home/jcervino/Github/CoraCiteseer/PieClam/experiments/../trainer_directed.py:460:::  

train_model_on_params on bigclam citeseer 
took 35.56414318084717 seconds


/mnt/home/jcervino/Github/CoraCiteseer/PieClam/experiments/optimization_utils_directed.py:663:::  
Repetition no. 1


/mnt/home/jcervino/Github/CoraCiteseer/PieClam/experiments/../trainer_directed.py:158:::  

Using dataset specific configuration and not global 




/mnt/home/jcervino/Github/CoraCiteseer/PieClam/experiments/../trainer_directed.py:337:::  

In function train. 
2025-12-21 07:54:25 starting optimization of bigclam on citeseer (DIRECTED) on device cuda

 configs_dict: 
{
    "clamiter_init": {
        "dim_feat": 48,
        "dim_attr": 100,
        "s_reg": 0.0,
        "l1_reg": 1,
        "T": 1,
        "hidden_dim": 64,
        "num_coupling_blocks": 32,
        "num_layers_mlp": 2
    },
    "feat_opt": {
        "lr": 0.001,
        "n_iter": 2000,
        "early_stop": 0
    }
}


/mnt/home/jcervino/Github/CoraCiteseer/PieClam/experiments/../clamiter_directed.py:440:::  
staring fit_feats for 2000 iterations


/mnt/home/jcervino/Github/CoraCiteseer/PieClam/experiments/../trainer_directed.py:444:::  



FINISHED train 
 last accuracies:
test
key='auc': 0.5
val
auc: None




/mnt/home/jcervino/Github/CoraCiteseer/PieClam/experiments/../trainer_directed.py:460:::  

train_model_on_params on bigclam citeseer 
took 35.42857241630554 seconds


/mnt/home/jcervino/Github/CoraCiteseer/PieClam/experiments/optimization_utils_directed.py:663:::  
Repetition no. 2


/mnt/home/jcervino/Github/CoraCiteseer/PieClam/experiments/../trainer_directed.py:158:::  

Using dataset specific configuration and not global 




/mnt/home/jcervino/Github/CoraCiteseer/PieClam/experiments/../trainer_directed.py:337:::  

In function train. 
2025-12-21 07:55:01 starting optimization of bigclam on citeseer (DIRECTED) on device cuda

 configs_dict: 
{
    "clamiter_init": {
        "dim_feat": 48,
        "dim_attr": 100,
        "s_reg": 0.0,
        "l1_reg": 1,
        "T": 1,
        "hidden_dim": 64,
        "num_coupling_blocks": 32,
        "num_layers_mlp": 2
    },
    "feat_opt": {
        "lr": 0.001,
        "n_iter": 2000,
        "early_stop": 0
    }
}


/mnt/home/jcervino/Github/CoraCiteseer/PieClam/experiments/../clamiter_directed.py:440:::  
staring fit_feats for 2000 iterations


/mnt/home/jcervino/Github/CoraCiteseer/PieClam/experiments/../trainer_directed.py:444:::  



FINISHED train 
 last accuracies:
test
key='auc': 0.5
val
auc: None




/mnt/home/jcervino/Github/CoraCiteseer/PieClam/experiments/../trainer_directed.py:460:::  

train_model_on_params on bigclam citeseer 
took 34.67233467102051 seconds


/mnt/home/jcervino/Github/CoraCiteseer/PieClam/experiments/optimization_utils_directed.py:663:::  
Repetition no. 0


/mnt/home/jcervino/Github/CoraCiteseer/PieClam/experiments/../trainer_directed.py:158:::  

Using dataset specific configuration and not global 




/mnt/home/jcervino/Github/CoraCiteseer/PieClam/experiments/../trainer_directed.py:337:::  

In function train. 
2025-12-21 07:55:36 starting optimization of bigclam on citeseer (DIRECTED) on device cuda

 configs_dict: 
{
    "clamiter_init": {
        "dim_feat": 200,
        "dim_attr": 100,
        "s_reg": 0.0,
        "l1_reg": 1,
        "T": 1,
        "hidden_dim": 64,
        "num_coupling_blocks": 32,
        "num_layers_mlp": 2
    },
    "feat_opt": {
        "lr": 1e-05,
        "n_iter": 7000,
        "early_stop": 0
    }
}


/mnt/home/jcervino/Github/CoraCiteseer/PieClam/experiments/../clamiter_directed.py:440:::  
staring fit_feats for 7000 iterations


/mnt/home/jcervino/Github/CoraCiteseer/PieClam/experiments/../trainer_directed.py:444:::  



FINISHED train 
 last accuracies:
test
key='auc': 0.5824893003755787
val
auc: None




/mnt/home/jcervino/Github/CoraCiteseer/PieClam/experiments/../trainer_directed.py:460:::  

train_model_on_params on bigclam citeseer 
took 123.79058384895325 seconds


/mnt/home/jcervino/Github/CoraCiteseer/PieClam/experiments/optimization_utils_directed.py:663:::  
Repetition no. 1


/mnt/home/jcervino/Github/CoraCiteseer/PieClam/experiments/../trainer_directed.py:158:::  

Using dataset specific configuration and not global 




/mnt/home/jcervino/Github/CoraCiteseer/PieClam/experiments/../trainer_directed.py:337:::  

In function train. 
2025-12-21 07:57:40 starting optimization of bigclam on citeseer (DIRECTED) on device cuda

 configs_dict: 
{
    "clamiter_init": {
        "dim_feat": 200,
        "dim_attr": 100,
        "s_reg": 0.0,
        "l1_reg": 1,
        "T": 1,
        "hidden_dim": 64,
        "num_coupling_blocks": 32,
        "num_layers_mlp": 2
    },
    "feat_opt": {
        "lr": 1e-05,
        "n_iter": 7000,
        "early_stop": 0
    }
}


/mnt/home/jcervino/Github/CoraCiteseer/PieClam/experiments/../clamiter_directed.py:440:::  
staring fit_feats for 7000 iterations


/mnt/home/jcervino/Github/CoraCiteseer/PieClam/experiments/../trainer_directed.py:444:::  



FINISHED train 
 last accuracies:
test
key='auc': 0.6022185343698139
val
auc: None




/mnt/home/jcervino/Github/CoraCiteseer/PieClam/experiments/../trainer_directed.py:460:::  

train_model_on_params on bigclam citeseer 
took 121.2690691947937 seconds


/mnt/home/jcervino/Github/CoraCiteseer/PieClam/experiments/optimization_utils_directed.py:663:::  
Repetition no. 2


/mnt/home/jcervino/Github/CoraCiteseer/PieClam/experiments/../trainer_directed.py:158:::  

Using dataset specific configuration and not global 




/mnt/home/jcervino/Github/CoraCiteseer/PieClam/experiments/../trainer_directed.py:337:::  

In function train. 
2025-12-21 07:59:41 starting optimization of bigclam on citeseer (DIRECTED) on device cuda

 configs_dict: 
{
    "clamiter_init": {
        "dim_feat": 200,
        "dim_attr": 100,
        "s_reg": 0.0,
        "l1_reg": 1,
        "T": 1,
        "hidden_dim": 64,
        "num_coupling_blocks": 32,
        "num_layers_mlp": 2
    },
    "feat_opt": {
        "lr": 1e-05,
        "n_iter": 7000,
        "early_stop": 0
    }
}


/mnt/home/jcervino/Github/CoraCiteseer/PieClam/experiments/../clamiter_directed.py:440:::  
staring fit_feats for 7000 iterations


/mnt/home/jcervino/Github/CoraCiteseer/PieClam/experiments/../trainer_directed.py:444:::  



FINISHED train 
 last accuracies:
test
key='auc': 0.5771054240545025
val
auc: None




/mnt/home/jcervino/Github/CoraCiteseer/PieClam/experiments/../trainer_directed.py:460:::  

train_model_on_params on bigclam citeseer 
took 121.84886932373047 seconds


/mnt/home/jcervino/Github/CoraCiteseer/PieClam/experiments/optimization_utils_directed.py:663:::  
Repetition no. 0


/mnt/home/jcervino/Github/CoraCiteseer/PieClam/experiments/../trainer_directed.py:158:::  

Using dataset specific configuration and not global 




/mnt/home/jcervino/Github/CoraCiteseer/PieClam/experiments/../trainer_directed.py:337:::  

In function train. 
2025-12-21 08:01:44 starting optimization of bigclam on citeseer (DIRECTED) on device cuda

 configs_dict: 
{
    "clamiter_init": {
        "dim_feat": 200,
        "dim_attr": 100,
        "s_reg": 0.1,
        "l1_reg": 1,
        "T": 1,
        "hidden_dim": 64,
        "num_coupling_blocks": 32,
        "num_layers_mlp": 2
    },
    "feat_opt": {
        "lr": 1e-05,
        "n_iter": 2000,
        "early_stop": 0
    }
}


/mnt/home/jcervino/Github/CoraCiteseer/PieClam/experiments/../clamiter_directed.py:440:::  
staring fit_feats for 2000 iterations


/mnt/home/jcervino/Github/CoraCiteseer/PieClam/experiments/../trainer_directed.py:444:::  



FINISHED train 
 last accuracies:
test
key='auc': 0.6195807494104288
val
auc: None




/mnt/home/jcervino/Github/CoraCiteseer/PieClam/experiments/../trainer_directed.py:460:::  

train_model_on_params on bigclam citeseer 
took 35.326316595077515 seconds


/mnt/home/jcervino/Github/CoraCiteseer/PieClam/experiments/optimization_utils_directed.py:663:::  
Repetition no. 1


/mnt/home/jcervino/Github/CoraCiteseer/PieClam/experiments/../trainer_directed.py:158:::  

Using dataset specific configuration and not global 




/mnt/home/jcervino/Github/CoraCiteseer/PieClam/experiments/../trainer_directed.py:337:::  

In function train. 
2025-12-21 08:02:19 starting optimization of bigclam on citeseer (DIRECTED) on device cuda

 configs_dict: 
{
    "clamiter_init": {
        "dim_feat": 200,
        "dim_attr": 100,
        "s_reg": 0.1,
        "l1_reg": 1,
        "T": 1,
        "hidden_dim": 64,
        "num_coupling_blocks": 32,
        "num_layers_mlp": 2
    },
    "feat_opt": {
        "lr": 1e-05,
        "n_iter": 2000,
        "early_stop": 0
    }
}


/mnt/home/jcervino/Github/CoraCiteseer/PieClam/experiments/../clamiter_directed.py:440:::  
staring fit_feats for 2000 iterations


/mnt/home/jcervino/Github/CoraCiteseer/PieClam/experiments/../trainer_directed.py:444:::  



FINISHED train 
 last accuracies:
test
key='auc': 0.6036824176783999
val
auc: None




/mnt/home/jcervino/Github/CoraCiteseer/PieClam/experiments/../trainer_directed.py:460:::  

train_model_on_params on bigclam citeseer 
took 35.524067878723145 seconds


/mnt/home/jcervino/Github/CoraCiteseer/PieClam/experiments/optimization_utils_directed.py:663:::  
Repetition no. 2


/mnt/home/jcervino/Github/CoraCiteseer/PieClam/experiments/../trainer_directed.py:158:::  

Using dataset specific configuration and not global 




/mnt/home/jcervino/Github/CoraCiteseer/PieClam/experiments/../trainer_directed.py:337:::  

In function train. 
2025-12-21 08:02:55 starting optimization of bigclam on citeseer (DIRECTED) on device cuda

 configs_dict: 
{
    "clamiter_init": {
        "dim_feat": 200,
        "dim_attr": 100,
        "s_reg": 0.1,
        "l1_reg": 1,
        "T": 1,
        "hidden_dim": 64,
        "num_coupling_blocks": 32,
        "num_layers_mlp": 2
    },
    "feat_opt": {
        "lr": 1e-05,
        "n_iter": 2000,
        "early_stop": 0
    }
}


/mnt/home/jcervino/Github/CoraCiteseer/PieClam/experiments/../clamiter_directed.py:440:::  
staring fit_feats for 2000 iterations


/mnt/home/jcervino/Github/CoraCiteseer/PieClam/experiments/../trainer_directed.py:444:::  



FINISHED train 
 last accuracies:
test
key='auc': 0.600034937549131
val
auc: None




/mnt/home/jcervino/Github/CoraCiteseer/PieClam/experiments/../trainer_directed.py:460:::  

train_model_on_params on bigclam citeseer 
took 35.06594657897949 seconds


/mnt/home/jcervino/Github/CoraCiteseer/PieClam/experiments/optimization_utils_directed.py:663:::  
Repetition no. 0


/mnt/home/jcervino/Github/CoraCiteseer/PieClam/experiments/../trainer_directed.py:158:::  

Using dataset specific configuration and not global 




/mnt/home/jcervino/Github/CoraCiteseer/PieClam/experiments/../trainer_directed.py:337:::  

In function train. 
2025-12-21 08:03:31 starting optimization of bigclam on citeseer (DIRECTED) on device cuda

 configs_dict: 
{
    "clamiter_init": {
        "dim_feat": 200,
        "dim_attr": 100,
        "s_reg": 0.0,
        "l1_reg": 1,
        "T": 1,
        "hidden_dim": 64,
        "num_coupling_blocks": 32,
        "num_layers_mlp": 2
    },
    "feat_opt": {
        "lr": 0.001,
        "n_iter": 2000,
        "early_stop": 0
    }
}


/mnt/home/jcervino/Github/CoraCiteseer/PieClam/experiments/../clamiter_directed.py:440:::  
staring fit_feats for 2000 iterations


/mnt/home/jcervino/Github/CoraCiteseer/PieClam/experiments/../trainer_directed.py:444:::  



FINISHED train 
 last accuracies:
test
key='auc': 0.5
val
auc: None




/mnt/home/jcervino/Github/CoraCiteseer/PieClam/experiments/../trainer_directed.py:460:::  

train_model_on_params on bigclam citeseer 
took 35.46947979927063 seconds


/mnt/home/jcervino/Github/CoraCiteseer/PieClam/experiments/optimization_utils_directed.py:663:::  
Repetition no. 1


/mnt/home/jcervino/Github/CoraCiteseer/PieClam/experiments/../trainer_directed.py:158:::  

Using dataset specific configuration and not global 




/mnt/home/jcervino/Github/CoraCiteseer/PieClam/experiments/../trainer_directed.py:337:::  

In function train. 
2025-12-21 08:04:07 starting optimization of bigclam on citeseer (DIRECTED) on device cuda

 configs_dict: 
{
    "clamiter_init": {
        "dim_feat": 200,
        "dim_attr": 100,
        "s_reg": 0.0,
        "l1_reg": 1,
        "T": 1,
        "hidden_dim": 64,
        "num_coupling_blocks": 32,
        "num_layers_mlp": 2
    },
    "feat_opt": {
        "lr": 0.001,
        "n_iter": 2000,
        "early_stop": 0
    }
}


/mnt/home/jcervino/Github/CoraCiteseer/PieClam/experiments/../clamiter_directed.py:440:::  
staring fit_feats for 2000 iterations


/mnt/home/jcervino/Github/CoraCiteseer/PieClam/experiments/../trainer_directed.py:444:::  



FINISHED train 
 last accuracies:
test
key='auc': 0.5
val
auc: None




/mnt/home/jcervino/Github/CoraCiteseer/PieClam/experiments/../trainer_directed.py:460:::  

train_model_on_params on bigclam citeseer 
took 35.50256943702698 seconds


/mnt/home/jcervino/Github/CoraCiteseer/PieClam/experiments/optimization_utils_directed.py:663:::  
Repetition no. 2


/mnt/home/jcervino/Github/CoraCiteseer/PieClam/experiments/../trainer_directed.py:158:::  

Using dataset specific configuration and not global 




/mnt/home/jcervino/Github/CoraCiteseer/PieClam/experiments/../trainer_directed.py:337:::  

In function train. 
2025-12-21 08:04:42 starting optimization of bigclam on citeseer (DIRECTED) on device cuda

 configs_dict: 
{
    "clamiter_init": {
        "dim_feat": 200,
        "dim_attr": 100,
        "s_reg": 0.0,
        "l1_reg": 1,
        "T": 1,
        "hidden_dim": 64,
        "num_coupling_blocks": 32,
        "num_layers_mlp": 2
    },
    "feat_opt": {
        "lr": 0.001,
        "n_iter": 2000,
        "early_stop": 0
    }
}


/mnt/home/jcervino/Github/CoraCiteseer/PieClam/experiments/../clamiter_directed.py:440:::  
staring fit_feats for 2000 iterations


/mnt/home/jcervino/Github/CoraCiteseer/PieClam/experiments/../trainer_directed.py:444:::  



FINISHED train 
 last accuracies:
test
key='auc': 0.5
val
auc: None




/mnt/home/jcervino/Github/CoraCiteseer/PieClam/experiments/../trainer_directed.py:460:::  

train_model_on_params on bigclam citeseer 
took 34.71821069717407 seconds


/mnt/home/jcervino/Github/CoraCiteseer/PieClam/experiments/optimization_utils_directed.py:663:::  
Repetition no. 0


/mnt/home/jcervino/Github/CoraCiteseer/PieClam/experiments/../trainer_directed.py:158:::  

Using dataset specific configuration and not global 




/mnt/home/jcervino/Github/CoraCiteseer/PieClam/experiments/../trainer_directed.py:337:::  

In function train. 
2025-12-21 08:05:17 starting optimization of bigclam on citeseer (DIRECTED) on device cuda

 configs_dict: 
{
    "clamiter_init": {
        "dim_feat": 48,
        "dim_attr": 100,
        "s_reg": 0.1,
        "l1_reg": 1,
        "T": 1,
        "hidden_dim": 64,
        "num_coupling_blocks": 32,
        "num_layers_mlp": 2
    },
    "feat_opt": {
        "lr": 0.0001,
        "n_iter": 7000,
        "early_stop": 0
    }
}


/mnt/home/jcervino/Github/CoraCiteseer/PieClam/experiments/../clamiter_directed.py:440:::  
staring fit_feats for 7000 iterations


/mnt/home/jcervino/Github/CoraCiteseer/PieClam/experiments/../trainer_directed.py:444:::  



FINISHED train 
 last accuracies:
test
key='auc': 0.5941252511136343
val
auc: None




/mnt/home/jcervino/Github/CoraCiteseer/PieClam/experiments/../trainer_directed.py:460:::  

train_model_on_params on bigclam citeseer 
took 67.58428001403809 seconds


/mnt/home/jcervino/Github/CoraCiteseer/PieClam/experiments/optimization_utils_directed.py:663:::  
Repetition no. 1


/mnt/home/jcervino/Github/CoraCiteseer/PieClam/experiments/../trainer_directed.py:158:::  

Using dataset specific configuration and not global 




/mnt/home/jcervino/Github/CoraCiteseer/PieClam/experiments/../trainer_directed.py:337:::  

In function train. 
2025-12-21 08:06:25 starting optimization of bigclam on citeseer (DIRECTED) on device cuda

 configs_dict: 
{
    "clamiter_init": {
        "dim_feat": 48,
        "dim_attr": 100,
        "s_reg": 0.1,
        "l1_reg": 1,
        "T": 1,
        "hidden_dim": 64,
        "num_coupling_blocks": 32,
        "num_layers_mlp": 2
    },
    "feat_opt": {
        "lr": 0.0001,
        "n_iter": 7000,
        "early_stop": 0
    }
}


/mnt/home/jcervino/Github/CoraCiteseer/PieClam/experiments/../clamiter_directed.py:440:::  
staring fit_feats for 7000 iterations


/mnt/home/jcervino/Github/CoraCiteseer/PieClam/experiments/../trainer_directed.py:444:::  



FINISHED train 
 last accuracies:
test
key='auc': 0.5923871080443707
val
auc: None




/mnt/home/jcervino/Github/CoraCiteseer/PieClam/experiments/../trainer_directed.py:460:::  

train_model_on_params on bigclam citeseer 
took 57.10950493812561 seconds


/mnt/home/jcervino/Github/CoraCiteseer/PieClam/experiments/optimization_utils_directed.py:663:::  
Repetition no. 2


/mnt/home/jcervino/Github/CoraCiteseer/PieClam/experiments/../trainer_directed.py:158:::  

Using dataset specific configuration and not global 




/mnt/home/jcervino/Github/CoraCiteseer/PieClam/experiments/../trainer_directed.py:337:::  

In function train. 
2025-12-21 08:07:22 starting optimization of bigclam on citeseer (DIRECTED) on device cuda

 configs_dict: 
{
    "clamiter_init": {
        "dim_feat": 48,
        "dim_attr": 100,
        "s_reg": 0.1,
        "l1_reg": 1,
        "T": 1,
        "hidden_dim": 64,
        "num_coupling_blocks": 32,
        "num_layers_mlp": 2
    },
    "feat_opt": {
        "lr": 0.0001,
        "n_iter": 7000,
        "early_stop": 0
    }
}


/mnt/home/jcervino/Github/CoraCiteseer/PieClam/experiments/../clamiter_directed.py:440:::  
staring fit_feats for 7000 iterations


/mnt/home/jcervino/Github/CoraCiteseer/PieClam/experiments/../trainer_directed.py:444:::  



FINISHED train 
 last accuracies:
test
key='auc': 0.5924796925495677
val
auc: None




/mnt/home/jcervino/Github/CoraCiteseer/PieClam/experiments/../trainer_directed.py:460:::  

train_model_on_params on bigclam citeseer 
took 51.28827977180481 seconds


/mnt/home/jcervino/Github/CoraCiteseer/PieClam/experiments/optimization_utils_directed.py:663:::  
Repetition no. 0


/mnt/home/jcervino/Github/CoraCiteseer/PieClam/experiments/../trainer_directed.py:158:::  

Using dataset specific configuration and not global 




/mnt/home/jcervino/Github/CoraCiteseer/PieClam/experiments/../trainer_directed.py:337:::  

In function train. 
2025-12-21 08:08:14 starting optimization of bigclam on citeseer (DIRECTED) on device cuda

 configs_dict: 
{
    "clamiter_init": {
        "dim_feat": 200,
        "dim_attr": 100,
        "s_reg": 0.1,
        "l1_reg": 1,
        "T": 1,
        "hidden_dim": 64,
        "num_coupling_blocks": 32,
        "num_layers_mlp": 2
    },
    "feat_opt": {
        "lr": 1e-05,
        "n_iter": 7000,
        "early_stop": 0
    }
}


/mnt/home/jcervino/Github/CoraCiteseer/PieClam/experiments/../clamiter_directed.py:440:::  
staring fit_feats for 7000 iterations


/mnt/home/jcervino/Github/CoraCiteseer/PieClam/experiments/../trainer_directed.py:444:::  



FINISHED train 
 last accuracies:
test
key='auc': 0.5990077736046816
val
auc: None




/mnt/home/jcervino/Github/CoraCiteseer/PieClam/experiments/../trainer_directed.py:460:::  

train_model_on_params on bigclam citeseer 
took 59.2779438495636 seconds


/mnt/home/jcervino/Github/CoraCiteseer/PieClam/experiments/optimization_utils_directed.py:663:::  
Repetition no. 1


/mnt/home/jcervino/Github/CoraCiteseer/PieClam/experiments/../trainer_directed.py:158:::  

Using dataset specific configuration and not global 




/mnt/home/jcervino/Github/CoraCiteseer/PieClam/experiments/../trainer_directed.py:337:::  

In function train. 
2025-12-21 08:09:13 starting optimization of bigclam on citeseer (DIRECTED) on device cuda

 configs_dict: 
{
    "clamiter_init": {
        "dim_feat": 200,
        "dim_attr": 100,
        "s_reg": 0.1,
        "l1_reg": 1,
        "T": 1,
        "hidden_dim": 64,
        "num_coupling_blocks": 32,
        "num_layers_mlp": 2
    },
    "feat_opt": {
        "lr": 1e-05,
        "n_iter": 7000,
        "early_stop": 0
    }
}


/mnt/home/jcervino/Github/CoraCiteseer/PieClam/experiments/../clamiter_directed.py:440:::  
staring fit_feats for 7000 iterations


/mnt/home/jcervino/Github/CoraCiteseer/PieClam/experiments/../trainer_directed.py:444:::  



FINISHED train 
 last accuracies:
test
key='auc': 0.5655952484933181
val
auc: None




/mnt/home/jcervino/Github/CoraCiteseer/PieClam/experiments/../trainer_directed.py:460:::  

train_model_on_params on bigclam citeseer 
took 65.12350678443909 seconds


/mnt/home/jcervino/Github/CoraCiteseer/PieClam/experiments/optimization_utils_directed.py:663:::  
Repetition no. 2


/mnt/home/jcervino/Github/CoraCiteseer/PieClam/experiments/../trainer_directed.py:158:::  

Using dataset specific configuration and not global 




/mnt/home/jcervino/Github/CoraCiteseer/PieClam/experiments/../trainer_directed.py:337:::  

In function train. 
2025-12-21 08:10:18 starting optimization of bigclam on citeseer (DIRECTED) on device cuda

 configs_dict: 
{
    "clamiter_init": {
        "dim_feat": 200,
        "dim_attr": 100,
        "s_reg": 0.1,
        "l1_reg": 1,
        "T": 1,
        "hidden_dim": 64,
        "num_coupling_blocks": 32,
        "num_layers_mlp": 2
    },
    "feat_opt": {
        "lr": 1e-05,
        "n_iter": 7000,
        "early_stop": 0
    }
}


/mnt/home/jcervino/Github/CoraCiteseer/PieClam/experiments/../clamiter_directed.py:440:::  
staring fit_feats for 7000 iterations


/mnt/home/jcervino/Github/CoraCiteseer/PieClam/experiments/../trainer_directed.py:444:::  



FINISHED train 
 last accuracies:
test
key='auc': 0.5877613765394358
val
auc: None




/mnt/home/jcervino/Github/CoraCiteseer/PieClam/experiments/../trainer_directed.py:460:::  

train_model_on_params on bigclam citeseer 
took 108.92495083808899 seconds


/mnt/home/jcervino/Github/CoraCiteseer/PieClam/experiments/optimization_utils_directed.py:663:::  
Repetition no. 0


/mnt/home/jcervino/Github/CoraCiteseer/PieClam/experiments/../trainer_directed.py:158:::  

Using dataset specific configuration and not global 




/mnt/home/jcervino/Github/CoraCiteseer/PieClam/experiments/../trainer_directed.py:337:::  

In function train. 
2025-12-21 08:12:08 starting optimization of bigclam on citeseer (DIRECTED) on device cuda

 configs_dict: 
{
    "clamiter_init": {
        "dim_feat": 200,
        "dim_attr": 100,
        "s_reg": 0.0,
        "l1_reg": 1,
        "T": 1,
        "hidden_dim": 64,
        "num_coupling_blocks": 32,
        "num_layers_mlp": 2
    },
    "feat_opt": {
        "lr": 0.0001,
        "n_iter": 7000,
        "early_stop": 0
    }
}


/mnt/home/jcervino/Github/CoraCiteseer/PieClam/experiments/../clamiter_directed.py:440:::  
staring fit_feats for 7000 iterations


/mnt/home/jcervino/Github/CoraCiteseer/PieClam/experiments/../trainer_directed.py:444:::  



FINISHED train 
 last accuracies:
test
key='auc': 0.5785762948729146
val
auc: None




/mnt/home/jcervino/Github/CoraCiteseer/PieClam/experiments/../trainer_directed.py:460:::  

train_model_on_params on bigclam citeseer 
took 124.15655946731567 seconds


/mnt/home/jcervino/Github/CoraCiteseer/PieClam/experiments/optimization_utils_directed.py:663:::  
Repetition no. 1


/mnt/home/jcervino/Github/CoraCiteseer/PieClam/experiments/../trainer_directed.py:158:::  

Using dataset specific configuration and not global 




/mnt/home/jcervino/Github/CoraCiteseer/PieClam/experiments/../trainer_directed.py:337:::  

In function train. 
2025-12-21 08:14:12 starting optimization of bigclam on citeseer (DIRECTED) on device cuda

 configs_dict: 
{
    "clamiter_init": {
        "dim_feat": 200,
        "dim_attr": 100,
        "s_reg": 0.0,
        "l1_reg": 1,
        "T": 1,
        "hidden_dim": 64,
        "num_coupling_blocks": 32,
        "num_layers_mlp": 2
    },
    "feat_opt": {
        "lr": 0.0001,
        "n_iter": 7000,
        "early_stop": 0
    }
}


/mnt/home/jcervino/Github/CoraCiteseer/PieClam/experiments/../clamiter_directed.py:440:::  
staring fit_feats for 7000 iterations


/mnt/home/jcervino/Github/CoraCiteseer/PieClam/experiments/../trainer_directed.py:444:::  



FINISHED train 
 last accuracies:
test
key='auc': 0.5862398462747838
val
auc: None




/mnt/home/jcervino/Github/CoraCiteseer/PieClam/experiments/../trainer_directed.py:460:::  

train_model_on_params on bigclam citeseer 
took 123.78585958480835 seconds


/mnt/home/jcervino/Github/CoraCiteseer/PieClam/experiments/optimization_utils_directed.py:663:::  
Repetition no. 2


/mnt/home/jcervino/Github/CoraCiteseer/PieClam/experiments/../trainer_directed.py:158:::  

Using dataset specific configuration and not global 




/mnt/home/jcervino/Github/CoraCiteseer/PieClam/experiments/../trainer_directed.py:337:::  

In function train. 
2025-12-21 08:16:16 starting optimization of bigclam on citeseer (DIRECTED) on device cuda

 configs_dict: 
{
    "clamiter_init": {
        "dim_feat": 200,
        "dim_attr": 100,
        "s_reg": 0.0,
        "l1_reg": 1,
        "T": 1,
        "hidden_dim": 64,
        "num_coupling_blocks": 32,
        "num_layers_mlp": 2
    },
    "feat_opt": {
        "lr": 0.0001,
        "n_iter": 7000,
        "early_stop": 0
    }
}


/mnt/home/jcervino/Github/CoraCiteseer/PieClam/experiments/../clamiter_directed.py:440:::  
staring fit_feats for 7000 iterations


/mnt/home/jcervino/Github/CoraCiteseer/PieClam/experiments/../trainer_directed.py:444:::  



FINISHED train 
 last accuracies:
test
key='auc': 0.562899816577867
val
auc: None




/mnt/home/jcervino/Github/CoraCiteseer/PieClam/experiments/../trainer_directed.py:460:::  

train_model_on_params on bigclam citeseer 
took 122.9443736076355 seconds


/mnt/home/jcervino/Github/CoraCiteseer/PieClam/experiments/optimization_utils_directed.py:663:::  
Repetition no. 0


/mnt/home/jcervino/Github/CoraCiteseer/PieClam/experiments/../trainer_directed.py:158:::  

Using dataset specific configuration and not global 




/mnt/home/jcervino/Github/CoraCiteseer/PieClam/experiments/../trainer_directed.py:337:::  

In function train. 
2025-12-21 08:18:20 starting optimization of bigclam on citeseer (DIRECTED) on device cuda

 configs_dict: 
{
    "clamiter_init": {
        "dim_feat": 100,
        "dim_attr": 100,
        "s_reg": 0.0,
        "l1_reg": 1,
        "T": 1,
        "hidden_dim": 64,
        "num_coupling_blocks": 32,
        "num_layers_mlp": 2
    },
    "feat_opt": {
        "lr": 0.001,
        "n_iter": 5000,
        "early_stop": 0
    }
}


/mnt/home/jcervino/Github/CoraCiteseer/PieClam/experiments/../clamiter_directed.py:440:::  
staring fit_feats for 5000 iterations


/mnt/home/jcervino/Github/CoraCiteseer/PieClam/experiments/../trainer_directed.py:444:::  



FINISHED train 
 last accuracies:
test
key='auc': 0.5
val
auc: None




/mnt/home/jcervino/Github/CoraCiteseer/PieClam/experiments/../trainer_directed.py:460:::  

train_model_on_params on bigclam citeseer 
took 88.73929858207703 seconds


/mnt/home/jcervino/Github/CoraCiteseer/PieClam/experiments/optimization_utils_directed.py:663:::  
Repetition no. 1


/mnt/home/jcervino/Github/CoraCiteseer/PieClam/experiments/../trainer_directed.py:158:::  

Using dataset specific configuration and not global 




/mnt/home/jcervino/Github/CoraCiteseer/PieClam/experiments/../trainer_directed.py:337:::  

In function train. 
2025-12-21 08:19:49 starting optimization of bigclam on citeseer (DIRECTED) on device cuda

 configs_dict: 
{
    "clamiter_init": {
        "dim_feat": 100,
        "dim_attr": 100,
        "s_reg": 0.0,
        "l1_reg": 1,
        "T": 1,
        "hidden_dim": 64,
        "num_coupling_blocks": 32,
        "num_layers_mlp": 2
    },
    "feat_opt": {
        "lr": 0.001,
        "n_iter": 5000,
        "early_stop": 0
    }
}


/mnt/home/jcervino/Github/CoraCiteseer/PieClam/experiments/../clamiter_directed.py:440:::  
staring fit_feats for 5000 iterations


/mnt/home/jcervino/Github/CoraCiteseer/PieClam/experiments/../trainer_directed.py:444:::  



FINISHED train 
 last accuracies:
test
key='auc': 0.5
val
auc: None




/mnt/home/jcervino/Github/CoraCiteseer/PieClam/experiments/../trainer_directed.py:460:::  

train_model_on_params on bigclam citeseer 
took 86.41107153892517 seconds


/mnt/home/jcervino/Github/CoraCiteseer/PieClam/experiments/optimization_utils_directed.py:663:::  
Repetition no. 2


/mnt/home/jcervino/Github/CoraCiteseer/PieClam/experiments/../trainer_directed.py:158:::  

Using dataset specific configuration and not global 




/mnt/home/jcervino/Github/CoraCiteseer/PieClam/experiments/../trainer_directed.py:337:::  

In function train. 
2025-12-21 08:21:16 starting optimization of bigclam on citeseer (DIRECTED) on device cuda

 configs_dict: 
{
    "clamiter_init": {
        "dim_feat": 100,
        "dim_attr": 100,
        "s_reg": 0.0,
        "l1_reg": 1,
        "T": 1,
        "hidden_dim": 64,
        "num_coupling_blocks": 32,
        "num_layers_mlp": 2
    },
    "feat_opt": {
        "lr": 0.001,
        "n_iter": 5000,
        "early_stop": 0
    }
}


/mnt/home/jcervino/Github/CoraCiteseer/PieClam/experiments/../clamiter_directed.py:440:::  
staring fit_feats for 5000 iterations


/mnt/home/jcervino/Github/CoraCiteseer/PieClam/experiments/../trainer_directed.py:444:::  



FINISHED train 
 last accuracies:
test
key='auc': 0.5
val
auc: None




/mnt/home/jcervino/Github/CoraCiteseer/PieClam/experiments/../trainer_directed.py:460:::  

train_model_on_params on bigclam citeseer 
took 82.9877622127533 seconds


/mnt/home/jcervino/Github/CoraCiteseer/PieClam/experiments/optimization_utils_directed.py:663:::  
Repetition no. 0


/mnt/home/jcervino/Github/CoraCiteseer/PieClam/experiments/../trainer_directed.py:158:::  

Using dataset specific configuration and not global 




/mnt/home/jcervino/Github/CoraCiteseer/PieClam/experiments/../trainer_directed.py:337:::  

In function train. 
2025-12-21 08:22:39 starting optimization of bigclam on citeseer (DIRECTED) on device cuda

 configs_dict: 
{
    "clamiter_init": {
        "dim_feat": 100,
        "dim_attr": 100,
        "s_reg": 0.1,
        "l1_reg": 1,
        "T": 1,
        "hidden_dim": 64,
        "num_coupling_blocks": 32,
        "num_layers_mlp": 2
    },
    "feat_opt": {
        "lr": 0.0001,
        "n_iter": 2000,
        "early_stop": 0
    }
}


/mnt/home/jcervino/Github/CoraCiteseer/PieClam/experiments/../clamiter_directed.py:440:::  
staring fit_feats for 2000 iterations


/mnt/home/jcervino/Github/CoraCiteseer/PieClam/experiments/../trainer_directed.py:444:::  



FINISHED train 
 last accuracies:
test
key='auc': 0.5662922525984803
val
auc: None




/mnt/home/jcervino/Github/CoraCiteseer/PieClam/experiments/../trainer_directed.py:460:::  

train_model_on_params on bigclam citeseer 
took 23.773921728134155 seconds


/mnt/home/jcervino/Github/CoraCiteseer/PieClam/experiments/optimization_utils_directed.py:663:::  
Repetition no. 1


/mnt/home/jcervino/Github/CoraCiteseer/PieClam/experiments/../trainer_directed.py:158:::  

Using dataset specific configuration and not global 




/mnt/home/jcervino/Github/CoraCiteseer/PieClam/experiments/../trainer_directed.py:337:::  

In function train. 
2025-12-21 08:23:03 starting optimization of bigclam on citeseer (DIRECTED) on device cuda

 configs_dict: 
{
    "clamiter_init": {
        "dim_feat": 100,
        "dim_attr": 100,
        "s_reg": 0.1,
        "l1_reg": 1,
        "T": 1,
        "hidden_dim": 64,
        "num_coupling_blocks": 32,
        "num_layers_mlp": 2
    },
    "feat_opt": {
        "lr": 0.0001,
        "n_iter": 2000,
        "early_stop": 0
    }
}


/mnt/home/jcervino/Github/CoraCiteseer/PieClam/experiments/../clamiter_directed.py:440:::  
staring fit_feats for 2000 iterations


/mnt/home/jcervino/Github/CoraCiteseer/PieClam/experiments/../trainer_directed.py:444:::  



FINISHED train 
 last accuracies:
test
key='auc': 0.5836282644772469
val
auc: None




/mnt/home/jcervino/Github/CoraCiteseer/PieClam/experiments/../trainer_directed.py:460:::  

train_model_on_params on bigclam citeseer 
took 14.97036623954773 seconds


/mnt/home/jcervino/Github/CoraCiteseer/PieClam/experiments/optimization_utils_directed.py:663:::  
Repetition no. 2


/mnt/home/jcervino/Github/CoraCiteseer/PieClam/experiments/../trainer_directed.py:158:::  

Using dataset specific configuration and not global 




/mnt/home/jcervino/Github/CoraCiteseer/PieClam/experiments/../trainer_directed.py:337:::  

In function train. 
2025-12-21 08:23:18 starting optimization of bigclam on citeseer (DIRECTED) on device cuda

 configs_dict: 
{
    "clamiter_init": {
        "dim_feat": 100,
        "dim_attr": 100,
        "s_reg": 0.1,
        "l1_reg": 1,
        "T": 1,
        "hidden_dim": 64,
        "num_coupling_blocks": 32,
        "num_layers_mlp": 2
    },
    "feat_opt": {
        "lr": 0.0001,
        "n_iter": 2000,
        "early_stop": 0
    }
}


/mnt/home/jcervino/Github/CoraCiteseer/PieClam/experiments/../clamiter_directed.py:440:::  
staring fit_feats for 2000 iterations


/mnt/home/jcervino/Github/CoraCiteseer/PieClam/experiments/../trainer_directed.py:444:::  



FINISHED train 
 last accuracies:
test
key='auc': 0.5826133286749935
val
auc: None




/mnt/home/jcervino/Github/CoraCiteseer/PieClam/experiments/../trainer_directed.py:460:::  

train_model_on_params on bigclam citeseer 
took 32.33595514297485 seconds


/mnt/home/jcervino/Github/CoraCiteseer/PieClam/experiments/optimization_utils_directed.py:663:::  
Repetition no. 0


/mnt/home/jcervino/Github/CoraCiteseer/PieClam/experiments/../trainer_directed.py:158:::  

Using dataset specific configuration and not global 




/mnt/home/jcervino/Github/CoraCiteseer/PieClam/experiments/../trainer_directed.py:337:::  

In function train. 
2025-12-21 08:23:51 starting optimization of bigclam on citeseer (DIRECTED) on device cuda

 configs_dict: 
{
    "clamiter_init": {
        "dim_feat": 48,
        "dim_attr": 100,
        "s_reg": 0.1,
        "l1_reg": 1,
        "T": 1,
        "hidden_dim": 64,
        "num_coupling_blocks": 32,
        "num_layers_mlp": 2
    },
    "feat_opt": {
        "lr": 0.0001,
        "n_iter": 5000,
        "early_stop": 0
    }
}


/mnt/home/jcervino/Github/CoraCiteseer/PieClam/experiments/../clamiter_directed.py:440:::  
staring fit_feats for 5000 iterations


/mnt/home/jcervino/Github/CoraCiteseer/PieClam/experiments/../trainer_directed.py:444:::  



FINISHED train 
 last accuracies:
test
key='auc': 0.5674801292689319
val
auc: None




/mnt/home/jcervino/Github/CoraCiteseer/PieClam/experiments/../trainer_directed.py:460:::  

train_model_on_params on bigclam citeseer 
took 45.76350212097168 seconds


/mnt/home/jcervino/Github/CoraCiteseer/PieClam/experiments/optimization_utils_directed.py:663:::  
Repetition no. 1


/mnt/home/jcervino/Github/CoraCiteseer/PieClam/experiments/../trainer_directed.py:158:::  

Using dataset specific configuration and not global 




/mnt/home/jcervino/Github/CoraCiteseer/PieClam/experiments/../trainer_directed.py:337:::  

In function train. 
2025-12-21 08:24:36 starting optimization of bigclam on citeseer (DIRECTED) on device cuda

 configs_dict: 
{
    "clamiter_init": {
        "dim_feat": 48,
        "dim_attr": 100,
        "s_reg": 0.1,
        "l1_reg": 1,
        "T": 1,
        "hidden_dim": 64,
        "num_coupling_blocks": 32,
        "num_layers_mlp": 2
    },
    "feat_opt": {
        "lr": 0.0001,
        "n_iter": 5000,
        "early_stop": 0
    }
}


/mnt/home/jcervino/Github/CoraCiteseer/PieClam/experiments/../clamiter_directed.py:440:::  
staring fit_feats for 5000 iterations


/mnt/home/jcervino/Github/CoraCiteseer/PieClam/experiments/../trainer_directed.py:444:::  



FINISHED train 
 last accuracies:
test
key='auc': 0.5822167874923574
val
auc: None




/mnt/home/jcervino/Github/CoraCiteseer/PieClam/experiments/../trainer_directed.py:460:::  

train_model_on_params on bigclam citeseer 
took 51.09646391868591 seconds


/mnt/home/jcervino/Github/CoraCiteseer/PieClam/experiments/optimization_utils_directed.py:663:::  
Repetition no. 2


/mnt/home/jcervino/Github/CoraCiteseer/PieClam/experiments/../trainer_directed.py:158:::  

Using dataset specific configuration and not global 




/mnt/home/jcervino/Github/CoraCiteseer/PieClam/experiments/../trainer_directed.py:337:::  

In function train. 
2025-12-21 08:25:28 starting optimization of bigclam on citeseer (DIRECTED) on device cuda

 configs_dict: 
{
    "clamiter_init": {
        "dim_feat": 48,
        "dim_attr": 100,
        "s_reg": 0.1,
        "l1_reg": 1,
        "T": 1,
        "hidden_dim": 64,
        "num_coupling_blocks": 32,
        "num_layers_mlp": 2
    },
    "feat_opt": {
        "lr": 0.0001,
        "n_iter": 5000,
        "early_stop": 0
    }
}


/mnt/home/jcervino/Github/CoraCiteseer/PieClam/experiments/../clamiter_directed.py:440:::  
staring fit_feats for 5000 iterations


/mnt/home/jcervino/Github/CoraCiteseer/PieClam/experiments/../trainer_directed.py:444:::  



FINISHED train 
 last accuracies:
test
key='auc': 0.6100934579439253
val
auc: None




/mnt/home/jcervino/Github/CoraCiteseer/PieClam/experiments/../trainer_directed.py:460:::  

train_model_on_params on bigclam citeseer 
took 57.478272914886475 seconds


/mnt/home/jcervino/Github/CoraCiteseer/PieClam/experiments/optimization_utils_directed.py:663:::  
Repetition no. 0


/mnt/home/jcervino/Github/CoraCiteseer/PieClam/experiments/../trainer_directed.py:158:::  

Using dataset specific configuration and not global 




/mnt/home/jcervino/Github/CoraCiteseer/PieClam/experiments/../trainer_directed.py:337:::  

In function train. 
2025-12-21 08:26:25 starting optimization of bigclam on citeseer (DIRECTED) on device cuda

 configs_dict: 
{
    "clamiter_init": {
        "dim_feat": 200,
        "dim_attr": 100,
        "s_reg": 0.1,
        "l1_reg": 1,
        "T": 1,
        "hidden_dim": 64,
        "num_coupling_blocks": 32,
        "num_layers_mlp": 2
    },
    "feat_opt": {
        "lr": 0.0001,
        "n_iter": 5000,
        "early_stop": 0
    }
}


/mnt/home/jcervino/Github/CoraCiteseer/PieClam/experiments/../clamiter_directed.py:440:::  
staring fit_feats for 5000 iterations


/mnt/home/jcervino/Github/CoraCiteseer/PieClam/experiments/../trainer_directed.py:444:::  



FINISHED train 
 last accuracies:
test
key='auc': 0.5704148833959298
val
auc: None




/mnt/home/jcervino/Github/CoraCiteseer/PieClam/experiments/../trainer_directed.py:460:::  

train_model_on_params on bigclam citeseer 
took 34.51940894126892 seconds


/mnt/home/jcervino/Github/CoraCiteseer/PieClam/experiments/optimization_utils_directed.py:663:::  
Repetition no. 1


/mnt/home/jcervino/Github/CoraCiteseer/PieClam/experiments/../trainer_directed.py:158:::  

Using dataset specific configuration and not global 




/mnt/home/jcervino/Github/CoraCiteseer/PieClam/experiments/../trainer_directed.py:337:::  

In function train. 
2025-12-21 08:27:00 starting optimization of bigclam on citeseer (DIRECTED) on device cuda

 configs_dict: 
{
    "clamiter_init": {
        "dim_feat": 200,
        "dim_attr": 100,
        "s_reg": 0.1,
        "l1_reg": 1,
        "T": 1,
        "hidden_dim": 64,
        "num_coupling_blocks": 32,
        "num_layers_mlp": 2
    },
    "feat_opt": {
        "lr": 0.0001,
        "n_iter": 5000,
        "early_stop": 0
    }
}


/mnt/home/jcervino/Github/CoraCiteseer/PieClam/experiments/../clamiter_directed.py:440:::  
staring fit_feats for 5000 iterations


/mnt/home/jcervino/Github/CoraCiteseer/PieClam/experiments/../trainer_directed.py:444:::  



FINISHED train 
 last accuracies:
test
key='auc': 0.5775456371735522
val
auc: None




/mnt/home/jcervino/Github/CoraCiteseer/PieClam/experiments/../trainer_directed.py:460:::  

train_model_on_params on bigclam citeseer 
took 71.31944489479065 seconds


/mnt/home/jcervino/Github/CoraCiteseer/PieClam/experiments/optimization_utils_directed.py:663:::  
Repetition no. 2


/mnt/home/jcervino/Github/CoraCiteseer/PieClam/experiments/../trainer_directed.py:158:::  

Using dataset specific configuration and not global 




/mnt/home/jcervino/Github/CoraCiteseer/PieClam/experiments/../trainer_directed.py:337:::  

In function train. 
2025-12-21 08:28:12 starting optimization of bigclam on citeseer (DIRECTED) on device cuda

 configs_dict: 
{
    "clamiter_init": {
        "dim_feat": 200,
        "dim_attr": 100,
        "s_reg": 0.1,
        "l1_reg": 1,
        "T": 1,
        "hidden_dim": 64,
        "num_coupling_blocks": 32,
        "num_layers_mlp": 2
    },
    "feat_opt": {
        "lr": 0.0001,
        "n_iter": 5000,
        "early_stop": 0
    }
}


/mnt/home/jcervino/Github/CoraCiteseer/PieClam/experiments/../clamiter_directed.py:440:::  
staring fit_feats for 5000 iterations


/mnt/home/jcervino/Github/CoraCiteseer/PieClam/experiments/../trainer_directed.py:444:::  



FINISHED train 
 last accuracies:
test
key='auc': 0.5838099397327277
val
auc: None




/mnt/home/jcervino/Github/CoraCiteseer/PieClam/experiments/../trainer_directed.py:460:::  

train_model_on_params on bigclam citeseer 
took 89.21393847465515 seconds


/mnt/home/jcervino/Github/CoraCiteseer/PieClam/experiments/optimization_utils_directed.py:663:::  
Repetition no. 0


/mnt/home/jcervino/Github/CoraCiteseer/PieClam/experiments/../trainer_directed.py:158:::  

Using dataset specific configuration and not global 




/mnt/home/jcervino/Github/CoraCiteseer/PieClam/experiments/../trainer_directed.py:337:::  

In function train. 
2025-12-21 08:29:41 starting optimization of bigclam on citeseer (DIRECTED) on device cuda

 configs_dict: 
{
    "clamiter_init": {
        "dim_feat": 100,
        "dim_attr": 100,
        "s_reg": 0.0,
        "l1_reg": 1,
        "T": 1,
        "hidden_dim": 64,
        "num_coupling_blocks": 32,
        "num_layers_mlp": 2
    },
    "feat_opt": {
        "lr": 1e-05,
        "n_iter": 5000,
        "early_stop": 0
    }
}


/mnt/home/jcervino/Github/CoraCiteseer/PieClam/experiments/../clamiter_directed.py:440:::  
staring fit_feats for 5000 iterations


/mnt/home/jcervino/Github/CoraCiteseer/PieClam/experiments/../trainer_directed.py:444:::  



FINISHED train 
 last accuracies:
test
key='auc': 0.5924849331819372
val
auc: None




/mnt/home/jcervino/Github/CoraCiteseer/PieClam/experiments/../trainer_directed.py:460:::  

train_model_on_params on bigclam citeseer 
took 75.16332936286926 seconds


/mnt/home/jcervino/Github/CoraCiteseer/PieClam/experiments/optimization_utils_directed.py:663:::  
Repetition no. 1


/mnt/home/jcervino/Github/CoraCiteseer/PieClam/experiments/../trainer_directed.py:158:::  

Using dataset specific configuration and not global 




/mnt/home/jcervino/Github/CoraCiteseer/PieClam/experiments/../trainer_directed.py:337:::  

In function train. 
2025-12-21 08:30:57 starting optimization of bigclam on citeseer (DIRECTED) on device cuda

 configs_dict: 
{
    "clamiter_init": {
        "dim_feat": 100,
        "dim_attr": 100,
        "s_reg": 0.0,
        "l1_reg": 1,
        "T": 1,
        "hidden_dim": 64,
        "num_coupling_blocks": 32,
        "num_layers_mlp": 2
    },
    "feat_opt": {
        "lr": 1e-05,
        "n_iter": 5000,
        "early_stop": 0
    }
}


/mnt/home/jcervino/Github/CoraCiteseer/PieClam/experiments/../clamiter_directed.py:440:::  
staring fit_feats for 5000 iterations


/mnt/home/jcervino/Github/CoraCiteseer/PieClam/experiments/../trainer_directed.py:444:::  



FINISHED train 
 last accuracies:
test
key='auc': 0.5854450170320553
val
auc: None




/mnt/home/jcervino/Github/CoraCiteseer/PieClam/experiments/../trainer_directed.py:460:::  

train_model_on_params on bigclam citeseer 
took 89.13944292068481 seconds


/mnt/home/jcervino/Github/CoraCiteseer/PieClam/experiments/optimization_utils_directed.py:663:::  
Repetition no. 2


/mnt/home/jcervino/Github/CoraCiteseer/PieClam/experiments/../trainer_directed.py:158:::  

Using dataset specific configuration and not global 




/mnt/home/jcervino/Github/CoraCiteseer/PieClam/experiments/../trainer_directed.py:337:::  

In function train. 
2025-12-21 08:32:26 starting optimization of bigclam on citeseer (DIRECTED) on device cuda

 configs_dict: 
{
    "clamiter_init": {
        "dim_feat": 100,
        "dim_attr": 100,
        "s_reg": 0.0,
        "l1_reg": 1,
        "T": 1,
        "hidden_dim": 64,
        "num_coupling_blocks": 32,
        "num_layers_mlp": 2
    },
    "feat_opt": {
        "lr": 1e-05,
        "n_iter": 5000,
        "early_stop": 0
    }
}


/mnt/home/jcervino/Github/CoraCiteseer/PieClam/experiments/../clamiter_directed.py:440:::  
staring fit_feats for 5000 iterations


/mnt/home/jcervino/Github/CoraCiteseer/PieClam/experiments/../trainer_directed.py:444:::  



FINISHED train 
 last accuracies:
test
key='auc': 0.6015931522403704
val
auc: None




/mnt/home/jcervino/Github/CoraCiteseer/PieClam/experiments/../trainer_directed.py:460:::  

train_model_on_params on bigclam citeseer 
took 88.99158453941345 seconds


/mnt/home/jcervino/Github/CoraCiteseer/PieClam/experiments/optimization_utils_directed.py:663:::  
Repetition no. 0


/mnt/home/jcervino/Github/CoraCiteseer/PieClam/experiments/../trainer_directed.py:158:::  

Using dataset specific configuration and not global 




/mnt/home/jcervino/Github/CoraCiteseer/PieClam/experiments/../trainer_directed.py:337:::  

In function train. 
2025-12-21 08:33:55 starting optimization of bigclam on citeseer (DIRECTED) on device cuda

 configs_dict: 
{
    "clamiter_init": {
        "dim_feat": 100,
        "dim_attr": 100,
        "s_reg": 0.1,
        "l1_reg": 1,
        "T": 1,
        "hidden_dim": 64,
        "num_coupling_blocks": 32,
        "num_layers_mlp": 2
    },
    "feat_opt": {
        "lr": 0.001,
        "n_iter": 7000,
        "early_stop": 0
    }
}


/mnt/home/jcervino/Github/CoraCiteseer/PieClam/experiments/../clamiter_directed.py:440:::  
staring fit_feats for 7000 iterations


/mnt/home/jcervino/Github/CoraCiteseer/PieClam/experiments/../trainer_directed.py:444:::  



FINISHED train 
 last accuracies:
test
key='auc': 0.5
val
auc: None




/mnt/home/jcervino/Github/CoraCiteseer/PieClam/experiments/../trainer_directed.py:460:::  

train_model_on_params on bigclam citeseer 
took 122.53151965141296 seconds


/mnt/home/jcervino/Github/CoraCiteseer/PieClam/experiments/optimization_utils_directed.py:663:::  
Repetition no. 1


/mnt/home/jcervino/Github/CoraCiteseer/PieClam/experiments/../trainer_directed.py:158:::  

Using dataset specific configuration and not global 




/mnt/home/jcervino/Github/CoraCiteseer/PieClam/experiments/../trainer_directed.py:337:::  

In function train. 
2025-12-21 08:35:58 starting optimization of bigclam on citeseer (DIRECTED) on device cuda

 configs_dict: 
{
    "clamiter_init": {
        "dim_feat": 100,
        "dim_attr": 100,
        "s_reg": 0.1,
        "l1_reg": 1,
        "T": 1,
        "hidden_dim": 64,
        "num_coupling_blocks": 32,
        "num_layers_mlp": 2
    },
    "feat_opt": {
        "lr": 0.001,
        "n_iter": 7000,
        "early_stop": 0
    }
}


/mnt/home/jcervino/Github/CoraCiteseer/PieClam/experiments/../clamiter_directed.py:440:::  
staring fit_feats for 7000 iterations


/mnt/home/jcervino/Github/CoraCiteseer/PieClam/experiments/../trainer_directed.py:444:::  



FINISHED train 
 last accuracies:
test
key='auc': 0.5
val
auc: None




/mnt/home/jcervino/Github/CoraCiteseer/PieClam/experiments/../trainer_directed.py:460:::  

train_model_on_params on bigclam citeseer 
took 124.04660630226135 seconds


/mnt/home/jcervino/Github/CoraCiteseer/PieClam/experiments/optimization_utils_directed.py:663:::  
Repetition no. 2


/mnt/home/jcervino/Github/CoraCiteseer/PieClam/experiments/../trainer_directed.py:158:::  

Using dataset specific configuration and not global 




/mnt/home/jcervino/Github/CoraCiteseer/PieClam/experiments/../trainer_directed.py:337:::  

In function train. 
2025-12-21 08:38:03 starting optimization of bigclam on citeseer (DIRECTED) on device cuda

 configs_dict: 
{
    "clamiter_init": {
        "dim_feat": 100,
        "dim_attr": 100,
        "s_reg": 0.1,
        "l1_reg": 1,
        "T": 1,
        "hidden_dim": 64,
        "num_coupling_blocks": 32,
        "num_layers_mlp": 2
    },
    "feat_opt": {
        "lr": 0.001,
        "n_iter": 7000,
        "early_stop": 0
    }
}


/mnt/home/jcervino/Github/CoraCiteseer/PieClam/experiments/../clamiter_directed.py:440:::  
staring fit_feats for 7000 iterations


/mnt/home/jcervino/Github/CoraCiteseer/PieClam/experiments/../trainer_directed.py:444:::  



FINISHED train 
 last accuracies:
test
key='auc': 0.5
val
auc: None




/mnt/home/jcervino/Github/CoraCiteseer/PieClam/experiments/../trainer_directed.py:460:::  

train_model_on_params on bigclam citeseer 
took 60.06252956390381 seconds


/mnt/home/jcervino/Github/CoraCiteseer/PieClam/experiments/optimization_utils_directed.py:663:::  
Repetition no. 0


/mnt/home/jcervino/Github/CoraCiteseer/PieClam/experiments/../trainer_directed.py:158:::  

Using dataset specific configuration and not global 




/mnt/home/jcervino/Github/CoraCiteseer/PieClam/experiments/../trainer_directed.py:337:::  

In function train. 
2025-12-21 08:39:03 starting optimization of bigclam on citeseer (DIRECTED) on device cuda

 configs_dict: 
{
    "clamiter_init": {
        "dim_feat": 200,
        "dim_attr": 100,
        "s_reg": 0.1,
        "l1_reg": 1,
        "T": 1,
        "hidden_dim": 64,
        "num_coupling_blocks": 32,
        "num_layers_mlp": 2
    },
    "feat_opt": {
        "lr": 0.001,
        "n_iter": 7000,
        "early_stop": 0
    }
}


/mnt/home/jcervino/Github/CoraCiteseer/PieClam/experiments/../clamiter_directed.py:440:::  
staring fit_feats for 7000 iterations


/mnt/home/jcervino/Github/CoraCiteseer/PieClam/experiments/../trainer_directed.py:444:::  



FINISHED train 
 last accuracies:
test
key='auc': 0.5
val
auc: None




/mnt/home/jcervino/Github/CoraCiteseer/PieClam/experiments/../trainer_directed.py:460:::  

train_model_on_params on bigclam citeseer 
took 97.7385048866272 seconds


/mnt/home/jcervino/Github/CoraCiteseer/PieClam/experiments/optimization_utils_directed.py:663:::  
Repetition no. 1


/mnt/home/jcervino/Github/CoraCiteseer/PieClam/experiments/../trainer_directed.py:158:::  

Using dataset specific configuration and not global 




/mnt/home/jcervino/Github/CoraCiteseer/PieClam/experiments/../trainer_directed.py:337:::  

In function train. 
2025-12-21 08:40:41 starting optimization of bigclam on citeseer (DIRECTED) on device cuda

 configs_dict: 
{
    "clamiter_init": {
        "dim_feat": 200,
        "dim_attr": 100,
        "s_reg": 0.1,
        "l1_reg": 1,
        "T": 1,
        "hidden_dim": 64,
        "num_coupling_blocks": 32,
        "num_layers_mlp": 2
    },
    "feat_opt": {
        "lr": 0.001,
        "n_iter": 7000,
        "early_stop": 0
    }
}


/mnt/home/jcervino/Github/CoraCiteseer/PieClam/experiments/../clamiter_directed.py:440:::  
staring fit_feats for 7000 iterations


/mnt/home/jcervino/Github/CoraCiteseer/PieClam/experiments/../trainer_directed.py:444:::  



FINISHED train 
 last accuracies:
test
key='auc': 0.5
val
auc: None




/mnt/home/jcervino/Github/CoraCiteseer/PieClam/experiments/../trainer_directed.py:460:::  

train_model_on_params on bigclam citeseer 
took 81.68995904922485 seconds


/mnt/home/jcervino/Github/CoraCiteseer/PieClam/experiments/optimization_utils_directed.py:663:::  
Repetition no. 2


/mnt/home/jcervino/Github/CoraCiteseer/PieClam/experiments/../trainer_directed.py:158:::  

Using dataset specific configuration and not global 




/mnt/home/jcervino/Github/CoraCiteseer/PieClam/experiments/../trainer_directed.py:337:::  

In function train. 
2025-12-21 08:42:03 starting optimization of bigclam on citeseer (DIRECTED) on device cuda

 configs_dict: 
{
    "clamiter_init": {
        "dim_feat": 200,
        "dim_attr": 100,
        "s_reg": 0.1,
        "l1_reg": 1,
        "T": 1,
        "hidden_dim": 64,
        "num_coupling_blocks": 32,
        "num_layers_mlp": 2
    },
    "feat_opt": {
        "lr": 0.001,
        "n_iter": 7000,
        "early_stop": 0
    }
}


/mnt/home/jcervino/Github/CoraCiteseer/PieClam/experiments/../clamiter_directed.py:440:::  
staring fit_feats for 7000 iterations


/mnt/home/jcervino/Github/CoraCiteseer/PieClam/experiments/../trainer_directed.py:444:::  



FINISHED train 
 last accuracies:
test
key='auc': 0.5
val
auc: None




/mnt/home/jcervino/Github/CoraCiteseer/PieClam/experiments/../trainer_directed.py:460:::  

train_model_on_params on bigclam citeseer 
took 85.83405351638794 seconds


/mnt/home/jcervino/Github/CoraCiteseer/PieClam/experiments/optimization_utils_directed.py:663:::  
Repetition no. 0


/mnt/home/jcervino/Github/CoraCiteseer/PieClam/experiments/../trainer_directed.py:158:::  

Using dataset specific configuration and not global 




/mnt/home/jcervino/Github/CoraCiteseer/PieClam/experiments/../trainer_directed.py:337:::  

In function train. 
2025-12-21 08:43:29 starting optimization of bigclam on citeseer (DIRECTED) on device cuda

 configs_dict: 
{
    "clamiter_init": {
        "dim_feat": 48,
        "dim_attr": 100,
        "s_reg": 0.0,
        "l1_reg": 1,
        "T": 1,
        "hidden_dim": 64,
        "num_coupling_blocks": 32,
        "num_layers_mlp": 2
    },
    "feat_opt": {
        "lr": 0.0001,
        "n_iter": 2000,
        "early_stop": 0
    }
}


/mnt/home/jcervino/Github/CoraCiteseer/PieClam/experiments/../clamiter_directed.py:440:::  
staring fit_feats for 2000 iterations


/mnt/home/jcervino/Github/CoraCiteseer/PieClam/experiments/../trainer_directed.py:444:::  



FINISHED train 
 last accuracies:
test
key='auc': 0.5830989606079133
val
auc: None




/mnt/home/jcervino/Github/CoraCiteseer/PieClam/experiments/../trainer_directed.py:460:::  

train_model_on_params on bigclam citeseer 
took 32.21800780296326 seconds


/mnt/home/jcervino/Github/CoraCiteseer/PieClam/experiments/optimization_utils_directed.py:663:::  
Repetition no. 1


/mnt/home/jcervino/Github/CoraCiteseer/PieClam/experiments/../trainer_directed.py:158:::  

Using dataset specific configuration and not global 




/mnt/home/jcervino/Github/CoraCiteseer/PieClam/experiments/../trainer_directed.py:337:::  

In function train. 
2025-12-21 08:44:01 starting optimization of bigclam on citeseer (DIRECTED) on device cuda

 configs_dict: 
{
    "clamiter_init": {
        "dim_feat": 48,
        "dim_attr": 100,
        "s_reg": 0.0,
        "l1_reg": 1,
        "T": 1,
        "hidden_dim": 64,
        "num_coupling_blocks": 32,
        "num_layers_mlp": 2
    },
    "feat_opt": {
        "lr": 0.0001,
        "n_iter": 2000,
        "early_stop": 0
    }
}


/mnt/home/jcervino/Github/CoraCiteseer/PieClam/experiments/../clamiter_directed.py:440:::  
staring fit_feats for 2000 iterations


/mnt/home/jcervino/Github/CoraCiteseer/PieClam/experiments/../trainer_directed.py:444:::  



FINISHED train 
 last accuracies:
test
key='auc': 0.5884950650711853
val
auc: None




/mnt/home/jcervino/Github/CoraCiteseer/PieClam/experiments/../trainer_directed.py:460:::  

train_model_on_params on bigclam citeseer 
took 29.94344425201416 seconds


/mnt/home/jcervino/Github/CoraCiteseer/PieClam/experiments/optimization_utils_directed.py:663:::  
Repetition no. 2


/mnt/home/jcervino/Github/CoraCiteseer/PieClam/experiments/../trainer_directed.py:158:::  

Using dataset specific configuration and not global 




/mnt/home/jcervino/Github/CoraCiteseer/PieClam/experiments/../trainer_directed.py:337:::  

In function train. 
2025-12-21 08:44:32 starting optimization of bigclam on citeseer (DIRECTED) on device cuda

 configs_dict: 
{
    "clamiter_init": {
        "dim_feat": 48,
        "dim_attr": 100,
        "s_reg": 0.0,
        "l1_reg": 1,
        "T": 1,
        "hidden_dim": 64,
        "num_coupling_blocks": 32,
        "num_layers_mlp": 2
    },
    "feat_opt": {
        "lr": 0.0001,
        "n_iter": 2000,
        "early_stop": 0
    }
}


/mnt/home/jcervino/Github/CoraCiteseer/PieClam/experiments/../clamiter_directed.py:440:::  
staring fit_feats for 2000 iterations


/mnt/home/jcervino/Github/CoraCiteseer/PieClam/experiments/../trainer_directed.py:444:::  



FINISHED train 
 last accuracies:
test
key='auc': 0.5864407371822866
val
auc: None




/mnt/home/jcervino/Github/CoraCiteseer/PieClam/experiments/../trainer_directed.py:460:::  

train_model_on_params on bigclam citeseer 
took 34.689332008361816 seconds


/mnt/home/jcervino/Github/CoraCiteseer/PieClam/experiments/optimization_utils_directed.py:663:::  
Repetition no. 0


/mnt/home/jcervino/Github/CoraCiteseer/PieClam/experiments/../trainer_directed.py:158:::  

Using dataset specific configuration and not global 




/mnt/home/jcervino/Github/CoraCiteseer/PieClam/experiments/../trainer_directed.py:337:::  

In function train. 
2025-12-21 08:45:07 starting optimization of bigclam on citeseer (DIRECTED) on device cuda

 configs_dict: 
{
    "clamiter_init": {
        "dim_feat": 48,
        "dim_attr": 100,
        "s_reg": 0.1,
        "l1_reg": 1,
        "T": 1,
        "hidden_dim": 64,
        "num_coupling_blocks": 32,
        "num_layers_mlp": 2
    },
    "feat_opt": {
        "lr": 0.001,
        "n_iter": 2000,
        "early_stop": 0
    }
}


/mnt/home/jcervino/Github/CoraCiteseer/PieClam/experiments/../clamiter_directed.py:440:::  
staring fit_feats for 2000 iterations


/mnt/home/jcervino/Github/CoraCiteseer/PieClam/experiments/../trainer_directed.py:444:::  



FINISHED train 
 last accuracies:
test
key='auc': 0.5
val
auc: None




/mnt/home/jcervino/Github/CoraCiteseer/PieClam/experiments/../trainer_directed.py:460:::  

train_model_on_params on bigclam citeseer 
took 34.875643730163574 seconds


/mnt/home/jcervino/Github/CoraCiteseer/PieClam/experiments/optimization_utils_directed.py:663:::  
Repetition no. 1


/mnt/home/jcervino/Github/CoraCiteseer/PieClam/experiments/../trainer_directed.py:158:::  

Using dataset specific configuration and not global 




/mnt/home/jcervino/Github/CoraCiteseer/PieClam/experiments/../trainer_directed.py:337:::  

In function train. 
2025-12-21 08:45:42 starting optimization of bigclam on citeseer (DIRECTED) on device cuda

 configs_dict: 
{
    "clamiter_init": {
        "dim_feat": 48,
        "dim_attr": 100,
        "s_reg": 0.1,
        "l1_reg": 1,
        "T": 1,
        "hidden_dim": 64,
        "num_coupling_blocks": 32,
        "num_layers_mlp": 2
    },
    "feat_opt": {
        "lr": 0.001,
        "n_iter": 2000,
        "early_stop": 0
    }
}


/mnt/home/jcervino/Github/CoraCiteseer/PieClam/experiments/../clamiter_directed.py:440:::  
staring fit_feats for 2000 iterations


/mnt/home/jcervino/Github/CoraCiteseer/PieClam/experiments/../trainer_directed.py:444:::  



FINISHED train 
 last accuracies:
test
key='auc': 0.5
val
auc: None




/mnt/home/jcervino/Github/CoraCiteseer/PieClam/experiments/../trainer_directed.py:460:::  

train_model_on_params on bigclam citeseer 
took 35.41124963760376 seconds


/mnt/home/jcervino/Github/CoraCiteseer/PieClam/experiments/optimization_utils_directed.py:663:::  
Repetition no. 2


/mnt/home/jcervino/Github/CoraCiteseer/PieClam/experiments/../trainer_directed.py:158:::  

Using dataset specific configuration and not global 




/mnt/home/jcervino/Github/CoraCiteseer/PieClam/experiments/../trainer_directed.py:337:::  

In function train. 
2025-12-21 08:46:18 starting optimization of bigclam on citeseer (DIRECTED) on device cuda

 configs_dict: 
{
    "clamiter_init": {
        "dim_feat": 48,
        "dim_attr": 100,
        "s_reg": 0.1,
        "l1_reg": 1,
        "T": 1,
        "hidden_dim": 64,
        "num_coupling_blocks": 32,
        "num_layers_mlp": 2
    },
    "feat_opt": {
        "lr": 0.001,
        "n_iter": 2000,
        "early_stop": 0
    }
}


/mnt/home/jcervino/Github/CoraCiteseer/PieClam/experiments/../clamiter_directed.py:440:::  
staring fit_feats for 2000 iterations


/mnt/home/jcervino/Github/CoraCiteseer/PieClam/experiments/../trainer_directed.py:444:::  



FINISHED train 
 last accuracies:
test
key='auc': 0.5
val
auc: None




/mnt/home/jcervino/Github/CoraCiteseer/PieClam/experiments/../trainer_directed.py:460:::  

train_model_on_params on bigclam citeseer 
took 35.3322811126709 seconds


/mnt/home/jcervino/Github/CoraCiteseer/PieClam/experiments/optimization_utils_directed.py:663:::  
Repetition no. 0


/mnt/home/jcervino/Github/CoraCiteseer/PieClam/experiments/../trainer_directed.py:158:::  

Using dataset specific configuration and not global 




/mnt/home/jcervino/Github/CoraCiteseer/PieClam/experiments/../trainer_directed.py:337:::  

In function train. 
2025-12-21 08:46:53 starting optimization of bigclam on citeseer (DIRECTED) on device cuda

 configs_dict: 
{
    "clamiter_init": {
        "dim_feat": 100,
        "dim_attr": 100,
        "s_reg": 0.1,
        "l1_reg": 1,
        "T": 1,
        "hidden_dim": 64,
        "num_coupling_blocks": 32,
        "num_layers_mlp": 2
    },
    "feat_opt": {
        "lr": 1e-05,
        "n_iter": 2000,
        "early_stop": 0
    }
}


/mnt/home/jcervino/Github/CoraCiteseer/PieClam/experiments/../clamiter_directed.py:440:::  
staring fit_feats for 2000 iterations


/mnt/home/jcervino/Github/CoraCiteseer/PieClam/experiments/../trainer_directed.py:444:::  



FINISHED train 
 last accuracies:
test
key='auc': 0.6209747576207529
val
auc: None




/mnt/home/jcervino/Github/CoraCiteseer/PieClam/experiments/../trainer_directed.py:460:::  

train_model_on_params on bigclam citeseer 
took 24.661953926086426 seconds


/mnt/home/jcervino/Github/CoraCiteseer/PieClam/experiments/optimization_utils_directed.py:663:::  
Repetition no. 1


/mnt/home/jcervino/Github/CoraCiteseer/PieClam/experiments/../trainer_directed.py:158:::  

Using dataset specific configuration and not global 




/mnt/home/jcervino/Github/CoraCiteseer/PieClam/experiments/../trainer_directed.py:337:::  

In function train. 
2025-12-21 08:47:18 starting optimization of bigclam on citeseer (DIRECTED) on device cuda

 configs_dict: 
{
    "clamiter_init": {
        "dim_feat": 100,
        "dim_attr": 100,
        "s_reg": 0.1,
        "l1_reg": 1,
        "T": 1,
        "hidden_dim": 64,
        "num_coupling_blocks": 32,
        "num_layers_mlp": 2
    },
    "feat_opt": {
        "lr": 1e-05,
        "n_iter": 2000,
        "early_stop": 0
    }
}


/mnt/home/jcervino/Github/CoraCiteseer/PieClam/experiments/../clamiter_directed.py:440:::  
staring fit_feats for 2000 iterations


/mnt/home/jcervino/Github/CoraCiteseer/PieClam/experiments/../trainer_directed.py:444:::  



FINISHED train 
 last accuracies:
test
key='auc': 0.6097580574722684
val
auc: None




/mnt/home/jcervino/Github/CoraCiteseer/PieClam/experiments/../trainer_directed.py:460:::  

train_model_on_params on bigclam citeseer 
took 35.54863095283508 seconds


/mnt/home/jcervino/Github/CoraCiteseer/PieClam/experiments/optimization_utils_directed.py:663:::  
Repetition no. 2


/mnt/home/jcervino/Github/CoraCiteseer/PieClam/experiments/../trainer_directed.py:158:::  

Using dataset specific configuration and not global 




/mnt/home/jcervino/Github/CoraCiteseer/PieClam/experiments/../trainer_directed.py:337:::  

In function train. 
2025-12-21 08:47:54 starting optimization of bigclam on citeseer (DIRECTED) on device cuda

 configs_dict: 
{
    "clamiter_init": {
        "dim_feat": 100,
        "dim_attr": 100,
        "s_reg": 0.1,
        "l1_reg": 1,
        "T": 1,
        "hidden_dim": 64,
        "num_coupling_blocks": 32,
        "num_layers_mlp": 2
    },
    "feat_opt": {
        "lr": 1e-05,
        "n_iter": 2000,
        "early_stop": 0
    }
}


/mnt/home/jcervino/Github/CoraCiteseer/PieClam/experiments/../clamiter_directed.py:440:::  
staring fit_feats for 2000 iterations


/mnt/home/jcervino/Github/CoraCiteseer/PieClam/experiments/../trainer_directed.py:444:::  



FINISHED train 
 last accuracies:
test
key='auc': 0.6226395318368417
val
auc: None




/mnt/home/jcervino/Github/CoraCiteseer/PieClam/experiments/../trainer_directed.py:460:::  

train_model_on_params on bigclam citeseer 
took 35.433598279953 seconds


/mnt/home/jcervino/Github/CoraCiteseer/PieClam/experiments/optimization_utils_directed.py:663:::  
Repetition no. 0


/mnt/home/jcervino/Github/CoraCiteseer/PieClam/experiments/../trainer_directed.py:158:::  

Using dataset specific configuration and not global 




/mnt/home/jcervino/Github/CoraCiteseer/PieClam/experiments/../trainer_directed.py:337:::  

In function train. 
2025-12-21 08:48:30 starting optimization of bigclam on citeseer (DIRECTED) on device cuda

 configs_dict: 
{
    "clamiter_init": {
        "dim_feat": 48,
        "dim_attr": 100,
        "s_reg": 0.0,
        "l1_reg": 1,
        "T": 1,
        "hidden_dim": 64,
        "num_coupling_blocks": 32,
        "num_layers_mlp": 2
    },
    "feat_opt": {
        "lr": 0.0001,
        "n_iter": 5000,
        "early_stop": 0
    }
}


/mnt/home/jcervino/Github/CoraCiteseer/PieClam/experiments/../clamiter_directed.py:440:::  
staring fit_feats for 5000 iterations


/mnt/home/jcervino/Github/CoraCiteseer/PieClam/experiments/../trainer_directed.py:444:::  



FINISHED train 
 last accuracies:
test
key='auc': 0.5909634029172852
val
auc: None




/mnt/home/jcervino/Github/CoraCiteseer/PieClam/experiments/../trainer_directed.py:460:::  

train_model_on_params on bigclam citeseer 
took 87.93898415565491 seconds


/mnt/home/jcervino/Github/CoraCiteseer/PieClam/experiments/optimization_utils_directed.py:663:::  
Repetition no. 1


/mnt/home/jcervino/Github/CoraCiteseer/PieClam/experiments/../trainer_directed.py:158:::  

Using dataset specific configuration and not global 




/mnt/home/jcervino/Github/CoraCiteseer/PieClam/experiments/../trainer_directed.py:337:::  

In function train. 
2025-12-21 08:49:58 starting optimization of bigclam on citeseer (DIRECTED) on device cuda

 configs_dict: 
{
    "clamiter_init": {
        "dim_feat": 48,
        "dim_attr": 100,
        "s_reg": 0.0,
        "l1_reg": 1,
        "T": 1,
        "hidden_dim": 64,
        "num_coupling_blocks": 32,
        "num_layers_mlp": 2
    },
    "feat_opt": {
        "lr": 0.0001,
        "n_iter": 5000,
        "early_stop": 0
    }
}


/mnt/home/jcervino/Github/CoraCiteseer/PieClam/experiments/../clamiter_directed.py:440:::  
staring fit_feats for 5000 iterations


/mnt/home/jcervino/Github/CoraCiteseer/PieClam/experiments/../trainer_directed.py:444:::  



FINISHED train 
 last accuracies:
test
key='auc': 0.5891641191370425
val
auc: None




/mnt/home/jcervino/Github/CoraCiteseer/PieClam/experiments/../trainer_directed.py:460:::  

train_model_on_params on bigclam citeseer 
took 87.31684708595276 seconds


/mnt/home/jcervino/Github/CoraCiteseer/PieClam/experiments/optimization_utils_directed.py:663:::  
Repetition no. 2


/mnt/home/jcervino/Github/CoraCiteseer/PieClam/experiments/../trainer_directed.py:158:::  

Using dataset specific configuration and not global 




/mnt/home/jcervino/Github/CoraCiteseer/PieClam/experiments/../trainer_directed.py:337:::  

In function train. 
2025-12-21 08:51:26 starting optimization of bigclam on citeseer (DIRECTED) on device cuda

 configs_dict: 
{
    "clamiter_init": {
        "dim_feat": 48,
        "dim_attr": 100,
        "s_reg": 0.0,
        "l1_reg": 1,
        "T": 1,
        "hidden_dim": 64,
        "num_coupling_blocks": 32,
        "num_layers_mlp": 2
    },
    "feat_opt": {
        "lr": 0.0001,
        "n_iter": 5000,
        "early_stop": 0
    }
}


/mnt/home/jcervino/Github/CoraCiteseer/PieClam/experiments/../clamiter_directed.py:440:::  
staring fit_feats for 5000 iterations


/mnt/home/jcervino/Github/CoraCiteseer/PieClam/experiments/../trainer_directed.py:444:::  



FINISHED train 
 last accuracies:
test
key='auc': 0.5952030745043236
val
auc: None




/mnt/home/jcervino/Github/CoraCiteseer/PieClam/experiments/../trainer_directed.py:460:::  

train_model_on_params on bigclam citeseer 
took 87.86860394477844 seconds


/mnt/home/jcervino/Github/CoraCiteseer/PieClam/experiments/optimization_utils_directed.py:663:::  
Repetition no. 0


/mnt/home/jcervino/Github/CoraCiteseer/PieClam/experiments/../trainer_directed.py:158:::  

Using dataset specific configuration and not global 




/mnt/home/jcervino/Github/CoraCiteseer/PieClam/experiments/../trainer_directed.py:337:::  

In function train. 
2025-12-21 08:52:54 starting optimization of bigclam on citeseer (DIRECTED) on device cuda

 configs_dict: 
{
    "clamiter_init": {
        "dim_feat": 48,
        "dim_attr": 100,
        "s_reg": 0.1,
        "l1_reg": 1,
        "T": 1,
        "hidden_dim": 64,
        "num_coupling_blocks": 32,
        "num_layers_mlp": 2
    },
    "feat_opt": {
        "lr": 1e-05,
        "n_iter": 7000,
        "early_stop": 0
    }
}


/mnt/home/jcervino/Github/CoraCiteseer/PieClam/experiments/../clamiter_directed.py:440:::  
staring fit_feats for 7000 iterations


/mnt/home/jcervino/Github/CoraCiteseer/PieClam/experiments/../trainer_directed.py:444:::  



FINISHED train 
 last accuracies:
test
key='auc': 0.5999301249017381
val
auc: None




/mnt/home/jcervino/Github/CoraCiteseer/PieClam/experiments/../trainer_directed.py:460:::  

train_model_on_params on bigclam citeseer 
took 78.87336039543152 seconds


/mnt/home/jcervino/Github/CoraCiteseer/PieClam/experiments/optimization_utils_directed.py:663:::  
Repetition no. 1


/mnt/home/jcervino/Github/CoraCiteseer/PieClam/experiments/../trainer_directed.py:158:::  

Using dataset specific configuration and not global 




/mnt/home/jcervino/Github/CoraCiteseer/PieClam/experiments/../trainer_directed.py:337:::  

In function train. 
2025-12-21 08:54:13 starting optimization of bigclam on citeseer (DIRECTED) on device cuda

 configs_dict: 
{
    "clamiter_init": {
        "dim_feat": 48,
        "dim_attr": 100,
        "s_reg": 0.1,
        "l1_reg": 1,
        "T": 1,
        "hidden_dim": 64,
        "num_coupling_blocks": 32,
        "num_layers_mlp": 2
    },
    "feat_opt": {
        "lr": 1e-05,
        "n_iter": 7000,
        "early_stop": 0
    }
}


/mnt/home/jcervino/Github/CoraCiteseer/PieClam/experiments/../clamiter_directed.py:440:::  
staring fit_feats for 7000 iterations


/mnt/home/jcervino/Github/CoraCiteseer/PieClam/experiments/../trainer_directed.py:444:::  



FINISHED train 
 last accuracies:
test
key='auc': 0.5960415756834657
val
auc: None




/mnt/home/jcervino/Github/CoraCiteseer/PieClam/experiments/../trainer_directed.py:460:::  

train_model_on_params on bigclam citeseer 
took 99.06401777267456 seconds


/mnt/home/jcervino/Github/CoraCiteseer/PieClam/experiments/optimization_utils_directed.py:663:::  
Repetition no. 2


/mnt/home/jcervino/Github/CoraCiteseer/PieClam/experiments/../trainer_directed.py:158:::  

Using dataset specific configuration and not global 




/mnt/home/jcervino/Github/CoraCiteseer/PieClam/experiments/../trainer_directed.py:337:::  

In function train. 
2025-12-21 08:55:53 starting optimization of bigclam on citeseer (DIRECTED) on device cuda

 configs_dict: 
{
    "clamiter_init": {
        "dim_feat": 48,
        "dim_attr": 100,
        "s_reg": 0.1,
        "l1_reg": 1,
        "T": 1,
        "hidden_dim": 64,
        "num_coupling_blocks": 32,
        "num_layers_mlp": 2
    },
    "feat_opt": {
        "lr": 1e-05,
        "n_iter": 7000,
        "early_stop": 0
    }
}


/mnt/home/jcervino/Github/CoraCiteseer/PieClam/experiments/../clamiter_directed.py:440:::  
staring fit_feats for 7000 iterations


/mnt/home/jcervino/Github/CoraCiteseer/PieClam/experiments/../trainer_directed.py:444:::  



FINISHED train 
 last accuracies:
test
key='auc': 0.5884007336885317
val
auc: None




/mnt/home/jcervino/Github/CoraCiteseer/PieClam/experiments/../trainer_directed.py:460:::  

train_model_on_params on bigclam citeseer 
took 67.0574221611023 seconds


/mnt/home/jcervino/Github/CoraCiteseer/PieClam/experiments/optimization_utils_directed.py:663:::  
Repetition no. 0


/mnt/home/jcervino/Github/CoraCiteseer/PieClam/experiments/../trainer_directed.py:158:::  

Using dataset specific configuration and not global 




/mnt/home/jcervino/Github/CoraCiteseer/PieClam/experiments/../trainer_directed.py:337:::  

In function train. 
2025-12-21 08:57:00 starting optimization of bigclam on citeseer (DIRECTED) on device cuda

 configs_dict: 
{
    "clamiter_init": {
        "dim_feat": 100,
        "dim_attr": 100,
        "s_reg": 0.1,
        "l1_reg": 1,
        "T": 1,
        "hidden_dim": 64,
        "num_coupling_blocks": 32,
        "num_layers_mlp": 2
    },
    "feat_opt": {
        "lr": 1e-05,
        "n_iter": 7000,
        "early_stop": 0
    }
}


/mnt/home/jcervino/Github/CoraCiteseer/PieClam/experiments/../clamiter_directed.py:440:::  
staring fit_feats for 7000 iterations


/mnt/home/jcervino/Github/CoraCiteseer/PieClam/experiments/../trainer_directed.py:444:::  



FINISHED train 
 last accuracies:
test
key='auc': 0.6090523189798236
val
auc: None




/mnt/home/jcervino/Github/CoraCiteseer/PieClam/experiments/../trainer_directed.py:460:::  

train_model_on_params on bigclam citeseer 
took 80.01394319534302 seconds


/mnt/home/jcervino/Github/CoraCiteseer/PieClam/experiments/optimization_utils_directed.py:663:::  
Repetition no. 1


/mnt/home/jcervino/Github/CoraCiteseer/PieClam/experiments/../trainer_directed.py:158:::  

Using dataset specific configuration and not global 




/mnt/home/jcervino/Github/CoraCiteseer/PieClam/experiments/../trainer_directed.py:337:::  

In function train. 
2025-12-21 08:58:20 starting optimization of bigclam on citeseer (DIRECTED) on device cuda

 configs_dict: 
{
    "clamiter_init": {
        "dim_feat": 100,
        "dim_attr": 100,
        "s_reg": 0.1,
        "l1_reg": 1,
        "T": 1,
        "hidden_dim": 64,
        "num_coupling_blocks": 32,
        "num_layers_mlp": 2
    },
    "feat_opt": {
        "lr": 1e-05,
        "n_iter": 7000,
        "early_stop": 0
    }
}


/mnt/home/jcervino/Github/CoraCiteseer/PieClam/experiments/../clamiter_directed.py:440:::  
staring fit_feats for 7000 iterations


/mnt/home/jcervino/Github/CoraCiteseer/PieClam/experiments/../trainer_directed.py:444:::  



FINISHED train 
 last accuracies:
test
key='auc': 0.5997239933618657
val
auc: None




/mnt/home/jcervino/Github/CoraCiteseer/PieClam/experiments/../trainer_directed.py:460:::  

train_model_on_params on bigclam citeseer 
took 59.814454555511475 seconds


/mnt/home/jcervino/Github/CoraCiteseer/PieClam/experiments/optimization_utils_directed.py:663:::  
Repetition no. 2


/mnt/home/jcervino/Github/CoraCiteseer/PieClam/experiments/../trainer_directed.py:158:::  

Using dataset specific configuration and not global 




/mnt/home/jcervino/Github/CoraCiteseer/PieClam/experiments/../trainer_directed.py:337:::  

In function train. 
2025-12-21 08:59:20 starting optimization of bigclam on citeseer (DIRECTED) on device cuda

 configs_dict: 
{
    "clamiter_init": {
        "dim_feat": 100,
        "dim_attr": 100,
        "s_reg": 0.1,
        "l1_reg": 1,
        "T": 1,
        "hidden_dim": 64,
        "num_coupling_blocks": 32,
        "num_layers_mlp": 2
    },
    "feat_opt": {
        "lr": 1e-05,
        "n_iter": 7000,
        "early_stop": 0
    }
}


/mnt/home/jcervino/Github/CoraCiteseer/PieClam/experiments/../clamiter_directed.py:440:::  
staring fit_feats for 7000 iterations


/mnt/home/jcervino/Github/CoraCiteseer/PieClam/experiments/../trainer_directed.py:444:::  



FINISHED train 
 last accuracies:
test
key='auc': 0.6013800331906718
val
auc: None




/mnt/home/jcervino/Github/CoraCiteseer/PieClam/experiments/../trainer_directed.py:460:::  

train_model_on_params on bigclam citeseer 
took 121.08192372322083 seconds


/mnt/home/jcervino/Github/CoraCiteseer/PieClam/experiments/optimization_utils_directed.py:663:::  
Repetition no. 0


/mnt/home/jcervino/Github/CoraCiteseer/PieClam/experiments/../trainer_directed.py:158:::  

Using dataset specific configuration and not global 




/mnt/home/jcervino/Github/CoraCiteseer/PieClam/experiments/../trainer_directed.py:337:::  

In function train. 
2025-12-21 09:01:22 starting optimization of bigclam on citeseer (DIRECTED) on device cuda

 configs_dict: 
{
    "clamiter_init": {
        "dim_feat": 48,
        "dim_attr": 100,
        "s_reg": 0.0,
        "l1_reg": 1,
        "T": 1,
        "hidden_dim": 64,
        "num_coupling_blocks": 32,
        "num_layers_mlp": 2
    },
    "feat_opt": {
        "lr": 0.001,
        "n_iter": 7000,
        "early_stop": 0
    }
}


/mnt/home/jcervino/Github/CoraCiteseer/PieClam/experiments/../clamiter_directed.py:440:::  
staring fit_feats for 7000 iterations


/mnt/home/jcervino/Github/CoraCiteseer/PieClam/experiments/../trainer_directed.py:444:::  



FINISHED train 
 last accuracies:
test
key='auc': 0.5
val
auc: None




/mnt/home/jcervino/Github/CoraCiteseer/PieClam/experiments/../trainer_directed.py:460:::  

train_model_on_params on bigclam citeseer 
took 122.73521971702576 seconds


/mnt/home/jcervino/Github/CoraCiteseer/PieClam/experiments/optimization_utils_directed.py:663:::  
Repetition no. 1


/mnt/home/jcervino/Github/CoraCiteseer/PieClam/experiments/../trainer_directed.py:158:::  

Using dataset specific configuration and not global 




/mnt/home/jcervino/Github/CoraCiteseer/PieClam/experiments/../trainer_directed.py:337:::  

In function train. 
2025-12-21 09:03:25 starting optimization of bigclam on citeseer (DIRECTED) on device cuda

 configs_dict: 
{
    "clamiter_init": {
        "dim_feat": 48,
        "dim_attr": 100,
        "s_reg": 0.0,
        "l1_reg": 1,
        "T": 1,
        "hidden_dim": 64,
        "num_coupling_blocks": 32,
        "num_layers_mlp": 2
    },
    "feat_opt": {
        "lr": 0.001,
        "n_iter": 7000,
        "early_stop": 0
    }
}


/mnt/home/jcervino/Github/CoraCiteseer/PieClam/experiments/../clamiter_directed.py:440:::  
staring fit_feats for 7000 iterations


/mnt/home/jcervino/Github/CoraCiteseer/PieClam/experiments/../trainer_directed.py:444:::  



FINISHED train 
 last accuracies:
test
key='auc': 0.5
val
auc: None




/mnt/home/jcervino/Github/CoraCiteseer/PieClam/experiments/../trainer_directed.py:460:::  

train_model_on_params on bigclam citeseer 
took 121.03154468536377 seconds


/mnt/home/jcervino/Github/CoraCiteseer/PieClam/experiments/optimization_utils_directed.py:663:::  
Repetition no. 2


/mnt/home/jcervino/Github/CoraCiteseer/PieClam/experiments/../trainer_directed.py:158:::  

Using dataset specific configuration and not global 




/mnt/home/jcervino/Github/CoraCiteseer/PieClam/experiments/../trainer_directed.py:337:::  

In function train. 
2025-12-21 09:05:26 starting optimization of bigclam on citeseer (DIRECTED) on device cuda

 configs_dict: 
{
    "clamiter_init": {
        "dim_feat": 48,
        "dim_attr": 100,
        "s_reg": 0.0,
        "l1_reg": 1,
        "T": 1,
        "hidden_dim": 64,
        "num_coupling_blocks": 32,
        "num_layers_mlp": 2
    },
    "feat_opt": {
        "lr": 0.001,
        "n_iter": 7000,
        "early_stop": 0
    }
}


/mnt/home/jcervino/Github/CoraCiteseer/PieClam/experiments/../clamiter_directed.py:440:::  
staring fit_feats for 7000 iterations


/mnt/home/jcervino/Github/CoraCiteseer/PieClam/experiments/../trainer_directed.py:444:::  



FINISHED train 
 last accuracies:
test
key='auc': 0.5
val
auc: None




/mnt/home/jcervino/Github/CoraCiteseer/PieClam/experiments/../trainer_directed.py:460:::  

train_model_on_params on bigclam citeseer 
took 123.10300254821777 seconds


/mnt/home/jcervino/Github/CoraCiteseer/PieClam/experiments/optimization_utils_directed.py:663:::  
Repetition no. 0


/mnt/home/jcervino/Github/CoraCiteseer/PieClam/experiments/../trainer_directed.py:158:::  

Using dataset specific configuration and not global 




/mnt/home/jcervino/Github/CoraCiteseer/PieClam/experiments/../trainer_directed.py:337:::  

In function train. 
2025-12-21 09:07:30 starting optimization of bigclam on citeseer (DIRECTED) on device cuda

 configs_dict: 
{
    "clamiter_init": {
        "dim_feat": 48,
        "dim_attr": 100,
        "s_reg": 0.0,
        "l1_reg": 1,
        "T": 1,
        "hidden_dim": 64,
        "num_coupling_blocks": 32,
        "num_layers_mlp": 2
    },
    "feat_opt": {
        "lr": 0.0001,
        "n_iter": 7000,
        "early_stop": 0
    }
}


/mnt/home/jcervino/Github/CoraCiteseer/PieClam/experiments/../clamiter_directed.py:440:::  
staring fit_feats for 7000 iterations


/mnt/home/jcervino/Github/CoraCiteseer/PieClam/experiments/../trainer_directed.py:444:::  



FINISHED train 
 last accuracies:
test
key='auc': 0.5787964014324395
val
auc: None




/mnt/home/jcervino/Github/CoraCiteseer/PieClam/experiments/../trainer_directed.py:460:::  

train_model_on_params on bigclam citeseer 
took 94.80277824401855 seconds


/mnt/home/jcervino/Github/CoraCiteseer/PieClam/experiments/optimization_utils_directed.py:663:::  
Repetition no. 1


/mnt/home/jcervino/Github/CoraCiteseer/PieClam/experiments/../trainer_directed.py:158:::  

Using dataset specific configuration and not global 




/mnt/home/jcervino/Github/CoraCiteseer/PieClam/experiments/../trainer_directed.py:337:::  

In function train. 
2025-12-21 09:09:05 starting optimization of bigclam on citeseer (DIRECTED) on device cuda

 configs_dict: 
{
    "clamiter_init": {
        "dim_feat": 48,
        "dim_attr": 100,
        "s_reg": 0.0,
        "l1_reg": 1,
        "T": 1,
        "hidden_dim": 64,
        "num_coupling_blocks": 32,
        "num_layers_mlp": 2
    },
    "feat_opt": {
        "lr": 0.0001,
        "n_iter": 7000,
        "early_stop": 0
    }
}


/mnt/home/jcervino/Github/CoraCiteseer/PieClam/experiments/../clamiter_directed.py:440:::  
staring fit_feats for 7000 iterations


/mnt/home/jcervino/Github/CoraCiteseer/PieClam/experiments/../trainer_directed.py:444:::  



FINISHED train 
 last accuracies:
test
key='auc': 0.5772486680059393
val
auc: None




/mnt/home/jcervino/Github/CoraCiteseer/PieClam/experiments/../trainer_directed.py:460:::  

train_model_on_params on bigclam citeseer 
took 67.69545793533325 seconds


/mnt/home/jcervino/Github/CoraCiteseer/PieClam/experiments/optimization_utils_directed.py:663:::  
Repetition no. 2


/mnt/home/jcervino/Github/CoraCiteseer/PieClam/experiments/../trainer_directed.py:158:::  

Using dataset specific configuration and not global 




/mnt/home/jcervino/Github/CoraCiteseer/PieClam/experiments/../trainer_directed.py:337:::  

In function train. 
2025-12-21 09:10:13 starting optimization of bigclam on citeseer (DIRECTED) on device cuda

 configs_dict: 
{
    "clamiter_init": {
        "dim_feat": 48,
        "dim_attr": 100,
        "s_reg": 0.0,
        "l1_reg": 1,
        "T": 1,
        "hidden_dim": 64,
        "num_coupling_blocks": 32,
        "num_layers_mlp": 2
    },
    "feat_opt": {
        "lr": 0.0001,
        "n_iter": 7000,
        "early_stop": 0
    }
}


/mnt/home/jcervino/Github/CoraCiteseer/PieClam/experiments/../clamiter_directed.py:440:::  
staring fit_feats for 7000 iterations


/mnt/home/jcervino/Github/CoraCiteseer/PieClam/experiments/../trainer_directed.py:444:::  



FINISHED train 
 last accuracies:
test
key='auc': 0.5900602672722508
val
auc: None




/mnt/home/jcervino/Github/CoraCiteseer/PieClam/experiments/../trainer_directed.py:460:::  

train_model_on_params on bigclam citeseer 
took 81.62174773216248 seconds


/mnt/home/jcervino/Github/CoraCiteseer/PieClam/experiments/optimization_utils_directed.py:663:::  
Repetition no. 0


/mnt/home/jcervino/Github/CoraCiteseer/PieClam/experiments/../trainer_directed.py:158:::  

Using dataset specific configuration and not global 




/mnt/home/jcervino/Github/CoraCiteseer/PieClam/experiments/../trainer_directed.py:337:::  

In function train. 
2025-12-21 09:11:34 starting optimization of bigclam on citeseer (DIRECTED) on device cuda

 configs_dict: 
{
    "clamiter_init": {
        "dim_feat": 100,
        "dim_attr": 100,
        "s_reg": 0.0,
        "l1_reg": 1,
        "T": 1,
        "hidden_dim": 64,
        "num_coupling_blocks": 32,
        "num_layers_mlp": 2
    },
    "feat_opt": {
        "lr": 0.0001,
        "n_iter": 5000,
        "early_stop": 0
    }
}


/mnt/home/jcervino/Github/CoraCiteseer/PieClam/experiments/../clamiter_directed.py:440:::  
staring fit_feats for 5000 iterations


/mnt/home/jcervino/Github/CoraCiteseer/PieClam/experiments/../trainer_directed.py:444:::  



FINISHED train 
 last accuracies:
test
key='auc': 0.5862153899903921
val
auc: None




/mnt/home/jcervino/Github/CoraCiteseer/PieClam/experiments/../trainer_directed.py:460:::  

train_model_on_params on bigclam citeseer 
took 37.99530005455017 seconds


/mnt/home/jcervino/Github/CoraCiteseer/PieClam/experiments/optimization_utils_directed.py:663:::  
Repetition no. 1


/mnt/home/jcervino/Github/CoraCiteseer/PieClam/experiments/../trainer_directed.py:158:::  

Using dataset specific configuration and not global 




/mnt/home/jcervino/Github/CoraCiteseer/PieClam/experiments/../trainer_directed.py:337:::  

In function train. 
2025-12-21 09:12:13 starting optimization of bigclam on citeseer (DIRECTED) on device cuda

 configs_dict: 
{
    "clamiter_init": {
        "dim_feat": 100,
        "dim_attr": 100,
        "s_reg": 0.0,
        "l1_reg": 1,
        "T": 1,
        "hidden_dim": 64,
        "num_coupling_blocks": 32,
        "num_layers_mlp": 2
    },
    "feat_opt": {
        "lr": 0.0001,
        "n_iter": 5000,
        "early_stop": 0
    }
}


/mnt/home/jcervino/Github/CoraCiteseer/PieClam/experiments/../clamiter_directed.py:440:::  
staring fit_feats for 5000 iterations


/mnt/home/jcervino/Github/CoraCiteseer/PieClam/experiments/../trainer_directed.py:444:::  



FINISHED train 
 last accuracies:
test
key='auc': 0.5684024805659882
val
auc: None




/mnt/home/jcervino/Github/CoraCiteseer/PieClam/experiments/../trainer_directed.py:460:::  

train_model_on_params on bigclam citeseer 
took 45.385465145111084 seconds


/mnt/home/jcervino/Github/CoraCiteseer/PieClam/experiments/optimization_utils_directed.py:663:::  
Repetition no. 2


/mnt/home/jcervino/Github/CoraCiteseer/PieClam/experiments/../trainer_directed.py:158:::  

Using dataset specific configuration and not global 




/mnt/home/jcervino/Github/CoraCiteseer/PieClam/experiments/../trainer_directed.py:337:::  

In function train. 
2025-12-21 09:12:58 starting optimization of bigclam on citeseer (DIRECTED) on device cuda

 configs_dict: 
{
    "clamiter_init": {
        "dim_feat": 100,
        "dim_attr": 100,
        "s_reg": 0.0,
        "l1_reg": 1,
        "T": 1,
        "hidden_dim": 64,
        "num_coupling_blocks": 32,
        "num_layers_mlp": 2
    },
    "feat_opt": {
        "lr": 0.0001,
        "n_iter": 5000,
        "early_stop": 0
    }
}


/mnt/home/jcervino/Github/CoraCiteseer/PieClam/experiments/../clamiter_directed.py:440:::  
staring fit_feats for 5000 iterations


/mnt/home/jcervino/Github/CoraCiteseer/PieClam/experiments/../trainer_directed.py:444:::  



FINISHED train 
 last accuracies:
test
key='auc': 0.582580138003319
val
auc: None




/mnt/home/jcervino/Github/CoraCiteseer/PieClam/experiments/../trainer_directed.py:460:::  

train_model_on_params on bigclam citeseer 
took 88.83165144920349 seconds


/mnt/home/jcervino/Github/CoraCiteseer/PieClam/experiments/optimization_utils_directed.py:663:::  
Repetition no. 0


/mnt/home/jcervino/Github/CoraCiteseer/PieClam/experiments/../trainer_directed.py:158:::  

Using dataset specific configuration and not global 




/mnt/home/jcervino/Github/CoraCiteseer/PieClam/experiments/../trainer_directed.py:337:::  

In function train. 
2025-12-21 09:14:28 starting optimization of bigclam on citeseer (DIRECTED) on device cuda

 configs_dict: 
{
    "clamiter_init": {
        "dim_feat": 100,
        "dim_attr": 100,
        "s_reg": 0.0,
        "l1_reg": 1,
        "T": 1,
        "hidden_dim": 64,
        "num_coupling_blocks": 32,
        "num_layers_mlp": 2
    },
    "feat_opt": {
        "lr": 0.001,
        "n_iter": 7000,
        "early_stop": 0
    }
}


/mnt/home/jcervino/Github/CoraCiteseer/PieClam/experiments/../clamiter_directed.py:440:::  
staring fit_feats for 7000 iterations


/mnt/home/jcervino/Github/CoraCiteseer/PieClam/experiments/../trainer_directed.py:444:::  



FINISHED train 
 last accuracies:
test
key='auc': 0.5
val
auc: None




/mnt/home/jcervino/Github/CoraCiteseer/PieClam/experiments/../trainer_directed.py:460:::  

train_model_on_params on bigclam citeseer 
took 123.33103513717651 seconds


/mnt/home/jcervino/Github/CoraCiteseer/PieClam/experiments/optimization_utils_directed.py:663:::  
Repetition no. 1


/mnt/home/jcervino/Github/CoraCiteseer/PieClam/experiments/../trainer_directed.py:158:::  

Using dataset specific configuration and not global 




/mnt/home/jcervino/Github/CoraCiteseer/PieClam/experiments/../trainer_directed.py:337:::  

In function train. 
2025-12-21 09:16:31 starting optimization of bigclam on citeseer (DIRECTED) on device cuda

 configs_dict: 
{
    "clamiter_init": {
        "dim_feat": 100,
        "dim_attr": 100,
        "s_reg": 0.0,
        "l1_reg": 1,
        "T": 1,
        "hidden_dim": 64,
        "num_coupling_blocks": 32,
        "num_layers_mlp": 2
    },
    "feat_opt": {
        "lr": 0.001,
        "n_iter": 7000,
        "early_stop": 0
    }
}


/mnt/home/jcervino/Github/CoraCiteseer/PieClam/experiments/../clamiter_directed.py:440:::  
staring fit_feats for 7000 iterations


/mnt/home/jcervino/Github/CoraCiteseer/PieClam/experiments/../trainer_directed.py:444:::  



FINISHED train 
 last accuracies:
test
key='auc': 0.5
val
auc: None




/mnt/home/jcervino/Github/CoraCiteseer/PieClam/experiments/../trainer_directed.py:460:::  

train_model_on_params on bigclam citeseer 
took 123.6206681728363 seconds


/mnt/home/jcervino/Github/CoraCiteseer/PieClam/experiments/optimization_utils_directed.py:663:::  
Repetition no. 2


/mnt/home/jcervino/Github/CoraCiteseer/PieClam/experiments/../trainer_directed.py:158:::  

Using dataset specific configuration and not global 




/mnt/home/jcervino/Github/CoraCiteseer/PieClam/experiments/../trainer_directed.py:337:::  

In function train. 
2025-12-21 09:18:35 starting optimization of bigclam on citeseer (DIRECTED) on device cuda

 configs_dict: 
{
    "clamiter_init": {
        "dim_feat": 100,
        "dim_attr": 100,
        "s_reg": 0.0,
        "l1_reg": 1,
        "T": 1,
        "hidden_dim": 64,
        "num_coupling_blocks": 32,
        "num_layers_mlp": 2
    },
    "feat_opt": {
        "lr": 0.001,
        "n_iter": 7000,
        "early_stop": 0
    }
}


/mnt/home/jcervino/Github/CoraCiteseer/PieClam/experiments/../clamiter_directed.py:440:::  
staring fit_feats for 7000 iterations


/mnt/home/jcervino/Github/CoraCiteseer/PieClam/experiments/../trainer_directed.py:444:::  



FINISHED train 
 last accuracies:
test
key='auc': 0.5
val
auc: None




/mnt/home/jcervino/Github/CoraCiteseer/PieClam/experiments/../trainer_directed.py:460:::  

train_model_on_params on bigclam citeseer 
took 51.478092432022095 seconds


/mnt/home/jcervino/Github/CoraCiteseer/PieClam/experiments/optimization_utils_directed.py:663:::  
Repetition no. 0


/mnt/home/jcervino/Github/CoraCiteseer/PieClam/experiments/../trainer_directed.py:158:::  

Using dataset specific configuration and not global 




/mnt/home/jcervino/Github/CoraCiteseer/PieClam/experiments/../trainer_directed.py:337:::  

In function train. 
2025-12-21 09:19:27 starting optimization of bigclam on citeseer (DIRECTED) on device cuda

 configs_dict: 
{
    "clamiter_init": {
        "dim_feat": 100,
        "dim_attr": 100,
        "s_reg": 0.0,
        "l1_reg": 1,
        "T": 1,
        "hidden_dim": 64,
        "num_coupling_blocks": 32,
        "num_layers_mlp": 2
    },
    "feat_opt": {
        "lr": 0.0001,
        "n_iter": 7000,
        "early_stop": 0
    }
}


/mnt/home/jcervino/Github/CoraCiteseer/PieClam/experiments/../clamiter_directed.py:440:::  
staring fit_feats for 7000 iterations


/mnt/home/jcervino/Github/CoraCiteseer/PieClam/experiments/../trainer_directed.py:444:::  



FINISHED train 
 last accuracies:
test
key='auc': 0.5992593239584243
val
auc: None




/mnt/home/jcervino/Github/CoraCiteseer/PieClam/experiments/../trainer_directed.py:460:::  

train_model_on_params on bigclam citeseer 
took 117.14522814750671 seconds


/mnt/home/jcervino/Github/CoraCiteseer/PieClam/experiments/optimization_utils_directed.py:663:::  
Repetition no. 1


/mnt/home/jcervino/Github/CoraCiteseer/PieClam/experiments/../trainer_directed.py:158:::  

Using dataset specific configuration and not global 




/mnt/home/jcervino/Github/CoraCiteseer/PieClam/experiments/../trainer_directed.py:337:::  

In function train. 
2025-12-21 09:21:25 starting optimization of bigclam on citeseer (DIRECTED) on device cuda

 configs_dict: 
{
    "clamiter_init": {
        "dim_feat": 100,
        "dim_attr": 100,
        "s_reg": 0.0,
        "l1_reg": 1,
        "T": 1,
        "hidden_dim": 64,
        "num_coupling_blocks": 32,
        "num_layers_mlp": 2
    },
    "feat_opt": {
        "lr": 0.0001,
        "n_iter": 7000,
        "early_stop": 0
    }
}


/mnt/home/jcervino/Github/CoraCiteseer/PieClam/experiments/../clamiter_directed.py:440:::  
staring fit_feats for 7000 iterations


/mnt/home/jcervino/Github/CoraCiteseer/PieClam/experiments/../trainer_directed.py:444:::  



FINISHED train 
 last accuracies:
test
key='auc': 0.6003109441872653
val
auc: None




/mnt/home/jcervino/Github/CoraCiteseer/PieClam/experiments/../trainer_directed.py:460:::  

train_model_on_params on bigclam citeseer 
took 123.416179895401 seconds


/mnt/home/jcervino/Github/CoraCiteseer/PieClam/experiments/optimization_utils_directed.py:663:::  
Repetition no. 2


/mnt/home/jcervino/Github/CoraCiteseer/PieClam/experiments/../trainer_directed.py:158:::  

Using dataset specific configuration and not global 




/mnt/home/jcervino/Github/CoraCiteseer/PieClam/experiments/../trainer_directed.py:337:::  

In function train. 
2025-12-21 09:23:28 starting optimization of bigclam on citeseer (DIRECTED) on device cuda

 configs_dict: 
{
    "clamiter_init": {
        "dim_feat": 100,
        "dim_attr": 100,
        "s_reg": 0.0,
        "l1_reg": 1,
        "T": 1,
        "hidden_dim": 64,
        "num_coupling_blocks": 32,
        "num_layers_mlp": 2
    },
    "feat_opt": {
        "lr": 0.0001,
        "n_iter": 7000,
        "early_stop": 0
    }
}


/mnt/home/jcervino/Github/CoraCiteseer/PieClam/experiments/../clamiter_directed.py:440:::  
staring fit_feats for 7000 iterations


/mnt/home/jcervino/Github/CoraCiteseer/PieClam/experiments/../trainer_directed.py:444:::  



FINISHED train 
 last accuracies:
test
key='auc': 0.5789396453838763
val
auc: None




/mnt/home/jcervino/Github/CoraCiteseer/PieClam/experiments/../trainer_directed.py:460:::  

train_model_on_params on bigclam citeseer 
took 118.09504795074463 seconds


/mnt/home/jcervino/Github/CoraCiteseer/PieClam/experiments/optimization_utils_directed.py:738:::  


Finished CrossVal!




/mnt/home/jcervino/Github/CoraCiteseer/PieClam/experiments/optimization_utils_directed.py:514:::  
On test set split_23-06_22-11-25 of citeseer,bigclam
 ======================


/mnt/home/jcervino/Github/CoraCiteseer/PieClam/experiments/../datasets/import_dataset.py:258:::  
end of import_dataset
citeseer 
has 4230 nodes 
and 5358 edges. 
Graph is directed
Graph has NO self loops


/mnt/home/jcervino/Github/CoraCiteseer/PieClam/experiments/optimization_utils_directed.py:638:::  
RunSaver defined to acc_configs path /mnt/home/jcervino/Github/CoraCiteseer/PieClam/experiments/results/directed/link_prediction/auc/citeseer/bigclam/split_23-06_22-11-25/test/acc_configs09-25_21-12-25.json


/mnt/home/jcervino/Github/CoraCiteseer/PieClam/experiments/optimization_utils_directed.py:663:::  
Repetition no. 0


/mnt/home/jcervino/Github/CoraCiteseer/PieClam/experiments/../trainer_directed.py:158:::  

Using dataset specific configuration and not global 




/mnt/home/jcervino/Github/CoraCiteseer/PieClam/experiments/../trainer_directed.py:337:::  

In function train. 
2025-12-21 09:25:27 starting optimization of bigclam on citeseer (DIRECTED) on device cuda

 configs_dict: 
{
    "clamiter_init": {
        "dim_feat": 100,
        "dim_attr": 100,
        "s_reg": 0.1,
        "l1_reg": 1,
        "T": 1,
        "hidden_dim": 64,
        "num_coupling_blocks": 32,
        "num_layers_mlp": 2
    },
    "feat_opt": {
        "lr": 0.001,
        "n_iter": 5000,
        "early_stop": 0
    }
}


/mnt/home/jcervino/Github/CoraCiteseer/PieClam/experiments/../clamiter_directed.py:440:::  
staring fit_feats for 5000 iterations


/mnt/home/jcervino/Github/CoraCiteseer/PieClam/experiments/../trainer_directed.py:444:::  



FINISHED train 
 last accuracies:
test
key='auc': 0.5
val
auc: None




/mnt/home/jcervino/Github/CoraCiteseer/PieClam/experiments/../trainer_directed.py:460:::  

train_model_on_params on bigclam citeseer 
took 80.03309512138367 seconds


/mnt/home/jcervino/Github/CoraCiteseer/PieClam/experiments/optimization_utils_directed.py:663:::  
Repetition no. 1


/mnt/home/jcervino/Github/CoraCiteseer/PieClam/experiments/../trainer_directed.py:158:::  

Using dataset specific configuration and not global 




/mnt/home/jcervino/Github/CoraCiteseer/PieClam/experiments/../trainer_directed.py:337:::  

In function train. 
2025-12-21 09:26:47 starting optimization of bigclam on citeseer (DIRECTED) on device cuda

 configs_dict: 
{
    "clamiter_init": {
        "dim_feat": 100,
        "dim_attr": 100,
        "s_reg": 0.1,
        "l1_reg": 1,
        "T": 1,
        "hidden_dim": 64,
        "num_coupling_blocks": 32,
        "num_layers_mlp": 2
    },
    "feat_opt": {
        "lr": 0.001,
        "n_iter": 5000,
        "early_stop": 0
    }
}


/mnt/home/jcervino/Github/CoraCiteseer/PieClam/experiments/../clamiter_directed.py:440:::  
staring fit_feats for 5000 iterations


/mnt/home/jcervino/Github/CoraCiteseer/PieClam/experiments/../trainer_directed.py:444:::  



FINISHED train 
 last accuracies:
test
key='auc': 0.5
val
auc: None




/mnt/home/jcervino/Github/CoraCiteseer/PieClam/experiments/../trainer_directed.py:460:::  

train_model_on_params on bigclam citeseer 
took 66.16154336929321 seconds


/mnt/home/jcervino/Github/CoraCiteseer/PieClam/experiments/optimization_utils_directed.py:663:::  
Repetition no. 2


/mnt/home/jcervino/Github/CoraCiteseer/PieClam/experiments/../trainer_directed.py:158:::  

Using dataset specific configuration and not global 




/mnt/home/jcervino/Github/CoraCiteseer/PieClam/experiments/../trainer_directed.py:337:::  

In function train. 
2025-12-21 09:27:53 starting optimization of bigclam on citeseer (DIRECTED) on device cuda

 configs_dict: 
{
    "clamiter_init": {
        "dim_feat": 100,
        "dim_attr": 100,
        "s_reg": 0.1,
        "l1_reg": 1,
        "T": 1,
        "hidden_dim": 64,
        "num_coupling_blocks": 32,
        "num_layers_mlp": 2
    },
    "feat_opt": {
        "lr": 0.001,
        "n_iter": 5000,
        "early_stop": 0
    }
}


/mnt/home/jcervino/Github/CoraCiteseer/PieClam/experiments/../clamiter_directed.py:440:::  
staring fit_feats for 5000 iterations


/mnt/home/jcervino/Github/CoraCiteseer/PieClam/experiments/../trainer_directed.py:444:::  



FINISHED train 
 last accuracies:
test
key='auc': 0.5
val
auc: None




/mnt/home/jcervino/Github/CoraCiteseer/PieClam/experiments/../trainer_directed.py:460:::  

train_model_on_params on bigclam citeseer 
took 45.81025290489197 seconds


/mnt/home/jcervino/Github/CoraCiteseer/PieClam/experiments/optimization_utils_directed.py:663:::  
Repetition no. 0


/mnt/home/jcervino/Github/CoraCiteseer/PieClam/experiments/../trainer_directed.py:158:::  

Using dataset specific configuration and not global 




/mnt/home/jcervino/Github/CoraCiteseer/PieClam/experiments/../trainer_directed.py:337:::  

In function train. 
2025-12-21 09:28:39 starting optimization of bigclam on citeseer (DIRECTED) on device cuda

 configs_dict: 
{
    "clamiter_init": {
        "dim_feat": 200,
        "dim_attr": 100,
        "s_reg": 0.0,
        "l1_reg": 1,
        "T": 1,
        "hidden_dim": 64,
        "num_coupling_blocks": 32,
        "num_layers_mlp": 2
    },
    "feat_opt": {
        "lr": 0.001,
        "n_iter": 5000,
        "early_stop": 0
    }
}


/mnt/home/jcervino/Github/CoraCiteseer/PieClam/experiments/../clamiter_directed.py:440:::  
staring fit_feats for 5000 iterations


/mnt/home/jcervino/Github/CoraCiteseer/PieClam/experiments/../trainer_directed.py:444:::  



FINISHED train 
 last accuracies:
test
key='auc': 0.5
val
auc: None




/mnt/home/jcervino/Github/CoraCiteseer/PieClam/experiments/../trainer_directed.py:460:::  

train_model_on_params on bigclam citeseer 
took 88.61187100410461 seconds


/mnt/home/jcervino/Github/CoraCiteseer/PieClam/experiments/optimization_utils_directed.py:663:::  
Repetition no. 1


/mnt/home/jcervino/Github/CoraCiteseer/PieClam/experiments/../trainer_directed.py:158:::  

Using dataset specific configuration and not global 




/mnt/home/jcervino/Github/CoraCiteseer/PieClam/experiments/../trainer_directed.py:337:::  

In function train. 
2025-12-21 09:30:08 starting optimization of bigclam on citeseer (DIRECTED) on device cuda

 configs_dict: 
{
    "clamiter_init": {
        "dim_feat": 200,
        "dim_attr": 100,
        "s_reg": 0.0,
        "l1_reg": 1,
        "T": 1,
        "hidden_dim": 64,
        "num_coupling_blocks": 32,
        "num_layers_mlp": 2
    },
    "feat_opt": {
        "lr": 0.001,
        "n_iter": 5000,
        "early_stop": 0
    }
}


/mnt/home/jcervino/Github/CoraCiteseer/PieClam/experiments/../clamiter_directed.py:440:::  
staring fit_feats for 5000 iterations


/mnt/home/jcervino/Github/CoraCiteseer/PieClam/experiments/../trainer_directed.py:444:::  



FINISHED train 
 last accuracies:
test
key='auc': 0.5
val
auc: None




/mnt/home/jcervino/Github/CoraCiteseer/PieClam/experiments/../trainer_directed.py:460:::  

train_model_on_params on bigclam citeseer 
took 74.96701526641846 seconds


/mnt/home/jcervino/Github/CoraCiteseer/PieClam/experiments/optimization_utils_directed.py:663:::  
Repetition no. 2


/mnt/home/jcervino/Github/CoraCiteseer/PieClam/experiments/../trainer_directed.py:158:::  

Using dataset specific configuration and not global 




/mnt/home/jcervino/Github/CoraCiteseer/PieClam/experiments/../trainer_directed.py:337:::  

In function train. 
2025-12-21 09:31:24 starting optimization of bigclam on citeseer (DIRECTED) on device cuda

 configs_dict: 
{
    "clamiter_init": {
        "dim_feat": 200,
        "dim_attr": 100,
        "s_reg": 0.0,
        "l1_reg": 1,
        "T": 1,
        "hidden_dim": 64,
        "num_coupling_blocks": 32,
        "num_layers_mlp": 2
    },
    "feat_opt": {
        "lr": 0.001,
        "n_iter": 5000,
        "early_stop": 0
    }
}


/mnt/home/jcervino/Github/CoraCiteseer/PieClam/experiments/../clamiter_directed.py:440:::  
staring fit_feats for 5000 iterations


/mnt/home/jcervino/Github/CoraCiteseer/PieClam/experiments/../trainer_directed.py:444:::  



FINISHED train 
 last accuracies:
test
key='auc': 0.5
val
auc: None




/mnt/home/jcervino/Github/CoraCiteseer/PieClam/experiments/../trainer_directed.py:460:::  

train_model_on_params on bigclam citeseer 
took 88.52886939048767 seconds


/mnt/home/jcervino/Github/CoraCiteseer/PieClam/experiments/optimization_utils_directed.py:663:::  
Repetition no. 0


/mnt/home/jcervino/Github/CoraCiteseer/PieClam/experiments/../trainer_directed.py:158:::  

Using dataset specific configuration and not global 




/mnt/home/jcervino/Github/CoraCiteseer/PieClam/experiments/../trainer_directed.py:337:::  

In function train. 
2025-12-21 09:32:53 starting optimization of bigclam on citeseer (DIRECTED) on device cuda

 configs_dict: 
{
    "clamiter_init": {
        "dim_feat": 100,
        "dim_attr": 100,
        "s_reg": 0.1,
        "l1_reg": 1,
        "T": 1,
        "hidden_dim": 64,
        "num_coupling_blocks": 32,
        "num_layers_mlp": 2
    },
    "feat_opt": {
        "lr": 0.0001,
        "n_iter": 7000,
        "early_stop": 0
    }
}


/mnt/home/jcervino/Github/CoraCiteseer/PieClam/experiments/../clamiter_directed.py:440:::  
staring fit_feats for 7000 iterations


/mnt/home/jcervino/Github/CoraCiteseer/PieClam/experiments/../trainer_directed.py:444:::  



FINISHED train 
 last accuracies:
test
key='auc': 0.6012857018080182
val
auc: None




/mnt/home/jcervino/Github/CoraCiteseer/PieClam/experiments/../trainer_directed.py:460:::  

train_model_on_params on bigclam citeseer 
took 120.69989323616028 seconds


/mnt/home/jcervino/Github/CoraCiteseer/PieClam/experiments/optimization_utils_directed.py:663:::  
Repetition no. 1


/mnt/home/jcervino/Github/CoraCiteseer/PieClam/experiments/../trainer_directed.py:158:::  

Using dataset specific configuration and not global 




/mnt/home/jcervino/Github/CoraCiteseer/PieClam/experiments/../trainer_directed.py:337:::  

In function train. 
2025-12-21 09:34:53 starting optimization of bigclam on citeseer (DIRECTED) on device cuda

 configs_dict: 
{
    "clamiter_init": {
        "dim_feat": 100,
        "dim_attr": 100,
        "s_reg": 0.1,
        "l1_reg": 1,
        "T": 1,
        "hidden_dim": 64,
        "num_coupling_blocks": 32,
        "num_layers_mlp": 2
    },
    "feat_opt": {
        "lr": 0.0001,
        "n_iter": 7000,
        "early_stop": 0
    }
}


/mnt/home/jcervino/Github/CoraCiteseer/PieClam/experiments/../clamiter_directed.py:440:::  
staring fit_feats for 7000 iterations


/mnt/home/jcervino/Github/CoraCiteseer/PieClam/experiments/../trainer_directed.py:444:::  



FINISHED train 
 last accuracies:
test
key='auc': 0.6073840510088218
val
auc: None




/mnt/home/jcervino/Github/CoraCiteseer/PieClam/experiments/../trainer_directed.py:460:::  

train_model_on_params on bigclam citeseer 
took 121.21514248847961 seconds


/mnt/home/jcervino/Github/CoraCiteseer/PieClam/experiments/optimization_utils_directed.py:663:::  
Repetition no. 2


/mnt/home/jcervino/Github/CoraCiteseer/PieClam/experiments/../trainer_directed.py:158:::  

Using dataset specific configuration and not global 




/mnt/home/jcervino/Github/CoraCiteseer/PieClam/experiments/../trainer_directed.py:337:::  

In function train. 
2025-12-21 09:36:55 starting optimization of bigclam on citeseer (DIRECTED) on device cuda

 configs_dict: 
{
    "clamiter_init": {
        "dim_feat": 100,
        "dim_attr": 100,
        "s_reg": 0.1,
        "l1_reg": 1,
        "T": 1,
        "hidden_dim": 64,
        "num_coupling_blocks": 32,
        "num_layers_mlp": 2
    },
    "feat_opt": {
        "lr": 0.0001,
        "n_iter": 7000,
        "early_stop": 0
    }
}


/mnt/home/jcervino/Github/CoraCiteseer/PieClam/experiments/../clamiter_directed.py:440:::  
staring fit_feats for 7000 iterations


/mnt/home/jcervino/Github/CoraCiteseer/PieClam/experiments/../trainer_directed.py:444:::  



FINISHED train 
 last accuracies:
test
key='auc': 0.6003144379421783
val
auc: None




/mnt/home/jcervino/Github/CoraCiteseer/PieClam/experiments/../trainer_directed.py:460:::  

train_model_on_params on bigclam citeseer 
took 122.85111546516418 seconds


/mnt/home/jcervino/Github/CoraCiteseer/PieClam/experiments/optimization_utils_directed.py:663:::  
Repetition no. 0


/mnt/home/jcervino/Github/CoraCiteseer/PieClam/experiments/../trainer_directed.py:158:::  

Using dataset specific configuration and not global 




/mnt/home/jcervino/Github/CoraCiteseer/PieClam/experiments/../trainer_directed.py:337:::  

In function train. 
2025-12-21 09:38:58 starting optimization of bigclam on citeseer (DIRECTED) on device cuda

 configs_dict: 
{
    "clamiter_init": {
        "dim_feat": 48,
        "dim_attr": 100,
        "s_reg": 0.1,
        "l1_reg": 1,
        "T": 1,
        "hidden_dim": 64,
        "num_coupling_blocks": 32,
        "num_layers_mlp": 2
    },
    "feat_opt": {
        "lr": 0.001,
        "n_iter": 5000,
        "early_stop": 0
    }
}


/mnt/home/jcervino/Github/CoraCiteseer/PieClam/experiments/../clamiter_directed.py:440:::  
staring fit_feats for 5000 iterations


/mnt/home/jcervino/Github/CoraCiteseer/PieClam/experiments/../trainer_directed.py:444:::  



FINISHED train 
 last accuracies:
test
key='auc': 0.5
val
auc: None




/mnt/home/jcervino/Github/CoraCiteseer/PieClam/experiments/../trainer_directed.py:460:::  

train_model_on_params on bigclam citeseer 
took 76.24409818649292 seconds


/mnt/home/jcervino/Github/CoraCiteseer/PieClam/experiments/optimization_utils_directed.py:663:::  
Repetition no. 1


/mnt/home/jcervino/Github/CoraCiteseer/PieClam/experiments/../trainer_directed.py:158:::  

Using dataset specific configuration and not global 




/mnt/home/jcervino/Github/CoraCiteseer/PieClam/experiments/../trainer_directed.py:337:::  

In function train. 
2025-12-21 09:40:15 starting optimization of bigclam on citeseer (DIRECTED) on device cuda

 configs_dict: 
{
    "clamiter_init": {
        "dim_feat": 48,
        "dim_attr": 100,
        "s_reg": 0.1,
        "l1_reg": 1,
        "T": 1,
        "hidden_dim": 64,
        "num_coupling_blocks": 32,
        "num_layers_mlp": 2
    },
    "feat_opt": {
        "lr": 0.001,
        "n_iter": 5000,
        "early_stop": 0
    }
}


/mnt/home/jcervino/Github/CoraCiteseer/PieClam/experiments/../clamiter_directed.py:440:::  
staring fit_feats for 5000 iterations


/mnt/home/jcervino/Github/CoraCiteseer/PieClam/experiments/../trainer_directed.py:444:::  



FINISHED train 
 last accuracies:
test
key='auc': 0.5
val
auc: None




/mnt/home/jcervino/Github/CoraCiteseer/PieClam/experiments/../trainer_directed.py:460:::  

train_model_on_params on bigclam citeseer 
took 44.083391189575195 seconds


/mnt/home/jcervino/Github/CoraCiteseer/PieClam/experiments/optimization_utils_directed.py:663:::  
Repetition no. 2


/mnt/home/jcervino/Github/CoraCiteseer/PieClam/experiments/../trainer_directed.py:158:::  

Using dataset specific configuration and not global 




/mnt/home/jcervino/Github/CoraCiteseer/PieClam/experiments/../trainer_directed.py:337:::  

In function train. 
2025-12-21 09:40:59 starting optimization of bigclam on citeseer (DIRECTED) on device cuda

 configs_dict: 
{
    "clamiter_init": {
        "dim_feat": 48,
        "dim_attr": 100,
        "s_reg": 0.1,
        "l1_reg": 1,
        "T": 1,
        "hidden_dim": 64,
        "num_coupling_blocks": 32,
        "num_layers_mlp": 2
    },
    "feat_opt": {
        "lr": 0.001,
        "n_iter": 5000,
        "early_stop": 0
    }
}


/mnt/home/jcervino/Github/CoraCiteseer/PieClam/experiments/../clamiter_directed.py:440:::  
staring fit_feats for 5000 iterations


/mnt/home/jcervino/Github/CoraCiteseer/PieClam/experiments/../trainer_directed.py:444:::  



FINISHED train 
 last accuracies:
test
key='auc': 0.5
val
auc: None




/mnt/home/jcervino/Github/CoraCiteseer/PieClam/experiments/../trainer_directed.py:460:::  

train_model_on_params on bigclam citeseer 
took 44.59990644454956 seconds


/mnt/home/jcervino/Github/CoraCiteseer/PieClam/experiments/optimization_utils_directed.py:663:::  
Repetition no. 0


/mnt/home/jcervino/Github/CoraCiteseer/PieClam/experiments/../trainer_directed.py:158:::  

Using dataset specific configuration and not global 




/mnt/home/jcervino/Github/CoraCiteseer/PieClam/experiments/../trainer_directed.py:337:::  

In function train. 
2025-12-21 09:41:44 starting optimization of bigclam on citeseer (DIRECTED) on device cuda

 configs_dict: 
{
    "clamiter_init": {
        "dim_feat": 200,
        "dim_attr": 100,
        "s_reg": 0.0,
        "l1_reg": 1,
        "T": 1,
        "hidden_dim": 64,
        "num_coupling_blocks": 32,
        "num_layers_mlp": 2
    },
    "feat_opt": {
        "lr": 1e-05,
        "n_iter": 2000,
        "early_stop": 0
    }
}


/mnt/home/jcervino/Github/CoraCiteseer/PieClam/experiments/../clamiter_directed.py:440:::  
staring fit_feats for 2000 iterations


/mnt/home/jcervino/Github/CoraCiteseer/PieClam/experiments/../trainer_directed.py:444:::  



FINISHED train 
 last accuracies:
test
key='auc': 0.6394619617433838
val
auc: None




/mnt/home/jcervino/Github/CoraCiteseer/PieClam/experiments/../trainer_directed.py:460:::  

train_model_on_params on bigclam citeseer 
took 29.886855840682983 seconds


/mnt/home/jcervino/Github/CoraCiteseer/PieClam/experiments/optimization_utils_directed.py:663:::  
Repetition no. 1


/mnt/home/jcervino/Github/CoraCiteseer/PieClam/experiments/../trainer_directed.py:158:::  

Using dataset specific configuration and not global 




/mnt/home/jcervino/Github/CoraCiteseer/PieClam/experiments/../trainer_directed.py:337:::  

In function train. 
2025-12-21 09:42:14 starting optimization of bigclam on citeseer (DIRECTED) on device cuda

 configs_dict: 
{
    "clamiter_init": {
        "dim_feat": 200,
        "dim_attr": 100,
        "s_reg": 0.0,
        "l1_reg": 1,
        "T": 1,
        "hidden_dim": 64,
        "num_coupling_blocks": 32,
        "num_layers_mlp": 2
    },
    "feat_opt": {
        "lr": 1e-05,
        "n_iter": 2000,
        "early_stop": 0
    }
}


/mnt/home/jcervino/Github/CoraCiteseer/PieClam/experiments/../clamiter_directed.py:440:::  
staring fit_feats for 2000 iterations


/mnt/home/jcervino/Github/CoraCiteseer/PieClam/experiments/../trainer_directed.py:444:::  



FINISHED train 
 last accuracies:
test
key='auc': 0.6185885230151105
val
auc: None




/mnt/home/jcervino/Github/CoraCiteseer/PieClam/experiments/../trainer_directed.py:460:::  

train_model_on_params on bigclam citeseer 
took 24.105092525482178 seconds


/mnt/home/jcervino/Github/CoraCiteseer/PieClam/experiments/optimization_utils_directed.py:663:::  
Repetition no. 2


/mnt/home/jcervino/Github/CoraCiteseer/PieClam/experiments/../trainer_directed.py:158:::  

Using dataset specific configuration and not global 




/mnt/home/jcervino/Github/CoraCiteseer/PieClam/experiments/../trainer_directed.py:337:::  

In function train. 
2025-12-21 09:42:38 starting optimization of bigclam on citeseer (DIRECTED) on device cuda

 configs_dict: 
{
    "clamiter_init": {
        "dim_feat": 200,
        "dim_attr": 100,
        "s_reg": 0.0,
        "l1_reg": 1,
        "T": 1,
        "hidden_dim": 64,
        "num_coupling_blocks": 32,
        "num_layers_mlp": 2
    },
    "feat_opt": {
        "lr": 1e-05,
        "n_iter": 2000,
        "early_stop": 0
    }
}


/mnt/home/jcervino/Github/CoraCiteseer/PieClam/experiments/../clamiter_directed.py:440:::  
staring fit_feats for 2000 iterations


/mnt/home/jcervino/Github/CoraCiteseer/PieClam/experiments/../trainer_directed.py:444:::  



FINISHED train 
 last accuracies:
test
key='auc': 0.6376382216787493
val
auc: None




/mnt/home/jcervino/Github/CoraCiteseer/PieClam/experiments/../trainer_directed.py:460:::  

train_model_on_params on bigclam citeseer 
took 13.072903394699097 seconds


/mnt/home/jcervino/Github/CoraCiteseer/PieClam/experiments/optimization_utils_directed.py:663:::  
Repetition no. 0


/mnt/home/jcervino/Github/CoraCiteseer/PieClam/experiments/../trainer_directed.py:158:::  

Using dataset specific configuration and not global 




/mnt/home/jcervino/Github/CoraCiteseer/PieClam/experiments/../trainer_directed.py:337:::  

In function train. 
2025-12-21 09:42:51 starting optimization of bigclam on citeseer (DIRECTED) on device cuda

 configs_dict: 
{
    "clamiter_init": {
        "dim_feat": 200,
        "dim_attr": 100,
        "s_reg": 0.1,
        "l1_reg": 1,
        "T": 1,
        "hidden_dim": 64,
        "num_coupling_blocks": 32,
        "num_layers_mlp": 2
    },
    "feat_opt": {
        "lr": 0.001,
        "n_iter": 5000,
        "early_stop": 0
    }
}


/mnt/home/jcervino/Github/CoraCiteseer/PieClam/experiments/../clamiter_directed.py:440:::  
staring fit_feats for 5000 iterations


/mnt/home/jcervino/Github/CoraCiteseer/PieClam/experiments/../trainer_directed.py:444:::  



FINISHED train 
 last accuracies:
test
key='auc': 0.5
val
auc: None




/mnt/home/jcervino/Github/CoraCiteseer/PieClam/experiments/../trainer_directed.py:460:::  

train_model_on_params on bigclam citeseer 
took 71.62428641319275 seconds


/mnt/home/jcervino/Github/CoraCiteseer/PieClam/experiments/optimization_utils_directed.py:663:::  
Repetition no. 1


/mnt/home/jcervino/Github/CoraCiteseer/PieClam/experiments/../trainer_directed.py:158:::  

Using dataset specific configuration and not global 




/mnt/home/jcervino/Github/CoraCiteseer/PieClam/experiments/../trainer_directed.py:337:::  

In function train. 
2025-12-21 09:44:03 starting optimization of bigclam on citeseer (DIRECTED) on device cuda

 configs_dict: 
{
    "clamiter_init": {
        "dim_feat": 200,
        "dim_attr": 100,
        "s_reg": 0.1,
        "l1_reg": 1,
        "T": 1,
        "hidden_dim": 64,
        "num_coupling_blocks": 32,
        "num_layers_mlp": 2
    },
    "feat_opt": {
        "lr": 0.001,
        "n_iter": 5000,
        "early_stop": 0
    }
}


/mnt/home/jcervino/Github/CoraCiteseer/PieClam/experiments/../clamiter_directed.py:440:::  
staring fit_feats for 5000 iterations


/mnt/home/jcervino/Github/CoraCiteseer/PieClam/experiments/../trainer_directed.py:444:::  



FINISHED train 
 last accuracies:
test
key='auc': 0.5
val
auc: None




/mnt/home/jcervino/Github/CoraCiteseer/PieClam/experiments/../trainer_directed.py:460:::  

train_model_on_params on bigclam citeseer 
took 65.64153265953064 seconds


/mnt/home/jcervino/Github/CoraCiteseer/PieClam/experiments/optimization_utils_directed.py:663:::  
Repetition no. 2


/mnt/home/jcervino/Github/CoraCiteseer/PieClam/experiments/../trainer_directed.py:158:::  

Using dataset specific configuration and not global 




/mnt/home/jcervino/Github/CoraCiteseer/PieClam/experiments/../trainer_directed.py:337:::  

In function train. 
2025-12-21 09:45:09 starting optimization of bigclam on citeseer (DIRECTED) on device cuda

 configs_dict: 
{
    "clamiter_init": {
        "dim_feat": 200,
        "dim_attr": 100,
        "s_reg": 0.1,
        "l1_reg": 1,
        "T": 1,
        "hidden_dim": 64,
        "num_coupling_blocks": 32,
        "num_layers_mlp": 2
    },
    "feat_opt": {
        "lr": 0.001,
        "n_iter": 5000,
        "early_stop": 0
    }
}


/mnt/home/jcervino/Github/CoraCiteseer/PieClam/experiments/../clamiter_directed.py:440:::  
staring fit_feats for 5000 iterations


/mnt/home/jcervino/Github/CoraCiteseer/PieClam/experiments/../trainer_directed.py:444:::  



FINISHED train 
 last accuracies:
test
key='auc': 0.5
val
auc: None




/mnt/home/jcervino/Github/CoraCiteseer/PieClam/experiments/../trainer_directed.py:460:::  

train_model_on_params on bigclam citeseer 
took 70.02352690696716 seconds


/mnt/home/jcervino/Github/CoraCiteseer/PieClam/experiments/optimization_utils_directed.py:663:::  
Repetition no. 0


/mnt/home/jcervino/Github/CoraCiteseer/PieClam/experiments/../trainer_directed.py:158:::  

Using dataset specific configuration and not global 




/mnt/home/jcervino/Github/CoraCiteseer/PieClam/experiments/../trainer_directed.py:337:::  

In function train. 
2025-12-21 09:46:19 starting optimization of bigclam on citeseer (DIRECTED) on device cuda

 configs_dict: 
{
    "clamiter_init": {
        "dim_feat": 100,
        "dim_attr": 100,
        "s_reg": 0.0,
        "l1_reg": 1,
        "T": 1,
        "hidden_dim": 64,
        "num_coupling_blocks": 32,
        "num_layers_mlp": 2
    },
    "feat_opt": {
        "lr": 1e-05,
        "n_iter": 7000,
        "early_stop": 0
    }
}


/mnt/home/jcervino/Github/CoraCiteseer/PieClam/experiments/../clamiter_directed.py:440:::  
staring fit_feats for 7000 iterations


/mnt/home/jcervino/Github/CoraCiteseer/PieClam/experiments/../trainer_directed.py:444:::  



FINISHED train 
 last accuracies:
test
key='auc': 0.5986915887850467
val
auc: None




/mnt/home/jcervino/Github/CoraCiteseer/PieClam/experiments/../trainer_directed.py:460:::  

train_model_on_params on bigclam citeseer 
took 123.62282967567444 seconds


/mnt/home/jcervino/Github/CoraCiteseer/PieClam/experiments/optimization_utils_directed.py:663:::  
Repetition no. 1


/mnt/home/jcervino/Github/CoraCiteseer/PieClam/experiments/../trainer_directed.py:158:::  

Using dataset specific configuration and not global 




/mnt/home/jcervino/Github/CoraCiteseer/PieClam/experiments/../trainer_directed.py:337:::  

In function train. 
2025-12-21 09:48:23 starting optimization of bigclam on citeseer (DIRECTED) on device cuda

 configs_dict: 
{
    "clamiter_init": {
        "dim_feat": 100,
        "dim_attr": 100,
        "s_reg": 0.0,
        "l1_reg": 1,
        "T": 1,
        "hidden_dim": 64,
        "num_coupling_blocks": 32,
        "num_layers_mlp": 2
    },
    "feat_opt": {
        "lr": 1e-05,
        "n_iter": 7000,
        "early_stop": 0
    }
}


/mnt/home/jcervino/Github/CoraCiteseer/PieClam/experiments/../clamiter_directed.py:440:::  
staring fit_feats for 7000 iterations


/mnt/home/jcervino/Github/CoraCiteseer/PieClam/experiments/../trainer_directed.py:444:::  



FINISHED train 
 last accuracies:
test
key='auc': 0.5963175823216003
val
auc: None




/mnt/home/jcervino/Github/CoraCiteseer/PieClam/experiments/../trainer_directed.py:460:::  

train_model_on_params on bigclam citeseer 
took 122.38177275657654 seconds


/mnt/home/jcervino/Github/CoraCiteseer/PieClam/experiments/optimization_utils_directed.py:663:::  
Repetition no. 2


/mnt/home/jcervino/Github/CoraCiteseer/PieClam/experiments/../trainer_directed.py:158:::  

Using dataset specific configuration and not global 




/mnt/home/jcervino/Github/CoraCiteseer/PieClam/experiments/../trainer_directed.py:337:::  

In function train. 
2025-12-21 09:50:26 starting optimization of bigclam on citeseer (DIRECTED) on device cuda

 configs_dict: 
{
    "clamiter_init": {
        "dim_feat": 100,
        "dim_attr": 100,
        "s_reg": 0.0,
        "l1_reg": 1,
        "T": 1,
        "hidden_dim": 64,
        "num_coupling_blocks": 32,
        "num_layers_mlp": 2
    },
    "feat_opt": {
        "lr": 1e-05,
        "n_iter": 7000,
        "early_stop": 0
    }
}


/mnt/home/jcervino/Github/CoraCiteseer/PieClam/experiments/../clamiter_directed.py:440:::  
staring fit_feats for 7000 iterations


/mnt/home/jcervino/Github/CoraCiteseer/PieClam/experiments/../trainer_directed.py:444:::  



FINISHED train 
 last accuracies:
test
key='auc': 0.6112079657612018
val
auc: None




/mnt/home/jcervino/Github/CoraCiteseer/PieClam/experiments/../trainer_directed.py:460:::  

train_model_on_params on bigclam citeseer 
took 122.77073979377747 seconds


/mnt/home/jcervino/Github/CoraCiteseer/PieClam/experiments/optimization_utils_directed.py:663:::  
Repetition no. 0


/mnt/home/jcervino/Github/CoraCiteseer/PieClam/experiments/../trainer_directed.py:158:::  

Using dataset specific configuration and not global 




/mnt/home/jcervino/Github/CoraCiteseer/PieClam/experiments/../trainer_directed.py:337:::  

In function train. 
2025-12-21 09:52:29 starting optimization of bigclam on citeseer (DIRECTED) on device cuda

 configs_dict: 
{
    "clamiter_init": {
        "dim_feat": 48,
        "dim_attr": 100,
        "s_reg": 0.1,
        "l1_reg": 1,
        "T": 1,
        "hidden_dim": 64,
        "num_coupling_blocks": 32,
        "num_layers_mlp": 2
    },
    "feat_opt": {
        "lr": 1e-05,
        "n_iter": 5000,
        "early_stop": 0
    }
}


/mnt/home/jcervino/Github/CoraCiteseer/PieClam/experiments/../clamiter_directed.py:440:::  
staring fit_feats for 5000 iterations


/mnt/home/jcervino/Github/CoraCiteseer/PieClam/experiments/../trainer_directed.py:444:::  



FINISHED train 
 last accuracies:
test
key='auc': 0.62987859201677
val
auc: None




/mnt/home/jcervino/Github/CoraCiteseer/PieClam/experiments/../trainer_directed.py:460:::  

train_model_on_params on bigclam citeseer 
took 87.44490313529968 seconds


/mnt/home/jcervino/Github/CoraCiteseer/PieClam/experiments/optimization_utils_directed.py:663:::  
Repetition no. 1


/mnt/home/jcervino/Github/CoraCiteseer/PieClam/experiments/../trainer_directed.py:158:::  

Using dataset specific configuration and not global 




/mnt/home/jcervino/Github/CoraCiteseer/PieClam/experiments/../trainer_directed.py:337:::  

In function train. 
2025-12-21 09:53:57 starting optimization of bigclam on citeseer (DIRECTED) on device cuda

 configs_dict: 
{
    "clamiter_init": {
        "dim_feat": 48,
        "dim_attr": 100,
        "s_reg": 0.1,
        "l1_reg": 1,
        "T": 1,
        "hidden_dim": 64,
        "num_coupling_blocks": 32,
        "num_layers_mlp": 2
    },
    "feat_opt": {
        "lr": 1e-05,
        "n_iter": 5000,
        "early_stop": 0
    }
}


/mnt/home/jcervino/Github/CoraCiteseer/PieClam/experiments/../clamiter_directed.py:440:::  
staring fit_feats for 5000 iterations


/mnt/home/jcervino/Github/CoraCiteseer/PieClam/experiments/../trainer_directed.py:444:::  



FINISHED train 
 last accuracies:
test
key='auc': 0.6246169971176523
val
auc: None




/mnt/home/jcervino/Github/CoraCiteseer/PieClam/experiments/../trainer_directed.py:460:::  

train_model_on_params on bigclam citeseer 
took 83.88210415840149 seconds


/mnt/home/jcervino/Github/CoraCiteseer/PieClam/experiments/optimization_utils_directed.py:663:::  
Repetition no. 2


/mnt/home/jcervino/Github/CoraCiteseer/PieClam/experiments/../trainer_directed.py:158:::  

Using dataset specific configuration and not global 




/mnt/home/jcervino/Github/CoraCiteseer/PieClam/experiments/../trainer_directed.py:337:::  

In function train. 
2025-12-21 09:55:21 starting optimization of bigclam on citeseer (DIRECTED) on device cuda

 configs_dict: 
{
    "clamiter_init": {
        "dim_feat": 48,
        "dim_attr": 100,
        "s_reg": 0.1,
        "l1_reg": 1,
        "T": 1,
        "hidden_dim": 64,
        "num_coupling_blocks": 32,
        "num_layers_mlp": 2
    },
    "feat_opt": {
        "lr": 1e-05,
        "n_iter": 5000,
        "early_stop": 0
    }
}


/mnt/home/jcervino/Github/CoraCiteseer/PieClam/experiments/../clamiter_directed.py:440:::  
staring fit_feats for 5000 iterations


/mnt/home/jcervino/Github/CoraCiteseer/PieClam/experiments/../trainer_directed.py:444:::  



FINISHED train 
 last accuracies:
test
key='auc': 0.630402655253734
val
auc: None




/mnt/home/jcervino/Github/CoraCiteseer/PieClam/experiments/../trainer_directed.py:460:::  

train_model_on_params on bigclam citeseer 
took 58.13837933540344 seconds


/mnt/home/jcervino/Github/CoraCiteseer/PieClam/experiments/optimization_utils_directed.py:663:::  
Repetition no. 0


/mnt/home/jcervino/Github/CoraCiteseer/PieClam/experiments/../trainer_directed.py:158:::  

Using dataset specific configuration and not global 




/mnt/home/jcervino/Github/CoraCiteseer/PieClam/experiments/../trainer_directed.py:337:::  

In function train. 
2025-12-21 09:56:19 starting optimization of bigclam on citeseer (DIRECTED) on device cuda

 configs_dict: 
{
    "clamiter_init": {
        "dim_feat": 48,
        "dim_attr": 100,
        "s_reg": 0.1,
        "l1_reg": 1,
        "T": 1,
        "hidden_dim": 64,
        "num_coupling_blocks": 32,
        "num_layers_mlp": 2
    },
    "feat_opt": {
        "lr": 1e-05,
        "n_iter": 2000,
        "early_stop": 0
    }
}


/mnt/home/jcervino/Github/CoraCiteseer/PieClam/experiments/../clamiter_directed.py:440:::  
staring fit_feats for 2000 iterations


/mnt/home/jcervino/Github/CoraCiteseer/PieClam/experiments/../trainer_directed.py:444:::  



FINISHED train 
 last accuracies:
test
key='auc': 0.6222744344484235
val
auc: None




/mnt/home/jcervino/Github/CoraCiteseer/PieClam/experiments/../trainer_directed.py:460:::  

train_model_on_params on bigclam citeseer 
took 27.49350666999817 seconds


/mnt/home/jcervino/Github/CoraCiteseer/PieClam/experiments/optimization_utils_directed.py:663:::  
Repetition no. 1


/mnt/home/jcervino/Github/CoraCiteseer/PieClam/experiments/../trainer_directed.py:158:::  

Using dataset specific configuration and not global 




/mnt/home/jcervino/Github/CoraCiteseer/PieClam/experiments/../trainer_directed.py:337:::  

In function train. 
2025-12-21 09:56:47 starting optimization of bigclam on citeseer (DIRECTED) on device cuda

 configs_dict: 
{
    "clamiter_init": {
        "dim_feat": 48,
        "dim_attr": 100,
        "s_reg": 0.1,
        "l1_reg": 1,
        "T": 1,
        "hidden_dim": 64,
        "num_coupling_blocks": 32,
        "num_layers_mlp": 2
    },
    "feat_opt": {
        "lr": 1e-05,
        "n_iter": 2000,
        "early_stop": 0
    }
}


/mnt/home/jcervino/Github/CoraCiteseer/PieClam/experiments/../clamiter_directed.py:440:::  
staring fit_feats for 2000 iterations


/mnt/home/jcervino/Github/CoraCiteseer/PieClam/experiments/../trainer_directed.py:444:::  



FINISHED train 
 last accuracies:
test
key='auc': 0.6370862084024805
val
auc: None




/mnt/home/jcervino/Github/CoraCiteseer/PieClam/experiments/../trainer_directed.py:460:::  

train_model_on_params on bigclam citeseer 
took 27.32152223587036 seconds


/mnt/home/jcervino/Github/CoraCiteseer/PieClam/experiments/optimization_utils_directed.py:663:::  
Repetition no. 2


/mnt/home/jcervino/Github/CoraCiteseer/PieClam/experiments/../trainer_directed.py:158:::  

Using dataset specific configuration and not global 




/mnt/home/jcervino/Github/CoraCiteseer/PieClam/experiments/../trainer_directed.py:337:::  

In function train. 
2025-12-21 09:57:14 starting optimization of bigclam on citeseer (DIRECTED) on device cuda

 configs_dict: 
{
    "clamiter_init": {
        "dim_feat": 48,
        "dim_attr": 100,
        "s_reg": 0.1,
        "l1_reg": 1,
        "T": 1,
        "hidden_dim": 64,
        "num_coupling_blocks": 32,
        "num_layers_mlp": 2
    },
    "feat_opt": {
        "lr": 1e-05,
        "n_iter": 2000,
        "early_stop": 0
    }
}


/mnt/home/jcervino/Github/CoraCiteseer/PieClam/experiments/../clamiter_directed.py:440:::  
staring fit_feats for 2000 iterations


/mnt/home/jcervino/Github/CoraCiteseer/PieClam/experiments/../trainer_directed.py:444:::  



FINISHED train 
 last accuracies:
test
key='auc': 0.6261717180539785
val
auc: None




/mnt/home/jcervino/Github/CoraCiteseer/PieClam/experiments/../trainer_directed.py:460:::  

train_model_on_params on bigclam citeseer 
took 15.245736360549927 seconds


/mnt/home/jcervino/Github/CoraCiteseer/PieClam/experiments/optimization_utils_directed.py:663:::  
Repetition no. 0


/mnt/home/jcervino/Github/CoraCiteseer/PieClam/experiments/../trainer_directed.py:158:::  

Using dataset specific configuration and not global 




/mnt/home/jcervino/Github/CoraCiteseer/PieClam/experiments/../trainer_directed.py:337:::  

In function train. 
2025-12-21 09:57:30 starting optimization of bigclam on citeseer (DIRECTED) on device cuda

 configs_dict: 
{
    "clamiter_init": {
        "dim_feat": 100,
        "dim_attr": 100,
        "s_reg": 0.0,
        "l1_reg": 1,
        "T": 1,
        "hidden_dim": 64,
        "num_coupling_blocks": 32,
        "num_layers_mlp": 2
    },
    "feat_opt": {
        "lr": 0.001,
        "n_iter": 2000,
        "early_stop": 0
    }
}


/mnt/home/jcervino/Github/CoraCiteseer/PieClam/experiments/../clamiter_directed.py:440:::  
staring fit_feats for 2000 iterations


/mnt/home/jcervino/Github/CoraCiteseer/PieClam/experiments/../trainer_directed.py:444:::  



FINISHED train 
 last accuracies:
test
key='auc': 0.5
val
auc: None




/mnt/home/jcervino/Github/CoraCiteseer/PieClam/experiments/../trainer_directed.py:460:::  

train_model_on_params on bigclam citeseer 
took 35.32520151138306 seconds


/mnt/home/jcervino/Github/CoraCiteseer/PieClam/experiments/optimization_utils_directed.py:663:::  
Repetition no. 1


/mnt/home/jcervino/Github/CoraCiteseer/PieClam/experiments/../trainer_directed.py:158:::  

Using dataset specific configuration and not global 




/mnt/home/jcervino/Github/CoraCiteseer/PieClam/experiments/../trainer_directed.py:337:::  

In function train. 
2025-12-21 09:58:06 starting optimization of bigclam on citeseer (DIRECTED) on device cuda

 configs_dict: 
{
    "clamiter_init": {
        "dim_feat": 100,
        "dim_attr": 100,
        "s_reg": 0.0,
        "l1_reg": 1,
        "T": 1,
        "hidden_dim": 64,
        "num_coupling_blocks": 32,
        "num_layers_mlp": 2
    },
    "feat_opt": {
        "lr": 0.001,
        "n_iter": 2000,
        "early_stop": 0
    }
}


/mnt/home/jcervino/Github/CoraCiteseer/PieClam/experiments/../clamiter_directed.py:440:::  
staring fit_feats for 2000 iterations


/mnt/home/jcervino/Github/CoraCiteseer/PieClam/experiments/../trainer_directed.py:444:::  



FINISHED train 
 last accuracies:
test
key='auc': 0.5
val
auc: None




/mnt/home/jcervino/Github/CoraCiteseer/PieClam/experiments/../trainer_directed.py:460:::  

train_model_on_params on bigclam citeseer 
took 17.726797819137573 seconds


/mnt/home/jcervino/Github/CoraCiteseer/PieClam/experiments/optimization_utils_directed.py:663:::  
Repetition no. 2


/mnt/home/jcervino/Github/CoraCiteseer/PieClam/experiments/../trainer_directed.py:158:::  

Using dataset specific configuration and not global 




/mnt/home/jcervino/Github/CoraCiteseer/PieClam/experiments/../trainer_directed.py:337:::  

In function train. 
2025-12-21 09:58:23 starting optimization of bigclam on citeseer (DIRECTED) on device cuda

 configs_dict: 
{
    "clamiter_init": {
        "dim_feat": 100,
        "dim_attr": 100,
        "s_reg": 0.0,
        "l1_reg": 1,
        "T": 1,
        "hidden_dim": 64,
        "num_coupling_blocks": 32,
        "num_layers_mlp": 2
    },
    "feat_opt": {
        "lr": 0.001,
        "n_iter": 2000,
        "early_stop": 0
    }
}


/mnt/home/jcervino/Github/CoraCiteseer/PieClam/experiments/../clamiter_directed.py:440:::  
staring fit_feats for 2000 iterations


/mnt/home/jcervino/Github/CoraCiteseer/PieClam/experiments/../trainer_directed.py:444:::  



FINISHED train 
 last accuracies:
test
key='auc': 0.5
val
auc: None




/mnt/home/jcervino/Github/CoraCiteseer/PieClam/experiments/../trainer_directed.py:460:::  

train_model_on_params on bigclam citeseer 
took 21.785329580307007 seconds


/mnt/home/jcervino/Github/CoraCiteseer/PieClam/experiments/optimization_utils_directed.py:663:::  
Repetition no. 0


/mnt/home/jcervino/Github/CoraCiteseer/PieClam/experiments/../trainer_directed.py:158:::  

Using dataset specific configuration and not global 




/mnt/home/jcervino/Github/CoraCiteseer/PieClam/experiments/../trainer_directed.py:337:::  

In function train. 
2025-12-21 09:58:45 starting optimization of bigclam on citeseer (DIRECTED) on device cuda

 configs_dict: 
{
    "clamiter_init": {
        "dim_feat": 100,
        "dim_attr": 100,
        "s_reg": 0.0,
        "l1_reg": 1,
        "T": 1,
        "hidden_dim": 64,
        "num_coupling_blocks": 32,
        "num_layers_mlp": 2
    },
    "feat_opt": {
        "lr": 0.0001,
        "n_iter": 2000,
        "early_stop": 0
    }
}


/mnt/home/jcervino/Github/CoraCiteseer/PieClam/experiments/../clamiter_directed.py:440:::  
staring fit_feats for 2000 iterations


/mnt/home/jcervino/Github/CoraCiteseer/PieClam/experiments/../trainer_directed.py:444:::  



FINISHED train 
 last accuracies:
test
key='auc': 0.5813119049698664
val
auc: None




/mnt/home/jcervino/Github/CoraCiteseer/PieClam/experiments/../trainer_directed.py:460:::  

train_model_on_params on bigclam citeseer 
took 19.560885190963745 seconds


/mnt/home/jcervino/Github/CoraCiteseer/PieClam/experiments/optimization_utils_directed.py:663:::  
Repetition no. 1


/mnt/home/jcervino/Github/CoraCiteseer/PieClam/experiments/../trainer_directed.py:158:::  

Using dataset specific configuration and not global 




/mnt/home/jcervino/Github/CoraCiteseer/PieClam/experiments/../trainer_directed.py:337:::  

In function train. 
2025-12-21 09:59:05 starting optimization of bigclam on citeseer (DIRECTED) on device cuda

 configs_dict: 
{
    "clamiter_init": {
        "dim_feat": 100,
        "dim_attr": 100,
        "s_reg": 0.0,
        "l1_reg": 1,
        "T": 1,
        "hidden_dim": 64,
        "num_coupling_blocks": 32,
        "num_layers_mlp": 2
    },
    "feat_opt": {
        "lr": 0.0001,
        "n_iter": 2000,
        "early_stop": 0
    }
}


/mnt/home/jcervino/Github/CoraCiteseer/PieClam/experiments/../clamiter_directed.py:440:::  
staring fit_feats for 2000 iterations


/mnt/home/jcervino/Github/CoraCiteseer/PieClam/experiments/../trainer_directed.py:444:::  



FINISHED train 
 last accuracies:
test
key='auc': 0.5810987859201677
val
auc: None




/mnt/home/jcervino/Github/CoraCiteseer/PieClam/experiments/../trainer_directed.py:460:::  

train_model_on_params on bigclam citeseer 
took 25.309226036071777 seconds


/mnt/home/jcervino/Github/CoraCiteseer/PieClam/experiments/optimization_utils_directed.py:663:::  
Repetition no. 2


/mnt/home/jcervino/Github/CoraCiteseer/PieClam/experiments/../trainer_directed.py:158:::  

Using dataset specific configuration and not global 




/mnt/home/jcervino/Github/CoraCiteseer/PieClam/experiments/../trainer_directed.py:337:::  

In function train. 
2025-12-21 09:59:30 starting optimization of bigclam on citeseer (DIRECTED) on device cuda

 configs_dict: 
{
    "clamiter_init": {
        "dim_feat": 100,
        "dim_attr": 100,
        "s_reg": 0.0,
        "l1_reg": 1,
        "T": 1,
        "hidden_dim": 64,
        "num_coupling_blocks": 32,
        "num_layers_mlp": 2
    },
    "feat_opt": {
        "lr": 0.0001,
        "n_iter": 2000,
        "early_stop": 0
    }
}


/mnt/home/jcervino/Github/CoraCiteseer/PieClam/experiments/../clamiter_directed.py:440:::  
staring fit_feats for 2000 iterations


/mnt/home/jcervino/Github/CoraCiteseer/PieClam/experiments/../trainer_directed.py:444:::  



FINISHED train 
 last accuracies:
test
key='auc': 0.6079168486330684
val
auc: None




/mnt/home/jcervino/Github/CoraCiteseer/PieClam/experiments/../trainer_directed.py:460:::  

train_model_on_params on bigclam citeseer 
took 29.802499532699585 seconds


/mnt/home/jcervino/Github/CoraCiteseer/PieClam/experiments/optimization_utils_directed.py:663:::  
Repetition no. 0


/mnt/home/jcervino/Github/CoraCiteseer/PieClam/experiments/../trainer_directed.py:158:::  

Using dataset specific configuration and not global 




/mnt/home/jcervino/Github/CoraCiteseer/PieClam/experiments/../trainer_directed.py:337:::  

In function train. 
2025-12-21 10:00:00 starting optimization of bigclam on citeseer (DIRECTED) on device cuda

 configs_dict: 
{
    "clamiter_init": {
        "dim_feat": 200,
        "dim_attr": 100,
        "s_reg": 0.0,
        "l1_reg": 1,
        "T": 1,
        "hidden_dim": 64,
        "num_coupling_blocks": 32,
        "num_layers_mlp": 2
    },
    "feat_opt": {
        "lr": 0.0001,
        "n_iter": 5000,
        "early_stop": 0
    }
}


/mnt/home/jcervino/Github/CoraCiteseer/PieClam/experiments/../clamiter_directed.py:440:::  
staring fit_feats for 5000 iterations


/mnt/home/jcervino/Github/CoraCiteseer/PieClam/experiments/../trainer_directed.py:444:::  



FINISHED train 
 last accuracies:
test
key='auc': 0.5910070748536991
val
auc: None




/mnt/home/jcervino/Github/CoraCiteseer/PieClam/experiments/../trainer_directed.py:460:::  

train_model_on_params on bigclam citeseer 
took 53.430474042892456 seconds


/mnt/home/jcervino/Github/CoraCiteseer/PieClam/experiments/optimization_utils_directed.py:663:::  
Repetition no. 1


/mnt/home/jcervino/Github/CoraCiteseer/PieClam/experiments/../trainer_directed.py:158:::  

Using dataset specific configuration and not global 




/mnt/home/jcervino/Github/CoraCiteseer/PieClam/experiments/../trainer_directed.py:337:::  

In function train. 
2025-12-21 10:00:54 starting optimization of bigclam on citeseer (DIRECTED) on device cuda

 configs_dict: 
{
    "clamiter_init": {
        "dim_feat": 200,
        "dim_attr": 100,
        "s_reg": 0.0,
        "l1_reg": 1,
        "T": 1,
        "hidden_dim": 64,
        "num_coupling_blocks": 32,
        "num_layers_mlp": 2
    },
    "feat_opt": {
        "lr": 0.0001,
        "n_iter": 5000,
        "early_stop": 0
    }
}


/mnt/home/jcervino/Github/CoraCiteseer/PieClam/experiments/../clamiter_directed.py:440:::  
staring fit_feats for 5000 iterations


/mnt/home/jcervino/Github/CoraCiteseer/PieClam/experiments/../trainer_directed.py:444:::  



FINISHED train 
 last accuracies:
test
key='auc': 0.5888968468861909
val
auc: None




/mnt/home/jcervino/Github/CoraCiteseer/PieClam/experiments/../trainer_directed.py:460:::  

train_model_on_params on bigclam citeseer 
took 87.99818420410156 seconds


/mnt/home/jcervino/Github/CoraCiteseer/PieClam/experiments/optimization_utils_directed.py:663:::  
Repetition no. 2


/mnt/home/jcervino/Github/CoraCiteseer/PieClam/experiments/../trainer_directed.py:158:::  

Using dataset specific configuration and not global 




/mnt/home/jcervino/Github/CoraCiteseer/PieClam/experiments/../trainer_directed.py:337:::  

In function train. 
2025-12-21 10:02:22 starting optimization of bigclam on citeseer (DIRECTED) on device cuda

 configs_dict: 
{
    "clamiter_init": {
        "dim_feat": 200,
        "dim_attr": 100,
        "s_reg": 0.0,
        "l1_reg": 1,
        "T": 1,
        "hidden_dim": 64,
        "num_coupling_blocks": 32,
        "num_layers_mlp": 2
    },
    "feat_opt": {
        "lr": 0.0001,
        "n_iter": 5000,
        "early_stop": 0
    }
}


/mnt/home/jcervino/Github/CoraCiteseer/PieClam/experiments/../clamiter_directed.py:440:::  
staring fit_feats for 5000 iterations


/mnt/home/jcervino/Github/CoraCiteseer/PieClam/experiments/../trainer_directed.py:444:::  



FINISHED train 
 last accuracies:
test
key='auc': 0.5806533321687484
val
auc: None




/mnt/home/jcervino/Github/CoraCiteseer/PieClam/experiments/../trainer_directed.py:460:::  

train_model_on_params on bigclam citeseer 
took 85.64421725273132 seconds


/mnt/home/jcervino/Github/CoraCiteseer/PieClam/experiments/optimization_utils_directed.py:663:::  
Repetition no. 0


/mnt/home/jcervino/Github/CoraCiteseer/PieClam/experiments/../trainer_directed.py:158:::  

Using dataset specific configuration and not global 




/mnt/home/jcervino/Github/CoraCiteseer/PieClam/experiments/../trainer_directed.py:337:::  

In function train. 
2025-12-21 10:03:48 starting optimization of bigclam on citeseer (DIRECTED) on device cuda

 configs_dict: 
{
    "clamiter_init": {
        "dim_feat": 48,
        "dim_attr": 100,
        "s_reg": 0.1,
        "l1_reg": 1,
        "T": 1,
        "hidden_dim": 64,
        "num_coupling_blocks": 32,
        "num_layers_mlp": 2
    },
    "feat_opt": {
        "lr": 0.0001,
        "n_iter": 2000,
        "early_stop": 0
    }
}


/mnt/home/jcervino/Github/CoraCiteseer/PieClam/experiments/../clamiter_directed.py:440:::  
staring fit_feats for 2000 iterations


/mnt/home/jcervino/Github/CoraCiteseer/PieClam/experiments/../trainer_directed.py:444:::  



FINISHED train 
 last accuracies:
test
key='auc': 0.5952799371124117
val
auc: None




/mnt/home/jcervino/Github/CoraCiteseer/PieClam/experiments/../trainer_directed.py:460:::  

train_model_on_params on bigclam citeseer 
took 35.18784022331238 seconds


/mnt/home/jcervino/Github/CoraCiteseer/PieClam/experiments/optimization_utils_directed.py:663:::  
Repetition no. 1


/mnt/home/jcervino/Github/CoraCiteseer/PieClam/experiments/../trainer_directed.py:158:::  

Using dataset specific configuration and not global 




/mnt/home/jcervino/Github/CoraCiteseer/PieClam/experiments/../trainer_directed.py:337:::  

In function train. 
2025-12-21 10:04:24 starting optimization of bigclam on citeseer (DIRECTED) on device cuda

 configs_dict: 
{
    "clamiter_init": {
        "dim_feat": 48,
        "dim_attr": 100,
        "s_reg": 0.1,
        "l1_reg": 1,
        "T": 1,
        "hidden_dim": 64,
        "num_coupling_blocks": 32,
        "num_layers_mlp": 2
    },
    "feat_opt": {
        "lr": 0.0001,
        "n_iter": 2000,
        "early_stop": 0
    }
}


/mnt/home/jcervino/Github/CoraCiteseer/PieClam/experiments/../clamiter_directed.py:440:::  
staring fit_feats for 2000 iterations


/mnt/home/jcervino/Github/CoraCiteseer/PieClam/experiments/../trainer_directed.py:444:::  



FINISHED train 
 last accuracies:
test
key='auc': 0.6027216350772993
val
auc: None




/mnt/home/jcervino/Github/CoraCiteseer/PieClam/experiments/../trainer_directed.py:460:::  

train_model_on_params on bigclam citeseer 
took 33.362653493881226 seconds


/mnt/home/jcervino/Github/CoraCiteseer/PieClam/experiments/optimization_utils_directed.py:663:::  
Repetition no. 2


/mnt/home/jcervino/Github/CoraCiteseer/PieClam/experiments/../trainer_directed.py:158:::  

Using dataset specific configuration and not global 




/mnt/home/jcervino/Github/CoraCiteseer/PieClam/experiments/../trainer_directed.py:337:::  

In function train. 
2025-12-21 10:04:57 starting optimization of bigclam on citeseer (DIRECTED) on device cuda

 configs_dict: 
{
    "clamiter_init": {
        "dim_feat": 48,
        "dim_attr": 100,
        "s_reg": 0.1,
        "l1_reg": 1,
        "T": 1,
        "hidden_dim": 64,
        "num_coupling_blocks": 32,
        "num_layers_mlp": 2
    },
    "feat_opt": {
        "lr": 0.0001,
        "n_iter": 2000,
        "early_stop": 0
    }
}


/mnt/home/jcervino/Github/CoraCiteseer/PieClam/experiments/../clamiter_directed.py:440:::  
staring fit_feats for 2000 iterations


/mnt/home/jcervino/Github/CoraCiteseer/PieClam/experiments/../trainer_directed.py:444:::  



FINISHED train 
 last accuracies:
test
key='auc': 0.5979124814394271
val
auc: None




/mnt/home/jcervino/Github/CoraCiteseer/PieClam/experiments/../trainer_directed.py:460:::  

train_model_on_params on bigclam citeseer 
took 33.80211567878723 seconds


/mnt/home/jcervino/Github/CoraCiteseer/PieClam/experiments/optimization_utils_directed.py:663:::  
Repetition no. 0


/mnt/home/jcervino/Github/CoraCiteseer/PieClam/experiments/../trainer_directed.py:158:::  

Using dataset specific configuration and not global 




/mnt/home/jcervino/Github/CoraCiteseer/PieClam/experiments/../trainer_directed.py:337:::  

In function train. 
2025-12-21 10:05:32 starting optimization of bigclam on citeseer (DIRECTED) on device cuda

 configs_dict: 
{
    "clamiter_init": {
        "dim_feat": 200,
        "dim_attr": 100,
        "s_reg": 0.1,
        "l1_reg": 1,
        "T": 1,
        "hidden_dim": 64,
        "num_coupling_blocks": 32,
        "num_layers_mlp": 2
    },
    "feat_opt": {
        "lr": 1e-05,
        "n_iter": 5000,
        "early_stop": 0
    }
}


/mnt/home/jcervino/Github/CoraCiteseer/PieClam/experiments/../clamiter_directed.py:440:::  
staring fit_feats for 5000 iterations


/mnt/home/jcervino/Github/CoraCiteseer/PieClam/experiments/../trainer_directed.py:444:::  



FINISHED train 
 last accuracies:
test
key='auc': 0.602333828281946
val
auc: None




/mnt/home/jcervino/Github/CoraCiteseer/PieClam/experiments/../trainer_directed.py:460:::  

train_model_on_params on bigclam citeseer 
took 88.72761011123657 seconds


/mnt/home/jcervino/Github/CoraCiteseer/PieClam/experiments/optimization_utils_directed.py:663:::  
Repetition no. 1


/mnt/home/jcervino/Github/CoraCiteseer/PieClam/experiments/../trainer_directed.py:158:::  

Using dataset specific configuration and not global 




/mnt/home/jcervino/Github/CoraCiteseer/PieClam/experiments/../trainer_directed.py:337:::  

In function train. 
2025-12-21 10:07:01 starting optimization of bigclam on citeseer (DIRECTED) on device cuda

 configs_dict: 
{
    "clamiter_init": {
        "dim_feat": 200,
        "dim_attr": 100,
        "s_reg": 0.1,
        "l1_reg": 1,
        "T": 1,
        "hidden_dim": 64,
        "num_coupling_blocks": 32,
        "num_layers_mlp": 2
    },
    "feat_opt": {
        "lr": 1e-05,
        "n_iter": 5000,
        "early_stop": 0
    }
}


/mnt/home/jcervino/Github/CoraCiteseer/PieClam/experiments/../clamiter_directed.py:440:::  
staring fit_feats for 5000 iterations


/mnt/home/jcervino/Github/CoraCiteseer/PieClam/experiments/../trainer_directed.py:444:::  



FINISHED train 
 last accuracies:
test
key='auc': 0.6137025067691502
val
auc: None




/mnt/home/jcervino/Github/CoraCiteseer/PieClam/experiments/../trainer_directed.py:460:::  

train_model_on_params on bigclam citeseer 
took 88.64245223999023 seconds


/mnt/home/jcervino/Github/CoraCiteseer/PieClam/experiments/optimization_utils_directed.py:663:::  
Repetition no. 2


/mnt/home/jcervino/Github/CoraCiteseer/PieClam/experiments/../trainer_directed.py:158:::  

Using dataset specific configuration and not global 




/mnt/home/jcervino/Github/CoraCiteseer/PieClam/experiments/../trainer_directed.py:337:::  

In function train. 
2025-12-21 10:08:30 starting optimization of bigclam on citeseer (DIRECTED) on device cuda

 configs_dict: 
{
    "clamiter_init": {
        "dim_feat": 200,
        "dim_attr": 100,
        "s_reg": 0.1,
        "l1_reg": 1,
        "T": 1,
        "hidden_dim": 64,
        "num_coupling_blocks": 32,
        "num_layers_mlp": 2
    },
    "feat_opt": {
        "lr": 1e-05,
        "n_iter": 5000,
        "early_stop": 0
    }
}


/mnt/home/jcervino/Github/CoraCiteseer/PieClam/experiments/../clamiter_directed.py:440:::  
staring fit_feats for 5000 iterations


/mnt/home/jcervino/Github/CoraCiteseer/PieClam/experiments/../trainer_directed.py:444:::  



FINISHED train 
 last accuracies:
test
key='auc': 0.6101668267971002
val
auc: None




/mnt/home/jcervino/Github/CoraCiteseer/PieClam/experiments/../trainer_directed.py:460:::  

train_model_on_params on bigclam citeseer 
took 88.71539163589478 seconds


/mnt/home/jcervino/Github/CoraCiteseer/PieClam/experiments/optimization_utils_directed.py:663:::  
Repetition no. 0


/mnt/home/jcervino/Github/CoraCiteseer/PieClam/experiments/../trainer_directed.py:158:::  

Using dataset specific configuration and not global 




/mnt/home/jcervino/Github/CoraCiteseer/PieClam/experiments/../trainer_directed.py:337:::  

In function train. 
2025-12-21 10:09:59 starting optimization of bigclam on citeseer (DIRECTED) on device cuda

 configs_dict: 
{
    "clamiter_init": {
        "dim_feat": 48,
        "dim_attr": 100,
        "s_reg": 0.1,
        "l1_reg": 1,
        "T": 1,
        "hidden_dim": 64,
        "num_coupling_blocks": 32,
        "num_layers_mlp": 2
    },
    "feat_opt": {
        "lr": 0.001,
        "n_iter": 7000,
        "early_stop": 0
    }
}


/mnt/home/jcervino/Github/CoraCiteseer/PieClam/experiments/../clamiter_directed.py:440:::  
staring fit_feats for 7000 iterations


/mnt/home/jcervino/Github/CoraCiteseer/PieClam/experiments/../trainer_directed.py:444:::  



FINISHED train 
 last accuracies:
test
key='auc': 0.5
val
auc: None




/mnt/home/jcervino/Github/CoraCiteseer/PieClam/experiments/../trainer_directed.py:460:::  

train_model_on_params on bigclam citeseer 
took 106.88726210594177 seconds


/mnt/home/jcervino/Github/CoraCiteseer/PieClam/experiments/optimization_utils_directed.py:663:::  
Repetition no. 1


/mnt/home/jcervino/Github/CoraCiteseer/PieClam/experiments/../trainer_directed.py:158:::  

Using dataset specific configuration and not global 




/mnt/home/jcervino/Github/CoraCiteseer/PieClam/experiments/../trainer_directed.py:337:::  

In function train. 
2025-12-21 10:11:46 starting optimization of bigclam on citeseer (DIRECTED) on device cuda

 configs_dict: 
{
    "clamiter_init": {
        "dim_feat": 48,
        "dim_attr": 100,
        "s_reg": 0.1,
        "l1_reg": 1,
        "T": 1,
        "hidden_dim": 64,
        "num_coupling_blocks": 32,
        "num_layers_mlp": 2
    },
    "feat_opt": {
        "lr": 0.001,
        "n_iter": 7000,
        "early_stop": 0
    }
}


/mnt/home/jcervino/Github/CoraCiteseer/PieClam/experiments/../clamiter_directed.py:440:::  
staring fit_feats for 7000 iterations


/mnt/home/jcervino/Github/CoraCiteseer/PieClam/experiments/../trainer_directed.py:444:::  



FINISHED train 
 last accuracies:
test
key='auc': 0.5
val
auc: None




/mnt/home/jcervino/Github/CoraCiteseer/PieClam/experiments/../trainer_directed.py:460:::  

train_model_on_params on bigclam citeseer 
took 75.3023431301117 seconds


/mnt/home/jcervino/Github/CoraCiteseer/PieClam/experiments/optimization_utils_directed.py:663:::  
Repetition no. 2


/mnt/home/jcervino/Github/CoraCiteseer/PieClam/experiments/../trainer_directed.py:158:::  

Using dataset specific configuration and not global 




/mnt/home/jcervino/Github/CoraCiteseer/PieClam/experiments/../trainer_directed.py:337:::  

In function train. 
2025-12-21 10:13:02 starting optimization of bigclam on citeseer (DIRECTED) on device cuda

 configs_dict: 
{
    "clamiter_init": {
        "dim_feat": 48,
        "dim_attr": 100,
        "s_reg": 0.1,
        "l1_reg": 1,
        "T": 1,
        "hidden_dim": 64,
        "num_coupling_blocks": 32,
        "num_layers_mlp": 2
    },
    "feat_opt": {
        "lr": 0.001,
        "n_iter": 7000,
        "early_stop": 0
    }
}


/mnt/home/jcervino/Github/CoraCiteseer/PieClam/experiments/../clamiter_directed.py:440:::  
staring fit_feats for 7000 iterations
slurmstepd: error: *** JOB 4641210 ON node1 CANCELLED AT 2025-12-21T10:13:11 DUE TO TIME LIMIT ***
